Gfx ccm_dl__0_rgba16_aligner[] = {gsSPEndDisplayList()};
u8 ccm_dl__0_rgba16[] = {
	0xef, 0x7b, 0xef, 0x7b, 0xef, 0x7b, 0xef, 0x7b, 
	0xef, 0x7b, 0xc6, 0xb5, 0xc6, 0xb5, 0xce, 0xf7, 
	0xe7, 0x39, 0xe7, 0x39, 0xe7, 0x39, 0xe7, 0x7b, 
	0xef, 0x7b, 0xef, 0x7b, 0xef, 0x7b, 0xef, 0x7b, 
	0xef, 0x7b, 0xef, 0x7b, 0xef, 0x7b, 0xef, 0x7b, 
	0xef, 0x7b, 0xef, 0x7b, 0xef, 0x7b, 0xef, 0x7b, 
	0xef, 0x7b, 0xef, 0x7b, 0xef, 0x7b, 0xef, 0x7b, 
	0xde, 0xf7, 0xb6, 0x31, 0xef, 0x7b, 0xef, 0x7b, 
	0xef, 0x7b, 0xef, 0x7b, 0xef, 0x7b, 0xef, 0x7b, 
	0xef, 0x7b, 0xef, 0x7b, 0xef, 0x7b, 0xef, 0x7b, 
	0xef, 0x7b, 0xef, 0x7b, 0xef, 0x7b, 0xef, 0x7b, 
	0xef, 0x7b, 0xef, 0x7b, 0xef, 0x7b, 0xef, 0x7b, 
	0xef, 0x7b, 0xef, 0x7b, 0xef, 0x7b, 0xef, 0x7b, 
	0xef, 0x7b, 0xef, 0x7b, 0xef, 0x7b, 0xef, 0x7b, 
	0xef, 0x7b, 0xef, 0x7b, 0xef, 0x7b, 0xef, 0x7b, 
	0xef, 0x7b, 0xef, 0x7b, 0xef, 0x7b, 0xef, 0x7b, 
	0xef, 0x7b, 0xef, 0x7b, 0xef, 0x7b, 0xce, 0xf7, 
	0xb6, 0x31, 0xe7, 0x39, 0xef, 0x7b, 0xe7, 0x7b, 
	0xe7, 0x39, 0xe7, 0x39, 0xe7, 0x39, 0xef, 0x7b, 
	0xef, 0x7b, 0xef, 0x7b, 0xef, 0x7b, 0xef, 0x7b, 
	0xef, 0x7b, 0xef, 0x7b, 0xef, 0x7b, 0xef, 0x7b, 
	0xef, 0x7b, 0xef, 0x7b, 0xef, 0x7b, 0xef, 0x7b, 
	0xef, 0x7b, 0xef, 0x7b, 0xef, 0x7b, 0xef, 0x7b, 
	0xef, 0x7b, 0xc6, 0xb5, 0xe7, 0x39, 0xef, 0x7b, 
	0xef, 0x7b, 0xef, 0x7b, 0xef, 0x7b, 0xef, 0x7b, 
	0xef, 0x7b, 0xef, 0x7b, 0xef, 0x7b, 0xef, 0x7b, 
	0xef, 0x7b, 0xef, 0x7b, 0xef, 0x7b, 0xef, 0x7b, 
	0xef, 0x7b, 0xef, 0x7b, 0xef, 0x7b, 0xef, 0x7b, 
	0xef, 0x7b, 0xef, 0x7b, 0xef, 0x7b, 0xef, 0x7b, 
	0xef, 0x7b, 0xef, 0x7b, 0xef, 0x7b, 0xef, 0x7b, 
	0xef, 0x7b, 0xef, 0x7b, 0xef, 0x7b, 0xef, 0x7b, 
	0xef, 0x7b, 0xef, 0x7b, 0xef, 0x7b, 0xef, 0x7b, 
	0xef, 0x7b, 0xef, 0x7b, 0xe7, 0x39, 0x95, 0x6b, 
	0x8d, 0x29, 0xd6, 0xf7, 0xef, 0x7b, 0xef, 0x7b, 
	0xe7, 0x39, 0xde, 0xf7, 0xe7, 0x39, 0xef, 0x7b, 
	0xef, 0x7b, 0xef, 0x7b, 0xef, 0x7b, 0xef, 0x7b, 
	0xef, 0x7b, 0xef, 0x7b, 0xef, 0x7b, 0xef, 0x7b, 
	0xef, 0x7b, 0xef, 0x7b, 0xef, 0x7b, 0xef, 0x7b, 
	0xef, 0x7b, 0xef, 0x7b, 0xef, 0x7b, 0xef, 0x7b, 
	0xef, 0x7b, 0xef, 0x7b, 0xd6, 0xf7, 0xef, 0x7b, 
	0xef, 0x7b, 0xef, 0x7b, 0xef, 0x7b, 0xef, 0x7b, 
	0xef, 0x7b, 0xef, 0x7b, 0xef, 0x7b, 0xef, 0x7b, 
	0xef, 0x7b, 0xef, 0x7b, 0xef, 0x7b, 0xef, 0x7b, 
	0xef, 0x7b, 0xef, 0x7b, 0xef, 0x7b, 0xef, 0x7b, 
	0xef, 0x7b, 0xef, 0x7b, 0xef, 0x7b, 0xef, 0x7b, 
	0xef, 0x7b, 0xef, 0x7b, 0xef, 0x7b, 0xef, 0x7b, 
	0xef, 0x7b, 0xef, 0x7b, 0xef, 0x7b, 0xef, 0x7b, 
	0xef, 0x7b, 0xef, 0x7b, 0xef, 0x7b, 0xef, 0x7b, 
	0xef, 0x7b, 0xef, 0x7b, 0xc6, 0xb5, 0x8d, 0x29, 
	0x95, 0x6b, 0xe7, 0x39, 0xef, 0x7b, 0xe7, 0x39, 
	0xe7, 0x39, 0xe7, 0x7b, 0xef, 0x7b, 0xef, 0x7b, 
	0xef, 0x7b, 0xef, 0x7b, 0xef, 0x7b, 0xef, 0x7b, 
	0xef, 0x7b, 0xef, 0x7b, 0xef, 0x7b, 0xef, 0x7b, 
	0xef, 0x7b, 0xef, 0x7b, 0xef, 0x7b, 0xef, 0x7b, 
	0xef, 0x7b, 0xef, 0x7b, 0xef, 0x7b, 0xef, 0x7b, 
	0xef, 0x7b, 0xef, 0x7b, 0xef, 0x7b, 0xdf, 0x39, 
	0xef, 0x7b, 0xef, 0x7b, 0xef, 0x7b, 0xef, 0x7b, 
	0xef, 0x7b, 0xef, 0x7b, 0xef, 0x7b, 0xef, 0x7b, 
	0xef, 0x7b, 0xef, 0x7b, 0xef, 0x7b, 0xef, 0x7b, 
	0xef, 0x7b, 0xef, 0x7b, 0xef, 0x7b, 0xef, 0x7b, 
	0xef, 0x7b, 0xef, 0x7b, 0xef, 0x7b, 0xef, 0x7b, 
	0xef, 0x7b, 0xef, 0x7b, 0xef, 0x7b, 0xef, 0x7b, 
	0xef, 0x7b, 0xef, 0x7b, 0xef, 0x7b, 0xef, 0x7b, 
	0xef, 0x7b, 0xef, 0x7b, 0xef, 0x7b, 0xef, 0x7b, 
	0xef, 0x7b, 0xe7, 0x39, 0xc6, 0xb5, 0xc6, 0xb5, 
	0xe7, 0x39, 0xef, 0x7b, 0xef, 0x7b, 0xe7, 0x39, 
	0xef, 0x7b, 0xef, 0x7b, 0xef, 0x7b, 0xef, 0x7b, 
	0xef, 0x7b, 0xef, 0x7b, 0xef, 0x7b, 0xef, 0x7b, 
	0xef, 0x7b, 0xef, 0x7b, 0xef, 0x7b, 0xef, 0x7b, 
	0xef, 0x7b, 0xef, 0x7b, 0xef, 0x7b, 0xef, 0x7b, 
	0xef, 0x7b, 0xef, 0x7b, 0xef, 0x7b, 0xef, 0x7b, 
	0xef, 0x7b, 0xef, 0x7b, 0xef, 0x7b, 0xe7, 0x39, 
	0xef, 0x7b, 0xef, 0x7b, 0xef, 0x7b, 0xef, 0x7b, 
	0xef, 0x7b, 0xef, 0x7b, 0xef, 0x7b, 0xef, 0x7b, 
	0xef, 0x7b, 0xef, 0x7b, 0xef, 0x7b, 0xef, 0x7b, 
	0xef, 0x7b, 0xef, 0x7b, 0xef, 0x7b, 0xef, 0x7b, 
	0xef, 0x7b, 0xef, 0x7b, 0xef, 0x7b, 0xef, 0x7b, 
	0xef, 0x7b, 0xef, 0x7b, 0xef, 0x7b, 0xef, 0x7b, 
	0xef, 0x7b, 0xef, 0x7b, 0xef, 0x7b, 0xef, 0x7b, 
	0xef, 0x7b, 0xef, 0x7b, 0xef, 0x7b, 0xef, 0x7b, 
	0xb6, 0x31, 0x8d, 0x29, 0x95, 0x6b, 0xd6, 0xb5, 
	0xef, 0x7b, 0xef, 0x7b, 0xef, 0x7b, 0xe7, 0x39, 
	0xef, 0x7b, 0xef, 0x7b, 0xef, 0x7b, 0xef, 0x7b, 
	0xef, 0x7b, 0xef, 0x7b, 0xef, 0x7b, 0xef, 0x7b, 
	0xef, 0x7b, 0xef, 0x7b, 0xef, 0x7b, 0xef, 0x7b, 
	0xef, 0x7b, 0xef, 0x7b, 0xef, 0x7b, 0xef, 0x7b, 
	0xef, 0x7b, 0xef, 0x7b, 0xef, 0x7b, 0xef, 0x7b, 
	0xef, 0x7b, 0xef, 0x7b, 0xef, 0x7b, 0xef, 0x7b, 
	0xef, 0x7b, 0xef, 0x7b, 0xef, 0x7b, 0xef, 0x7b, 
	0xef, 0x7b, 0xef, 0x7b, 0xef, 0x7b, 0xef, 0x7b, 
	0xef, 0x7b, 0xef, 0x7b, 0xef, 0x7b, 0xef, 0x7b, 
	0xef, 0x7b, 0xef, 0x7b, 0xef, 0x7b, 0xef, 0x7b, 
	0xef, 0x7b, 0xef, 0x7b, 0xef, 0x7b, 0xef, 0x7b, 
	0xef, 0x7b, 0xef, 0x7b, 0xef, 0x7b, 0xef, 0x7b, 
	0xef, 0x7b, 0xef, 0x7b, 0xef, 0x7b, 0xef, 0x7b, 
	0xef, 0x7b, 0xef, 0x7b, 0xef, 0x7b, 0xef, 0x7b, 
	0x9d, 0xad, 0x54, 0x21, 0x43, 0xdf, 0x84, 0xa5, 
	0xb5, 0xef, 0xe6, 0xf7, 0xe6, 0xf7, 0xef, 0x7b, 
	0xef, 0x7b, 0xef, 0x7b, 0xef, 0x7b, 0xef, 0x7b, 
	0xef, 0x7b, 0xef, 0x7b, 0xef, 0x7b, 0xef, 0x7b, 
	0xef, 0x7b, 0xef, 0x7b, 0xef, 0x7b, 0xef, 0x7b, 
	0xef, 0x7b, 0xef, 0x7b, 0xef, 0x7b, 0xef, 0x7b, 
	0xef, 0x7b, 0xef, 0x7b, 0xef, 0x7b, 0xef, 0x7b, 
	0xef, 0x7b, 0xef, 0x7b, 0xef, 0x7b, 0xef, 0x7b, 
	0xef, 0x7b, 0xef, 0x7b, 0xef, 0x7b, 0xef, 0x7b, 
	0xef, 0x7b, 0xef, 0x7b, 0xef, 0x7b, 0xef, 0x7b, 
	0xef, 0x7b, 0xef, 0x7b, 0xef, 0x7b, 0xef, 0x7b, 
	0xef, 0x7b, 0xef, 0x7b, 0xef, 0x7b, 0xef, 0x7b, 
	0xef, 0x7b, 0xef, 0x7b, 0xef, 0x7b, 0xef, 0x7b, 
	0xef, 0x7b, 0xef, 0x7b, 0xef, 0x7b, 0xef, 0x7b, 
	0xef, 0x7b, 0xef, 0x7b, 0xef, 0x7b, 0xef, 0x7b, 
	0xef, 0x7b, 0xef, 0x7b, 0xef, 0x7b, 0xef, 0x7b, 
	0xa5, 0xef, 0x54, 0x21, 0x2a, 0xd7, 0x2a, 0x95, 
	0x64, 0x21, 0xa5, 0x29, 0xd6, 0x73, 0xe7, 0x39, 
	0xef, 0x7b, 0xef, 0x7b, 0xef, 0x7b, 0xef, 0x7b, 
	0xef, 0x7b, 0xef, 0x7b, 0xef, 0x7b, 0xef, 0x7b, 
	0xef, 0x7b, 0xef, 0x7b, 0xef, 0x7b, 0xef, 0x7b, 
	0xef, 0x7b, 0xef, 0x7b, 0xef, 0x7b, 0xef, 0x7b, 
	0xef, 0x7b, 0xef, 0x7b, 0xef, 0x7b, 0xef, 0x7b, 
	0xef, 0x7b, 0xef, 0x7b, 0xef, 0x7b, 0xef, 0x7b, 
	0xef, 0x7b, 0xef, 0x7b, 0xef, 0x7b, 0xef, 0x7b, 
	0xef, 0x7b, 0xef, 0x7b, 0xef, 0x7b, 0xef, 0x7b, 
	0xef, 0x7b, 0xef, 0x7b, 0xef, 0x7b, 0xef, 0x7b, 
	0xef, 0x7b, 0xef, 0x7b, 0xef, 0x7b, 0xef, 0x7b, 
	0xef, 0x7b, 0xef, 0x7b, 0xef, 0x7b, 0xef, 0x7b, 
	0xef, 0x7b, 0xef, 0x7b, 0xef, 0x7b, 0xef, 0x7b, 
	0xef, 0x7b, 0xef, 0x7b, 0xef, 0x7b, 0xef, 0x7b, 
	0xef, 0x7b, 0xef, 0x7b, 0xef, 0x7b, 0xef, 0x7b, 
	0xe7, 0x39, 0x8d, 0x29, 0x3b, 0x5b, 0x22, 0x11, 
	0x4b, 0x19, 0x8c, 0xa5, 0xce, 0x31, 0xd6, 0x73, 
	0xef, 0x7b, 0xef, 0x7b, 0xef, 0x7b, 0xef, 0x7b, 
	0xef, 0x7b, 0xef, 0x7b, 0xef, 0x7b, 0xef, 0x7b, 
	0xef, 0x7b, 0xef, 0x7b, 0xef, 0x7b, 0xef, 0x7b, 
	0xef, 0x7b, 0xef, 0x7b, 0xe7, 0x39, 0xef, 0x7b, 
	0xef, 0x7b, 0xef, 0x7b, 0xef, 0x7b, 0xef, 0x7b, 
	0xef, 0x7b, 0xef, 0x7b, 0xef, 0x7b, 0xef, 0x7b, 
	0xef, 0x7b, 0xef, 0x7b, 0xef, 0x7b, 0xef, 0x7b, 
	0xef, 0x7b, 0xef, 0x7b, 0xef, 0x7b, 0xef, 0x7b, 
	0xef, 0x7b, 0xef, 0x7b, 0xef, 0x7b, 0xef, 0x7b, 
	0xef, 0x7b, 0xef, 0x7b, 0xef, 0x7b, 0xef, 0x7b, 
	0xef, 0x7b, 0xef, 0x7b, 0xef, 0x7b, 0xef, 0x7b, 
	0xef, 0x7b, 0xef, 0x7b, 0xef, 0x7b, 0xef, 0x7b, 
	0xef, 0x7b, 0xef, 0x7b, 0xef, 0x7b, 0xef, 0x7b, 
	0xef, 0x7b, 0xef, 0x7b, 0xef, 0x7b, 0xef, 0x7b, 
	0xef, 0x7b, 0xad, 0xef, 0x64, 0x63, 0x4b, 0x5b, 
	0x7c, 0x63, 0xbd, 0xef, 0xee, 0xf7, 0xde, 0x73, 
	0xd6, 0xb5, 0xef, 0x7b, 0xef, 0x7b, 0xef, 0x7b, 
	0xef, 0x7b, 0xef, 0x7b, 0xef, 0x7b, 0xef, 0x7b, 
	0xef, 0x7b, 0xef, 0x7b, 0xef, 0x7b, 0xef, 0x7b, 
	0xef, 0x7b, 0xef, 0x7b, 0xef, 0x7b, 0xef, 0x7b, 
	0xef, 0x7b, 0xef, 0x7b, 0xef, 0x7b, 0xef, 0x7b, 
	0xef, 0x7b, 0xef, 0x7b, 0xef, 0x7b, 0xef, 0x7b, 
	0xef, 0x7b, 0xef, 0x7b, 0xef, 0x7b, 0xef, 0x7b, 
	0xef, 0x7b, 0xef, 0x7b, 0xef, 0x7b, 0xef, 0x7b, 
	0xef, 0x7b, 0xef, 0x7b, 0xef, 0x7b, 0xef, 0x7b, 
	0xef, 0x7b, 0xef, 0x7b, 0xef, 0x7b, 0xef, 0x7b, 
	0xef, 0x7b, 0xef, 0x7b, 0xef, 0x7b, 0xef, 0x7b, 
	0xef, 0x7b, 0xef, 0x7b, 0xef, 0x7b, 0xef, 0x7b, 
	0xef, 0x7b, 0xef, 0x7b, 0xef, 0x7b, 0xef, 0x7b, 
	0xef, 0x7b, 0xef, 0x7b, 0xef, 0x7b, 0xef, 0x7b, 
	0xef, 0x7b, 0x9d, 0x6b, 0x7c, 0x63, 0x8c, 0xa5, 
	0xc5, 0xef, 0xef, 0x39, 0xef, 0x7b, 0xef, 0x7b, 
	0xe6, 0xf7, 0xd6, 0xb5, 0xef, 0x7b, 0xef, 0x7b, 
	0xef, 0x7b, 0xef, 0x7b, 0xef, 0x7b, 0xef, 0x7b, 
	0xef, 0x7b, 0xef, 0x7b, 0xef, 0x7b, 0xef, 0x7b, 
	0xef, 0x7b, 0xef, 0x7b, 0xef, 0x7b, 0xef, 0x7b, 
	0xef, 0x7b, 0xef, 0x7b, 0xef, 0x7b, 0xef, 0x7b, 
	0xef, 0x7b, 0xef, 0x7b, 0xef, 0x7b, 0xef, 0x7b, 
	0xef, 0x7b, 0xef, 0x7b, 0xef, 0x7b, 0xef, 0x7b, 
	0xef, 0x7b, 0xef, 0x7b, 0xef, 0x7b, 0xef, 0x7b, 
	0xef, 0x7b, 0xef, 0x7b, 0xef, 0x7b, 0xef, 0x7b, 
	0xef, 0x7b, 0xef, 0x7b, 0xef, 0x7b, 0xef, 0x7b, 
	0xef, 0x7b, 0xef, 0x7b, 0xef, 0x7b, 0xef, 0x7b, 
	0xef, 0x7b, 0xef, 0x7b, 0xef, 0x7b, 0xef, 0x7b, 
	0xef, 0x7b, 0xef, 0x7b, 0xef, 0x7b, 0xef, 0x7b, 
	0xef, 0x7b, 0xef, 0x7b, 0xef, 0x7b, 0xef, 0x7b, 
	0xef, 0x7b, 0xa5, 0xad, 0x95, 0x29, 0xc6, 0x31, 
	0xef, 0x7b, 0xef, 0x7b, 0xef, 0x7b, 0xef, 0x7b, 
	0xef, 0x39, 0xce, 0x73, 0xd6, 0xf7, 0xef, 0x7b, 
	0xef, 0x7b, 0xef, 0x7b, 0xef, 0x7b, 0xef, 0x7b, 
	0xef, 0x7b, 0xef, 0x7b, 0xef, 0x7b, 0xef, 0x7b, 
	0xef, 0x7b, 0xef, 0x7b, 0xef, 0x7b, 0xef, 0x7b, 
	0xef, 0x7b, 0xef, 0x7b, 0xef, 0x7b, 0xef, 0x7b, 
	0xef, 0x7b, 0xef, 0x7b, 0xef, 0x7b, 0xef, 0x7b, 
	0xef, 0x7b, 0xef, 0x7b, 0xef, 0x7b, 0xef, 0x7b, 
	0xef, 0x7b, 0xef, 0x7b, 0xef, 0x7b, 0xef, 0x7b, 
	0xef, 0x7b, 0xef, 0x7b, 0xef, 0x7b, 0xef, 0x7b, 
	0xef, 0x7b, 0xef, 0x7b, 0xef, 0x7b, 0xef, 0x7b, 
	0xef, 0x7b, 0xef, 0x7b, 0xef, 0x7b, 0xef, 0x7b, 
	0xef, 0x7b, 0xef, 0x7b, 0xef, 0x7b, 0xef, 0x7b, 
	0xef, 0x7b, 0xef, 0x7b, 0xef, 0x7b, 0xef, 0x7b, 
	0xef, 0x7b, 0xef, 0x7b, 0xef, 0x7b, 0xef, 0x7b, 
	0xef, 0x7b, 0xde, 0xf7, 0xc6, 0x73, 0xe7, 0x39, 
	0xef, 0x7b, 0xef, 0x7b, 0xef, 0x7b, 0xd6, 0xb5, 
	0xad, 0x6b, 0xad, 0xad, 0xbe, 0x31, 0xd6, 0xb5, 
	0xef, 0x7b, 0xef, 0x7b, 0xef, 0x7b, 0xef, 0x7b, 
	0xef, 0x7b, 0xef, 0x7b, 0xef, 0x7b, 0xef, 0x7b, 
	0xef, 0x7b, 0xef, 0x7b, 0xef, 0x7b, 0xef, 0x7b, 
	0xef, 0x7b, 0xef, 0x7b, 0xef, 0x7b, 0xef, 0x7b, 
	0xef, 0x7b, 0xef, 0x7b, 0xef, 0x7b, 0xef, 0x7b, 
	0xef, 0x7b, 0xef, 0x7b, 0xef, 0x7b, 0xef, 0x7b, 
	0xef, 0x7b, 0xef, 0x7b, 0xef, 0x7b, 0xef, 0x7b, 
	0xef, 0x7b, 0xef, 0x7b, 0xef, 0x7b, 0xef, 0x7b, 
	0xef, 0x7b, 0xef, 0x7b, 0xef, 0x7b, 0xef, 0x7b, 
	0xef, 0x7b, 0xef, 0x7b, 0xef, 0x7b, 0xef, 0x7b, 
	0xef, 0x7b, 0xef, 0x7b, 0xef, 0x7b, 0xef, 0x7b, 
	0xef, 0x7b, 0xef, 0x7b, 0xef, 0x7b, 0xef, 0x7b, 
	0xef, 0x7b, 0xef, 0x7b, 0xef, 0x7b, 0xef, 0x7b, 
	0xef, 0x7b, 0xef, 0x7b, 0xdf, 0x39, 0xef, 0x7b, 
	0xef, 0x7b, 0xef, 0x7b, 0xef, 0x7b, 0xa5, 0x6b, 
	0x84, 0xa5, 0x8c, 0xe7, 0xc6, 0x73, 0xc6, 0xb5, 
	0xce, 0xb5, 0xde, 0xf7, 0xef, 0x7b, 0xef, 0x7b, 
	0xef, 0x7b, 0xef, 0x7b, 0xef, 0x7b, 0xef, 0x7b, 
	0xef, 0x7b, 0xef, 0x7b, 0xef, 0x7b, 0xef, 0x7b, 
	0xef, 0x7b, 0xef, 0x7b, 0xef, 0x7b, 0xef, 0x7b, 
	0xef, 0x7b, 0xef, 0x7b, 0xef, 0x7b, 0xef, 0x7b, 
	0xef, 0x7b, 0xef, 0x7b, 0xef, 0x7b, 0xef, 0x7b, 
	0xef, 0x7b, 0xef, 0x7b, 0xef, 0x7b, 0xef, 0x7b, 
	0xef, 0x7b, 0xef, 0x7b, 0xef, 0x7b, 0xef, 0x7b, 
	0xef, 0x7b, 0xef, 0x7b, 0xef, 0x7b, 0xef, 0x7b, 
	0xef, 0x7b, 0xef, 0x7b, 0xef, 0x7b, 0xef, 0x7b, 
	0xef, 0x7b, 0xef, 0x7b, 0xef, 0x7b, 0xef, 0x7b, 
	0xef, 0x7b, 0xef, 0x7b, 0xef, 0x7b, 0xef, 0x7b, 
	0xef, 0x7b, 0xef, 0x7b, 0xef, 0x7b, 0xef, 0x7b, 
	0xef, 0x7b, 0xef, 0x7b, 0xef, 0x7b, 0xef, 0x7b, 
	0xef, 0x7b, 0xef, 0x7b, 0xe7, 0x39, 0xa5, 0xad, 
	0x8d, 0x29, 0xad, 0xef, 0xe7, 0x7b, 0xde, 0xf7, 
	0xc6, 0x73, 0xbe, 0x73, 0xc6, 0x73, 0xe7, 0x39, 
	0xef, 0x7b, 0xef, 0x7b, 0xef, 0x7b, 0xef, 0x7b, 
	0xef, 0x7b, 0xef, 0x7b, 0xef, 0x7b, 0xef, 0x7b, 
	0xef, 0x7b, 0xef, 0x7b, 0xef, 0x7b, 0xef, 0x7b, 
	0xef, 0x7b, 0xef, 0x7b, 0xef, 0x7b, 0xef, 0x7b, 
	0xef, 0x7b, 0xef, 0x7b, 0xef, 0x7b, 0xef, 0x7b, 
	0xef, 0x7b, 0xef, 0x7b, 0xef, 0x7b, 0xef, 0x7b, 
	0xef, 0x7b, 0xef, 0x7b, 0xef, 0x7b, 0xef, 0x7b, 
	0xef, 0x7b, 0xef, 0x7b, 0xef, 0x7b, 0xef, 0x7b, 
	0xef, 0x7b, 0xef, 0x7b, 0xef, 0x7b, 0xef, 0x7b, 
	0xef, 0x7b, 0xef, 0x7b, 0xef, 0x7b, 0xef, 0x7b, 
	0xef, 0x7b, 0xef, 0x7b, 0xef, 0x7b, 0xef, 0x7b, 
	0xef, 0x7b, 0xef, 0x7b, 0xef, 0x7b, 0xef, 0x7b, 
	0xc6, 0xb5, 0xef, 0x7b, 0xef, 0x7b, 0xef, 0x7b, 
	0xef, 0x7b, 0xef, 0x7b, 0xc6, 0xb5, 0xc6, 0xb5, 
	0xe7, 0x39, 0xef, 0x7b, 0xef, 0x7b, 0xe7, 0x7b, 
	0xc6, 0xb5, 0xb6, 0x31, 0xc6, 0xb5, 0xdf, 0x39, 
	0xef, 0x7b, 0xef, 0x7b, 0xef, 0x7b, 0xef, 0x7b, 
	0xef, 0x7b, 0xef, 0x7b, 0xef, 0x7b, 0xef, 0x7b, 
	0xef, 0x7b, 0xef, 0x7b, 0xef, 0x7b, 0xef, 0x7b, 
	0xef, 0x7b, 0xe7, 0x7b, 0xdf, 0x39, 0xe7, 0x39, 
	0xef, 0x7b, 0xef, 0x7b, 0xef, 0x7b, 0xef, 0x7b, 
	0xef, 0x7b, 0xef, 0x7b, 0xef, 0x7b, 0xef, 0x7b, 
	0xef, 0x7b, 0xef, 0x7b, 0xef, 0x7b, 0xef, 0x7b, 
	0xef, 0x7b, 0xef, 0x7b, 0xef, 0x7b, 0xef, 0x7b, 
	0xef, 0x7b, 0xef, 0x7b, 0xef, 0x7b, 0xef, 0x7b, 
	0xef, 0x7b, 0xef, 0x7b, 0xef, 0x7b, 0xef, 0x7b, 
	0xef, 0x7b, 0xef, 0x7b, 0xef, 0x7b, 0xef, 0x7b, 
	0xef, 0x7b, 0xef, 0x7b, 0xef, 0x7b, 0xef, 0x7b, 
	0xef, 0x7b, 0xe7, 0x39, 0xe7, 0x39, 0xe7, 0x39, 
	0xc6, 0xb5, 0x95, 0x6b, 0x8d, 0x29, 0xce, 0xf7, 
	0xef, 0x7b, 0xef, 0x7b, 0xef, 0x7b, 0xe7, 0x39, 
	0x9d, 0xad, 0xa5, 0xef, 0xe7, 0x39, 0xe7, 0x7b, 
	0xef, 0x7b, 0xef, 0x7b, 0xef, 0x7b, 0xef, 0x7b, 
	0xef, 0x7b, 0xef, 0x7b, 0xef, 0x7b, 0xef, 0x7b, 
	0xef, 0x7b, 0xef, 0x7b, 0xef, 0x7b, 0xef, 0x7b, 
	0xef, 0x7b, 0xdf, 0x39, 0xef, 0x7b, 0xef, 0x7b, 
	0xef, 0x7b, 0xef, 0x7b, 0xef, 0x7b, 0xef, 0x7b, 
	0xef, 0x7b, 0xef, 0x7b, 0xef, 0x7b, 0xef, 0x7b, 
	0xef, 0x7b, 0xef, 0x7b, 0xef, 0x7b, 0xef, 0x7b, 
	0xef, 0x7b, 0xef, 0x7b, 0xef, 0x7b, 0xef, 0x7b, 
	0xef, 0x7b, 0xef, 0x7b, 0xef, 0x7b, 0xef, 0x7b, 
	0xef, 0x7b, 0xef, 0x7b, 0xef, 0x7b, 0xef, 0x7b, 
	0xef, 0x7b, 0xef, 0x7b, 0xef, 0x7b, 0xef, 0x7b, 
	0xef, 0x7b, 0xef, 0x7b, 0xef, 0x7b, 0xef, 0x7b, 
	0xef, 0x7b, 0xce, 0xb5, 0x9d, 0xad, 0x84, 0xe7, 
	0x5c, 0x63, 0x3b, 0x9d, 0x5c, 0x63, 0xbe, 0x31, 
	0xef, 0x7b, 0xef, 0x7b, 0xe7, 0x39, 0x8d, 0x29, 
	0x5c, 0x63, 0x84, 0xe7, 0xce, 0xf7, 0xe7, 0x39, 
	0xef, 0x7b, 0xef, 0x7b, 0xef, 0x7b, 0xef, 0x7b, 
	0xef, 0x7b, 0xef, 0x7b, 0xef, 0x7b, 0xef, 0x7b, 
	0xef, 0x7b, 0xef, 0x7b, 0xef, 0x7b, 0xef, 0x7b, 
	0xef, 0x7b, 0xef, 0x7b, 0xef, 0x7b, 0xef, 0x7b, 
	0xef, 0x7b, 0xef, 0x7b, 0xef, 0x7b, 0xef, 0x7b, 
	0xef, 0x7b, 0xef, 0x7b, 0xef, 0x7b, 0xef, 0x7b, 
	0xef, 0x7b, 0xef, 0x7b, 0xef, 0x7b, 0xef, 0x7b, 
	0xef, 0x7b, 0xef, 0x7b, 0xef, 0x7b, 0xef, 0x7b, 
	0xef, 0x7b, 0xef, 0x7b, 0xef, 0x7b, 0xef, 0x7b, 
	0xef, 0x7b, 0xef, 0x7b, 0xef, 0x7b, 0xef, 0x7b, 
	0xef, 0x7b, 0xef, 0x7b, 0xef, 0x7b, 0xef, 0x7b, 
	0xef, 0x7b, 0xef, 0x7b, 0xef, 0x7b, 0xef, 0x7b, 
	0x95, 0x6b, 0x95, 0xad, 0x84, 0xa5, 0x4b, 0x9d, 
	0x2a, 0x95, 0x2a, 0x53, 0x53, 0xdf, 0xad, 0xef, 
	0xef, 0x7b, 0xef, 0x7b, 0x95, 0x6b, 0x3b, 0x9d, 
	0x1a, 0x53, 0x43, 0x9d, 0x95, 0x6b, 0xce, 0xb5, 
	0xef, 0x7b, 0xef, 0x7b, 0xef, 0x7b, 0xef, 0x7b, 
	0xef, 0x7b, 0xef, 0x7b, 0xef, 0x7b, 0xef, 0x7b, 
	0xef, 0x7b, 0xef, 0x7b, 0xe7, 0x39, 0xc6, 0xb5, 
	0xce, 0xb5, 0xef, 0x7b, 0xef, 0x7b, 0xa5, 0xef, 
	0xef, 0x7b, 0xef, 0x7b, 0xef, 0x7b, 0xef, 0x7b, 
	0xef, 0x7b, 0xef, 0x7b, 0xef, 0x7b, 0xef, 0x7b, 
	0xef, 0x7b, 0xef, 0x7b, 0xef, 0x7b, 0xef, 0x7b, 
	0xef, 0x7b, 0xef, 0x7b, 0xef, 0x7b, 0xef, 0x7b, 
	0xef, 0x7b, 0xef, 0x7b, 0xef, 0x7b, 0xef, 0x7b, 
	0xef, 0x7b, 0xef, 0x7b, 0xef, 0x7b, 0xef, 0x7b, 
	0xef, 0x7b, 0xef, 0x7b, 0xef, 0x7b, 0xef, 0x7b, 
	0xef, 0x7b, 0xef, 0x7b, 0xef, 0x7b, 0xef, 0x7b, 
	0x54, 0x63, 0x7c, 0xa5, 0x7c, 0xa5, 0x63, 0xdf, 
	0x4b, 0x19, 0x4b, 0x19, 0x5b, 0xdf, 0x95, 0x29, 
	0xde, 0xf7, 0xde, 0xf7, 0x8c, 0xe7, 0x2a, 0x95, 
	0x09, 0x4b, 0x1a, 0x11, 0x74, 0xa5, 0xad, 0xef, 
	0xef, 0x7b, 0xef, 0x7b, 0xef, 0x7b, 0xef, 0x7b, 
	0xef, 0x7b, 0xef, 0x7b, 0xef, 0x7b, 0xef, 0x7b, 
	0xef, 0x7b, 0xd6, 0xb5, 0x95, 0x29, 0x74, 0xa5, 
	0x8c, 0xe7, 0xae, 0x31, 0xae, 0x31, 0x7c, 0xa5, 
	0xef, 0x7b, 0xef, 0x7b, 0xef, 0x7b, 0xef, 0x7b, 
	0xef, 0x7b, 0xef, 0x7b, 0xef, 0x7b, 0xef, 0x7b, 
	0xef, 0x7b, 0xef, 0x7b, 0xef, 0x7b, 0xef, 0x7b, 
	0xef, 0x7b, 0xef, 0x7b, 0xef, 0x7b, 0xef, 0x7b, 
	0xef, 0x7b, 0xef, 0x7b, 0xef, 0x7b, 0xef, 0x7b, 
	0xef, 0x7b, 0xef, 0x7b, 0xef, 0x7b, 0xef, 0x7b, 
	0xef, 0x7b, 0xef, 0x7b, 0xef, 0x7b, 0xef, 0x7b, 
	0xef, 0x7b, 0xef, 0x7b, 0xef, 0x7b, 0xef, 0x7b, 
	0x7c, 0xa5, 0x8d, 0x29, 0x9d, 0xef, 0x8d, 0x29, 
	0x7c, 0x63, 0x74, 0x21, 0x6c, 0x21, 0x84, 0xa5, 
	0xc6, 0x31, 0xde, 0xf7, 0xad, 0xad, 0x54, 0x21, 
	0x22, 0x95, 0x22, 0x53, 0x6c, 0x63, 0xa5, 0xad, 
	0xef, 0x7b, 0xef, 0x7b, 0xef, 0x7b, 0xef, 0x7b, 
	0xef, 0x7b, 0xef, 0x7b, 0xe7, 0x39, 0xef, 0x7b, 
	0xef, 0x7b, 0xbd, 0xef, 0x74, 0x63, 0x54, 0x21, 
	0x64, 0x63, 0x8d, 0x29, 0xa5, 0xef, 0x8d, 0x29, 
	0xef, 0x7b, 0xef, 0x7b, 0xef, 0x7b, 0xef, 0x7b, 
	0xef, 0x7b, 0xef, 0x7b, 0xef, 0x7b, 0xef, 0x7b, 
	0xef, 0x7b, 0xef, 0x7b, 0xef, 0x7b, 0xef, 0x7b, 
	0xef, 0x7b, 0xef, 0x7b, 0xef, 0x7b, 0xef, 0x7b, 
	0xef, 0x7b, 0xef, 0x7b, 0xef, 0x7b, 0xef, 0x7b, 
	0xef, 0x7b, 0xef, 0x7b, 0xef, 0x7b, 0xef, 0x7b, 
	0xef, 0x7b, 0xef, 0x7b, 0xef, 0x7b, 0xef, 0x7b, 
	0xef, 0x7b, 0xef, 0x7b, 0xef, 0x7b, 0xef, 0x7b, 
	0xc6, 0xb5, 0xd6, 0xf7, 0xce, 0xb5, 0xad, 0xef, 
	0x94, 0xe7, 0x8c, 0x63, 0x74, 0x21, 0x8c, 0xe7, 
	0xc6, 0x73, 0xef, 0x7b, 0xef, 0x7b, 0x95, 0x6b, 
	0x5c, 0x63, 0x64, 0x63, 0x95, 0x6b, 0xae, 0x31, 
	0xe7, 0x39, 0xef, 0x7b, 0xef, 0x7b, 0xef, 0x7b, 
	0xef, 0x7b, 0xef, 0x7b, 0xde, 0xf7, 0xef, 0x7b, 
	0xef, 0x7b, 0xbd, 0xef, 0x84, 0xa5, 0x54, 0x21, 
	0x5c, 0x63, 0x8d, 0x29, 0xc6, 0xb5, 0xe7, 0x39, 
	0xef, 0x7b, 0xef, 0x7b, 0xef, 0x7b, 0xef, 0x7b, 
	0xef, 0x7b, 0xef, 0x7b, 0xef, 0x7b, 0xef, 0x7b, 
	0xef, 0x7b, 0xef, 0x7b, 0xef, 0x7b, 0xef, 0x7b, 
	0xef, 0x7b, 0xef, 0x7b, 0xef, 0x7b, 0xef, 0x7b, 
	0xef, 0x7b, 0xef, 0x7b, 0xef, 0x7b, 0xef, 0x7b, 
	0xef, 0x7b, 0xef, 0x7b, 0xef, 0x7b, 0xef, 0x7b, 
	0xef, 0x7b, 0xef, 0x7b, 0xef, 0x7b, 0xef, 0x7b, 
	0xef, 0x7b, 0xef, 0x7b, 0xef, 0x7b, 0xef, 0x7b, 
	0xef, 0x7b, 0xef, 0x7b, 0xd6, 0xb5, 0xa5, 0xad, 
	0x9d, 0x6b, 0x94, 0xa5, 0x8c, 0xa5, 0x8d, 0x29, 
	0xc6, 0xb5, 0xef, 0x7b, 0xef, 0x39, 0xc6, 0x31, 
	0x95, 0x29, 0xa5, 0xad, 0xdf, 0x39, 0xc6, 0x73, 
	0xde, 0xf7, 0xef, 0x7b, 0xef, 0x7b, 0xef, 0x7b, 
	0xef, 0x7b, 0xef, 0x7b, 0xd6, 0xb5, 0xd6, 0xb5, 
	0xde, 0x73, 0xad, 0x6b, 0x7c, 0xa5, 0x53, 0x9d, 
	0x4b, 0x9d, 0x8d, 0x29, 0xe7, 0x7b, 0xef, 0x7b, 
	0xef, 0x7b, 0xef, 0x7b, 0xef, 0x7b, 0xef, 0x7b, 
	0xef, 0x7b, 0xef, 0x7b, 0xef, 0x7b, 0xef, 0x7b, 
	0xef, 0x7b, 0xef, 0x7b, 0xef, 0x7b, 0xef, 0x7b, 
	0xef, 0x7b, 0xef, 0x7b, 0xef, 0x7b, 0xef, 0x7b, 
	0xef, 0x7b, 0xef, 0x7b, 0xef, 0x7b, 0xef, 0x7b, 
	0xef, 0x7b, 0xef, 0x7b, 0xef, 0x7b, 0xef, 0x7b, 
	0xef, 0x7b, 0xef, 0x7b, 0xef, 0x7b, 0xef, 0x7b, 
	0xef, 0x7b, 0xef, 0x7b, 0xef, 0x7b, 0xef, 0x7b, 
	0xef, 0x7b, 0xe7, 0x39, 0xc6, 0x31, 0xb5, 0xef, 
	0xb5, 0xef, 0xb5, 0x6b, 0xa5, 0x29, 0x95, 0x29, 
	0xa5, 0xef, 0xce, 0xb5, 0xd6, 0xb5, 0xad, 0xef, 
	0x8c, 0xe7, 0x95, 0x6b, 0xce, 0xb5, 0xc6, 0x73, 
	0xde, 0xf7, 0xef, 0x7b, 0xef, 0x7b, 0xef, 0x7b, 
	0xef, 0x7b, 0xef, 0x7b, 0xc6, 0x31, 0xbd, 0xef, 
	0x9c, 0xe7, 0x74, 0x63, 0x63, 0x9d, 0x42, 0x95, 
	0x42, 0xd7, 0x8c, 0xe7, 0xef, 0x7b, 0xef, 0x7b, 
	0xef, 0x7b, 0xef, 0x7b, 0xef, 0x7b, 0xef, 0x7b, 
	0xef, 0x7b, 0xef, 0x7b, 0xef, 0x7b, 0xef, 0x7b, 
	0xef, 0x7b, 0xef, 0x7b, 0xef, 0x7b, 0xef, 0x7b, 
	0xef, 0x7b, 0xef, 0x7b, 0xef, 0x7b, 0xef, 0x7b, 
	0xef, 0x7b, 0xef, 0x7b, 0xef, 0x7b, 0xef, 0x7b, 
	0xef, 0x7b, 0xef, 0x7b, 0xef, 0x7b, 0xef, 0x7b, 
	0xef, 0x7b, 0xef, 0x7b, 0xef, 0x7b, 0xef, 0x7b, 
	0xef, 0x7b, 0xef, 0x7b, 0xef, 0x7b, 0xef, 0x7b, 
	0xef, 0x7b, 0xe7, 0x39, 0xe7, 0x39, 0xe7, 0x39, 
	0xe6, 0xf7, 0xd6, 0x73, 0xc6, 0x31, 0x9d, 0x29, 
	0x94, 0xe7, 0x9d, 0x6b, 0xa5, 0xad, 0x8c, 0xe7, 
	0x6c, 0x63, 0x64, 0x63, 0x8c, 0xe7, 0xc6, 0xb5, 
	0xef, 0x7b, 0xef, 0x7b, 0xef, 0x7b, 0xef, 0x7b, 
	0xef, 0x7b, 0xef, 0x7b, 0xc5, 0xef, 0xb5, 0xad, 
	0x8c, 0xa5, 0x64, 0x21, 0x52, 0xd7, 0x39, 0xcf, 
	0x3a, 0x53, 0x8c, 0xa5, 0xef, 0x7b, 0xef, 0x7b, 
	0xef, 0x7b, 0xef, 0x7b, 0xef, 0x7b, 0xef, 0x7b, 
	0xef, 0x7b, 0xef, 0x7b, 0xef, 0x7b, 0xef, 0x7b, 
	0xef, 0x7b, 0xef, 0x7b, 0xef, 0x7b, 0xef, 0x7b, 
	0xef, 0x7b, 0xef, 0x7b, 0xef, 0x7b, 0xef, 0x7b, 
	0xef, 0x7b, 0xef, 0x7b, 0xef, 0x7b, 0xef, 0x7b, 
	0xef, 0x7b, 0xef, 0x7b, 0xef, 0x7b, 0xef, 0x7b, 
	0xef, 0x7b, 0xef, 0x7b, 0xef, 0x7b, 0xef, 0x7b, 
	0xef, 0x7b, 0xef, 0x7b, 0xef, 0x7b, 0xef, 0x7b, 
	0xef, 0x7b, 0xef, 0x7b, 0xef, 0x7b, 0xef, 0x7b, 
	0xef, 0x7b, 0xef, 0x7b, 0xee, 0xf7, 0xb5, 0xef, 
	0x8c, 0x63, 0x84, 0x63, 0x8c, 0xa5, 0x6c, 0xa5, 
	0x53, 0xdf, 0x4b, 0x9d, 0x6c, 0x63, 0xce, 0xf7, 
	0xef, 0x7b, 0xef, 0x7b, 0xef, 0x7b, 0xef, 0x7b, 
	0xef, 0x7b, 0xe7, 0x39, 0xc6, 0x31, 0xc6, 0x31, 
	0xad, 0xad, 0x94, 0xe7, 0x74, 0x21, 0x42, 0x95, 
	0x3a, 0xd7, 0x8c, 0xa5, 0xe7, 0x39, 0xef, 0x7b, 
	0xef, 0x7b, 0xef, 0x7b, 0xef, 0x7b, 0xef, 0x7b, 
	0xef, 0x7b, 0xef, 0x7b, 0xef, 0x7b, 0xef, 0x7b, 
	0xef, 0x7b, 0xef, 0x7b, 0xef, 0x7b, 0xef, 0x7b, 
	0xef, 0x7b, 0xef, 0x7b, 0xef, 0x7b, 0xef, 0x7b, 
	0xef, 0x7b, 0xef, 0x7b, 0xef, 0x7b, 0xef, 0x7b, 
	0xef, 0x7b, 0xef, 0x7b, 0xef, 0x7b, 0xef, 0x7b, 
	0xef, 0x7b, 0xef, 0x7b, 0xef, 0x7b, 0xef, 0x7b, 
	0xef, 0x7b, 0xef, 0x7b, 0xef, 0x7b, 0xef, 0x7b, 
	0xef, 0x7b, 0xef, 0x7b, 0xef, 0x7b, 0xef, 0x7b, 
	0xd6, 0xb5, 0xbe, 0x31, 0xd6, 0xb5, 0xa5, 0xad, 
	0x63, 0xdf, 0x4a, 0xd7, 0x53, 0x5b, 0x5c, 0x21, 
	0x5c, 0x63, 0x64, 0x63, 0x8d, 0x29, 0xe7, 0x39, 
	0xef, 0x7b, 0xef, 0x7b, 0xef, 0x7b, 0xef, 0x7b, 
	0xef, 0x7b, 0xde, 0xf7, 0xd6, 0xb5, 0xd6, 0xb5, 
	0xe6, 0xf7, 0xee, 0xb5, 0xa5, 0x6b, 0x64, 0x21, 
	0x53, 0xdf, 0x8c, 0xe7, 0xe7, 0x39, 0xef, 0x7b, 
	0xef, 0x7b, 0xef, 0x7b, 0xef, 0x7b, 0xef, 0x7b, 
	0xef, 0x7b, 0xef, 0x7b, 0xef, 0x7b, 0xef, 0x7b, 
	0xef, 0x7b, 0xef, 0x7b, 0xef, 0x7b, 0xef, 0x7b, 
	0xef, 0x7b, 0xef, 0x7b, 0xef, 0x7b, 0xef, 0x7b, 
	0xef, 0x7b, 0xef, 0x7b, 0xef, 0x7b, 0xef, 0x7b, 
	0xef, 0x7b, 0xef, 0x7b, 0xef, 0x7b, 0xef, 0x7b, 
	0xef, 0x7b, 0xef, 0x7b, 0xef, 0x7b, 0xef, 0x7b, 
	0xef, 0x7b, 0xef, 0x7b, 0xef, 0x7b, 0xef, 0x7b, 
	0xef, 0x7b, 0xef, 0x7b, 0xef, 0x7b, 0xe7, 0x39, 
	0x95, 0x29, 0x53, 0xdf, 0x6c, 0x63, 0x64, 0x21, 
	0x32, 0xd7, 0x21, 0x8d, 0x32, 0x53, 0x53, 0xdf, 
	0x84, 0xe7, 0x9d, 0xad, 0xc6, 0xb5, 0xef, 0x7b, 
	0xef, 0x7b, 0xef, 0x7b, 0xef, 0x7b, 0xef, 0x7b, 
	0xe7, 0x39, 0xde, 0xf7, 0xde, 0xf7, 0xde, 0xf7, 
	0xe6, 0xf7, 0xee, 0xf7, 0xde, 0xb5, 0x9d, 0x6b, 
	0x84, 0xa5, 0x95, 0x6b, 0xc6, 0xb5, 0xe7, 0x39, 
	0xef, 0x7b, 0xef, 0x7b, 0xef, 0x7b, 0xef, 0x7b, 
	0xef, 0x7b, 0xef, 0x7b, 0xef, 0x7b, 0xef, 0x7b, 
	0xef, 0x7b, 0xef, 0x7b, 0xef, 0x7b, 0xef, 0x7b, 
	0xef, 0x7b, 0xef, 0x7b, 0xef, 0x7b, 0xef, 0x7b, 
	0xef, 0x7b, 0xef, 0x7b, 0xef, 0x7b, 0xef, 0x7b, 
	0xef, 0x7b, 0xef, 0x7b, 0xef, 0x7b, 0xef, 0x7b, 
	0xef, 0x7b, 0xef, 0x7b, 0xef, 0x7b, 0xef, 0x7b, 
	0xef, 0x7b, 0xef, 0x7b, 0xef, 0x7b, 0xef, 0x7b, 
	0xdf, 0x39, 0xef, 0x7b, 0xef, 0x7b, 0xc6, 0xb5, 
	0x5c, 0x21, 0x22, 0x11, 0x21, 0xcf, 0x19, 0xcf, 
	0x09, 0x4b, 0x01, 0x09, 0x19, 0x8d, 0x53, 0xdf, 
	0xa5, 0xef, 0xd6, 0xf7, 0xe7, 0x7b, 0xef, 0x7b, 
	0xef, 0x7b, 0xe7, 0x7b, 0xe7, 0x39, 0xe7, 0x39, 
	0xe7, 0x39, 0xe7, 0x39, 0xe7, 0x39, 0xd6, 0xb5, 
	0xad, 0xad, 0xad, 0xad, 0xce, 0x73, 0xd6, 0xb5, 
	0xad, 0xef, 0x95, 0x6b, 0x95, 0x6b, 0x9d, 0xad, 
	0xef, 0x7b, 0xef, 0x7b, 0xef, 0x7b, 0xef, 0x7b, 
	0xef, 0x7b, 0xef, 0x7b, 0xef, 0x7b, 0xef, 0x7b, 
	0xef, 0x7b, 0xef, 0x7b, 0xef, 0x7b, 0xef, 0x7b, 
	0xef, 0x7b, 0xef, 0x7b, 0xef, 0x7b, 0xef, 0x7b, 
	0xef, 0x7b, 0xef, 0x7b, 0xef, 0x7b, 0xef, 0x7b, 
	0xef, 0x7b, 0xef, 0x7b, 0xef, 0x7b, 0xef, 0x7b, 
	0xef, 0x7b, 0xef, 0x7b, 0xef, 0x7b, 0xef, 0x7b, 
	0xef, 0x7b, 0xef, 0x7b, 0xef, 0x7b, 0xef, 0x7b, 
	0xe7, 0x39, 0xef, 0x7b, 0xef, 0x7b, 0xd6, 0xf7, 
	0x64, 0x63, 0x1a, 0x11, 0x01, 0x09, 0x00, 0x85, 
	0x00, 0x43, 0x00, 0x85, 0x11, 0x8d, 0x54, 0x21, 
	0xae, 0x31, 0xce, 0xf7, 0xdf, 0x39, 0xef, 0x7b, 
	0xef, 0x7b, 0xef, 0x7b, 0xe7, 0x39, 0xef, 0x7b, 
	0xef, 0x7b, 0xef, 0x7b, 0xe7, 0x39, 0xad, 0xad, 
	0x84, 0xa5, 0x8c, 0xe7, 0xc6, 0x73, 0xe7, 0x39, 
	0xc6, 0xb5, 0x95, 0x6b, 0x84, 0xe7, 0x9d, 0xad, 
	0xef, 0x7b, 0xef, 0x7b, 0xef, 0x7b, 0xef, 0x7b, 
	0xef, 0x7b, 0xef, 0x7b, 0xef, 0x7b, 0xef, 0x7b, 
	0xef, 0x7b, 0xef, 0x7b, 0xef, 0x7b, 0xef, 0x7b, 
	0xef, 0x7b, 0xef, 0x7b, 0xef, 0x7b, 0xef, 0x7b, 
	0xef, 0x7b, 0xef, 0x7b, 0xef, 0x7b, 0xef, 0x7b, 
	0xef, 0x7b, 0xef, 0x7b, 0xef, 0x7b, 0xef, 0x7b, 
	0xef, 0x7b, 0xef, 0x7b, 0xef, 0x7b, 0xef, 0x7b, 
	0xef, 0x7b, 0xef, 0x7b, 0xef, 0x7b, 0xef, 0x7b, 
	0xef, 0x7b, 0xef, 0x7b, 0xef, 0x7b, 0xef, 0x7b, 
	0xef, 0x7b, 0xb6, 0x31, 0x3a, 0xd7, 0x01, 0x09, 
	0x01, 0x09, 0x09, 0x4b, 0x6c, 0x63, 0xd6, 0xf7, 
	0xef, 0x7b, 0xef, 0x7b, 0xef, 0x7b, 0xef, 0x7b, 
	0xef, 0x7b, 0xef, 0x7b, 0xef, 0x7b, 0xef, 0x7b, 
	0xef, 0x7b, 0xef, 0x7b, 0xdf, 0x39, 0xa5, 0xad, 
	0x8d, 0x29, 0xad, 0xef, 0xef, 0x7b, 0xef, 0x7b, 
	0xc6, 0xb5, 0x95, 0x6b, 0x95, 0x6b, 0xc6, 0xb5, 
	0xef, 0x7b, 0xef, 0x7b, 0xef, 0x7b, 0xef, 0x7b, 
	0xef, 0x7b, 0xef, 0x7b, 0xef, 0x7b, 0xef, 0x7b, 
	0xef, 0x7b, 0xef, 0x7b, 0xef, 0x7b, 0xef, 0x7b, 
	0xef, 0x7b, 0xef, 0x7b, 0xef, 0x7b, 0xef, 0x7b, 
	0xef, 0x7b, 0xef, 0x7b, 0xef, 0x7b, 0xef, 0x7b, 
	0xef, 0x7b, 0xef, 0x7b, 0xef, 0x7b, 0xef, 0x7b, 
	0xef, 0x7b, 0xef, 0x7b, 0xef, 0x7b, 0xef, 0x7b, 
	0xef, 0x7b, 0xef, 0x7b, 0xef, 0x7b, 0xef, 0x7b, 
	0xef, 0x7b, 0xef, 0x7b, 0xef, 0x7b, 0xef, 0x7b, 
	0xef, 0x7b, 0xef, 0x7b, 0xe7, 0x7b, 0xce, 0xb5, 
	0x95, 0x6b, 0x8d, 0x29, 0xe7, 0x39, 0xef, 0x7b, 
	0xef, 0x7b, 0xef, 0x7b, 0xef, 0x7b, 0xef, 0x7b, 
	0xef, 0x7b, 0xef, 0x7b, 0xef, 0x7b, 0xef, 0x7b, 
	0xef, 0x7b, 0xef, 0x7b, 0xc6, 0xb5, 0xc6, 0xb5, 
	0xe7, 0x39, 0xef, 0x7b, 0xef, 0x7b, 0xef, 0x7b, 
	0xc6, 0xb5, 0xa5, 0xef, 0xc6, 0xb5, 0xef, 0x7b, 
	0xef, 0x7b, 0xef, 0x7b, 0xef, 0x7b, 0xef, 0x7b, 
	0xef, 0x7b, 0xef, 0x7b, 0xef, 0x7b, 0xef, 0x7b, 
	0xef, 0x7b, 0xef, 0x7b, 0xef, 0x7b, 0xef, 0x7b, 
	0xef, 0x7b, 0xef, 0x7b, 0xef, 0x7b, 0xef, 0x7b, 
	0xef, 0x7b, 0xef, 0x7b, 0xef, 0x7b, 0xef, 0x7b, 
	0xef, 0x7b, 0xef, 0x7b, 0xef, 0x7b, 0xef, 0x7b, 
	0xef, 0x7b, 0xef, 0x7b, 0xef, 0x7b, 0xef, 0x7b, 
	0xef, 0x7b, 0xef, 0x7b, 0xef, 0x7b, 0xef, 0x7b, 
	
};

Gfx ccm_dl__1_rgba16_aligner[] = {gsSPEndDisplayList()};
u8 ccm_dl__1_rgba16[] = {
	0xb5, 0xad, 0xd6, 0xb5, 0xce, 0x73, 0xce, 0x73, 
	0xce, 0x73, 0xd6, 0xb5, 0xd6, 0xb5, 0xde, 0xb7, 
	0xde, 0xf7, 0xde, 0xf7, 0xde, 0xf7, 0xd6, 0xb5, 
	0xce, 0x73, 0x9c, 0xe7, 0x73, 0x9d, 0x63, 0x19, 
	0x8c, 0x63, 0xa5, 0x29, 0xce, 0x73, 0xd6, 0xb5, 
	0xd6, 0xb5, 0xd6, 0xf7, 0xde, 0xf7, 0xde, 0xf7, 
	0xde, 0xf7, 0xd6, 0xb5, 0xd6, 0xb3, 0x9c, 0xe7, 
	0x73, 0x9d, 0x63, 0x19, 0x8c, 0x63, 0xbd, 0xef, 
	0xc6, 0x31, 0xd6, 0xb5, 0xce, 0x73, 0xce, 0x73, 
	0xd6, 0xb5, 0xd6, 0xb5, 0xd6, 0xb5, 0xde, 0xf7, 
	0xde, 0xf7, 0xde, 0xf7, 0xde, 0xf7, 0xd6, 0xb5, 
	0xce, 0x73, 0xb5, 0xad, 0x94, 0xa5, 0x8c, 0x63, 
	0x9c, 0xe7, 0xb5, 0xad, 0xd6, 0xb5, 0xd6, 0xb5, 
	0xd6, 0xb5, 0xde, 0xf7, 0xde, 0xf7, 0xde, 0xf7, 
	0xde, 0xf7, 0xd6, 0xf7, 0xce, 0x73, 0xb5, 0xad, 
	0x94, 0xa5, 0x84, 0x21, 0x9c, 0xe7, 0xc6, 0x31, 
	0xd6, 0xb5, 0xde, 0xf7, 0xce, 0x73, 0xd6, 0xb5, 
	0xde, 0xf7, 0xd6, 0xb5, 0xd6, 0xb5, 0xd6, 0xb5, 
	0xde, 0xf7, 0xde, 0xf7, 0xe7, 0x39, 0xde, 0xf7, 
	0xd6, 0x73, 0xce, 0x73, 0xad, 0x6b, 0x94, 0xa5, 
	0xc6, 0x31, 0xd6, 0xb5, 0xe6, 0xf7, 0xd6, 0xb5, 
	0xd6, 0xb5, 0xd6, 0xb5, 0xde, 0xf7, 0xde, 0xf9, 
	0xe7, 0x39, 0xde, 0xf7, 0xd6, 0xb5, 0xce, 0x73, 
	0xa5, 0x29, 0x8c, 0x63, 0xb5, 0x6b, 0xd6, 0xb5, 
	0xd6, 0xb5, 0xe7, 0x39, 0xde, 0xf7, 0xe7, 0x39, 
	0xef, 0x7b, 0xde, 0xf9, 0xce, 0x73, 0xce, 0x73, 
	0xde, 0xf7, 0xe7, 0x39, 0xe7, 0x39, 0xe7, 0x39, 
	0xde, 0xf7, 0xb5, 0xaf, 0x8c, 0x63, 0x7b, 0xdf, 
	0xde, 0xf7, 0xe7, 0x39, 0xef, 0x39, 0xe6, 0xf7, 
	0xce, 0x73, 0xce, 0x73, 0xde, 0xf7, 0xe7, 0x39, 
	0xef, 0x39, 0xe7, 0x39, 0xde, 0xf7, 0xbd, 0xef, 
	0x8c, 0x63, 0x73, 0x9d, 0xa5, 0x29, 0xd6, 0xb5, 
	0xce, 0x73, 0xe7, 0x39, 0xd6, 0xb5, 0xd6, 0xb5, 
	0xd6, 0xb5, 0xd6, 0xb5, 0xce, 0x73, 0xd6, 0xb5, 
	0xd6, 0xb5, 0xd6, 0xb5, 0xce, 0x73, 0xce, 0x73, 
	0xce, 0x73, 0xc6, 0x31, 0x94, 0xa5, 0x6b, 0x5b, 
	0xd6, 0xb5, 0xd6, 0xb5, 0xd6, 0xb5, 0xd6, 0xb5, 
	0xce, 0x73, 0xd6, 0xb5, 0xd6, 0xb5, 0xd6, 0xb5, 
	0xd6, 0x73, 0xce, 0x73, 0xce, 0x73, 0xce, 0x73, 
	0x94, 0xa5, 0x63, 0x19, 0x94, 0xa5, 0xd6, 0x75, 
	0xc6, 0x31, 0xce, 0x73, 0xbd, 0xef, 0xb5, 0xad, 
	0xb5, 0xad, 0xbd, 0xef, 0xc6, 0x31, 0xc6, 0x31, 
	0xc6, 0x31, 0xbd, 0xef, 0xb5, 0xad, 0xad, 0x6b, 
	0xb5, 0xad, 0xce, 0x73, 0x94, 0xa5, 0x63, 0x19, 
	0xbd, 0xaf, 0xb5, 0xad, 0xb5, 0xad, 0xbd, 0xef, 
	0xc6, 0x31, 0xc6, 0x31, 0xc6, 0x31, 0xbd, 0xef, 
	0xb5, 0xad, 0xad, 0x6b, 0xb5, 0xad, 0xce, 0x73, 
	0x94, 0xa5, 0x5a, 0xd7, 0x94, 0xa5, 0xc6, 0x31, 
	0xc6, 0x31, 0xb5, 0xad, 0xa5, 0x29, 0x94, 0xa5, 
	0x9c, 0xe7, 0xad, 0x6b, 0xad, 0x6b, 0xad, 0x6b, 
	0xad, 0x6b, 0xad, 0x6b, 0xa5, 0x29, 0x9c, 0xe7, 
	0xa5, 0x29, 0xbd, 0xef, 0x94, 0xa5, 0x5a, 0xd7, 
	0xa5, 0x29, 0x9c, 0xe7, 0x9c, 0xe7, 0xad, 0x6b, 
	0xad, 0x6b, 0xad, 0x6b, 0xad, 0x6b, 0xad, 0x6b, 
	0xa5, 0x29, 0x9c, 0xe7, 0x9d, 0x29, 0xbd, 0xef, 
	0x8c, 0x63, 0x52, 0x95, 0xa5, 0x29, 0xbd, 0xef, 
	0xbd, 0xef, 0xc6, 0x31, 0xb5, 0xad, 0xa5, 0x29, 
	0xa5, 0x29, 0xad, 0x6b, 0xa5, 0x29, 0x94, 0xa5, 
	0x9c, 0xe7, 0xb5, 0xad, 0xb5, 0xad, 0xb5, 0xad, 
	0xbd, 0xef, 0xde, 0xb5, 0x94, 0xa5, 0x52, 0x95, 
	0xad, 0x6b, 0xa5, 0x29, 0xa5, 0x29, 0xad, 0x6b, 
	0xa5, 0x29, 0x94, 0xa5, 0x9c, 0xe7, 0xb5, 0xad, 
	0xb5, 0xad, 0xb5, 0xad, 0xb5, 0xef, 0xde, 0xf7, 
	0x94, 0xa5, 0x4a, 0x53, 0x94, 0xa5, 0xbd, 0xef, 
	0xa4, 0xe7, 0xad, 0x6b, 0x94, 0xa5, 0x84, 0x21, 
	0x7c, 0x1f, 0x8c, 0x63, 0x8c, 0x63, 0x94, 0xa5, 
	0x94, 0xa5, 0x94, 0xa5, 0x9c, 0xe7, 0xa4, 0xe7, 
	0xa5, 0x29, 0xb5, 0xad, 0x8c, 0x63, 0x52, 0x95, 
	0x94, 0xa5, 0x8c, 0x63, 0x84, 0x21, 0x8c, 0x63, 
	0x8c, 0x63, 0x94, 0xa5, 0x94, 0xa5, 0x94, 0xa5, 
	0x9c, 0xe7, 0x9c, 0xe7, 0xa5, 0x29, 0xbd, 0xef, 
	0x8c, 0x63, 0x4a, 0x53, 0x7b, 0xdf, 0x9c, 0xe7, 
	0x84, 0x21, 0x7b, 0xe1, 0x6b, 0x5b, 0x52, 0x95, 
	0x52, 0x95, 0x6b, 0x5b, 0x84, 0x21, 0x94, 0xa5, 
	0x94, 0xa5, 0x7b, 0xdf, 0x7b, 0xdf, 0x84, 0x21, 
	0x84, 0x21, 0x84, 0x21, 0x6b, 0x5b, 0x5a, 0xd7, 
	0x6b, 0x5b, 0x5a, 0xd7, 0x5a, 0xd7, 0x6b, 0x5b, 
	0x84, 0x21, 0x94, 0xa5, 0x94, 0xa5, 0x7b, 0xe1, 
	0x7b, 0xdf, 0x84, 0x21, 0x84, 0x21, 0x84, 0x21, 
	0x6b, 0x5b, 0x5a, 0xd7, 0x73, 0x9d, 0x7b, 0xdf, 
	0x39, 0xcf, 0x31, 0x8d, 0x8c, 0x63, 0x94, 0xe7, 
	0xad, 0x6b, 0xc6, 0x31, 0x9c, 0xe7, 0x94, 0xa5, 
	0x9c, 0xe5, 0x8c, 0x63, 0x84, 0x63, 0x84, 0x21, 
	0x7b, 0xdf, 0x7b, 0xdf, 0x73, 0x9d, 0x6b, 0x5b, 
	0x8c, 0x63, 0x94, 0xa5, 0xad, 0x6b, 0xc6, 0x31, 
	0x9c, 0xe7, 0x94, 0xa5, 0x9c, 0xe7, 0x8c, 0x63, 
	0x8c, 0x63, 0x84, 0x21, 0x7b, 0xdf, 0x7b, 0x9f, 
	0x73, 0x9b, 0x6b, 0x19, 0x63, 0x19, 0x42, 0x0f, 
	0x73, 0x9d, 0x63, 0x19, 0xb5, 0xad, 0xce, 0x73, 
	0xde, 0xf7, 0xe7, 0x39, 0xa5, 0x29, 0x94, 0xa5, 
	0xa5, 0x29, 0xbd, 0xad, 0xb5, 0xad, 0xad, 0x6d, 
	0xad, 0x6b, 0xa5, 0x29, 0xa5, 0x29, 0xa5, 0x29, 
	0xbd, 0xef, 0xc6, 0x31, 0xd6, 0xb7, 0xe7, 0x39, 
	0xa5, 0x2b, 0x94, 0xa5, 0xa5, 0x29, 0xb5, 0xad, 
	0xb5, 0xed, 0xb5, 0xab, 0xad, 0x6b, 0xa5, 0x29, 
	0xa5, 0x29, 0xa5, 0x29, 0x9c, 0xe7, 0x84, 0x21, 
	0xd6, 0xb5, 0xbd, 0xef, 0xd6, 0xb5, 0xd6, 0xb5, 
	0xd6, 0xb5, 0xce, 0x73, 0x8c, 0x63, 0x8c, 0x63, 
	0xb5, 0xad, 0xde, 0xf7, 0xef, 0x7b, 0xef, 0x7b, 
	0xef, 0x7b, 0xe7, 0x39, 0xe7, 0x39, 0xe7, 0x39, 
	0xd6, 0xb5, 0xd6, 0xb5, 0xd6, 0xb5, 0xce, 0x73, 
	0x94, 0xa5, 0x8c, 0x63, 0xad, 0x6b, 0xde, 0xf7, 
	0xef, 0x7b, 0xef, 0x7b, 0xef, 0x7b, 0xef, 0x3b, 
	0xe7, 0x39, 0xef, 0x7b, 0xef, 0x7b, 0xd6, 0xb5, 
	0xce, 0x73, 0xd6, 0xb5, 0xce, 0x73, 0xde, 0xf7, 
	0xef, 0x7b, 0xe7, 0x39, 0x7b, 0xdf, 0x7b, 0xdf, 
	0xbd, 0xef, 0xce, 0x73, 0xde, 0xf7, 0xe7, 0x39, 
	0xe7, 0x39, 0xde, 0xf7, 0xde, 0xf7, 0xde, 0xf7, 
	0xce, 0x73, 0xde, 0xf7, 0xef, 0x7b, 0xe7, 0x39, 
	0x84, 0x21, 0x7b, 0x9f, 0xbd, 0xef, 0xce, 0x73, 
	0xde, 0xf7, 0xe7, 0x39, 0xe7, 0x39, 0xde, 0xf7, 
	0xde, 0xf7, 0xde, 0xf7, 0xce, 0x73, 0xce, 0x73, 
	0xd6, 0xb5, 0xde, 0xf7, 0xc6, 0x31, 0xde, 0xf7, 
	0xef, 0x7b, 0xd6, 0x75, 0x6b, 0x5b, 0x8c, 0x63, 
	0xde, 0xf7, 0xc6, 0x31, 0xde, 0xf7, 0xe7, 0x39, 
	0xd6, 0xb5, 0xce, 0x73, 0xce, 0x73, 0xc6, 0x31, 
	0xc6, 0x31, 0xde, 0xf7, 0xef, 0x7b, 0xe7, 0x39, 
	0x7b, 0xdf, 0x84, 0x21, 0xde, 0xf7, 0xce, 0x73, 
	0xce, 0x73, 0xd6, 0xb5, 0xd6, 0xb5, 0xce, 0x73, 
	0xce, 0x73, 0xc6, 0x31, 0xbd, 0xef, 0xd6, 0xb5, 
	0xde, 0xf7, 0xde, 0xf7, 0xbd, 0xef, 0xd6, 0xb5, 
	0xe7, 0x39, 0xc5, 0xf1, 0x63, 0x19, 0x94, 0xa5, 
	0xef, 0x7b, 0xce, 0x73, 0xde, 0xf7, 0xe7, 0x39, 
	0xc6, 0x31, 0xce, 0x73, 0xce, 0x73, 0xc6, 0x31, 
	0xc6, 0x31, 0xd6, 0xb5, 0xe7, 0x39, 0xd6, 0xb5, 
	0x73, 0x9d, 0x8c, 0x63, 0xef, 0x7b, 0xd6, 0xb5, 
	0xc6, 0x31, 0xce, 0x73, 0xc6, 0x31, 0xce, 0x73, 
	0xce, 0x73, 0xc6, 0x31, 0xce, 0x73, 0xde, 0xf7, 
	0xde, 0xf7, 0xde, 0xf7, 0xc6, 0x31, 0xc6, 0x31, 
	0xde, 0xf7, 0xd6, 0xb5, 0x52, 0x95, 0x84, 0x21, 
	0xef, 0x7b, 0xce, 0x73, 0xce, 0x73, 0xce, 0x73, 
	0xc6, 0x31, 0xce, 0x73, 0xde, 0xf9, 0xef, 0x7b, 
	0xc6, 0x31, 0xc6, 0x33, 0xd6, 0xb5, 0xd6, 0xb5, 
	0x5a, 0xd7, 0x7c, 0x1f, 0xef, 0x7b, 0xd6, 0xb5, 
	0xce, 0x73, 0xce, 0x73, 0xce, 0x73, 0xd6, 0xb5, 
	0xde, 0xf7, 0xe7, 0x39, 0xd6, 0xf5, 0xde, 0xf7, 
	0xd6, 0xb5, 0xd6, 0xb5, 0xce, 0x73, 0xd6, 0x75, 
	0xce, 0x73, 0xad, 0x6b, 0x8c, 0x63, 0x9c, 0xe7, 
	0xd6, 0xb5, 0xce, 0x73, 0xc6, 0x31, 0xc6, 0x31, 
	0xc6, 0x31, 0xd6, 0xb5, 0xd6, 0xb5, 0xce, 0x73, 
	0xbd, 0xef, 0xc6, 0x31, 0xd6, 0xb5, 0xd6, 0xb5, 
	0x94, 0xa5, 0x94, 0xa5, 0xd6, 0xb5, 0xce, 0x73, 
	0xc6, 0x31, 0xce, 0x73, 0xce, 0x73, 0xce, 0x73, 
	0xd6, 0xb5, 0xd6, 0xf5, 0xce, 0x73, 0xd6, 0xb5, 
	0xd6, 0xb5, 0xd6, 0xb5, 0xd6, 0xb5, 0xde, 0xf7, 
	0xbd, 0xef, 0x94, 0xa5, 0x8c, 0x63, 0xa5, 0x29, 
	0xc6, 0x71, 0xde, 0xf7, 0xde, 0xf7, 0xd6, 0xb5, 
	0xd6, 0xb5, 0xde, 0xf7, 0xce, 0x73, 0xbd, 0xef, 
	0xc6, 0x31, 0xc6, 0x31, 0xd6, 0xb5, 0xde, 0xf7, 
	0x9c, 0xe7, 0x94, 0xa5, 0xc6, 0x31, 0xde, 0xf7, 
	0xde, 0xf7, 0xd6, 0xb5, 0xd6, 0xb5, 0xd6, 0xb5, 
	0xd6, 0xb5, 0xce, 0x73, 0xc6, 0x31, 0xd6, 0xb5, 
	0xd6, 0xb5, 0xd6, 0xb5, 0xce, 0x33, 0xce, 0x73, 
	0xbd, 0xef, 0x94, 0xa5, 0x52, 0x95, 0x7b, 0xdf, 
	0xc6, 0x33, 0xef, 0x7b, 0xe7, 0x39, 0xd6, 0xb5, 
	0xd6, 0xb5, 0xde, 0xf7, 0xd6, 0xb5, 0xd6, 0xb5, 
	0xc6, 0x31, 0xc6, 0x31, 0xd6, 0xb5, 0xde, 0xf7, 
	0x73, 0x9b, 0x6b, 0x5b, 0xc6, 0x31, 0xe7, 0x39, 
	0xe7, 0x39, 0xde, 0xb5, 0xde, 0xf7, 0xde, 0xf5, 
	0xde, 0xf7, 0xd6, 0xb5, 0xc6, 0x31, 0xce, 0x73, 
	0x6b, 0x5b, 0x6b, 0x5b, 0x63, 0x19, 0x8c, 0x63, 
	0x8c, 0x63, 0x5a, 0x97, 0x52, 0x95, 0x63, 0x19, 
	0x6b, 0x5b, 0x52, 0xd7, 0x73, 0x9d, 0x84, 0x21, 
	0x73, 0x5d, 0x73, 0x9d, 0x94, 0xa5, 0xbd, 0xef, 
	0x7b, 0xdf, 0x8c, 0x63, 0x8c, 0x63, 0x73, 0x9d, 
	0x5a, 0xd7, 0x63, 0x19, 0x6b, 0x5b, 0x5a, 0xd7, 
	0x73, 0x9d, 0x84, 0x23, 0x73, 0x9d, 0x6b, 0x5b, 
	0x94, 0xa5, 0xbd, 0xef, 0x84, 0x21, 0x6b, 0x5b, 
	0x63, 0x19, 0x7b, 0xdf, 0x73, 0x9d, 0x8c, 0x63, 
	0x8c, 0x63, 0x84, 0x21, 0x94, 0xa5, 0x94, 0xa5, 
	0x7b, 0xdf, 0x5a, 0xd7, 0x7b, 0xdf, 0x8c, 0x63, 
	0x73, 0x9d, 0x5a, 0xd7, 0x6b, 0x5b, 0x8c, 0x63, 
	0x63, 0x19, 0x84, 0x21, 0x94, 0xa5, 0x7b, 0xdf, 
	0x94, 0xa5, 0x94, 0xa5, 0x84, 0x21, 0x63, 0x19, 
	0x7b, 0xdf, 0x8c, 0x63, 0x73, 0xdd, 0x5a, 0xd7, 
	0x6b, 0x5b, 0x8c, 0x63, 0x6b, 0x5b, 0x5a, 0xd7, 
	0xc6, 0x31, 0xef, 0x7b, 0xdf, 0x39, 0xce, 0x73, 
	0xce, 0x73, 0xef, 0x39, 0xe7, 0x39, 0xe7, 0x39, 
	0xef, 0x7b, 0xef, 0x7b, 0xef, 0x7b, 0xe7, 0x7b, 
	0xde, 0xf7, 0xa5, 0x29, 0x73, 0x9d, 0x5a, 0xd7, 
	0x94, 0xa5, 0xad, 0x6b, 0xd6, 0xb5, 0xe7, 0x39, 
	0xe7, 0x39, 0xe7, 0x39, 0xef, 0x7b, 0xef, 0x7b, 
	0xef, 0x7b, 0xe7, 0x39, 0xe6, 0xf7, 0xa5, 0x29, 
	0x6b, 0x9b, 0x63, 0x19, 0x94, 0xa5, 0xa5, 0x29, 
	0xde, 0xf5, 0xd6, 0xb5, 0xd6, 0xb5, 0xc6, 0x71, 
	0xce, 0x73, 0xde, 0xf7, 0xde, 0xf7, 0xe7, 0x39, 
	0xe7, 0x39, 0xe7, 0x39, 0xe7, 0x39, 0xe7, 0x39, 
	0xd6, 0xb5, 0xc6, 0x31, 0x9c, 0xe7, 0x8c, 0x63, 
	0xa5, 0x29, 0xbe, 0x31, 0xde, 0xf7, 0xde, 0xf7, 
	0xde, 0xf7, 0xe6, 0xf9, 0xe7, 0x39, 0xe7, 0x39, 
	0xe7, 0x39, 0xe7, 0x39, 0xd6, 0xb5, 0xce, 0x73, 
	0x9c, 0xe7, 0x8c, 0x63, 0xad, 0x6b, 0xce, 0x73, 
	0xe7, 0x39, 0xd6, 0xb5, 0xd6, 0xb5, 0xd6, 0xf7, 
	0xde, 0xf7, 0xde, 0xf7, 0xce, 0x75, 0xd6, 0xb5, 
	0xde, 0xf7, 0xe7, 0x39, 0xe7, 0x39, 0xde, 0xf7, 
	0xd6, 0xb5, 0xde, 0xf7, 0xb5, 0xad, 0x8c, 0x63, 
	0xce, 0x73, 0xde, 0xf7, 0xe7, 0x39, 0xde, 0xf7, 
	0xd6, 0x75, 0xd6, 0xb5, 0xde, 0xf7, 0xe7, 0x39, 
	0xe7, 0x39, 0xdf, 0x37, 0xd6, 0xb5, 0xce, 0x73, 
	0x9c, 0xe7, 0x8c, 0x63, 0xb5, 0x6d, 0xde, 0xf7, 
	0xef, 0x7b, 0xe7, 0x39, 0xde, 0xf7, 0xe7, 0x39, 
	0xe7, 0x39, 0xde, 0xf7, 0xce, 0x73, 0xce, 0x73, 
	0xd6, 0xb5, 0xe7, 0x39, 0xe7, 0x39, 0xde, 0xf7, 
	0xd6, 0xb5, 0xe7, 0x39, 0xa5, 0x29, 0x6b, 0x5b, 
	0xe7, 0x39, 0xe7, 0x39, 0xe7, 0x39, 0xde, 0xf7, 
	0xce, 0x73, 0xce, 0x73, 0xd6, 0xb5, 0xe7, 0x39, 
	0xe7, 0x39, 0xde, 0xf7, 0xd6, 0xb5, 0xbd, 0xef, 
	0x8c, 0x63, 0x6b, 0x5b, 0xa5, 0x29, 0xd6, 0xb5, 
	0xef, 0x7b, 0xde, 0xf5, 0xc6, 0x31, 0xc6, 0x31, 
	0xc6, 0x31, 0xc6, 0x31, 0xce, 0x33, 0xce, 0x73, 
	0xce, 0x73, 0xc6, 0x31, 0xbd, 0xef, 0xbd, 0xef, 
	0xbd, 0xef, 0xce, 0x73, 0x94, 0xa5, 0x63, 0x19, 
	0xc6, 0x31, 0xc6, 0x31, 0xc6, 0x31, 0xc6, 0x31, 
	0xc6, 0x31, 0xce, 0x73, 0xce, 0x73, 0xc6, 0x31, 
	0xbd, 0xef, 0xbd, 0xef, 0xbd, 0xef, 0xce, 0x73, 
	0x94, 0xa5, 0x5a, 0xd7, 0x94, 0xa5, 0xce, 0x73, 
	0xe7, 0x39, 0xc6, 0x31, 0xce, 0x73, 0xce, 0x73, 
	0xce, 0x73, 0xce, 0x73, 0xd6, 0xb5, 0xd6, 0xb5, 
	0xd6, 0xb5, 0xce, 0x73, 0xc6, 0x31, 0xc6, 0x31, 
	0xc6, 0x31, 0xde, 0xf7, 0x9c, 0xe7, 0x5a, 0xd7, 
	0xce, 0x73, 0xce, 0x73, 0xce, 0x73, 0xce, 0x73, 
	0xd6, 0xb5, 0xd6, 0xb5, 0xd6, 0xb5, 0xce, 0x73, 
	0xc6, 0x31, 0xc6, 0x31, 0xc6, 0x31, 0xce, 0x73, 
	0x8c, 0x63, 0x52, 0x95, 0x9c, 0xa7, 0xce, 0x73, 
	0xce, 0x73, 0xb5, 0xad, 0xce, 0x73, 0xce, 0x73, 
	0xce, 0x73, 0xce, 0x73, 0xc6, 0x73, 0xc6, 0x31, 
	0xc6, 0x31, 0xce, 0x73, 0xce, 0x73, 0xce, 0x73, 
	0xce, 0x73, 0xe7, 0x79, 0x9c, 0xe7, 0x5a, 0xd5, 
	0xce, 0x73, 0xce, 0x73, 0xce, 0x73, 0xce, 0x73, 
	0xc6, 0x31, 0xc6, 0x31, 0xc6, 0x31, 0xce, 0x73, 
	0xce, 0x73, 0xce, 0x73, 0xd6, 0xb5, 0xce, 0x73, 
	0x8c, 0x63, 0x52, 0x95, 0x9c, 0xe7, 0xce, 0x73, 
	0xb5, 0xad, 0xc6, 0x31, 0xb5, 0xad, 0xa5, 0x29, 
	0x9c, 0xe9, 0xa5, 0x29, 0x9c, 0xe7, 0x94, 0xa5, 
	0x9c, 0xe7, 0xb5, 0xad, 0xb5, 0xad, 0xb5, 0xad, 
	0xbd, 0xef, 0xde, 0xf7, 0x94, 0xa5, 0x52, 0x95, 
	0xb5, 0xab, 0xa5, 0x29, 0x9c, 0xe7, 0xa5, 0x29, 
	0x9c, 0xe7, 0x94, 0xa5, 0x9c, 0xe7, 0xb5, 0xad, 
	0xb5, 0xad, 0xb5, 0xad, 0xbd, 0xef, 0xde, 0xf7, 
	0x94, 0xa5, 0x4a, 0x53, 0x8c, 0x63, 0xb5, 0xad, 
	0x94, 0xa5, 0x9c, 0xe7, 0x84, 0x21, 0x63, 0x19, 
	0x5b, 0x19, 0x6b, 0x9b, 0x84, 0x21, 0x94, 0xa5, 
	0x94, 0xa5, 0x8c, 0x63, 0x8c, 0x63, 0x94, 0xa5, 
	0x94, 0xa5, 0x9c, 0xe7, 0x84, 0x21, 0x52, 0x95, 
	0x84, 0x1f, 0x6b, 0x5b, 0x63, 0x19, 0x73, 0x9d, 
	0x84, 0x21, 0x94, 0xa5, 0x94, 0xa5, 0x8c, 0x63, 
	0x8c, 0x63, 0x94, 0xa5, 0x94, 0xa5, 0x9c, 0xe7, 
	0x84, 0x21, 0x4a, 0x53, 0x7b, 0xdf, 0x94, 0xa5, 
	0x6b, 0x5b, 0x63, 0x19, 0x73, 0x5b, 0x6b, 0x5b, 
	0x6b, 0x5b, 0x84, 0x21, 0x8c, 0x63, 0x94, 0xa5, 
	0x94, 0xa5, 0x7b, 0xdf, 0x7b, 0xdf, 0x84, 0x21, 
	0x7b, 0xdf, 0x7b, 0xdf, 0x6b, 0x5b, 0x63, 0x19, 
	0x73, 0x9d, 0x6b, 0x5b, 0x6b, 0x5b, 0x84, 0x21, 
	0x8c, 0x63, 0x94, 0xa5, 0x94, 0xa5, 0x84, 0x21, 
	0x7b, 0xdf, 0x84, 0x21, 0x7b, 0xdf, 0x7b, 0xdf, 
	0x6b, 0x5b, 0x63, 0x19, 0x6b, 0x5b, 0x6b, 0x5b, 
	
};

Gfx ccm_dl__2_rgba16_aligner[] = {gsSPEndDisplayList()};
u8 ccm_dl__2_rgba16[] = {
	0x73, 0x9d, 0x52, 0x95, 0x73, 0x9d, 0x8c, 0x63, 
	0x5a, 0xd7, 0x4a, 0x53, 0x4a, 0x53, 0x5a, 0xd7, 
	0x31, 0x8d, 0x29, 0x4b, 0x31, 0x8d, 0x31, 0x8d, 
	0x31, 0x8d, 0x52, 0x95, 0x6b, 0x5b, 0x52, 0x95, 
	0x4a, 0x53, 0x52, 0x95, 0x63, 0x19, 0x52, 0x95, 
	0x8c, 0x63, 0x94, 0xa5, 0x7b, 0xdf, 0x84, 0x21, 
	0x94, 0xa5, 0x5a, 0xd7, 0x52, 0x95, 0x8c, 0x63, 
	0x6b, 0x5b, 0x6b, 0x5b, 0x52, 0x95, 0x52, 0x95, 
	0x5a, 0xd7, 0x4a, 0x53, 0x7b, 0xdf, 0x42, 0x11, 
	0x39, 0xcf, 0x42, 0x11, 0x42, 0x11, 0x5a, 0xd7, 
	0x42, 0x11, 0x39, 0xcf, 0x42, 0x11, 0x42, 0x11, 
	0x42, 0x11, 0x42, 0x11, 0x52, 0x95, 0x4a, 0x53, 
	0x52, 0x95, 0x4a, 0x53, 0x63, 0x19, 0x5a, 0xd7, 
	0x8c, 0x63, 0x63, 0x19, 0x42, 0x11, 0x63, 0x19, 
	0x84, 0x21, 0x52, 0x95, 0x52, 0x95, 0x84, 0x21, 
	0x84, 0x21, 0x5a, 0xd7, 0x5a, 0xd7, 0x7b, 0xdf, 
	0x73, 0x9d, 0x5a, 0xd7, 0x42, 0x11, 0x21, 0x09, 
	0x29, 0x4b, 0x31, 0x8d, 0x5a, 0xd7, 0x63, 0x19, 
	0x39, 0xcf, 0x31, 0x8d, 0x39, 0xcf, 0x31, 0x8d, 
	0x42, 0x11, 0x4a, 0x53, 0x42, 0x11, 0x42, 0x11, 
	0x42, 0x11, 0x52, 0x95, 0x5a, 0xd7, 0x5a, 0xd7, 
	0x84, 0x21, 0x52, 0x95, 0x42, 0x11, 0x42, 0x11, 
	0x73, 0x9d, 0x29, 0x4b, 0x84, 0x21, 0x84, 0x21, 
	0x84, 0x21, 0x6b, 0x5b, 0x63, 0x19, 0x8c, 0x63, 
	0x84, 0x21, 0x8c, 0x63, 0x4a, 0x53, 0x42, 0x11, 
	0x42, 0x11, 0x31, 0x8d, 0x5a, 0xd7, 0x5a, 0xd7, 
	0x39, 0xcf, 0x29, 0x4b, 0x31, 0x8d, 0x31, 0x8d, 
	0x42, 0x11, 0x4a, 0x53, 0x42, 0x11, 0x42, 0x11, 
	0x39, 0xcf, 0x4a, 0x53, 0x52, 0x95, 0x4a, 0x53, 
	0x63, 0x19, 0x63, 0x19, 0x4a, 0x53, 0x31, 0x8d, 
	0x42, 0x11, 0x29, 0x4b, 0x8c, 0x63, 0x73, 0x9d, 
	0x6b, 0x5b, 0x5a, 0xd7, 0x52, 0x95, 0x84, 0x21, 
	0x73, 0x9d, 0x63, 0x19, 0x73, 0x9d, 0x84, 0x21, 
	0x39, 0xcf, 0x29, 0x4b, 0x6b, 0x5b, 0x42, 0x11, 
	0x29, 0x4b, 0x29, 0x4b, 0x31, 0x8d, 0x31, 0x8d, 
	0x39, 0xcf, 0x4a, 0x53, 0x42, 0x11, 0x42, 0x11, 
	0x42, 0x11, 0x42, 0x11, 0x4a, 0x53, 0x73, 0x9d, 
	0x6b, 0x5b, 0x42, 0x11, 0x5a, 0xd7, 0x31, 0x8d, 
	0x4a, 0x53, 0x31, 0x8d, 0x73, 0x9d, 0x84, 0x21, 
	0x63, 0x19, 0x5a, 0xd7, 0x4a, 0x53, 0x84, 0x21, 
	0x73, 0x9d, 0x84, 0x21, 0x8c, 0x63, 0x63, 0x19, 
	0x39, 0xcf, 0x63, 0x19, 0x73, 0x9d, 0x31, 0x8d, 
	0x29, 0x4b, 0x42, 0x11, 0x31, 0x8d, 0x31, 0x8d, 
	0x42, 0x11, 0x4a, 0x53, 0x39, 0xcf, 0x39, 0xcf, 
	0x31, 0x8d, 0x31, 0x8d, 0x4a, 0x53, 0x7b, 0xdf, 
	0x5a, 0xd7, 0x42, 0x11, 0x52, 0x95, 0x42, 0x11, 
	0x4a, 0x53, 0x31, 0x8d, 0x42, 0x11, 0x6b, 0x5b, 
	0x5a, 0xd7, 0x4a, 0x53, 0x5a, 0xd7, 0x94, 0xa5, 
	0x8c, 0x63, 0x7b, 0xdf, 0x7b, 0xdf, 0x52, 0x95, 
	0x39, 0xcf, 0x6b, 0x5b, 0x52, 0x95, 0x29, 0x4b, 
	0x39, 0xcf, 0x42, 0x11, 0x39, 0xcf, 0x39, 0xcf, 
	0x4a, 0x53, 0x31, 0x8d, 0x31, 0x8d, 0x31, 0x8d, 
	0x29, 0x4b, 0x31, 0x8d, 0x39, 0xcf, 0x52, 0x95, 
	0x4a, 0x53, 0x42, 0x11, 0x52, 0x95, 0x6b, 0x5b, 
	0x84, 0x21, 0x7b, 0xdf, 0x52, 0x95, 0x52, 0x95, 
	0x5a, 0xd7, 0x84, 0x21, 0x73, 0x9d, 0x9c, 0xe7, 
	0x9c, 0xe7, 0x8c, 0x63, 0x8c, 0x63, 0x42, 0x11, 
	0x39, 0xcf, 0x84, 0x21, 0x5a, 0xd7, 0x31, 0x8d, 
	0x4a, 0x53, 0x42, 0x11, 0x31, 0x8d, 0x39, 0xcf, 
	0x42, 0x11, 0x29, 0x4b, 0x29, 0x4b, 0x29, 0x4b, 
	0x21, 0x09, 0x31, 0x8d, 0x42, 0x11, 0x6b, 0x5b, 
	0x42, 0x11, 0x4a, 0x53, 0x6b, 0x5b, 0x7b, 0xdf, 
	0x84, 0x21, 0x94, 0xa5, 0xa5, 0x29, 0x8c, 0x63, 
	0x52, 0x95, 0x73, 0x9d, 0x8c, 0x63, 0x8c, 0x63, 
	0x94, 0xa5, 0x94, 0xa5, 0xc6, 0x31, 0x73, 0x9d, 
	0x42, 0x11, 0x8c, 0x63, 0x5a, 0xd7, 0x42, 0x11, 
	0x42, 0x11, 0x42, 0x11, 0x31, 0x8d, 0x31, 0x8d, 
	0x39, 0xcf, 0x21, 0x09, 0x18, 0xc7, 0x21, 0x09, 
	0x29, 0x4b, 0x21, 0x09, 0x29, 0x4b, 0x39, 0xcf, 
	0x52, 0x95, 0x73, 0x9d, 0x73, 0x9d, 0x7b, 0xdf, 
	0x6b, 0x5b, 0x7b, 0xdf, 0xb5, 0xad, 0x94, 0xa5, 
	0x73, 0x9d, 0x8c, 0x63, 0x8c, 0x63, 0x7b, 0xdf, 
	0x94, 0xa5, 0x94, 0xa5, 0xb5, 0xad, 0xce, 0x73, 
	0x9c, 0xe7, 0x8c, 0x63, 0x7b, 0xdf, 0x5a, 0xd7, 
	0x4a, 0x53, 0x5a, 0xd7, 0x52, 0x95, 0x42, 0x11, 
	0x39, 0xcf, 0x39, 0xcf, 0x39, 0xcf, 0x39, 0xcf, 
	0x4a, 0x53, 0x39, 0xcf, 0x4a, 0x53, 0x4a, 0x53, 
	0x73, 0x9d, 0x73, 0x9d, 0x73, 0x9d, 0x7b, 0xdf, 
	0x5a, 0xd7, 0x4a, 0x53, 0x84, 0x21, 0xa5, 0x29, 
	0x8c, 0x63, 0x84, 0x21, 0x8c, 0x63, 0x8c, 0x63, 
	0x94, 0xa5, 0x94, 0xa5, 0x84, 0x21, 0x94, 0xa5, 
	0xbd, 0xef, 0x94, 0xa5, 0x73, 0x9d, 0x63, 0x19, 
	0x6b, 0x5b, 0x63, 0x19, 0x5a, 0xd7, 0x52, 0x95, 
	0x39, 0xcf, 0x29, 0x4b, 0x39, 0xcf, 0x39, 0xcf, 
	0x4a, 0x53, 0x52, 0x95, 0x8c, 0x63, 0x5a, 0xd7, 
	0x8c, 0x63, 0x5a, 0xd7, 0x73, 0x9d, 0x84, 0x21, 
	0x73, 0x9d, 0x73, 0x9d, 0x84, 0x21, 0x8c, 0x63, 
	0x8c, 0x63, 0x84, 0x21, 0x8c, 0x63, 0x84, 0x21, 
	0x8c, 0x63, 0x8c, 0x63, 0x8c, 0x63, 0x8c, 0x63, 
	0xb5, 0xad, 0xad, 0x6b, 0x63, 0x19, 0x39, 0xcf, 
	0x5a, 0xd7, 0x7b, 0xdf, 0x5a, 0xd7, 0x52, 0x95, 
	0x4a, 0x53, 0x29, 0x4b, 0x21, 0x09, 0x21, 0x09, 
	0x21, 0x09, 0x5a, 0xd7, 0x73, 0x9d, 0x21, 0x09, 
	0x52, 0x95, 0x84, 0x21, 0x7b, 0xdf, 0x84, 0x21, 
	0x5a, 0xd7, 0x63, 0x19, 0x63, 0x19, 0x63, 0x19, 
	0x7b, 0xdf, 0x84, 0x21, 0x73, 0x9d, 0x6b, 0x5b, 
	0x7b, 0xdf, 0x7b, 0xdf, 0x8c, 0x63, 0x8c, 0x63, 
	0x94, 0xa5, 0xb5, 0xad, 0x94, 0xa5, 0x42, 0x11, 
	0x8c, 0x63, 0x84, 0x21, 0x5a, 0xd7, 0x5a, 0xd7, 
	0x52, 0x95, 0x39, 0xcf, 0x21, 0x09, 0x21, 0x09, 
	0x18, 0xc7, 0x52, 0x95, 0x73, 0x9d, 0x5a, 0xd7, 
	0x5a, 0xd7, 0x7b, 0xdf, 0x7b, 0xdf, 0x6b, 0x5b, 
	0x42, 0x11, 0x42, 0x11, 0x5a, 0xd7, 0x7b, 0xdf, 
	0x63, 0x19, 0x4a, 0x53, 0x5a, 0xd7, 0x6b, 0x5b, 
	0x84, 0x21, 0x84, 0x21, 0x7b, 0xdf, 0x8c, 0x63, 
	0x8c, 0x63, 0x94, 0xa5, 0xc6, 0x31, 0x8c, 0x63, 
	0x94, 0xa5, 0x8c, 0x63, 0x63, 0x19, 0x5a, 0xd7, 
	0x6b, 0x5b, 0x39, 0xcf, 0x21, 0x09, 0x29, 0x4b, 
	0x39, 0xcf, 0x21, 0x09, 0x21, 0x09, 0x5a, 0xd7, 
	0x73, 0x9d, 0x73, 0x9d, 0x84, 0x21, 0x7b, 0xdf, 
	0x73, 0x9d, 0x73, 0x9d, 0x73, 0x9d, 0x94, 0xa5, 
	0x63, 0x19, 0x42, 0x11, 0x42, 0x11, 0x6b, 0x5b, 
	0x7b, 0xdf, 0x8c, 0x63, 0x84, 0x21, 0x8c, 0x63, 
	0x8c, 0x63, 0x94, 0xa5, 0x8c, 0x63, 0x94, 0xa5, 
	0xad, 0x6b, 0x8c, 0x63, 0x84, 0x21, 0x84, 0x21, 
	0x73, 0x9d, 0x5a, 0xd7, 0x39, 0xcf, 0x4a, 0x53, 
	0x42, 0x11, 0x21, 0x09, 0x21, 0x09, 0x29, 0x4b, 
	0x63, 0x19, 0x6b, 0x5b, 0x84, 0x21, 0x73, 0x9d, 
	0x6b, 0x5b, 0x7b, 0xdf, 0x63, 0x19, 0x84, 0x21, 
	0x73, 0x9d, 0x63, 0x19, 0x52, 0x95, 0x52, 0x95, 
	0x8c, 0x63, 0x94, 0xa5, 0x8c, 0x63, 0x94, 0xa5, 
	0x94, 0xa5, 0x8c, 0x63, 0x7b, 0xdf, 0x7b, 0xdf, 
	0xad, 0x6b, 0x8c, 0x63, 0x73, 0x9d, 0x8c, 0x63, 
	0x84, 0x21, 0x63, 0x19, 0x42, 0x11, 0x5a, 0xd7, 
	0x5a, 0xd7, 0x52, 0x95, 0x42, 0x11, 0x39, 0xcf, 
	0x63, 0x19, 0x5a, 0xd7, 0x7b, 0xdf, 0x73, 0x9d, 
	0x63, 0x19, 0x6b, 0x5b, 0x73, 0x9d, 0x7b, 0xdf, 
	0x73, 0x9d, 0x73, 0x9d, 0x7b, 0xdf, 0x5a, 0xd7, 
	0x8c, 0x63, 0x8c, 0x63, 0x8c, 0x63, 0x94, 0xa5, 
	0x94, 0xa5, 0x8c, 0x63, 0x8c, 0x63, 0x63, 0x19, 
	0x7b, 0xdf, 0x94, 0xa5, 0x9c, 0xe7, 0x8c, 0x63, 
	0x84, 0x21, 0x4a, 0x53, 0x5a, 0xd7, 0x42, 0x11, 
	0x29, 0x4b, 0x29, 0x4b, 0x6b, 0x5b, 0x6b, 0x5b, 
	0x52, 0x95, 0x4a, 0x53, 0x4a, 0x53, 0x52, 0x95, 
	0x63, 0x19, 0x63, 0x19, 0x73, 0x9d, 0x6b, 0x5b, 
	0x6b, 0x5b, 0x4a, 0x53, 0x73, 0x9d, 0x8c, 0x63, 
	0x73, 0x9d, 0x8c, 0x63, 0x94, 0xa5, 0x84, 0x21, 
	0x73, 0x9d, 0x63, 0x19, 0x73, 0x9d, 0x5a, 0xd7, 
	0x63, 0x19, 0x7b, 0xdf, 0x7b, 0xdf, 0x94, 0xa5, 
	0xad, 0x6b, 0x7b, 0xdf, 0x73, 0x9d, 0x63, 0x19, 
	0x63, 0x19, 0x63, 0x19, 0x52, 0x95, 0x7b, 0xdf, 
	0x63, 0x19, 0x63, 0x19, 0x6b, 0x5b, 0x63, 0x19, 
	0x7b, 0xdf, 0x7b, 0xdf, 0x8c, 0x63, 0x73, 0x9d, 
	0x63, 0x19, 0x6b, 0x5b, 0x4a, 0x53, 0x5a, 0xd7, 
	0x73, 0x9d, 0x7b, 0xdf, 0x7b, 0xdf, 0x84, 0x21, 
	0x5a, 0xd7, 0x63, 0x19, 0x63, 0x19, 0x5a, 0xd7, 
	0x42, 0x11, 0x5a, 0xd7, 0x7b, 0xdf, 0x6b, 0x5b, 
	0xad, 0x6b, 0xad, 0x6b, 0x5a, 0xd7, 0x39, 0xcf, 
	0x39, 0xcf, 0x42, 0x11, 0x63, 0x19, 0x8c, 0x63, 
	0x63, 0x19, 0x5a, 0xd7, 0x6b, 0x5b, 0x7b, 0xdf, 
	0x8c, 0x63, 0x7b, 0xdf, 0x73, 0x9d, 0x6b, 0x5b, 
	0x63, 0x19, 0x73, 0x9d, 0x73, 0x9d, 0x4a, 0x53, 
	0x63, 0x19, 0x63, 0x19, 0x7b, 0xdf, 0x84, 0x21, 
	0x6b, 0x5b, 0x7b, 0xdf, 0x73, 0x9d, 0x52, 0x95, 
	0x4a, 0x53, 0x63, 0x19, 0x9c, 0xe7, 0x7b, 0xdf, 
	0x73, 0x9d, 0x94, 0xa5, 0x94, 0xa5, 0x7b, 0xdf, 
	0x52, 0x95, 0x39, 0xcf, 0x7b, 0xdf, 0x84, 0x21, 
	0x73, 0x9d, 0x84, 0x21, 0x7b, 0xdf, 0x84, 0x21, 
	0x8c, 0x63, 0x73, 0x9d, 0x7b, 0xdf, 0x7b, 0xdf, 
	0x63, 0x19, 0x5a, 0xd7, 0xad, 0x6b, 0x8c, 0x63, 
	0x5a, 0xd7, 0x42, 0x11, 0x73, 0x9d, 0x6b, 0x5b, 
	0x39, 0xcf, 0x73, 0x9d, 0x8c, 0x63, 0x63, 0x19, 
	0x7b, 0xdf, 0x9c, 0xe7, 0x8c, 0x63, 0x73, 0x9d, 
	0x52, 0x95, 0x73, 0x9d, 0x73, 0x9d, 0x94, 0xa5, 
	0x94, 0xa5, 0xad, 0x6b, 0x8c, 0x63, 0x84, 0x21, 
	0x84, 0x21, 0x8c, 0x63, 0x7b, 0xdf, 0x7b, 0xdf, 
	0x84, 0x21, 0x84, 0x21, 0x7b, 0xdf, 0x73, 0x9d, 
	0x84, 0x21, 0x52, 0x95, 0x84, 0x21, 0x8c, 0x63, 
	0x6b, 0x5b, 0x4a, 0x53, 0x52, 0x95, 0x4a, 0x53, 
	0x4a, 0x53, 0x84, 0x21, 0x6b, 0x5b, 0x7b, 0xdf, 
	0xa5, 0x29, 0x7b, 0xdf, 0x7b, 0xdf, 0x73, 0x9d, 
	0x5a, 0xd7, 0x6b, 0x5b, 0x63, 0x19, 0x7b, 0xdf, 
	0x8c, 0x63, 0xa5, 0x29, 0x94, 0xa5, 0x84, 0x21, 
	0x7b, 0xdf, 0x6b, 0x5b, 0x8c, 0x63, 0x7b, 0xdf, 
	0x7b, 0xdf, 0x8c, 0x63, 0x7b, 0xdf, 0x52, 0x95, 
	0x63, 0x19, 0x8c, 0x63, 0x6b, 0x5b, 0x6b, 0x5b, 
	0x5a, 0xd7, 0x63, 0x19, 0x73, 0x9d, 0x7b, 0xdf, 
	0x6b, 0x5b, 0x6b, 0x5b, 0x63, 0x19, 0x4a, 0x53, 
	0x5a, 0xd7, 0x84, 0x21, 0x94, 0xa5, 0x6b, 0x5b, 
	0x63, 0x19, 0x6b, 0x5b, 0x4a, 0x53, 0x6b, 0x5b, 
	0x63, 0x19, 0x73, 0x9d, 0x94, 0xa5, 0x7b, 0xdf, 
	0x84, 0x21, 0x7b, 0xdf, 0x8c, 0x63, 0x84, 0x21, 
	0x7b, 0xdf, 0x73, 0x9d, 0x7b, 0xdf, 0x63, 0x19, 
	0x5a, 0xd7, 0x6b, 0x5b, 0x6b, 0x5b, 0x6b, 0x5b, 
	0x63, 0x19, 0x73, 0x9d, 0x5a, 0xd7, 0x73, 0x9d, 
	0x84, 0x21, 0x7b, 0xdf, 0x6b, 0x5b, 0x63, 0x19, 
	0x84, 0x21, 0x8c, 0x63, 0x94, 0xa5, 0x63, 0x19, 
	0x5a, 0xd7, 0x8c, 0x63, 0x5a, 0xd7, 0x52, 0x95, 
	0x5a, 0xd7, 0x6b, 0x5b, 0x8c, 0x63, 0x63, 0x19, 
	0x8c, 0x63, 0x8c, 0x63, 0x8c, 0x63, 0x8c, 0x63, 
	0x84, 0x21, 0x7b, 0xdf, 0x6b, 0x5b, 0x7b, 0xdf, 
	0x8c, 0x63, 0x63, 0x19, 0x63, 0x19, 0x84, 0x21, 
	0x5a, 0xd7, 0x6b, 0x5b, 0x5a, 0xd7, 0x4a, 0x53, 
	0x4a, 0x53, 0x63, 0x19, 0x8c, 0x63, 0x8c, 0x63, 
	0x73, 0x9d, 0x84, 0x21, 0x94, 0xa5, 0x4a, 0x53, 
	0x52, 0x95, 0x9c, 0xe7, 0x8c, 0x63, 0x63, 0x19, 
	0x73, 0x9d, 0x7b, 0xdf, 0x8c, 0x63, 0x73, 0x9d, 
	0x8c, 0x63, 0x94, 0xa5, 0x8c, 0x63, 0x84, 0x21, 
	0x8c, 0x63, 0x8c, 0x63, 0x84, 0x21, 0x5a, 0xd7, 
	0x6b, 0x5b, 0x63, 0x19, 0x7b, 0xdf, 0x73, 0x9d, 
	0x8c, 0x63, 0x7b, 0xdf, 0x73, 0x9d, 0x73, 0x9d, 
	0x42, 0x11, 0x39, 0xcf, 0x73, 0x9d, 0x84, 0x21, 
	0x6b, 0x5b, 0x84, 0x21, 0x8c, 0x63, 0x7b, 0xdf, 
	0x4a, 0x53, 0x8c, 0x63, 0x84, 0x21, 0x84, 0x21, 
	0x73, 0x9d, 0x84, 0x21, 0x8c, 0x63, 0x8c, 0x63, 
	0x7b, 0xdf, 0x73, 0x9d, 0x7b, 0xdf, 0x94, 0xa5, 
	0x8c, 0x63, 0x8c, 0x63, 0x94, 0xa5, 0x63, 0x19, 
	0x5a, 0xd7, 0x63, 0x19, 0x6b, 0x5b, 0x6b, 0x5b, 
	0x63, 0x19, 0x73, 0x9d, 0x7b, 0xdf, 0x94, 0xa5, 
	0x84, 0x21, 0x52, 0x95, 0x73, 0x9d, 0x63, 0x19, 
	0x63, 0x19, 0x8c, 0x63, 0x73, 0x9d, 0x7b, 0xdf, 
	0x84, 0x21, 0x63, 0x19, 0x63, 0x19, 0x9c, 0xe7, 
	0x84, 0x21, 0x73, 0x9d, 0x84, 0x21, 0x6b, 0x5b, 
	0x73, 0x9d, 0x7b, 0xdf, 0x7b, 0xdf, 0x94, 0xa5, 
	0x8c, 0x63, 0x8c, 0x63, 0x8c, 0x63, 0x94, 0xa5, 
	0x94, 0xa5, 0x8c, 0x63, 0x7b, 0xdf, 0x73, 0x9d, 
	0x63, 0x19, 0x6b, 0x5b, 0x73, 0x9d, 0x94, 0xa5, 
	0x84, 0x21, 0x4a, 0x53, 0x63, 0x19, 0x63, 0x19, 
	0x5a, 0xd7, 0x84, 0x21, 0x7b, 0xdf, 0x73, 0x9d, 
	0x5a, 0xd7, 0x63, 0x19, 0x7b, 0xdf, 0x8c, 0x63, 
	0x8c, 0x63, 0x84, 0x21, 0x94, 0xa5, 0x84, 0x21, 
	0x73, 0x9d, 0x94, 0xa5, 0x84, 0x21, 0x84, 0x21, 
	0x94, 0xa5, 0x94, 0xa5, 0x8c, 0x63, 0x94, 0xa5, 
	0x8c, 0x63, 0x7b, 0xdf, 0x94, 0xa5, 0x8c, 0x63, 
	0x52, 0x95, 0x73, 0x9d, 0x94, 0xa5, 0x94, 0xa5, 
	0x94, 0xa5, 0x7b, 0xdf, 0x6b, 0x5b, 0x73, 0x9d, 
	0x73, 0x9d, 0x73, 0x9d, 0x73, 0x9d, 0x6b, 0x5b, 
	0x4a, 0x53, 0x4a, 0x53, 0x5a, 0xd7, 0x73, 0x9d, 
	0x73, 0x9d, 0x8c, 0x63, 0x8c, 0x63, 0x8c, 0x63, 
	0x73, 0x9d, 0x9c, 0xe7, 0x84, 0x21, 0x8c, 0x63, 
	0x94, 0xa5, 0x94, 0xa5, 0x94, 0xa5, 0x94, 0xa5, 
	0x94, 0xa5, 0x8c, 0x63, 0x8c, 0x63, 0x73, 0x9d, 
	0x63, 0x19, 0x42, 0x11, 0x7b, 0xdf, 0x8c, 0x63, 
	0x8c, 0x63, 0x7b, 0xdf, 0x4a, 0x53, 0x52, 0x95, 
	0x63, 0x19, 0x63, 0x19, 0x5a, 0xd7, 0x52, 0x95, 
	0x73, 0x9d, 0x63, 0x19, 0x42, 0x11, 0x6b, 0x5b, 
	0x7b, 0xdf, 0x7b, 0xdf, 0x84, 0x21, 0x8c, 0x63, 
	0x7b, 0xdf, 0x8c, 0x63, 0x94, 0xa5, 0x8c, 0x63, 
	0x7b, 0xdf, 0x8c, 0x63, 0x94, 0xa5, 0x8c, 0x63, 
	0x94, 0xa5, 0x8c, 0x63, 0x6b, 0x5b, 0x63, 0x19, 
	0x5a, 0xd7, 0x39, 0xcf, 0x42, 0x11, 0x63, 0x19, 
	0x8c, 0x63, 0x63, 0x19, 0x31, 0x8d, 0x31, 0x8d, 
	0x52, 0x95, 0x73, 0x9d, 0x63, 0x19, 0x52, 0x95, 
	0x73, 0x9d, 0x63, 0x19, 0x4a, 0x53, 0x6b, 0x5b, 
	0x84, 0x21, 0x7b, 0xdf, 0x84, 0x21, 0x8c, 0x63, 
	0x8c, 0x63, 0x94, 0xa5, 0x94, 0xa5, 0x84, 0x21, 
	0x84, 0x21, 0x8c, 0x63, 0x94, 0xa5, 0x8c, 0x63, 
	0x8c, 0x63, 0x94, 0xa5, 0x73, 0x9d, 0x5a, 0xd7, 
	0x84, 0x21, 0x42, 0x11, 0x4a, 0x53, 0x42, 0x11, 
	0x8c, 0x63, 0x8c, 0x63, 0x5a, 0xd7, 0x5a, 0xd7, 
	0x4a, 0x53, 0x7b, 0xdf, 0x73, 0x9d, 0x6b, 0x5b, 
	0x52, 0x95, 0x42, 0x11, 0x52, 0x95, 0x6b, 0x5b, 
	0x7b, 0xdf, 0x63, 0x19, 0x6b, 0x5b, 0x63, 0x19, 
	0x7b, 0xdf, 0x7b, 0xdf, 0x73, 0x9d, 0x8c, 0x63, 
	0x8c, 0x63, 0x84, 0x21, 0x8c, 0x63, 0x94, 0xa5, 
	0x9c, 0xe7, 0x94, 0xa5, 0x94, 0xa5, 0x73, 0x9d, 
	
};

Gfx ccm_dl__3_rgba16_aligner[] = {gsSPEndDisplayList()};
u8 ccm_dl__3_rgba16[] = {
	0x7b, 0xfb, 0x94, 0xbb, 0xa5, 0x3b, 0xad, 0x7b, 
	0xb5, 0xbb, 0xb5, 0xbb, 0xb5, 0xbb, 0xbd, 0xfb, 
	0xbd, 0xfb, 0xbd, 0xfb, 0xb5, 0xbb, 0xa5, 0x3b, 
	0x9c, 0xfb, 0x94, 0xbb, 0x94, 0xbb, 0x8c, 0x7b, 
	0x8c, 0x7b, 0x84, 0x3b, 0x7b, 0xfb, 0x7b, 0xfb, 
	0x7b, 0xfb, 0x84, 0x3b, 0x7b, 0xfb, 0x7b, 0xfb, 
	0x84, 0x3b, 0x8c, 0x7b, 0x8c, 0x7b, 0x8c, 0x7b, 
	0x94, 0xbb, 0x9c, 0xfb, 0x9c, 0xfb, 0x84, 0x3b, 
	0x63, 0x3b, 0x73, 0xbb, 0x9c, 0xfb, 0xd6, 0xbb, 
	0xe7, 0x3b, 0xde, 0xfb, 0xd6, 0xbb, 0xd6, 0xbb, 
	0xd6, 0xbb, 0xd6, 0xbb, 0xde, 0xfb, 0xde, 0xfb, 
	0xde, 0xfb, 0xde, 0xfb, 0xde, 0xfb, 0xde, 0xfb, 
	0xd6, 0xbb, 0xd6, 0xbb, 0xd6, 0xbb, 0xd6, 0xbb, 
	0xce, 0x7b, 0xce, 0x7b, 0xce, 0x7b, 0xc6, 0x3b, 
	0xc6, 0x3b, 0xc6, 0x3b, 0xc6, 0x3b, 0xbd, 0xfb, 
	0xb5, 0xbb, 0xad, 0x7b, 0xad, 0x7b, 0xef, 0x7b, 
	0xa5, 0x3b, 0xad, 0x7b, 0xa5, 0x3b, 0xb5, 0xbb, 
	0xc6, 0x3b, 0xc6, 0x3b, 0xd6, 0xbb, 0xd6, 0xbb, 
	0xce, 0x7b, 0xc6, 0x3b, 0xc6, 0x3b, 0xbd, 0xfb, 
	0xad, 0x7b, 0x9c, 0xfb, 0x94, 0xbb, 0x8c, 0x7b, 
	0x84, 0x3b, 0x84, 0x3b, 0x8c, 0x7b, 0x8c, 0x7b, 
	0x8c, 0x7b, 0x8c, 0x7b, 0x94, 0xbb, 0x94, 0xbb, 
	0x94, 0xbb, 0x94, 0xbb, 0x94, 0xbb, 0x9c, 0xfb, 
	0xad, 0x7b, 0xad, 0x7b, 0xb5, 0xbb, 0x84, 0x3b, 
	0x63, 0x3b, 0x7b, 0xfb, 0xa5, 0x3b, 0xde, 0xfb, 
	0xde, 0xfb, 0xde, 0xfb, 0xd6, 0xbb, 0xd6, 0xbb, 
	0xd6, 0xbb, 0xde, 0xfb, 0xe7, 0x3b, 0xe7, 0x3b, 
	0xe7, 0x3b, 0xde, 0xfb, 0xde, 0xfb, 0xde, 0xfb, 
	0xd6, 0xbb, 0xd6, 0xbb, 0xd6, 0xbb, 0xce, 0x7b, 
	0xce, 0x7b, 0xce, 0x7b, 0xc6, 0x3b, 0xbd, 0xfb, 
	0xb5, 0xbb, 0xad, 0x7b, 0xa5, 0x3b, 0x9c, 0xfb, 
	0x94, 0xbb, 0x94, 0xbb, 0xad, 0x7b, 0xef, 0x7b, 
	0x73, 0xbb, 0x9c, 0xfb, 0xb5, 0xbb, 0xa5, 0x3b, 
	0xad, 0x7b, 0xbd, 0xfb, 0xc6, 0x3b, 0xbd, 0xfb, 
	0xad, 0x7b, 0xb5, 0xbb, 0xbd, 0xfb, 0xc6, 0x3b, 
	0xb5, 0xbb, 0xa5, 0x3b, 0x8c, 0x7b, 0x73, 0xbb, 
	0x6b, 0x7b, 0x6b, 0x7b, 0x6b, 0x7b, 0x73, 0xbb, 
	0x7b, 0xfb, 0x8c, 0x7b, 0x8c, 0x7b, 0x94, 0xbb, 
	0x94, 0xbb, 0x94, 0xbb, 0x9c, 0xfb, 0xad, 0x7b, 
	0xb5, 0xbb, 0xb5, 0xbb, 0xb5, 0xbb, 0x84, 0x3b, 
	0x63, 0x3b, 0x84, 0x3b, 0xad, 0x7b, 0xde, 0xfb, 
	0xe7, 0x3b, 0xd6, 0xbb, 0xd6, 0xbb, 0xce, 0x7b, 
	0xde, 0xfb, 0xd6, 0xbb, 0xd6, 0xbb, 0xd6, 0xbb, 
	0xde, 0xfb, 0xe7, 0x3b, 0xe7, 0x3b, 0xde, 0xfb, 
	0xde, 0xfb, 0xd6, 0xbb, 0xd6, 0xbb, 0xd6, 0xbb, 
	0xd6, 0xbb, 0xd6, 0xbb, 0xc6, 0x3b, 0xad, 0x7b, 
	0x94, 0xbb, 0x8c, 0x7b, 0x7b, 0xfb, 0x6b, 0x7b, 
	0x6b, 0x7b, 0x6b, 0x7b, 0x94, 0xbb, 0xef, 0x7b, 
	0x08, 0x7b, 0x08, 0x7b, 0x39, 0xfb, 0xad, 0x7b, 
	0xb5, 0xbb, 0xad, 0x7b, 0xad, 0x7b, 0xa5, 0x3b, 
	0xad, 0x7b, 0xb5, 0xbb, 0xbd, 0xfb, 0xc6, 0x3b, 
	0xc6, 0x3b, 0xb5, 0xbb, 0x94, 0xbb, 0x73, 0xbb, 
	0x63, 0x3b, 0x63, 0x3b, 0x6b, 0x7b, 0x73, 0xbb, 
	0x84, 0x3b, 0x8c, 0x7b, 0x8c, 0x7b, 0x8c, 0x7b, 
	0x94, 0xbb, 0x94, 0xbb, 0x9c, 0xfb, 0xad, 0x7b, 
	0xb5, 0xbb, 0xb5, 0xbb, 0xbd, 0xfb, 0x84, 0x3b, 
	0x6b, 0x7b, 0x8c, 0x7b, 0xa5, 0x3b, 0xde, 0xfb, 
	0xde, 0xfb, 0xce, 0x7b, 0xc6, 0x3b, 0xc6, 0x3b, 
	0xce, 0x7b, 0xa5, 0x3b, 0xbd, 0xfb, 0xc6, 0x3b, 
	0xb5, 0xbb, 0xbd, 0xfb, 0xc6, 0x3b, 0xad, 0x7b, 
	0x42, 0x3b, 0x39, 0xfb, 0x21, 0x3b, 0x18, 0xfb, 
	0x10, 0xbb, 0x08, 0x7b, 0x08, 0x7b, 0x00, 0x3b, 
	0x00, 0x3b, 0x08, 0x7b, 0x18, 0xfb, 0x21, 0x3b, 
	0x31, 0xbb, 0x42, 0x3b, 0x6b, 0x7b, 0xef, 0x7b, 
	0x00, 0x3b, 0x00, 0x3b, 0x00, 0x3b, 0x10, 0xbb, 
	0x39, 0xfb, 0x63, 0x3b, 0x84, 0x3b, 0x9c, 0xfb, 
	0xb5, 0xbb, 0xb5, 0xbb, 0xbd, 0xfb, 0xc6, 0x3b, 
	0xb5, 0xbb, 0xc6, 0x3b, 0xad, 0x7b, 0x94, 0xbb, 
	0x73, 0xbb, 0x6b, 0x7b, 0x73, 0xbb, 0x7b, 0xfb, 
	0x84, 0x3b, 0x84, 0x3b, 0x8c, 0x7b, 0x8c, 0x7b, 
	0x8c, 0x7b, 0x8c, 0x7b, 0x94, 0xbb, 0xa5, 0x3b, 
	0xad, 0x7b, 0xb5, 0xbb, 0xbd, 0xfb, 0x84, 0x3b, 
	0x6b, 0x7b, 0x8c, 0x7b, 0xa5, 0x3b, 0xde, 0xfb, 
	0xe7, 0x3b, 0xd6, 0xbb, 0xbd, 0xfb, 0x63, 0x3b, 
	0x21, 0x3b, 0x21, 0x3b, 0x94, 0xbb, 0xb5, 0xbb, 
	0x94, 0xbb, 0x21, 0x3b, 0x00, 0x3b, 0x00, 0x3b, 
	0x00, 0x3b, 0x00, 0x3b, 0x00, 0x3b, 0x00, 0x3b, 
	0x00, 0x3b, 0x00, 0x3b, 0x00, 0x3b, 0x00, 0x3b, 
	0x00, 0x3b, 0x08, 0x7b, 0x10, 0xbb, 0x18, 0xfb, 
	0x29, 0x7b, 0x52, 0xbb, 0x42, 0x3b, 0xef, 0x7b, 
	0x00, 0x3b, 0x00, 0x3b, 0x00, 0x3b, 0x08, 0x7b, 
	0x8c, 0x7b, 0x8c, 0x7b, 0x9c, 0xfb, 0xb5, 0xbb, 
	0xbd, 0xfb, 0xb5, 0xbb, 0xb5, 0xbb, 0xb5, 0xbb, 
	0xb5, 0xbb, 0xad, 0x7b, 0xb5, 0xbb, 0xad, 0x7b, 
	0x94, 0xbb, 0x73, 0xbb, 0x73, 0xbb, 0x7b, 0xfb, 
	0x7b, 0xfb, 0x7b, 0xfb, 0x84, 0x3b, 0x84, 0x3b, 
	0x8c, 0x7b, 0x8c, 0x7b, 0x94, 0xbb, 0x9c, 0xfb, 
	0xad, 0x7b, 0xb5, 0xbb, 0xb5, 0xbb, 0x84, 0x3b, 
	0x6b, 0x7b, 0x94, 0xbb, 0xb5, 0xbb, 0xde, 0xfb, 
	0xef, 0x7b, 0xd6, 0xbb, 0x9c, 0xfb, 0x31, 0xbb, 
	0x10, 0xbb, 0x08, 0x7b, 0x52, 0xbb, 0x94, 0xbb, 
	0x8c, 0x7b, 0x39, 0xfb, 0x08, 0x7b, 0x00, 0x3b, 
	0x00, 0x3b, 0x00, 0x3b, 0x00, 0x3b, 0x00, 0x3b, 
	0x00, 0x3b, 0x00, 0x3b, 0x00, 0x3b, 0x00, 0x3b, 
	0x00, 0x3b, 0x00, 0x3b, 0x08, 0x7b, 0x18, 0xfb, 
	0x42, 0x3b, 0x73, 0xbb, 0x52, 0xbb, 0xef, 0x7b, 
	0x00, 0x3b, 0x00, 0x3b, 0x00, 0x3b, 0x18, 0xfb, 
	0x52, 0xbb, 0x94, 0xbb, 0xb5, 0xbb, 0xb5, 0xbb, 
	0xa5, 0x3b, 0x8c, 0x7b, 0x8c, 0x7b, 0x94, 0xbb, 
	0xa5, 0x3b, 0xad, 0x7b, 0xad, 0x7b, 0xad, 0x7b, 
	0x9c, 0xfb, 0x8c, 0x7b, 0x73, 0xbb, 0x73, 0xbb, 
	0x73, 0xbb, 0x7b, 0xfb, 0x84, 0x3b, 0x84, 0x3b, 
	0x8c, 0x7b, 0x8c, 0x7b, 0x8c, 0x7b, 0x94, 0xbb, 
	0xa5, 0x3b, 0xad, 0x7b, 0xad, 0x7b, 0x84, 0x3b, 
	0x6b, 0x7b, 0x9c, 0xfb, 0xbd, 0xfb, 0xde, 0xfb, 
	0xe7, 0x3b, 0xce, 0x7b, 0x8c, 0x7b, 0x18, 0xfb, 
	0x08, 0x7b, 0x00, 0x3b, 0x31, 0xbb, 0x8c, 0x7b, 
	0x8c, 0x7b, 0x6b, 0x7b, 0x21, 0x3b, 0x00, 0x3b, 
	0x00, 0x3b, 0x00, 0x3b, 0x00, 0x3b, 0x00, 0x3b, 
	0x00, 0x3b, 0x00, 0x3b, 0x00, 0x3b, 0x00, 0x3b, 
	0x00, 0x3b, 0x00, 0x3b, 0x18, 0xfb, 0x31, 0xbb, 
	0x5a, 0xfb, 0x8c, 0x7b, 0x73, 0xbb, 0xef, 0x7b, 
	0x10, 0xbb, 0x08, 0x7b, 0x18, 0xfb, 0x63, 0x3b, 
	0xb5, 0xbb, 0xc6, 0x3b, 0xbd, 0xfb, 0x94, 0xbb, 
	0x6b, 0x7b, 0x42, 0x3b, 0x63, 0x3b, 0x84, 0x3b, 
	0x8c, 0x7b, 0x94, 0xbb, 0x9c, 0xfb, 0x9c, 0xfb, 
	0xa5, 0x3b, 0x94, 0xbb, 0x8c, 0x7b, 0x7b, 0xfb, 
	0x73, 0xbb, 0x7b, 0xfb, 0x7b, 0xfb, 0x84, 0x3b, 
	0x84, 0x3b, 0x8c, 0x7b, 0x8c, 0x7b, 0x94, 0xbb, 
	0xa5, 0x3b, 0xa5, 0x3b, 0xad, 0x7b, 0x84, 0x3b, 
	0x7b, 0xfb, 0xa5, 0x3b, 0xbd, 0xfb, 0xde, 0xfb, 
	0xe7, 0x3b, 0xc6, 0x3b, 0x6b, 0x7b, 0x10, 0xbb, 
	0x00, 0x3b, 0x00, 0x3b, 0x21, 0x3b, 0x6b, 0x7b, 
	0x8c, 0x7b, 0x84, 0x3b, 0x42, 0x3b, 0x10, 0xbb, 
	0x00, 0x3b, 0x00, 0x3b, 0x00, 0x3b, 0x00, 0x3b, 
	0x00, 0x3b, 0x00, 0x3b, 0x00, 0x3b, 0x00, 0x3b, 
	0x00, 0x3b, 0x10, 0xbb, 0x29, 0x7b, 0x52, 0xbb, 
	0x7b, 0xfb, 0x94, 0xbb, 0x8c, 0x7b, 0xef, 0x7b, 
	0x4a, 0x7b, 0x29, 0x7b, 0x73, 0xbb, 0xbd, 0xfb, 
	0xc6, 0x3b, 0xb5, 0xbb, 0x94, 0xbb, 0x4a, 0x7b, 
	0x18, 0xfb, 0x29, 0x7b, 0x5a, 0xfb, 0x73, 0xbb, 
	0x73, 0xbb, 0x63, 0x3b, 0x7b, 0xfb, 0x8c, 0x7b, 
	0x94, 0xbb, 0x94, 0xbb, 0x94, 0xbb, 0x8c, 0x7b, 
	0x7b, 0xfb, 0x73, 0xbb, 0x7b, 0xfb, 0x7b, 0xfb, 
	0x84, 0x3b, 0x8c, 0x7b, 0x8c, 0x7b, 0x94, 0xbb, 
	0xa5, 0x3b, 0xad, 0x7b, 0xb5, 0xbb, 0x84, 0x3b, 
	0x8c, 0x7b, 0x94, 0xbb, 0xbd, 0xfb, 0xde, 0xfb, 
	0xe7, 0x3b, 0xb5, 0xbb, 0x63, 0x3b, 0x10, 0xbb, 
	0x00, 0x3b, 0x00, 0x3b, 0x10, 0xbb, 0x5a, 0xfb, 
	0x8c, 0x7b, 0x8c, 0x7b, 0x63, 0x3b, 0x29, 0x7b, 
	0x08, 0x7b, 0x00, 0x3b, 0x00, 0x3b, 0x00, 0x3b, 
	0x00, 0x3b, 0x00, 0x3b, 0x00, 0x3b, 0x00, 0x3b, 
	0x00, 0x3b, 0x21, 0x3b, 0x4a, 0x7b, 0x73, 0xbb, 
	0x94, 0xbb, 0xa5, 0x3b, 0x94, 0xbb, 0xef, 0x7b, 
	0x73, 0xbb, 0x8c, 0x7b, 0xbd, 0xfb, 0xc6, 0x3b, 
	0xb5, 0xbb, 0x8c, 0x7b, 0x29, 0x7b, 0x00, 0x3b, 
	0x08, 0x7b, 0x29, 0x7b, 0x6b, 0x7b, 0x84, 0x3b, 
	0x73, 0xbb, 0x29, 0x7b, 0x29, 0x7b, 0x4a, 0x7b, 
	0x73, 0xbb, 0x8c, 0x7b, 0x8c, 0x7b, 0x8c, 0x7b, 
	0x8c, 0x7b, 0x73, 0xbb, 0x73, 0xbb, 0x84, 0x3b, 
	0x8c, 0x7b, 0x8c, 0x7b, 0x94, 0xbb, 0x94, 0xbb, 
	0xa5, 0x3b, 0xad, 0x7b, 0xad, 0x7b, 0x84, 0x3b, 
	0x8c, 0x7b, 0xad, 0x7b, 0xbd, 0xfb, 0xde, 0xfb, 
	0xe7, 0x3b, 0xb5, 0xbb, 0x5a, 0xfb, 0x10, 0xbb, 
	0x00, 0x3b, 0x00, 0x3b, 0x10, 0xbb, 0x52, 0xbb, 
	0x8c, 0x7b, 0x8c, 0x7b, 0x7b, 0xfb, 0x4a, 0x7b, 
	0x10, 0xbb, 0x00, 0x3b, 0x00, 0x3b, 0x00, 0x3b, 
	0x00, 0x3b, 0x00, 0x3b, 0x00, 0x3b, 0x00, 0x3b, 
	0x08, 0x7b, 0x31, 0xbb, 0x73, 0xbb, 0x8c, 0x7b, 
	0xa5, 0x3b, 0xb5, 0xbb, 0xa5, 0x3b, 0xef, 0x7b, 
	0x8c, 0x7b, 0xbd, 0xfb, 0xbd, 0xfb, 0xad, 0x7b, 
	0x8c, 0x7b, 0x18, 0xfb, 0x00, 0x3b, 0x00, 0x3b, 
	0x08, 0x7b, 0x4a, 0x7b, 0x8c, 0x7b, 0x8c, 0x7b, 
	0x52, 0xbb, 0x08, 0x7b, 0x08, 0x7b, 0x10, 0xbb, 
	0x29, 0x7b, 0x4a, 0x7b, 0x6b, 0x7b, 0x7b, 0xfb, 
	0x8c, 0x7b, 0x8c, 0x7b, 0x6b, 0x7b, 0x7b, 0xfb, 
	0x8c, 0x7b, 0x94, 0xbb, 0x94, 0xbb, 0x9c, 0xfb, 
	0xa5, 0x3b, 0xad, 0x7b, 0xad, 0x7b, 0x84, 0x3b, 
	0x8c, 0x7b, 0xad, 0x7b, 0xbd, 0xfb, 0xde, 0xfb, 
	0xe7, 0x3b, 0xbd, 0xfb, 0x6b, 0x7b, 0x18, 0xfb, 
	0x00, 0x3b, 0x00, 0x3b, 0x08, 0x7b, 0x4a, 0x7b, 
	0x84, 0x3b, 0x8c, 0x7b, 0x8c, 0x7b, 0x63, 0x3b, 
	0x42, 0x3b, 0x10, 0xbb, 0x00, 0x3b, 0x00, 0x3b, 
	0x00, 0x3b, 0x00, 0x3b, 0x08, 0x7b, 0x08, 0x7b, 
	0x18, 0xfb, 0x52, 0xbb, 0x8c, 0x7b, 0x9c, 0xfb, 
	0xb5, 0xbb, 0xb5, 0xbb, 0xb5, 0xbb, 0xef, 0x7b, 
	0x94, 0xbb, 0xad, 0x7b, 0xa5, 0x3b, 0x94, 0xbb, 
	0x39, 0xfb, 0x08, 0x7b, 0x00, 0x3b, 0x00, 0x3b, 
	0x18, 0xfb, 0x73, 0xbb, 0x94, 0xbb, 0x7b, 0xfb, 
	0x18, 0xfb, 0x00, 0x3b, 0x00, 0x3b, 0x00, 0x3b, 
	0x00, 0x3b, 0x08, 0x7b, 0x29, 0x7b, 0x4a, 0x7b, 
	0x6b, 0x7b, 0x84, 0x3b, 0x84, 0x3b, 0x6b, 0x7b, 
	0x7b, 0xfb, 0x8c, 0x7b, 0x94, 0xbb, 0x9c, 0xfb, 
	0xa5, 0x3b, 0xad, 0x7b, 0xad, 0x7b, 0x84, 0x3b, 
	0x8c, 0x7b, 0xa5, 0x3b, 0xc6, 0x3b, 0xde, 0xfb, 
	0xe7, 0x3b, 0xbd, 0xfb, 0x73, 0xbb, 0x18, 0xfb, 
	0x00, 0x3b, 0x00, 0x3b, 0x08, 0x7b, 0x42, 0x3b, 
	0x73, 0xbb, 0x8c, 0x7b, 0x8c, 0x7b, 0x73, 0xbb, 
	0x52, 0xbb, 0x29, 0x7b, 0x08, 0x7b, 0x00, 0x3b, 
	0x00, 0x3b, 0x00, 0x3b, 0x10, 0xbb, 0x18, 0xfb, 
	0x29, 0x7b, 0x7b, 0xfb, 0xa5, 0x3b, 0xb5, 0xbb, 
	0xbd, 0xfb, 0xbd, 0xfb, 0xb5, 0xbb, 0xef, 0x7b, 
	0x8c, 0x7b, 0x9c, 0xfb, 0x9c, 0xfb, 0xad, 0x7b, 
	0xa5, 0x3b, 0x9c, 0xfb, 0x10, 0xbb, 0x08, 0x7b, 
	0x39, 0xfb, 0x94, 0xbb, 0x94, 0xbb, 0x31, 0xbb, 
	0x08, 0x7b, 0x00, 0x3b, 0x00, 0x3b, 0x00, 0x3b, 
	0x00, 0x3b, 0x08, 0x7b, 0x08, 0x7b, 0x18, 0xfb, 
	0x42, 0x3b, 0x6b, 0x7b, 0x84, 0x3b, 0x8c, 0x7b, 
	0x84, 0x3b, 0x8c, 0x7b, 0x94, 0xbb, 0x9c, 0xfb, 
	0x9c, 0xfb, 0xa5, 0x3b, 0xa5, 0x3b, 0x84, 0x3b, 
	0x8c, 0x7b, 0xc6, 0x3b, 0xd6, 0xbb, 0xe7, 0x3b, 
	0xde, 0xfb, 0xbd, 0xfb, 0x63, 0x3b, 0x10, 0xbb, 
	0x00, 0x3b, 0x00, 0x3b, 0x00, 0x3b, 0x39, 0xfb, 
	0x6b, 0x7b, 0x8c, 0x7b, 0x94, 0xbb, 0x84, 0x3b, 
	0x4a, 0x7b, 0x21, 0x3b, 0x10, 0xbb, 0x08, 0x7b, 
	0x08, 0x7b, 0x08, 0x7b, 0x18, 0xfb, 0x31, 0xbb, 
	0x52, 0xbb, 0x94, 0xbb, 0xbd, 0xfb, 0xc6, 0x3b, 
	0xce, 0x7b, 0xc6, 0x3b, 0xbd, 0xfb, 0xef, 0x7b, 
	0x5a, 0xfb, 0x94, 0xbb, 0x9c, 0xfb, 0xa5, 0x3b, 
	0x9c, 0xfb, 0x94, 0xbb, 0x7b, 0xfb, 0x4a, 0x7b, 
	0x73, 0xbb, 0x8c, 0x7b, 0x42, 0x3b, 0x21, 0x3b, 
	0x10, 0xbb, 0x10, 0xbb, 0x08, 0x7b, 0x08, 0x7b, 
	0x18, 0xfb, 0x21, 0x3b, 0x31, 0xbb, 0x52, 0xbb, 
	0x73, 0xbb, 0x8c, 0x7b, 0x94, 0xbb, 0x94, 0xbb, 
	0x94, 0xbb, 0x8c, 0x7b, 0x8c, 0x7b, 0x94, 0xbb, 
	0x94, 0xbb, 0x94, 0xbb, 0xa5, 0x3b, 0x84, 0x3b, 
	0x84, 0x3b, 0xc6, 0x3b, 0xde, 0xfb, 0xe7, 0x3b, 
	0xde, 0xfb, 0xc6, 0x3b, 0x6b, 0x7b, 0x08, 0x7b, 
	0x00, 0x3b, 0x00, 0x3b, 0x00, 0x3b, 0x18, 0xfb, 
	0x52, 0xbb, 0x84, 0x3b, 0x94, 0xbb, 0x8c, 0x7b, 
	0x4a, 0x7b, 0x18, 0xfb, 0x10, 0xbb, 0x10, 0xbb, 
	0x10, 0xbb, 0x18, 0xfb, 0x21, 0x3b, 0x39, 0xfb, 
	0x73, 0xbb, 0xa5, 0x3b, 0xc6, 0x3b, 0xd6, 0xbb, 
	0xd6, 0xbb, 0xc6, 0x3b, 0xc6, 0x3b, 0xef, 0x7b, 
	0x10, 0xbb, 0x7b, 0xfb, 0x9c, 0xfb, 0xad, 0x7b, 
	0xad, 0x7b, 0x9c, 0xfb, 0x94, 0xbb, 0x84, 0x3b, 
	0x6b, 0x7b, 0x4a, 0x7b, 0x31, 0xbb, 0x21, 0x3b, 
	0x29, 0x7b, 0x39, 0xfb, 0x39, 0xfb, 0x42, 0x3b, 
	0x5a, 0xfb, 0x73, 0xbb, 0x8c, 0x7b, 0xb5, 0xbb, 
	0xc6, 0x3b, 0xb5, 0xbb, 0xa5, 0x3b, 0x9c, 0xfb, 
	0x94, 0xbb, 0x94, 0xbb, 0x8c, 0x7b, 0x94, 0xbb, 
	0x94, 0xbb, 0x94, 0xbb, 0xa5, 0x3b, 0x84, 0x3b, 
	0x6b, 0x7b, 0xc6, 0x3b, 0xd6, 0xbb, 0xde, 0xfb, 
	0xe7, 0x3b, 0xd6, 0xbb, 0x94, 0xbb, 0x00, 0x3b, 
	0x00, 0x3b, 0x00, 0x3b, 0x08, 0x7b, 0x10, 0xbb, 
	0x39, 0xfb, 0x73, 0xbb, 0x94, 0xbb, 0x94, 0xbb, 
	0x5a, 0xfb, 0x29, 0x7b, 0x21, 0x3b, 0x21, 0x3b, 
	0x21, 0x3b, 0x21, 0x3b, 0x29, 0x7b, 0x4a, 0x7b, 
	0x8c, 0x7b, 0xb5, 0xbb, 0xd6, 0xbb, 0xde, 0xfb, 
	0xe7, 0x3b, 0xd6, 0xbb, 0xc6, 0x3b, 0xef, 0x7b, 
	0x08, 0x7b, 0x4a, 0x7b, 0x8c, 0x7b, 0xa5, 0x3b, 
	0xb5, 0xbb, 0xbd, 0xfb, 0xbd, 0xfb, 0xad, 0x7b, 
	0x8c, 0x7b, 0x73, 0xbb, 0x63, 0x3b, 0x6b, 0x7b, 
	0x84, 0x3b, 0x9c, 0xfb, 0xad, 0x7b, 0xbd, 0xfb, 
	0xc6, 0x3b, 0xce, 0x7b, 0xd6, 0xbb, 0xde, 0xfb, 
	0xde, 0xfb, 0xd6, 0xbb, 0xc6, 0x3b, 0xbd, 0xfb, 
	0xad, 0x7b, 0xa5, 0x3b, 0xa5, 0x3b, 0x94, 0xbb, 
	0x94, 0xbb, 0x94, 0xbb, 0xa5, 0x3b, 0x84, 0x3b, 
	0x6b, 0x7b, 0xbd, 0xfb, 0xd6, 0xbb, 0xde, 0xfb, 
	0xe7, 0x3b, 0xde, 0xfb, 0xb5, 0xbb, 0x18, 0xfb, 
	0x21, 0x3b, 0x31, 0xbb, 0x39, 0xfb, 0x39, 0xfb, 
	0x42, 0x3b, 0x5a, 0xfb, 0x84, 0x3b, 0x9c, 0xfb, 
	0x8c, 0x7b, 0x52, 0xbb, 0x52, 0xbb, 0x52, 0xbb, 
	0x52, 0xbb, 0x5a, 0xfb, 0x6b, 0x7b, 0x84, 0x3b, 
	0xa5, 0x3b, 0xc6, 0x3b, 0xd6, 0xbb, 0xe7, 0x3b, 
	0xe7, 0x3b, 0xde, 0xfb, 0xd6, 0xbb, 0xef, 0x7b, 
	0x10, 0xbb, 0x4a, 0x7b, 0x6b, 0x7b, 0x8c, 0x7b, 
	0x9c, 0xfb, 0xb5, 0xbb, 0xce, 0x7b, 0xd6, 0xbb, 
	0xd6, 0xbb, 0xce, 0x7b, 0xce, 0x7b, 0xd6, 0xbb, 
	0xde, 0xfb, 0xe7, 0x3b, 0xe7, 0x3b, 0xe7, 0x3b, 
	0xe7, 0x3b, 0xe7, 0x3b, 0xe7, 0x3b, 0xde, 0xfb, 
	0xde, 0xfb, 0xd6, 0xbb, 0xd6, 0xbb, 0xce, 0x7b, 
	0xce, 0x7b, 0xb5, 0xbb, 0xa5, 0x3b, 0x94, 0xbb, 
	0x8c, 0x7b, 0x94, 0xbb, 0xa5, 0x3b, 0x84, 0x3b, 
	0x63, 0x3b, 0xb5, 0xbb, 0xce, 0x7b, 0xde, 0xfb, 
	0xe7, 0x3b, 0xde, 0xfb, 0xc6, 0x3b, 0x94, 0xbb, 
	0xa5, 0x3b, 0xa5, 0x3b, 0xa5, 0x3b, 0x94, 0xbb, 
	0x8c, 0x7b, 0x8c, 0x7b, 0x94, 0xbb, 0xb5, 0xbb, 
	0xd6, 0xbb, 0xd6, 0xbb, 0xbd, 0xfb, 0xa5, 0x3b, 
	0xad, 0x7b, 0xbd, 0xfb, 0xc6, 0x3b, 0xc6, 0x3b, 
	0xc6, 0x3b, 0xd6, 0xbb, 0xde, 0xfb, 0xef, 0x7b, 
	0xe7, 0x3b, 0xef, 0x7b, 0xde, 0xfb, 0xef, 0x7b, 
	0x10, 0xbb, 0x31, 0xbb, 0x42, 0x3b, 0x52, 0xbb, 
	0x63, 0x3b, 0x7b, 0xfb, 0x8c, 0x7b, 0x94, 0xbb, 
	0xb5, 0xbb, 0xd6, 0xbb, 0xe7, 0x3b, 0xef, 0x7b, 
	0xef, 0x7b, 0xef, 0x7b, 0xef, 0x7b, 0xe7, 0x3b, 
	0xe7, 0x3b, 0xe7, 0x3b, 0xe7, 0x3b, 0xde, 0xfb, 
	0xde, 0xfb, 0xde, 0xfb, 0xd6, 0xbb, 0xd6, 0xbb, 
	0xd6, 0xbb, 0xce, 0x7b, 0xbd, 0xfb, 0xad, 0x7b, 
	0x94, 0xbb, 0x8c, 0x7b, 0x9c, 0xfb, 0x84, 0x3b, 
	0x6b, 0x7b, 0xb5, 0xbb, 0xd6, 0xbb, 0xde, 0xfb, 
	0xde, 0xfb, 0xde, 0xfb, 0xc6, 0x3b, 0xa5, 0x3b, 
	0x9c, 0xfb, 0x94, 0xbb, 0x9c, 0xfb, 0xb5, 0xbb, 
	0xd6, 0xbb, 0xe7, 0x3b, 0xe7, 0x3b, 0xef, 0x7b, 
	0xef, 0x7b, 0xef, 0x7b, 0xef, 0x7b, 0xef, 0x7b, 
	0xef, 0x7b, 0xef, 0x7b, 0xef, 0x7b, 0xe7, 0x3b, 
	0xe7, 0x3b, 0xe7, 0x3b, 0xe7, 0x3b, 0xe7, 0x3b, 
	0xe7, 0x3b, 0xe7, 0x3b, 0xef, 0x7b, 0xef, 0x7b, 
	0x00, 0x3b, 0x08, 0x7b, 0x08, 0x7b, 0x08, 0x7b, 
	0x10, 0xbb, 0x10, 0xbb, 0x10, 0xbb, 0x08, 0x7b, 
	0x08, 0x7b, 0x10, 0xbb, 0x21, 0x3b, 0x31, 0xbb, 
	0x42, 0x3b, 0x63, 0x3b, 0x8c, 0x7b, 0xd6, 0xbb, 
	0xd6, 0xbb, 0xde, 0xfb, 0xe7, 0x3b, 0xe7, 0x3b, 
	0xe7, 0x3b, 0xe7, 0x3b, 0xe7, 0x3b, 0xde, 0xfb, 
	0xde, 0xfb, 0xd6, 0xbb, 0xd6, 0xbb, 0xc6, 0x3b, 
	0xb5, 0xbb, 0x94, 0xbb, 0x94, 0xbb, 0x84, 0x3b, 
	0x73, 0xbb, 0xb5, 0xbb, 0xd6, 0xbb, 0xde, 0xfb, 
	0xde, 0xfb, 0xd6, 0xbb, 0x9c, 0xfb, 0x31, 0xbb, 
	0x21, 0x3b, 0x18, 0xfb, 0x29, 0x7b, 0x42, 0x3b, 
	0x5a, 0xfb, 0x73, 0xbb, 0x8c, 0x7b, 0x94, 0xbb, 
	0x9c, 0xfb, 0xb5, 0xbb, 0xd6, 0xbb, 0xe7, 0x3b, 
	0xef, 0x7b, 0xef, 0x7b, 0xef, 0x7b, 0xef, 0x7b, 
	0xef, 0x7b, 0xef, 0x7b, 0xe7, 0x3b, 0xe7, 0x3b, 
	0xe7, 0x3b, 0xe7, 0x3b, 0xe7, 0x3b, 0xef, 0x7b, 
	0x00, 0x3b, 0x10, 0xbb, 0x08, 0x7b, 0x00, 0x3b, 
	0x00, 0x3b, 0x00, 0x3b, 0x00, 0x3b, 0x00, 0x3b, 
	0x00, 0x3b, 0x00, 0x3b, 0x08, 0x7b, 0x10, 0xbb, 
	0x18, 0xfb, 0x31, 0xbb, 0x5a, 0xfb, 0xad, 0x7b, 
	0xd6, 0xbb, 0xde, 0xfb, 0xe7, 0x3b, 0xe7, 0x3b, 
	0xe7, 0x3b, 0xef, 0x7b, 0xe7, 0x3b, 0xde, 0xfb, 
	0xd6, 0xbb, 0xce, 0x7b, 0xce, 0x7b, 0xce, 0x7b, 
	0xc6, 0x3b, 0xad, 0x7b, 0xa5, 0x3b, 0x84, 0x3b, 
	0x73, 0xbb, 0xa5, 0x3b, 0xd6, 0xbb, 0xde, 0xfb, 
	0xce, 0x7b, 0xb5, 0xbb, 0x7b, 0xfb, 0x08, 0x7b, 
	0x00, 0x3b, 0x00, 0x3b, 0x00, 0x3b, 0x08, 0x7b, 
	0x08, 0x7b, 0x18, 0xfb, 0x31, 0xbb, 0x52, 0xbb, 
	0x6b, 0x7b, 0x84, 0x3b, 0x94, 0xbb, 0xde, 0xfb, 
	0xe7, 0x3b, 0xde, 0xfb, 0xde, 0xfb, 0xde, 0xfb, 
	0xd6, 0xbb, 0xce, 0x7b, 0xce, 0x7b, 0xd6, 0xbb, 
	0xde, 0xfb, 0xe7, 0x3b, 0xe7, 0x3b, 0xef, 0x7b, 
	0x00, 0x3b, 0x39, 0xfb, 0x21, 0x3b, 0x08, 0x7b, 
	0x00, 0x3b, 0x00, 0x3b, 0x00, 0x3b, 0x00, 0x3b, 
	0x00, 0x3b, 0x00, 0x3b, 0x00, 0x3b, 0x08, 0x7b, 
	0x21, 0x3b, 0x8c, 0x7b, 0xbd, 0xfb, 0xce, 0x7b, 
	0xde, 0xfb, 0xde, 0xfb, 0xde, 0xfb, 0xe7, 0x3b, 
	0xe7, 0x3b, 0xde, 0xfb, 0xce, 0x7b, 0xc6, 0x3b, 
	0xbd, 0xfb, 0xbd, 0xfb, 0xc6, 0x3b, 0xce, 0x7b, 
	0xd6, 0xbb, 0xce, 0x7b, 0xbd, 0xfb, 0x84, 0x3b, 
	0x73, 0xbb, 0x9c, 0xfb, 0xd6, 0xbb, 0xde, 0xfb, 
	0xc6, 0x3b, 0x9c, 0xfb, 0x6b, 0x7b, 0x10, 0xbb, 
	0x00, 0x3b, 0x00, 0x3b, 0x00, 0x3b, 0x08, 0x7b, 
	0x08, 0x7b, 0x21, 0x3b, 0x42, 0x3b, 0x6b, 0x7b, 
	0x8c, 0x7b, 0xa5, 0x3b, 0xc6, 0x3b, 0xc6, 0x3b, 
	0xa5, 0x3b, 0x94, 0xbb, 0x94, 0xbb, 0x9c, 0xfb, 
	0xa5, 0x3b, 0xad, 0x7b, 0xbd, 0xfb, 0xce, 0x7b, 
	0xde, 0xfb, 0xe7, 0x3b, 0xe7, 0x3b, 0xef, 0x7b, 
	0x00, 0x3b, 0x52, 0xbb, 0x42, 0x3b, 0x18, 0xfb, 
	0x00, 0x3b, 0x00, 0x3b, 0x00, 0x3b, 0x00, 0x3b, 
	0x00, 0x3b, 0x08, 0x7b, 0x21, 0x3b, 0x63, 0x3b, 
	0x94, 0xbb, 0xbd, 0xfb, 0xce, 0x7b, 0xce, 0x7b, 
	0xc6, 0x3b, 0xd6, 0xbb, 0xd6, 0xbb, 0xce, 0x7b, 
	0xbd, 0xfb, 0xc6, 0x3b, 0xce, 0x7b, 0xb5, 0xbb, 
	0xad, 0x7b, 0xb5, 0xbb, 0xce, 0x7b, 0xd6, 0xbb, 
	0xe7, 0x3b, 0xe7, 0x3b, 0xd6, 0xbb, 0x84, 0x3b, 
	0x73, 0xbb, 0xad, 0x7b, 0xd6, 0xbb, 0xd6, 0xbb, 
	0xbd, 0xfb, 0x94, 0xbb, 0x5a, 0xfb, 0x10, 0xbb, 
	0x00, 0x3b, 0x00, 0x3b, 0x00, 0x3b, 0x08, 0x7b, 
	0x18, 0xfb, 0x42, 0x3b, 0x6b, 0x7b, 0x8c, 0x7b, 
	0xa5, 0x3b, 0xa5, 0x3b, 0x8c, 0x7b, 0x6b, 0x7b, 
	0x52, 0xbb, 0x4a, 0x7b, 0x63, 0x3b, 0x84, 0x3b, 
	0x94, 0xbb, 0xad, 0x7b, 0xbd, 0xfb, 0xce, 0x7b, 
	0xde, 0xfb, 0xe7, 0x3b, 0xe7, 0x3b, 0xef, 0x7b, 
	0x08, 0x7b, 0x6b, 0x7b, 0x63, 0x3b, 0x42, 0x3b, 
	0x10, 0xbb, 0x08, 0x7b, 0x10, 0xbb, 0x18, 0xfb, 
	0x29, 0x7b, 0x52, 0xbb, 0x94, 0xbb, 0xbd, 0xfb, 
	0xc6, 0x3b, 0xc6, 0x3b, 0xa5, 0x3b, 0x94, 0xbb, 
	0x9c, 0xfb, 0x94, 0xbb, 0x84, 0x3b, 0x8c, 0x7b, 
	0x73, 0xbb, 0x84, 0x3b, 0x94, 0xbb, 0x8c, 0x7b, 
	0x94, 0xbb, 0xad, 0x7b, 0xd6, 0xbb, 0xe7, 0x3b, 
	0xef, 0x7b, 0xef, 0x7b, 0xde, 0xfb, 0x84, 0x3b, 
	0x63, 0x3b, 0xc6, 0x3b, 0xd6, 0xbb, 0xd6, 0xbb, 
	0xb5, 0xbb, 0x8c, 0x7b, 0x52, 0xbb, 0x10, 0xbb, 
	0x00, 0x3b, 0x00, 0x3b, 0x00, 0x3b, 0x18, 0xfb, 
	0x31, 0xbb, 0x63, 0x3b, 0x8c, 0x7b, 0x9c, 0xfb, 
	0xa5, 0x3b, 0x8c, 0x7b, 0x52, 0xbb, 0x29, 0x7b, 
	0x21, 0x3b, 0x31, 0xbb, 0x42, 0x3b, 0x5a, 0xfb, 
	0x94, 0xbb, 0xad, 0x7b, 0xbd, 0xfb, 0xce, 0x7b, 
	0xd6, 0xbb, 0xde, 0xfb, 0xe7, 0x3b, 0xef, 0x7b, 
	0x10, 0xbb, 0x94, 0xbb, 0x8c, 0x7b, 0x8c, 0x7b, 
	0x63, 0x3b, 0x4a, 0x7b, 0x52, 0xbb, 0x63, 0x3b, 
	0x94, 0xbb, 0xbd, 0xfb, 0xd6, 0xbb, 0xc6, 0x3b, 
	0xad, 0x7b, 0x63, 0x3b, 0x21, 0x3b, 0x08, 0x7b, 
	0x08, 0x7b, 0x10, 0xbb, 0x21, 0x3b, 0x31, 0xbb, 
	0x39, 0xfb, 0x4a, 0x7b, 0x73, 0xbb, 0x6b, 0x7b, 
	0x8c, 0x7b, 0xbd, 0xfb, 0xe7, 0x3b, 0xef, 0x7b, 
	0xef, 0x7b, 0xe7, 0x3b, 0xe7, 0x3b, 0x84, 0x3b, 
	0x6b, 0x7b, 0xc6, 0x3b, 0xde, 0xfb, 0xd6, 0xbb, 
	0xb5, 0xbb, 0x8c, 0x7b, 0x52, 0xbb, 0x10, 0xbb, 
	0x08, 0x7b, 0x00, 0x3b, 0x08, 0x7b, 0x29, 0x7b, 
	0x52, 0xbb, 0x84, 0x3b, 0x94, 0xbb, 0xa5, 0x3b, 
	0x8c, 0x7b, 0x7b, 0xfb, 0x18, 0xfb, 0x10, 0xbb, 
	0x10, 0xbb, 0x18, 0xfb, 0x31, 0xbb, 0x52, 0xbb, 
	0x8c, 0x7b, 0xa5, 0x3b, 0xbd, 0xfb, 0xc6, 0x3b, 
	0xce, 0x7b, 0xd6, 0xbb, 0xde, 0xfb, 0xef, 0x7b, 
	0x29, 0x7b, 0xbd, 0xfb, 0xbd, 0xfb, 0xbd, 0xfb, 
	0xb5, 0xbb, 0x9c, 0xfb, 0x94, 0xbb, 0x94, 0xbb, 
	0xce, 0x7b, 0xde, 0xfb, 0xa5, 0x3b, 0x8c, 0x7b, 
	0x31, 0xbb, 0x10, 0xbb, 0x00, 0x3b, 0x00, 0x3b, 
	0x08, 0x7b, 0x08, 0x7b, 0x18, 0xfb, 0x29, 0x7b, 
	0x31, 0xbb, 0x42, 0x3b, 0x4a, 0x7b, 0x5a, 0xfb, 
	0xa5, 0x3b, 0xe7, 0x3b, 0xef, 0x7b, 0xef, 0x7b, 
	0xef, 0x7b, 0x73, 0xbb, 0xb5, 0xbb, 0x84, 0x3b, 
	0x7b, 0xfb, 0xbd, 0xfb, 0xd6, 0xbb, 0xd6, 0xbb, 
	0xb5, 0xbb, 0x94, 0xbb, 0x52, 0xbb, 0x10, 0xbb, 
	0x08, 0x7b, 0x00, 0x3b, 0x18, 0xfb, 0x4a, 0x7b, 
	0x73, 0xbb, 0x94, 0xbb, 0x9c, 0xfb, 0x8c, 0x7b, 
	0x7b, 0xfb, 0x31, 0xbb, 0x10, 0xbb, 0x08, 0x7b, 
	0x10, 0xbb, 0x18, 0xfb, 0x29, 0x7b, 0x52, 0xbb, 
	0x8c, 0x7b, 0xa5, 0x3b, 0xad, 0x7b, 0x9c, 0xfb, 
	0xa5, 0x3b, 0xbd, 0xfb, 0xd6, 0xbb, 0xef, 0x7b, 
	0x39, 0xfb, 0xd6, 0xbb, 0xde, 0xfb, 0xde, 0xfb, 
	0xde, 0xfb, 0xd6, 0xbb, 0xd6, 0xbb, 0xd6, 0xbb, 
	0xe7, 0x3b, 0x84, 0x3b, 0x6b, 0x7b, 0x42, 0x3b, 
	0x08, 0x7b, 0x00, 0x3b, 0x00, 0x3b, 0x00, 0x3b, 
	0x10, 0xbb, 0x18, 0xfb, 0x31, 0xbb, 0x4a, 0x7b, 
	0x5a, 0xfb, 0x7b, 0xfb, 0x94, 0xbb, 0xb5, 0xbb, 
	0xd6, 0xbb, 0xce, 0x7b, 0xc6, 0x3b, 0xbd, 0xfb, 
	0xc6, 0x3b, 0xce, 0x7b, 0xd6, 0xbb, 0x84, 0x3b, 
	0x84, 0x3b, 0xa5, 0x3b, 0xd6, 0xbb, 0xd6, 0xbb, 
	0xbd, 0xfb, 0x94, 0xbb, 0x63, 0x3b, 0x18, 0xfb, 
	0x10, 0xbb, 0x10, 0xbb, 0x39, 0xfb, 0x8c, 0x7b, 
	0x94, 0xbb, 0x9c, 0xfb, 0x84, 0x3b, 0x73, 0xbb, 
	0x63, 0x3b, 0x42, 0x3b, 0x21, 0x3b, 0x18, 0xfb, 
	0x21, 0x3b, 0x31, 0xbb, 0x4a, 0x7b, 0x73, 0xbb, 
	0x94, 0xbb, 0xa5, 0x3b, 0x94, 0xbb, 0x73, 0xbb, 
	0x63, 0x3b, 0x6b, 0x7b, 0xbd, 0xfb, 0xef, 0x7b, 
	0x42, 0x3b, 0xe7, 0x3b, 0xe7, 0x3b, 0xe7, 0x3b, 
	0xe7, 0x3b, 0xe7, 0x3b, 0xef, 0x7b, 0xef, 0x7b, 
	0xef, 0x7b, 0xe7, 0x3b, 0xd6, 0xbb, 0xb5, 0xbb, 
	0x8c, 0x7b, 0x18, 0xfb, 0x21, 0x3b, 0x31, 0xbb, 
	0x52, 0xbb, 0x6b, 0x7b, 0x52, 0xbb, 0x63, 0x3b, 
	0xa5, 0x3b, 0xbd, 0xfb, 0xc6, 0x3b, 0xc6, 0x3b, 
	0x94, 0xbb, 0x7b, 0xfb, 0x08, 0x7b, 0x08, 0x7b, 
	0x08, 0x7b, 0x08, 0x7b, 0x08, 0x7b, 0xde, 0xfb, 
	0x84, 0x3b, 0xad, 0x7b, 0xd6, 0xbb, 0xde, 0xfb, 
	0xc6, 0x3b, 0x9c, 0xfb, 0x73, 0xbb, 0x4a, 0x7b, 
	0x52, 0xbb, 0x8c, 0x7b, 0xbd, 0xfb, 0xb5, 0xbb, 
	0x84, 0x3b, 0x63, 0x3b, 0x7b, 0xfb, 0x73, 0xbb, 
	0x5a, 0xfb, 0x42, 0x3b, 0x29, 0x7b, 0x21, 0x3b, 
	0x31, 0xbb, 0x5a, 0xfb, 0x8c, 0x7b, 0x94, 0xbb, 
	0xa5, 0x3b, 0x9c, 0xfb, 0x8c, 0x7b, 0x5a, 0xfb, 
	0x4a, 0x7b, 0x42, 0x3b, 0x6b, 0x7b, 0xef, 0x7b, 
	0x42, 0x3b, 0xe7, 0x3b, 0xe7, 0x3b, 0xe7, 0x3b, 
	0xef, 0x7b, 0xef, 0x7b, 0xef, 0x7b, 0xef, 0x7b, 
	0xef, 0x7b, 0xef, 0x7b, 0xef, 0x7b, 0xef, 0x7b, 
	0xef, 0x7b, 0xe7, 0x3b, 0xef, 0x7b, 0xef, 0x7b, 
	0xef, 0x7b, 0xef, 0x7b, 0xef, 0x7b, 0xef, 0x7b, 
	0xef, 0x7b, 0xc6, 0x3b, 0x31, 0xbb, 0x21, 0x3b, 
	0x52, 0xbb, 0x08, 0x7b, 0x08, 0x7b, 0x08, 0x7b, 
	0x08, 0x7b, 0x08, 0x7b, 0x73, 0xbb, 0xe7, 0x3b, 
	0x73, 0xbb, 0xad, 0x7b, 0xd6, 0xbb, 0xde, 0xfb, 
	0xce, 0x7b, 0xad, 0x7b, 0x94, 0xbb, 0x8c, 0x7b, 
	0xa5, 0x3b, 0xd6, 0xbb, 0xe7, 0x3b, 0xe7, 0x3b, 
	0xde, 0xfb, 0xde, 0xfb, 0xc6, 0x3b, 0xad, 0x7b, 
	0x94, 0xbb, 0x8c, 0x7b, 0x8c, 0x7b, 0x7b, 0xfb, 
	0x7b, 0xfb, 0x9c, 0xfb, 0xb5, 0xbb, 0xbd, 0xfb, 
	0xb5, 0xbb, 0x9c, 0xfb, 0x8c, 0x7b, 0x6b, 0x7b, 
	0x4a, 0x7b, 0x42, 0x3b, 0x42, 0x3b, 0xef, 0x7b, 
	0x52, 0xbb, 0xde, 0xfb, 0xe7, 0x3b, 0xe7, 0x3b, 
	0xef, 0x7b, 0xef, 0x7b, 0xef, 0x7b, 0xef, 0x7b, 
	0xef, 0x7b, 0xef, 0x7b, 0xef, 0x7b, 0xef, 0x7b, 
	0xef, 0x7b, 0xef, 0x7b, 0xe7, 0x3b, 0xef, 0x7b, 
	0xef, 0x7b, 0xef, 0x7b, 0xef, 0x7b, 0xef, 0x7b, 
	0xef, 0x7b, 0xef, 0x7b, 0xc6, 0x3b, 0xbd, 0xfb, 
	0xd6, 0xbb, 0xd6, 0xbb, 0xef, 0x7b, 0xef, 0x7b, 
	0xef, 0x7b, 0xef, 0x7b, 0xef, 0x7b, 0xef, 0x7b, 
	0x6b, 0x7b, 0xad, 0x7b, 0xce, 0x7b, 0xe7, 0x3b, 
	0xde, 0xfb, 0xc6, 0x3b, 0xb5, 0xbb, 0xc6, 0x3b, 
	0xde, 0xfb, 0xe7, 0x3b, 0xef, 0x7b, 0xef, 0x7b, 
	0xef, 0x7b, 0xef, 0x7b, 0xef, 0x7b, 0xef, 0x7b, 
	0xe7, 0x3b, 0xde, 0xfb, 0xde, 0xfb, 0xe7, 0x3b, 
	0xe7, 0x3b, 0xe7, 0x3b, 0xe7, 0x3b, 0xe7, 0x3b, 
	0xde, 0xfb, 0xd6, 0xbb, 0xa5, 0x3b, 0x8c, 0x7b, 
	0x6b, 0x7b, 0x39, 0xfb, 0x42, 0x3b, 0xef, 0x7b, 
	0x73, 0xbb, 0xde, 0xfb, 0xe7, 0x3b, 0xe7, 0x3b, 
	0xe7, 0x3b, 0xef, 0x7b, 0xef, 0x7b, 0xef, 0x7b, 
	0xef, 0x7b, 0xef, 0x7b, 0xef, 0x7b, 0xef, 0x7b, 
	0xef, 0x7b, 0xef, 0x7b, 0xef, 0x7b, 0xef, 0x7b, 
	0xef, 0x7b, 0xef, 0x7b, 0xef, 0x7b, 0xef, 0x7b, 
	0xef, 0x7b, 0xef, 0x7b, 0xe7, 0x3b, 0xef, 0x7b, 
	0xef, 0x7b, 0xef, 0x7b, 0xef, 0x7b, 0xef, 0x7b, 
	0xef, 0x7b, 0xef, 0x7b, 0xef, 0x7b, 0xef, 0x7b, 
	0x6b, 0x7b, 0xad, 0x7b, 0xce, 0x7b, 0xe7, 0x3b, 
	0xe7, 0x3b, 0xe7, 0x3b, 0xe7, 0x3b, 0xde, 0xfb, 
	0xe7, 0x3b, 0xef, 0x7b, 0xef, 0x7b, 0xef, 0x7b, 
	0xef, 0x7b, 0xef, 0x7b, 0xef, 0x7b, 0xef, 0x7b, 
	0xef, 0x7b, 0xef, 0x7b, 0xef, 0x7b, 0xef, 0x7b, 
	0xef, 0x7b, 0xef, 0x7b, 0xef, 0x7b, 0xef, 0x7b, 
	0xef, 0x7b, 0xef, 0x7b, 0xef, 0x7b, 0xef, 0x7b, 
	0xef, 0x7b, 0xef, 0x7b, 0x39, 0xfb, 0xef, 0x7b, 
	0x73, 0xbb, 0xc6, 0x3b, 0xce, 0x7b, 0xd6, 0xbb, 
	0xde, 0xfb, 0xef, 0x7b, 0xef, 0x7b, 0xef, 0x7b, 
	0xef, 0x7b, 0xef, 0x7b, 0xef, 0x7b, 0xef, 0x7b, 
	0xef, 0x7b, 0xef, 0x7b, 0xef, 0x7b, 0xef, 0x7b, 
	0xef, 0x7b, 0xef, 0x7b, 0xef, 0x7b, 0xef, 0x7b, 
	0xef, 0x7b, 0xef, 0x7b, 0xef, 0x7b, 0xef, 0x7b, 
	0xef, 0x7b, 0xef, 0x7b, 0xef, 0x7b, 0xef, 0x7b, 
	0xef, 0x7b, 0xef, 0x7b, 0xef, 0x7b, 0xef, 0x7b, 
	0x6b, 0x7b, 0xa5, 0x3b, 0xce, 0x7b, 0xe7, 0x3b, 
	0xef, 0x7b, 0xef, 0x7b, 0xef, 0x7b, 0xe7, 0x3b, 
	0xef, 0x7b, 0xef, 0x7b, 0xef, 0x7b, 0xef, 0x7b, 
	0xef, 0x7b, 0xef, 0x7b, 0xef, 0x7b, 0xef, 0x7b, 
	0xef, 0x7b, 0xef, 0x7b, 0xef, 0x7b, 0xef, 0x7b, 
	0xef, 0x7b, 0xef, 0x7b, 0xef, 0x7b, 0xef, 0x7b, 
	0xef, 0x7b, 0xef, 0x7b, 0xef, 0x7b, 0xef, 0x7b, 
	0xef, 0x7b, 0xef, 0x7b, 0xef, 0x7b, 0xef, 0x7b, 
	0x52, 0xbb, 0x7b, 0xfb, 0x73, 0xbb, 0x84, 0x3b, 
	0x8c, 0x7b, 0x94, 0xbb, 0x94, 0xbb, 0x94, 0xbb, 
	0x8c, 0x7b, 0x84, 0x3b, 0x84, 0x3b, 0x94, 0xbb, 
	0xad, 0x7b, 0xb5, 0xbb, 0xc6, 0x3b, 0xce, 0x7b, 
	0xbd, 0xfb, 0xa5, 0x3b, 0x94, 0xbb, 0x8c, 0x7b, 
	0x84, 0x3b, 0x84, 0x3b, 0x8c, 0x7b, 0x84, 0x3b, 
	0x8c, 0x7b, 0x94, 0xbb, 0x94, 0xbb, 0xef, 0x7b, 
	0xef, 0x7b, 0xef, 0x7b, 0xef, 0x7b, 0xef, 0x7b, 
	0x63, 0x3b, 0x94, 0xbb, 0xc6, 0x3b, 0xde, 0xfb, 
	0xef, 0x7b, 0xef, 0x7b, 0xde, 0xfb, 0xe7, 0x3b, 
	0xef, 0x7b, 0xef, 0x7b, 0xef, 0x7b, 0xef, 0x7b, 
	0xef, 0x7b, 0xef, 0x7b, 0xef, 0x7b, 0xef, 0x7b, 
	0xef, 0x7b, 0xef, 0x7b, 0xef, 0x7b, 0xef, 0x7b, 
	0xef, 0x7b, 0xef, 0x7b, 0xef, 0x7b, 0xef, 0x7b, 
	0xef, 0x7b, 0xef, 0x7b, 0xef, 0x7b, 0xef, 0x7b, 
	0xef, 0x7b, 0xef, 0x7b, 0xef, 0x7b, 0xef, 0x7b, 
	
};

Gfx ccm_dl__4_rgba16_aligner[] = {gsSPEndDisplayList()};
u8 ccm_dl__4_rgba16[] = {
	0x4a, 0x53, 0x4a, 0x53, 0x4a, 0x53, 0x4a, 0x53, 
	0x4a, 0x53, 0x4a, 0x53, 0x4a, 0x53, 0x4a, 0x53, 
	0x4a, 0x53, 0x4a, 0x53, 0x4a, 0x53, 0x4a, 0x53, 
	0x4a, 0x53, 0x4a, 0x53, 0x4a, 0x53, 0x4a, 0x53, 
	0xad, 0x6b, 0xad, 0x6b, 0xad, 0x6b, 0xad, 0x6b, 
	0xad, 0x6b, 0xad, 0x6b, 0xad, 0x6b, 0xad, 0x6b, 
	0xad, 0x6b, 0xad, 0x6b, 0xad, 0x6b, 0xad, 0x6b, 
	0xad, 0x6b, 0xad, 0x6b, 0xad, 0x6b, 0xad, 0x6b, 
	0x4a, 0x53, 0x73, 0x9d, 0x73, 0x9d, 0x73, 0x9d, 
	0x73, 0x9d, 0x73, 0x9d, 0x73, 0x9d, 0x73, 0x9d, 
	0x73, 0x9d, 0x73, 0x9d, 0x73, 0x9d, 0x73, 0x9d, 
	0x73, 0x9d, 0x73, 0x9d, 0x73, 0x9d, 0x4a, 0x53, 
	0xad, 0x6b, 0xef, 0x7b, 0xef, 0x7b, 0xef, 0x7b, 
	0xef, 0x7b, 0xef, 0x7b, 0xef, 0x7b, 0xef, 0x7b, 
	0xef, 0x7b, 0xef, 0x7b, 0xef, 0x7b, 0xef, 0x7b, 
	0xef, 0x7b, 0xef, 0x7b, 0xef, 0x7b, 0xad, 0x6b, 
	0x4a, 0x53, 0x73, 0x9d, 0x73, 0x9d, 0x73, 0x9d, 
	0x73, 0x9d, 0x73, 0x9d, 0x73, 0x9d, 0x73, 0x9d, 
	0x73, 0x9d, 0x73, 0x9d, 0x73, 0x9d, 0x73, 0x9d, 
	0x73, 0x9d, 0x73, 0x9d, 0x73, 0x9d, 0x4a, 0x53, 
	0xad, 0x6b, 0xef, 0x7b, 0xef, 0x7b, 0xef, 0x7b, 
	0xef, 0x7b, 0xef, 0x7b, 0xef, 0x7b, 0xef, 0x7b, 
	0xef, 0x7b, 0xef, 0x7b, 0xef, 0x7b, 0xef, 0x7b, 
	0xef, 0x7b, 0xef, 0x7b, 0xef, 0x7b, 0xad, 0x6b, 
	0x4a, 0x53, 0x73, 0x9d, 0x73, 0x9d, 0x73, 0x9d, 
	0x73, 0x9d, 0x73, 0x9d, 0x73, 0x9d, 0x73, 0x9d, 
	0x73, 0x9d, 0x73, 0x9d, 0x73, 0x9d, 0x73, 0x9d, 
	0x73, 0x9d, 0x73, 0x9d, 0x73, 0x9d, 0x4a, 0x53, 
	0xad, 0x6b, 0xef, 0x7b, 0xef, 0x7b, 0xef, 0x7b, 
	0xef, 0x7b, 0xef, 0x7b, 0xef, 0x7b, 0xef, 0x7b, 
	0xef, 0x7b, 0xef, 0x7b, 0xef, 0x7b, 0xef, 0x7b, 
	0xef, 0x7b, 0xef, 0x7b, 0xef, 0x7b, 0xad, 0x6b, 
	0x4a, 0x53, 0x73, 0x9d, 0x73, 0x9d, 0x73, 0x9d, 
	0x73, 0x9d, 0x73, 0x9d, 0x73, 0x9d, 0x73, 0x9d, 
	0x73, 0x9d, 0x73, 0x9d, 0x73, 0x9d, 0x73, 0x9d, 
	0x73, 0x9d, 0x73, 0x9d, 0x73, 0x9d, 0x4a, 0x53, 
	0xad, 0x6b, 0xef, 0x7b, 0xef, 0x7b, 0xef, 0x7b, 
	0xef, 0x7b, 0xef, 0x7b, 0xef, 0x7b, 0xef, 0x7b, 
	0xef, 0x7b, 0xef, 0x7b, 0xef, 0x7b, 0xef, 0x7b, 
	0xef, 0x7b, 0xef, 0x7b, 0xef, 0x7b, 0xad, 0x6b, 
	0x4a, 0x53, 0x73, 0x9d, 0x73, 0x9d, 0x73, 0x9d, 
	0x73, 0x9d, 0x73, 0x9d, 0x73, 0x9d, 0x73, 0x9d, 
	0x73, 0x9d, 0x73, 0x9d, 0x73, 0x9d, 0x73, 0x9d, 
	0x73, 0x9d, 0x73, 0x9d, 0x73, 0x9d, 0x4a, 0x53, 
	0xad, 0x6b, 0xef, 0x7b, 0xef, 0x7b, 0xef, 0x7b, 
	0xef, 0x7b, 0xef, 0x7b, 0xef, 0x7b, 0xef, 0x7b, 
	0xef, 0x7b, 0xef, 0x7b, 0xef, 0x7b, 0xef, 0x7b, 
	0xef, 0x7b, 0xef, 0x7b, 0xef, 0x7b, 0xad, 0x6b, 
	0x4a, 0x53, 0x73, 0x9d, 0x73, 0x9d, 0x73, 0x9d, 
	0x73, 0x9d, 0x73, 0x9d, 0x73, 0x9d, 0x73, 0x9d, 
	0x73, 0x9d, 0x73, 0x9d, 0x73, 0x9d, 0x73, 0x9d, 
	0x73, 0x9d, 0x73, 0x9d, 0x73, 0x9d, 0x4a, 0x53, 
	0xad, 0x6b, 0xef, 0x7b, 0xef, 0x7b, 0xef, 0x7b, 
	0xef, 0x7b, 0xef, 0x7b, 0xef, 0x7b, 0xef, 0x7b, 
	0xef, 0x7b, 0xef, 0x7b, 0xef, 0x7b, 0xef, 0x7b, 
	0xef, 0x7b, 0xef, 0x7b, 0xef, 0x7b, 0xad, 0x6b, 
	0x4a, 0x53, 0x73, 0x9d, 0x73, 0x9d, 0x73, 0x9d, 
	0x73, 0x9d, 0x73, 0x9d, 0x73, 0x9d, 0x73, 0x9d, 
	0x73, 0x9d, 0x73, 0x9d, 0x73, 0x9d, 0x73, 0x9d, 
	0x73, 0x9d, 0x73, 0x9d, 0x73, 0x9d, 0x4a, 0x53, 
	0xad, 0x6b, 0xef, 0x7b, 0xef, 0x7b, 0xef, 0x7b, 
	0xef, 0x7b, 0xef, 0x7b, 0xef, 0x7b, 0xef, 0x7b, 
	0xef, 0x7b, 0xef, 0x7b, 0xef, 0x7b, 0xef, 0x7b, 
	0xef, 0x7b, 0xef, 0x7b, 0xef, 0x7b, 0xad, 0x6b, 
	0x4a, 0x53, 0x73, 0x9d, 0x73, 0x9d, 0x73, 0x9d, 
	0x73, 0x9d, 0x73, 0x9d, 0x73, 0x9d, 0x73, 0x9d, 
	0x73, 0x9d, 0x73, 0x9d, 0x73, 0x9d, 0x73, 0x9d, 
	0x73, 0x9d, 0x73, 0x9d, 0x73, 0x9d, 0x4a, 0x53, 
	0xad, 0x6b, 0xef, 0x7b, 0xef, 0x7b, 0xef, 0x7b, 
	0xef, 0x7b, 0xef, 0x7b, 0xef, 0x7b, 0xef, 0x7b, 
	0xef, 0x7b, 0xef, 0x7b, 0xef, 0x7b, 0xef, 0x7b, 
	0xef, 0x7b, 0xef, 0x7b, 0xef, 0x7b, 0xad, 0x6b, 
	0x4a, 0x53, 0x73, 0x9d, 0x73, 0x9d, 0x73, 0x9d, 
	0x73, 0x9d, 0x73, 0x9d, 0x73, 0x9d, 0x73, 0x9d, 
	0x73, 0x9d, 0x73, 0x9d, 0x73, 0x9d, 0x73, 0x9d, 
	0x73, 0x9d, 0x73, 0x9d, 0x73, 0x9d, 0x4a, 0x53, 
	0xad, 0x6b, 0xef, 0x7b, 0xef, 0x7b, 0xef, 0x7b, 
	0xef, 0x7b, 0xef, 0x7b, 0xef, 0x7b, 0xef, 0x7b, 
	0xef, 0x7b, 0xef, 0x7b, 0xef, 0x7b, 0xef, 0x7b, 
	0xef, 0x7b, 0xef, 0x7b, 0xef, 0x7b, 0xad, 0x6b, 
	0x4a, 0x53, 0x73, 0x9d, 0x73, 0x9d, 0x73, 0x9d, 
	0x73, 0x9d, 0x73, 0x9d, 0x73, 0x9d, 0x73, 0x9d, 
	0x73, 0x9d, 0x73, 0x9d, 0x73, 0x9d, 0x73, 0x9d, 
	0x73, 0x9d, 0x73, 0x9d, 0x73, 0x9d, 0x4a, 0x53, 
	0xad, 0x6b, 0xef, 0x7b, 0xef, 0x7b, 0xef, 0x7b, 
	0xef, 0x7b, 0xef, 0x7b, 0xef, 0x7b, 0xef, 0x7b, 
	0xef, 0x7b, 0xef, 0x7b, 0xef, 0x7b, 0xef, 0x7b, 
	0xef, 0x7b, 0xef, 0x7b, 0xef, 0x7b, 0xad, 0x6b, 
	0x4a, 0x53, 0x73, 0x9d, 0x73, 0x9d, 0x73, 0x9d, 
	0x73, 0x9d, 0x73, 0x9d, 0x73, 0x9d, 0x73, 0x9d, 
	0x73, 0x9d, 0x73, 0x9d, 0x73, 0x9d, 0x73, 0x9d, 
	0x73, 0x9d, 0x73, 0x9d, 0x73, 0x9d, 0x4a, 0x53, 
	0xad, 0x6b, 0xef, 0x7b, 0xef, 0x7b, 0xef, 0x7b, 
	0xef, 0x7b, 0xef, 0x7b, 0xef, 0x7b, 0xef, 0x7b, 
	0xef, 0x7b, 0xef, 0x7b, 0xef, 0x7b, 0xef, 0x7b, 
	0xef, 0x7b, 0xef, 0x7b, 0xef, 0x7b, 0xad, 0x6b, 
	0x4a, 0x53, 0x73, 0x9d, 0x73, 0x9d, 0x73, 0x9d, 
	0x73, 0x9d, 0x73, 0x9d, 0x73, 0x9d, 0x73, 0x9d, 
	0x73, 0x9d, 0x73, 0x9d, 0x73, 0x9d, 0x73, 0x9d, 
	0x73, 0x9d, 0x73, 0x9d, 0x73, 0x9d, 0x4a, 0x53, 
	0xad, 0x6b, 0xef, 0x7b, 0xef, 0x7b, 0xef, 0x7b, 
	0xef, 0x7b, 0xef, 0x7b, 0xef, 0x7b, 0xef, 0x7b, 
	0xef, 0x7b, 0xef, 0x7b, 0xef, 0x7b, 0xef, 0x7b, 
	0xef, 0x7b, 0xef, 0x7b, 0xef, 0x7b, 0xad, 0x6b, 
	0x4a, 0x53, 0x73, 0x9d, 0x73, 0x9d, 0x73, 0x9d, 
	0x73, 0x9d, 0x73, 0x9d, 0x73, 0x9d, 0x73, 0x9d, 
	0x73, 0x9d, 0x73, 0x9d, 0x73, 0x9d, 0x73, 0x9d, 
	0x73, 0x9d, 0x73, 0x9d, 0x73, 0x9d, 0x4a, 0x53, 
	0xad, 0x6b, 0xef, 0x7b, 0xef, 0x7b, 0xef, 0x7b, 
	0xef, 0x7b, 0xef, 0x7b, 0xef, 0x7b, 0xef, 0x7b, 
	0xef, 0x7b, 0xef, 0x7b, 0xef, 0x7b, 0xef, 0x7b, 
	0xef, 0x7b, 0xef, 0x7b, 0xef, 0x7b, 0xad, 0x6b, 
	0x4a, 0x53, 0x73, 0x9d, 0x73, 0x9d, 0x73, 0x9d, 
	0x73, 0x9d, 0x73, 0x9d, 0x73, 0x9d, 0x73, 0x9d, 
	0x73, 0x9d, 0x73, 0x9d, 0x73, 0x9d, 0x73, 0x9d, 
	0x73, 0x9d, 0x73, 0x9d, 0x73, 0x9d, 0x4a, 0x53, 
	0xad, 0x6b, 0xef, 0x7b, 0xef, 0x7b, 0xef, 0x7b, 
	0xef, 0x7b, 0xef, 0x7b, 0xef, 0x7b, 0xef, 0x7b, 
	0xef, 0x7b, 0xef, 0x7b, 0xef, 0x7b, 0xef, 0x7b, 
	0xef, 0x7b, 0xef, 0x7b, 0xef, 0x7b, 0xad, 0x6b, 
	0x4a, 0x53, 0x4a, 0x53, 0x4a, 0x53, 0x4a, 0x53, 
	0x4a, 0x53, 0x4a, 0x53, 0x4a, 0x53, 0x4a, 0x53, 
	0x4a, 0x53, 0x4a, 0x53, 0x4a, 0x53, 0x4a, 0x53, 
	0x4a, 0x53, 0x4a, 0x53, 0x4a, 0x53, 0x4a, 0x53, 
	0xad, 0x6b, 0xad, 0x6b, 0xad, 0x6b, 0xad, 0x6b, 
	0xad, 0x6b, 0xad, 0x6b, 0xad, 0x6b, 0xad, 0x6b, 
	0xad, 0x6b, 0xad, 0x6b, 0xad, 0x6b, 0xad, 0x6b, 
	0xad, 0x6b, 0xad, 0x6b, 0xad, 0x6b, 0xad, 0x6b, 
	0xad, 0x6b, 0xad, 0x6b, 0xad, 0x6b, 0xad, 0x6b, 
	0xad, 0x6b, 0xad, 0x6b, 0xad, 0x6b, 0xad, 0x6b, 
	0xad, 0x6b, 0xad, 0x6b, 0xad, 0x6b, 0xad, 0x6b, 
	0xad, 0x6b, 0xad, 0x6b, 0xad, 0x6b, 0xad, 0x6b, 
	0x4a, 0x53, 0x4a, 0x53, 0x4a, 0x53, 0x4a, 0x53, 
	0x4a, 0x53, 0x4a, 0x53, 0x4a, 0x53, 0x4a, 0x53, 
	0x4a, 0x53, 0x4a, 0x53, 0x4a, 0x53, 0x4a, 0x53, 
	0x4a, 0x53, 0x4a, 0x53, 0x4a, 0x53, 0x4a, 0x53, 
	0xad, 0x6b, 0xef, 0x7b, 0xef, 0x7b, 0xef, 0x7b, 
	0xef, 0x7b, 0xef, 0x7b, 0xef, 0x7b, 0xef, 0x7b, 
	0xef, 0x7b, 0xef, 0x7b, 0xef, 0x7b, 0xef, 0x7b, 
	0xef, 0x7b, 0xef, 0x7b, 0xef, 0x7b, 0xad, 0x6b, 
	0x4a, 0x53, 0x73, 0x9d, 0x73, 0x9d, 0x73, 0x9d, 
	0x73, 0x9d, 0x73, 0x9d, 0x73, 0x9d, 0x73, 0x9d, 
	0x73, 0x9d, 0x73, 0x9d, 0x73, 0x9d, 0x73, 0x9d, 
	0x73, 0x9d, 0x73, 0x9d, 0x73, 0x9d, 0x4a, 0x53, 
	0xad, 0x6b, 0xef, 0x7b, 0xef, 0x7b, 0xef, 0x7b, 
	0xef, 0x7b, 0xef, 0x7b, 0xef, 0x7b, 0xef, 0x7b, 
	0xef, 0x7b, 0xef, 0x7b, 0xef, 0x7b, 0xef, 0x7b, 
	0xef, 0x7b, 0xef, 0x7b, 0xef, 0x7b, 0xad, 0x6b, 
	0x4a, 0x53, 0x73, 0x9d, 0x73, 0x9d, 0x73, 0x9d, 
	0x73, 0x9d, 0x73, 0x9d, 0x73, 0x9d, 0x73, 0x9d, 
	0x73, 0x9d, 0x73, 0x9d, 0x73, 0x9d, 0x73, 0x9d, 
	0x73, 0x9d, 0x73, 0x9d, 0x73, 0x9d, 0x4a, 0x53, 
	0xad, 0x6b, 0xef, 0x7b, 0xef, 0x7b, 0xef, 0x7b, 
	0xef, 0x7b, 0xef, 0x7b, 0xef, 0x7b, 0xef, 0x7b, 
	0xef, 0x7b, 0xef, 0x7b, 0xef, 0x7b, 0xef, 0x7b, 
	0xef, 0x7b, 0xef, 0x7b, 0xef, 0x7b, 0xad, 0x6b, 
	0x4a, 0x53, 0x73, 0x9d, 0x73, 0x9d, 0x73, 0x9d, 
	0x73, 0x9d, 0x73, 0x9d, 0x73, 0x9d, 0x73, 0x9d, 
	0x73, 0x9d, 0x73, 0x9d, 0x73, 0x9d, 0x73, 0x9d, 
	0x73, 0x9d, 0x73, 0x9d, 0x73, 0x9d, 0x4a, 0x53, 
	0xad, 0x6b, 0xef, 0x7b, 0xef, 0x7b, 0xef, 0x7b, 
	0xef, 0x7b, 0xef, 0x7b, 0xef, 0x7b, 0xef, 0x7b, 
	0xef, 0x7b, 0xef, 0x7b, 0xef, 0x7b, 0xef, 0x7b, 
	0xef, 0x7b, 0xef, 0x7b, 0xef, 0x7b, 0xad, 0x6b, 
	0x4a, 0x53, 0x73, 0x9d, 0x73, 0x9d, 0x73, 0x9d, 
	0x73, 0x9d, 0x73, 0x9d, 0x73, 0x9d, 0x73, 0x9d, 
	0x73, 0x9d, 0x73, 0x9d, 0x73, 0x9d, 0x73, 0x9d, 
	0x73, 0x9d, 0x73, 0x9d, 0x73, 0x9d, 0x4a, 0x53, 
	0xad, 0x6b, 0xef, 0x7b, 0xef, 0x7b, 0xef, 0x7b, 
	0xef, 0x7b, 0xef, 0x7b, 0xef, 0x7b, 0xef, 0x7b, 
	0xef, 0x7b, 0xef, 0x7b, 0xef, 0x7b, 0xef, 0x7b, 
	0xef, 0x7b, 0xef, 0x7b, 0xef, 0x7b, 0xad, 0x6b, 
	0x4a, 0x53, 0x73, 0x9d, 0x73, 0x9d, 0x73, 0x9d, 
	0x73, 0x9d, 0x73, 0x9d, 0x73, 0x9d, 0x73, 0x9d, 
	0x73, 0x9d, 0x73, 0x9d, 0x73, 0x9d, 0x73, 0x9d, 
	0x73, 0x9d, 0x73, 0x9d, 0x73, 0x9d, 0x4a, 0x53, 
	0xad, 0x6b, 0xef, 0x7b, 0xef, 0x7b, 0xef, 0x7b, 
	0xef, 0x7b, 0xef, 0x7b, 0xef, 0x7b, 0xef, 0x7b, 
	0xef, 0x7b, 0xef, 0x7b, 0xef, 0x7b, 0xef, 0x7b, 
	0xef, 0x7b, 0xef, 0x7b, 0xef, 0x7b, 0xad, 0x6b, 
	0x4a, 0x53, 0x73, 0x9d, 0x73, 0x9d, 0x73, 0x9d, 
	0x73, 0x9d, 0x73, 0x9d, 0x73, 0x9d, 0x73, 0x9d, 
	0x73, 0x9d, 0x73, 0x9d, 0x73, 0x9d, 0x73, 0x9d, 
	0x73, 0x9d, 0x73, 0x9d, 0x73, 0x9d, 0x4a, 0x53, 
	0xad, 0x6b, 0xef, 0x7b, 0xef, 0x7b, 0xef, 0x7b, 
	0xef, 0x7b, 0xef, 0x7b, 0xef, 0x7b, 0xef, 0x7b, 
	0xef, 0x7b, 0xef, 0x7b, 0xef, 0x7b, 0xef, 0x7b, 
	0xef, 0x7b, 0xef, 0x7b, 0xef, 0x7b, 0xad, 0x6b, 
	0x4a, 0x53, 0x73, 0x9d, 0x73, 0x9d, 0x73, 0x9d, 
	0x73, 0x9d, 0x73, 0x9d, 0x73, 0x9d, 0x73, 0x9d, 
	0x73, 0x9d, 0x73, 0x9d, 0x73, 0x9d, 0x73, 0x9d, 
	0x73, 0x9d, 0x73, 0x9d, 0x73, 0x9d, 0x4a, 0x53, 
	0xad, 0x6b, 0xef, 0x7b, 0xef, 0x7b, 0xef, 0x7b, 
	0xef, 0x7b, 0xef, 0x7b, 0xef, 0x7b, 0xef, 0x7b, 
	0xef, 0x7b, 0xef, 0x7b, 0xef, 0x7b, 0xef, 0x7b, 
	0xef, 0x7b, 0xef, 0x7b, 0xef, 0x7b, 0xad, 0x6b, 
	0x4a, 0x53, 0x73, 0x9d, 0x73, 0x9d, 0x73, 0x9d, 
	0x73, 0x9d, 0x73, 0x9d, 0x73, 0x9d, 0x73, 0x9d, 
	0x73, 0x9d, 0x73, 0x9d, 0x73, 0x9d, 0x73, 0x9d, 
	0x73, 0x9d, 0x73, 0x9d, 0x73, 0x9d, 0x4a, 0x53, 
	0xad, 0x6b, 0xef, 0x7b, 0xef, 0x7b, 0xef, 0x7b, 
	0xef, 0x7b, 0xef, 0x7b, 0xef, 0x7b, 0xef, 0x7b, 
	0xef, 0x7b, 0xef, 0x7b, 0xef, 0x7b, 0xef, 0x7b, 
	0xef, 0x7b, 0xef, 0x7b, 0xef, 0x7b, 0xad, 0x6b, 
	0x4a, 0x53, 0x73, 0x9d, 0x73, 0x9d, 0x73, 0x9d, 
	0x73, 0x9d, 0x73, 0x9d, 0x73, 0x9d, 0x73, 0x9d, 
	0x73, 0x9d, 0x73, 0x9d, 0x73, 0x9d, 0x73, 0x9d, 
	0x73, 0x9d, 0x73, 0x9d, 0x73, 0x9d, 0x4a, 0x53, 
	0xad, 0x6b, 0xef, 0x7b, 0xef, 0x7b, 0xef, 0x7b, 
	0xef, 0x7b, 0xef, 0x7b, 0xef, 0x7b, 0xef, 0x7b, 
	0xef, 0x7b, 0xef, 0x7b, 0xef, 0x7b, 0xef, 0x7b, 
	0xef, 0x7b, 0xef, 0x7b, 0xef, 0x7b, 0xad, 0x6b, 
	0x4a, 0x53, 0x73, 0x9d, 0x73, 0x9d, 0x73, 0x9d, 
	0x73, 0x9d, 0x73, 0x9d, 0x73, 0x9d, 0x73, 0x9d, 
	0x73, 0x9d, 0x73, 0x9d, 0x73, 0x9d, 0x73, 0x9d, 
	0x73, 0x9d, 0x73, 0x9d, 0x73, 0x9d, 0x4a, 0x53, 
	0xad, 0x6b, 0xef, 0x7b, 0xef, 0x7b, 0xef, 0x7b, 
	0xef, 0x7b, 0xef, 0x7b, 0xef, 0x7b, 0xef, 0x7b, 
	0xef, 0x7b, 0xef, 0x7b, 0xef, 0x7b, 0xef, 0x7b, 
	0xef, 0x7b, 0xef, 0x7b, 0xef, 0x7b, 0xad, 0x6b, 
	0x4a, 0x53, 0x73, 0x9d, 0x73, 0x9d, 0x73, 0x9d, 
	0x73, 0x9d, 0x73, 0x9d, 0x73, 0x9d, 0x73, 0x9d, 
	0x73, 0x9d, 0x73, 0x9d, 0x73, 0x9d, 0x73, 0x9d, 
	0x73, 0x9d, 0x73, 0x9d, 0x73, 0x9d, 0x4a, 0x53, 
	0xad, 0x6b, 0xef, 0x7b, 0xef, 0x7b, 0xef, 0x7b, 
	0xef, 0x7b, 0xef, 0x7b, 0xef, 0x7b, 0xef, 0x7b, 
	0xef, 0x7b, 0xef, 0x7b, 0xef, 0x7b, 0xef, 0x7b, 
	0xef, 0x7b, 0xef, 0x7b, 0xef, 0x7b, 0xad, 0x6b, 
	0x4a, 0x53, 0x73, 0x9d, 0x73, 0x9d, 0x73, 0x9d, 
	0x73, 0x9d, 0x73, 0x9d, 0x73, 0x9d, 0x73, 0x9d, 
	0x73, 0x9d, 0x73, 0x9d, 0x73, 0x9d, 0x73, 0x9d, 
	0x73, 0x9d, 0x73, 0x9d, 0x73, 0x9d, 0x4a, 0x53, 
	0xad, 0x6b, 0xef, 0x7b, 0xef, 0x7b, 0xef, 0x7b, 
	0xef, 0x7b, 0xef, 0x7b, 0xef, 0x7b, 0xef, 0x7b, 
	0xef, 0x7b, 0xef, 0x7b, 0xef, 0x7b, 0xef, 0x7b, 
	0xef, 0x7b, 0xef, 0x7b, 0xef, 0x7b, 0xad, 0x6b, 
	0x4a, 0x53, 0x73, 0x9d, 0x73, 0x9d, 0x73, 0x9d, 
	0x73, 0x9d, 0x73, 0x9d, 0x73, 0x9d, 0x73, 0x9d, 
	0x73, 0x9d, 0x73, 0x9d, 0x73, 0x9d, 0x73, 0x9d, 
	0x73, 0x9d, 0x73, 0x9d, 0x73, 0x9d, 0x4a, 0x53, 
	0xad, 0x6b, 0xef, 0x7b, 0xef, 0x7b, 0xef, 0x7b, 
	0xef, 0x7b, 0xef, 0x7b, 0xef, 0x7b, 0xef, 0x7b, 
	0xef, 0x7b, 0xef, 0x7b, 0xef, 0x7b, 0xef, 0x7b, 
	0xef, 0x7b, 0xef, 0x7b, 0xef, 0x7b, 0xad, 0x6b, 
	0x4a, 0x53, 0x73, 0x9d, 0x73, 0x9d, 0x73, 0x9d, 
	0x73, 0x9d, 0x73, 0x9d, 0x73, 0x9d, 0x73, 0x9d, 
	0x73, 0x9d, 0x73, 0x9d, 0x73, 0x9d, 0x73, 0x9d, 
	0x73, 0x9d, 0x73, 0x9d, 0x73, 0x9d, 0x4a, 0x53, 
	0xad, 0x6b, 0xad, 0x6b, 0xad, 0x6b, 0xad, 0x6b, 
	0xad, 0x6b, 0xad, 0x6b, 0xad, 0x6b, 0xad, 0x6b, 
	0xad, 0x6b, 0xad, 0x6b, 0xad, 0x6b, 0xad, 0x6b, 
	0xad, 0x6b, 0xad, 0x6b, 0xad, 0x6b, 0xad, 0x6b, 
	0x4a, 0x53, 0x4a, 0x53, 0x4a, 0x53, 0x4a, 0x53, 
	0x4a, 0x53, 0x4a, 0x53, 0x4a, 0x53, 0x4a, 0x53, 
	0x4a, 0x53, 0x4a, 0x53, 0x4a, 0x53, 0x4a, 0x53, 
	0x4a, 0x53, 0x4a, 0x53, 0x4a, 0x53, 0x4a, 0x53, 
	
};

Vtx ccm_dl_shujasnow_mesh_layer_1_vtx_cull[8] = {
	{{ {-4250, -4596, 250}, 0, {0, 0}, {0, 0, 0, 0} }},
	{{ {-4250, 4596, 250}, 0, {0, 0}, {0, 0, 0, 0} }},
	{{ {-4250, 4596, -6174}, 0, {0, 0}, {0, 0, 0, 0} }},
	{{ {-4250, -4596, -6174}, 0, {0, 0}, {0, 0, 0, 0} }},
	{{ {4492, -4596, 250}, 0, {0, 0}, {0, 0, 0, 0} }},
	{{ {4492, 4596, 250}, 0, {0, 0}, {0, 0, 0, 0} }},
	{{ {4492, 4596, -6174}, 0, {0, 0}, {0, 0, 0, 0} }},
	{{ {4492, -4596, -6174}, 0, {0, 0}, {0, 0, 0, 0} }},
};

Vtx ccm_dl_shujasnow_mesh_layer_1_vtx_0[180] = {
	{{ {121, -4596, -250}, 0, {-688, 2342}, {0, 0, 129, 255} }},
	{{ {-2580, -3718, -250}, 0, {2544, 1418}, {0, 0, 129, 255} }},
	{{ {-4250, -1420, -250}, 0, {4542, -1000}, {0, 0, 129, 255} }},
	{{ {121, -4596, -250}, 0, {-688, 6438}, {0, 0, 129, 255} }},
	{{ {-2580, 3718, -250}, 0, {2544, -2311}, {0, 0, 129, 255} }},
	{{ {121, 4596, -250}, 0, {-688, -3234}, {0, 0, 129, 255} }},
	{{ {121, -4596, -250}, 0, {3408, 6438}, {0, 0, 129, 255} }},
	{{ {121, 4596, -250}, 0, {3408, -3234}, {0, 0, 129, 255} }},
	{{ {2822, 3718, -250}, 0, {174, -2311}, {0, 0, 129, 255} }},
	{{ {4492, -1420, -250}, 0, {-1824, -1000}, {0, 0, 129, 255} }},
	{{ {2822, -3718, -250}, 0, {174, 1418}, {0, 0, 129, 255} }},
	{{ {121, -4596, -250}, 0, {3408, 2342}, {0, 0, 129, 255} }},
	{{ {-2579, -3716, 250}, 0, {4190, 1346}, {0, 0, 129, 255} }},
	{{ {121, -4594, 250}, 0, {-1392, 2252}, {0, 0, 129, 255} }},
	{{ {2821, -3716, 250}, 0, {-6972, 1346}, {0, 0, 129, 255} }},
	{{ {-2579, -3716, 250}, 0, {8286, 1346}, {0, 0, 129, 255} }},
	{{ {2821, -3716, 250}, 0, {-2876, 1346}, {0, 0, 129, 255} }},
	{{ {4490, -1420, 250}, 0, {-6324, -1027}, {0, 0, 129, 255} }},
	{{ {-2579, -3716, 250}, 0, {8286, 3394}, {0, 0, 129, 255} }},
	{{ {4490, -1420, 250}, 0, {-6324, 1021}, {0, 0, 129, 255} }},
	{{ {4490, 1420, 250}, 0, {-6324, -1913}, {0, 0, 129, 255} }},
	{{ {-2579, -3716, 250}, 0, {8286, 5442}, {0, 0, 129, 255} }},
	{{ {4490, 1420, 250}, 0, {-6324, 135}, {0, 0, 129, 255} }},
	{{ {2821, 3716, 250}, 0, {-2876, -2238}, {0, 0, 129, 255} }},
	{{ {-2579, -3716, 250}, 0, {4190, 5442}, {0, 0, 129, 255} }},
	{{ {2821, 3716, 250}, 0, {-6972, -2238}, {0, 0, 129, 255} }},
	{{ {121, 4594, 250}, 0, {-1392, -3145}, {0, 0, 129, 255} }},
	{{ {-2579, -3716, 250}, 0, {4190, 5442}, {0, 0, 129, 255} }},
	{{ {121, 4594, 250}, 0, {-1392, -3145}, {0, 0, 129, 255} }},
	{{ {-2579, 3716, 250}, 0, {4190, -2238}, {0, 0, 129, 255} }},
	{{ {-2579, -3716, 250}, 0, {94, 5442}, {0, 0, 129, 255} }},
	{{ {-2579, 3716, 250}, 0, {94, -2238}, {0, 0, 129, 255} }},
	{{ {-4248, 1420, 250}, 0, {3542, 135}, {0, 0, 129, 255} }},
	{{ {-4248, 1420, 250}, 0, {3542, -1913}, {0, 0, 129, 255} }},
	{{ {-4248, -1420, 250}, 0, {3542, 1021}, {0, 0, 129, 255} }},
	{{ {-2579, -3716, 250}, 0, {94, 3394}, {0, 0, 129, 255} }},
	{{ {121, -2839, -2591}, 0, {4592, 3894}, {0, 0, 129, 255} }},
	{{ {121, 2839, -2591}, 0, {4592, -3414}, {0, 0, 129, 255} }},
	{{ {1790, 2297, -2591}, 0, {296, -2716}, {0, 0, 129, 255} }},
	{{ {2821, 877, -2591}, 0, {-2358, -889}, {0, 0, 129, 255} }},
	{{ {2667, -864, -326}, 0, {850, 1245}, {0, 111, 195, 255} }},
	{{ {2482, 1032, -781}, 0, {850, -338}, {0, 111, 195, 255} }},
	{{ {2964, 1077, -786}, 0, {-734, -338}, {0, 111, 195, 255} }},
	{{ {2667, -864, -326}, 0, {850, 1245}, {0, 111, 195, 255} }},
	{{ {2964, 1077, -786}, 0, {-734, -338}, {0, 111, 195, 255} }},
	{{ {3148, -818, -331}, 0, {-734, 1245}, {0, 111, 195, 255} }},
	{{ {2482, 1032, -781}, 0, {850, 1710}, {2, 110, 193, 255} }},
	{{ {1655, 2199, -1300}, 0, {3164, 636}, {2, 110, 193, 255} }},
	{{ {2137, 2245, -1306}, 0, {1580, 636}, {2, 110, 193, 255} }},
	{{ {2482, 1032, -781}, 0, {850, 1710}, {2, 110, 193, 255} }},
	{{ {2137, 2245, -1306}, 0, {1580, 636}, {2, 110, 193, 255} }},
	{{ {2964, 1077, -786}, 0, {-734, 1710}, {2, 110, 193, 255} }},
	{{ {1655, 2199, -1300}, 0, {3164, 636}, {114, 0, 199, 255} }},
	{{ {2137, 2437, -1306}, 0, {1522, 486}, {114, 0, 199, 255} }},
	{{ {2137, 2245, -1306}, 0, {1580, 636}, {114, 0, 199, 255} }},
	{{ {1655, 2199, -1300}, 0, {-932, 636}, {4, 112, 197, 255} }},
	{{ {-126, 2596, -1470}, 0, {4742, 158}, {4, 112, 197, 255} }},
	{{ {-140, 3115, -1537}, 0, {4626, -262}, {4, 112, 197, 255} }},
	{{ {1655, 2199, -1300}, 0, {-932, 636}, {4, 112, 197, 255} }},
	{{ {-140, 3115, -1537}, 0, {4626, -262}, {4, 112, 197, 255} }},
	{{ {2137, 2437, -1306}, 0, {-2574, 486}, {4, 112, 197, 255} }},
	{{ {-1692, 1903, -2091}, 0, {-2252, -1005}, {30, 16, 134, 255} }},
	{{ {-1660, 202, -2384}, 0, {-1846, 1202}, {30, 16, 134, 255} }},
	{{ {-3006, 1214, -2499}, 0, {2226, 756}, {30, 16, 134, 255} }},
	{{ {-1692, 1903, -2091}, 0, {-2252, 1043}, {30, 16, 134, 255} }},
	{{ {-3006, 1214, -2499}, 0, {2226, 2804}, {30, 16, 134, 255} }},
	{{ {-1922, 2422, -2158}, 0, {-1664, 855}, {30, 16, 134, 255} }},
	{{ {-126, 2596, -1470}, 0, {-3450, 158}, {21, 113, 203, 255} }},
	{{ {-1692, 1903, -2091}, 0, {1844, 464}, {21, 113, 203, 255} }},
	{{ {-1922, 2422, -2158}, 0, {2432, 28}, {21, 113, 203, 255} }},
	{{ {-126, 2596, -1470}, 0, {-3450, 2206}, {21, 113, 203, 255} }},
	{{ {-1922, 2422, -2158}, 0, {2432, 2076}, {21, 113, 203, 255} }},
	{{ {-140, 3115, -1537}, 0, {-3566, 1786}, {21, 113, 203, 255} }},
	{{ {-1660, 202, -2384}, 0, {-1846, -846}, {19, 11, 131, 255} }},
	{{ {-1617, -1977, -2562}, 0, {-1322, 1359}, {19, 11, 131, 255} }},
	{{ {-2963, -965, -2676}, 0, {2750, 913}, {19, 11, 131, 255} }},
	{{ {-1660, 202, -2384}, 0, {-1846, -846}, {19, 11, 131, 255} }},
	{{ {-2963, -965, -2676}, 0, {2750, 913}, {19, 11, 131, 255} }},
	{{ {-3006, 1214, -2499}, 0, {2226, -1292}, {19, 11, 131, 255} }},
	{{ {185, -1634, -3728}, 0, {-3088, 2908}, {0, 0, 129, 255} }},
	{{ {-1585, 802, -3728}, 0, {-794, -249}, {0, 0, 129, 255} }},
	{{ {-909, 1733, -3728}, 0, {-1670, -1456}, {0, 0, 129, 255} }},
	{{ {185, -1634, -3728}, 0, {5104, 2908}, {0, 0, 129, 255} }},
	{{ {1279, 1733, -3728}, 0, {3686, -1456}, {0, 0, 129, 255} }},
	{{ {1955, 802, -3728}, 0, {2810, -249}, {0, 0, 129, 255} }},
	{{ {-1004, -1129, -2875}, 0, {3372, 2106}, {101, 68, 221, 255} }},
	{{ {-1461, -1176, -2731}, 0, {2626, 1183}, {101, 68, 221, 255} }},
	{{ {-1418, -1051, -2879}, 0, {2644, 2076}, {101, 68, 221, 255} }},
	{{ {-1004, -1129, -2875}, 0, {-724, 2106}, {84, 85, 212, 255} }},
	{{ {67, -1785, -2991}, 0, {1338, 2299}, {84, 85, 212, 255} }},
	{{ {-40, -2126, -2890}, 0, {1300, 1367}, {84, 85, 212, 255} }},
	{{ {-1004, -1129, -2875}, 0, {3372, 2106}, {84, 85, 212, 255} }},
	{{ {-40, -2126, -2890}, 0, {5396, 1367}, {84, 85, 212, 255} }},
	{{ {-1461, -1176, -2731}, 0, {2626, 1183}, {84, 85, 212, 255} }},
	{{ {1241, -1684, -3419}, 0, {-834, -1204}, {73, 95, 214, 255} }},
	{{ {793, -1198, -3230}, 0, {-1778, -1744}, {73, 95, 214, 255} }},
	{{ {1152, -84, -3431}, 0, {-1630, 652}, {73, 95, 214, 255} }},
	{{ {1241, -1684, -3419}, 0, {-834, -1204}, {73, 95, 214, 255} }},
	{{ {1152, -84, -3431}, 0, {-1630, 652}, {73, 95, 214, 255} }},
	{{ {1476, -642, -3646}, 0, {-864, 1196}, {73, 95, 214, 255} }},
	{{ {1241, -1684, -3419}, 0, {-834, -1204}, {78, 90, 212, 255} }},
	{{ {1476, -642, -3646}, 0, {-864, 1196}, {78, 90, 212, 255} }},
	{{ {2126, -1601, -3725}, 0, {616, 712}, {78, 90, 212, 255} }},
	{{ {1241, -1684, -3419}, 0, {-834, -1204}, {78, 90, 212, 255} }},
	{{ {2126, -1601, -3725}, 0, {616, 712}, {78, 90, 212, 255} }},
	{{ {1275, -2073, -3465}, 0, {-620, -1408}, {78, 90, 212, 255} }},
	{{ {67, -1785, -2991}, 0, {-2758, 251}, {76, 92, 213, 255} }},
	{{ {1241, -1684, -3419}, 0, {-834, 2892}, {76, 92, 213, 255} }},
	{{ {1275, -2073, -3465}, 0, {-620, 2688}, {76, 92, 213, 255} }},
	{{ {67, -1785, -2991}, 0, {-2758, 251}, {76, 92, 213, 255} }},
	{{ {1275, -2073, -3465}, 0, {-620, 2688}, {76, 92, 213, 255} }},
	{{ {-40, -2126, -2890}, 0, {-2796, -681}, {76, 92, 213, 255} }},
	{{ {67, -1785, -2991}, 0, {1338, 251}, {111, 3, 194, 255} }},
	{{ {-381, -1300, -2802}, 0, {394, -289}, {111, 3, 194, 255} }},
	{{ {793, -1198, -3230}, 0, {2318, 2352}, {111, 3, 194, 255} }},
	{{ {67, -1785, -2991}, 0, {-2758, 251}, {111, 3, 194, 255} }},
	{{ {793, -1198, -3230}, 0, {-1778, 2352}, {111, 3, 194, 255} }},
	{{ {1241, -1684, -3419}, 0, {-834, 2892}, {111, 3, 194, 255} }},
	{{ {1476, -642, -3646}, 0, {-864, -852}, {81, 87, 213, 255} }},
	{{ {1935, 785, -3768}, 0, {-674, 1541}, {81, 87, 213, 255} }},
	{{ {2585, -174, -3847}, 0, {806, 1057}, {81, 87, 213, 255} }},
	{{ {1476, -642, -3646}, 0, {-864, -852}, {81, 87, 213, 255} }},
	{{ {2585, -174, -3847}, 0, {806, 1057}, {81, 87, 213, 255} }},
	{{ {2126, -1601, -3725}, 0, {616, -1336}, {81, 87, 213, 255} }},
	{{ {-1004, -1129, -2875}, 0, {3372, 2106}, {31, 68, 153, 255} }},
	{{ {-1451, -644, -2685}, 0, {2428, 1566}, {31, 68, 153, 255} }},
	{{ {-381, -1300, -2802}, 0, {4490, 1759}, {31, 68, 153, 255} }},
	{{ {-1004, -1129, -2875}, 0, {-724, 58}, {31, 68, 153, 255} }},
	{{ {-381, -1300, -2802}, 0, {394, -289}, {31, 68, 153, 255} }},
	{{ {67, -1785, -2991}, 0, {1338, 251}, {31, 68, 153, 255} }},
	{{ {-1461, -1176, -2731}, 0, {2626, 1183}, {82, 90, 221, 255} }},
	{{ {-1808, -1137, -2397}, 0, {2032, -549}, {82, 90, 221, 255} }},
	{{ {-1765, -1012, -2545}, 0, {2052, 344}, {82, 90, 221, 255} }},
	{{ {-1461, -1176, -2731}, 0, {2626, 1183}, {82, 90, 221, 255} }},
	{{ {-1765, -1012, -2545}, 0, {2052, 344}, {82, 90, 221, 255} }},
	{{ {-1418, -1051, -2879}, 0, {2644, 2076}, {82, 90, 221, 255} }},
	{{ {-1418, -1051, -2879}, 0, {2644, 2076}, {111, 6, 195, 255} }},
	{{ {-1765, -1012, -2545}, 0, {2052, 344}, {111, 6, 195, 255} }},
	{{ {-2043, -68, -2188}, 0, {1210, -451}, {111, 6, 195, 255} }},
	{{ {-1418, -1051, -2879}, 0, {2644, 2076}, {111, 6, 195, 255} }},
	{{ {-2043, -68, -2188}, 0, {1210, -451}, {111, 6, 195, 255} }},
	{{ {-1695, -107, -2521}, 0, {1802, 1282}, {111, 6, 195, 255} }},
	{{ {121, -4596, -250}, 0, {-688, 4390}, {0, 0, 129, 255} }},
	{{ {-4250, -1420, -250}, 0, {4542, 1048}, {0, 0, 129, 255} }},
	{{ {-4250, 1420, -250}, 0, {4542, -1941}, {0, 0, 129, 255} }},
	{{ {-2580, 3718, -250}, 0, {2544, -4359}, {0, 0, 129, 255} }},
	{{ {121, -4596, -250}, 0, {3408, 4390}, {0, 0, 129, 255} }},
	{{ {2822, 3718, -250}, 0, {174, -4359}, {0, 0, 129, 255} }},
	{{ {4492, 1420, -250}, 0, {-1824, -1941}, {0, 0, 129, 255} }},
	{{ {4492, -1420, -250}, 0, {-1824, 1048}, {0, 0, 129, 255} }},
	{{ {121, -2839, -2591}, 0, {-3600, 1846}, {0, 0, 129, 255} }},
	{{ {-1548, -2297, -2591}, 0, {696, 1148}, {0, 0, 129, 255} }},
	{{ {-2579, -877, -2591}, 0, {3350, -679}, {0, 0, 129, 255} }},
	{{ {121, -2839, -2591}, 0, {-3600, 1846}, {0, 0, 129, 255} }},
	{{ {-2579, -877, -2591}, 0, {3350, -679}, {0, 0, 129, 255} }},
	{{ {-2579, 877, -2591}, 0, {3350, -2937}, {0, 0, 129, 255} }},
	{{ {121, -2839, -2591}, 0, {-3600, 3894}, {0, 0, 129, 255} }},
	{{ {-2579, 877, -2591}, 0, {3350, -889}, {0, 0, 129, 255} }},
	{{ {-1548, 2297, -2591}, 0, {696, -2716}, {0, 0, 129, 255} }},
	{{ {121, 2839, -2591}, 0, {-3600, -3414}, {0, 0, 129, 255} }},
	{{ {121, -2839, -2591}, 0, {4592, 1846}, {0, 0, 129, 255} }},
	{{ {2821, 877, -2591}, 0, {-2358, -2937}, {0, 0, 129, 255} }},
	{{ {2821, -877, -2591}, 0, {-2358, -679}, {0, 0, 129, 255} }},
	{{ {1790, -2297, -2591}, 0, {296, 1148}, {0, 0, 129, 255} }},
	{{ {185, -1634, -3728}, 0, {-3088, 860}, {0, 0, 129, 255} }},
	{{ {-909, -1278, -3728}, 0, {-1670, 400}, {0, 0, 129, 255} }},
	{{ {-1585, -348, -3728}, 0, {-794, -807}, {0, 0, 129, 255} }},
	{{ {-1585, 802, -3728}, 0, {-794, -2297}, {0, 0, 129, 255} }},
	{{ {185, -1634, -3728}, 0, {1008, 2908}, {0, 0, 129, 255} }},
	{{ {-909, 1733, -3728}, 0, {2426, -1456}, {0, 0, 129, 255} }},
	{{ {185, 2088, -3728}, 0, {1008, -1916}, {0, 0, 129, 255} }},
	{{ {1279, 1733, -3728}, 0, {-410, -1456}, {0, 0, 129, 255} }},
	{{ {185, -1634, -3728}, 0, {5104, 860}, {0, 0, 129, 255} }},
	{{ {1955, 802, -3728}, 0, {2810, -2297}, {0, 0, 129, 255} }},
	{{ {1955, -348, -3728}, 0, {2810, -807}, {0, 0, 129, 255} }},
	{{ {1279, -1278, -3728}, 0, {3686, 400}, {0, 0, 129, 255} }},
	{{ {-1281, -185, -2517}, 0, {2530, 683}, {10, 47, 139, 255} }},
	{{ {-1004, -1129, -2875}, 0, {3372, -483}, {10, 47, 139, 255} }},
	{{ {-1418, -1051, -2879}, 0, {2644, -509}, {10, 47, 139, 255} }},
	{{ {-1695, -107, -2521}, 0, {1802, 657}, {10, 47, 139, 255} }},
};

Gfx ccm_dl_shujasnow_mesh_layer_1_tri_0[] = {
	gsSPVertex(ccm_dl_shujasnow_mesh_layer_1_vtx_0 + 0, 30, 0),
	gsSP2Triangles(0, 1, 2, 0, 3, 4, 5, 0),
	gsSP2Triangles(6, 7, 8, 0, 9, 10, 11, 0),
	gsSP2Triangles(12, 13, 14, 0, 15, 16, 17, 0),
	gsSP2Triangles(18, 19, 20, 0, 21, 22, 23, 0),
	gsSP2Triangles(24, 25, 26, 0, 27, 28, 29, 0),
	gsSPVertex(ccm_dl_shujasnow_mesh_layer_1_vtx_0 + 30, 31, 0),
	gsSP2Triangles(0, 1, 2, 0, 3, 4, 5, 0),
	gsSP2Triangles(6, 7, 8, 0, 6, 8, 9, 0),
	gsSP2Triangles(10, 11, 12, 0, 13, 14, 15, 0),
	gsSP2Triangles(16, 17, 18, 0, 19, 20, 21, 0),
	gsSP2Triangles(22, 23, 24, 0, 25, 26, 27, 0),
	gsSP1Triangle(28, 29, 30, 0),
	gsSPVertex(ccm_dl_shujasnow_mesh_layer_1_vtx_0 + 61, 30, 0),
	gsSP2Triangles(0, 1, 2, 0, 3, 4, 5, 0),
	gsSP2Triangles(6, 7, 8, 0, 9, 10, 11, 0),
	gsSP2Triangles(12, 13, 14, 0, 15, 16, 17, 0),
	gsSP2Triangles(18, 19, 20, 0, 21, 22, 23, 0),
	gsSP2Triangles(24, 25, 26, 0, 27, 28, 29, 0),
	gsSPVertex(ccm_dl_shujasnow_mesh_layer_1_vtx_0 + 91, 30, 0),
	gsSP2Triangles(0, 1, 2, 0, 3, 4, 5, 0),
	gsSP2Triangles(6, 7, 8, 0, 9, 10, 11, 0),
	gsSP2Triangles(12, 13, 14, 0, 15, 16, 17, 0),
	gsSP2Triangles(18, 19, 20, 0, 21, 22, 23, 0),
	gsSP2Triangles(24, 25, 26, 0, 27, 28, 29, 0),
	gsSPVertex(ccm_dl_shujasnow_mesh_layer_1_vtx_0 + 121, 32, 0),
	gsSP2Triangles(0, 1, 2, 0, 3, 4, 5, 0),
	gsSP2Triangles(6, 7, 8, 0, 9, 10, 11, 0),
	gsSP2Triangles(12, 13, 14, 0, 15, 16, 17, 0),
	gsSP2Triangles(18, 19, 20, 0, 21, 22, 23, 0),
	gsSP2Triangles(21, 23, 24, 0, 25, 26, 27, 0),
	gsSP2Triangles(25, 27, 28, 0, 29, 30, 31, 0),
	gsSPVertex(ccm_dl_shujasnow_mesh_layer_1_vtx_0 + 153, 27, 0),
	gsSP2Triangles(0, 1, 2, 0, 3, 4, 5, 0),
	gsSP2Triangles(3, 5, 6, 0, 7, 8, 9, 0),
	gsSP2Triangles(9, 10, 7, 0, 11, 12, 13, 0),
	gsSP2Triangles(11, 13, 14, 0, 15, 16, 17, 0),
	gsSP2Triangles(15, 17, 18, 0, 19, 20, 21, 0),
	gsSP2Triangles(21, 22, 19, 0, 23, 24, 25, 0),
	gsSP1Triangle(23, 25, 26, 0),
	gsSPEndDisplayList(),
};

Vtx ccm_dl_shujasnow_mesh_layer_1_vtx_1[210] = {
	{{ {121, -4594, 250}, 0, {1456, -107}, {108, 67, 0, 255} }},
	{{ {-2579, -3716, 250}, 0, {-1603, -107}, {108, 67, 0, 255} }},
	{{ {-2580, -3718, -250}, 0, {-1603, -1487}, {108, 67, 0, 255} }},
	{{ {121, -4594, 250}, 0, {1456, -107}, {108, 67, 0, 255} }},
	{{ {-2580, -3718, -250}, 0, {-1603, -1487}, {108, 67, 0, 255} }},
	{{ {121, -4596, -250}, 0, {1456, -1487}, {108, 67, 0, 255} }},
	{{ {-2579, -3716, 250}, 0, {2493, -107}, {82, 97, 0, 255} }},
	{{ {-4248, -1420, 250}, 0, {-566, -107}, {82, 97, 0, 255} }},
	{{ {-4250, -1420, -250}, 0, {-566, -1487}, {82, 97, 0, 255} }},
	{{ {-2579, -3716, 250}, 0, {2493, -107}, {82, 97, 0, 255} }},
	{{ {-4250, -1420, -250}, 0, {-566, -1487}, {82, 97, 0, 255} }},
	{{ {-2580, -3718, -250}, 0, {2493, -1487}, {82, 97, 0, 255} }},
	{{ {-4248, -1420, 250}, 0, {1482, -107}, {127, 0, 0, 255} }},
	{{ {-4248, 1420, 250}, 0, {-1578, -107}, {127, 0, 0, 255} }},
	{{ {-4250, 1420, -250}, 0, {-1578, -1487}, {127, 0, 0, 255} }},
	{{ {-4250, -1420, -250}, 0, {1482, -1487}, {127, 0, 0, 255} }},
	{{ {-4248, 1420, 250}, 0, {2518, -107}, {114, 56, 0, 255} }},
	{{ {-2579, 3716, 250}, 0, {-541, -107}, {114, 56, 0, 255} }},
	{{ {-2580, 3718, -250}, 0, {-541, -1487}, {114, 56, 0, 255} }},
	{{ {-4248, 1420, 250}, 0, {2518, -107}, {114, 56, 0, 255} }},
	{{ {-2580, 3718, -250}, 0, {-541, -1487}, {114, 56, 0, 255} }},
	{{ {-4250, 1420, -250}, 0, {2518, -1487}, {114, 56, 0, 255} }},
	{{ {-2579, 3716, 250}, 0, {1507, -107}, {111, 62, 0, 255} }},
	{{ {121, 4594, 250}, 0, {-1552, -107}, {111, 62, 0, 255} }},
	{{ {121, 4596, -250}, 0, {-1552, -1487}, {111, 62, 0, 255} }},
	{{ {-2579, 3716, 250}, 0, {1507, -107}, {111, 62, 0, 255} }},
	{{ {121, 4596, -250}, 0, {-1552, -1487}, {111, 62, 0, 255} }},
	{{ {-2580, 3718, -250}, 0, {1507, -1487}, {111, 62, 0, 255} }},
	{{ {121, 4594, 250}, 0, {2544, -107}, {39, 121, 0, 255} }},
	{{ {2821, 3716, 250}, 0, {-515, -107}, {39, 121, 0, 255} }},
	{{ {2822, 3718, -250}, 0, {-515, -1487}, {39, 121, 0, 255} }},
	{{ {121, 4594, 250}, 0, {2544, -107}, {39, 121, 0, 255} }},
	{{ {2822, 3718, -250}, 0, {-515, -1487}, {39, 121, 0, 255} }},
	{{ {121, 4596, -250}, 0, {2544, -1487}, {39, 121, 0, 255} }},
	{{ {2821, 3716, 250}, 0, {1533, -107}, {103, 75, 0, 255} }},
	{{ {4490, 1420, 250}, 0, {-1526, -107}, {103, 75, 0, 255} }},
	{{ {4492, 1420, -250}, 0, {-1526, -1487}, {103, 75, 0, 255} }},
	{{ {2821, 3716, 250}, 0, {1533, -107}, {103, 75, 0, 255} }},
	{{ {4492, 1420, -250}, 0, {-1526, -1487}, {103, 75, 0, 255} }},
	{{ {2822, 3718, -250}, 0, {1533, -1487}, {103, 75, 0, 255} }},
	{{ {4490, 1420, 250}, 0, {2570, -107}, {127, 0, 0, 255} }},
	{{ {4490, -1420, 250}, 0, {-490, -107}, {127, 0, 0, 255} }},
	{{ {4492, -1420, -250}, 0, {-490, -1487}, {127, 0, 0, 255} }},
	{{ {4492, 1420, -250}, 0, {2570, -1487}, {127, 0, 0, 255} }},
	{{ {4490, -1420, 250}, 0, {1558, -107}, {63, 110, 0, 255} }},
	{{ {2821, -3716, 250}, 0, {-1501, -107}, {63, 110, 0, 255} }},
	{{ {2822, -3718, -250}, 0, {-1501, -1487}, {63, 110, 0, 255} }},
	{{ {4490, -1420, 250}, 0, {1558, -107}, {63, 110, 0, 255} }},
	{{ {2822, -3718, -250}, 0, {-1501, -1487}, {63, 110, 0, 255} }},
	{{ {4492, -1420, -250}, 0, {1558, -1487}, {63, 110, 0, 255} }},
	{{ {2821, -3716, 250}, 0, {2595, -107}, {35, 122, 0, 255} }},
	{{ {121, -4594, 250}, 0, {-464, -107}, {35, 122, 0, 255} }},
	{{ {121, -4596, -250}, 0, {-464, -1487}, {35, 122, 0, 255} }},
	{{ {2821, -3716, 250}, 0, {2595, -107}, {35, 122, 0, 255} }},
	{{ {121, -4596, -250}, 0, {-464, -1487}, {35, 122, 0, 255} }},
	{{ {2822, -3718, -250}, 0, {2595, -1487}, {35, 122, 0, 255} }},
	{{ {121, -2839, -246}, 0, {1361, -3662}, {108, 67, 0, 255} }},
	{{ {-1548, -2297, -246}, 0, {-1679, -3662}, {108, 67, 0, 255} }},
	{{ {-1548, -2297, -2591}, 0, {-1679, 3057}, {108, 67, 0, 255} }},
	{{ {121, -2839, -246}, 0, {1361, -3662}, {108, 67, 0, 255} }},
	{{ {-1548, -2297, -2591}, 0, {-1679, 3057}, {108, 67, 0, 255} }},
	{{ {121, -2839, -2591}, 0, {1361, 3057}, {108, 67, 0, 255} }},
	{{ {-1548, -2297, -246}, 0, {2417, -3662}, {82, 97, 0, 255} }},
	{{ {-2579, -877, -246}, 0, {-623, -3662}, {82, 97, 0, 255} }},
	{{ {-2579, -877, -2591}, 0, {-623, 3057}, {82, 97, 0, 255} }},
	{{ {-2579, -877, -2591}, 0, {-623, 3057}, {82, 97, 0, 255} }},
	{{ {-1548, -2297, -2591}, 0, {2417, 3057}, {82, 97, 0, 255} }},
	{{ {-2579, -877, -246}, 0, {1425, -3662}, {127, 0, 0, 255} }},
	{{ {-2579, 877, -246}, 0, {-1616, -3662}, {127, 0, 0, 255} }},
	{{ {-2579, 877, -2591}, 0, {-1616, 3057}, {127, 0, 0, 255} }},
	{{ {-2579, -877, -246}, 0, {1425, -3662}, {127, 0, 0, 255} }},
	{{ {-2579, 877, -2591}, 0, {-1616, 3057}, {127, 0, 0, 255} }},
	{{ {-2579, -877, -2591}, 0, {1425, 3057}, {127, 0, 0, 255} }},
	{{ {-2579, 877, -246}, 0, {2480, -3662}, {114, 56, 0, 255} }},
	{{ {-1548, 2297, -246}, 0, {-560, -3662}, {114, 56, 0, 255} }},
	{{ {-1548, 2297, -2591}, 0, {-560, 3057}, {114, 56, 0, 255} }},
	{{ {-2579, 877, -246}, 0, {2480, -3662}, {114, 56, 0, 255} }},
	{{ {-1548, 2297, -2591}, 0, {-560, 3057}, {114, 56, 0, 255} }},
	{{ {-2579, 877, -2591}, 0, {2480, 3057}, {114, 56, 0, 255} }},
	{{ {-1548, 2297, -246}, 0, {1488, -3662}, {111, 62, 0, 255} }},
	{{ {121, 2839, -246}, 0, {-1552, -3662}, {111, 62, 0, 255} }},
	{{ {121, 2839, -2591}, 0, {-1552, 3057}, {111, 62, 0, 255} }},
	{{ {-1548, 2297, -246}, 0, {1488, -3662}, {111, 62, 0, 255} }},
	{{ {121, 2839, -2591}, 0, {-1552, 3057}, {111, 62, 0, 255} }},
	{{ {-1548, 2297, -2591}, 0, {1488, 3057}, {111, 62, 0, 255} }},
	{{ {2821, 877, -246}, 0, {2608, -3662}, {127, 0, 0, 255} }},
	{{ {2821, -877, -246}, 0, {-433, -3662}, {127, 0, 0, 255} }},
	{{ {2821, -877, -2591}, 0, {-433, 3057}, {127, 0, 0, 255} }},
	{{ {2821, 877, -2591}, 0, {2608, 3057}, {127, 0, 0, 255} }},
	{{ {2821, -877, -246}, 0, {1615, -3662}, {63, 110, 0, 255} }},
	{{ {1790, -2297, -246}, 0, {-1425, -3662}, {63, 110, 0, 255} }},
	{{ {1790, -2297, -2591}, 0, {-1425, 3057}, {63, 110, 0, 255} }},
	{{ {2821, -877, -246}, 0, {1615, -3662}, {63, 110, 0, 255} }},
	{{ {1790, -2297, -2591}, 0, {-1425, 3057}, {63, 110, 0, 255} }},
	{{ {2821, -877, -2591}, 0, {1615, 3057}, {63, 110, 0, 255} }},
	{{ {1790, -2297, -246}, 0, {2671, -3662}, {35, 122, 0, 255} }},
	{{ {121, -2839, -246}, 0, {-369, -3662}, {35, 122, 0, 255} }},
	{{ {121, -2839, -2591}, 0, {-369, 3057}, {35, 122, 0, 255} }},
	{{ {1790, -2297, -246}, 0, {2671, -3662}, {35, 122, 0, 255} }},
	{{ {121, -2839, -2591}, 0, {-369, 3057}, {35, 122, 0, 255} }},
	{{ {1790, -2297, -2591}, 0, {2671, 3057}, {35, 122, 0, 255} }},
	{{ {-1548, -2297, -246}, 0, {4193, -316}, {0, 0, 129, 255} }},
	{{ {121, -2839, -246}, 0, {-95, 300}, {0, 0, 129, 255} }},
	{{ {1790, -2297, -246}, 0, {-4384, -316}, {0, 0, 129, 255} }},
	{{ {-1548, -2297, -246}, 0, {6241, 1732}, {0, 0, 129, 255} }},
	{{ {1790, -2297, -246}, 0, {-2336, 1732}, {0, 0, 129, 255} }},
	{{ {2821, -877, -246}, 0, {-4987, 119}, {0, 0, 129, 255} }},
	{{ {-1548, -2297, -246}, 0, {6241, 3780}, {0, 0, 129, 255} }},
	{{ {2821, -877, -246}, 0, {-4987, 2167}, {0, 0, 129, 255} }},
	{{ {2821, 877, -246}, 0, {-4987, 174}, {0, 0, 129, 255} }},
	{{ {-1548, -2297, -246}, 0, {6241, 3780}, {0, 0, 129, 255} }},
	{{ {2821, 877, -246}, 0, {-4987, 174}, {0, 0, 129, 255} }},
	{{ {1790, 2297, -246}, 0, {-2336, -1439}, {0, 0, 129, 255} }},
	{{ {-1548, -2297, -246}, 0, {4193, 3780}, {0, 0, 129, 255} }},
	{{ {1790, 2297, -246}, 0, {-4384, -1439}, {0, 0, 129, 255} }},
	{{ {121, 2839, -246}, 0, {-95, -2055}, {0, 0, 129, 255} }},
	{{ {-1548, -2297, -246}, 0, {2145, 3780}, {0, 0, 129, 255} }},
	{{ {121, 2839, -246}, 0, {-2143, -2055}, {0, 0, 129, 255} }},
	{{ {-1548, 2297, -246}, 0, {2145, -1439}, {0, 0, 129, 255} }},
	{{ {-1548, -2297, -246}, 0, {-1951, 3780}, {0, 0, 129, 255} }},
	{{ {-1548, 2297, -246}, 0, {-1951, -1439}, {0, 0, 129, 255} }},
	{{ {-2579, 877, -246}, 0, {700, 174}, {0, 0, 129, 255} }},
	{{ {-2579, 877, -246}, 0, {700, 174}, {0, 0, 129, 255} }},
	{{ {-2579, -877, -246}, 0, {700, 2167}, {0, 0, 129, 255} }},
	{{ {-1548, -2297, -246}, 0, {-1951, 3780}, {0, 0, 129, 255} }},
	{{ {185, -1634, -2191}, 0, {-1552, -1155}, {108, 67, 0, 255} }},
	{{ {-909, -1278, -2191}, 0, {507, -1155}, {108, 67, 0, 255} }},
	{{ {-909, -1278, -3728}, 0, {507, 2147}, {108, 67, 0, 255} }},
	{{ {185, -1634, -2191}, 0, {-1552, -1155}, {108, 67, 0, 255} }},
	{{ {-909, -1278, -3728}, 0, {507, 2147}, {108, 67, 0, 255} }},
	{{ {185, -1634, -3728}, 0, {-1552, 2147}, {108, 67, 0, 255} }},
	{{ {-909, -1278, -2191}, 0, {1282, -1155}, {82, 97, 0, 255} }},
	{{ {-1585, -348, -2191}, 0, {-469, -1155}, {82, 97, 0, 255} }},
	{{ {-1585, -348, -3728}, 0, {-469, 2147}, {82, 97, 0, 255} }},
	{{ {-909, -1278, -2191}, 0, {1282, -1155}, {82, 97, 0, 255} }},
	{{ {-909, -1278, -3728}, 0, {1282, 2147}, {82, 97, 0, 255} }},
	{{ {-1585, -348, -2191}, 0, {1579, -1155}, {127, 0, 0, 255} }},
	{{ {-1585, 802, -2191}, 0, {-587, -1155}, {127, 0, 0, 255} }},
	{{ {-1585, 802, -3728}, 0, {-587, 2147}, {127, 0, 0, 255} }},
	{{ {-1585, -348, -2191}, 0, {1579, -1155}, {127, 0, 0, 255} }},
	{{ {-1585, 802, -3728}, 0, {-587, 2147}, {127, 0, 0, 255} }},
	{{ {-1585, -348, -3728}, 0, {1579, 2147}, {127, 0, 0, 255} }},
	{{ {-1585, 802, -2191}, 0, {1461, -1155}, {114, 56, 0, 255} }},
	{{ {-909, 1733, -2191}, 0, {-290, -1155}, {114, 56, 0, 255} }},
	{{ {-909, 1733, -3728}, 0, {-290, 2147}, {114, 56, 0, 255} }},
	{{ {-1585, 802, -2191}, 0, {1461, -1155}, {114, 56, 0, 255} }},
	{{ {-909, 1733, -3728}, 0, {-290, 2147}, {114, 56, 0, 255} }},
	{{ {-1585, 802, -3728}, 0, {1461, 2147}, {114, 56, 0, 255} }},
	{{ {-909, 1733, -2191}, 0, {507, -1155}, {111, 62, 0, 255} }},
	{{ {185, 2088, -2191}, 0, {-1552, -1155}, {111, 62, 0, 255} }},
	{{ {185, 2088, -3728}, 0, {-1552, 2147}, {111, 62, 0, 255} }},
	{{ {-909, 1733, -2191}, 0, {507, -1155}, {111, 62, 0, 255} }},
	{{ {185, 2088, -3728}, 0, {-1552, 2147}, {111, 62, 0, 255} }},
	{{ {-909, 1733, -3728}, 0, {507, 2147}, {111, 62, 0, 255} }},
	{{ {1955, 802, -2191}, 0, {-587, -1155}, {127, 0, 0, 255} }},
	{{ {1955, -348, -2191}, 0, {1579, -1155}, {127, 0, 0, 255} }},
	{{ {1955, -348, -3728}, 0, {1579, 2147}, {127, 0, 0, 255} }},
	{{ {1955, 802, -3728}, 0, {-587, 2147}, {127, 0, 0, 255} }},
	{{ {1955, -348, -2191}, 0, {-469, -1155}, {63, 110, 0, 255} }},
	{{ {1279, -1278, -2191}, 0, {1282, -1155}, {63, 110, 0, 255} }},
	{{ {1279, -1278, -3728}, 0, {1282, 2147}, {63, 110, 0, 255} }},
	{{ {1955, -348, -2191}, 0, {-469, -1155}, {63, 110, 0, 255} }},
	{{ {1279, -1278, -3728}, 0, {1282, 2147}, {63, 110, 0, 255} }},
	{{ {1955, -348, -3728}, 0, {-469, 2147}, {63, 110, 0, 255} }},
	{{ {1279, -1278, -2191}, 0, {485, -1155}, {35, 122, 0, 255} }},
	{{ {185, -1634, -2191}, 0, {2544, -1155}, {35, 122, 0, 255} }},
	{{ {185, -1634, -3728}, 0, {2544, 2147}, {35, 122, 0, 255} }},
	{{ {1279, -1278, -2191}, 0, {485, -1155}, {35, 122, 0, 255} }},
	{{ {185, -1634, -3728}, 0, {2544, 2147}, {35, 122, 0, 255} }},
	{{ {1279, -1278, -3728}, 0, {485, 2147}, {35, 122, 0, 255} }},
	{{ {-909, -1278, -2191}, 0, {2555, -216}, {0, 0, 129, 255} }},
	{{ {185, -1634, -2191}, 0, {496, 99}, {0, 0, 129, 255} }},
	{{ {1279, -1278, -2191}, 0, {-1563, -216}, {0, 0, 129, 255} }},
	{{ {-909, -1278, -2191}, 0, {4603, -216}, {0, 0, 129, 255} }},
	{{ {1279, -1278, -2191}, 0, {485, -216}, {0, 0, 129, 255} }},
	{{ {1955, -348, -2191}, 0, {-788, -1042}, {0, 0, 129, 255} }},
	{{ {-909, -1278, -2191}, 0, {4603, 1832}, {0, 0, 129, 255} }},
	{{ {1955, -348, -2191}, 0, {-788, 1006}, {0, 0, 129, 255} }},
	{{ {1955, 802, -2191}, 0, {-788, -14}, {0, 0, 129, 255} }},
	{{ {-909, -1278, -2191}, 0, {4603, 1832}, {0, 0, 129, 255} }},
	{{ {1955, 802, -2191}, 0, {-788, -14}, {0, 0, 129, 255} }},
	{{ {1279, 1733, -2191}, 0, {485, -840}, {0, 0, 129, 255} }},
	{{ {-909, -1278, -2191}, 0, {2555, 1832}, {0, 0, 129, 255} }},
	{{ {1279, 1733, -2191}, 0, {-1563, -840}, {0, 0, 129, 255} }},
	{{ {185, 2088, -2191}, 0, {496, -1155}, {0, 0, 129, 255} }},
	{{ {-909, -1278, -2191}, 0, {507, 1832}, {0, 0, 129, 255} }},
	{{ {185, 2088, -2191}, 0, {-1552, -1155}, {0, 0, 129, 255} }},
	{{ {-909, 1733, -2191}, 0, {507, -840}, {0, 0, 129, 255} }},
	{{ {-909, -1278, -2191}, 0, {-1541, 1832}, {0, 0, 129, 255} }},
	{{ {-909, 1733, -2191}, 0, {-1541, -840}, {0, 0, 129, 255} }},
	{{ {-1585, 802, -2191}, 0, {-268, -14}, {0, 0, 129, 255} }},
	{{ {-1585, 802, -2191}, 0, {-268, -14}, {0, 0, 129, 255} }},
	{{ {-1585, -348, -2191}, 0, {-268, 1006}, {0, 0, 129, 255} }},
	{{ {-909, -1278, -2191}, 0, {-1541, 1832}, {0, 0, 129, 255} }},
	{{ {121, 2839, -246}, 0, {2544, -3662}, {39, 121, 0, 255} }},
	{{ {1790, 2297, -246}, 0, {-496, -3662}, {39, 121, 0, 255} }},
	{{ {1790, 2297, -2591}, 0, {-496, 3057}, {39, 121, 0, 255} }},
	{{ {121, 2839, -2591}, 0, {2544, 3057}, {39, 121, 0, 255} }},
	{{ {1790, 2297, -246}, 0, {1552, -3662}, {103, 75, 0, 255} }},
	{{ {2821, 877, -246}, 0, {-1488, -3662}, {103, 75, 0, 255} }},
	{{ {2821, 877, -2591}, 0, {-1488, 3057}, {103, 75, 0, 255} }},
	{{ {1790, 2297, -2591}, 0, {1552, 3057}, {103, 75, 0, 255} }},
	{{ {185, 2088, -2191}, 0, {2544, -1155}, {39, 121, 0, 255} }},
	{{ {1279, 1733, -2191}, 0, {485, -1155}, {39, 121, 0, 255} }},
	{{ {1279, 1733, -3728}, 0, {485, 2147}, {39, 121, 0, 255} }},
	{{ {185, 2088, -3728}, 0, {2544, 2147}, {39, 121, 0, 255} }},
	{{ {1279, 1733, -2191}, 0, {-290, -1155}, {103, 75, 0, 255} }},
	{{ {1955, 802, -2191}, 0, {1461, -1155}, {103, 75, 0, 255} }},
	{{ {1955, 802, -3728}, 0, {1461, 2147}, {103, 75, 0, 255} }},
	{{ {1279, 1733, -3728}, 0, {-290, 2147}, {103, 75, 0, 255} }},
};

Gfx ccm_dl_shujasnow_mesh_layer_1_tri_1[] = {
	gsSPVertex(ccm_dl_shujasnow_mesh_layer_1_vtx_1 + 0, 31, 0),
	gsSP2Triangles(0, 1, 2, 0, 3, 4, 5, 0),
	gsSP2Triangles(6, 7, 8, 0, 9, 10, 11, 0),
	gsSP2Triangles(12, 13, 14, 0, 12, 14, 15, 0),
	gsSP2Triangles(16, 17, 18, 0, 19, 20, 21, 0),
	gsSP2Triangles(22, 23, 24, 0, 25, 26, 27, 0),
	gsSP1Triangle(28, 29, 30, 0),
	gsSPVertex(ccm_dl_shujasnow_mesh_layer_1_vtx_1 + 31, 31, 0),
	gsSP2Triangles(0, 1, 2, 0, 3, 4, 5, 0),
	gsSP2Triangles(6, 7, 8, 0, 9, 10, 11, 0),
	gsSP2Triangles(9, 11, 12, 0, 13, 14, 15, 0),
	gsSP2Triangles(16, 17, 18, 0, 19, 20, 21, 0),
	gsSP2Triangles(22, 23, 24, 0, 25, 26, 27, 0),
	gsSP1Triangle(28, 29, 30, 0),
	gsSPVertex(ccm_dl_shujasnow_mesh_layer_1_vtx_1 + 62, 30, 0),
	gsSP2Triangles(0, 1, 2, 0, 0, 3, 4, 0),
	gsSP2Triangles(5, 6, 7, 0, 8, 9, 10, 0),
	gsSP2Triangles(11, 12, 13, 0, 14, 15, 16, 0),
	gsSP2Triangles(17, 18, 19, 0, 20, 21, 22, 0),
	gsSP2Triangles(23, 24, 25, 0, 23, 25, 26, 0),
	gsSP1Triangle(27, 28, 29, 0),
	gsSPVertex(ccm_dl_shujasnow_mesh_layer_1_vtx_1 + 92, 30, 0),
	gsSP2Triangles(0, 1, 2, 0, 3, 4, 5, 0),
	gsSP2Triangles(6, 7, 8, 0, 9, 10, 11, 0),
	gsSP2Triangles(12, 13, 14, 0, 15, 16, 17, 0),
	gsSP2Triangles(18, 19, 20, 0, 21, 22, 23, 0),
	gsSP2Triangles(24, 25, 26, 0, 27, 28, 29, 0),
	gsSPVertex(ccm_dl_shujasnow_mesh_layer_1_vtx_1 + 122, 32, 0),
	gsSP2Triangles(0, 1, 2, 0, 3, 4, 5, 0),
	gsSP2Triangles(6, 7, 8, 0, 9, 10, 11, 0),
	gsSP2Triangles(12, 11, 13, 0, 14, 15, 16, 0),
	gsSP2Triangles(17, 18, 19, 0, 20, 21, 22, 0),
	gsSP2Triangles(23, 24, 25, 0, 26, 27, 28, 0),
	gsSP1Triangle(29, 30, 31, 0),
	gsSPVertex(ccm_dl_shujasnow_mesh_layer_1_vtx_1 + 154, 31, 0),
	gsSP2Triangles(0, 1, 2, 0, 0, 2, 3, 0),
	gsSP2Triangles(4, 5, 6, 0, 7, 8, 9, 0),
	gsSP2Triangles(10, 11, 12, 0, 13, 14, 15, 0),
	gsSP2Triangles(16, 17, 18, 0, 19, 20, 21, 0),
	gsSP2Triangles(22, 23, 24, 0, 25, 26, 27, 0),
	gsSP1Triangle(28, 29, 30, 0),
	gsSPVertex(ccm_dl_shujasnow_mesh_layer_1_vtx_1 + 185, 25, 0),
	gsSP2Triangles(0, 1, 2, 0, 3, 4, 5, 0),
	gsSP2Triangles(6, 7, 8, 0, 9, 10, 11, 0),
	gsSP2Triangles(9, 11, 12, 0, 13, 14, 15, 0),
	gsSP2Triangles(13, 15, 16, 0, 17, 18, 19, 0),
	gsSP2Triangles(17, 19, 20, 0, 21, 22, 23, 0),
	gsSP1Triangle(21, 23, 24, 0),
	gsSPEndDisplayList(),
};

Vtx ccm_dl_shujasnow_mesh_layer_1_vtx_2[430] = {
	{{ {3273, -802, 226}, 0, {1009, 925}, {5, 58, 143, 255} }},
	{{ {2768, -850, 232}, 0, {1574, 925}, {5, 58, 143, 255} }},
	{{ {2667, -864, -326}, 0, {1680, 1526}, {5, 58, 143, 255} }},
	{{ {3273, -802, 226}, 0, {1009, 925}, {5, 58, 143, 255} }},
	{{ {2667, -864, -326}, 0, {1680, 1526}, {5, 58, 143, 255} }},
	{{ {3148, -818, -331}, 0, {1142, 1526}, {5, 58, 143, 255} }},
	{{ {2768, -850, 232}, 0, {368, 496}, {46, 87, 175, 255} }},
	{{ {2574, 1140, -246}, 0, {368, 752}, {46, 87, 175, 255} }},
	{{ {2482, 1032, -781}, 0, {624, 752}, {46, 87, 175, 255} }},
	{{ {2768, -850, 232}, 0, {368, 496}, {46, 87, 175, 255} }},
	{{ {2482, 1032, -781}, 0, {624, 752}, {46, 87, 175, 255} }},
	{{ {2667, -864, -326}, 0, {624, 496}, {46, 87, 175, 255} }},
	{{ {3079, 1188, -252}, 0, {126, 2239}, {110, 22, 196, 255} }},
	{{ {2211, 2413, -797}, 0, {1155, 1761}, {110, 22, 196, 255} }},
	{{ {1706, 2365, -791}, 0, {1860, 1761}, {110, 22, 196, 255} }},
	{{ {3079, 1188, -252}, 0, {126, 2239}, {110, 22, 196, 255} }},
	{{ {1706, 2365, -791}, 0, {1860, 1761}, {110, 22, 196, 255} }},
	{{ {2574, 1140, -246}, 0, {830, 2239}, {110, 22, 196, 255} }},
	{{ {3273, -802, 226}, 0, {112, 496}, {112, 13, 198, 255} }},
	{{ {3079, 1188, -252}, 0, {112, 752}, {112, 13, 198, 255} }},
	{{ {2574, 1140, -246}, 0, {368, 752}, {112, 13, 198, 255} }},
	{{ {3273, -802, 226}, 0, {112, 496}, {112, 13, 198, 255} }},
	{{ {2574, 1140, -246}, 0, {368, 752}, {112, 13, 198, 255} }},
	{{ {2768, -850, 232}, 0, {368, 496}, {112, 13, 198, 255} }},
	{{ {2574, 1140, -246}, 0, {368, 752}, {57, 74, 170, 255} }},
	{{ {1706, 2365, -791}, 0, {368, 752}, {57, 74, 170, 255} }},
	{{ {1655, 2199, -1300}, 0, {624, 752}, {57, 74, 170, 255} }},
	{{ {2574, 1140, -246}, 0, {368, 752}, {57, 74, 170, 255} }},
	{{ {1655, 2199, -1300}, 0, {624, 752}, {57, 74, 170, 255} }},
	{{ {2482, 1032, -781}, 0, {624, 752}, {57, 74, 170, 255} }},
	{{ {2964, 1077, -786}, 0, {1142, 1526}, {106, 60, 221, 255} }},
	{{ {2137, 2245, -1306}, 0, {1929, 1775}, {106, 60, 221, 255} }},
	{{ {2211, 2413, -797}, 0, {1835, 1186}, {106, 60, 221, 255} }},
	{{ {2964, 1077, -786}, 0, {1142, 1526}, {106, 60, 221, 255} }},
	{{ {2211, 2413, -797}, 0, {1835, 1186}, {106, 60, 221, 255} }},
	{{ {3079, 1188, -252}, 0, {1009, 925}, {106, 60, 221, 255} }},
	{{ {2211, 2615, -797}, 0, {-919, 1694}, {112, 8, 197, 255} }},
	{{ {-249, 3386, -1064}, 0, {2376, 1337}, {112, 8, 197, 255} }},
	{{ {-234, 2841, -993}, 0, {2428, 1524}, {112, 8, 197, 255} }},
	{{ {2211, 2615, -797}, 0, {-919, 1694}, {112, 8, 197, 255} }},
	{{ {-234, 2841, -993}, 0, {2428, 1524}, {112, 8, 197, 255} }},
	{{ {1706, 2365, -791}, 0, {-188, 1761}, {112, 8, 197, 255} }},
	{{ {2211, 2413, -797}, 0, {1155, 1761}, {2, 0, 129, 255} }},
	{{ {2211, 2615, -797}, 0, {1129, 1694}, {2, 0, 129, 255} }},
	{{ {1706, 2365, -791}, 0, {1860, 1761}, {2, 0, 129, 255} }},
	{{ {-140, 3115, -1537}, 0, {-1786, -274}, {112, 52, 226, 255} }},
	{{ {-1922, 2422, -2158}, 0, {254, 551}, {112, 52, 226, 255} }},
	{{ {-2120, 2659, -1658}, 0, {455, -49}, {112, 52, 226, 255} }},
	{{ {-140, 3115, -1537}, 0, {-1786, 1774}, {112, 52, 226, 255} }},
	{{ {-2120, 2659, -1658}, 0, {455, 1999}, {112, 52, 226, 255} }},
	{{ {-249, 3386, -1064}, 0, {-1687, 1195}, {112, 52, 226, 255} }},
	{{ {2137, 2437, -1306}, 0, {-139, 1725}, {39, 110, 207, 255} }},
	{{ {-140, 3115, -1537}, 0, {2310, 1774}, {39, 110, 207, 255} }},
	{{ {-249, 3386, -1064}, 0, {2409, 1195}, {39, 110, 207, 255} }},
	{{ {2137, 2437, -1306}, 0, {-139, 1725}, {39, 110, 207, 255} }},
	{{ {-249, 3386, -1064}, 0, {2409, 1195}, {39, 110, 207, 255} }},
	{{ {2211, 2615, -797}, 0, {-234, 1134}, {39, 110, 207, 255} }},
	{{ {1706, 2365, -791}, 0, {368, 752}, {84, 53, 177, 255} }},
	{{ {-234, 2841, -993}, 0, {368, 752}, {84, 53, 177, 255} }},
	{{ {-126, 2596, -1470}, 0, {624, 752}, {84, 53, 177, 255} }},
	{{ {1706, 2365, -791}, 0, {368, 752}, {84, 53, 177, 255} }},
	{{ {-126, 2596, -1470}, 0, {624, 752}, {84, 53, 177, 255} }},
	{{ {1655, 2199, -1300}, 0, {624, 752}, {84, 53, 177, 255} }},
	{{ {-234, 2841, -993}, 0, {368, 752}, {13, 76, 155, 255} }},
	{{ {-1878, 2114, -1588}, 0, {368, 752}, {13, 76, 155, 255} }},
	{{ {-1692, 1903, -2091}, 0, {624, 752}, {13, 76, 155, 255} }},
	{{ {-234, 2841, -993}, 0, {368, 752}, {13, 76, 155, 255} }},
	{{ {-1692, 1903, -2091}, 0, {624, 752}, {13, 76, 155, 255} }},
	{{ {-126, 2596, -1470}, 0, {624, 752}, {13, 76, 155, 255} }},
	{{ {-249, 3386, -1064}, 0, {-1720, 1337}, {107, 3, 188, 255} }},
	{{ {-2120, 2659, -1658}, 0, {950, 1471}, {107, 3, 188, 255} }},
	{{ {-1878, 2114, -1588}, 0, {688, 1665}, {107, 3, 188, 255} }},
	{{ {-249, 3386, -1064}, 0, {-1720, 1337}, {107, 3, 188, 255} }},
	{{ {-1878, 2114, -1588}, 0, {688, 1665}, {107, 3, 188, 255} }},
	{{ {-234, 2841, -993}, 0, {-1668, 1524}, {107, 3, 188, 255} }},
	{{ {-1878, 2114, -1588}, 0, {368, 752}, {43, 91, 179, 255} }},
	{{ {-1844, 329, -1895}, 0, {368, 752}, {43, 91, 179, 255} }},
	{{ {-1660, 202, -2384}, 0, {624, 752}, {43, 91, 179, 255} }},
	{{ {-1878, 2114, -1588}, 0, {368, 752}, {43, 91, 179, 255} }},
	{{ {-1660, 202, -2384}, 0, {624, 752}, {43, 91, 179, 255} }},
	{{ {-1692, 1903, -2091}, 0, {624, 752}, {43, 91, 179, 255} }},
	{{ {-2120, 2659, -1658}, 0, {-1098, -244}, {81, 86, 208, 255} }},
	{{ {-3258, 1390, -2015}, 0, {633, 623}, {81, 86, 208, 255} }},
	{{ {-1844, 329, -1895}, 0, {-1179, 822}, {81, 86, 208, 255} }},
	{{ {-2120, 2659, -1658}, 0, {950, -244}, {81, 86, 208, 255} }},
	{{ {-1844, 329, -1895}, 0, {869, 822}, {81, 86, 208, 255} }},
	{{ {-1878, 2114, -1588}, 0, {688, -161}, {81, 86, 208, 255} }},
	{{ {-1922, 2422, -2158}, 0, {-1794, 551}, {110, 49, 216, 255} }},
	{{ {-3006, 1214, -2499}, 0, {-471, 1214}, {110, 49, 216, 255} }},
	{{ {-3258, 1390, -2015}, 0, {-204, 647}, {110, 49, 216, 255} }},
	{{ {-1922, 2422, -2158}, 0, {-1794, 551}, {110, 49, 216, 255} }},
	{{ {-3258, 1390, -2015}, 0, {-204, 647}, {110, 49, 216, 255} }},
	{{ {-2120, 2659, -1658}, 0, {-1593, -49}, {110, 49, 216, 255} }},
	{{ {-1799, -1958, -2082}, 0, {-1471, -455}, {96, 82, 243, 255} }},
	{{ {-3212, -897, -2202}, 0, {-17, -614}, {96, 82, 243, 255} }},
	{{ {-2963, -965, -2676}, 0, {-293, -85}, {96, 82, 243, 255} }},
	{{ {-1799, -1958, -2082}, 0, {-1471, -455}, {96, 82, 243, 255} }},
	{{ {-2963, -965, -2676}, 0, {-293, -85}, {96, 82, 243, 255} }},
	{{ {-1617, -1977, -2562}, 0, {-1678, 67}, {96, 82, 243, 255} }},
	{{ {-1844, 329, -1895}, 0, {368, 752}, {43, 92, 180, 255} }},
	{{ {-1799, -1958, -2082}, 0, {368, 752}, {43, 92, 180, 255} }},
	{{ {-1617, -1977, -2562}, 0, {624, 752}, {43, 92, 180, 255} }},
	{{ {-1844, 329, -1895}, 0, {368, 752}, {43, 92, 180, 255} }},
	{{ {-1617, -1977, -2562}, 0, {624, 752}, {43, 92, 180, 255} }},
	{{ {-1660, 202, -2384}, 0, {624, 752}, {43, 92, 180, 255} }},
	{{ {-3258, 1390, -2015}, 0, {633, -1425}, {82, 85, 210, 255} }},
	{{ {-3212, -897, -2202}, 0, {866, -444}, {82, 85, 210, 255} }},
	{{ {-1799, -1958, -2082}, 0, {-945, -245}, {82, 85, 210, 255} }},
	{{ {-3258, 1390, -2015}, 0, {633, -1425}, {82, 85, 210, 255} }},
	{{ {-1799, -1958, -2082}, 0, {-945, -245}, {82, 85, 210, 255} }},
	{{ {-1844, 329, -1895}, 0, {-1179, -1226}, {82, 85, 210, 255} }},
	{{ {-3006, 1214, -2499}, 0, {-877, -1002}, {117, 2, 208, 255} }},
	{{ {-2963, -965, -2676}, 0, {2021, 1118}, {117, 2, 208, 255} }},
	{{ {-3212, -897, -2202}, 0, {2049, -379}, {117, 2, 208, 255} }},
	{{ {-3006, 1214, -2499}, 0, {-877, 1046}, {117, 2, 208, 255} }},
	{{ {-3212, -897, -2202}, 0, {2049, 1669}, {117, 2, 208, 255} }},
	{{ {-3258, 1390, -2015}, 0, {-992, -556}, {117, 2, 208, 255} }},
	{{ {-1717, -182, -2195}, 0, {524, -114}, {122, 34, 0, 255} }},
	{{ {-1323, 1093, -1882}, 0, {779, -110}, {122, 34, 0, 255} }},
	{{ {-1301, 1168, -2208}, 0, {779, 142}, {122, 34, 0, 255} }},
	{{ {-1717, -182, -2195}, 0, {524, -114}, {122, 34, 0, 255} }},
	{{ {-1301, 1168, -2208}, 0, {779, 142}, {122, 34, 0, 255} }},
	{{ {-1695, -107, -2521}, 0, {524, 137}, {122, 34, 0, 255} }},
	{{ {-1323, 1093, -1882}, 0, {1151, -110}, {14, 59, 145, 255} }},
	{{ {-1000, 1015, -1878}, 0, {1403, -110}, {16, 59, 145, 255} }},
	{{ {-978, 1090, -2204}, 0, {1403, 142}, {14, 59, 145, 255} }},
	{{ {-1323, 1093, -1882}, 0, {1151, -110}, {14, 59, 145, 255} }},
	{{ {-978, 1090, -2204}, 0, {1403, 142}, {14, 59, 145, 255} }},
	{{ {-1301, 1168, -2208}, 0, {1151, 142}, {14, 59, 145, 255} }},
	{{ {-1000, 1015, -1878}, 0, {779, -110}, {43, 79, 167, 255} }},
	{{ {-1303, -259, -2191}, 0, {528, -110}, {43, 79, 167, 255} }},
	{{ {-1281, -185, -2517}, 0, {528, 142}, {43, 79, 167, 255} }},
	{{ {-1000, 1015, -1878}, 0, {779, -110}, {43, 79, 167, 255} }},
	{{ {-1281, -185, -2517}, 0, {528, 142}, {43, 79, 167, 255} }},
	{{ {-978, 1090, -2204}, 0, {779, 142}, {43, 79, 167, 255} }},
	{{ {-1717, -182, -2195}, 0, {1084, 524}, {89, 76, 206, 255} }},
	{{ {-1440, -1126, -2552}, 0, {1452, 353}, {89, 76, 206, 255} }},
	{{ {-1026, -1204, -2548}, 0, {1770, 357}, {89, 76, 206, 255} }},
	{{ {-1717, -182, -2195}, 0, {1084, 524}, {89, 76, 206, 255} }},
	{{ {-1026, -1204, -2548}, 0, {1770, 357}, {89, 76, 206, 255} }},
	{{ {-1303, -259, -2191}, 0, {1403, 528}, {89, 76, 206, 255} }},
	{{ {-1323, 1093, -1882}, 0, {1151, 779}, {87, 80, 210, 255} }},
	{{ {-1717, -182, -2195}, 0, {1084, 524}, {87, 80, 210, 255} }},
	{{ {-1303, -259, -2191}, 0, {1403, 528}, {87, 80, 210, 255} }},
	{{ {-1323, 1093, -1882}, 0, {1151, 779}, {87, 80, 210, 255} }},
	{{ {-1303, -259, -2191}, 0, {1403, 528}, {87, 80, 210, 255} }},
	{{ {-1000, 1015, -1878}, 0, {1403, 779}, {87, 80, 210, 255} }},
	{{ {-978, 1090, -2204}, 0, {1403, 779}, {7, 28, 132, 255} }},
	{{ {-1281, -185, -2517}, 0, {1403, 528}, {7, 28, 132, 255} }},
	{{ {-1695, -107, -2521}, 0, {1084, 524}, {7, 28, 132, 255} }},
	{{ {-978, 1090, -2204}, 0, {1403, 779}, {7, 28, 132, 255} }},
	{{ {-1695, -107, -2521}, 0, {1084, 524}, {7, 28, 132, 255} }},
	{{ {-1301, 1168, -2208}, 0, {1151, 779}, {7, 28, 132, 255} }},
	{{ {-1303, -259, -2191}, 0, {1403, -110}, {57, 14, 143, 255} }},
	{{ {-1026, -1204, -2548}, 0, {1770, 6}, {57, 14, 143, 255} }},
	{{ {-1004, -1129, -2875}, 0, {1770, 258}, {57, 14, 143, 255} }},
	{{ {-1303, -259, -2191}, 0, {1403, -110}, {57, 14, 143, 255} }},
	{{ {-1004, -1129, -2875}, 0, {1770, 258}, {57, 14, 143, 255} }},
	{{ {-1281, -185, -2517}, 0, {1403, 142}, {57, 14, 143, 255} }},
	{{ {-1440, -1126, -2552}, 0, {1452, 2050}, {106, 69, 241, 255} }},
	{{ {-1787, -1087, -2219}, 0, {1193, 1796}, {106, 69, 241, 255} }},
	{{ {-1765, -1012, -2545}, 0, {1193, 2048}, {106, 69, 241, 255} }},
	{{ {-1440, -1126, -2552}, 0, {1452, 2}, {106, 69, 241, 255} }},
	{{ {-1765, -1012, -2545}, 0, {1193, 0}, {106, 69, 241, 255} }},
	{{ {-1418, -1051, -2879}, 0, {1452, 253}, {106, 69, 241, 255} }},
	{{ {-1483, -1251, -2404}, 0, {-604, 1919}, {29, 25, 135, 255} }},
	{{ {-31, -2253, -2579}, 0, {639, 1951}, {29, 25, 135, 255} }},
	{{ {76, -1912, -2681}, 0, {656, 2087}, {29, 25, 135, 255} }},
	{{ {-1483, -1251, -2404}, 0, {-604, 1919}, {29, 25, 135, 255} }},
	{{ {76, -1912, -2681}, 0, {656, 2087}, {29, 25, 135, 255} }},
	{{ {-1026, -1204, -2548}, 0, {-278, 2054}, {29, 25, 135, 255} }},
	{{ {-1440, -1126, -2552}, 0, {1452, 2050}, {11, 61, 145, 255} }},
	{{ {-1483, -1251, -2404}, 0, {1444, 1919}, {11, 61, 145, 255} }},
	{{ {-1026, -1204, -2548}, 0, {1770, 2054}, {11, 61, 145, 255} }},
	{{ {-1695, -107, -2521}, 0, {1084, 2185}, {20, 57, 144, 255} }},
	{{ {-2043, -68, -2188}, 0, {825, 1932}, {20, 57, 144, 255} }},
	{{ {-2065, -142, -1861}, 0, {825, 1680}, {20, 57, 144, 255} }},
	{{ {-1695, -107, -2521}, 0, {1084, 2185}, {20, 57, 144, 255} }},
	{{ {-2065, -142, -1861}, 0, {825, 1680}, {20, 57, 144, 255} }},
	{{ {-1717, -182, -2195}, 0, {1084, 1934}, {19, 58, 144, 255} }},
	{{ {-40, -2126, -2890}, 0, {-1441, 150}, {109, 62, 236, 255} }},
	{{ {1275, -2073, -3465}, 0, {-489, 643}, {109, 62, 236, 255} }},
	{{ {1284, -2200, -3117}, 0, {-457, 368}, {109, 62, 236, 255} }},
	{{ {-40, -2126, -2890}, 0, {-1441, 150}, {109, 62, 236, 255} }},
	{{ {1284, -2200, -3117}, 0, {-457, 368}, {109, 62, 236, 255} }},
	{{ {-31, -2253, -2579}, 0, {-1409, -97}, {109, 62, 236, 255} }},
	{{ {-1461, -1176, -2731}, 0, {-604, 123}, {96, 81, 239, 255} }},
	{{ {-40, -2126, -2890}, 0, {607, 150}, {96, 81, 239, 255} }},
	{{ {-31, -2253, -2579}, 0, {639, -97}, {96, 81, 239, 255} }},
	{{ {-1461, -1176, -2731}, 0, {-604, 123}, {96, 81, 239, 255} }},
	{{ {-31, -2253, -2579}, 0, {639, -97}, {96, 81, 239, 255} }},
	{{ {-1483, -1251, -2404}, 0, {-604, -129}, {96, 81, 239, 255} }},
	{{ {-31, -2253, -2579}, 0, {-1409, -97}, {39, 4, 135, 255} }},
	{{ {1284, -2200, -3117}, 0, {-457, 368}, {39, 4, 135, 255} }},
	{{ {1250, -1810, -3071}, 0, {-550, 398}, {39, 4, 135, 255} }},
	{{ {-31, -2253, -2579}, 0, {-1409, -97}, {39, 5, 135, 255} }},
	{{ {1250, -1810, -3071}, 0, {-550, 398}, {39, 4, 135, 255} }},
	{{ {76, -1912, -2681}, 0, {-1392, 39}, {39, 4, 135, 255} }},
	{{ {1284, -2200, -3117}, 0, {-457, 368}, {37, 8, 135, 255} }},
	{{ {2135, -1728, -3376}, 0, {83, 678}, {37, 8, 135, 255} }},
	{{ {1485, -769, -3298}, 0, {-564, 749}, {37, 8, 135, 255} }},
	{{ {1284, -2200, -3117}, 0, {-457, 368}, {37, 8, 135, 255} }},
	{{ {1485, -769, -3298}, 0, {-564, 749}, {37, 8, 135, 255} }},
	{{ {1250, -1810, -3071}, 0, {-550, 398}, {37, 8, 135, 255} }},
	{{ {1275, -2073, -3465}, 0, {-489, 643}, {38, 117, 223, 255} }},
	{{ {2126, -1601, -3725}, 0, {51, 953}, {38, 117, 223, 255} }},
	{{ {2135, -1728, -3376}, 0, {83, 678}, {38, 117, 223, 255} }},
	{{ {1275, -2073, -3465}, 0, {-489, 643}, {38, 117, 223, 255} }},
	{{ {2135, -1728, -3376}, 0, {83, 678}, {38, 117, 223, 255} }},
	{{ {1284, -2200, -3117}, 0, {-457, 368}, {38, 117, 223, 255} }},
	{{ {1944, 658, -3420}, 0, {-480, -948}, {50, 33, 144, 255} }},
	{{ {2594, -300, -3499}, 0, {167, -1019}, {50, 33, 144, 255} }},
	{{ {2585, -174, -3847}, 0, {134, -744}, {50, 33, 144, 255} }},
	{{ {1944, 658, -3420}, 0, {-480, -948}, {50, 33, 144, 255} }},
	{{ {2585, -174, -3847}, 0, {134, -744}, {50, 33, 144, 255} }},
	{{ {1935, 785, -3768}, 0, {-513, -674}, {50, 33, 144, 255} }},
	{{ {1485, -769, -3298}, 0, {507, -1299}, {63, 18, 147, 255} }},
	{{ {1944, 658, -3420}, 0, {773, -948}, {63, 18, 147, 255} }},
	{{ {1935, 785, -3768}, 0, {780, -674}, {63, 18, 147, 255} }},
	{{ {1485, -769, -3298}, 0, {507, -1299}, {63, 18, 147, 255} }},
	{{ {1935, 785, -3768}, 0, {780, -674}, {63, 18, 147, 255} }},
	{{ {1476, -642, -3646}, 0, {514, -1024}, {63, 18, 147, 255} }},
	{{ {2135, -1728, -3376}, 0, {83, 678}, {20, 4, 131, 255} }},
	{{ {2594, -300, -3499}, 0, {167, 1029}, {20, 4, 131, 255} }},
	{{ {1944, 658, -3420}, 0, {-480, 1100}, {20, 4, 131, 255} }},
	{{ {2135, -1728, -3376}, 0, {83, 678}, {20, 4, 131, 255} }},
	{{ {1944, 658, -3420}, 0, {-480, 1100}, {20, 4, 131, 255} }},
	{{ {1485, -769, -3298}, 0, {-564, 749}, {20, 4, 131, 255} }},
	{{ {2126, -1601, -3725}, 0, {237, 420}, {61, 111, 247, 255} }},
	{{ {2585, -174, -3847}, 0, {769, 1121}, {61, 111, 247, 255} }},
	{{ {2594, -300, -3499}, 0, {755, 572}, {61, 111, 247, 255} }},
	{{ {2126, -1601, -3725}, 0, {237, 420}, {61, 111, 247, 255} }},
	{{ {2594, -300, -3499}, 0, {755, 572}, {61, 111, 247, 255} }},
	{{ {2135, -1728, -3376}, 0, {223, -129}, {61, 111, 247, 255} }},
	{{ {-1473, -718, -2359}, 0, {1358, -73}, {34, 51, 145, 255} }},
	{{ {-371, -1426, -2491}, 0, {2292, -40}, {34, 51, 145, 255} }},
	{{ {-381, -1300, -2802}, 0, {2259, 207}, {34, 51, 145, 255} }},
	{{ {-1473, -718, -2359}, 0, {1358, -73}, {34, 51, 145, 255} }},
	{{ {-381, -1300, -2802}, 0, {2259, 207}, {34, 51, 145, 255} }},
	{{ {-1451, -644, -2685}, 0, {1358, 179}, {34, 51, 145, 255} }},
	{{ {-371, -1426, -2491}, 0, {244, -40}, {3, 62, 145, 255} }},
	{{ {803, -1325, -2881}, 0, {1085, 319}, {3, 62, 145, 255} }},
	{{ {793, -1198, -3230}, 0, {1052, 594}, {3, 62, 145, 255} }},
	{{ {-371, -1426, -2491}, 0, {244, -40}, {3, 62, 145, 255} }},
	{{ {793, -1198, -3230}, 0, {1052, 594}, {3, 62, 145, 255} }},
	{{ {-381, -1300, -2802}, 0, {211, 207}, {3, 62, 145, 255} }},
	{{ {803, -1325, -2881}, 0, {398, 319}, {63, 19, 147, 255} }},
	{{ {1161, -211, -3082}, 0, {601, 670}, {63, 19, 147, 255} }},
	{{ {1152, -84, -3431}, 0, {608, 944}, {63, 19, 147, 255} }},
	{{ {803, -1325, -2881}, 0, {398, 319}, {63, 19, 147, 255} }},
	{{ {1152, -84, -3431}, 0, {608, 944}, {63, 19, 147, 255} }},
	{{ {793, -1198, -3230}, 0, {405, 594}, {63, 19, 147, 255} }},
	{{ {1476, -642, -3646}, 0, {-596, 1024}, {53, 27, 144, 255} }},
	{{ {1152, -84, -3431}, 0, {-931, 944}, {53, 27, 144, 255} }},
	{{ {1161, -211, -3082}, 0, {-898, 670}, {53, 27, 144, 255} }},
	{{ {1476, -642, -3646}, 0, {-596, 1024}, {53, 27, 144, 255} }},
	{{ {1161, -211, -3082}, 0, {-898, 670}, {53, 27, 144, 255} }},
	{{ {1485, -769, -3298}, 0, {-564, 749}, {53, 27, 144, 255} }},
	{{ {1250, -1810, -3071}, 0, {1498, 323}, {18, 110, 195, 255} }},
	{{ {803, -1325, -2881}, 0, {1085, 398}, {18, 110, 195, 255} }},
	{{ {-371, -1426, -2491}, 0, {244, 348}, {18, 110, 195, 255} }},
	{{ {1250, -1810, -3071}, 0, {1498, 323}, {18, 110, 195, 255} }},
	{{ {-371, -1426, -2491}, 0, {244, 348}, {18, 110, 195, 255} }},
	{{ {76, -1912, -2681}, 0, {656, 272}, {18, 110, 195, 255} }},
	{{ {-1026, -1204, -2548}, 0, {1770, 6}, {85, 94, 243, 255} }},
	{{ {-1473, -718, -2359}, 0, {1358, -73}, {85, 94, 243, 255} }},
	{{ {-1451, -644, -2685}, 0, {1358, 179}, {85, 94, 243, 255} }},
	{{ {-1026, -1204, -2548}, 0, {1770, 6}, {85, 94, 243, 255} }},
	{{ {-1451, -644, -2685}, 0, {1358, 179}, {85, 94, 243, 255} }},
	{{ {-1004, -1129, -2875}, 0, {1770, 258}, {85, 94, 243, 255} }},
	{{ {76, -1912, -2681}, 0, {2704, 39}, {86, 72, 196, 255} }},
	{{ {-371, -1426, -2491}, 0, {2292, -40}, {86, 72, 196, 255} }},
	{{ {-1473, -718, -2359}, 0, {1358, -73}, {86, 72, 196, 255} }},
	{{ {76, -1912, -2681}, 0, {2704, 39}, {86, 72, 196, 255} }},
	{{ {-1473, -718, -2359}, 0, {1358, -73}, {86, 72, 196, 255} }},
	{{ {-1026, -1204, -2548}, 0, {1770, 6}, {86, 72, 196, 255} }},
	{{ {1485, -769, -3298}, 0, {-564, 749}, {51, 3, 140, 255} }},
	{{ {1161, -211, -3082}, 0, {-898, 670}, {51, 3, 140, 255} }},
	{{ {803, -1325, -2881}, 0, {-963, 319}, {51, 3, 140, 255} }},
	{{ {1485, -769, -3298}, 0, {-564, 749}, {51, 3, 140, 255} }},
	{{ {803, -1325, -2881}, 0, {-963, 319}, {51, 3, 140, 255} }},
	{{ {1250, -1810, -3071}, 0, {-550, 398}, {51, 3, 140, 255} }},
	{{ {-2043, -68, -2188}, 0, {825, 1932}, {65, 109, 249, 255} }},
	{{ {-1765, -1012, -2545}, 0, {1193, 2048}, {65, 109, 249, 255} }},
	{{ {-1787, -1087, -2219}, 0, {1193, 1796}, {65, 109, 249, 255} }},
	{{ {-2043, -68, -2188}, 0, {825, 1932}, {65, 109, 249, 255} }},
	{{ {-1787, -1087, -2219}, 0, {1193, 1796}, {65, 109, 249, 255} }},
	{{ {-2065, -142, -1861}, 0, {825, 1680}, {65, 109, 249, 255} }},
	{{ {-1765, -1012, -2545}, 0, {360, 2048}, {60, 19, 145, 255} }},
	{{ {-1808, -1137, -2397}, 0, {343, 1917}, {60, 19, 145, 255} }},
	{{ {-1830, -1212, -2071}, 0, {343, 1666}, {60, 19, 145, 255} }},
	{{ {-1765, -1012, -2545}, 0, {360, 2048}, {60, 19, 145, 255} }},
	{{ {-1830, -1212, -2071}, 0, {343, 1666}, {60, 19, 145, 255} }},
	{{ {-1787, -1087, -2219}, 0, {360, 1796}, {60, 19, 145, 255} }},
	{{ {-1483, -1251, -2404}, 0, {1444, 1919}, {106, 69, 241, 255} }},
	{{ {-1830, -1212, -2071}, 0, {1185, 1666}, {106, 69, 241, 255} }},
	{{ {-1808, -1137, -2397}, 0, {1185, 1917}, {106, 69, 241, 255} }},
	{{ {-1483, -1251, -2404}, 0, {1444, -129}, {106, 69, 241, 255} }},
	{{ {-1808, -1137, -2397}, 0, {1185, -131}, {106, 69, 241, 255} }},
	{{ {-1461, -1176, -2731}, 0, {1444, 123}, {106, 69, 241, 255} }},
	{{ {-1717, -182, -2195}, 0, {1084, 1934}, {36, 102, 189, 255} }},
	{{ {-2065, -142, -1861}, 0, {825, 1680}, {36, 102, 189, 255} }},
	{{ {-1787, -1087, -2219}, 0, {1193, 1796}, {36, 102, 189, 255} }},
	{{ {-1717, -182, -2195}, 0, {1084, 1934}, {36, 102, 189, 255} }},
	{{ {-1787, -1087, -2219}, 0, {1193, 1796}, {36, 102, 189, 255} }},
	{{ {-1440, -1126, -2552}, 0, {1452, 2050}, {36, 102, 189, 255} }},
	{{ {-1440, -1126, -2552}, 0, {1452, 2050}, {49, 39, 145, 255} }},
	{{ {-1787, -1087, -2219}, 0, {1193, 1796}, {49, 39, 145, 255} }},
	{{ {-1830, -1212, -2071}, 0, {1185, 1666}, {49, 39, 145, 255} }},
	{{ {-1440, -1126, -2552}, 0, {1452, 2050}, {49, 39, 145, 255} }},
	{{ {-1830, -1212, -2071}, 0, {1185, 1666}, {49, 39, 145, 255} }},
	{{ {-1483, -1251, -2404}, 0, {1444, 1919}, {49, 39, 145, 255} }},
	{{ {-1418, -1051, -2879}, 0, {1452, 253}, {20, 57, 144, 255} }},
	{{ {-1765, -1012, -2545}, 0, {1193, 0}, {20, 57, 144, 255} }},
	{{ {-1787, -1087, -2219}, 0, {1193, -252}, {20, 57, 144, 255} }},
	{{ {-1418, -1051, -2879}, 0, {1452, 253}, {20, 57, 144, 255} }},
	{{ {-1787, -1087, -2219}, 0, {1193, -252}, {20, 57, 144, 255} }},
	{{ {-1440, -1126, -2552}, 0, {1452, 2}, {19, 58, 144, 255} }},
	{{ {280, -946, -3791}, 0, {-189, 1149}, {0, 127, 0, 255} }},
	{{ {-83, -946, -3791}, 0, {-189, 2544}, {0, 127, 0, 255} }},
	{{ {-83, -946, -4155}, 0, {1181, 2544}, {0, 127, 0, 255} }},
	{{ {280, -946, -3791}, 0, {-189, 1149}, {0, 127, 0, 255} }},
	{{ {-83, -946, -4155}, 0, {1181, 2544}, {0, 127, 0, 255} }},
	{{ {280, -946, -4155}, 0, {1181, 1149}, {0, 127, 0, 255} }},
	{{ {-83, -946, -3791}, 0, {-189, -1552}, {127, 0, 0, 255} }},
	{{ {-83, -582, -3791}, 0, {-189, -157}, {127, 0, 0, 255} }},
	{{ {-83, -582, -4155}, 0, {1181, -157}, {127, 0, 0, 255} }},
	{{ {-83, -946, -3791}, 0, {-189, -1552}, {127, 0, 0, 255} }},
	{{ {-83, -582, -4155}, 0, {1181, -157}, {127, 0, 0, 255} }},
	{{ {-83, -946, -4155}, 0, {1181, -1552}, {127, 0, 0, 255} }},
	{{ {280, -946, -3791}, 0, {488, -1552}, {0, 0, 129, 255} }},
	{{ {280, -582, -3791}, 0, {488, -157}, {0, 0, 129, 255} }},
	{{ {-83, -582, -3791}, 0, {1859, -157}, {0, 0, 129, 255} }},
	{{ {280, -946, -3791}, 0, {488, -1552}, {0, 0, 129, 255} }},
	{{ {-83, -582, -3791}, 0, {1859, -157}, {0, 0, 129, 255} }},
	{{ {-83, -946, -3791}, 0, {1859, -1552}, {0, 0, 129, 255} }},
	{{ {616, -607, -4399}, 0, {-189, 1149}, {0, 127, 0, 255} }},
	{{ {253, -607, -4399}, 0, {-189, 2544}, {0, 127, 0, 255} }},
	{{ {253, -607, -4762}, 0, {1181, 2544}, {0, 127, 0, 255} }},
	{{ {616, -607, -4399}, 0, {-189, 1149}, {0, 127, 0, 255} }},
	{{ {253, -607, -4762}, 0, {1181, 2544}, {0, 127, 0, 255} }},
	{{ {616, -607, -4762}, 0, {1181, 1149}, {0, 127, 0, 255} }},
	{{ {253, -607, -4399}, 0, {-189, -1552}, {127, 0, 0, 255} }},
	{{ {253, -243, -4399}, 0, {-189, -157}, {127, 0, 0, 255} }},
	{{ {253, -243, -4762}, 0, {1181, -157}, {127, 0, 0, 255} }},
	{{ {253, -607, -4399}, 0, {-189, -1552}, {127, 0, 0, 255} }},
	{{ {253, -243, -4762}, 0, {1181, -157}, {127, 0, 0, 255} }},
	{{ {253, -607, -4762}, 0, {1181, -1552}, {127, 0, 0, 255} }},
	{{ {616, -607, -4399}, 0, {488, -1552}, {0, 0, 129, 255} }},
	{{ {616, -243, -4399}, 0, {488, -157}, {0, 0, 129, 255} }},
	{{ {253, -243, -4399}, 0, {1859, -157}, {0, 0, 129, 255} }},
	{{ {616, -607, -4399}, 0, {488, -1552}, {0, 0, 129, 255} }},
	{{ {253, -243, -4399}, 0, {1859, -157}, {0, 0, 129, 255} }},
	{{ {253, -607, -4399}, 0, {1859, -1552}, {0, 0, 129, 255} }},
	{{ {239, -283, -4842}, 0, {-189, 1149}, {0, 127, 0, 255} }},
	{{ {-125, -283, -4842}, 0, {-189, 2544}, {0, 127, 0, 255} }},
	{{ {-125, -283, -5206}, 0, {1181, 2544}, {0, 127, 0, 255} }},
	{{ {239, -283, -4842}, 0, {-189, 1149}, {0, 127, 0, 255} }},
	{{ {-125, -283, -5206}, 0, {1181, 2544}, {0, 127, 0, 255} }},
	{{ {239, -283, -5206}, 0, {1181, 1149}, {0, 127, 0, 255} }},
	{{ {-125, -283, -4842}, 0, {-189, -1552}, {127, 0, 0, 255} }},
	{{ {-125, 80, -4842}, 0, {-189, -157}, {127, 0, 0, 255} }},
	{{ {-125, 80, -5206}, 0, {1181, -157}, {127, 0, 0, 255} }},
	{{ {-125, -283, -4842}, 0, {-189, -1552}, {127, 0, 0, 255} }},
	{{ {-125, 80, -5206}, 0, {1181, -157}, {127, 0, 0, 255} }},
	{{ {-125, -283, -5206}, 0, {1181, -1552}, {127, 0, 0, 255} }},
	{{ {239, -283, -4842}, 0, {488, -1552}, {0, 0, 129, 255} }},
	{{ {239, 80, -4842}, 0, {488, -157}, {0, 0, 129, 255} }},
	{{ {-125, 80, -4842}, 0, {1859, -157}, {0, 0, 129, 255} }},
	{{ {239, -283, -4842}, 0, {488, -1552}, {0, 0, 129, 255} }},
	{{ {-125, 80, -4842}, 0, {1859, -157}, {0, 0, 129, 255} }},
	{{ {-125, -283, -4842}, 0, {1859, -1552}, {0, 0, 129, 255} }},
	{{ {609, -102, -5284}, 0, {-189, 1149}, {0, 127, 0, 255} }},
	{{ {246, -102, -5284}, 0, {-189, 2544}, {0, 127, 0, 255} }},
	{{ {246, -102, -5648}, 0, {1181, 2544}, {0, 127, 0, 255} }},
	{{ {609, -102, -5284}, 0, {-189, 1149}, {0, 127, 0, 255} }},
	{{ {246, -102, -5648}, 0, {1181, 2544}, {0, 127, 0, 255} }},
	{{ {609, -102, -5648}, 0, {1181, 1149}, {0, 127, 0, 255} }},
	{{ {246, -102, -5284}, 0, {-189, -1552}, {127, 0, 0, 255} }},
	{{ {246, 261, -5284}, 0, {-189, -157}, {127, 0, 0, 255} }},
	{{ {246, 261, -5648}, 0, {1181, -157}, {127, 0, 0, 255} }},
	{{ {246, -102, -5284}, 0, {-189, -1552}, {127, 0, 0, 255} }},
	{{ {246, 261, -5648}, 0, {1181, -157}, {127, 0, 0, 255} }},
	{{ {246, -102, -5648}, 0, {1181, -1552}, {127, 0, 0, 255} }},
	{{ {609, -102, -5284}, 0, {488, -1552}, {0, 0, 129, 255} }},
	{{ {609, 261, -5284}, 0, {488, -157}, {0, 0, 129, 255} }},
	{{ {246, 261, -5284}, 0, {1859, -157}, {0, 0, 129, 255} }},
	{{ {609, -102, -5284}, 0, {488, -1552}, {0, 0, 129, 255} }},
	{{ {246, 261, -5284}, 0, {1859, -157}, {0, 0, 129, 255} }},
	{{ {246, -102, -5284}, 0, {1859, -1552}, {0, 0, 129, 255} }},
	{{ {3079, 1188, -252}, 0, {561, 925}, {124, 5, 228, 255} }},
	{{ {3273, -802, 226}, 0, {1126, 925}, {124, 5, 228, 255} }},
	{{ {3148, -818, -331}, 0, {1091, 1526}, {124, 5, 228, 255} }},
	{{ {2964, 1077, -786}, 0, {553, 1526}, {124, 5, 228, 255} }},
	{{ {2137, 2245, -1306}, 0, {188, 1775}, {126, 0, 238, 255} }},
	{{ {2137, 2437, -1306}, 0, {137, 1725}, {126, 0, 238, 255} }},
	{{ {2211, 2615, -797}, 0, {124, 1134}, {126, 0, 238, 255} }},
	{{ {2211, 2413, -797}, 0, {177, 1186}, {126, 0, 238, 255} }},
	{{ {280, -582, -3791}, 0, {-189, -246}, {127, 0, 0, 255} }},
	{{ {280, -946, -3791}, 0, {-189, 1149}, {127, 0, 0, 255} }},
	{{ {280, -946, -4155}, 0, {1181, 1149}, {127, 0, 0, 255} }},
	{{ {280, -582, -4155}, 0, {1181, -246}, {127, 0, 0, 255} }},
	{{ {-83, -582, -3791}, 0, {-189, -157}, {0, 127, 0, 255} }},
	{{ {280, -582, -3791}, 0, {-189, 1238}, {0, 127, 0, 255} }},
	{{ {280, -582, -4155}, 0, {1181, 1238}, {0, 127, 0, 255} }},
	{{ {-83, -582, -4155}, 0, {1181, -157}, {0, 127, 0, 255} }},
	{{ {616, -243, -4399}, 0, {-189, -246}, {127, 0, 0, 255} }},
	{{ {616, -607, -4399}, 0, {-189, 1149}, {127, 0, 0, 255} }},
	{{ {616, -607, -4762}, 0, {1181, 1149}, {127, 0, 0, 255} }},
	{{ {616, -243, -4762}, 0, {1181, -246}, {127, 0, 0, 255} }},
	{{ {253, -243, -4399}, 0, {-189, -157}, {0, 127, 0, 255} }},
	{{ {616, -243, -4399}, 0, {-189, 1238}, {0, 127, 0, 255} }},
	{{ {616, -243, -4762}, 0, {1181, 1238}, {0, 127, 0, 255} }},
	{{ {253, -243, -4762}, 0, {1181, -157}, {0, 127, 0, 255} }},
	{{ {239, 80, -4842}, 0, {-189, -246}, {127, 0, 0, 255} }},
	{{ {239, -283, -4842}, 0, {-189, 1149}, {127, 0, 0, 255} }},
	{{ {239, -283, -5206}, 0, {1181, 1149}, {127, 0, 0, 255} }},
	{{ {239, 80, -5206}, 0, {1181, -246}, {127, 0, 0, 255} }},
	{{ {-125, 80, -4842}, 0, {-189, -157}, {0, 127, 0, 255} }},
	{{ {239, 80, -4842}, 0, {-189, 1238}, {0, 127, 0, 255} }},
	{{ {239, 80, -5206}, 0, {1181, 1238}, {0, 127, 0, 255} }},
	{{ {-125, 80, -5206}, 0, {1181, -157}, {0, 127, 0, 255} }},
	{{ {609, 261, -5284}, 0, {-189, -246}, {127, 0, 0, 255} }},
	{{ {609, -102, -5284}, 0, {-189, 1149}, {127, 0, 0, 255} }},
	{{ {609, -102, -5648}, 0, {1181, 1149}, {127, 0, 0, 255} }},
	{{ {609, 261, -5648}, 0, {1181, -246}, {127, 0, 0, 255} }},
	{{ {246, 261, -5284}, 0, {-189, -157}, {0, 127, 0, 255} }},
	{{ {609, 261, -5284}, 0, {-189, 1238}, {0, 127, 0, 255} }},
	{{ {609, 261, -5648}, 0, {1181, 1238}, {0, 127, 0, 255} }},
	{{ {246, 261, -5648}, 0, {1181, -157}, {0, 127, 0, 255} }},
};

Gfx ccm_dl_shujasnow_mesh_layer_1_tri_2[] = {
	gsSPVertex(ccm_dl_shujasnow_mesh_layer_1_vtx_2 + 0, 30, 0),
	gsSP2Triangles(0, 1, 2, 0, 3, 4, 5, 0),
	gsSP2Triangles(6, 7, 8, 0, 9, 10, 11, 0),
	gsSP2Triangles(12, 13, 14, 0, 15, 16, 17, 0),
	gsSP2Triangles(18, 19, 20, 0, 21, 22, 23, 0),
	gsSP2Triangles(24, 25, 26, 0, 27, 28, 29, 0),
	gsSPVertex(ccm_dl_shujasnow_mesh_layer_1_vtx_2 + 30, 30, 0),
	gsSP2Triangles(0, 1, 2, 0, 3, 4, 5, 0),
	gsSP2Triangles(6, 7, 8, 0, 9, 10, 11, 0),
	gsSP2Triangles(12, 13, 14, 0, 15, 16, 17, 0),
	gsSP2Triangles(18, 19, 20, 0, 21, 22, 23, 0),
	gsSP2Triangles(24, 25, 26, 0, 27, 28, 29, 0),
	gsSPVertex(ccm_dl_shujasnow_mesh_layer_1_vtx_2 + 60, 30, 0),
	gsSP2Triangles(0, 1, 2, 0, 3, 4, 5, 0),
	gsSP2Triangles(6, 7, 8, 0, 9, 10, 11, 0),
	gsSP2Triangles(12, 13, 14, 0, 15, 16, 17, 0),
	gsSP2Triangles(18, 19, 20, 0, 21, 22, 23, 0),
	gsSP2Triangles(24, 25, 26, 0, 27, 28, 29, 0),
	gsSPVertex(ccm_dl_shujasnow_mesh_layer_1_vtx_2 + 90, 30, 0),
	gsSP2Triangles(0, 1, 2, 0, 3, 4, 5, 0),
	gsSP2Triangles(6, 7, 8, 0, 9, 10, 11, 0),
	gsSP2Triangles(12, 13, 14, 0, 15, 16, 17, 0),
	gsSP2Triangles(18, 19, 20, 0, 21, 22, 23, 0),
	gsSP2Triangles(24, 25, 26, 0, 27, 28, 29, 0),
	gsSPVertex(ccm_dl_shujasnow_mesh_layer_1_vtx_2 + 120, 30, 0),
	gsSP2Triangles(0, 1, 2, 0, 3, 4, 5, 0),
	gsSP2Triangles(6, 7, 8, 0, 9, 10, 11, 0),
	gsSP2Triangles(12, 13, 14, 0, 15, 16, 17, 0),
	gsSP2Triangles(18, 19, 20, 0, 21, 22, 23, 0),
	gsSP2Triangles(24, 25, 26, 0, 27, 28, 29, 0),
	gsSPVertex(ccm_dl_shujasnow_mesh_layer_1_vtx_2 + 150, 30, 0),
	gsSP2Triangles(0, 1, 2, 0, 3, 4, 5, 0),
	gsSP2Triangles(6, 7, 8, 0, 9, 10, 11, 0),
	gsSP2Triangles(12, 13, 14, 0, 15, 16, 17, 0),
	gsSP2Triangles(18, 19, 20, 0, 21, 22, 23, 0),
	gsSP2Triangles(24, 25, 26, 0, 27, 28, 29, 0),
	gsSPVertex(ccm_dl_shujasnow_mesh_layer_1_vtx_2 + 180, 30, 0),
	gsSP2Triangles(0, 1, 2, 0, 3, 4, 5, 0),
	gsSP2Triangles(6, 7, 8, 0, 9, 10, 11, 0),
	gsSP2Triangles(12, 13, 14, 0, 15, 16, 17, 0),
	gsSP2Triangles(18, 19, 20, 0, 21, 22, 23, 0),
	gsSP2Triangles(24, 25, 26, 0, 27, 28, 29, 0),
	gsSPVertex(ccm_dl_shujasnow_mesh_layer_1_vtx_2 + 210, 30, 0),
	gsSP2Triangles(0, 1, 2, 0, 3, 4, 5, 0),
	gsSP2Triangles(6, 7, 8, 0, 9, 10, 11, 0),
	gsSP2Triangles(12, 13, 14, 0, 15, 16, 17, 0),
	gsSP2Triangles(18, 19, 20, 0, 21, 22, 23, 0),
	gsSP2Triangles(24, 25, 26, 0, 27, 28, 29, 0),
	gsSPVertex(ccm_dl_shujasnow_mesh_layer_1_vtx_2 + 240, 30, 0),
	gsSP2Triangles(0, 1, 2, 0, 3, 4, 5, 0),
	gsSP2Triangles(6, 7, 8, 0, 9, 10, 11, 0),
	gsSP2Triangles(12, 13, 14, 0, 15, 16, 17, 0),
	gsSP2Triangles(18, 19, 20, 0, 21, 22, 23, 0),
	gsSP2Triangles(24, 25, 26, 0, 27, 28, 29, 0),
	gsSPVertex(ccm_dl_shujasnow_mesh_layer_1_vtx_2 + 270, 30, 0),
	gsSP2Triangles(0, 1, 2, 0, 3, 4, 5, 0),
	gsSP2Triangles(6, 7, 8, 0, 9, 10, 11, 0),
	gsSP2Triangles(12, 13, 14, 0, 15, 16, 17, 0),
	gsSP2Triangles(18, 19, 20, 0, 21, 22, 23, 0),
	gsSP2Triangles(24, 25, 26, 0, 27, 28, 29, 0),
	gsSPVertex(ccm_dl_shujasnow_mesh_layer_1_vtx_2 + 300, 30, 0),
	gsSP2Triangles(0, 1, 2, 0, 3, 4, 5, 0),
	gsSP2Triangles(6, 7, 8, 0, 9, 10, 11, 0),
	gsSP2Triangles(12, 13, 14, 0, 15, 16, 17, 0),
	gsSP2Triangles(18, 19, 20, 0, 21, 22, 23, 0),
	gsSP2Triangles(24, 25, 26, 0, 27, 28, 29, 0),
	gsSPVertex(ccm_dl_shujasnow_mesh_layer_1_vtx_2 + 330, 30, 0),
	gsSP2Triangles(0, 1, 2, 0, 3, 4, 5, 0),
	gsSP2Triangles(6, 7, 8, 0, 9, 10, 11, 0),
	gsSP2Triangles(12, 13, 14, 0, 15, 16, 17, 0),
	gsSP2Triangles(18, 19, 20, 0, 21, 22, 23, 0),
	gsSP2Triangles(24, 25, 26, 0, 27, 28, 29, 0),
	gsSPVertex(ccm_dl_shujasnow_mesh_layer_1_vtx_2 + 360, 30, 0),
	gsSP2Triangles(0, 1, 2, 0, 3, 4, 5, 0),
	gsSP2Triangles(6, 7, 8, 0, 9, 10, 11, 0),
	gsSP2Triangles(12, 13, 14, 0, 15, 16, 17, 0),
	gsSP2Triangles(18, 19, 20, 0, 21, 22, 23, 0),
	gsSP2Triangles(24, 25, 26, 0, 27, 28, 29, 0),
	gsSPVertex(ccm_dl_shujasnow_mesh_layer_1_vtx_2 + 390, 32, 0),
	gsSP2Triangles(0, 1, 2, 0, 0, 2, 3, 0),
	gsSP2Triangles(4, 5, 6, 0, 4, 6, 7, 0),
	gsSP2Triangles(8, 9, 10, 0, 8, 10, 11, 0),
	gsSP2Triangles(12, 13, 14, 0, 12, 14, 15, 0),
	gsSP2Triangles(16, 17, 18, 0, 16, 18, 19, 0),
	gsSP2Triangles(20, 21, 22, 0, 20, 22, 23, 0),
	gsSP2Triangles(24, 25, 26, 0, 24, 26, 27, 0),
	gsSP2Triangles(28, 29, 30, 0, 28, 30, 31, 0),
	gsSPVertex(ccm_dl_shujasnow_mesh_layer_1_vtx_2 + 422, 8, 0),
	gsSP2Triangles(0, 1, 2, 0, 0, 2, 3, 0),
	gsSP2Triangles(4, 5, 6, 0, 4, 6, 7, 0),
	gsSPEndDisplayList(),
};

Vtx ccm_dl_shujasnow_mesh_layer_1_vtx_3[54] = {
	{{ {274, -1550, -2616}, 0, {2840, 219}, {104, 69, 230, 255} }},
	{{ {-771, -1210, -2616}, 0, {4118, -168}, {104, 69, 230, 255} }},
	{{ {274, 229, -6174}, 0, {2840, -1808}, {104, 69, 230, 255} }},
	{{ {-771, -1210, -2616}, 0, {4118, -168}, {81, 94, 229, 255} }},
	{{ {-1418, -320, -2616}, 0, {4908, -1182}, {81, 94, 229, 255} }},
	{{ {274, 229, -6174}, 0, {2840, -1808}, {81, 94, 229, 255} }},
	{{ {-1418, -320, -2616}, 0, {4908, 866}, {118, 0, 210, 255} }},
	{{ {-1418, 779, -2616}, 0, {4908, -386}, {118, 0, 210, 255} }},
	{{ {274, 229, -6174}, 0, {2840, 240}, {118, 0, 210, 255} }},
	{{ {-1418, 779, -2616}, 0, {4908, 1662}, {112, 46, 218, 255} }},
	{{ {-771, 1669, -2616}, 0, {4118, 648}, {112, 46, 218, 255} }},
	{{ {274, 229, -6174}, 0, {2840, 2288}, {112, 46, 218, 255} }},
	{{ {-771, 1669, -2616}, 0, {4118, 648}, {111, 55, 228, 255} }},
	{{ {274, 2008, -2616}, 0, {2840, 261}, {111, 55, 228, 255} }},
	{{ {274, 229, -6174}, 0, {2840, 2288}, {111, 55, 228, 255} }},
	{{ {274, 2008, -2616}, 0, {2840, 261}, {35, 109, 201, 255} }},
	{{ {1320, 1669, -2616}, 0, {1564, 648}, {35, 109, 201, 255} }},
	{{ {274, 229, -6174}, 0, {2840, 2288}, {35, 109, 201, 255} }},
	{{ {1320, 1669, -2616}, 0, {1564, 648}, {93, 67, 201, 255} }},
	{{ {1966, 779, -2616}, 0, {774, 1662}, {93, 67, 201, 255} }},
	{{ {274, 229, -6174}, 0, {2840, 2288}, {93, 67, 201, 255} }},
	{{ {1966, 779, -2616}, 0, {774, -386}, {115, 0, 201, 255} }},
	{{ {1966, -320, -2616}, 0, {774, 866}, {115, 0, 201, 255} }},
	{{ {274, 229, -6174}, 0, {2840, 240}, {115, 0, 201, 255} }},
	{{ {-771, -1210, -2616}, 0, {452, -168}, {0, 0, 129, 255} }},
	{{ {274, -1550, -2616}, 0, {-824, 219}, {0, 0, 129, 255} }},
	{{ {1320, -1210, -2616}, 0, {-2102, -168}, {0, 0, 129, 255} }},
	{{ {-771, -1210, -2616}, 0, {452, -168}, {0, 0, 129, 255} }},
	{{ {1320, -1210, -2616}, 0, {-2102, -168}, {0, 0, 129, 255} }},
	{{ {1966, -320, -2616}, 0, {-2892, -1182}, {0, 0, 129, 255} }},
	{{ {-771, -1210, -2616}, 0, {452, 1880}, {0, 0, 129, 255} }},
	{{ {1966, -320, -2616}, 0, {-2892, 866}, {0, 0, 129, 255} }},
	{{ {1966, 779, -2616}, 0, {-2892, -386}, {0, 0, 129, 255} }},
	{{ {-771, -1210, -2616}, 0, {452, 1880}, {0, 0, 129, 255} }},
	{{ {1966, 779, -2616}, 0, {-2892, -386}, {0, 0, 129, 255} }},
	{{ {1320, 1669, -2616}, 0, {-2102, -1400}, {0, 0, 129, 255} }},
	{{ {-771, -1210, -2616}, 0, {452, 1880}, {0, 0, 129, 255} }},
	{{ {1320, 1669, -2616}, 0, {-2102, -1400}, {0, 0, 129, 255} }},
	{{ {274, 2008, -2616}, 0, {-824, -1787}, {0, 0, 129, 255} }},
	{{ {-771, -1210, -2616}, 0, {452, 1880}, {0, 0, 129, 255} }},
	{{ {274, 2008, -2616}, 0, {-824, -1787}, {0, 0, 129, 255} }},
	{{ {-771, 1669, -2616}, 0, {452, -1400}, {0, 0, 129, 255} }},
	{{ {-771, -1210, -2616}, 0, {452, 1880}, {0, 0, 129, 255} }},
	{{ {-771, 1669, -2616}, 0, {452, -1400}, {0, 0, 129, 255} }},
	{{ {-1418, 779, -2616}, 0, {1242, -386}, {0, 0, 129, 255} }},
	{{ {-1418, 779, -2616}, 0, {1242, -386}, {0, 0, 129, 255} }},
	{{ {-1418, -320, -2616}, 0, {1242, 866}, {0, 0, 129, 255} }},
	{{ {-771, -1210, -2616}, 0, {452, 1880}, {0, 0, 129, 255} }},
	{{ {1966, -320, -2616}, 0, {774, -1182}, {54, 110, 224, 255} }},
	{{ {1320, -1210, -2616}, 0, {1564, -168}, {54, 110, 224, 255} }},
	{{ {274, 229, -6174}, 0, {2840, -1808}, {54, 110, 224, 255} }},
	{{ {1320, -1210, -2616}, 0, {1564, -168}, {28, 116, 213, 255} }},
	{{ {274, -1550, -2616}, 0, {2840, 219}, {28, 116, 213, 255} }},
	{{ {274, 229, -6174}, 0, {2840, -1808}, {28, 116, 213, 255} }},
};

Gfx ccm_dl_shujasnow_mesh_layer_1_tri_3[] = {
	gsSPVertex(ccm_dl_shujasnow_mesh_layer_1_vtx_3 + 0, 30, 0),
	gsSP2Triangles(0, 1, 2, 0, 3, 4, 5, 0),
	gsSP2Triangles(6, 7, 8, 0, 9, 10, 11, 0),
	gsSP2Triangles(12, 13, 14, 0, 15, 16, 17, 0),
	gsSP2Triangles(18, 19, 20, 0, 21, 22, 23, 0),
	gsSP2Triangles(24, 25, 26, 0, 27, 28, 29, 0),
	gsSPVertex(ccm_dl_shujasnow_mesh_layer_1_vtx_3 + 30, 24, 0),
	gsSP2Triangles(0, 1, 2, 0, 3, 4, 5, 0),
	gsSP2Triangles(6, 7, 8, 0, 9, 10, 11, 0),
	gsSP2Triangles(12, 13, 14, 0, 15, 16, 17, 0),
	gsSP2Triangles(18, 19, 20, 0, 21, 22, 23, 0),
	gsSPEndDisplayList(),
};

Vtx ccm_dl_shujasnow_mesh_layer_1_vtx_4[16] = {
	{{ {-83, -946, -4155}, 0, {-867, -1552}, {0, 0, 129, 255} }},
	{{ {-83, -582, -4155}, 0, {-867, -157}, {0, 0, 129, 255} }},
	{{ {280, -582, -4155}, 0, {504, -157}, {0, 0, 129, 255} }},
	{{ {280, -946, -4155}, 0, {504, -1552}, {0, 0, 129, 255} }},
	{{ {253, -607, -4762}, 0, {-867, -1552}, {0, 0, 129, 255} }},
	{{ {253, -243, -4762}, 0, {-867, -157}, {0, 0, 129, 255} }},
	{{ {616, -243, -4762}, 0, {504, -157}, {0, 0, 129, 255} }},
	{{ {616, -607, -4762}, 0, {504, -1552}, {0, 0, 129, 255} }},
	{{ {-125, -283, -5206}, 0, {-867, -1552}, {0, 0, 129, 255} }},
	{{ {-125, 80, -5206}, 0, {-867, -157}, {0, 0, 129, 255} }},
	{{ {239, 80, -5206}, 0, {504, -157}, {0, 0, 129, 255} }},
	{{ {239, -283, -5206}, 0, {504, -1552}, {0, 0, 129, 255} }},
	{{ {246, -102, -5648}, 0, {-867, -1552}, {0, 0, 129, 255} }},
	{{ {246, 261, -5648}, 0, {-867, -157}, {0, 0, 129, 255} }},
	{{ {609, 261, -5648}, 0, {504, -157}, {0, 0, 129, 255} }},
	{{ {609, -102, -5648}, 0, {504, -1552}, {0, 0, 129, 255} }},
};

Gfx ccm_dl_shujasnow_mesh_layer_1_tri_4[] = {
	gsSPVertex(ccm_dl_shujasnow_mesh_layer_1_vtx_4 + 0, 16, 0),
	gsSP2Triangles(0, 1, 2, 0, 0, 2, 3, 0),
	gsSP2Triangles(4, 5, 6, 0, 4, 6, 7, 0),
	gsSP2Triangles(8, 9, 10, 0, 8, 10, 11, 0),
	gsSP2Triangles(12, 13, 14, 0, 12, 14, 15, 0),
	gsSPEndDisplayList(),
};

Gfx mat_ccm_dl__0_001_f3d[] = {
	gsSPLightColor(LIGHT_1, 0xFFFFFFFF),
	gsSPLightColor(LIGHT_2, 0x7F7F7FFF),
	gsDPPipeSync(),
	gsDPSetCombineLERP(TEXEL0, 0, SHADE, 0, 0, 0, 0, ENVIRONMENT, TEXEL0, 0, SHADE, 0, 0, 0, 0, ENVIRONMENT),
	gsDPSetAlphaDither(G_AD_NOISE),
	gsSPTexture(65535, 65535, 0, 0, 1),
	gsDPSetTextureImage(G_IM_FMT_RGBA, G_IM_SIZ_16b_LOAD_BLOCK, 1, ccm_dl__0_rgba16),
	gsDPSetTile(G_IM_FMT_RGBA, G_IM_SIZ_16b_LOAD_BLOCK, 0, 0, 7, 0, G_TX_WRAP | G_TX_NOMIRROR, 0, 0, G_TX_WRAP | G_TX_NOMIRROR, 0, 0),
	gsDPLoadBlock(7, 0, 0, 2047, 128),
	gsDPSetTile(G_IM_FMT_RGBA, G_IM_SIZ_16b, 16, 0, 0, 0, G_TX_WRAP | G_TX_NOMIRROR, 5, 0, G_TX_WRAP | G_TX_NOMIRROR, 6, 0),
	gsDPSetTileSize(0, 0, 0, 252, 124),
	gsSPEndDisplayList(),
};

Gfx mat_revert_ccm_dl__0_001_f3d[] = {
	gsDPPipeSync(),
	gsDPSetAlphaDither(G_AD_DISABLE),
	gsSPEndDisplayList(),
};

Gfx mat_ccm_dl__1_001_f3d[] = {
	gsSPLightColor(LIGHT_1, 0xFFFFFFFF),
	gsSPLightColor(LIGHT_2, 0x7F7F7FFF),
	gsDPPipeSync(),
	gsDPSetCombineLERP(TEXEL0, 0, SHADE, 0, 0, 0, 0, ENVIRONMENT, TEXEL0, 0, SHADE, 0, 0, 0, 0, ENVIRONMENT),
	gsDPSetAlphaDither(G_AD_NOISE),
	gsSPTexture(65535, 65535, 0, 0, 1),
	gsDPSetTextureImage(G_IM_FMT_RGBA, G_IM_SIZ_16b_LOAD_BLOCK, 1, ccm_dl__1_rgba16),
	gsDPSetTile(G_IM_FMT_RGBA, G_IM_SIZ_16b_LOAD_BLOCK, 0, 0, 7, 0, G_TX_WRAP | G_TX_NOMIRROR, 0, 0, G_TX_WRAP | G_TX_NOMIRROR, 0, 0),
	gsDPLoadBlock(7, 0, 0, 1023, 256),
	gsDPSetTile(G_IM_FMT_RGBA, G_IM_SIZ_16b, 8, 0, 0, 0, G_TX_WRAP | G_TX_NOMIRROR, 5, 0, G_TX_WRAP | G_TX_NOMIRROR, 5, 0),
	gsDPSetTileSize(0, 0, 0, 124, 124),
	gsSPEndDisplayList(),
};

Gfx mat_revert_ccm_dl__1_001_f3d[] = {
	gsDPPipeSync(),
	gsDPSetAlphaDither(G_AD_DISABLE),
	gsSPEndDisplayList(),
};

Gfx mat_ccm_dl__2_001_f3d[] = {
	gsSPLightColor(LIGHT_1, 0xFFFFFFFF),
	gsSPLightColor(LIGHT_2, 0x7F7F7FFF),
	gsDPPipeSync(),
	gsDPSetCombineLERP(TEXEL0, 0, SHADE, 0, 0, 0, 0, ENVIRONMENT, TEXEL0, 0, SHADE, 0, 0, 0, 0, ENVIRONMENT),
	gsDPSetAlphaDither(G_AD_NOISE),
	gsSPTexture(65535, 65535, 0, 0, 1),
	gsDPSetTextureImage(G_IM_FMT_RGBA, G_IM_SIZ_16b_LOAD_BLOCK, 1, ccm_dl__2_rgba16),
	gsDPSetTile(G_IM_FMT_RGBA, G_IM_SIZ_16b_LOAD_BLOCK, 0, 0, 7, 0, G_TX_WRAP | G_TX_NOMIRROR, 0, 0, G_TX_WRAP | G_TX_NOMIRROR, 0, 0),
	gsDPLoadBlock(7, 0, 0, 1023, 256),
	gsDPSetTile(G_IM_FMT_RGBA, G_IM_SIZ_16b, 8, 0, 0, 0, G_TX_WRAP | G_TX_NOMIRROR, 5, 0, G_TX_WRAP | G_TX_NOMIRROR, 5, 0),
	gsDPSetTileSize(0, 0, 0, 124, 124),
	gsSPEndDisplayList(),
};

Gfx mat_revert_ccm_dl__2_001_f3d[] = {
	gsDPPipeSync(),
	gsDPSetAlphaDither(G_AD_DISABLE),
	gsSPEndDisplayList(),
};

Gfx mat_ccm_dl__3_001_f3d[] = {
	gsSPLightColor(LIGHT_1, 0xFFFFFFFF),
	gsSPLightColor(LIGHT_2, 0x7F7F7FFF),
	gsDPPipeSync(),
	gsDPSetCombineLERP(TEXEL0, 0, SHADE, 0, 0, 0, 0, ENVIRONMENT, TEXEL0, 0, SHADE, 0, 0, 0, 0, ENVIRONMENT),
	gsDPSetAlphaDither(G_AD_NOISE),
	gsSPTexture(65535, 65535, 0, 0, 1),
	gsDPSetTextureImage(G_IM_FMT_RGBA, G_IM_SIZ_16b_LOAD_BLOCK, 1, ccm_dl__3_rgba16),
	gsDPSetTile(G_IM_FMT_RGBA, G_IM_SIZ_16b_LOAD_BLOCK, 0, 0, 7, 0, G_TX_WRAP | G_TX_NOMIRROR, 0, 0, G_TX_WRAP | G_TX_NOMIRROR, 0, 0),
	gsDPLoadBlock(7, 0, 0, 2047, 128),
	gsDPSetTile(G_IM_FMT_RGBA, G_IM_SIZ_16b, 16, 0, 0, 0, G_TX_WRAP | G_TX_NOMIRROR, 5, 0, G_TX_WRAP | G_TX_NOMIRROR, 6, 0),
	gsDPSetTileSize(0, 0, 0, 252, 124),
	gsSPEndDisplayList(),
};

Gfx mat_revert_ccm_dl__3_001_f3d[] = {
	gsDPPipeSync(),
	gsDPSetAlphaDither(G_AD_DISABLE),
	gsSPEndDisplayList(),
};

Gfx mat_ccm_dl__4_001_f3d[] = {
	gsSPLightColor(LIGHT_1, 0xFFFFFFFF),
	gsSPLightColor(LIGHT_2, 0x7F7F7FFF),
	gsDPPipeSync(),
	gsDPSetCombineLERP(TEXEL0, 0, SHADE, 0, 0, 0, 0, ENVIRONMENT, TEXEL0, 0, SHADE, 0, 0, 0, 0, ENVIRONMENT),
	gsDPSetAlphaDither(G_AD_NOISE),
	gsSPTexture(65535, 65535, 0, 0, 1),
	gsDPSetTextureImage(G_IM_FMT_RGBA, G_IM_SIZ_16b_LOAD_BLOCK, 1, ccm_dl__4_rgba16),
	gsDPSetTile(G_IM_FMT_RGBA, G_IM_SIZ_16b_LOAD_BLOCK, 0, 0, 7, 0, G_TX_WRAP | G_TX_NOMIRROR, 0, 0, G_TX_WRAP | G_TX_NOMIRROR, 0, 0),
	gsDPLoadBlock(7, 0, 0, 1023, 256),
	gsDPSetTile(G_IM_FMT_RGBA, G_IM_SIZ_16b, 8, 0, 0, 0, G_TX_WRAP | G_TX_NOMIRROR, 5, 0, G_TX_WRAP | G_TX_NOMIRROR, 5, 0),
	gsDPSetTileSize(0, 0, 0, 124, 124),
	gsSPEndDisplayList(),
};

Gfx mat_revert_ccm_dl__4_001_f3d[] = {
	gsDPPipeSync(),
	gsDPSetAlphaDither(G_AD_DISABLE),
	gsSPEndDisplayList(),
};

Gfx ccm_dl_shujasnow_mesh_layer_1[] = {
	gsSPClearGeometryMode(G_LIGHTING),
	gsSPVertex(ccm_dl_shujasnow_mesh_layer_1_vtx_cull + 0, 8, 0),
	gsSPSetGeometryMode(G_LIGHTING),
	gsSPCullDisplayList(0, 7),
	gsSPDisplayList(mat_ccm_dl__0_001_f3d),
	gsSPDisplayList(ccm_dl_shujasnow_mesh_layer_1_tri_0),
	gsSPDisplayList(mat_revert_ccm_dl__0_001_f3d),
	gsSPDisplayList(mat_ccm_dl__1_001_f3d),
	gsSPDisplayList(ccm_dl_shujasnow_mesh_layer_1_tri_1),
	gsSPDisplayList(mat_revert_ccm_dl__1_001_f3d),
	gsSPDisplayList(mat_ccm_dl__2_001_f3d),
	gsSPDisplayList(ccm_dl_shujasnow_mesh_layer_1_tri_2),
	gsSPDisplayList(mat_revert_ccm_dl__2_001_f3d),
	gsSPDisplayList(mat_ccm_dl__3_001_f3d),
	gsSPDisplayList(ccm_dl_shujasnow_mesh_layer_1_tri_3),
	gsSPDisplayList(mat_revert_ccm_dl__3_001_f3d),
	gsSPDisplayList(mat_ccm_dl__4_001_f3d),
	gsSPDisplayList(ccm_dl_shujasnow_mesh_layer_1_tri_4),
	gsSPDisplayList(mat_revert_ccm_dl__4_001_f3d),
	gsDPPipeSync(),
	gsSPSetGeometryMode(G_LIGHTING),
	gsSPClearGeometryMode(G_TEXTURE_GEN),
	gsDPSetCombineLERP(0, 0, 0, SHADE, 0, 0, 0, ENVIRONMENT, 0, 0, 0, SHADE, 0, 0, 0, ENVIRONMENT),
	gsSPTexture(65535, 65535, 0, 0, 0),
	gsDPSetEnvColor(255, 255, 255, 255),
	gsDPSetAlphaCompare(G_AC_NONE),
	gsSPEndDisplayList(),
};

