Gfx castle_grounds_dl__0_ci8_aligner[] = {gsSPEndDisplayList()};
u8 castle_grounds_dl__0_ci8[] = {
	0x00, 0x00, 0x00, 0x00, 0x00, 0x00, 0x00, 0x00, 
	0x00, 0x00, 0x00, 0x00, 0x00, 0x00, 0x00, 0x00, 
	0x00, 0x00, 0x00, 0x00, 0x00, 0x00, 0x00, 0x00, 
	0x00, 0x00, 0x00, 0x00, 0x00, 0x00, 0x00, 0x00, 
	0x00, 0x00, 0x01, 0x01, 0x01, 0x01, 0x01, 0x01, 
	0x01, 0x01, 0x01, 0x01, 0x01, 0x01, 0x01, 0x01, 
	0x01, 0x01, 0x01, 0x01, 0x01, 0x01, 0x01, 0x01, 
	0x01, 0x01, 0x01, 0x01, 0x01, 0x01, 0x00, 0x00, 
	0x00, 0x00, 0x01, 0x01, 0x01, 0x01, 0x01, 0x01, 
	0x01, 0x01, 0x01, 0x01, 0x01, 0x01, 0x01, 0x01, 
	0x01, 0x01, 0x01, 0x01, 0x01, 0x01, 0x01, 0x01, 
	0x01, 0x01, 0x01, 0x01, 0x01, 0x01, 0x00, 0x00, 
	0x00, 0x00, 0x01, 0x01, 0x02, 0x03, 0x04, 0x04, 
	0x04, 0x05, 0x06, 0x06, 0x06, 0x06, 0x07, 0x08, 
	0x09, 0x0a, 0x06, 0x06, 0x06, 0x06, 0x06, 0x05, 
	0x04, 0x0b, 0x0c, 0x0d, 0x01, 0x01, 0x00, 0x00, 
	0x00, 0x00, 0x01, 0x01, 0x0c, 0x0b, 0x0e, 0x0f, 
	0x0f, 0x0f, 0x0f, 0x0f, 0x0f, 0x0f, 0x07, 0x08, 
	0x08, 0x0a, 0x0f, 0x0f, 0x0f, 0x0f, 0x0f, 0x0f, 
	0x0f, 0x0e, 0x04, 0x10, 0x01, 0x01, 0x00, 0x00, 
	0x00, 0x00, 0x01, 0x01, 0x09, 0x0b, 0x0c, 0x11, 
	0x11, 0x11, 0x11, 0x11, 0x11, 0x11, 0x07, 0x09, 
	0x08, 0x0a, 0x11, 0x11, 0x11, 0x11, 0x11, 0x11, 
	0x11, 0x0c, 0x0b, 0x09, 0x01, 0x01, 0x00, 0x00, 
	0x00, 0x00, 0x01, 0x01, 0x0b, 0x04, 0x04, 0x05, 
	0x12, 0x13, 0x13, 0x13, 0x13, 0x13, 0x07, 0x08, 
	0x08, 0x14, 0x15, 0x13, 0x13, 0x13, 0x13, 0x13, 
	0x16, 0x06, 0x04, 0x09, 0x01, 0x01, 0x00, 0x00, 
	0x00, 0x00, 0x01, 0x01, 0x0b, 0x0b, 0x0e, 0x0f, 
	0x0f, 0x0f, 0x0f, 0x0f, 0x0f, 0x0f, 0x07, 0x08, 
	0x09, 0x14, 0x0f, 0x0f, 0x0f, 0x0f, 0x0f, 0x0f, 
	0x0f, 0x0e, 0x04, 0x09, 0x01, 0x01, 0x00, 0x00, 
	0x00, 0x00, 0x01, 0x01, 0x0b, 0x0b, 0x0c, 0x11, 
	0x11, 0x11, 0x11, 0x11, 0x11, 0x11, 0x07, 0x09, 
	0x09, 0x17, 0x11, 0x11, 0x11, 0x11, 0x11, 0x11, 
	0x11, 0x0c, 0x06, 0x09, 0x01, 0x01, 0x00, 0x00, 
	0x00, 0x00, 0x01, 0x01, 0x0b, 0x04, 0x06, 0x06, 
	0x16, 0x13, 0x13, 0x13, 0x13, 0x13, 0x18, 0x09, 
	0x09, 0x17, 0x19, 0x19, 0x19, 0x19, 0x19, 0x19, 
	0x19, 0x1a, 0x1a, 0x1b, 0x01, 0x01, 0x00, 0x00, 
	0x00, 0x00, 0x01, 0x01, 0x0b, 0x04, 0x0e, 0x0f, 
	0x0f, 0x0f, 0x0f, 0x0f, 0x0f, 0x0f, 0x18, 0x09, 
	0x1c, 0x1d, 0x0f, 0x0f, 0x0f, 0x0f, 0x0f, 0x0f, 
	0x0f, 0x0e, 0x1e, 0x1f, 0x01, 0x01, 0x00, 0x00, 
	0x00, 0x00, 0x01, 0x01, 0x04, 0x04, 0x20, 0x11, 
	0x11, 0x11, 0x11, 0x11, 0x11, 0x11, 0x07, 0x09, 
	0x0b, 0x09, 0x11, 0x11, 0x11, 0x11, 0x11, 0x11, 
	0x11, 0x20, 0x19, 0x21, 0x01, 0x01, 0x00, 0x00, 
	0x00, 0x00, 0x01, 0x01, 0x04, 0x05, 0x06, 0x15, 
	0x13, 0x13, 0x13, 0x13, 0x13, 0x13, 0x18, 0x04, 
	0x0b, 0x09, 0x19, 0x19, 0x19, 0x19, 0x19, 0x19, 
	0x19, 0x19, 0x19, 0x19, 0x01, 0x01, 0x00, 0x00, 
	0x00, 0x00, 0x01, 0x01, 0x04, 0x22, 0x0e, 0x0f, 
	0x0f, 0x0f, 0x0f, 0x0f, 0x0f, 0x0f, 0x02, 0x04, 
	0x04, 0x09, 0x0f, 0x0f, 0x0f, 0x0f, 0x0f, 0x0f, 
	0x0f, 0x0e, 0x23, 0x19, 0x01, 0x01, 0x00, 0x00, 
	0x00, 0x00, 0x01, 0x01, 0x06, 0x16, 0x0c, 0x11, 
	0x11, 0x11, 0x11, 0x11, 0x11, 0x11, 0x07, 0x04, 
	0x1b, 0x09, 0x11, 0x11, 0x11, 0x11, 0x11, 0x11, 
	0x11, 0x0c, 0x19, 0x23, 0x01, 0x01, 0x00, 0x00, 
	0x00, 0x00, 0x01, 0x01, 0x06, 0x24, 0x24, 0x24, 
	0x24, 0x24, 0x24, 0x24, 0x24, 0x24, 0x0c, 0x06, 
	0x12, 0x04, 0x19, 0x19, 0x19, 0x19, 0x19, 0x19, 
	0x19, 0x04, 0x1a, 0x21, 0x01, 0x01, 0x00, 0x00, 
	0x00, 0x00, 0x01, 0x01, 0x06, 0x21, 0x0e, 0x0f, 
	0x0f, 0x0f, 0x0f, 0x0f, 0x0f, 0x0f, 0x0c, 0x12, 
	0x25, 0x1b, 0x0f, 0x0f, 0x0f, 0x0f, 0x0f, 0x0f, 
	0x0f, 0x0c, 0x05, 0x26, 0x01, 0x01, 0x00, 0x00, 
	0x00, 0x00, 0x01, 0x01, 0x06, 0x24, 0x0c, 0x11, 
	0x11, 0x11, 0x11, 0x11, 0x11, 0x11, 0x27, 0x1a, 
	0x28, 0x06, 0x11, 0x11, 0x11, 0x11, 0x11, 0x11, 
	0x11, 0x18, 0x06, 0x06, 0x01, 0x01, 0x00, 0x00, 
	0x00, 0x00, 0x01, 0x01, 0x09, 0x16, 0x28, 0x28, 
	0x28, 0x28, 0x28, 0x28, 0x28, 0x28, 0x29, 0x2a, 
	0x2b, 0x06, 0x19, 0x2c, 0x2c, 0x2c, 0x2c, 0x2c, 
	0x2c, 0x18, 0x06, 0x09, 0x01, 0x01, 0x00, 0x00, 
	0x00, 0x00, 0x01, 0x01, 0x01, 0x06, 0x28, 0x0f, 
	0x0f, 0x0f, 0x0f, 0x0f, 0x0f, 0x0f, 0x29, 0x2b, 
	0x2b, 0x06, 0x0f, 0x0f, 0x0f, 0x0f, 0x0f, 0x0f, 
	0x2d, 0x18, 0x1a, 0x01, 0x01, 0x01, 0x00, 0x00, 
	0x00, 0x00, 0x00, 0x01, 0x01, 0x06, 0x24, 0x11, 
	0x11, 0x11, 0x11, 0x11, 0x11, 0x11, 0x0c, 0x2b, 
	0x2b, 0x06, 0x11, 0x11, 0x11, 0x11, 0x11, 0x11, 
	0x2e, 0x09, 0x15, 0x01, 0x01, 0x00, 0x00, 0x00, 
	0x00, 0x00, 0x00, 0x01, 0x01, 0x09, 0x28, 0x28, 
	0x28, 0x28, 0x28, 0x28, 0x28, 0x28, 0x09, 0x2f, 
	0x30, 0x06, 0x21, 0x23, 0x23, 0x23, 0x23, 0x23, 
	0x23, 0x23, 0x31, 0x01, 0x01, 0x00, 0x00, 0x00, 
	0x00, 0x00, 0x00, 0x01, 0x01, 0x01, 0x16, 0x28, 
	0x32, 0x0f, 0x0f, 0x0f, 0x0f, 0x0f, 0x09, 0x33, 
	0x34, 0x06, 0x0f, 0x0f, 0x0f, 0x0f, 0x0f, 0x32, 
	0x23, 0x23, 0x01, 0x01, 0x01, 0x00, 0x00, 0x00, 
	0x00, 0x00, 0x00, 0x00, 0x01, 0x01, 0x09, 0x28, 
	0x0c, 0x11, 0x11, 0x11, 0x11, 0x11, 0x0c, 0x35, 
	0x35, 0x06, 0x11, 0x11, 0x11, 0x11, 0x11, 0x0c, 
	0x23, 0x09, 0x01, 0x01, 0x00, 0x00, 0x00, 0x00, 
	0x00, 0x00, 0x00, 0x00, 0x01, 0x01, 0x01, 0x06, 
	0x28, 0x28, 0x28, 0x21, 0x21, 0x21, 0x09, 0x36, 
	0x36, 0x06, 0x24, 0x1e, 0x23, 0x2b, 0x2b, 0x2b, 
	0x06, 0x01, 0x01, 0x01, 0x00, 0x00, 0x00, 0x00, 
	0x00, 0x00, 0x00, 0x00, 0x00, 0x01, 0x01, 0x01, 
	0x37, 0x38, 0x39, 0x0c, 0x11, 0x11, 0x31, 0x35, 
	0x35, 0x12, 0x11, 0x11, 0x0c, 0x39, 0x38, 0x1a, 
	0x01, 0x01, 0x01, 0x00, 0x00, 0x00, 0x00, 0x00, 
	0x00, 0x00, 0x00, 0x00, 0x00, 0x00, 0x01, 0x01, 
	0x01, 0x06, 0x3a, 0x28, 0x3b, 0x3b, 0x3c, 0x3d, 
	0x3d, 0x3e, 0x28, 0x28, 0x2b, 0x3a, 0x06, 0x01, 
	0x01, 0x01, 0x00, 0x00, 0x00, 0x00, 0x00, 0x00, 
	0x00, 0x00, 0x00, 0x00, 0x00, 0x00, 0x00, 0x01, 
	0x01, 0x01, 0x01, 0x06, 0x1a, 0x21, 0x21, 0x21, 
	0x21, 0x21, 0x21, 0x1a, 0x06, 0x01, 0x01, 0x01, 
	0x01, 0x00, 0x00, 0x00, 0x00, 0x00, 0x00, 0x00, 
	0x00, 0x00, 0x00, 0x00, 0x00, 0x00, 0x00, 0x00, 
	0x01, 0x01, 0x01, 0x01, 0x01, 0x10, 0x09, 0x09, 
	0x09, 0x09, 0x10, 0x01, 0x01, 0x01, 0x01, 0x01, 
	0x00, 0x00, 0x00, 0x00, 0x00, 0x00, 0x00, 0x00, 
	0x00, 0x00, 0x00, 0x00, 0x00, 0x00, 0x00, 0x00, 
	0x00, 0x00, 0x01, 0x01, 0x01, 0x01, 0x01, 0x01, 
	0x01, 0x01, 0x01, 0x01, 0x01, 0x01, 0x00, 0x00, 
	0x00, 0x00, 0x00, 0x00, 0x00, 0x00, 0x00, 0x00, 
	0x00, 0x00, 0x00, 0x00, 0x00, 0x00, 0x00, 0x00, 
	0x00, 0x00, 0x00, 0x00, 0x00, 0x01, 0x01, 0x01, 
	0x01, 0x01, 0x01, 0x00, 0x00, 0x00, 0x00, 0x00, 
	0x00, 0x00, 0x00, 0x00, 0x00, 0x00, 0x00, 0x00, 
	0x00, 0x00, 0x00, 0x00, 0x00, 0x00, 0x00, 0x00, 
	0x00, 0x00, 0x00, 0x00, 0x00, 0x00, 0x00, 0x00, 
	0x00, 0x00, 0x00, 0x00, 0x00, 0x00, 0x00, 0x00, 
	0x00, 0x00, 0x00, 0x00, 0x00, 0x00, 0x00, 0x00, 
	
};

Gfx castle_grounds_dl__0_pal_rgba16_aligner[] = {gsSPEndDisplayList()};
u8 castle_grounds_dl__0_pal_rgba16[] = {
	0x00, 0x00, 0x51, 0x41, 0x61, 0x41, 0x69, 0x81, 
	0x82, 0x43, 0x8a, 0x43, 0x8a, 0x83, 0x59, 0x01, 
	0x7a, 0x01, 0x7a, 0x03, 0x71, 0x83, 0x82, 0x03, 
	0x69, 0xc3, 0x61, 0x81, 0xbc, 0x51, 0xcd, 0x1f, 
	0x69, 0xc1, 0x10, 0x01, 0x8a, 0xc3, 0x9b, 0x85, 
	0x71, 0xc1, 0x9b, 0x45, 0x9b, 0x43, 0x71, 0xc3, 
	0x59, 0x41, 0xab, 0x85, 0x93, 0x03, 0x82, 0x83, 
	0x82, 0x01, 0x79, 0xc1, 0xa3, 0x85, 0x92, 0xc3, 
	0x61, 0xc3, 0xa3, 0x83, 0x8a, 0xc5, 0xab, 0xc5, 
	0xa3, 0x43, 0x93, 0x43, 0x8b, 0x03, 0x69, 0x83, 
	0xab, 0x83, 0x72, 0x03, 0xab, 0x43, 0xab, 0xc3, 
	0xb3, 0xc5, 0x92, 0xc7, 0x28, 0x81, 0xb4, 0x09, 
	0xb3, 0xc9, 0x7a, 0x43, 0xbc, 0x55, 0xc4, 0x0d, 
	0xc4, 0x4d, 0xcc, 0x51, 0xcc, 0x55, 0x9b, 0x03, 
	0xbc, 0x93, 0xbc, 0x4f, 0x93, 0x45, 0xb3, 0x83, 
	0xb4, 0x07, 0xbc, 0x07, 0xb3, 0xc7, 
};

Gfx castle_grounds_dl__1_ci8_aligner[] = {gsSPEndDisplayList()};
u8 castle_grounds_dl__1_ci8[] = {
	0x00, 0x00, 0x00, 0x00, 0x00, 0x00, 0x00, 0x00, 
	0x00, 0x00, 0x00, 0x00, 0x00, 0x00, 0x00, 0x00, 
	0x00, 0x00, 0x00, 0x00, 0x00, 0x00, 0x00, 0x00, 
	0x00, 0x00, 0x00, 0x00, 0x00, 0x00, 0x00, 0x00, 
	0x00, 0x00, 0x00, 0x00, 0x00, 0x00, 0x00, 0x00, 
	0x00, 0x00, 0x00, 0x00, 0x00, 0x00, 0x00, 0x00, 
	0x00, 0x00, 0x00, 0x00, 0x00, 0x00, 0x00, 0x00, 
	0x00, 0x00, 0x00, 0x00, 0x00, 0x00, 0x00, 0x00, 
	0x00, 0x00, 0x00, 0x00, 0x00, 0x00, 0x00, 0x00, 
	0x00, 0x00, 0x00, 0x00, 0x00, 0x00, 0x00, 0x00, 
	0x00, 0x00, 0x00, 0x00, 0x00, 0x00, 0x00, 0x00, 
	0x00, 0x00, 0x00, 0x00, 0x00, 0x00, 0x00, 0x00, 
	0x00, 0x00, 0x00, 0x00, 0x00, 0x00, 0x00, 0x00, 
	0x00, 0x00, 0x00, 0x00, 0x00, 0x00, 0x00, 0x00, 
	0x00, 0x00, 0x00, 0x00, 0x00, 0x00, 0x00, 0x00, 
	0x00, 0x00, 0x00, 0x00, 0x00, 0x00, 0x00, 0x00, 
	0x00, 0x00, 0x00, 0x00, 0x00, 0x00, 0x00, 0x00, 
	0x00, 0x00, 0x00, 0x00, 0x00, 0x00, 0x00, 0x00, 
	0x00, 0x00, 0x00, 0x00, 0x00, 0x00, 0x00, 0x00, 
	0x00, 0x00, 0x00, 0x00, 0x00, 0x00, 0x00, 0x00, 
	0x00, 0x00, 0x00, 0x00, 0x00, 0x00, 0x00, 0x00, 
	0x00, 0x00, 0x00, 0x00, 0x00, 0x00, 0x00, 0x00, 
	0x00, 0x00, 0x00, 0x00, 0x00, 0x00, 0x00, 0x00, 
	0x00, 0x00, 0x00, 0x00, 0x00, 0x00, 0x00, 0x00, 
	0x00, 0x00, 0x00, 0x00, 0x00, 0x00, 0x00, 0x00, 
	0x00, 0x00, 0x00, 0x00, 0x00, 0x00, 0x00, 0x00, 
	0x00, 0x00, 0x00, 0x00, 0x00, 0x00, 0x00, 0x00, 
	0x00, 0x00, 0x00, 0x00, 0x00, 0x00, 0x00, 0x00, 
	0x00, 0x00, 0x00, 0x00, 0x00, 0x00, 0x00, 0x00, 
	0x00, 0x00, 0x00, 0x00, 0x00, 0x00, 0x00, 0x00, 
	0x00, 0x00, 0x00, 0x00, 0x00, 0x00, 0x00, 0x00, 
	0x00, 0x00, 0x00, 0x00, 0x00, 0x00, 0x00, 0x00, 
	0x00, 0x00, 0x00, 0x00, 0x00, 0x00, 0x00, 0x00, 
	0x00, 0x00, 0x00, 0x00, 0x00, 0x00, 0x00, 0x00, 
	0x00, 0x00, 0x00, 0x00, 0x00, 0x00, 0x00, 0x00, 
	0x00, 0x00, 0x00, 0x00, 0x00, 0x00, 0x00, 0x00, 
	0x00, 0x00, 0x00, 0x00, 0x00, 0x00, 0x00, 0x00, 
	0x00, 0x00, 0x00, 0x00, 0x00, 0x00, 0x00, 0x00, 
	0x00, 0x00, 0x00, 0x00, 0x00, 0x00, 0x00, 0x00, 
	0x00, 0x00, 0x00, 0x00, 0x00, 0x00, 0x00, 0x00, 
	0x00, 0x00, 0x00, 0x00, 0x00, 0x00, 0x00, 0x00, 
	0x00, 0x00, 0x00, 0x00, 0x00, 0x00, 0x00, 0x00, 
	0x00, 0x00, 0x00, 0x00, 0x00, 0x00, 0x00, 0x00, 
	0x00, 0x00, 0x00, 0x00, 0x00, 0x00, 0x00, 0x00, 
	0x01, 0x02, 0x03, 0x03, 0x03, 0x03, 0x03, 0x03, 
	0x03, 0x03, 0x03, 0x03, 0x03, 0x03, 0x04, 0x04, 
	0x03, 0x03, 0x03, 0x03, 0x03, 0x03, 0x03, 0x03, 
	0x03, 0x03, 0x03, 0x03, 0x03, 0x03, 0x05, 0x06, 
	0x01, 0x07, 0x08, 0x09, 0x09, 0x09, 0x09, 0x09, 
	0x09, 0x09, 0x09, 0x09, 0x09, 0x09, 0x08, 0x08, 
	0x08, 0x09, 0x09, 0x09, 0x09, 0x09, 0x09, 0x09, 
	0x09, 0x09, 0x09, 0x09, 0x09, 0x09, 0x05, 0x06, 
	0x01, 0x08, 0x09, 0x0a, 0x0a, 0x0a, 0x0b, 0x0b, 
	0x0b, 0x0b, 0x0a, 0x0a, 0x0a, 0x0a, 0x09, 0x09, 
	0x09, 0x09, 0x09, 0x0a, 0x0a, 0x0a, 0x0a, 0x0a, 
	0x0c, 0x0b, 0x0b, 0x0b, 0x0c, 0x0a, 0x0d, 0x06, 
	0x01, 0x08, 0x0e, 0x0a, 0x0c, 0x0b, 0x0f, 0x0f, 
	0x0f, 0x0b, 0x0b, 0x0a, 0x0a, 0x0a, 0x0a, 0x09, 
	0x09, 0x09, 0x09, 0x09, 0x0a, 0x0a, 0x0a, 0x0a, 
	0x0c, 0x0b, 0x0f, 0x0f, 0x0b, 0x0a, 0x0d, 0x06, 
	0x01, 0x08, 0x0a, 0x0a, 0x0b, 0x0f, 0x10, 0x10, 
	0x0f, 0x0f, 0x0b, 0x0a, 0x0a, 0x0a, 0x0a, 0x09, 
	0x09, 0x09, 0x09, 0x09, 0x0a, 0x0a, 0x0a, 0x0a, 
	0x0c, 0x0b, 0x0f, 0x0f, 0x0b, 0x0c, 0x0d, 0x06, 
	0x01, 0x09, 0x0a, 0x0c, 0x0b, 0x0f, 0x10, 0x0f, 
	0x0b, 0x0b, 0x0a, 0x0a, 0x0a, 0x0a, 0x0a, 0x0a, 
	0x09, 0x09, 0x09, 0x09, 0x09, 0x0a, 0x0a, 0x0a, 
	0x0a, 0x0c, 0x0b, 0x0b, 0x0c, 0x0a, 0x0d, 0x06, 
	0x01, 0x09, 0x0a, 0x0a, 0x0c, 0x0c, 0x0c, 0x0c, 
	0x0a, 0x0a, 0x0a, 0x0a, 0x0a, 0x0a, 0x0a, 0x0a, 
	0x0a, 0x0e, 0x09, 0x09, 0x09, 0x09, 0x0a, 0x0a, 
	0x0a, 0x0a, 0x0a, 0x0a, 0x0a, 0x0a, 0x0d, 0x06, 
	0x01, 0x08, 0x09, 0x09, 0x09, 0x09, 0x09, 0x09, 
	0x09, 0x09, 0x09, 0x09, 0x0a, 0x0b, 0x0f, 0x0f, 
	0x05, 0x05, 0x05, 0x05, 0x05, 0x05, 0x05, 0x05, 
	0x0b, 0x0a, 0x0b, 0x0b, 0x0c, 0x09, 0x05, 0x06, 
	0x11, 0x12, 0x12, 0x12, 0x12, 0x12, 0x12, 0x12, 
	0x12, 0x12, 0x12, 0x12, 0x12, 0x12, 0x12, 0x12, 
	0x12, 0x12, 0x12, 0x12, 0x12, 0x12, 0x12, 0x12, 
	0x12, 0x12, 0x12, 0x12, 0x12, 0x12, 0x13, 0x06, 
	0x00, 0x00, 0x00, 0x00, 0x00, 0x00, 0x00, 0x00, 
	0x00, 0x00, 0x00, 0x00, 0x00, 0x00, 0x00, 0x00, 
	0x00, 0x00, 0x00, 0x00, 0x00, 0x00, 0x00, 0x00, 
	0x00, 0x00, 0x00, 0x00, 0x00, 0x00, 0x00, 0x00, 
	0x00, 0x00, 0x00, 0x00, 0x00, 0x00, 0x00, 0x00, 
	0x00, 0x00, 0x00, 0x00, 0x00, 0x00, 0x00, 0x00, 
	0x00, 0x00, 0x00, 0x00, 0x00, 0x00, 0x00, 0x00, 
	0x00, 0x00, 0x00, 0x00, 0x00, 0x00, 0x00, 0x00, 
	0x00, 0x00, 0x00, 0x00, 0x00, 0x00, 0x00, 0x00, 
	0x00, 0x00, 0x00, 0x00, 0x00, 0x00, 0x00, 0x00, 
	0x00, 0x00, 0x00, 0x00, 0x00, 0x00, 0x00, 0x00, 
	0x00, 0x00, 0x00, 0x00, 0x00, 0x00, 0x00, 0x00, 
	0x00, 0x00, 0x00, 0x00, 0x00, 0x00, 0x00, 0x00, 
	0x00, 0x00, 0x00, 0x00, 0x00, 0x00, 0x00, 0x00, 
	0x00, 0x00, 0x00, 0x00, 0x00, 0x00, 0x00, 0x00, 
	0x00, 0x00, 0x00, 0x00, 0x00, 0x00, 0x00, 0x00, 
	0x00, 0x00, 0x00, 0x00, 0x00, 0x00, 0x00, 0x00, 
	0x00, 0x00, 0x00, 0x00, 0x00, 0x00, 0x00, 0x00, 
	0x00, 0x00, 0x00, 0x00, 0x00, 0x00, 0x00, 0x00, 
	0x00, 0x00, 0x00, 0x00, 0x00, 0x00, 0x00, 0x00, 
	0x00, 0x00, 0x00, 0x00, 0x00, 0x00, 0x00, 0x00, 
	0x00, 0x00, 0x00, 0x00, 0x00, 0x00, 0x00, 0x00, 
	0x00, 0x00, 0x00, 0x00, 0x00, 0x00, 0x00, 0x00, 
	0x00, 0x00, 0x00, 0x00, 0x00, 0x00, 0x00, 0x00, 
	0x00, 0x00, 0x00, 0x00, 0x00, 0x00, 0x00, 0x00, 
	0x00, 0x00, 0x00, 0x00, 0x00, 0x00, 0x00, 0x00, 
	0x00, 0x00, 0x00, 0x00, 0x00, 0x00, 0x00, 0x00, 
	0x00, 0x00, 0x00, 0x00, 0x00, 0x00, 0x00, 0x00, 
	0x00, 0x00, 0x00, 0x00, 0x00, 0x00, 0x00, 0x00, 
	0x00, 0x00, 0x00, 0x00, 0x00, 0x00, 0x00, 0x00, 
	0x00, 0x00, 0x00, 0x00, 0x00, 0x00, 0x00, 0x00, 
	0x00, 0x00, 0x00, 0x00, 0x00, 0x00, 0x00, 0x00, 
	0x00, 0x00, 0x00, 0x00, 0x00, 0x00, 0x00, 0x00, 
	0x00, 0x00, 0x00, 0x00, 0x00, 0x00, 0x00, 0x00, 
	0x00, 0x00, 0x00, 0x00, 0x00, 0x00, 0x00, 0x00, 
	0x00, 0x00, 0x00, 0x00, 0x00, 0x00, 0x00, 0x00, 
	0x00, 0x00, 0x00, 0x00, 0x00, 0x00, 0x00, 0x00, 
	0x00, 0x00, 0x00, 0x00, 0x00, 0x00, 0x00, 0x00, 
	0x00, 0x00, 0x00, 0x00, 0x00, 0x00, 0x00, 0x00, 
	0x00, 0x00, 0x00, 0x00, 0x00, 0x00, 0x00, 0x00, 
	0x00, 0x00, 0x00, 0x00, 0x00, 0x00, 0x00, 0x00, 
	0x00, 0x00, 0x00, 0x00, 0x00, 0x00, 0x00, 0x00, 
	0x00, 0x00, 0x00, 0x00, 0x00, 0x00, 0x00, 0x00, 
	0x00, 0x00, 0x00, 0x00, 0x00, 0x00, 0x00, 0x00, 
	0x00, 0x00, 0x00, 0x00, 0x00, 0x00, 0x00, 0x00, 
	0x00, 0x00, 0x00, 0x00, 0x00, 0x00, 0x00, 0x00, 
	0x00, 0x00, 0x00, 0x00, 0x00, 0x00, 0x00, 0x00, 
	0x00, 0x00, 0x00, 0x00, 0x00, 0x00, 0x00, 0x00, 
	
};

Gfx castle_grounds_dl__1_pal_rgba16_aligner[] = {gsSPEndDisplayList()};
u8 castle_grounds_dl__1_pal_rgba16[] = {
	0x00, 0x00, 0x9d, 0x27, 0x95, 0x29, 0x94, 0xe5, 
	0x94, 0xe7, 0x6b, 0x9d, 0x31, 0x8d, 0x94, 0xa5, 
	0x8c, 0xa5, 0x8c, 0x63, 0x84, 0x21, 0x7b, 0xdf, 
	0x7c, 0x21, 0x6b, 0x5b, 0x84, 0x63, 0x73, 0xdf, 
	0x73, 0x9d, 0x52, 0x95, 0x4a, 0x93, 0x42, 0x11, 
	
};

Gfx castle_grounds_dl__2_ci8_aligner[] = {gsSPEndDisplayList()};
u8 castle_grounds_dl__2_ci8[] = {
	0x00, 0x01, 0x01, 0x01, 0x02, 0x03, 0x04, 0x05, 
	0x06, 0x06, 0x06, 0x06, 0x06, 0x06, 0x06, 0x06, 
	0x00, 0x01, 0x01, 0x07, 0x08, 0x09, 0x01, 0x08, 
	0x06, 0x06, 0x06, 0x06, 0x06, 0x06, 0x06, 0x06, 
	0x01, 0x08, 0x08, 0x03, 0x0a, 0x0b, 0x0c, 0x0b, 
	0x06, 0x06, 0x06, 0x06, 0x06, 0x06, 0x06, 0x06, 
	0x01, 0x08, 0x08, 0x0d, 0x0e, 0x0f, 0x10, 0x0b, 
	0x06, 0x06, 0x06, 0x06, 0x06, 0x06, 0x06, 0x06, 
	0x01, 0x08, 0x11, 0x12, 0x0e, 0x13, 0x14, 0x0b, 
	0x06, 0x06, 0x06, 0x06, 0x06, 0x06, 0x06, 0x06, 
	0x01, 0x08, 0x14, 0x13, 0x0e, 0x12, 0x05, 0x0b, 
	0x06, 0x06, 0x06, 0x06, 0x06, 0x06, 0x06, 0x06, 
	0x01, 0x08, 0x0c, 0x15, 0x0e, 0x0d, 0x08, 0x0b, 
	0x06, 0x06, 0x06, 0x06, 0x06, 0x06, 0x06, 0x06, 
	0x01, 0x08, 0x0d, 0x0e, 0x13, 0x14, 0x08, 0x0b, 
	0x06, 0x06, 0x06, 0x06, 0x06, 0x06, 0x06, 0x06, 
	0x01, 0x14, 0x0f, 0x0e, 0x16, 0x03, 0x08, 0x0b, 
	0x06, 0x06, 0x06, 0x06, 0x06, 0x06, 0x06, 0x06, 
	0x01, 0x14, 0x0f, 0x0e, 0x12, 0x08, 0x08, 0x0b, 
	0x06, 0x06, 0x06, 0x06, 0x06, 0x06, 0x06, 0x06, 
	0x07, 0x0d, 0x0e, 0x13, 0x17, 0x08, 0x08, 0x0b, 
	0x06, 0x06, 0x06, 0x06, 0x06, 0x06, 0x06, 0x06, 
	0x01, 0x0c, 0x0e, 0x18, 0x14, 0x08, 0x08, 0x0b, 
	0x06, 0x06, 0x06, 0x06, 0x06, 0x06, 0x06, 0x06, 
	0x03, 0x13, 0x0e, 0x19, 0x1a, 0x14, 0x08, 0x0b, 
	0x06, 0x06, 0x06, 0x06, 0x06, 0x06, 0x06, 0x06, 
	0x07, 0x1b, 0x0e, 0x0a, 0x11, 0x08, 0x08, 0x0b, 
	0x06, 0x06, 0x06, 0x06, 0x06, 0x06, 0x06, 0x06, 
	0x08, 0x0e, 0x13, 0x0c, 0x0f, 0x0f, 0x14, 0x0b, 
	0x06, 0x06, 0x06, 0x06, 0x06, 0x06, 0x06, 0x06, 
	0x04, 0x13, 0x0e, 0x0d, 0x08, 0x08, 0x08, 0x0b, 
	0x06, 0x06, 0x06, 0x06, 0x06, 0x06, 0x06, 0x06, 
	0x04, 0x0e, 0x12, 0x17, 0x13, 0x13, 0x14, 0x0b, 
	0x06, 0x06, 0x06, 0x06, 0x06, 0x06, 0x06, 0x06, 
	0x04, 0x13, 0x18, 0x1a, 0x08, 0x14, 0x0c, 0x0b, 
	0x06, 0x06, 0x06, 0x06, 0x06, 0x06, 0x06, 0x06, 
	0x07, 0x13, 0x17, 0x17, 0x18, 0x13, 0x14, 0x0b, 
	0x06, 0x06, 0x06, 0x06, 0x06, 0x06, 0x06, 0x06, 
	0x1c, 0x1a, 0x1a, 0x11, 0x1d, 0x13, 0x0b, 0x0b, 
	0x06, 0x06, 0x06, 0x06, 0x06, 0x06, 0x06, 0x06, 
	0x01, 0x12, 0x10, 0x0c, 0x0e, 0x1e, 0x10, 0x0b, 
	0x06, 0x06, 0x06, 0x06, 0x06, 0x06, 0x06, 0x06, 
	0x07, 0x08, 0x08, 0x14, 0x13, 0x0e, 0x1e, 0x0b, 
	0x06, 0x06, 0x06, 0x06, 0x06, 0x06, 0x06, 0x06, 
	0x01, 0x11, 0x05, 0x12, 0x0e, 0x16, 0x11, 0x0b, 
	0x06, 0x06, 0x06, 0x06, 0x06, 0x06, 0x06, 0x06, 
	0x1f, 0x0c, 0x0a, 0x13, 0x18, 0x13, 0x0f, 0x0b, 
	0x06, 0x06, 0x06, 0x06, 0x06, 0x06, 0x06, 0x06, 
	0x01, 0x20, 0x21, 0x16, 0x0e, 0x20, 0x22, 0x0e, 
	0x23, 0x24, 0x25, 0x26, 0x27, 0x28, 0x05, 0x29, 
	0x2a, 0x2a, 0x2b, 0x29, 0x2c, 0x22, 0x22, 0x22, 
	0x2d, 0x2e, 0x2f, 0x10, 0x30, 0x31, 0x1f, 0x14, 
	0x1c, 0x32, 0x33, 0x16, 0x0f, 0x34, 0x35, 0x0b, 
	0x36, 0x37, 0x38, 0x13, 0x1a, 0x11, 0x14, 0x1f, 
	0x39, 0x3a, 0x3b, 0x16, 0x13, 0x3c, 0x3d, 0x3e, 
	0x3f, 0x40, 0x16, 0x41, 0x42, 0x43, 0x0c, 0x12, 
	0x07, 0x0a, 0x0e, 0x0f, 0x19, 0x0e, 0x1d, 0x0b, 
	0x44, 0x38, 0x1e, 0x45, 0x14, 0x14, 0x0d, 0x1d, 
	0x14, 0x1b, 0x0e, 0x1b, 0x0e, 0x15, 0x16, 0x46, 
	0x47, 0x16, 0x17, 0x1a, 0x14, 0x14, 0x1a, 0x18, 
	0x1c, 0x0e, 0x1e, 0x1a, 0x1b, 0x0e, 0x0d, 0x0b, 
	0x48, 0x17, 0x14, 0x0c, 0x1b, 0x0f, 0x0e, 0x0e, 
	0x14, 0x1b, 0x0e, 0x1b, 0x0e, 0x15, 0x16, 0x47, 
	0x26, 0x0c, 0x14, 0x11, 0x0c, 0x16, 0x13, 0x0e, 
	0x04, 0x20, 0x49, 0x16, 0x16, 0x20, 0x4a, 0x0e, 
	0x0b, 0x08, 0x11, 0x0a, 0x18, 0x15, 0x18, 0x16, 
	0x1a, 0x20, 0x1f, 0x16, 0x1e, 0x20, 0x4b, 0x4c, 
	0x4d, 0x4e, 0x4f, 0x1a, 0x1b, 0x13, 0x13, 0x16, 
	0x04, 0x22, 0x50, 0x16, 0x0e, 0x49, 0x35, 0x0e, 
	0x48, 0x51, 0x52, 0x0b, 0x0b, 0x42, 0x53, 0x42, 
	0x54, 0x55, 0x56, 0x57, 0x25, 0x58, 0x59, 0x47, 
	0x47, 0x5a, 0x5b, 0x0b, 0x0b, 0x0b, 0x0b, 0x0b, 
	0x1c, 0x15, 0x12, 0x1e, 0x0e, 0x0a, 0x11, 0x0b, 
	0x06, 0x06, 0x06, 0x06, 0x06, 0x06, 0x06, 0x06, 
	0x5c, 0x5d, 0x5d, 0x5d, 0x5c, 0x5e, 0x5f, 0x55, 
	0x06, 0x06, 0x06, 0x06, 0x06, 0x06, 0x06, 0x06, 
	0x01, 0x0e, 0x15, 0x0e, 0x0e, 0x1d, 0x08, 0x0b, 
	0x06, 0x06, 0x06, 0x06, 0x06, 0x06, 0x06, 0x06, 
	0x56, 0x60, 0x61, 0x56, 0x62, 0x63, 0x64, 0x53, 
	0x06, 0x06, 0x06, 0x06, 0x06, 0x06, 0x06, 0x06, 
	0x01, 0x0e, 0x0b, 0x13, 0x0d, 0x1d, 0x14, 0x0b, 
	0x06, 0x06, 0x06, 0x06, 0x06, 0x06, 0x06, 0x06, 
	0x65, 0x66, 0x25, 0x25, 0x26, 0x27, 0x2f, 0x0b, 
	0x06, 0x06, 0x06, 0x06, 0x06, 0x06, 0x06, 0x06, 
	0x1c, 0x17, 0x0d, 0x1a, 0x45, 0x15, 0x13, 0x0b, 
	0x06, 0x06, 0x06, 0x06, 0x06, 0x06, 0x06, 0x06, 
	0x67, 0x68, 0x47, 0x53, 0x13, 0x1a, 0x08, 0x0b, 
	0x06, 0x06, 0x06, 0x06, 0x06, 0x06, 0x06, 0x06, 
	0x01, 0x08, 0x11, 0x17, 0x0f, 0x0e, 0x16, 0x0b, 
	0x06, 0x06, 0x06, 0x06, 0x06, 0x06, 0x06, 0x06, 
	0x69, 0x2f, 0x14, 0x13, 0x0b, 0x0f, 0x10, 0x0b, 
	0x06, 0x06, 0x06, 0x06, 0x06, 0x06, 0x06, 0x06, 
	0x01, 0x11, 0x0c, 0x13, 0x0b, 0x0f, 0x14, 0x0b, 
	0x06, 0x06, 0x06, 0x06, 0x06, 0x06, 0x06, 0x06, 
	0x01, 0x08, 0x08, 0x1d, 0x15, 0x6a, 0x19, 0x0b, 
	0x06, 0x06, 0x06, 0x06, 0x06, 0x06, 0x06, 0x06, 
	0x01, 0x0c, 0x15, 0x15, 0x16, 0x1a, 0x14, 0x0b, 
	0x06, 0x06, 0x06, 0x06, 0x06, 0x06, 0x06, 0x06, 
	0x11, 0x0d, 0x10, 0x11, 0x12, 0x0e, 0x13, 0x0b, 
	0x06, 0x06, 0x06, 0x06, 0x06, 0x06, 0x06, 0x06, 
	0x1c, 0x0f, 0x0e, 0x0a, 0x14, 0x14, 0x16, 0x0b, 
	0x06, 0x06, 0x06, 0x06, 0x06, 0x06, 0x06, 0x06, 
	0x1c, 0x0e, 0x0a, 0x03, 0x14, 0x1e, 0x0e, 0x0b, 
	0x06, 0x06, 0x06, 0x06, 0x06, 0x06, 0x06, 0x06, 
	0x10, 0x6b, 0x1e, 0x14, 0x05, 0x0d, 0x0e, 0x0b, 
	0x06, 0x06, 0x06, 0x06, 0x06, 0x06, 0x06, 0x06, 
	0x07, 0x15, 0x0e, 0x0c, 0x11, 0x1d, 0x0e, 0x0b, 
	0x06, 0x06, 0x06, 0x06, 0x06, 0x06, 0x06, 0x06, 
	0x1c, 0x15, 0x1d, 0x08, 0x11, 0x1e, 0x0e, 0x0b, 
	0x06, 0x06, 0x06, 0x06, 0x06, 0x06, 0x06, 0x06, 
	0x01, 0x12, 0x0e, 0x0a, 0x11, 0x11, 0x0a, 0x0b, 
	0x06, 0x06, 0x06, 0x06, 0x06, 0x06, 0x06, 0x06, 
	0x04, 0x1e, 0x10, 0x08, 0x0c, 0x18, 0x0f, 0x0b, 
	0x06, 0x06, 0x06, 0x06, 0x06, 0x06, 0x06, 0x06, 
	0x01, 0x1a, 0x13, 0x15, 0x17, 0x08, 0x1d, 0x0b, 
	0x06, 0x06, 0x06, 0x06, 0x06, 0x06, 0x06, 0x06, 
	0x01, 0x1b, 0x11, 0x14, 0x0f, 0x13, 0x0c, 0x0b, 
	0x06, 0x06, 0x06, 0x06, 0x06, 0x06, 0x06, 0x06, 
	0x01, 0x11, 0x1b, 0x0e, 0x0d, 0x08, 0x11, 0x0b, 
	0x06, 0x06, 0x06, 0x06, 0x06, 0x06, 0x06, 0x06, 
	0x01, 0x1d, 0x08, 0x0c, 0x0b, 0x1b, 0x11, 0x0b, 
	0x06, 0x06, 0x06, 0x06, 0x06, 0x06, 0x06, 0x06, 
	0x01, 0x08, 0x45, 0x0e, 0x0c, 0x08, 0x08, 0x0b, 
	0x06, 0x06, 0x06, 0x06, 0x06, 0x06, 0x06, 0x06, 
	0x08, 0x0b, 0x0b, 0x0b, 0x0b, 0x0b, 0x0b, 0x0b, 
	0x06, 0x06, 0x06, 0x06, 0x06, 0x06, 0x06, 0x06, 
	0x08, 0x0b, 0x0b, 0x0b, 0x0b, 0x0b, 0x0b, 0x0b, 
	0x06, 0x06, 0x06, 0x06, 0x06, 0x06, 0x06, 0x06, 
	
};

Gfx castle_grounds_dl__2_pal_rgba16_aligner[] = {gsSPEndDisplayList()};
u8 castle_grounds_dl__2_pal_rgba16[] = {
	0xd5, 0xa5, 0xb4, 0x9b, 0x9c, 0x55, 0x8b, 0x91, 
	0x9c, 0x15, 0x93, 0x93, 0xef, 0x7a, 0xac, 0x59, 
	0x93, 0xd3, 0x94, 0x15, 0x72, 0x49, 0x51, 0x83, 
	0x82, 0xcd, 0x7a, 0xcb, 0x59, 0xc5, 0x6a, 0x07, 
	0x8b, 0x51, 0x93, 0x91, 0x7a, 0x8b, 0x62, 0x07, 
	0x8b, 0x4f, 0x61, 0xc5, 0x6a, 0x49, 0x8b, 0x0d, 
	0x62, 0x05, 0x72, 0x8b, 0x8b, 0x0f, 0x72, 0x89, 
	0xa4, 0x57, 0x83, 0x0d, 0x6a, 0x47, 0x93, 0xd5, 
	0xde, 0x6b, 0x7b, 0x11, 0x8b, 0x95, 0x08, 0x01, 
	0x10, 0x01, 0x41, 0x45, 0x62, 0x09, 0x7a, 0xcf, 
	0x93, 0xd7, 0x94, 0x19, 0x9c, 0x5b, 0x94, 0x5b, 
	0x8b, 0xd5, 0x83, 0x53, 0x72, 0xcf, 0x83, 0x0f, 
	0x8b, 0x93, 0x9c, 0x17, 0x83, 0x55, 0x72, 0xd3, 
	0x93, 0xd9, 0x73, 0x13, 0x10, 0x43, 0x28, 0x41, 
	0x41, 0x03, 0x9c, 0x59, 0xd6, 0x2b, 0x73, 0x15, 
	0xef, 0x7b, 0x7b, 0x15, 0x6a, 0x4d, 0x5a, 0x09, 
	0x41, 0x43, 0x6a, 0x09, 0x51, 0x85, 0x72, 0x4b, 
	0x20, 0x41, 0x82, 0xcb, 0x49, 0x45, 0x59, 0xc7, 
	0x38, 0xc1, 0x8b, 0xd7, 0x83, 0x11, 0x72, 0x8d, 
	0x6a, 0x8f, 0x5a, 0x0b, 0x51, 0xc9, 0x7a, 0xcd, 
	0x72, 0xd1, 0x49, 0x03, 0x51, 0x43, 0x49, 0x85, 
	0x41, 0x85, 0x39, 0x45, 0x29, 0x05, 0x39, 0x05, 
	0x49, 0x87, 0x51, 0xc7, 0x51, 0x87, 0x49, 0x43, 
	0x18, 0x83, 0x10, 0x83, 0x20, 0xc5, 0x31, 0x05, 
	0x28, 0xc3, 0x31, 0x03, 0x41, 0x87, 0x52, 0x0b, 
	0x62, 0x4b, 0x41, 0x89, 0x39, 0x47, 0x6a, 0x8d, 
	0x6a, 0x4b, 0x8b, 0x53, 0x59, 0xc3, 0x59, 0x83, 
	
};

Gfx castle_grounds_dl__3_ci8_aligner[] = {gsSPEndDisplayList()};
u8 castle_grounds_dl__3_ci8[] = {
	0x00, 0x01, 0x01, 0x01, 0x02, 0x03, 0x04, 0x05, 
	0x06, 0x06, 0x06, 0x06, 0x06, 0x06, 0x06, 0x06, 
	0x00, 0x01, 0x01, 0x07, 0x08, 0x09, 0x01, 0x08, 
	0x06, 0x06, 0x06, 0x06, 0x06, 0x06, 0x06, 0x06, 
	0x01, 0x08, 0x08, 0x03, 0x0a, 0x0b, 0x0c, 0x0b, 
	0x06, 0x06, 0x06, 0x06, 0x06, 0x06, 0x06, 0x06, 
	0x01, 0x08, 0x08, 0x0d, 0x0e, 0x0f, 0x10, 0x0b, 
	0x06, 0x06, 0x06, 0x06, 0x06, 0x06, 0x06, 0x06, 
	0x01, 0x08, 0x11, 0x12, 0x0e, 0x13, 0x14, 0x0b, 
	0x06, 0x06, 0x06, 0x06, 0x06, 0x06, 0x06, 0x06, 
	0x01, 0x08, 0x14, 0x13, 0x0e, 0x12, 0x05, 0x0b, 
	0x06, 0x06, 0x06, 0x06, 0x06, 0x06, 0x06, 0x06, 
	0x01, 0x08, 0x0c, 0x15, 0x0e, 0x0d, 0x08, 0x0b, 
	0x06, 0x06, 0x06, 0x06, 0x06, 0x06, 0x06, 0x06, 
	0x01, 0x08, 0x0d, 0x0e, 0x13, 0x14, 0x08, 0x0b, 
	0x06, 0x06, 0x06, 0x06, 0x06, 0x06, 0x06, 0x06, 
	0x01, 0x14, 0x0f, 0x0e, 0x16, 0x03, 0x08, 0x0b, 
	0x06, 0x06, 0x06, 0x06, 0x06, 0x06, 0x06, 0x06, 
	0x01, 0x14, 0x0f, 0x0e, 0x12, 0x08, 0x08, 0x0b, 
	0x06, 0x06, 0x06, 0x06, 0x06, 0x06, 0x06, 0x06, 
	0x07, 0x0d, 0x0e, 0x13, 0x17, 0x08, 0x08, 0x0b, 
	0x06, 0x06, 0x06, 0x06, 0x06, 0x06, 0x06, 0x06, 
	0x01, 0x0c, 0x0e, 0x18, 0x14, 0x08, 0x08, 0x0b, 
	0x06, 0x06, 0x06, 0x06, 0x06, 0x06, 0x06, 0x06, 
	0x03, 0x13, 0x0e, 0x19, 0x1a, 0x14, 0x08, 0x0b, 
	0x06, 0x06, 0x06, 0x06, 0x06, 0x06, 0x06, 0x06, 
	0x07, 0x1b, 0x0e, 0x0a, 0x11, 0x08, 0x08, 0x0b, 
	0x06, 0x06, 0x06, 0x06, 0x06, 0x06, 0x06, 0x06, 
	0x08, 0x0e, 0x13, 0x0c, 0x0f, 0x0f, 0x14, 0x0b, 
	0x06, 0x06, 0x06, 0x06, 0x06, 0x06, 0x06, 0x06, 
	0x04, 0x13, 0x0e, 0x0d, 0x08, 0x08, 0x08, 0x0b, 
	0x06, 0x06, 0x06, 0x06, 0x06, 0x06, 0x06, 0x06, 
	0x04, 0x0e, 0x12, 0x17, 0x13, 0x13, 0x14, 0x0b, 
	0x06, 0x06, 0x06, 0x06, 0x06, 0x06, 0x06, 0x06, 
	0x04, 0x13, 0x18, 0x1a, 0x08, 0x14, 0x0c, 0x0b, 
	0x06, 0x06, 0x06, 0x06, 0x06, 0x06, 0x06, 0x06, 
	0x07, 0x13, 0x17, 0x17, 0x18, 0x13, 0x14, 0x0b, 
	0x06, 0x06, 0x06, 0x06, 0x06, 0x06, 0x06, 0x06, 
	0x1c, 0x1a, 0x1a, 0x11, 0x1d, 0x13, 0x0b, 0x0b, 
	0x06, 0x06, 0x06, 0x06, 0x06, 0x06, 0x06, 0x06, 
	0x01, 0x12, 0x10, 0x0c, 0x0e, 0x1e, 0x10, 0x0b, 
	0x06, 0x06, 0x06, 0x06, 0x06, 0x06, 0x06, 0x06, 
	0x07, 0x08, 0x08, 0x14, 0x13, 0x0e, 0x1e, 0x0b, 
	0x06, 0x06, 0x06, 0x06, 0x06, 0x06, 0x06, 0x06, 
	0x01, 0x11, 0x05, 0x12, 0x0e, 0x16, 0x11, 0x0b, 
	0x06, 0x06, 0x06, 0x06, 0x06, 0x06, 0x06, 0x06, 
	0x1f, 0x0c, 0x0a, 0x13, 0x18, 0x13, 0x0f, 0x0b, 
	0x06, 0x06, 0x06, 0x06, 0x06, 0x06, 0x06, 0x06, 
	0x01, 0x20, 0x21, 0x16, 0x0e, 0x20, 0x22, 0x0e, 
	0x23, 0x24, 0x25, 0x26, 0x27, 0x28, 0x05, 0x29, 
	0x2a, 0x2a, 0x2b, 0x29, 0x2c, 0x22, 0x22, 0x22, 
	0x2d, 0x2e, 0x2f, 0x10, 0x30, 0x31, 0x1f, 0x14, 
	0x1c, 0x32, 0x33, 0x16, 0x0f, 0x34, 0x35, 0x0b, 
	0x36, 0x37, 0x38, 0x13, 0x1a, 0x11, 0x14, 0x1f, 
	0x39, 0x3a, 0x3b, 0x16, 0x13, 0x3c, 0x3d, 0x3e, 
	0x3f, 0x40, 0x16, 0x41, 0x42, 0x43, 0x0c, 0x12, 
	0x07, 0x0a, 0x0e, 0x0f, 0x19, 0x0e, 0x1d, 0x0b, 
	0x44, 0x38, 0x1e, 0x45, 0x14, 0x14, 0x0d, 0x1d, 
	0x14, 0x1b, 0x0e, 0x1b, 0x0e, 0x15, 0x16, 0x46, 
	0x47, 0x16, 0x17, 0x1a, 0x14, 0x14, 0x1a, 0x18, 
	0x1c, 0x0e, 0x1e, 0x1a, 0x1b, 0x0e, 0x0d, 0x0b, 
	0x48, 0x17, 0x14, 0x0c, 0x1b, 0x0f, 0x0e, 0x0e, 
	0x14, 0x1b, 0x0e, 0x1b, 0x0e, 0x15, 0x16, 0x47, 
	0x26, 0x0c, 0x14, 0x11, 0x0c, 0x16, 0x13, 0x0e, 
	0x04, 0x20, 0x49, 0x16, 0x16, 0x20, 0x4a, 0x0e, 
	0x0b, 0x08, 0x11, 0x0a, 0x18, 0x15, 0x18, 0x16, 
	0x1a, 0x20, 0x1f, 0x16, 0x1e, 0x20, 0x4b, 0x4c, 
	0x4d, 0x4e, 0x4f, 0x1a, 0x1b, 0x13, 0x13, 0x16, 
	0x04, 0x22, 0x50, 0x16, 0x0e, 0x49, 0x35, 0x0e, 
	0x48, 0x51, 0x52, 0x0b, 0x0b, 0x42, 0x53, 0x42, 
	0x54, 0x55, 0x56, 0x57, 0x25, 0x58, 0x59, 0x47, 
	0x47, 0x5a, 0x5b, 0x0b, 0x0b, 0x0b, 0x0b, 0x0b, 
	0x1c, 0x15, 0x12, 0x1e, 0x0e, 0x0a, 0x11, 0x0b, 
	0x06, 0x06, 0x06, 0x06, 0x06, 0x06, 0x06, 0x06, 
	0x5c, 0x5d, 0x5d, 0x5d, 0x5c, 0x5e, 0x5f, 0x55, 
	0x06, 0x06, 0x06, 0x06, 0x06, 0x06, 0x06, 0x06, 
	0x01, 0x0e, 0x15, 0x0e, 0x0e, 0x1d, 0x08, 0x0b, 
	0x06, 0x06, 0x06, 0x06, 0x06, 0x06, 0x06, 0x06, 
	0x56, 0x60, 0x61, 0x56, 0x62, 0x63, 0x64, 0x53, 
	0x06, 0x06, 0x06, 0x06, 0x06, 0x06, 0x06, 0x06, 
	0x01, 0x0e, 0x0b, 0x13, 0x0d, 0x1d, 0x14, 0x0b, 
	0x06, 0x06, 0x06, 0x06, 0x06, 0x06, 0x06, 0x06, 
	0x65, 0x66, 0x25, 0x25, 0x26, 0x27, 0x2f, 0x0b, 
	0x06, 0x06, 0x06, 0x06, 0x06, 0x06, 0x06, 0x06, 
	0x1c, 0x17, 0x0d, 0x1a, 0x45, 0x15, 0x13, 0x0b, 
	0x06, 0x06, 0x06, 0x06, 0x06, 0x06, 0x06, 0x06, 
	0x67, 0x68, 0x47, 0x53, 0x13, 0x1a, 0x08, 0x0b, 
	0x06, 0x06, 0x06, 0x06, 0x06, 0x06, 0x06, 0x06, 
	0x01, 0x08, 0x11, 0x17, 0x0f, 0x0e, 0x16, 0x0b, 
	0x06, 0x06, 0x06, 0x06, 0x06, 0x06, 0x06, 0x06, 
	0x69, 0x2f, 0x14, 0x13, 0x0b, 0x0f, 0x10, 0x0b, 
	0x06, 0x06, 0x06, 0x06, 0x06, 0x06, 0x06, 0x06, 
	0x01, 0x11, 0x0c, 0x13, 0x0b, 0x0f, 0x14, 0x0b, 
	0x06, 0x06, 0x06, 0x06, 0x06, 0x06, 0x06, 0x06, 
	0x01, 0x08, 0x08, 0x1d, 0x15, 0x6a, 0x19, 0x0b, 
	0x06, 0x06, 0x06, 0x06, 0x06, 0x06, 0x06, 0x06, 
	0x01, 0x0c, 0x15, 0x15, 0x16, 0x1a, 0x14, 0x0b, 
	0x06, 0x06, 0x06, 0x06, 0x06, 0x06, 0x06, 0x06, 
	0x11, 0x0d, 0x10, 0x11, 0x12, 0x0e, 0x13, 0x0b, 
	0x06, 0x06, 0x06, 0x06, 0x06, 0x06, 0x06, 0x06, 
	0x1c, 0x0f, 0x0e, 0x0a, 0x14, 0x14, 0x16, 0x0b, 
	0x06, 0x06, 0x06, 0x06, 0x06, 0x06, 0x06, 0x06, 
	0x1c, 0x0e, 0x0a, 0x03, 0x14, 0x1e, 0x0e, 0x0b, 
	0x06, 0x06, 0x06, 0x06, 0x06, 0x06, 0x06, 0x06, 
	0x10, 0x6b, 0x1e, 0x14, 0x05, 0x0d, 0x0e, 0x0b, 
	0x06, 0x06, 0x06, 0x06, 0x06, 0x06, 0x06, 0x06, 
	0x07, 0x15, 0x0e, 0x0c, 0x11, 0x1d, 0x0e, 0x0b, 
	0x06, 0x06, 0x06, 0x06, 0x06, 0x06, 0x06, 0x06, 
	0x1c, 0x15, 0x1d, 0x08, 0x11, 0x1e, 0x0e, 0x0b, 
	0x06, 0x06, 0x06, 0x06, 0x06, 0x06, 0x06, 0x06, 
	0x01, 0x12, 0x0e, 0x0a, 0x11, 0x11, 0x0a, 0x0b, 
	0x06, 0x06, 0x06, 0x06, 0x06, 0x06, 0x06, 0x06, 
	0x04, 0x1e, 0x10, 0x08, 0x0c, 0x18, 0x0f, 0x0b, 
	0x06, 0x06, 0x06, 0x06, 0x06, 0x06, 0x06, 0x06, 
	0x01, 0x1a, 0x13, 0x15, 0x17, 0x08, 0x1d, 0x0b, 
	0x06, 0x06, 0x06, 0x06, 0x06, 0x06, 0x06, 0x06, 
	0x01, 0x1b, 0x11, 0x14, 0x0f, 0x13, 0x0c, 0x0b, 
	0x06, 0x06, 0x06, 0x06, 0x06, 0x06, 0x06, 0x06, 
	0x01, 0x11, 0x1b, 0x0e, 0x0d, 0x08, 0x11, 0x0b, 
	0x06, 0x06, 0x06, 0x06, 0x06, 0x06, 0x06, 0x06, 
	0x01, 0x1d, 0x08, 0x0c, 0x0b, 0x1b, 0x11, 0x0b, 
	0x06, 0x06, 0x06, 0x06, 0x06, 0x06, 0x06, 0x06, 
	0x01, 0x08, 0x45, 0x0e, 0x0c, 0x08, 0x08, 0x0b, 
	0x06, 0x06, 0x06, 0x06, 0x06, 0x06, 0x06, 0x06, 
	0x08, 0x0b, 0x0b, 0x0b, 0x0b, 0x0b, 0x0b, 0x0b, 
	0x06, 0x06, 0x06, 0x06, 0x06, 0x06, 0x06, 0x06, 
	0x08, 0x0b, 0x0b, 0x0b, 0x0b, 0x0b, 0x0b, 0x0b, 
	0x06, 0x06, 0x06, 0x06, 0x06, 0x06, 0x06, 0x06, 
	
};

Gfx castle_grounds_dl__3_pal_rgba16_aligner[] = {gsSPEndDisplayList()};
u8 castle_grounds_dl__3_pal_rgba16[] = {
	0xd5, 0xa5, 0xb4, 0x9b, 0x9c, 0x55, 0x8b, 0x91, 
	0x9c, 0x15, 0x93, 0x93, 0xef, 0x7a, 0xac, 0x59, 
	0x93, 0xd3, 0x94, 0x15, 0x72, 0x49, 0x51, 0x83, 
	0x82, 0xcd, 0x7a, 0xcb, 0x59, 0xc5, 0x6a, 0x07, 
	0x8b, 0x51, 0x93, 0x91, 0x7a, 0x8b, 0x62, 0x07, 
	0x8b, 0x4f, 0x61, 0xc5, 0x6a, 0x49, 0x8b, 0x0d, 
	0x62, 0x05, 0x72, 0x8b, 0x8b, 0x0f, 0x72, 0x89, 
	0xa4, 0x57, 0x83, 0x0d, 0x6a, 0x47, 0x93, 0xd5, 
	0xde, 0x6b, 0x7b, 0x11, 0x8b, 0x95, 0x08, 0x01, 
	0x10, 0x01, 0x41, 0x45, 0x62, 0x09, 0x7a, 0xcf, 
	0x93, 0xd7, 0x94, 0x19, 0x9c, 0x5b, 0x94, 0x5b, 
	0x8b, 0xd5, 0x83, 0x53, 0x72, 0xcf, 0x83, 0x0f, 
	0x8b, 0x93, 0x9c, 0x17, 0x83, 0x55, 0x72, 0xd3, 
	0x93, 0xd9, 0x73, 0x13, 0x10, 0x43, 0x28, 0x41, 
	0x41, 0x03, 0x9c, 0x59, 0xd6, 0x2b, 0x73, 0x15, 
	0xef, 0x7b, 0x7b, 0x15, 0x6a, 0x4d, 0x5a, 0x09, 
	0x41, 0x43, 0x6a, 0x09, 0x51, 0x85, 0x72, 0x4b, 
	0x20, 0x41, 0x82, 0xcb, 0x49, 0x45, 0x59, 0xc7, 
	0x38, 0xc1, 0x8b, 0xd7, 0x83, 0x11, 0x72, 0x8d, 
	0x6a, 0x8f, 0x5a, 0x0b, 0x51, 0xc9, 0x7a, 0xcd, 
	0x72, 0xd1, 0x49, 0x03, 0x51, 0x43, 0x49, 0x85, 
	0x41, 0x85, 0x39, 0x45, 0x29, 0x05, 0x39, 0x05, 
	0x49, 0x87, 0x51, 0xc7, 0x51, 0x87, 0x49, 0x43, 
	0x18, 0x83, 0x10, 0x83, 0x20, 0xc5, 0x31, 0x05, 
	0x28, 0xc3, 0x31, 0x03, 0x41, 0x87, 0x52, 0x0b, 
	0x62, 0x4b, 0x41, 0x89, 0x39, 0x47, 0x6a, 0x8d, 
	0x6a, 0x4b, 0x8b, 0x53, 0x59, 0xc3, 0x59, 0x83, 
	
};

Gfx castle_grounds_dl__4_ci8_aligner[] = {gsSPEndDisplayList()};
u8 castle_grounds_dl__4_ci8[] = {
	0x00, 0x00, 0x00, 0x00, 0x00, 0x00, 0x00, 0x00, 
	0x00, 0x00, 0x00, 0x00, 0x00, 0x00, 0x00, 0x00, 
	0x00, 0x00, 0x00, 0x00, 0x00, 0x00, 0x00, 0x00, 
	0x00, 0x00, 0x00, 0x00, 0x00, 0x00, 0x00, 0x00, 
	0x00, 0x01, 0x02, 0x00, 0x00, 0x00, 0x00, 0x00, 
	0x00, 0x00, 0x00, 0x00, 0x00, 0x00, 0x00, 0x00, 
	0x00, 0x00, 0x00, 0x00, 0x00, 0x00, 0x00, 0x00, 
	0x00, 0x00, 0x00, 0x00, 0x00, 0x00, 0x00, 0x00, 
	0x00, 0x01, 0x03, 0x04, 0x04, 0x04, 0x04, 0x04, 
	0x04, 0x04, 0x05, 0x05, 0x05, 0x04, 0x04, 0x04, 
	0x04, 0x04, 0x04, 0x04, 0x04, 0x04, 0x04, 0x04, 
	0x04, 0x04, 0x04, 0x04, 0x04, 0x04, 0x00, 0x00, 
	0x00, 0x01, 0x03, 0x04, 0x04, 0x04, 0x04, 0x04, 
	0x04, 0x05, 0x06, 0x07, 0x08, 0x05, 0x04, 0x04, 
	0x04, 0x04, 0x04, 0x04, 0x04, 0x04, 0x04, 0x04, 
	0x04, 0x04, 0x04, 0x04, 0x09, 0x09, 0x00, 0x00, 
	0x00, 0x01, 0x03, 0x04, 0x04, 0x04, 0x04, 0x04, 
	0x05, 0x0a, 0x0a, 0x06, 0x07, 0x08, 0x05, 0x04, 
	0x04, 0x04, 0x04, 0x04, 0x04, 0x04, 0x04, 0x04, 
	0x04, 0x04, 0x04, 0x09, 0x09, 0x09, 0x00, 0x00, 
	0x00, 0x01, 0x03, 0x04, 0x04, 0x05, 0x05, 0x05, 
	0x05, 0x0a, 0x0a, 0x0b, 0x07, 0x07, 0x0b, 0x05, 
	0x04, 0x04, 0x04, 0x04, 0x04, 0x04, 0x04, 0x04, 
	0x04, 0x09, 0x09, 0x09, 0x09, 0x09, 0x00, 0x00, 
	0x00, 0x0c, 0x03, 0x04, 0x05, 0x0d, 0x08, 0x07, 
	0x07, 0x0b, 0x0a, 0x08, 0x07, 0x07, 0x07, 0x0b, 
	0x05, 0x04, 0x04, 0x04, 0x04, 0x04, 0x04, 0x04, 
	0x09, 0x09, 0x09, 0x09, 0x09, 0x09, 0x00, 0x00, 
	0x00, 0x01, 0x03, 0x04, 0x05, 0x0e, 0x0f, 0x10, 
	0x08, 0x07, 0x07, 0x07, 0x07, 0x07, 0x07, 0x08, 
	0x05, 0x04, 0x04, 0x04, 0x04, 0x04, 0x09, 0x09, 
	0x09, 0x09, 0x09, 0x09, 0x09, 0x09, 0x00, 0x00, 
	0x00, 0x0c, 0x11, 0x04, 0x04, 0x05, 0x05, 0x05, 
	0x12, 0x05, 0x13, 0x08, 0x07, 0x07, 0x07, 0x07, 
	0x05, 0x04, 0x04, 0x04, 0x09, 0x09, 0x09, 0x09, 
	0x09, 0x09, 0x09, 0x09, 0x09, 0x09, 0x00, 0x00, 
	0x00, 0x01, 0x14, 0x15, 0x05, 0x0a, 0x16, 0x17, 
	0x0a, 0x05, 0x0a, 0x12, 0x08, 0x07, 0x07, 0x07, 
	0x08, 0x05, 0x18, 0x19, 0x19, 0x19, 0x19, 0x19, 
	0x19, 0x19, 0x19, 0x19, 0x19, 0x19, 0x00, 0x00, 
	0x00, 0x01, 0x1a, 0x05, 0x0a, 0x1b, 0x1c, 0x1d, 
	0x1e, 0x1f, 0x1d, 0x20, 0x0e, 0x0e, 0x0a, 0x08, 
	0x07, 0x08, 0x05, 0x19, 0x19, 0x19, 0x19, 0x19, 
	0x19, 0x19, 0x19, 0x19, 0x19, 0x19, 0x00, 0x00, 
	0x00, 0x0c, 0x1a, 0x05, 0x21, 0x22, 0x23, 0x23, 
	0x24, 0x25, 0x05, 0x0a, 0x0e, 0x0e, 0x26, 0x0a, 
	0x07, 0x07, 0x08, 0x27, 0x27, 0x19, 0x19, 0x19, 
	0x19, 0x19, 0x19, 0x19, 0x19, 0x19, 0x00, 0x00, 
	0x00, 0x01, 0x28, 0x05, 0x29, 0x2a, 0x2b, 0x2c, 
	0x25, 0x05, 0x05, 0x0a, 0x2d, 0x2e, 0x2f, 0x30, 
	0x07, 0x07, 0x08, 0x27, 0x27, 0x27, 0x27, 0x19, 
	0x19, 0x19, 0x19, 0x19, 0x19, 0x19, 0x00, 0x00, 
	0x00, 0x01, 0x1a, 0x27, 0x05, 0x31, 0x31, 0x25, 
	0x05, 0x05, 0x05, 0x0a, 0x32, 0x33, 0x34, 0x35, 
	0x08, 0x36, 0x05, 0x27, 0x27, 0x27, 0x27, 0x27, 
	0x19, 0x19, 0x19, 0x19, 0x19, 0x19, 0x00, 0x00, 
	0x00, 0x01, 0x1a, 0x27, 0x27, 0x05, 0x25, 0x05, 
	0x05, 0x05, 0x0a, 0x26, 0x22, 0x1e, 0x1e, 0x0e, 
	0x0e, 0x05, 0x27, 0x27, 0x27, 0x27, 0x27, 0x27, 
	0x27, 0x27, 0x19, 0x19, 0x19, 0x19, 0x00, 0x00, 
	0x00, 0x01, 0x1a, 0x27, 0x27, 0x27, 0x05, 0x05, 
	0x0a, 0x37, 0x29, 0x38, 0x39, 0x3a, 0x0e, 0x0e, 
	0x0e, 0x05, 0x27, 0x27, 0x27, 0x27, 0x27, 0x27, 
	0x27, 0x27, 0x27, 0x27, 0x19, 0x19, 0x00, 0x00, 
	0x00, 0x01, 0x1a, 0x27, 0x27, 0x27, 0x27, 0x05, 
	0x05, 0x1c, 0x34, 0x2c, 0x3b, 0x05, 0x05, 0x05, 
	0x05, 0x27, 0x27, 0x27, 0x27, 0x27, 0x27, 0x27, 
	0x27, 0x27, 0x27, 0x27, 0x27, 0x27, 0x00, 0x00, 
	0x00, 0x01, 0x28, 0x27, 0x27, 0x27, 0x27, 0x27, 
	0x27, 0x05, 0x05, 0x05, 0x05, 0x27, 0x27, 0x27, 
	0x27, 0x27, 0x27, 0x27, 0x27, 0x27, 0x27, 0x27, 
	0x27, 0x27, 0x27, 0x27, 0x27, 0x27, 0x00, 0x00, 
	0x00, 0x01, 0x3c, 0x00, 0x00, 0x00, 0x00, 0x00, 
	0x00, 0x00, 0x00, 0x00, 0x00, 0x00, 0x00, 0x00, 
	0x00, 0x00, 0x00, 0x00, 0x00, 0x00, 0x00, 0x00, 
	0x00, 0x00, 0x00, 0x00, 0x00, 0x00, 0x00, 0x00, 
	0x00, 0x01, 0x3c, 0x00, 0x00, 0x00, 0x00, 0x00, 
	0x00, 0x00, 0x00, 0x00, 0x00, 0x00, 0x00, 0x00, 
	0x00, 0x00, 0x00, 0x00, 0x00, 0x00, 0x00, 0x00, 
	0x00, 0x00, 0x00, 0x00, 0x00, 0x00, 0x00, 0x00, 
	0x00, 0x01, 0x3c, 0x00, 0x00, 0x00, 0x00, 0x00, 
	0x00, 0x00, 0x00, 0x00, 0x00, 0x00, 0x00, 0x00, 
	0x00, 0x00, 0x00, 0x00, 0x00, 0x00, 0x00, 0x00, 
	0x00, 0x00, 0x00, 0x00, 0x00, 0x00, 0x00, 0x00, 
	0x00, 0x01, 0x3c, 0x00, 0x00, 0x00, 0x00, 0x00, 
	0x00, 0x00, 0x00, 0x00, 0x00, 0x00, 0x00, 0x00, 
	0x00, 0x00, 0x00, 0x00, 0x00, 0x00, 0x00, 0x00, 
	0x00, 0x00, 0x00, 0x00, 0x00, 0x00, 0x00, 0x00, 
	0x00, 0x01, 0x3c, 0x00, 0x00, 0x00, 0x00, 0x00, 
	0x00, 0x00, 0x00, 0x00, 0x00, 0x00, 0x00, 0x00, 
	0x00, 0x00, 0x00, 0x00, 0x00, 0x00, 0x00, 0x00, 
	0x00, 0x00, 0x00, 0x00, 0x00, 0x00, 0x00, 0x00, 
	0x00, 0x01, 0x3c, 0x00, 0x00, 0x00, 0x00, 0x00, 
	0x00, 0x00, 0x00, 0x00, 0x00, 0x00, 0x00, 0x00, 
	0x00, 0x00, 0x00, 0x00, 0x00, 0x00, 0x00, 0x00, 
	0x00, 0x00, 0x00, 0x00, 0x00, 0x00, 0x00, 0x00, 
	0x00, 0x0c, 0x3c, 0x00, 0x00, 0x00, 0x00, 0x00, 
	0x00, 0x00, 0x00, 0x00, 0x00, 0x00, 0x00, 0x00, 
	0x00, 0x00, 0x00, 0x00, 0x00, 0x00, 0x00, 0x00, 
	0x00, 0x00, 0x00, 0x00, 0x00, 0x00, 0x00, 0x00, 
	0x00, 0x01, 0x3c, 0x00, 0x00, 0x00, 0x00, 0x00, 
	0x00, 0x00, 0x00, 0x00, 0x00, 0x00, 0x00, 0x00, 
	0x00, 0x00, 0x00, 0x00, 0x00, 0x00, 0x00, 0x00, 
	0x00, 0x00, 0x00, 0x00, 0x00, 0x00, 0x00, 0x00, 
	0x00, 0x01, 0x3c, 0x00, 0x00, 0x00, 0x00, 0x00, 
	0x00, 0x00, 0x00, 0x00, 0x00, 0x00, 0x00, 0x00, 
	0x00, 0x00, 0x00, 0x00, 0x00, 0x00, 0x00, 0x00, 
	0x00, 0x00, 0x00, 0x00, 0x00, 0x00, 0x00, 0x00, 
	0x00, 0x01, 0x3c, 0x00, 0x00, 0x00, 0x00, 0x00, 
	0x00, 0x00, 0x00, 0x00, 0x00, 0x00, 0x00, 0x00, 
	0x00, 0x00, 0x00, 0x00, 0x00, 0x00, 0x00, 0x00, 
	0x00, 0x00, 0x00, 0x00, 0x00, 0x00, 0x00, 0x00, 
	0x00, 0x01, 0x3c, 0x00, 0x00, 0x00, 0x00, 0x00, 
	0x00, 0x00, 0x00, 0x00, 0x00, 0x00, 0x00, 0x00, 
	0x00, 0x00, 0x00, 0x00, 0x00, 0x00, 0x00, 0x00, 
	0x00, 0x00, 0x00, 0x00, 0x00, 0x00, 0x00, 0x00, 
	0x00, 0x01, 0x3c, 0x00, 0x00, 0x00, 0x00, 0x00, 
	0x00, 0x00, 0x00, 0x00, 0x00, 0x00, 0x00, 0x00, 
	0x00, 0x00, 0x00, 0x00, 0x00, 0x00, 0x00, 0x00, 
	0x00, 0x00, 0x00, 0x00, 0x00, 0x00, 0x00, 0x00, 
	0x00, 0x01, 0x3c, 0x00, 0x00, 0x00, 0x00, 0x00, 
	0x00, 0x00, 0x00, 0x00, 0x00, 0x00, 0x00, 0x00, 
	0x00, 0x00, 0x00, 0x00, 0x00, 0x00, 0x00, 0x00, 
	0x00, 0x00, 0x00, 0x00, 0x00, 0x00, 0x00, 0x00, 
	0x00, 0x00, 0x00, 0x00, 0x00, 0x00, 0x00, 0x00, 
	0x00, 0x00, 0x00, 0x00, 0x00, 0x00, 0x00, 0x00, 
	0x00, 0x00, 0x00, 0x00, 0x00, 0x00, 0x00, 0x00, 
	0x00, 0x00, 0x00, 0x00, 0x00, 0x00, 0x00, 0x00, 
	
};

Gfx castle_grounds_dl__4_pal_rgba16_aligner[] = {gsSPEndDisplayList()};
u8 castle_grounds_dl__4_pal_rgba16[] = {
	0x00, 0x00, 0x73, 0x9d, 0xc6, 0x33, 0xc6, 0x35, 
	0xc0, 0x01, 0x00, 0x01, 0x90, 0x01, 0xe0, 0x01, 
	0xb8, 0x01, 0xc0, 0x00, 0xe7, 0x39, 0xa0, 0x01, 
	0x7b, 0xdf, 0x78, 0x45, 0x38, 0x01, 0x68, 0x01, 
	0x98, 0x01, 0xbd, 0xf5, 0xe4, 0xe5, 0xe4, 0x5d, 
	0xc6, 0x75, 0xb1, 0xd3, 0xdd, 0xab, 0xe6, 0x2b, 
	0xb9, 0x0b, 0xf7, 0xbc, 0xd6, 0xb1, 0xe5, 0xe9, 
	0xe5, 0xa3, 0xe6, 0x23, 0xe5, 0xe3, 0xdd, 0xa3, 
	0xe6, 0x6b, 0xe5, 0xe5, 0xe5, 0x61, 0xe5, 0x1b, 
	0xe5, 0xa1, 0xdd, 0xe9, 0xe6, 0x69, 0xf7, 0xbd, 
	0xce, 0xaf, 0xe5, 0x21, 0xe4, 0x99, 0xe4, 0x53, 
	0xe4, 0xd7, 0xde, 0xab, 0xde, 0x65, 0xe4, 0x97, 
	0xe6, 0xa9, 0xe4, 0x9b, 0xe6, 0x67, 0xe5, 0xdf, 
	0xe4, 0x51, 0xe5, 0x63, 0xc8, 0x01, 0xcc, 0x19, 
	0xe5, 0x1d, 0xe5, 0x5b, 0xdd, 0x1f, 0xdd, 0xa1, 
	0xc6, 0x31, 
};

Gfx castle_grounds_dl__6_ci8_aligner[] = {gsSPEndDisplayList()};
u8 castle_grounds_dl__6_ci8[] = {
	0x00, 0x00, 0x01, 0x00, 0x02, 0x03, 0x04, 0x05, 
	0x00, 0x00, 0x00, 0x03, 0x03, 0x00, 0x06, 0x07, 
	0x03, 0x03, 0x00, 0x03, 0x03, 0x04, 0x06, 0x04, 
	0x05, 0x06, 0x05, 0x04, 0x02, 0x02, 0x03, 0x00, 
	0x08, 0x09, 0x0a, 0x0b, 0x0a, 0x0a, 0x0a, 0x0c, 
	0x0a, 0x0c, 0x0b, 0x0d, 0x0e, 0x0a, 0x0f, 0x10, 
	0x05, 0x0e, 0x11, 0x0a, 0x0c, 0x11, 0x0b, 0x0a, 
	0x0a, 0x12, 0x0e, 0x0c, 0x0a, 0x0c, 0x0a, 0x0b, 
	0x13, 0x0f, 0x09, 0x08, 0x0a, 0x13, 0x0a, 0x14, 
	0x14, 0x15, 0x09, 0x08, 0x08, 0x16, 0x17, 0x18, 
	0x19, 0x11, 0x0a, 0x0c, 0x0a, 0x12, 0x1a, 0x0a, 
	0x14, 0x15, 0x0a, 0x0b, 0x0b, 0x0a, 0x0a, 0x0b, 
	0x0a, 0x1b, 0x09, 0x15, 0x1b, 0x0a, 0x1b, 0x15, 
	0x15, 0x1b, 0x09, 0x14, 0x12, 0x0a, 0x1c, 0x18, 
	0x1d, 0x0a, 0x0a, 0x0c, 0x0c, 0x0a, 0x12, 0x15, 
	0x12, 0x0b, 0x14, 0x0a, 0x0c, 0x1a, 0x0a, 0x0a, 
	0x0f, 0x13, 0x15, 0x0a, 0x0f, 0x14, 0x09, 0x09, 
	0x0a, 0x14, 0x0b, 0x0a, 0x15, 0x1b, 0x1e, 0x1f, 
	0x20, 0x0a, 0x0a, 0x14, 0x14, 0x0a, 0x0a, 0x0b, 
	0x0a, 0x0a, 0x0a, 0x14, 0x09, 0x0a, 0x0c, 0x08, 
	0x08, 0x0a, 0x15, 0x15, 0x09, 0x0a, 0x0a, 0x0a, 
	0x1b, 0x14, 0x08, 0x21, 0x13, 0x08, 0x22, 0x23, 
	0x00, 0x0a, 0x0a, 0x0b, 0x0a, 0x14, 0x1a, 0x0a, 
	0x0a, 0x0a, 0x0a, 0x0a, 0x09, 0x14, 0x0a, 0x0c, 
	0x14, 0x0a, 0x0a, 0x0f, 0x09, 0x0a, 0x15, 0x0a, 
	0x14, 0x1b, 0x0f, 0x08, 0x1b, 0x16, 0x22, 0x24, 
	0x03, 0x0b, 0x0a, 0x15, 0x15, 0x12, 0x0a, 0x0a, 
	0x0f, 0x08, 0x0a, 0x14, 0x0a, 0x0a, 0x14, 0x14, 
	0x1b, 0x08, 0x1b, 0x09, 0x0a, 0x15, 0x15, 0x09, 
	0x09, 0x1b, 0x1b, 0x0a, 0x0f, 0x08, 0x22, 0x1f, 
	0x03, 0x0a, 0x1b, 0x0a, 0x15, 0x14, 0x09, 0x08, 
	0x09, 0x0a, 0x0b, 0x14, 0x0a, 0x0f, 0x14, 0x0a, 
	0x08, 0x0a, 0x1b, 0x1b, 0x09, 0x1b, 0x08, 0x15, 
	0x13, 0x09, 0x1b, 0x1b, 0x1b, 0x16, 0x25, 0x24, 
	0x26, 0x0a, 0x1b, 0x16, 0x0a, 0x0a, 0x15, 0x13, 
	0x15, 0x0f, 0x1b, 0x09, 0x0a, 0x0f, 0x14, 0x15, 
	0x1b, 0x08, 0x08, 0x08, 0x09, 0x14, 0x14, 0x0a, 
	0x08, 0x14, 0x13, 0x1b, 0x1b, 0x0f, 0x17, 0x27, 
	0x04, 0x0a, 0x0f, 0x0f, 0x15, 0x15, 0x1b, 0x0f, 
	0x1b, 0x0a, 0x08, 0x0a, 0x15, 0x0a, 0x0a, 0x09, 
	0x0f, 0x15, 0x0a, 0x15, 0x13, 0x0a, 0x14, 0x08, 
	0x13, 0x14, 0x09, 0x14, 0x0f, 0x0f, 0x17, 0x24, 
	0x28, 0x09, 0x1b, 0x14, 0x08, 0x0f, 0x1b, 0x13, 
	0x1b, 0x13, 0x08, 0x15, 0x0a, 0x14, 0x0a, 0x1b, 
	0x14, 0x0a, 0x14, 0x09, 0x0a, 0x0b, 0x09, 0x08, 
	0x12, 0x15, 0x0a, 0x0b, 0x13, 0x21, 0x29, 0x24, 
	0x1d, 0x0a, 0x08, 0x08, 0x13, 0x0f, 0x1b, 0x1c, 
	0x0f, 0x0f, 0x13, 0x0a, 0x0f, 0x1b, 0x15, 0x0a, 
	0x13, 0x15, 0x15, 0x13, 0x09, 0x13, 0x15, 0x0a, 
	0x13, 0x1b, 0x14, 0x09, 0x0f, 0x21, 0x2a, 0x1f, 
	0x02, 0x0b, 0x25, 0x13, 0x21, 0x1c, 0x21, 0x22, 
	0x0f, 0x0f, 0x21, 0x21, 0x0f, 0x08, 0x0f, 0x08, 
	0x1e, 0x2b, 0x2c, 0x2d, 0x16, 0x29, 0x2e, 0x17, 
	0x2f, 0x22, 0x29, 0x29, 0x25, 0x30, 0x31, 0x1f, 
	0x32, 0x2e, 0x33, 0x17, 0x33, 0x34, 0x35, 0x36, 
	0x37, 0x2a, 0x38, 0x39, 0x3a, 0x2d, 0x35, 0x35, 
	0x3b, 0x10, 0x3c, 0x1f, 0x3d, 0x1f, 0x1f, 0x1f, 
	0x27, 0x27, 0x1f, 0x27, 0x3d, 0x1f, 0x3d, 0x10, 
	0x3e, 0x3f, 0x1f, 0x40, 0x1f, 0x41, 0x40, 0x23, 
	0x1f, 0x42, 0x40, 0x1f, 0x23, 0x18, 0x42, 0x1f, 
	0x27, 0x32, 0x04, 0x32, 0x32, 0x1d, 0x00, 0x02, 
	0x06, 0x32, 0x26, 0x1d, 0x00, 0x1d, 0x32, 0x1d, 
	0x04, 0x03, 0x03, 0x03, 0x02, 0x06, 0x04, 0x02, 
	0x32, 0x06, 0x06, 0x06, 0x04, 0x32, 0x32, 0x1d, 
	0x3c, 0x03, 0x05, 0x26, 0x32, 0x32, 0x02, 0x19, 
	0x26, 0x1d, 0x1d, 0x06, 0x06, 0x06, 0x06, 0x32, 
	0x06, 0x1d, 0x05, 0x04, 0x32, 0x04, 0x06, 0x03, 
	0x1d, 0x1d, 0x06, 0x32, 0x1d, 0x28, 0x43, 0x44, 
	0x3e, 0x03, 0x03, 0x05, 0x32, 0x26, 0x32, 0x06, 
	0x28, 0x32, 0x06, 0x02, 0x1d, 0x06, 0x04, 0x32, 
	0x26, 0x05, 0x06, 0x06, 0x26, 0x05, 0x03, 0x04, 
	0x26, 0x06, 0x06, 0x05, 0x32, 0x1d, 0x1d, 0x45, 
	0x27, 0x00, 0x03, 0x03, 0x02, 0x32, 0x00, 0x05, 
	0x03, 0x05, 0x02, 0x1d, 0x02, 0x03, 0x05, 0x04, 
	0x04, 0x04, 0x00, 0x26, 0x06, 0x06, 0x06, 0x03, 
	0x32, 0x03, 0x06, 0x03, 0x03, 0x06, 0x26, 0x31, 
	0x27, 0x05, 0x03, 0x03, 0x04, 0x32, 0x04, 0x02, 
	0x05, 0x1d, 0x02, 0x04, 0x04, 0x32, 0x03, 0x04, 
	0x32, 0x03, 0x32, 0x04, 0x04, 0x02, 0x02, 0x06, 
	0x03, 0x1d, 0x04, 0x26, 0x32, 0x03, 0x06, 0x46, 
	0x47, 0x03, 0x02, 0x32, 0x1d, 0x05, 0x1d, 0x26, 
	0x04, 0x26, 0x02, 0x03, 0x02, 0x26, 0x1d, 0x05, 
	0x05, 0x04, 0x05, 0x28, 0x03, 0x03, 0x05, 0x02, 
	0x02, 0x06, 0x03, 0x04, 0x05, 0x26, 0x1d, 0x2a, 
	0x48, 0x02, 0x05, 0x06, 0x1d, 0x26, 0x06, 0x32, 
	0x1d, 0x03, 0x06, 0x26, 0x03, 0x1d, 0x06, 0x26, 
	0x05, 0x05, 0x02, 0x32, 0x05, 0x32, 0x32, 0x26, 
	0x26, 0x1d, 0x05, 0x32, 0x26, 0x06, 0x03, 0x49, 
	0x4a, 0x26, 0x03, 0x06, 0x32, 0x26, 0x26, 0x04, 
	0x06, 0x32, 0x32, 0x26, 0x1d, 0x06, 0x26, 0x26, 
	0x26, 0x06, 0x26, 0x02, 0x32, 0x26, 0x04, 0x32, 
	0x1d, 0x1d, 0x06, 0x03, 0x04, 0x20, 0x1d, 0x2d, 
	0x4b, 0x03, 0x03, 0x26, 0x03, 0x03, 0x32, 0x06, 
	0x26, 0x32, 0x32, 0x06, 0x1d, 0x32, 0x26, 0x03, 
	0x04, 0x1d, 0x26, 0x06, 0x05, 0x06, 0x1d, 0x26, 
	0x04, 0x04, 0x1d, 0x1d, 0x02, 0x06, 0x06, 0x38, 
	0x4b, 0x03, 0x04, 0x1d, 0x03, 0x06, 0x06, 0x26, 
	0x32, 0x03, 0x1d, 0x26, 0x1d, 0x32, 0x1d, 0x26, 
	0x1d, 0x05, 0x1d, 0x02, 0x26, 0x04, 0x02, 0x06, 
	0x1d, 0x06, 0x26, 0x1d, 0x06, 0x05, 0x1d, 0x31, 
	0x4a, 0x00, 0x03, 0x26, 0x05, 0x06, 0x28, 0x1d, 
	0x1d, 0x1d, 0x32, 0x05, 0x06, 0x1d, 0x28, 0x26, 
	0x1d, 0x04, 0x06, 0x02, 0x06, 0x1d, 0x26, 0x26, 
	0x26, 0x19, 0x06, 0x26, 0x26, 0x05, 0x32, 0x4c, 
	0x47, 0x03, 0x26, 0x04, 0x1d, 0x32, 0x1d, 0x32, 
	0x1d, 0x05, 0x26, 0x05, 0x26, 0x06, 0x26, 0x04, 
	0x1d, 0x1d, 0x26, 0x26, 0x05, 0x26, 0x02, 0x1d, 
	0x06, 0x03, 0x06, 0x26, 0x1d, 0x32, 0x1d, 0x17, 
	0x4b, 0x03, 0x03, 0x05, 0x04, 0x02, 0x05, 0x03, 
	0x05, 0x1d, 0x02, 0x32, 0x06, 0x1d, 0x1d, 0x32, 
	0x04, 0x26, 0x26, 0x1d, 0x05, 0x06, 0x1d, 0x26, 
	0x32, 0x1d, 0x1d, 0x32, 0x03, 0x1d, 0x06, 0x2b, 
	0x27, 0x03, 0x04, 0x26, 0x1d, 0x06, 0x1d, 0x19, 
	0x06, 0x06, 0x1d, 0x19, 0x32, 0x04, 0x06, 0x32, 
	0x1d, 0x1d, 0x1d, 0x26, 0x1d, 0x02, 0x1d, 0x32, 
	0x26, 0x1d, 0x06, 0x26, 0x19, 0x1d, 0x4d, 0x4e, 
	0x4b, 0x04, 0x32, 0x05, 0x19, 0x19, 0x1d, 0x1d, 
	0x1d, 0x1d, 0x26, 0x1d, 0x05, 0x1d, 0x05, 0x1d, 
	0x06, 0x1d, 0x26, 0x1d, 0x32, 0x32, 0x06, 0x06, 
	0x06, 0x1d, 0x1d, 0x28, 0x28, 0x1a, 0x12, 0x4f, 
	0x24, 0x32, 0x08, 0x2a, 0x2a, 0x46, 0x50, 0x36, 
	0x50, 0x51, 0x50, 0x50, 0x39, 0x50, 0x51, 0x52, 
	0x53, 0x53, 0x50, 0x54, 0x36, 0x54, 0x36, 0x36, 
	0x55, 0x36, 0x55, 0x4e, 0x4e, 0x36, 0x2a, 0x56, 
	0x57, 0x3b, 0x58, 0x59, 0x5a, 0x5b, 0x5b, 0x5c, 
	0x5c, 0x5d, 0x5e, 0x59, 0x5c, 0x59, 0x59, 0x5e, 
	0x5f, 0x5e, 0x5b, 0x5f, 0x5d, 0x5f, 0x60, 0x5e, 
	0x5c, 0x5f, 0x5d, 0x5a, 0x5a, 0x61, 0x5e, 0x5a, 
	
};

Gfx castle_grounds_dl__6_pal_rgba16_aligner[] = {gsSPEndDisplayList()};
u8 castle_grounds_dl__6_pal_rgba16[] = {
	0xe7, 0x39, 0xef, 0x7b, 0xd6, 0xf7, 0xde, 0xf7, 
	0xde, 0xf5, 0xde, 0xb7, 0xd6, 0xf5, 0x8c, 0x23, 
	0xbd, 0xf1, 0xc5, 0xf1, 0xc6, 0x31, 0xce, 0x31, 
	0xc6, 0x71, 0xce, 0x73, 0xce, 0x33, 0xbd, 0xef, 
	0x73, 0x5d, 0xc6, 0x73, 0xc6, 0x33, 0xc5, 0xef, 
	0xc6, 0x2f, 0xbe, 0x31, 0xbd, 0xed, 0xad, 0xab, 
	0x6b, 0x1b, 0xd6, 0xb3, 0xce, 0x71, 0xbe, 0x2f, 
	0xb5, 0xef, 0xd6, 0xb5, 0xb5, 0xaf, 0x6b, 0x5b, 
	0xce, 0xb5, 0xbd, 0xaf, 0xb5, 0xad, 0x63, 0x5b, 
	0x73, 0x5b, 0xb5, 0xed, 0xd6, 0xb7, 0x73, 0x9d, 
	0xd6, 0x75, 0xad, 0x6d, 0xa5, 0x29, 0xb5, 0x6b, 
	0xad, 0x2d, 0xa5, 0x69, 0xb5, 0xab, 0xbd, 0xad, 
	0xad, 0x6b, 0xa5, 0x2b, 0xde, 0xb5, 0xad, 0xad, 
	0xad, 0x2b, 0xad, 0x69, 0x9c, 0xe7, 0xa5, 0xab, 
	0xad, 0x29, 0x94, 0xa7, 0xa5, 0x6d, 0x63, 0x19, 
	0x6b, 0x9d, 0x6b, 0x5d, 0x7b, 0xdd, 0x6c, 0x1d, 
	0x6b, 0x9b, 0x6b, 0xa1, 0x6b, 0x59, 0xce, 0x75, 
	0xb5, 0x6d, 0xa5, 0x6b, 0x9d, 0x27, 0x7b, 0x9d, 
	0x7b, 0xdf, 0xa5, 0x67, 0x73, 0xdd, 0x73, 0xdf, 
	0xa4, 0xe9, 0xd6, 0x73, 0xa5, 0x27, 0x9d, 0x29, 
	0x9c, 0xa7, 0x94, 0xe5, 0x9c, 0xa5, 0x9c, 0xe5, 
	0xa4, 0xe7, 0x9c, 0xe9, 0xad, 0x27, 0x6a, 0x97, 
	0x52, 0xd5, 0x5a, 0x53, 0x52, 0x95, 0x4a, 0x57, 
	0x4a, 0xd7, 0x5a, 0xd3, 0x5a, 0x57, 0x4a, 0x53, 
	0x4a, 0xcf, 0x52, 0x97, 
};

Gfx castle_grounds_dl__7_ci8_aligner[] = {gsSPEndDisplayList()};
u8 castle_grounds_dl__7_ci8[] = {
	0x00, 0x01, 0x02, 0x02, 0x03, 0x04, 0x05, 0x06, 
	0x07, 0x08, 0x09, 0x0a, 0x0b, 0x0c, 0x0d, 0x0e, 
	0x00, 0x0f, 0x10, 0x11, 0x03, 0x12, 0x13, 0x06, 
	0x07, 0x09, 0x09, 0x14, 0x0b, 0x15, 0x16, 0x0e, 
	0x00, 0x01, 0x02, 0x02, 0x17, 0x12, 0x13, 0x06, 
	0x07, 0x08, 0x09, 0x0a, 0x0b, 0x0c, 0x0d, 0x0e, 
	0x00, 0x01, 0x11, 0x02, 0x03, 0x12, 0x13, 0x06, 
	0x0b, 0x08, 0x09, 0x14, 0x0b, 0x15, 0x16, 0x0e, 
	0x18, 0x19, 0x1a, 0x1a, 0x1b, 0x1c, 0x1d, 0x1e, 
	0x0c, 0x0a, 0x0a, 0x0a, 0x14, 0x07, 0x15, 0x1f, 
	0x18, 0x20, 0x10, 0x11, 0x04, 0x21, 0x1d, 0x1e, 
	0x0c, 0x0a, 0x0a, 0x14, 0x14, 0x07, 0x0d, 0x22, 
	0x23, 0x24, 0x25, 0x0f, 0x1c, 0x26, 0x1f, 0x0d, 
	0x0d, 0x27, 0x28, 0x29, 0x0a, 0x14, 0x0b, 0x0d, 
	0x2a, 0x24, 0x1a, 0x2b, 0x2c, 0x2d, 0x2e, 0x2f, 
	0x0d, 0x27, 0x28, 0x29, 0x0a, 0x14, 0x07, 0x30, 
	0x31, 0x01, 0x25, 0x32, 0x33, 0x1e, 0x0d, 0x1f, 
	0x34, 0x35, 0x36, 0x37, 0x0a, 0x0a, 0x0b, 0x0d, 
	0x31, 0x25, 0x04, 0x35, 0x38, 0x0c, 0x0d, 0x22, 
	0x39, 0x3a, 0x3b, 0x28, 0x0a, 0x14, 0x07, 0x1e, 
	0x3c, 0x01, 0x20, 0x3d, 0x3e, 0x15, 0x16, 0x3f, 
	0x00, 0x35, 0x40, 0x41, 0x42, 0x0a, 0x0b, 0x1f, 
	0x3c, 0x43, 0x12, 0x1d, 0x44, 0x0c, 0x0d, 0x0e, 
	0x18, 0x45, 0x46, 0x37, 0x29, 0x14, 0x07, 0x1e, 
	0x47, 0x48, 0x13, 0x49, 0x38, 0x15, 0x16, 0x3f, 
	0x00, 0x4a, 0x4b, 0x41, 0x29, 0x0a, 0x0b, 0x30, 
	0x4c, 0x1a, 0x1b, 0x4d, 0x44, 0x0c, 0x0d, 0x0e, 
	0x18, 0x45, 0x40, 0x41, 0x4e, 0x14, 0x0c, 0x4f, 
	0x33, 0x50, 0x51, 0x38, 0x0c, 0x15, 0x16, 0x3f, 
	0x00, 0x52, 0x53, 0x54, 0x37, 0x55, 0x14, 0x56, 
	0x57, 0x58, 0x59, 0x44, 0x0b, 0x0c, 0x0d, 0x0e, 
	0x18, 0x48, 0x5a, 0x46, 0x5b, 0x5c, 0x0c, 0x5d, 
	0x5e, 0x5f, 0x60, 0x14, 0x0b, 0x15, 0x0d, 0x3f, 
	0x00, 0x45, 0x61, 0x62, 0x63, 0x64, 0x65, 0x66, 
	0x66, 0x67, 0x08, 0x0a, 0x0b, 0x0c, 0x0d, 0x0e, 
	0x18, 0x48, 0x10, 0x68, 0x69, 0x36, 0x6a, 0x5e, 
	0x44, 0x14, 0x0a, 0x14, 0x0b, 0x07, 0x0d, 0x0e, 
	0x00, 0x45, 0x1a, 0x02, 0x6b, 0x6c, 0x6d, 0x6e, 
	0x0b, 0x0a, 0x09, 0x0a, 0x0b, 0x07, 0x0d, 0x0e, 
	0x39, 0x24, 0x10, 0x1a, 0x6f, 0x70, 0x71, 0x5e, 
	0x0c, 0x72, 0x29, 0x14, 0x14, 0x0b, 0x15, 0x73, 
	0x23, 0x19, 0x25, 0x1a, 0x74, 0x75, 0x76, 0x77, 
	0x0c, 0x29, 0x78, 0x42, 0x14, 0x0b, 0x15, 0x1f, 
	0x2a, 0x45, 0x10, 0x25, 0x79, 0x7a, 0x7b, 0x30, 
	0x7c, 0x7d, 0x65, 0x4e, 0x14, 0x14, 0x07, 0x1e, 
	0x7e, 0x24, 0x25, 0x2b, 0x7f, 0x56, 0x0d, 0x0e, 
	0x34, 0x71, 0x80, 0x81, 0x0a, 0x0a, 0x0b, 0x0d, 
	0x23, 0x0f, 0x43, 0x82, 0x83, 0x77, 0x1f, 0x73, 
	0x18, 0x84, 0x3b, 0x28, 0x29, 0x14, 0x07, 0x1e, 
	0x85, 0x01, 0x2b, 0x05, 0x86, 0x15, 0x0d, 0x22, 
	0x00, 0x87, 0x88, 0x37, 0x0a, 0x0a, 0x0b, 0x1f, 
	0x31, 0x25, 0x43, 0x13, 0x06, 0x30, 0x16, 0x0e, 
	0x00, 0x35, 0x89, 0x37, 0x29, 0x14, 0x07, 0x77, 
	0x47, 0x48, 0x2b, 0x8a, 0x44, 0x0c, 0x0d, 0x22, 
	0x00, 0x48, 0x40, 0x41, 0x42, 0x0a, 0x0b, 0x1f, 
	0x3c, 0x25, 0x2b, 0x57, 0x5d, 0x15, 0x0d, 0x0e, 
	0x00, 0x4a, 0x8b, 0x8c, 0x81, 0x29, 0x44, 0x1e, 
	0x1d, 0x3d, 0x50, 0x8d, 0x0b, 0x0c, 0x0d, 0x22, 
	0x00, 0x48, 0x8e, 0x41, 0x55, 0x42, 0x0b, 0x30, 
	0x31, 0x20, 0x8f, 0x90, 0x0c, 0x15, 0x0d, 0x0e, 
	0x00, 0x45, 0x91, 0x69, 0x92, 0x93, 0x27, 0x86, 
	0x94, 0x59, 0x95, 0x14, 0x0b, 0x07, 0x0d, 0x22, 
	0x00, 0x20, 0x96, 0x97, 0x98, 0x37, 0x55, 0x0c, 
	0x99, 0x59, 0x9a, 0x44, 0x0b, 0x15, 0x0d, 0x0e, 
	0x00, 0x45, 0x9b, 0x9c, 0x9d, 0x9e, 0x71, 0x9f, 
	0x0c, 0x0a, 0x08, 0x0a, 0x0b, 0x07, 0x0d, 0x22, 
	0x18, 0x48, 0xa0, 0xa1, 0xa2, 0xa3, 0xa4, 0x6e, 
	0x0c, 0x0a, 0x08, 0x14, 0x0b, 0x15, 0x0d, 0x0e, 
	0x18, 0x45, 0x25, 0x10, 0xa5, 0xa6, 0x13, 0x6e, 
	0x0b, 0x09, 0x09, 0x14, 0x0b, 0x07, 0x0d, 0x22, 
	0x18, 0x48, 0xa0, 0x11, 0xa7, 0xa8, 0x35, 0x06, 
	0x0b, 0x09, 0x08, 0x14, 0x0b, 0x15, 0x0d, 0x22, 
	0x39, 0x45, 0x1a, 0x10, 0xa9, 0xaa, 0xab, 0x15, 
	0x0b, 0x0a, 0xac, 0x14, 0x14, 0x0b, 0x15, 0x1f, 
	0x39, 0x45, 0x1a, 0x10, 0xa8, 0xad, 0x26, 0x56, 
	0x07, 0x0a, 0x42, 0x14, 0x14, 0x0b, 0x15, 0x16, 
	0x18, 0x01, 0x1a, 0x32, 0x06, 0x15, 0x0d, 0x0d, 
	0x1f, 0xae, 0x37, 0x4e, 0x0a, 0x0a, 0x0b, 0x0d, 
	0x18, 0x20, 0x1a, 0x79, 0x94, 0x0c, 0x15, 0x16, 
	0x1f, 0xaf, 0x28, 0x4e, 0x0a, 0x14, 0x07, 0x0d, 
	0x3c, 0x25, 0x43, 0x3a, 0x0c, 0x15, 0x0d, 0x0e, 
	0x39, 0xb0, 0xb1, 0x37, 0x0a, 0x0a, 0x0b, 0x0d, 
	0x31, 0x25, 0x04, 0x84, 0x0c, 0x07, 0x0d, 0x22, 
	0x39, 0x3a, 0x3b, 0x28, 0x0a, 0x0a, 0x07, 0x16, 
	0x4c, 0x43, 0xb2, 0x8a, 0x0c, 0x15, 0x16, 0x0e, 
	0x18, 0x45, 0xb3, 0x37, 0x42, 0x0a, 0x0b, 0x1f, 
	0x3c, 0x1a, 0xa9, 0xb4, 0x44, 0x07, 0x0d, 0x22, 
	0x39, 0x52, 0xb5, 0x37, 0x42, 0x0a, 0x07, 0x16, 
	0x4c, 0x25, 0x21, 0x4d, 0x0c, 0x15, 0x16, 0x0e, 
	0x18, 0x45, 0x40, 0x41, 0x29, 0x0a, 0x0b, 0x30, 
	0xb0, 0x9b, 0x21, 0x06, 0x0b, 0x0c, 0x0d, 0x22, 
	0x39, 0x4a, 0xb6, 0x41, 0x55, 0x0a, 0x0b, 0x0d, 
	0xb7, 0xb8, 0xb9, 0x60, 0x0b, 0x15, 0x16, 0x0e, 
	0x18, 0x48, 0xba, 0xbb, 0xbc, 0x4e, 0x29, 0x38, 
	0xbd, 0xbe, 0xbf, 0x14, 0x0b, 0x0c, 0x0d, 0x22, 
	0x39, 0x45, 0xc0, 0xc1, 0xbc, 0x81, 0x5f, 0x0c, 
	0x0b, 0x0a, 0x08, 0x14, 0x0b, 0x15, 0x16, 0x0e, 
	0x18, 0x48, 0x10, 0xc2, 0xc3, 0xc4, 0xc5, 0x66, 
	0x0b, 0x0a, 0x08, 0x0a, 0x0b, 0x07, 0x0d, 0x0e, 
	0x39, 0x45, 0x10, 0xc6, 0xc7, 0xc8, 0xc9, 0x86, 
	0xca, 0xcb, 0x08, 0x0a, 0x0b, 0x0c, 0x0d, 0x0e, 
	0x18, 0x48, 0x10, 0x11, 0xcc, 0xcd, 0x57, 0xce, 
	0x07, 0x0a, 0x08, 0x0a, 0x14, 0x07, 0x0d, 0x22, 
	0x39, 0x45, 0x10, 0x11, 0xcc, 0xcd, 0x3d, 0x33, 
	0x15, 0x4e, 0xcf, 0x29, 0x0a, 0x14, 0x07, 0x16, 
	0x34, 0x45, 0xd0, 0x1a, 0xd1, 0xab, 0xd2, 0x1f, 
	0x15, 0xd3, 0x55, 0x29, 0x0a, 0x14, 0x07, 0x0d, 
	0xd4, 0x52, 0x43, 0x1a, 0xd5, 0x7b, 0xd2, 0x56, 
	0x18, 0x83, 0xd6, 0x81, 0x0a, 0x0a, 0x0b, 0x30, 
	0x00, 0x0f, 0x43, 0x32, 0x90, 0x15, 0x0d, 0x0e, 
	0x18, 0x3d, 0xd7, 0x81, 0x0a, 0x0a, 0x0b, 0x0d, 
	0x39, 0x01, 0xd0, 0x20, 0x49, 0x15, 0x0d, 0x22, 
	0x00, 0x45, 0x88, 0x37, 0x0a, 0x0a, 0x07, 0x1f, 
	0x31, 0x1a, 0x25, 0x57, 0x0c, 0x15, 0x0d, 0x0e, 
	0x00, 0x48, 0x40, 0x41, 0x29, 0x0a, 0x0b, 0x30, 
	0x00, 0xb2, 0x25, 0x13, 0x56, 0x15, 0x16, 0x0e, 
	0x00, 0x48, 0x40, 0x41, 0x29, 0x0a, 0x07, 0x1f, 
	0x3c, 0x43, 0x0f, 0xd8, 0x44, 0x0c, 0x0d, 0x0e, 
	0x00, 0x20, 0xd9, 0x41, 0x55, 0x0a, 0x0b, 0x1f, 
	0x31, 0x25, 0x20, 0xd8, 0x0c, 0x15, 0x16, 0x0e, 
	0x31, 0x48, 0xd9, 0xd6, 0x81, 0x29, 0x0b, 0x30, 
	0x47, 0x82, 0x8f, 0x8d, 0x0b, 0x0c, 0x0d, 0x0e, 
	0x00, 0x20, 0x5a, 0x54, 0xda, 0x29, 0x14, 0x15, 
	0x7e, 0x82, 0x8f, 0x8d, 0x44, 0x15, 0x16, 0x0e, 
	0x31, 0x01, 0xdb, 0xdc, 0xdd, 0xde, 0x4e, 0x66, 
	0x86, 0xb9, 0x60, 0x14, 0x0b, 0x0c, 0x0d, 0x0e, 
	0x00, 0x01, 0xdb, 0xdc, 0xdf, 0xde, 0xe0, 0x14, 
	0xe1, 0xe2, 0x60, 0x14, 0x0b, 0x15, 0x16, 0x0e, 
	
};

Gfx castle_grounds_dl__7_pal_rgba16_aligner[] = {gsSPEndDisplayList()};
u8 castle_grounds_dl__7_pal_rgba16[] = {
	0xd2, 0xc1, 0xe3, 0x0b, 0xe3, 0x55, 0xdb, 0x95, 
	0xdb, 0x51, 0xe2, 0x47, 0xba, 0x01, 0x89, 0x81, 
	0x88, 0x81, 0x80, 0x81, 0x88, 0xc1, 0x89, 0x41, 
	0x91, 0x81, 0x92, 0x01, 0xa2, 0x81, 0xe3, 0x0d, 
	0xe3, 0x13, 0xe3, 0x15, 0xdb, 0x4f, 0xe2, 0x45, 
	0x89, 0x01, 0x91, 0xc1, 0x92, 0x41, 0xdb, 0x93, 
	0xca, 0xc1, 0xe3, 0x07, 0xe3, 0x11, 0xdb, 0x0d, 
	0xda, 0x85, 0xd2, 0x41, 0xa2, 0x01, 0x9a, 0x41, 
	0xe2, 0xcb, 0xda, 0xcb, 0x9a, 0x81, 0xca, 0x81, 
	0xe3, 0x09, 0xe3, 0x0f, 0xba, 0x43, 0x91, 0xc5, 
	0x89, 0x87, 0x89, 0x03, 0xba, 0xc1, 0xe2, 0xcd, 
	0xca, 0x03, 0x91, 0xc3, 0x89, 0xc1, 0x8a, 0x01, 
	0x9a, 0x01, 0xda, 0xc1, 0xe2, 0x89, 0xca, 0x01, 
	0xba, 0x81, 0xe2, 0x43, 0xa9, 0xc9, 0x89, 0x89, 
	0x99, 0x81, 0xc2, 0xc1, 0xe2, 0x41, 0xa1, 0xc9, 
	0xe2, 0xc1, 0xe2, 0x03, 0xa9, 0xc1, 0xaa, 0x81, 
	0xc1, 0xcb, 0x89, 0x8b, 0x88, 0xc3, 0xe3, 0x51, 
	0x91, 0x41, 0xe2, 0xc7, 0xb9, 0xc9, 0xe2, 0x81, 
	0xe2, 0xc9, 0xb9, 0xc1, 0xe2, 0x85, 0xca, 0x0b, 
	0xe2, 0xc3, 0xc2, 0x01, 0x89, 0x45, 0xaa, 0x01, 
	0xd1, 0xc3, 0xb9, 0x83, 0xe2, 0xc5, 0xd2, 0x4b, 
	0x91, 0xcd, 0x89, 0x05, 0x99, 0xc1, 0xe2, 0x01, 
	0xda, 0x49, 0xb1, 0x85, 0xd2, 0x4d, 0x91, 0x89, 
	0x91, 0x85, 0xa1, 0xc1, 0x99, 0xc3, 0x91, 0x43, 
	0x91, 0x01, 0xe2, 0x8d, 0xd2, 0xd3, 0xba, 0x8d, 
	0xa2, 0x09, 0x91, 0x87, 0x91, 0x83, 0x90, 0xc3, 
	0xd2, 0x8f, 0xc2, 0x0b, 0xa1, 0xc5, 0xd3, 0x53, 
	0xd3, 0x0d, 0xda, 0x03, 0xb2, 0x01, 0xd2, 0xcf, 
	0xca, 0x47, 0xba, 0x05, 0x89, 0x43, 0xa2, 0x41, 
	0xd2, 0x89, 0xb2, 0x45, 0xaa, 0x43, 0xaa, 0x41, 
	0x88, 0xc5, 0xda, 0x89, 0xca, 0x43, 0xb2, 0x43, 
	0xb2, 0x41, 0xaa, 0x03, 0xd2, 0x81, 0xc1, 0xc3, 
	0x91, 0xc9, 0x89, 0x47, 0xe2, 0x8b, 0xd2, 0x43, 
	0xda, 0x41, 0xda, 0x81, 0xa1, 0xc3, 0xe2, 0x87, 
	0xb1, 0xcb, 0xb9, 0xc7, 0xda, 0x01, 0xca, 0x09, 
	0x99, 0x8b, 0xa1, 0x83, 0xc9, 0xcb, 0xda, 0x05, 
	0xb1, 0xc1, 0xda, 0x4b, 0xa1, 0xcb, 0x91, 0xc7, 
	0xb1, 0xc3, 0x91, 0x03, 0xe2, 0x8f, 0xba, 0x0d, 
	0x92, 0x0b, 0xb2, 0x03, 0x99, 0x43, 0xe2, 0xcf, 
	0xd2, 0xd1, 0xca, 0xcf, 0xca, 0x49, 0xa9, 0xc3, 
	0xe2, 0xd3, 0xdb, 0x15, 0xcb, 0x51, 0xca, 0xcd, 
	0xd9, 0xc3, 0xd3, 0x11, 0xd2, 0xcb, 0xd3, 0x93, 
	0xd3, 0x0f, 0xdb, 0x0f, 0xca, 0x45, 0xaa, 0x05, 
	0x88, 0x83, 0xd2, 0x47, 0x9a, 0x05, 0x92, 0x05, 
	0xe2, 0x83, 0xa9, 0xcb, 0xe3, 0x4f, 0xc1, 0xc9, 
	0xca, 0x41, 0xb2, 0x09, 0xc2, 0x09, 0xc2, 0x43, 
	0xc1, 0x85, 0x99, 0x05, 0xda, 0x4f, 0x99, 0xcd, 
	0x89, 0xcb, 0xd2, 0x03, 0xc9, 0x85, 0x99, 0x45, 
	0xda, 0x4d, 0xa9, 0xcd, 0xda, 0xd3, 0xca, 0xd1, 
	0xb2, 0x49, 0xa2, 0x05, 0xda, 0xd5, 0xcb, 0x11, 
	0xc2, 0x49, 0xb2, 0x05, 0x81, 0x41, 0x80, 0xc1, 
	0xdb, 0x53, 0xd2, 0xcd, 0xba, 0x41, 0x89, 0x07, 
	0xe3, 0x53, 0xda, 0x47, 0x9a, 0x03, 0x89, 0x85, 
	0xb2, 0x81, 0xda, 0x87, 0x91, 0xcb, 0x99, 0xc9, 
	0xd2, 0x01, 0xca, 0x0d, 0x89, 0x49, 0xe2, 0xd1, 
	0xca, 0x91, 0xaa, 0x0b, 0x89, 0xc9, 0xa2, 0x0d, 
	0x81, 0x45, 0x99, 0xc5, 0xa1, 0x45, 
};

Gfx castle_grounds_dl__8_ci8_aligner[] = {gsSPEndDisplayList()};
u8 castle_grounds_dl__8_ci8[] = {
	0x00, 0x01, 0x00, 0x01, 0x02, 0x02, 0x03, 0x03, 
	0x03, 0x01, 0x02, 0x01, 0x01, 0x01, 0x01, 0x02, 
	0x02, 0x02, 0x04, 0x01, 0x00, 0x01, 0x01, 0x01, 
	0x01, 0x02, 0x05, 0x06, 0x06, 0x06, 0x06, 0x07, 
	0x08, 0x02, 0x07, 0x07, 0x09, 0x02, 0x01, 0x01, 
	0x01, 0x0a, 0x01, 0x01, 0x02, 0x02, 0x02, 0x02, 
	0x02, 0x02, 0x02, 0x02, 0x09, 0x02, 0x0b, 0x02, 
	0x02, 0x02, 0x0b, 0x09, 0x01, 0x00, 0x01, 0x00, 
	0x04, 0x01, 0x02, 0x09, 0x02, 0x02, 0x01, 0x01, 
	0x01, 0x01, 0x02, 0x07, 0x0c, 0x06, 0x0d, 0x07, 
	0x02, 0x02, 0x07, 0x07, 0x09, 0x0a, 0x01, 0x02, 
	0x01, 0x02, 0x02, 0x0e, 0x06, 0x07, 0x06, 0x07, 
	0x08, 0x02, 0x0f, 0x02, 0x01, 0x04, 0x02, 0x05, 
	0x09, 0x09, 0x05, 0x02, 0x07, 0x06, 0x06, 0x06, 
	0x06, 0x06, 0x09, 0x09, 0x09, 0x09, 0x09, 0x09, 
	0x02, 0x09, 0x09, 0x09, 0x09, 0x02, 0x01, 0x04, 
	0x01, 0x01, 0x09, 0x10, 0x09, 0x11, 0x0d, 0x06, 
	0x12, 0x12, 0x0d, 0x0d, 0x0d, 0x13, 0x14, 0x11, 
	0x13, 0x13, 0x11, 0x15, 0x16, 0x13, 0x06, 0x07, 
	0x07, 0x07, 0x07, 0x13, 0x0d, 0x0d, 0x11, 0x07, 
	0x08, 0x09, 0x09, 0x09, 0x09, 0x17, 0x13, 0x13, 
	0x0d, 0x0d, 0x0d, 0x13, 0x18, 0x0d, 0x0d, 0x0d, 
	0x0d, 0x13, 0x11, 0x11, 0x13, 0x0d, 0x19, 0x0d, 
	0x0d, 0x0d, 0x06, 0x09, 0x10, 0x09, 0x01, 0x01, 
	0x00, 0x01, 0x06, 0x0d, 0x0d, 0x14, 0x11, 0x13, 
	0x13, 0x0d, 0x0d, 0x0d, 0x13, 0x13, 0x11, 0x11, 
	0x14, 0x1a, 0x1a, 0x14, 0x14, 0x1a, 0x1a, 0x14, 
	0x13, 0x13, 0x14, 0x1a, 0x14, 0x15, 0x1b, 0x07, 
	0x08, 0x09, 0x07, 0x0d, 0x13, 0x15, 0x1a, 0x15, 
	0x11, 0x15, 0x1a, 0x14, 0x15, 0x13, 0x0d, 0x0d, 
	0x11, 0x14, 0x14, 0x15, 0x15, 0x13, 0x1c, 0x14, 
	0x14, 0x15, 0x1d, 0x0d, 0x0d, 0x06, 0x01, 0x00, 
	0x09, 0x0e, 0x13, 0x15, 0x14, 0x14, 0x11, 0x11, 
	0x13, 0x13, 0x13, 0x1e, 0x11, 0x1f, 0x11, 0x19, 
	0x13, 0x16, 0x1c, 0x13, 0x06, 0x0d, 0x11, 0x14, 
	0x20, 0x21, 0x1a, 0x14, 0x1a, 0x14, 0x1b, 0x09, 
	0x22, 0x1e, 0x16, 0x15, 0x14, 0x15, 0x23, 0x16, 
	0x15, 0x11, 0x11, 0x15, 0x15, 0x11, 0x19, 0x0d, 
	0x13, 0x0d, 0x13, 0x11, 0x11, 0x13, 0x0d, 0x13, 
	0x15, 0x15, 0x14, 0x14, 0x15, 0x13, 0x0e, 0x09, 
	0x24, 0x09, 0x0d, 0x23, 0x11, 0x11, 0x25, 0x11, 
	0x13, 0x13, 0x13, 0x11, 0x11, 0x15, 0x11, 0x0d, 
	0x0d, 0x13, 0x11, 0x19, 0x0d, 0x0d, 0x11, 0x14, 
	0x14, 0x14, 0x14, 0x11, 0x11, 0x15, 0x15, 0x0b, 
	0x26, 0x16, 0x1a, 0x15, 0x11, 0x15, 0x11, 0x11, 
	0x15, 0x27, 0x11, 0x15, 0x11, 0x0d, 0x0d, 0x0d, 
	0x0d, 0x19, 0x28, 0x27, 0x11, 0x13, 0x0d, 0x29, 
	0x11, 0x15, 0x15, 0x11, 0x23, 0x0d, 0x09, 0x24, 
	0x09, 0x09, 0x0d, 0x15, 0x2a, 0x11, 0x0d, 0x18, 
	0x13, 0x13, 0x13, 0x11, 0x15, 0x14, 0x15, 0x11, 
	0x13, 0x13, 0x13, 0x11, 0x16, 0x1b, 0x14, 0x2b, 
	0x2c, 0x27, 0x11, 0x15, 0x14, 0x1a, 0x15, 0x02, 
	0x2d, 0x1f, 0x16, 0x2e, 0x16, 0x11, 0x15, 0x15, 
	0x14, 0x15, 0x15, 0x15, 0x11, 0x13, 0x06, 0x0d, 
	0x13, 0x0d, 0x11, 0x14, 0x2f, 0x1f, 0x13, 0x0d, 
	0x0d, 0x13, 0x1e, 0x2a, 0x15, 0x0d, 0x09, 0x09, 
	0x0f, 0x0b, 0x0d, 0x14, 0x11, 0x11, 0x29, 0x13, 
	0x11, 0x11, 0x14, 0x30, 0x15, 0x15, 0x15, 0x11, 
	0x13, 0x13, 0x0d, 0x1d, 0x15, 0x16, 0x11, 0x11, 
	0x11, 0x11, 0x11, 0x15, 0x1a, 0x14, 0x15, 0x2d, 
	0x2d, 0x16, 0x15, 0x15, 0x15, 0x15, 0x11, 0x11, 
	0x15, 0x14, 0x15, 0x15, 0x15, 0x11, 0x13, 0x11, 
	0x13, 0x13, 0x11, 0x15, 0x14, 0x14, 0x15, 0x13, 
	0x06, 0x13, 0x11, 0x11, 0x14, 0x0d, 0x0b, 0x0f, 
	0x09, 0x0e, 0x0d, 0x14, 0x15, 0x16, 0x1d, 0x11, 
	0x16, 0x15, 0x15, 0x31, 0x15, 0x11, 0x1e, 0x1e, 
	0x13, 0x1d, 0x13, 0x11, 0x15, 0x11, 0x13, 0x11, 
	0x11, 0x1f, 0x15, 0x14, 0x32, 0x15, 0x33, 0x2d, 
	0x2d, 0x33, 0x15, 0x15, 0x11, 0x23, 0x14, 0x13, 
	0x0d, 0x11, 0x15, 0x15, 0x15, 0x14, 0x15, 0x15, 
	0x25, 0x13, 0x11, 0x11, 0x15, 0x1a, 0x14, 0x15, 
	0x11, 0x15, 0x15, 0x15, 0x14, 0x0d, 0x0e, 0x09, 
	0x09, 0x09, 0x0d, 0x15, 0x14, 0x11, 0x13, 0x11, 
	0x15, 0x1a, 0x1a, 0x14, 0x11, 0x13, 0x0d, 0x0d, 
	0x13, 0x11, 0x11, 0x11, 0x15, 0x11, 0x13, 0x13, 
	0x11, 0x11, 0x15, 0x32, 0x11, 0x08, 0x2d, 0x2d, 
	0x2d, 0x2d, 0x08, 0x15, 0x16, 0x15, 0x14, 0x15, 
	0x11, 0x11, 0x13, 0x11, 0x11, 0x16, 0x11, 0x11, 
	0x11, 0x15, 0x15, 0x11, 0x11, 0x15, 0x15, 0x15, 
	0x14, 0x14, 0x1a, 0x14, 0x15, 0x0d, 0x09, 0x09, 
	0x09, 0x02, 0x34, 0x0d, 0x11, 0x16, 0x1d, 0x11, 
	0x15, 0x11, 0x0d, 0x0d, 0x13, 0x11, 0x11, 0x11, 
	0x11, 0x11, 0x13, 0x13, 0x13, 0x13, 0x13, 0x11, 
	0x11, 0x23, 0x16, 0x11, 0x08, 0x2d, 0x2d, 0x2d, 
	0x2d, 0x2d, 0x2d, 0x35, 0x14, 0x36, 0x1a, 0x15, 
	0x1a, 0x20, 0x1a, 0x13, 0x1e, 0x11, 0x11, 0x11, 
	0x11, 0x1a, 0x1a, 0x14, 0x11, 0x15, 0x14, 0x15, 
	0x14, 0x15, 0x15, 0x11, 0x0d, 0x34, 0x02, 0x09, 
	0x0b, 0x02, 0x0d, 0x14, 0x13, 0x0d, 0x06, 0x0d, 
	0x37, 0x13, 0x0d, 0x0d, 0x0d, 0x13, 0x11, 0x11, 
	0x1e, 0x19, 0x19, 0x13, 0x13, 0x16, 0x11, 0x15, 
	0x1a, 0x32, 0x15, 0x38, 0x2d, 0x2d, 0x2d, 0x2d, 
	0x2d, 0x2d, 0x2d, 0x2d, 0x39, 0x15, 0x36, 0x14, 
	0x14, 0x32, 0x1a, 0x1a, 0x1a, 0x32, 0x15, 0x11, 
	0x15, 0x20, 0x32, 0x14, 0x14, 0x15, 0x1a, 0x14, 
	0x14, 0x0d, 0x0d, 0x13, 0x14, 0x0d, 0x02, 0x0b, 
	0x02, 0x09, 0x13, 0x30, 0x13, 0x0d, 0x06, 0x0d, 
	0x0d, 0x1e, 0x13, 0x13, 0x0d, 0x14, 0x0d, 0x11, 
	0x15, 0x15, 0x11, 0x11, 0x11, 0x15, 0x1a, 0x1a, 
	0x1f, 0x01, 0x3a, 0x2d, 0x2d, 0x2d, 0x2d, 0x2d, 
	0x2d, 0x2d, 0x2d, 0x2d, 0x2d, 0x2d, 0x09, 0x36, 
	0x36, 0x20, 0x32, 0x14, 0x23, 0x1a, 0x1a, 0x14, 
	0x15, 0x14, 0x14, 0x14, 0x14, 0x14, 0x1c, 0x14, 
	0x15, 0x06, 0x0d, 0x13, 0x30, 0x13, 0x09, 0x02, 
	0x02, 0x02, 0x13, 0x14, 0x13, 0x0d, 0x0d, 0x13, 
	0x13, 0x13, 0x13, 0x13, 0x14, 0x2d, 0x14, 0x06, 
	0x13, 0x11, 0x11, 0x15, 0x1a, 0x1a, 0x15, 0x3b, 
	0x2d, 0x3c, 0x3d, 0x3e, 0x3f, 0x40, 0x41, 0x42, 
	0x43, 0x43, 0x43, 0x42, 0x3e, 0x44, 0x3c, 0x3a, 
	0x09, 0x36, 0x36, 0x1a, 0x14, 0x15, 0x32, 0x1a, 
	0x14, 0x14, 0x2d, 0x14, 0x14, 0x1a, 0x1a, 0x15, 
	0x15, 0x11, 0x11, 0x13, 0x14, 0x13, 0x02, 0x02, 
	0x02, 0x02, 0x0d, 0x11, 0x11, 0x15, 0x11, 0x11, 
	0x11, 0x13, 0x1e, 0x2e, 0x14, 0x14, 0x2d, 0x06, 
	0x11, 0x11, 0x32, 0x1a, 0x15, 0x0d, 0x3a, 0x45, 
	0x46, 0x47, 0x47, 0x48, 0x48, 0x49, 0x4a, 0x4b, 
	0x4c, 0x4d, 0x4c, 0x4e, 0x4f, 0x3f, 0x3f, 0x3e, 
	0x3d, 0x3a, 0x14, 0x36, 0x36, 0x32, 0x14, 0x14, 
	0x06, 0x2d, 0x14, 0x14, 0x50, 0x51, 0x15, 0x11, 
	0x11, 0x11, 0x11, 0x11, 0x11, 0x0d, 0x02, 0x02, 
	0x02, 0x02, 0x0d, 0x1f, 0x15, 0x14, 0x15, 0x15, 
	0x11, 0x11, 0x14, 0x20, 0x20, 0x14, 0x06, 0x2d, 
	0x35, 0x14, 0x15, 0x13, 0x26, 0x45, 0x3e, 0x52, 
	0x53, 0x54, 0x54, 0x55, 0x56, 0x57, 0x4d, 0x4c, 
	0x58, 0x4d, 0x58, 0x59, 0x4f, 0x4f, 0x4f, 0x4f, 
	0x3f, 0x5a, 0x3d, 0x22, 0x1a, 0x36, 0x14, 0x35, 
	0x2d, 0x06, 0x15, 0x20, 0x1a, 0x11, 0x13, 0x1e, 
	0x11, 0x15, 0x14, 0x15, 0x1f, 0x0d, 0x02, 0x02, 
	0x09, 0x02, 0x0d, 0x14, 0x11, 0x14, 0x23, 0x15, 
	0x15, 0x1a, 0x20, 0x14, 0x11, 0x11, 0x14, 0x35, 
	0x2d, 0x2d, 0x5b, 0x26, 0x5c, 0x5a, 0x5d, 0x3f, 
	0x3f, 0x53, 0x5e, 0x55, 0x5f, 0x60, 0x4d, 0x4d, 
	0x58, 0x4c, 0x58, 0x61, 0x4f, 0x55, 0x55, 0x4f, 
	0x4f, 0x54, 0x3f, 0x62, 0x63, 0x08, 0x2d, 0x2d, 
	0x35, 0x1a, 0x32, 0x15, 0x11, 0x0d, 0x0d, 0x13, 
	0x13, 0x11, 0x11, 0x11, 0x14, 0x0d, 0x02, 0x09, 
	0x09, 0x09, 0x0d, 0x14, 0x15, 0x15, 0x15, 0x23, 
	0x14, 0x15, 0x13, 0x29, 0x11, 0x1b, 0x11, 0x16, 
	0x2d, 0x2d, 0x3a, 0x64, 0x5a, 0x65, 0x47, 0x66, 
	0x66, 0x3f, 0x5e, 0x55, 0x4f, 0x49, 0x4a, 0x67, 
	0x68, 0x4e, 0x69, 0x4f, 0x55, 0x55, 0x55, 0x48, 
	0x4f, 0x4f, 0x4f, 0x5e, 0x3e, 0x3a, 0x2d, 0x2d, 
	0x1a, 0x14, 0x1a, 0x14, 0x14, 0x15, 0x11, 0x15, 
	0x1a, 0x14, 0x14, 0x15, 0x14, 0x0d, 0x09, 0x09, 
	0x02, 0x02, 0x06, 0x14, 0x13, 0x11, 0x15, 0x15, 
	0x14, 0x14, 0x1a, 0x32, 0x1b, 0x15, 0x15, 0x32, 
	0x5b, 0x3a, 0x6a, 0x52, 0x65, 0x47, 0x47, 0x66, 
	0x66, 0x3f, 0x5e, 0x55, 0x4f, 0x6b, 0x6c, 0x6c, 
	0x6c, 0x6d, 0x4f, 0x55, 0x54, 0x54, 0x55, 0x48, 
	0x4f, 0x4f, 0x6e, 0x6f, 0x4f, 0x52, 0x3a, 0x70, 
	0x36, 0x1a, 0x14, 0x15, 0x11, 0x11, 0x1f, 0x11, 
	0x14, 0x14, 0x15, 0x13, 0x14, 0x06, 0x02, 0x02, 
	0x02, 0x01, 0x0d, 0x14, 0x11, 0x13, 0x11, 0x15, 
	0x23, 0x14, 0x23, 0x15, 0x1b, 0x11, 0x1a, 0x1a, 
	0x71, 0x64, 0x5a, 0x5d, 0x47, 0x47, 0x47, 0x66, 
	0x66, 0x3f, 0x54, 0x55, 0x5a, 0x5c, 0x64, 0x64, 
	0x64, 0x64, 0x6a, 0x5a, 0x54, 0x54, 0x72, 0x55, 
	0x4f, 0x6e, 0x6e, 0x73, 0x74, 0x6e, 0x46, 0x63, 
	0x20, 0x36, 0x15, 0x14, 0x15, 0x11, 0x15, 0x06, 
	0x06, 0x11, 0x1b, 0x11, 0x14, 0x0d, 0x01, 0x02, 
	0x02, 0x02, 0x11, 0x1b, 0x11, 0x1e, 0x15, 0x14, 
	0x15, 0x16, 0x11, 0x11, 0x15, 0x1a, 0x20, 0x71, 
	0x64, 0x3e, 0x52, 0x5d, 0x47, 0x47, 0x47, 0x66, 
	0x3f, 0x3f, 0x3e, 0x75, 0x2d, 0x2d, 0x2d, 0x2d, 
	0x2d, 0x2d, 0x2d, 0x3a, 0x45, 0x5a, 0x55, 0x55, 
	0x4f, 0x6e, 0x73, 0x74, 0x74, 0x74, 0x41, 0x76, 
	0x22, 0x36, 0x1a, 0x14, 0x11, 0x11, 0x77, 0x1a, 
	0x11, 0x06, 0x11, 0x11, 0x1b, 0x11, 0x02, 0x02, 
	0x05, 0x0d, 0x11, 0x14, 0x15, 0x15, 0x14, 0x15, 
	0x16, 0x16, 0x06, 0x0d, 0x15, 0x1a, 0x70, 0x3c, 
	0x46, 0x52, 0x52, 0x47, 0x47, 0x47, 0x66, 0x66, 
	0x5a, 0x3a, 0x2d, 0x2d, 0x2d, 0x2d, 0x2d, 0x2d, 
	0x2d, 0x2d, 0x2d, 0x2d, 0x2d, 0x2d, 0x3a, 0x65, 
	0x4f, 0x73, 0x74, 0x74, 0x74, 0x74, 0x74, 0x41, 
	0x3c, 0x06, 0x36, 0x1f, 0x11, 0x13, 0x15, 0x14, 
	0x15, 0x1b, 0x15, 0x15, 0x14, 0x11, 0x0d, 0x05, 
	0x02, 0x06, 0x11, 0x14, 0x16, 0x14, 0x14, 0x14, 
	0x14, 0x14, 0x14, 0x1a, 0x20, 0x14, 0x3a, 0x5c, 
	0x76, 0x52, 0x5d, 0x47, 0x47, 0x66, 0x66, 0x3e, 
	0x3a, 0x2d, 0x2d, 0x2d, 0x2d, 0x2d, 0x2d, 0x2d, 
	0x2d, 0x2d, 0x2d, 0x2d, 0x2d, 0x2d, 0x2d, 0x2d, 
	0x6a, 0x74, 0x74, 0x74, 0x74, 0x74, 0x74, 0x6e, 
	0x52, 0x2d, 0x20, 0x1a, 0x13, 0x13, 0x11, 0x14, 
	0x14, 0x11, 0x15, 0x16, 0x14, 0x11, 0x06, 0x02, 
	0x01, 0x01, 0x06, 0x11, 0x11, 0x13, 0x11, 0x15, 
	0x14, 0x14, 0x1a, 0x20, 0x1a, 0x70, 0x45, 0x3e, 
	0x52, 0x5d, 0x47, 0x47, 0x66, 0x66, 0x3e, 0x2d, 
	0x2d, 0x2d, 0x2d, 0x2d, 0x2d, 0x2d, 0x2d, 0x2d, 
	0x2d, 0x2d, 0x2d, 0x2d, 0x2d, 0x2d, 0x2d, 0x2d, 
	0x2d, 0x6a, 0x74, 0x74, 0x73, 0x74, 0x74, 0x74, 
	0x41, 0x3c, 0x09, 0x36, 0x11, 0x13, 0x1f, 0x14, 
	0x14, 0x11, 0x11, 0x11, 0x11, 0x06, 0x01, 0x01, 
	0x04, 0x01, 0x09, 0x10, 0x15, 0x0d, 0x11, 0x15, 
	0x14, 0x16, 0x1a, 0x20, 0x15, 0x3a, 0x78, 0x5d, 
	0x5d, 0x5d, 0x47, 0x47, 0x66, 0x76, 0x2d, 0x2d, 
	0x2d, 0x2d, 0x2d, 0x2d, 0x2d, 0x2d, 0x2d, 0x2d, 
	0x2d, 0x2d, 0x2d, 0x2d, 0x2d, 0x2d, 0x2d, 0x2d, 
	0x2d, 0x2d, 0x65, 0x74, 0x73, 0x73, 0x74, 0x6c, 
	0x6c, 0x76, 0x2d, 0x36, 0x1a, 0x11, 0x11, 0x15, 
	0x14, 0x15, 0x15, 0x15, 0x10, 0x09, 0x01, 0x04, 
	0x02, 0x04, 0x06, 0x0d, 0x11, 0x11, 0x1b, 0x15, 
	0x15, 0x13, 0x1a, 0x15, 0x15, 0x45, 0x5a, 0x5d, 
	0x5d, 0x47, 0x66, 0x66, 0x3f, 0x2d, 0x2d, 0x2d, 
	0x2d, 0x2d, 0x2d, 0x2d, 0x2d, 0x2d, 0x2d, 0x2d, 
	0x2d, 0x2d, 0x2d, 0x2d, 0x2d, 0x2d, 0x2d, 0x2d, 
	0x2d, 0x2d, 0x2d, 0x74, 0x73, 0x74, 0x79, 0x79, 
	0x79, 0x43, 0x3d, 0x32, 0x1a, 0x14, 0x1d, 0x16, 
	0x15, 0x14, 0x15, 0x11, 0x0d, 0x06, 0x04, 0x02, 
	0x09, 0x06, 0x06, 0x16, 0x14, 0x1f, 0x15, 0x15, 
	0x1e, 0x13, 0x13, 0x16, 0x2d, 0x3d, 0x52, 0x66, 
	0x66, 0x3f, 0x3f, 0x3f, 0x3e, 0x2d, 0x2d, 0x2d, 
	0x2d, 0x2d, 0x2d, 0x2d, 0x2d, 0x2d, 0x2d, 0x2d, 
	0x2d, 0x2d, 0x2d, 0x2d, 0x2d, 0x2d, 0x2d, 0x2d, 
	0x2d, 0x2d, 0x2d, 0x6a, 0x73, 0x61, 0x79, 0x7a, 
	0x7b, 0x7c, 0x7d, 0x3a, 0x1a, 0x1a, 0x1b, 0x1b, 
	0x15, 0x1b, 0x15, 0x14, 0x16, 0x06, 0x06, 0x09, 
	0x09, 0x09, 0x11, 0x20, 0x15, 0x14, 0x13, 0x0d, 
	0x1d, 0x1e, 0x13, 0x33, 0x2d, 0x3e, 0x72, 0x5e, 
	0x3f, 0x3f, 0x53, 0x5e, 0x2d, 0x2d, 0x2d, 0x2d, 
	0x2d, 0x2d, 0x2d, 0x2d, 0x2d, 0x2d, 0x2d, 0x2d, 
	0x2d, 0x2d, 0x2d, 0x2d, 0x2d, 0x2d, 0x2d, 0x2d, 
	0x2d, 0x2d, 0x2d, 0x2d, 0x6e, 0x79, 0x7e, 0x7f, 
	0x7f, 0x80, 0x81, 0x3c, 0x39, 0x14, 0x14, 0x14, 
	0x14, 0x14, 0x15, 0x15, 0x20, 0x11, 0x09, 0x09, 
	0x09, 0x06, 0x15, 0x20, 0x15, 0x30, 0x2a, 0x06, 
	0x13, 0x11, 0x82, 0x2d, 0x2d, 0x3f, 0x4f, 0x83, 
	0x55, 0x55, 0x55, 0x76, 0x2d, 0x2d, 0x2d, 0x2d, 
	0x2d, 0x2d, 0x2d, 0x2d, 0x2d, 0x2d, 0x2d, 0x2d, 
	0x2d, 0x2d, 0x2d, 0x2d, 0x2d, 0x2d, 0x2d, 0x2d, 
	0x2d, 0x2d, 0x2d, 0x2d, 0x76, 0x67, 0x84, 0x85, 
	0x86, 0x7f, 0x87, 0x88, 0x2d, 0x70, 0x1a, 0x1a, 
	0x1a, 0x1a, 0x1a, 0x15, 0x20, 0x15, 0x06, 0x09, 
	0x0d, 0x13, 0x14, 0x20, 0x32, 0x30, 0x20, 0x11, 
	0x13, 0x08, 0x2d, 0x2d, 0x2d, 0x89, 0x49, 0x8a, 
	0x8a, 0x4e, 0x8b, 0x5c, 0x2d, 0x2d, 0x2d, 0x2d, 
	0x2d, 0x2d, 0x2d, 0x2d, 0x2d, 0x2d, 0x2d, 0x2d, 
	0x2d, 0x2d, 0x2d, 0x2d, 0x2d, 0x2d, 0x2d, 0x2d, 
	0x2d, 0x2d, 0x2d, 0x2d, 0x46, 0x8c, 0x8d, 0x8e, 
	0x8e, 0x8e, 0x8f, 0x90, 0x2d, 0x2d, 0x70, 0x1a, 
	0x1a, 0x1a, 0x1a, 0x32, 0x20, 0x14, 0x13, 0x0d, 
	0x12, 0x06, 0x15, 0x15, 0x23, 0x14, 0x1a, 0x14, 
	0x33, 0x2d, 0x2d, 0x2d, 0x2d, 0x41, 0x4a, 0x4d, 
	0x4d, 0x4d, 0x79, 0x64, 0x2d, 0x2d, 0x2d, 0x2d, 
	0x2d, 0x2d, 0x2d, 0x2d, 0x2d, 0x2d, 0x2d, 0x91, 
	0x7d, 0x2d, 0x2d, 0x2d, 0x2d, 0x2d, 0x2d, 0x2d, 
	0x2d, 0x2d, 0x2d, 0x2d, 0x92, 0x7a, 0x84, 0x93, 
	0x86, 0x7f, 0x94, 0x95, 0x2d, 0x2d, 0x2d, 0x39, 
	0x32, 0x32, 0x14, 0x23, 0x15, 0x15, 0x06, 0x12, 
	0x07, 0x07, 0x07, 0x07, 0x09, 0x0b, 0x02, 0x2d, 
	0x2d, 0x2d, 0x2d, 0x2d, 0x2d, 0x96, 0x4a, 0x67, 
	0x4d, 0x4d, 0x97, 0x64, 0x2d, 0x2d, 0x2d, 0x2d, 
	0x2d, 0x2d, 0x2d, 0x2d, 0x2d, 0x2d, 0x91, 0x98, 
	0x99, 0x7d, 0x2d, 0x2d, 0x2d, 0x2d, 0x2d, 0x2d, 
	0x2d, 0x2d, 0x2d, 0x2d, 0x9a, 0x9b, 0x9c, 0x9c, 
	0x9c, 0x9c, 0x9d, 0x95, 0x2d, 0x2d, 0x2d, 0x2d, 
	0x2d, 0x02, 0x0b, 0x09, 0x07, 0x07, 0x07, 0x07, 
	
};

Gfx castle_grounds_dl__8_pal_rgba16_aligner[] = {gsSPEndDisplayList()};
u8 castle_grounds_dl__8_pal_rgba16[] = {
	0x63, 0x19, 0x6b, 0x5b, 0x73, 0x9d, 0x73, 0x9b, 
	0x6b, 0x5d, 0x73, 0x9f, 0x8c, 0x63, 0x84, 0x21, 
	0x39, 0xcf, 0x7b, 0xdf, 0x73, 0x5d, 0x7b, 0x9f, 
	0x84, 0x23, 0x94, 0xa5, 0x83, 0xe1, 0x7b, 0xe1, 
	0x8c, 0x65, 0xa5, 0x29, 0x8c, 0x23, 0x9c, 0xe7, 
	0xb5, 0xad, 0xad, 0x6b, 0xa5, 0x2b, 0x8c, 0xa5, 
	0x94, 0xe7, 0x94, 0xa7, 0xbd, 0xef, 0xad, 0x6d, 
	0xb5, 0x6b, 0xa4, 0xe9, 0x9c, 0xe9, 0xad, 0x2b, 
	0xc6, 0x31, 0xce, 0x73, 0x29, 0x4b, 0xb5, 0x6d, 
	0x83, 0xdf, 0xa5, 0x27, 0x18, 0xc7, 0xad, 0x29, 
	0xa4, 0xe7, 0x9c, 0xa7, 0x9d, 0x27, 0xc5, 0xef, 
	0xb5, 0xab, 0x00, 0x01, 0xa5, 0x6b, 0xad, 0xab, 
	0xbd, 0xaf, 0xad, 0xad, 0xb5, 0xaf, 0x08, 0x43, 
	0x84, 0x63, 0x4a, 0x53, 0xde, 0xf7, 0x9c, 0xa5, 
	0x10, 0x45, 0x10, 0x85, 0x08, 0x41, 0x5a, 0xd7, 
	0x10, 0x81, 0x20, 0xc1, 0x41, 0x81, 0x6a, 0x81, 
	0x94, 0x4f, 0x7b, 0x01, 0x94, 0x8f, 0x83, 0x43, 
	0x18, 0xc1, 0x18, 0x81, 0x39, 0x81, 0x62, 0x41, 
	0x8b, 0x01, 0xde, 0xdb, 0xa4, 0x45, 0xef, 0x5d, 
	0xb5, 0x0b, 0xa4, 0x85, 0xe7, 0x1d, 0x8b, 0x41, 
	0xce, 0x33, 0xc5, 0xf1, 0x52, 0x01, 0x72, 0x81, 
	0x7a, 0xc1, 0x83, 0x01, 0x8b, 0x43, 0xde, 0x99, 
	0xef, 0x5b, 0xac, 0x89, 0x49, 0xc1, 0x29, 0x8b, 
	0x31, 0x41, 0x5a, 0x01, 0x72, 0xc1, 0x93, 0xc3, 
	0xde, 0xd9, 0x94, 0x43, 0x51, 0xc1, 0x21, 0x09, 
	0x29, 0x01, 0x5a, 0x41, 0x6a, 0x41, 0x9c, 0x45, 
	0xac, 0xcb, 0xa4, 0x89, 0x39, 0x41, 0xc5, 0x93, 
	0x94, 0x03, 0xbd, 0x91, 0x8b, 0x81, 0x93, 0x81, 
	0x42, 0x11, 0x10, 0xc5, 0x82, 0xc1, 0x93, 0xc1, 
	0x94, 0x01, 0x08, 0x01, 0x41, 0xc1, 0xc6, 0x33, 
	0x31, 0x01, 0x9c, 0x43, 0xac, 0xc7, 0xb4, 0xc7, 
	0x8b, 0x83, 0x39, 0xc3, 0xb5, 0x07, 0xcd, 0xcb, 
	0xbd, 0x07, 0x5a, 0x43, 0x31, 0x8d, 0x8b, 0xc3, 
	0xcd, 0x8b, 0xcd, 0xcd, 0xd6, 0x0f, 0x8c, 0x05, 
	0x18, 0xc3, 0x8c, 0x4b, 0xe7, 0x1b, 0xb5, 0x0f, 
	0xc5, 0x91, 0xe7, 0x1f, 0xef, 0x61, 0x9c, 0x8f, 
	0x21, 0x03, 0x39, 0x83, 0x42, 0x03, 0xcd, 0xcf, 
	0x94, 0x47, 0x29, 0x43, 0x94, 0x4b, 0xbd, 0x4f, 
	0xc5, 0x8b, 0xe6, 0x8d, 0x52, 0x43, 0xd6, 0x53, 
	0xef, 0x5f, 0xa4, 0xcf, 
};

Gfx castle_grounds_dl__9_ci4_aligner[] = {gsSPEndDisplayList()};
u8 castle_grounds_dl__9_ci4[] = {
	0x01, 0x11, 0x12, 0x20, 0x01, 0x03, 0x22, 0x43, 
	0x54, 0x44, 0x44, 0x42, 0x23, 0x33, 0x24, 0x51, 
	0x23, 0x32, 0x31, 0x00, 0x00, 0x00, 0x01, 0x16, 
	0x00, 0x11, 0x00, 0x00, 0x00, 0x00, 0x11, 0x37, 
	0x11, 0x11, 0x13, 0x10, 0x00, 0x00, 0x01, 0x30, 
	0x31, 0x13, 0x31, 0x11, 0x10, 0x00, 0x33, 0x37, 
	0x11, 0x31, 0x33, 0x10, 0x00, 0x00, 0x11, 0x37, 
	0x01, 0x11, 0x13, 0x11, 0x10, 0x00, 0x13, 0x36, 
	0x31, 0x13, 0x31, 0x00, 0x00, 0x00, 0x01, 0x36, 
	0x30, 0x10, 0x01, 0x10, 0x00, 0x01, 0x33, 0x30, 
	0x11, 0x13, 0x31, 0x10, 0x00, 0x00, 0x01, 0x10, 
	0x31, 0x00, 0x03, 0x11, 0x10, 0x01, 0x13, 0x37, 
	0x31, 0x11, 0x11, 0x10, 0x00, 0x00, 0x11, 0x30, 
	0x11, 0x00, 0x01, 0x11, 0x11, 0x01, 0x33, 0x37, 
	0x11, 0x31, 0x11, 0x10, 0x00, 0x00, 0x11, 0x10, 
	0x31, 0x00, 0x01, 0x10, 0x10, 0x00, 0x11, 0x16, 
	0x11, 0x11, 0x11, 0x00, 0x00, 0x00, 0x11, 0x10, 
	0x11, 0x00, 0x00, 0x11, 0x11, 0x01, 0x11, 0x17, 
	0x11, 0x11, 0x11, 0x00, 0x01, 0x00, 0x11, 0x20, 
	0x01, 0x00, 0x00, 0x10, 0x10, 0x01, 0x11, 0x16, 
	0x10, 0x00, 0x00, 0x00, 0x00, 0x10, 0x11, 0x27, 
	0x00, 0x00, 0x00, 0x10, 0x00, 0x00, 0x10, 0x16, 
	0x11, 0x00, 0x00, 0x00, 0x00, 0x00, 0x11, 0x37, 
	0x01, 0x00, 0x00, 0x00, 0x00, 0x01, 0x11, 0x16, 
	0x10, 0x11, 0x00, 0x00, 0x01, 0x00, 0x11, 0x37, 
	0x07, 0x00, 0x00, 0x00, 0x10, 0x01, 0x00, 0x36, 
	0x10, 0x11, 0x11, 0x00, 0x00, 0x01, 0x11, 0x37, 
	0x00, 0x00, 0x00, 0x01, 0x10, 0x01, 0x00, 0x37, 
	0x01, 0x11, 0x10, 0x00, 0x00, 0x00, 0x00, 0x16, 
	0x00, 0x10, 0x00, 0x00, 0x00, 0x00, 0x60, 0x06, 
	0x89, 0x99, 0x98, 0xaa, 0x99, 0x99, 0x99, 0x99, 
	0x99, 0x99, 0x9b, 0xb9, 0x99, 0x99, 0x89, 0x99, 
	0x16, 0x60, 0x00, 0x6c, 0xc6, 0x6c, 0xc6, 0x66, 
	0x31, 0x00, 0x03, 0x31, 0x10, 0x00, 0x03, 0x20, 
	0x31, 0x11, 0x30, 0x10, 0x00, 0x00, 0x00, 0x17, 
	0x31, 0x11, 0x11, 0x01, 0x33, 0x00, 0x60, 0x36, 
	0x10, 0x11, 0x00, 0x00, 0x00, 0x00, 0x00, 0x06, 
	0x31, 0x01, 0x11, 0x11, 0x01, 0x00, 0x00, 0x16, 
	0x00, 0x11, 0x00, 0x00, 0x00, 0x00, 0x00, 0x06, 
	0x11, 0x11, 0x11, 0x10, 0x01, 0x00, 0x00, 0x16, 
	0x00, 0x10, 0x10, 0x00, 0x00, 0x00, 0x00, 0x06, 
	0x30, 0x00, 0x00, 0x10, 0x01, 0x00, 0x00, 0x06, 
	0x00, 0x00, 0x00, 0x00, 0x00, 0x00, 0x00, 0x06, 
	0x30, 0x01, 0x01, 0x10, 0x10, 0x06, 0x00, 0x06, 
	0x00, 0x00, 0x70, 0x06, 0x00, 0x00, 0x70, 0x07, 
	0x31, 0x10, 0x01, 0x00, 0x00, 0x00, 0x00, 0x06, 
	0x00, 0x00, 0x00, 0x06, 0x00, 0x66, 0x00, 0x07, 
	0x30, 0x00, 0x00, 0x00, 0x00, 0x06, 0x00, 0x06, 
	0x00, 0x00, 0x00, 0x06, 0x00, 0x66, 0x00, 0x07, 
	0x30, 0x00, 0x00, 0x00, 0x00, 0x00, 0x06, 0x06, 
	0x00, 0x00, 0x00, 0x06, 0x60, 0x06, 0x00, 0x07, 
	0x10, 0x00, 0x00, 0x00, 0x00, 0x06, 0x66, 0x06, 
	0x00, 0x00, 0x66, 0x06, 0x60, 0x06, 0x00, 0x06, 
	0x30, 0x00, 0x00, 0x00, 0x00, 0x06, 0x60, 0x06, 
	0x00, 0x00, 0x60, 0x76, 0x60, 0x66, 0x00, 0x07, 
	0x00, 0x00, 0x00, 0x00, 0x00, 0x00, 0x06, 0x06, 
	0x07, 0x07, 0x67, 0x66, 0x66, 0x66, 0x60, 0x06, 
	0x00, 0x60, 0x00, 0x00, 0x60, 0x76, 0x66, 0x06, 
	0x07, 0x00, 0x67, 0x66, 0x66, 0x66, 0x66, 0x76, 
	0x00, 0x00, 0x00, 0x07, 0x66, 0x66, 0x60, 0x06, 
	0x00, 0x01, 0x00, 0x06, 0x00, 0x66, 0x00, 0x06, 
	0x00, 0x00, 0x00, 0x00, 0x00, 0x00, 0x00, 0x16, 
	0xde, 0x88, 0x88, 0x99, 0xa9, 0x9a, 0x99, 0x99, 
	0xb9, 0x99, 0x99, 0xa9, 0x99, 0x9a, 0xaa, 0x99, 
	
};

Gfx castle_grounds_dl__9_pal_rgba16_aligner[] = {gsSPEndDisplayList()};
u8 castle_grounds_dl__9_pal_rgba16[] = {
	0x84, 0x21, 0x8c, 0x61, 0x8c, 0xa3, 0x8c, 0x63, 
	0x94, 0xa3, 0x94, 0xa5, 0x7c, 0x1f, 0x84, 0x5f, 
	0x6b, 0x9b, 0x6b, 0x5b, 0x63, 0x19, 0x73, 0x9d, 
	0x7b, 0xdf, 0x7b, 0xdd, 0x73, 0x9b, 
};

Gfx castle_grounds_dl__10_ci8_aligner[] = {gsSPEndDisplayList()};
u8 castle_grounds_dl__10_ci8[] = {
	0x00, 0x00, 0x00, 0x01, 0x02, 0x03, 0x03, 0x03, 
	0x03, 0x03, 0x03, 0x03, 0x03, 0x04, 0x05, 0x06, 
	0x07, 0x05, 0x08, 0x09, 0x03, 0x03, 0x03, 0x03, 
	0x03, 0x03, 0x03, 0x03, 0x03, 0x03, 0x0a, 0x0b, 
	0x0c, 0x0d, 0x03, 0x03, 0x03, 0x03, 0x03, 0x03, 
	0x03, 0x03, 0x03, 0x03, 0x0e, 0x0f, 0x0c, 0x10, 
	0x10, 0x0f, 0x11, 0x12, 0x03, 0x03, 0x03, 0x03, 
	0x03, 0x03, 0x02, 0x01, 0x00, 0x00, 0x00, 0x00, 
	0x13, 0x14, 0x15, 0x14, 0x16, 0x17, 0x18, 0x19, 
	0x1a, 0x03, 0x03, 0x03, 0x03, 0x1b, 0x1c, 0x1d, 
	0x05, 0x1e, 0x1f, 0x09, 0x03, 0x03, 0x03, 0x03, 
	0x03, 0x03, 0x03, 0x03, 0x03, 0x03, 0x03, 0x0a, 
	0x0d, 0x03, 0x03, 0x03, 0x03, 0x03, 0x03, 0x03, 
	0x03, 0x03, 0x03, 0x20, 0x21, 0x22, 0x23, 0x23, 
	0x23, 0x24, 0x25, 0x26, 0x03, 0x03, 0x03, 0x1a, 
	0x17, 0x17, 0x16, 0x14, 0x15, 0x14, 0x13, 0x27, 
	0x28, 0x29, 0x19, 0x2a, 0x2a, 0x2a, 0x19, 0x15, 
	0x17, 0x2b, 0x03, 0x03, 0x03, 0x04, 0x2c, 0x07, 
	0x07, 0x1d, 0x2d, 0x2e, 0x03, 0x03, 0x03, 0x03, 
	0x03, 0x03, 0x03, 0x03, 0x03, 0x03, 0x03, 0x03, 
	0x03, 0x03, 0x03, 0x03, 0x03, 0x03, 0x03, 0x03, 
	0x03, 0x03, 0x03, 0x2f, 0x30, 0x31, 0x31, 0x32, 
	0x32, 0x32, 0x33, 0x26, 0x03, 0x03, 0x2b, 0x16, 
	0x34, 0x2a, 0x2a, 0x2a, 0x19, 0x29, 0x28, 0x27, 
	0x13, 0x13, 0x35, 0x19, 0x19, 0x17, 0x14, 0x14, 
	0x17, 0x19, 0x2b, 0x03, 0x03, 0x36, 0x37, 0x38, 
	0x39, 0x37, 0x3a, 0x3b, 0x03, 0x03, 0x03, 0x03, 
	0x03, 0x03, 0x03, 0x03, 0x03, 0x03, 0x03, 0x03, 
	0x03, 0x03, 0x03, 0x03, 0x03, 0x03, 0x03, 0x03, 
	0x03, 0x03, 0x2f, 0x3c, 0x3d, 0x3e, 0x3f, 0x3f, 
	0x3f, 0x3f, 0x40, 0x3c, 0x03, 0x2b, 0x2a, 0x2a, 
	0x17, 0x17, 0x19, 0x19, 0x35, 0x13, 0x13, 0x27, 
	0x27, 0x13, 0x35, 0x19, 0x14, 0x41, 0x14, 0x19, 
	0x17, 0x19, 0x19, 0x1a, 0x03, 0x42, 0x43, 0x44, 
	0x44, 0x43, 0x43, 0x43, 0x20, 0x03, 0x03, 0x03, 
	0x03, 0x03, 0x03, 0x03, 0x03, 0x03, 0x03, 0x03, 
	0x03, 0x03, 0x03, 0x03, 0x03, 0x03, 0x03, 0x03, 
	0x03, 0x45, 0x46, 0x47, 0x0b, 0x0b, 0x0b, 0x3e, 
	0x3e, 0x3e, 0x48, 0x3c, 0x02, 0x34, 0x2a, 0x17, 
	0x19, 0x41, 0x14, 0x19, 0x35, 0x13, 0x27, 0x27, 
	0x27, 0x13, 0x14, 0x19, 0x14, 0x19, 0x35, 0x19, 
	0x49, 0x17, 0x16, 0x19, 0x03, 0x4a, 0x4b, 0x43, 
	0x43, 0x43, 0x43, 0x43, 0x42, 0x03, 0x03, 0x03, 
	0x03, 0x03, 0x03, 0x03, 0x03, 0x03, 0x03, 0x03, 
	0x03, 0x03, 0x03, 0x03, 0x03, 0x03, 0x03, 0x03, 
	0x2f, 0x0a, 0x4c, 0x4d, 0x4e, 0x4e, 0x4f, 0x3f, 
	0x3e, 0x40, 0x47, 0x45, 0x50, 0x51, 0x16, 0x17, 
	0x49, 0x19, 0x14, 0x19, 0x14, 0x13, 0x27, 0x27, 
	0x52, 0x13, 0x19, 0x14, 0x14, 0x14, 0x35, 0x19, 
	0x53, 0x49, 0x2a, 0x16, 0x19, 0x54, 0x4b, 0x43, 
	0x43, 0x43, 0x43, 0x43, 0x43, 0x2f, 0x03, 0x03, 
	0x03, 0x03, 0x03, 0x03, 0x03, 0x03, 0x03, 0x03, 
	0x03, 0x03, 0x03, 0x03, 0x03, 0x03, 0x03, 0x20, 
	0x55, 0x56, 0x57, 0x58, 0x59, 0x5a, 0x5b, 0x3e, 
	0x3e, 0x40, 0x5c, 0x5d, 0x51, 0x17, 0x17, 0x15, 
	0x19, 0x14, 0x14, 0x14, 0x19, 0x13, 0x52, 0x5e, 
	0x27, 0x13, 0x17, 0x19, 0x19, 0x19, 0x14, 0x16, 
	0x5f, 0x41, 0x16, 0x2a, 0x16, 0x20, 0x42, 0x43, 
	0x43, 0x43, 0x43, 0x43, 0x43, 0x60, 0x54, 0x03, 
	0x03, 0x03, 0x03, 0x03, 0x03, 0x03, 0x03, 0x03, 
	0x03, 0x03, 0x03, 0x03, 0x03, 0x03, 0x2f, 0x26, 
	0x5c, 0x61, 0x62, 0x63, 0x64, 0x65, 0x66, 0x67, 
	0x3e, 0x68, 0x69, 0x6a, 0x2a, 0x16, 0x17, 0x17, 
	0x19, 0x19, 0x19, 0x19, 0x17, 0x13, 0x27, 0x27, 
	0x27, 0x35, 0x18, 0x14, 0x14, 0x14, 0x14, 0x14, 
	0x14, 0x14, 0x19, 0x2a, 0x2a, 0x6b, 0x4a, 0x4b, 
	0x43, 0x43, 0x43, 0x43, 0x43, 0x43, 0x3b, 0x20, 
	0x03, 0x03, 0x03, 0x03, 0x03, 0x03, 0x03, 0x03, 
	0x03, 0x03, 0x03, 0x03, 0x03, 0x6c, 0x55, 0x5c, 
	0x47, 0x6d, 0x63, 0x6e, 0x6f, 0x70, 0x64, 0x58, 
	0x11, 0x5c, 0x71, 0x72, 0x73, 0x15, 0x15, 0x15, 
	0x14, 0x14, 0x14, 0x14, 0x18, 0x35, 0x27, 0x52, 
	0x27, 0x53, 0x16, 0x19, 0x49, 0x49, 0x14, 0x14, 
	0x49, 0x74, 0x14, 0x19, 0x51, 0x41, 0x54, 0x3b, 
	0x75, 0x43, 0x43, 0x43, 0x43, 0x43, 0x43, 0x76, 
	0x03, 0x03, 0x03, 0x03, 0x03, 0x03, 0x03, 0x03, 
	0x03, 0x03, 0x03, 0x20, 0x3c, 0x46, 0x56, 0x47, 
	0x77, 0x78, 0x6e, 0x65, 0x79, 0x70, 0x64, 0x07, 
	0x7a, 0x7b, 0x72, 0x51, 0x16, 0x16, 0x15, 0x7c, 
	0x49, 0x49, 0x49, 0x19, 0x16, 0x53, 0x27, 0x52, 
	0x27, 0x13, 0x49, 0x17, 0x14, 0x14, 0x35, 0x14, 
	0x41, 0x35, 0x14, 0x49, 0x19, 0x51, 0x6b, 0x4a, 
	0x4b, 0x43, 0x43, 0x43, 0x43, 0x43, 0x7d, 0x7e, 
	0x7f, 0x03, 0x03, 0x03, 0x03, 0x03, 0x03, 0x03, 
	0x03, 0x03, 0x2f, 0x26, 0x80, 0x47, 0x81, 0x82, 
	0x83, 0x64, 0x65, 0x84, 0x84, 0x85, 0x64, 0x86, 
	0x0d, 0x87, 0x16, 0x2a, 0x16, 0x19, 0x14, 0x19, 
	0x49, 0x14, 0x14, 0x17, 0x49, 0x13, 0x27, 0x52, 
	0x52, 0x27, 0x35, 0x16, 0x19, 0x19, 0x35, 0x14, 
	0x19, 0x14, 0x41, 0x14, 0x49, 0x2a, 0x19, 0x88, 
	0x3b, 0x4b, 0x43, 0x43, 0x7d, 0x7d, 0x89, 0x7e, 
	0x7e, 0x8a, 0x8b, 0x03, 0x03, 0x03, 0x03, 0x03, 
	0x20, 0x2f, 0x26, 0x56, 0x8c, 0x8d, 0x0b, 0x59, 
	0x8e, 0x65, 0x70, 0x70, 0x85, 0x65, 0x8f, 0x90, 
	0x91, 0x19, 0x19, 0x49, 0x19, 0x41, 0x5f, 0x49, 
	0x19, 0x19, 0x19, 0x16, 0x35, 0x27, 0x52, 0x27, 
	0x92, 0x28, 0x13, 0x19, 0x19, 0x41, 0x14, 0x14, 
	0x19, 0x14, 0x19, 0x14, 0x49, 0x19, 0x51, 0x19, 
	0x93, 0x42, 0x1b, 0x43, 0x89, 0x7e, 0x7e, 0x7e, 
	0x7e, 0x8a, 0x37, 0x1f, 0x7a, 0x48, 0x94, 0x0e, 
	0x95, 0x96, 0x97, 0x98, 0x0b, 0x0b, 0x99, 0x65, 
	0x65, 0x9a, 0x70, 0x85, 0x65, 0x9b, 0x9c, 0x9d, 
	0x19, 0x19, 0x14, 0x14, 0x19, 0x14, 0x14, 0x49, 
	0x19, 0x41, 0x19, 0x19, 0x13, 0x28, 0x92, 0x27, 
	0x27, 0x13, 0x74, 0x19, 0x16, 0x19, 0x19, 0x35, 
	0x35, 0x14, 0x14, 0x14, 0x19, 0x17, 0x2a, 0x2a, 
	0x00, 0x54, 0x9e, 0x1b, 0x89, 0x7e, 0x7e, 0x7e, 
	0x7e, 0x37, 0x9f, 0xa0, 0xa1, 0x99, 0x10, 0x22, 
	0xa2, 0x22, 0x31, 0x31, 0x3f, 0x67, 0x8e, 0x84, 
	0xa3, 0x70, 0x85, 0x65, 0xa4, 0xa5, 0x26, 0x00, 
	0x51, 0x19, 0x49, 0x14, 0x5f, 0x35, 0xa6, 0x14, 
	0x19, 0x19, 0x16, 0x19, 0x74, 0x13, 0x27, 0x27, 
	0x27, 0x13, 0x35, 0x14, 0x16, 0x15, 0x14, 0x13, 
	0x27, 0x27, 0x13, 0x14, 0x19, 0x17, 0x17, 0x17, 
	0x03, 0x03, 0x54, 0x42, 0x1b, 0x7e, 0x7e, 0x7e, 
	0x7e, 0x1f, 0xa7, 0x24, 0xa8, 0x24, 0x0f, 0x23, 
	0xa9, 0x23, 0x32, 0xa9, 0xaa, 0x67, 0x6e, 0x70, 
	0x70, 0x84, 0x65, 0xab, 0xac, 0x26, 0x03, 0x03, 
	0x16, 0x16, 0x15, 0x14, 0x35, 0x35, 0x14, 0x49, 
	0x19, 0x15, 0x16, 0x14, 0x35, 0x13, 0x27, 0x27, 
	0x27, 0x13, 0x35, 0x19, 0x17, 0x19, 0x19, 0x5f, 
	0x13, 0x27, 0x27, 0x13, 0x14, 0x17, 0x16, 0xad, 
	0x03, 0x03, 0x00, 0x88, 0xae, 0x1b, 0x7d, 0x7e, 
	0x7e, 0x39, 0xaf, 0xb0, 0xb1, 0x99, 0xb2, 0x24, 
	0xb2, 0x24, 0xb3, 0x32, 0xaa, 0x67, 0xb4, 0xb5, 
	0x6e, 0xb6, 0x6d, 0x21, 0xb7, 0xb8, 0x03, 0x03, 
	0xad, 0x16, 0x16, 0x19, 0x14, 0x14, 0x14, 0x2a, 
	0x16, 0x19, 0x17, 0x19, 0x35, 0x13, 0x27, 0x27, 
	0x27, 0x35, 0x49, 0x16, 0x14, 0x19, 0x14, 0x14, 
	0x14, 0x14, 0x14, 0x49, 0x14, 0x16, 0x27, 0x03, 
	0xad, 0x19, 0x16, 0x18, 0xb9, 0x2f, 0x9e, 0x1b, 
	0x8a, 0x39, 0xaf, 0x22, 0x23, 0xb0, 0xba, 0x24, 
	0xba, 0x24, 0x10, 0x32, 0xaa, 0x3f, 0x3f, 0xbb, 
	0xbc, 0xbd, 0xbe, 0xbf, 0xc0, 0xc1, 0x16, 0xad, 
	0x03, 0x27, 0x19, 0x14, 0x14, 0x49, 0x14, 0x16, 
	0x19, 0x19, 0x14, 0x16, 0x49, 0x35, 0x27, 0x52, 
	0x27, 0xc2, 0x19, 0x19, 0x14, 0x14, 0x14, 0x14, 
	0x19, 0x19, 0x19, 0x19, 0x16, 0x16, 0x03, 0x27, 
	0x35, 0x35, 0x14, 0x19, 0x19, 0x19, 0x03, 0xc3, 
	0xae, 0xc4, 0xc5, 0x23, 0xa8, 0x23, 0xc6, 0x23, 
	0x0f, 0x23, 0x0f, 0x31, 0x3f, 0x3d, 0xc5, 0xc7, 
	0xbe, 0xc8, 0xc9, 0xc9, 0x14, 0x19, 0x19, 0x16, 
	0x27, 0x03, 0x16, 0x35, 0x14, 0x49, 0x14, 0x19, 
	0x14, 0x14, 0x14, 0x19, 0x19, 0xc2, 0x27, 0x52, 
	0x52, 0x13, 0x19, 0x14, 0x14, 0x35, 0x14, 0x14, 
	0x14, 0x19, 0x19, 0x19, 0x16, 0x03, 0x16, 0x13, 
	0x13, 0x13, 0x35, 0x14, 0x19, 0x16, 0x19, 0xca, 
	0x20, 0x6c, 0xcb, 0xcc, 0x3d, 0xcd, 0x77, 0xce, 
	0xcf, 0xce, 0xd0, 0xc5, 0xd1, 0x12, 0x6c, 0x20, 
	0xd2, 0xd3, 0xd3, 0xd3, 0xd4, 0x14, 0x19, 0x14, 
	0x16, 0x16, 0x03, 0x74, 0x13, 0x13, 0x13, 0x35, 
	0x13, 0x35, 0x14, 0x14, 0x19, 0x13, 0x52, 0xd5, 
	0x27, 0x14, 0x19, 0x53, 0x14, 0x35, 0x14, 0x14, 
	0x14, 0x14, 0xd6, 0x14, 0x35, 0x16, 0x13, 0x13, 
	0x13, 0x35, 0x13, 0x35, 0x14, 0x19, 0x19, 0x19, 
	0x19, 0xca, 0x03, 0x20, 0x20, 0x2f, 0x2f, 0x2f, 
	0x20, 0x2f, 0x20, 0x20, 0x03, 0x03, 0xd7, 0xd8, 
	0xd3, 0x14, 0x19, 0x14, 0x35, 0x14, 0x35, 0x13, 
	0x35, 0x16, 0x13, 0x13, 0x27, 0x13, 0xc2, 0x35, 
	0x35, 0x35, 0x14, 0x53, 0x19, 0x14, 0x27, 0x52, 
	0x27, 0x14, 0x16, 0x49, 0x14, 0x14, 0x35, 0x35, 
	0x14, 0x14, 0x35, 0x13, 0x27, 0x27, 0x27, 0x13, 
	0x13, 0x14, 0x35, 0x14, 0x5f, 0x14, 0x13, 0x35, 
	0x19, 0x16, 0x2a, 0x1a, 0x03, 0x03, 0x03, 0x03, 
	0x03, 0x03, 0x03, 0x03, 0xc8, 0xd9, 0x6a, 0xd4, 
	0xd4, 0x41, 0x41, 0x14, 0x41, 0x14, 0x13, 0x27, 
	0x27, 0x27, 0x27, 0x27, 0x13, 0x14, 0x14, 0x35, 
	0x35, 0x14, 0x14, 0x49, 0x16, 0x14, 0x27, 0x52, 
	0x52, 0x19, 0x2a, 0x19, 0x14, 0x14, 0x13, 0x13, 
	0x5f, 0x53, 0x35, 0x13, 0x13, 0x13, 0x13, 0x13, 
	0x35, 0x19, 0x14, 0x19, 0x14, 0x14, 0x35, 0x13, 
	0x35, 0x14, 0x19, 0x15, 0x2b, 0x03, 0x03, 0x03, 
	0x03, 0x03, 0x03, 0x00, 0xc0, 0xda, 0xc9, 0x35, 
	0x35, 0x5f, 0x41, 0x14, 0x41, 0x14, 0x13, 0x28, 
	0x27, 0x52, 0x27, 0x13, 0x13, 0x35, 0x14, 0x14, 
	0x35, 0x14, 0x14, 0x19, 0x2a, 0x19, 0x52, 0x52, 
	0x92, 0x14, 0xdb, 0x16, 0x14, 0x14, 0x13, 0x13, 
	0x5f, 0x14, 0x14, 0x14, 0x14, 0x14, 0x19, 0x19, 
	0x19, 0x14, 0x14, 0x14, 0x14, 0x14, 0x35, 0x35, 
	0x35, 0x14, 0x49, 0x16, 0x14, 0x00, 0x03, 0x03, 
	0x03, 0x03, 0x2b, 0x14, 0xd3, 0xd4, 0x14, 0x35, 
	0x35, 0x14, 0x14, 0x14, 0x14, 0x14, 0x14, 0x35, 
	0x13, 0x13, 0x13, 0x35, 0x14, 0x14, 0x14, 0x19, 
	0x14, 0x14, 0x14, 0x16, 0xdb, 0x14, 0x92, 0x52, 
	0x27, 0x74, 0x19, 0xdb, 0x19, 0x41, 0x13, 0x35, 
	0x5f, 0x35, 0x13, 0x35, 0x14, 0x19, 0x19, 0x19, 
	0x16, 0x16, 0x14, 0x35, 0xa6, 0x35, 0x35, 0x35, 
	0x35, 0x13, 0x35, 0x14, 0x15, 0x35, 0xc8, 0x03, 
	0x03, 0x1a, 0x19, 0x6a, 0xd4, 0x14, 0x49, 0x14, 
	0x14, 0x14, 0x7c, 0x19, 0x19, 0x19, 0x19, 0x19, 
	0x14, 0x19, 0x19, 0x16, 0x14, 0x49, 0x35, 0x14, 
	0x14, 0x41, 0x19, 0xdb, 0x19, 0x74, 0x27, 0x52, 
	0x27, 0x13, 0x13, 0x35, 0x17, 0x49, 0x35, 0x53, 
	0x13, 0x13, 0x13, 0x13, 0x14, 0x14, 0x35, 0x49, 
	0x14, 0x14, 0x35, 0x35, 0x14, 0x35, 0x13, 0xdc, 
	0x14, 0x35, 0x35, 0x35, 0x16, 0x35, 0x13, 0x03, 
	0x03, 0x14, 0x6a, 0x2a, 0x14, 0x19, 0x49, 0x19, 
	0x19, 0x14, 0x14, 0x14, 0x14, 0x14, 0x14, 0x35, 
	0x35, 0x14, 0x14, 0x19, 0x19, 0x16, 0x19, 0x14, 
	0x14, 0x49, 0x17, 0x35, 0x13, 0x13, 0x27, 0x27, 
	0x27, 0x27, 0x13, 0x13, 0x35, 0x19, 0x14, 0x14, 
	0x13, 0x13, 0x13, 0x74, 0x35, 0x35, 0x35, 0x14, 
	0x35, 0x35, 0x13, 0x35, 0x53, 0x13, 0x13, 0x13, 
	0x35, 0x14, 0x19, 0x14, 0x2a, 0x19, 0x13, 0xca, 
	0x03, 0x35, 0x51, 0x16, 0x14, 0x14, 0x14, 0x14, 
	0x14, 0x35, 0x35, 0x35, 0x35, 0x35, 0x14, 0x35, 
	0x13, 0x35, 0x35, 0x14, 0x35, 0x14, 0x41, 0x17, 
	0x15, 0x19, 0x35, 0x13, 0x13, 0x27, 0x27, 0x27, 
	0x27, 0x13, 0x35, 0x35, 0x14, 0x19, 0x14, 0x19, 
	0x14, 0x35, 0x14, 0x35, 0x14, 0x14, 0x41, 0x7c, 
	0x14, 0x35, 0x35, 0x35, 0x14, 0x35, 0x13, 0x13, 
	0x35, 0x14, 0x19, 0x41, 0x19, 0x14, 0x14, 0xdd, 
	0x02, 0x13, 0x16, 0x19, 0x13, 0x35, 0x35, 0x14, 
	0x14, 0x14, 0x14, 0x35, 0x35, 0xde, 0x14, 0x14, 
	0x14, 0x14, 0x14, 0x14, 0x53, 0x14, 0x19, 0x16, 
	0xd3, 0x19, 0x14, 0x35, 0x35, 0x13, 0x27, 0x13, 
	0x27, 0x13, 0x35, 0x14, 0x14, 0x49, 0x41, 0x35, 
	0x74, 0x35, 0x35, 0x14, 0x14, 0x14, 0x14, 0x14, 
	0x14, 0x14, 0x14, 0x19, 0x19, 0x14, 0x13, 0x13, 
	0x35, 0x14, 0x14, 0x14, 0x14, 0x14, 0x19, 0xd5, 
	0x01, 0xc2, 0x19, 0x14, 0x14, 0x14, 0x14, 0x49, 
	0x14, 0x35, 0x35, 0x35, 0x53, 0x41, 0x14, 0x14, 
	0x53, 0x14, 0x14, 0x53, 0x53, 0x14, 0x19, 0x16, 
	0x17, 0x49, 0x14, 0x14, 0x35, 0x13, 0x27, 0x13, 
	0x27, 0x92, 0x13, 0xc2, 0x14, 0x14, 0x14, 0x14, 
	0x14, 0x19, 0x19, 0x19, 0x14, 0x35, 0x13, 0x13, 
	0x13, 0x13, 0x35, 0xde, 0x35, 0x35, 0x35, 0x35, 
	0x14, 0x14, 0x35, 0x13, 0x13, 0x35, 0x5f, 0x52, 
	0x00, 0xc2, 0x19, 0x14, 0x14, 0x14, 0x14, 0x14, 
	0x14, 0x14, 0x14, 0x14, 0x14, 0x14, 0x14, 0x53, 
	0x35, 0x14, 0x14, 0x14, 0x35, 0x14, 0x14, 0x14, 
	0x14, 0x14, 0x14, 0xc2, 0x13, 0x92, 0x27, 0x27, 
	0x27, 0x27, 0x13, 0x13, 0x35, 0x13, 0x19, 0x19, 
	0x19, 0x14, 0x14, 0x14, 0xc1, 0x35, 0x13, 0x13, 
	0x13, 0x13, 0x13, 0x35, 0x35, 0xc2, 0x35, 0x35, 
	0x35, 0x35, 0x35, 0x5f, 0x35, 0x35, 0x14, 0x52, 
	0x00, 0x14, 0x19, 0x19, 0x19, 0x19, 0x19, 0x19, 
	0x19, 0x16, 0x19, 0x16, 0x16, 0x16, 0x16, 0x19, 
	0x19, 0x16, 0x16, 0x16, 0x19, 0x14, 0x13, 0x13, 
	0x13, 0x13, 0x35, 0x13, 0x13, 0x27, 0x27, 0x27, 
	0x27, 0x13, 0x13, 0xdc, 0x35, 0x13, 0x35, 0x35, 
	0x35, 0x35, 0x35, 0x35, 0x35, 0x35, 0x35, 0x35, 
	0x35, 0x13, 0x35, 0x35, 0x35, 0x35, 0x35, 0x35, 
	0x14, 0x5f, 0x14, 0x19, 0x14, 0x13, 0x35, 0x52, 
	0x00, 0x14, 0x16, 0x13, 0x14, 0x14, 0x14, 0x14, 
	0x14, 0x14, 0x14, 0x14, 0x14, 0x14, 0x14, 0x14, 
	0x14, 0x14, 0x14, 0x14, 0x14, 0x35, 0x13, 0x13, 
	0x13, 0x13, 0x35, 0xdc, 0x13, 0x13, 0x27, 0x27, 
	0x27, 0x27, 0x27, 0x13, 0x13, 0x13, 0x35, 0x14, 
	0x35, 0x13, 0x13, 0x13, 0x13, 0x13, 0x13, 0x13, 
	0x13, 0x13, 0x13, 0x13, 0x13, 0x13, 0x13, 0x13, 
	0x13, 0x13, 0x13, 0x13, 0x27, 0x27, 0x13, 0x52, 
	0x00, 0x52, 0x13, 0x13, 0x13, 0x13, 0x13, 0x13, 
	0x13, 0x13, 0x13, 0x13, 0x13, 0x13, 0x13, 0x13, 
	0x13, 0x13, 0x13, 0x13, 0x13, 0x13, 0x13, 0x13, 
	0x13, 0x13, 0x13, 0x13, 0x27, 0x27, 0x27, 0x27, 
	
};

Gfx castle_grounds_dl__10_pal_rgba16_aligner[] = {gsSPEndDisplayList()};
u8 castle_grounds_dl__10_pal_rgba16[] = {
	0x39, 0xcf, 0x29, 0x4b, 0x18, 0xc7, 0x00, 0x01, 
	0x8b, 0xc7, 0xef, 0x5d, 0xbd, 0x4f, 0xc5, 0x8f, 
	0xac, 0xc9, 0x29, 0x01, 0x39, 0xc3, 0xe6, 0x8d, 
	0xc5, 0x8b, 0x39, 0x83, 0x62, 0xc5, 0xcd, 0xcb, 
	0xd6, 0x0f, 0x94, 0x87, 0x31, 0x43, 0x94, 0xa5, 
	0xa5, 0x29, 0xb5, 0x6d, 0xb5, 0xad, 0xad, 0x6d, 
	0xad, 0xad, 0xad, 0x6b, 0x10, 0x85, 0x7b, 0x01, 
	0xa4, 0x45, 0xe7, 0x1b, 0xa4, 0x85, 0x9c, 0x43, 
	0x08, 0x41, 0x6b, 0x05, 0xde, 0x53, 0xef, 0x5f, 
	0xef, 0x61, 0xa4, 0xcf, 0x29, 0x43, 0x8c, 0x63, 
	0x8c, 0x65, 0x94, 0xe5, 0xbd, 0xef, 0x42, 0x11, 
	0xe7, 0x1d, 0xac, 0x89, 0x31, 0x41, 0x10, 0x81, 
	0x73, 0x47, 0xd6, 0x0b, 0xd6, 0x0d, 0xa4, 0x89, 
	0xbd, 0xf1, 0x9c, 0xe7, 0x8c, 0x0b, 0x94, 0x03, 
	0x94, 0x45, 0x9c, 0x45, 0xa4, 0x8d, 0x49, 0xc1, 
	0x21, 0x03, 0x94, 0x47, 0xde, 0x8d, 0xde, 0x4d, 
	0xa4, 0xc9, 0xad, 0x2b, 0x41, 0x81, 0x8b, 0x41, 
	0x8b, 0x83, 0x18, 0xc3, 0x39, 0xc5, 0x63, 0x07, 
	0x62, 0x83, 0xa5, 0x2b, 0x20, 0xc1, 0x6a, 0x81, 
	0x5a, 0xc7, 0x8c, 0x49, 0xe6, 0x91, 0xde, 0x8f, 
	0xce, 0x33, 0xc6, 0x31, 0x84, 0x21, 0x9c, 0xe9, 
	0x10, 0x41, 0x31, 0x83, 0x52, 0x85, 0x7b, 0xc9, 
	0xde, 0x91, 0xe6, 0x99, 0xe6, 0xdd, 0xde, 0x93, 
	0x4a, 0x45, 0xbd, 0xa9, 0x8c, 0x21, 0xa4, 0xe9, 
	0x62, 0x41, 0x6b, 0x47, 0xb5, 0x0b, 0xde, 0x9b, 
	0xe6, 0xe3, 0xe6, 0xe5, 0xe6, 0x9d, 0xde, 0x4f, 
	0x7b, 0x85, 0x29, 0x45, 0xbd, 0xed, 0x63, 0x19, 
	0x18, 0xc1, 0x94, 0x4b, 0xde, 0xa3, 0xe7, 0x29, 
	0xe7, 0x2b, 0x73, 0x9b, 0xc5, 0xf1, 0xb5, 0xaf, 
	0x94, 0xa7, 0x7a, 0xc1, 0x49, 0x81, 0x94, 0x8b, 
	0xe6, 0x9b, 0xe6, 0xeb, 0x6a, 0xc3, 0x10, 0x83, 
	0xa5, 0x6b, 0x8b, 0x81, 0x93, 0xc1, 0x5a, 0x41, 
	0x42, 0x05, 0x84, 0x09, 0xb5, 0x4b, 0xde, 0x99, 
	0xe6, 0xe9, 0xe6, 0xe7, 0x9c, 0x8d, 0x6b, 0x5b, 
	0x21, 0x09, 0x93, 0x81, 0x94, 0x01, 0x39, 0x41, 
	0x7b, 0x87, 0x9c, 0x8b, 0xde, 0xe3, 0x9c, 0x95, 
	0x5a, 0x87, 0x29, 0x49, 0x84, 0x23, 0x29, 0x47, 
	0x5a, 0x83, 0x6a, 0xc5, 0x73, 0x45, 0x8c, 0x07, 
	0xad, 0x09, 0xde, 0x95, 0xe7, 0x2d, 0xc5, 0xdd, 
	0x73, 0x49, 0x42, 0x09, 0x52, 0x01, 0xb4, 0xcb, 
	0xce, 0x13, 0xbd, 0x07, 0xcd, 0xc9, 0xe7, 0x2f, 
	0xc5, 0xdb, 0x7b, 0x47, 0x9d, 0x27, 0xac, 0xc7, 
	0xcd, 0x89, 0xd5, 0xcb, 0xde, 0x4b, 0x9c, 0x91, 
	0x6b, 0x07, 0x4a, 0x53, 0x41, 0xc1, 0xb5, 0x09, 
	0xde, 0x55, 0xe7, 0x1f, 0xce, 0x0f, 0xd6, 0x11, 
	0xde, 0x97, 0xde, 0xa1, 0xb5, 0x5d, 0x42, 0x0b, 
	0x73, 0x5b, 0x21, 0x0b, 0xcd, 0xcd, 0xbd, 0x09, 
	0x8b, 0x85, 0x5a, 0x43, 0x21, 0x01, 0x31, 0x8b, 
	0xad, 0x67, 0xad, 0x29, 0x9c, 0xa7, 0x18, 0x81, 
	0x83, 0x43, 0x8b, 0xc5, 0xc5, 0x89, 0x4a, 0x03, 
	0x08, 0x43, 0xa5, 0x27, 0x73, 0x9d, 0x41, 0xc3, 
	0x73, 0x4b, 0x9c, 0xd1, 0x94, 0x8d, 0x8c, 0x05, 
	0x94, 0x05, 0x52, 0x03, 0x7b, 0xdd, 0xb5, 0xab, 
	0xad, 0x69, 0x7b, 0xdf, 0xa5, 0x69, 0x6b, 0x59, 
	0xc5, 0xed, 0x9c, 0xe5, 0xb5, 0xa7, 0xad, 0xab, 
	0x94, 0xe7, 0x7b, 0x9f, 0x9d, 0x29, 
};

Gfx castle_grounds_dl__11_ci8_aligner[] = {gsSPEndDisplayList()};
u8 castle_grounds_dl__11_ci8[] = {
	0x00, 0x01, 0x02, 0x03, 0x04, 0x05, 0x01, 0x05, 
	0x06, 0x07, 0x08, 0x09, 0x0a, 0x08, 0x0b, 0x0b, 
	0x0a, 0x0a, 0x0a, 0x0c, 0x0d, 0x0a, 0x0c, 0x0a, 
	0x0b, 0x0d, 0x06, 0x0e, 0x06, 0x0f, 0x10, 0x01, 
	0x11, 0x12, 0x13, 0x13, 0x02, 0x05, 0x05, 0x13, 
	0x06, 0x14, 0x14, 0x0d, 0x0a, 0x0a, 0x0a, 0x0a, 
	0x0b, 0x15, 0x0a, 0x0a, 0x0a, 0x0b, 0x0b, 0x0a, 
	0x0a, 0x0d, 0x0a, 0x16, 0x0a, 0x08, 0x06, 0x01, 
	0x02, 0x05, 0x17, 0x05, 0x14, 0x05, 0x06, 0x06, 
	0x06, 0x0d, 0x15, 0x08, 0x0a, 0x0c, 0x0a, 0x0a, 
	0x15, 0x0b, 0x0b, 0x15, 0x0a, 0x15, 0x15, 0x0a, 
	0x0b, 0x0d, 0x0d, 0x0d, 0x16, 0x0f, 0x14, 0x06, 
	0x14, 0x18, 0x05, 0x05, 0x14, 0x19, 0x06, 0x0d, 
	0x06, 0x0a, 0x08, 0x0d, 0x0a, 0x15, 0x1a, 0x15, 
	0x1b, 0x1c, 0x1d, 0x0a, 0x0a, 0x0c, 0x0d, 0x0d, 
	0x15, 0x0d, 0x0c, 0x06, 0x0d, 0x0a, 0x0d, 0x14, 
	0x12, 0x13, 0x02, 0x14, 0x01, 0x05, 0x14, 0x14, 
	0x06, 0x08, 0x15, 0x15, 0x1c, 0x1a, 0x1b, 0x1b, 
	0x1b, 0x1c, 0x1c, 0x0b, 0x1c, 0x0b, 0x1c, 0x0b, 
	0x0d, 0x16, 0x0d, 0x06, 0x0f, 0x0e, 0x14, 0x14, 
	0x10, 0x05, 0x06, 0x0d, 0x14, 0x06, 0x1d, 0x15, 
	0x08, 0x0a, 0x15, 0x1b, 0x1b, 0x1a, 0x1a, 0x1b, 
	0x1b, 0x1c, 0x1e, 0x1c, 0x1c, 0x1c, 0x0b, 0x0a, 
	0x0a, 0x0a, 0x0c, 0x0a, 0x1d, 0x0d, 0x14, 0x1f, 
	0x18, 0x02, 0x14, 0x0d, 0x16, 0x06, 0x0e, 0x0e, 
	0x0d, 0x0e, 0x1a, 0x15, 0x1a, 0x1a, 0x1b, 0x1b, 
	0x1b, 0x1b, 0x1b, 0x1c, 0x0a, 0x15, 0x0a, 0x0a, 
	0x20, 0x15, 0x0a, 0x15, 0x0a, 0x09, 0x1d, 0x0e, 
	0x03, 0x04, 0x10, 0x06, 0x16, 0x14, 0x06, 0x08, 
	0x15, 0x1a, 0x15, 0x15, 0x1c, 0x1b, 0x1b, 0x1c, 
	0x1b, 0x1b, 0x1b, 0x1c, 0x1b, 0x1b, 0x1c, 0x1c, 
	0x1c, 0x15, 0x0a, 0x0a, 0x0d, 0x0d, 0x0d, 0x16, 
	0x06, 0x14, 0x01, 0x06, 0x14, 0x06, 0x16, 0x21, 
	0x1a, 0x08, 0x1a, 0x1a, 0x20, 0x1b, 0x22, 0x1b, 
	0x23, 0x23, 0x1b, 0x1b, 0x1b, 0x1c, 0x1a, 0x1c, 
	0x1b, 0x1b, 0x1c, 0x15, 0x0d, 0x0d, 0x1d, 0x16, 
	0x02, 0x02, 0x05, 0x06, 0x14, 0x0a, 0x06, 0x09, 
	0x0a, 0x15, 0x1a, 0x15, 0x1a, 0x20, 0x15, 0x1b, 
	0x1b, 0x1b, 0x22, 0x22, 0x1b, 0x1c, 0x1b, 0x1b, 
	0x1b, 0x15, 0x15, 0x15, 0x15, 0x08, 0x1d, 0x0d, 
	0x18, 0x14, 0x05, 0x14, 0x06, 0x06, 0x1d, 0x08, 
	0x15, 0x0e, 0x15, 0x20, 0x1a, 0x1b, 0x24, 0x24, 
	0x24, 0x24, 0x25, 0x26, 0x22, 0x27, 0x25, 0x22, 
	0x1b, 0x1b, 0x1b, 0x1a, 0x15, 0x15, 0x0a, 0x0d, 
	0x14, 0x17, 0x28, 0x01, 0x06, 0x14, 0x06, 0x1d, 
	0x09, 0x15, 0x29, 0x1a, 0x1b, 0x15, 0x15, 0x1b, 
	0x24, 0x22, 0x22, 0x22, 0x1b, 0x24, 0x1b, 0x1b, 
	0x1c, 0x1a, 0x08, 0x08, 0x1a, 0x08, 0x0d, 0x16, 
	0x10, 0x2a, 0x14, 0x14, 0x1d, 0x1d, 0x1d, 0x1d, 
	0x15, 0x1a, 0x1a, 0x15, 0x15, 0x20, 0x1a, 0x23, 
	0x1b, 0x22, 0x2b, 0x24, 0x22, 0x1a, 0x22, 0x1a, 
	0x1c, 0x1b, 0x20, 0x15, 0x0d, 0x0d, 0x16, 0x0d, 
	0x17, 0x2a, 0x14, 0x0e, 0x14, 0x05, 0x0e, 0x09, 
	0x1a, 0x1d, 0x15, 0x1a, 0x1b, 0x1b, 0x1b, 0x24, 
	0x2c, 0x2c, 0x22, 0x22, 0x22, 0x22, 0x2d, 0x2e, 
	0x24, 0x22, 0x22, 0x1b, 0x1b, 0x1c, 0x15, 0x0d, 
	0x04, 0x14, 0x02, 0x18, 0x17, 0x14, 0x0e, 0x2f, 
	0x0e, 0x1d, 0x0d, 0x1d, 0x1d, 0x0d, 0x15, 0x15, 
	0x22, 0x22, 0x22, 0x1b, 0x22, 0x24, 0x22, 0x1b, 
	0x20, 0x20, 0x1a, 0x1a, 0x15, 0x1a, 0x0a, 0x0d, 
	0x2a, 0x05, 0x14, 0x06, 0x06, 0x2a, 0x1d, 0x09, 
	0x06, 0x09, 0x1a, 0x1a, 0x0a, 0x15, 0x22, 0x24, 
	0x1a, 0x22, 0x22, 0x22, 0x1a, 0x1b, 0x22, 0x22, 
	0x20, 0x20, 0x1b, 0x15, 0x1a, 0x1a, 0x08, 0x08, 
	0x17, 0x02, 0x01, 0x14, 0x17, 0x06, 0x0e, 0x1d, 
	0x06, 0x0a, 0x1d, 0x09, 0x0a, 0x09, 0x0a, 0x1a, 
	0x20, 0x22, 0x24, 0x24, 0x22, 0x24, 0x1b, 0x22, 
	0x20, 0x20, 0x15, 0x15, 0x20, 0x1a, 0x15, 0x0d, 
	0x02, 0x30, 0x02, 0x02, 0x02, 0x14, 0x14, 0x1d, 
	0x1d, 0x1d, 0x1d, 0x09, 0x15, 0x08, 0x15, 0x15, 
	0x15, 0x08, 0x15, 0x15, 0x1a, 0x22, 0x22, 0x24, 
	0x24, 0x24, 0x1b, 0x1b, 0x20, 0x22, 0x0a, 0x15, 
	0x02, 0x18, 0x14, 0x14, 0x06, 0x1d, 0x14, 0x09, 
	0x1d, 0x0d, 0x08, 0x1a, 0x1a, 0x1a, 0x1a, 0x1b, 
	0x1b, 0x20, 0x1b, 0x1b, 0x22, 0x1b, 0x20, 0x24, 
	0x2c, 0x2c, 0x24, 0x22, 0x24, 0x1a, 0x24, 0x24, 
	0x02, 0x30, 0x31, 0x06, 0x02, 0x31, 0x06, 0x03, 
	0x0d, 0x1d, 0x1d, 0x08, 0x1a, 0x09, 0x20, 0x0a, 
	0x20, 0x1a, 0x15, 0x22, 0x22, 0x22, 0x32, 0x2c, 
	0x24, 0x24, 0x20, 0x1a, 0x15, 0x33, 0x1a, 0x20, 
	0x17, 0x17, 0x05, 0x05, 0x17, 0x06, 0x05, 0x1d, 
	0x06, 0x0d, 0x09, 0x0d, 0x15, 0x0a, 0x1a, 0x1a, 
	0x20, 0x1b, 0x15, 0x1a, 0x1b, 0x20, 0x20, 0x20, 
	0x34, 0x20, 0x20, 0x22, 0x34, 0x20, 0x20, 0x1a, 
	0x02, 0x05, 0x02, 0x02, 0x19, 0x14, 0x31, 0x06, 
	0x06, 0x0d, 0x0a, 0x0a, 0x1a, 0x1b, 0x1b, 0x15, 
	0x1a, 0x1a, 0x20, 0x1b, 0x24, 0x22, 0x22, 0x22, 
	0x22, 0x2c, 0x22, 0x2c, 0x24, 0x20, 0x20, 0x1a, 
	0x31, 0x17, 0x05, 0x17, 0x06, 0x14, 0x1d, 0x14, 
	0x1d, 0x1d, 0x0e, 0x09, 0x08, 0x08, 0x15, 0x1a, 
	0x1a, 0x15, 0x20, 0x1a, 0x1a, 0x20, 0x1a, 0x1a, 
	0x20, 0x20, 0x22, 0x24, 0x1a, 0x24, 0x20, 0x33, 
	0x04, 0x04, 0x2a, 0x14, 0x1d, 0x14, 0x19, 0x31, 
	0x09, 0x33, 0x1d, 0x1d, 0x15, 0x15, 0x1a, 0x1a, 
	0x15, 0x22, 0x20, 0x1a, 0x1a, 0x20, 0x1a, 0x1a, 
	0x22, 0x1a, 0x1a, 0x20, 0x24, 0x1a, 0x20, 0x35, 
	0x17, 0x17, 0x17, 0x14, 0x0d, 0x06, 0x09, 0x06, 
	0x09, 0x1d, 0x1d, 0x10, 0x09, 0x33, 0x36, 0x1a, 
	0x1a, 0x15, 0x20, 0x1a, 0x15, 0x34, 0x20, 0x20, 
	0x1b, 0x22, 0x20, 0x24, 0x34, 0x20, 0x20, 0x20, 
	0x13, 0x02, 0x05, 0x06, 0x14, 0x28, 0x14, 0x1d, 
	0x1d, 0x09, 0x0a, 0x15, 0x1d, 0x09, 0x1a, 0x1a, 
	0x33, 0x09, 0x09, 0x0d, 0x36, 0x33, 0x1a, 0x20, 
	0x15, 0x20, 0x22, 0x22, 0x2c, 0x34, 0x1a, 0x20, 
	0x37, 0x17, 0x02, 0x01, 0x31, 0x06, 0x14, 0x06, 
	0x06, 0x06, 0x1d, 0x33, 0x15, 0x36, 0x15, 0x1a, 
	0x1a, 0x20, 0x33, 0x15, 0x15, 0x20, 0x1a, 0x20, 
	0x1a, 0x20, 0x34, 0x20, 0x33, 0x20, 0x15, 0x33, 
	0x31, 0x05, 0x05, 0x31, 0x31, 0x19, 0x17, 0x09, 
	0x19, 0x1d, 0x19, 0x09, 0x15, 0x15, 0x1c, 0x1a, 
	0x1a, 0x1a, 0x22, 0x24, 0x24, 0x2c, 0x24, 0x24, 
	0x34, 0x24, 0x22, 0x24, 0x34, 0x20, 0x20, 0x1a, 
	0x37, 0x17, 0x06, 0x09, 0x38, 0x1d, 0x14, 0x09, 
	0x08, 0x36, 0x08, 0x1d, 0x36, 0x36, 0x08, 0x08, 
	0x15, 0x15, 0x1a, 0x15, 0x1a, 0x1a, 0x1a, 0x20, 
	0x22, 0x22, 0x1a, 0x34, 0x1a, 0x1a, 0x1a, 0x1a, 
	0x31, 0x02, 0x06, 0x05, 0x14, 0x19, 0x19, 0x1d, 
	0x09, 0x33, 0x20, 0x33, 0x36, 0x15, 0x15, 0x22, 
	0x1b, 0x1b, 0x24, 0x22, 0x34, 0x24, 0x2c, 0x2c, 
	0x22, 0x24, 0x20, 0x1a, 0x22, 0x20, 0x1a, 0x33, 
	0x02, 0x39, 0x31, 0x2a, 0x06, 0x1d, 0x06, 0x3a, 
	0x09, 0x09, 0x36, 0x20, 0x34, 0x36, 0x1a, 0x20, 
	0x20, 0x22, 0x22, 0x22, 0x22, 0x22, 0x24, 0x24, 
	0x22, 0x1b, 0x1b, 0x34, 0x1a, 0x1a, 0x1a, 0x1d, 
	0x01, 0x3b, 0x06, 0x31, 0x01, 0x06, 0x3c, 0x01, 
	0x09, 0x08, 0x36, 0x36, 0x33, 0x1a, 0x22, 0x1a, 
	0x1a, 0x1a, 0x1a, 0x20, 0x1a, 0x1b, 0x22, 0x22, 
	0x20, 0x20, 0x24, 0x1a, 0x15, 0x08, 0x1a, 0x15, 
	
};

Gfx castle_grounds_dl__11_pal_rgba16_aligner[] = {gsSPEndDisplayList()};
u8 castle_grounds_dl__11_pal_rgba16[] = {
	0xcd, 0x07, 0xde, 0x0f, 0xd5, 0xcb, 0xdd, 0xcb, 
	0xd5, 0xc9, 0xde, 0x0d, 0xde, 0x51, 0xe6, 0x4f, 
	0xe6, 0x95, 0xde, 0x95, 0xe6, 0xd5, 0xe7, 0x17, 
	0xe6, 0xd3, 0xe6, 0x93, 0xde, 0x91, 0xe6, 0x51, 
	0xde, 0x4d, 0xd5, 0x49, 0xd5, 0x8b, 0xd5, 0x89, 
	0xde, 0x4f, 0xe6, 0xd7, 0xe6, 0x91, 0xd6, 0x0d, 
	0xde, 0x0b, 0xde, 0x53, 0xe6, 0xd9, 0xe7, 0x1b, 
	0xe7, 0x19, 0xde, 0x93, 0xef, 0x19, 0xe6, 0x4d, 
	0xe6, 0xdb, 0xde, 0xd7, 0xe7, 0x1d, 0xef, 0x1d, 
	0xe7, 0x1f, 0xef, 0x1f, 0xef, 0x5d, 0xef, 0x5f, 
	0xd6, 0x4f, 0xde, 0x99, 0xd6, 0x0b, 0xe7, 0x5f, 
	0xe7, 0x21, 0xef, 0x61, 0xe7, 0x61, 0xde, 0xd9, 
	0xcd, 0x89, 0xd6, 0x0f, 0xef, 0x21, 0xe6, 0x97, 
	0xe6, 0xdd, 0xe6, 0x99, 0xde, 0x97, 0xd5, 0xcd, 
	0xd6, 0x51, 0xcd, 0x8b, 0xd6, 0x55, 0xde, 0x11, 
	0xd6, 0x11, 
};

Gfx castle_grounds_dl__12_rgba16_aligner[] = {gsSPEndDisplayList()};
u8 castle_grounds_dl__12_rgba16[] = {
	0xe6, 0xb5, 0xe6, 0xf5, 0xe6, 0xf5, 0xe6, 0xf5, 
	0xe6, 0xb3, 0xe6, 0x73, 0xde, 0x2f, 0xdd, 0xed, 
	0xdd, 0xed, 0xdd, 0xed, 0xdd, 0xed, 0xdd, 0xed, 
	0xe6, 0x2f, 0xe6, 0x6f, 0xe6, 0x71, 0xe6, 0xb3, 
	0xee, 0xf5, 0xee, 0xf5, 0xef, 0x37, 0xef, 0x37, 
	0xef, 0x79, 0xef, 0x79, 0xef, 0x7b, 0xef, 0x7b, 
	0xef, 0x7b, 0xef, 0x7b, 0xef, 0x7b, 0xef, 0x7b, 
	0xef, 0x7b, 0xef, 0x7b, 0xef, 0x7b, 0xef, 0x7b, 
	0xe6, 0x71, 0xcc, 0xa1, 0xc3, 0xd9, 0xc4, 0x19, 
	0xc3, 0xd9, 0xc3, 0x95, 0xc3, 0x97, 0xc3, 0x97, 
	0xc3, 0xd9, 0xbb, 0x51, 0xc3, 0x95, 0xc3, 0xd5, 
	0xc3, 0x99, 0xd3, 0xd7, 0xc3, 0x95, 0xc2, 0xd1, 
	0xd4, 0xa3, 0xe6, 0x6d, 0xc4, 0x59, 0xc3, 0x11, 
	0xc3, 0x95, 0xcb, 0xd7, 0xcc, 0x17, 0xc3, 0xd7, 
	0xbb, 0x93, 0xc3, 0xd5, 0xc3, 0x95, 0xcb, 0xd7, 
	0xd3, 0xd7, 0xcb, 0x93, 0xcb, 0x93, 0xd4, 0xa3, 
	0xee, 0xf7, 0xc4, 0x5f, 0xc3, 0xd7, 0xc4, 0x19, 
	0xc4, 0x19, 0xc3, 0xd7, 0xc3, 0x95, 0xc3, 0x95, 
	0xbb, 0x95, 0xbb, 0x53, 0xc3, 0x93, 0xc3, 0xd3, 
	0xcb, 0xd9, 0xcc, 0x5b, 0xcc, 0x59, 0xcc, 0x17, 
	0xd5, 0x23, 0xe6, 0x27, 0xcc, 0x59, 0xcb, 0x95, 
	0xcb, 0xd7, 0xcc, 0x17, 0xd4, 0x59, 0xd4, 0x59, 
	0xcc, 0x59, 0xcc, 0x59, 0xcc, 0x57, 0xd4, 0x59, 
	0xd4, 0x59, 0xcc, 0x59, 0xcc, 0x17, 0xc3, 0xd7, 
	0xe6, 0xb5, 0xc4, 0x1b, 0xc3, 0x97, 0xc4, 0x5b, 
	0xcc, 0x1b, 0xc3, 0xd7, 0xbb, 0x95, 0xc3, 0xd7, 
	0xbb, 0xd7, 0xbb, 0x95, 0xc3, 0xd5, 0xc3, 0x95, 
	0xc3, 0xd7, 0xcc, 0x19, 0xd4, 0x5b, 0xc4, 0x19, 
	0xc4, 0x17, 0xe6, 0x6b, 0xd4, 0xdf, 0xcc, 0x17, 
	0xd4, 0x5b, 0xd4, 0x59, 0xcc, 0x59, 0xd4, 0x9b, 
	0xd4, 0x9b, 0xd4, 0x5b, 0xcc, 0x59, 0xcc, 0x59, 
	0xcc, 0x19, 0xc4, 0x19, 0xcc, 0x59, 0xcc, 0x5b, 
	0xe6, 0x71, 0xbb, 0x55, 0xbb, 0x97, 0xc4, 0x5d, 
	0xc4, 0x17, 0xc3, 0xd7, 0xc3, 0x95, 0xc3, 0xd7, 
	0xc3, 0xd7, 0xc3, 0x95, 0xcb, 0xd7, 0xc3, 0xd7, 
	0xc4, 0x19, 0xc4, 0x19, 0xcc, 0x1b, 0xbb, 0x97, 
	0xc3, 0x4f, 0xe5, 0xe9, 0xd3, 0x53, 0xc3, 0x53, 
	0xd4, 0x5b, 0xd4, 0x5b, 0xcc, 0x5b, 0xd4, 0x5b, 
	0xd4, 0x9b, 0xd4, 0x5b, 0xcc, 0x5b, 0xd4, 0x59, 
	0xcc, 0x17, 0xcb, 0xd7, 0xc3, 0xd7, 0xc4, 0x17, 
	0xe6, 0x71, 0xbb, 0x55, 0xc3, 0x97, 0xd4, 0x5f, 
	0xc4, 0x17, 0xc4, 0x19, 0xbb, 0x97, 0xc3, 0xd7, 
	0xc3, 0xd5, 0xcb, 0xd7, 0xcb, 0xd7, 0xc3, 0xd7, 
	0xc4, 0x19, 0xc4, 0x19, 0xcc, 0x1b, 0xbb, 0x55, 
	0xd4, 0x57, 0xe5, 0xe9, 0xcb, 0x95, 0xcb, 0x95, 
	0xcc, 0x5b, 0xcc, 0x5b, 0xcb, 0xd7, 0xd4, 0x5b, 
	0xd4, 0x9b, 0xd4, 0x9b, 0xd4, 0x5b, 0xd4, 0x99, 
	0xd4, 0x17, 0xcc, 0x17, 0xd4, 0x59, 0xcc, 0x17, 
	0xe6, 0x71, 0xb2, 0xd3, 0xc3, 0x97, 0xd4, 0x5f, 
	0xcb, 0xd7, 0xc4, 0x19, 0xc3, 0x95, 0xc3, 0xd5, 
	0xc3, 0xd5, 0xcb, 0xd7, 0xcb, 0xd5, 0xc3, 0xd5, 
	0xc4, 0x19, 0xc4, 0x19, 0xc4, 0x19, 0xc3, 0xd7, 
	0xcc, 0x17, 0xdd, 0x63, 0xcb, 0x95, 0xcb, 0xd7, 
	0xcc, 0x19, 0xcc, 0x59, 0xcb, 0xd5, 0xd4, 0x59, 
	0xd4, 0x59, 0xd4, 0x5b, 0xcc, 0x59, 0xd4, 0x59, 
	0xcb, 0xd5, 0xcc, 0x15, 0xcc, 0x17, 0xc3, 0x95, 
	0xde, 0xf1, 0xb3, 0x59, 0xc3, 0x57, 0xd4, 0x5f, 
	0xcc, 0x5d, 0xcc, 0xa1, 0xcc, 0x5b, 0xd4, 0x5b, 
	0xc4, 0x19, 0xd4, 0x5f, 0xcc, 0x5d, 0xc4, 0x19, 
	0xc4, 0x1b, 0xcc, 0x5f, 0xcc, 0x5d, 0xcc, 0x5d, 
	0xcc, 0xa3, 0xe6, 0x2d, 0xd4, 0x9f, 0xd4, 0xa1, 
	0xd4, 0x5f, 0xcc, 0x19, 0xcb, 0xd7, 0xdc, 0xe1, 
	0xdc, 0xe1, 0xd4, 0x9b, 0xcc, 0x19, 0xd4, 0xdf, 
	0xd4, 0x5b, 0xd4, 0x5d, 0xcc, 0x5d, 0xc3, 0x97, 
	0xd6, 0x6d, 0xbd, 0x67, 0xcd, 0xe9, 0xb5, 0x25, 
	0xc5, 0xe9, 0xbd, 0xa9, 0xb5, 0x65, 0xb5, 0x23, 
	0xbd, 0x67, 0xbd, 0x67, 0xce, 0x2d, 0xcd, 0xeb, 
	0xce, 0x2d, 0xd6, 0x2f, 0xd6, 0x6f, 0xd6, 0x2d, 
	0xce, 0x2d, 0xce, 0x2d, 0xce, 0x2b, 0xd6, 0x2b, 
	0xd6, 0x2d, 0xd6, 0x2d, 0xd6, 0x6d, 0xd5, 0xe9, 
	0xcd, 0xeb, 0xcd, 0xe9, 0xcd, 0xa7, 0xcd, 0xe7, 
	0xcd, 0xa9, 0xcd, 0xa7, 0xcd, 0xa7, 0xc5, 0x65, 
	0x99, 0x49, 0x99, 0x8b, 0xaa, 0x8f, 0xaa, 0x0b, 
	0xaa, 0x49, 0xb2, 0x8f, 0xb2, 0x8f, 0xb3, 0x13, 
	0xb2, 0x4f, 0xbb, 0x15, 0xc3, 0xd7, 0xde, 0x71, 
	0xaa, 0x93, 0xaa, 0x4b, 0xba, 0x8f, 0xaa, 0x4d, 
	0xaa, 0x4d, 0xaa, 0x4d, 0xaa, 0x09, 0xb2, 0x8b, 
	0xb2, 0x0b, 0xbb, 0x4f, 0xba, 0xcf, 0xb2, 0x4b, 
	0xba, 0xcf, 0xb2, 0x49, 0xa9, 0x8b, 0xa3, 0x95, 
	0xcd, 0xab, 0xc3, 0x17, 0xa9, 0x8b, 0xa9, 0xc9, 
	0xb2, 0xd1, 0xb2, 0x91, 0xb2, 0xd1, 0xb2, 0xd1, 
	0xb3, 0x13, 0xbb, 0x15, 0xbb, 0x15, 0xbb, 0x55, 
	0xbb, 0x55, 0xc3, 0xd7, 0xc4, 0x5b, 0xe7, 0x77, 
	0xb2, 0x8f, 0xbb, 0x51, 0xbb, 0x53, 0xbb, 0x95, 
	0xbb, 0x93, 0xbb, 0x53, 0xc3, 0x95, 0xc4, 0x17, 
	0xbb, 0x95, 0xbb, 0x93, 0xc3, 0x93, 0xc3, 0xd5, 
	0xc3, 0x93, 0xbb, 0x0f, 0xb2, 0x8d, 0xab, 0x4f, 
	0xde, 0x2d, 0xbb, 0xdb, 0xaa, 0x91, 0xb3, 0x53, 
	0xc3, 0x53, 0xc4, 0x19, 0xc3, 0xd7, 0xc3, 0xd7, 
	0xcc, 0x5d, 0xc4, 0x19, 0xc3, 0xd9, 0xc4, 0x19, 
	0xc4, 0x19, 0xc3, 0x55, 0xc4, 0x59, 0xe6, 0xf3, 
	0xb2, 0x4d, 0xbb, 0x53, 0xc3, 0x97, 0xc4, 0x17, 
	0xbb, 0x95, 0xbb, 0x95, 0xbb, 0x95, 0xc3, 0x95, 
	0xbb, 0x95, 0xbb, 0x93, 0xc3, 0xd5, 0xc3, 0xd7, 
	0xc3, 0xd5, 0xbb, 0x93, 0xb3, 0x11, 0xa3, 0x51, 
	0xd5, 0xa9, 0xaa, 0x91, 0xb3, 0x13, 0xbb, 0xd7, 
	0xbb, 0x95, 0xcc, 0x5b, 0xcc, 0x5b, 0xcc, 0x5b, 
	0xcc, 0x5d, 0xc4, 0x19, 0xc4, 0x19, 0xc4, 0x19, 
	0xc4, 0x17, 0xc3, 0xd7, 0xcc, 0x5b, 0xe6, 0xf7, 
	0xb1, 0xcb, 0xc3, 0xd5, 0xcc, 0x5b, 0xcc, 0x5b, 
	0xc3, 0xd7, 0xc3, 0x95, 0xc3, 0xd7, 0xc4, 0x1b, 
	0xc4, 0x1b, 0xc4, 0x19, 0xc4, 0x17, 0xcc, 0x17, 
	0xc3, 0xd7, 0xc3, 0xd5, 0xbb, 0x53, 0xab, 0x4f, 
	0xdd, 0xa9, 0xb2, 0x8d, 0xbb, 0x95, 0xc3, 0xd7, 
	0xc4, 0x5d, 0xc4, 0x1b, 0xc3, 0xd7, 0xc4, 0x19, 
	0xc4, 0x1b, 0xc3, 0xd7, 0xbb, 0x95, 0xc3, 0xd7, 
	0xc4, 0x19, 0xc4, 0x19, 0xcc, 0x5b, 0xcd, 0xa9, 
	0xb1, 0xc9, 0xc4, 0x17, 0xcc, 0x5b, 0xcc, 0x5b, 
	0xc3, 0xd7, 0xc3, 0xd7, 0xc3, 0xd5, 0xc3, 0xd9, 
	0xbb, 0xd7, 0xc3, 0xd9, 0xc4, 0x57, 0xc4, 0x17, 
	0xc3, 0xd7, 0xbb, 0x95, 0xbb, 0x93, 0xab, 0x8f, 
	0xdd, 0xe9, 0xc3, 0x91, 0xc3, 0x93, 0xc4, 0x15, 
	0xbb, 0x13, 0xaa, 0xcf, 0xb2, 0xd1, 0xbb, 0x95, 
	0xc3, 0xd7, 0xbb, 0x95, 0xbb, 0x95, 0xbb, 0x95, 
	0xbb, 0x95, 0xc4, 0x17, 0xcc, 0x5b, 0xde, 0x71, 
	0xba, 0x4f, 0xc3, 0x53, 0xc3, 0xd5, 0xc3, 0xd7, 
	0xbb, 0x97, 0xbb, 0x53, 0xc3, 0xd7, 0xc3, 0xd7, 
	0xc3, 0xd5, 0xbb, 0x95, 0xc3, 0xd9, 0xc3, 0xd9, 
	0xc3, 0xd7, 0xc3, 0xd5, 0xbb, 0x53, 0xb3, 0x53, 
	0xdd, 0xab, 0xc3, 0x51, 0xc3, 0x93, 0xc3, 0xd5, 
	0xaa, 0x8f, 0x91, 0xcb, 0xa2, 0x4f, 0xb3, 0x55, 
	0xbb, 0x13, 0xa9, 0xcd, 0xa1, 0xcd, 0xbb, 0x53, 
	0xb3, 0x13, 0xaa, 0x0f, 0xc4, 0x5d, 0xe6, 0xf5, 
	0xd5, 0x25, 0xcc, 0x19, 0xc3, 0x95, 0xba, 0x91, 
	0xb2, 0x8f, 0xb2, 0x8f, 0xbb, 0x53, 0xc3, 0x55, 
	0xcc, 0x5b, 0xcc, 0x1b, 0xc3, 0x95, 0xc3, 0x95, 
	0xc3, 0xd5, 0xc3, 0xd7, 0xcc, 0x9d, 0xcd, 0xa7, 
	0xde, 0x2d, 0xbb, 0x55, 0xb2, 0x8f, 0xbb, 0x51, 
	0xe6, 0xf1, 0xe7, 0x79, 0xde, 0xf3, 0xd5, 0xa9, 
	0xdd, 0xa9, 0xdd, 0xa9, 0xdd, 0xe9, 0xde, 0x29, 
	0xdd, 0xe9, 0xde, 0x2d, 0xde, 0xf3, 0xdf, 0x35, 
	0xe7, 0x77, 0xe6, 0x6f, 0xe5, 0xeb, 0xdd, 0xab, 
	0xdd, 0xab, 0xe7, 0x37, 0xe7, 0x7b, 0xde, 0xf9, 
	0xdd, 0xed, 0xde, 0x2d, 0xd5, 0xeb, 0xd6, 0x2b, 
	0xce, 0xad, 0xce, 0x6d, 0xbe, 0x2b, 0xbd, 0xa9, 
	0xb5, 0xa7, 0xbd, 0x25, 0xbd, 0x65, 0xb4, 0xe3, 
	0xc3, 0xd5, 0xde, 0xaf, 0xc4, 0x5f, 0xaa, 0x8f, 
	0xaa, 0xd1, 0xb3, 0x13, 0xb3, 0x11, 0xbb, 0x51, 
	0xb3, 0x93, 0xbb, 0x97, 0xbb, 0xd5, 0xb3, 0x11, 
	0xc3, 0xd9, 0xb3, 0x55, 0xab, 0x11, 0xaa, 0xd3, 
	0xaa, 0x93, 0xbc, 0x5d, 0xde, 0xf1, 0xd5, 0x27, 
	0xaa, 0x0f, 0xb3, 0x13, 0xb3, 0x55, 0xb2, 0xcd, 
	0xaa, 0x8d, 0xaa, 0x8f, 0xaa, 0x8f, 0xaa, 0x4d, 
	0xa2, 0x49, 0xb3, 0x13, 0xb3, 0xdb, 0xa2, 0x91, 
	0xba, 0x49, 0xe6, 0xf5, 0xdc, 0xa3, 0xba, 0xcd, 
	0xc3, 0x95, 0xc3, 0xd5, 0xc3, 0x95, 0xcb, 0xd5, 
	0xc3, 0x95, 0xbb, 0x11, 0xbb, 0x51, 0xbb, 0x53, 
	0xc3, 0x95, 0xc3, 0xd7, 0xbb, 0xd5, 0xbb, 0x95, 
	0xbb, 0x51, 0xba, 0xcd, 0xd6, 0x6d, 0xd5, 0x27, 
	0xa9, 0xcb, 0xb3, 0x13, 0xbb, 0xd5, 0xbb, 0x53, 
	0xbb, 0x93, 0xbb, 0x95, 0xbb, 0x95, 0xc3, 0xd5, 
	0xcb, 0xd3, 0xc3, 0x93, 0xc3, 0xd3, 0xbb, 0x51, 
	0xb2, 0x91, 0xe7, 0x39, 0xd4, 0x61, 0xbb, 0x51, 
	0xc4, 0x59, 0xcc, 0x59, 0xc4, 0x19, 0xd4, 0x59, 
	0xd4, 0x59, 0xc3, 0xd5, 0xc3, 0xd7, 0xc4, 0x19, 
	0xcc, 0x59, 0xcc, 0x5b, 0xcc, 0x59, 0xcc, 0x59, 
	0xcb, 0xd7, 0xc3, 0x51, 0xde, 0x71, 0xcc, 0x63, 
	0xb2, 0x49, 0xc3, 0x95, 0xc3, 0xd5, 0xc3, 0xd5, 
	0xc3, 0xd7, 0xbb, 0xd7, 0xbb, 0xd7, 0xc4, 0x17, 
	0xcc, 0x17, 0xcc, 0x17, 0xc4, 0x17, 0xcc, 0x17, 
	0xb1, 0x89, 0xde, 0x71, 0xd4, 0x61, 0xc3, 0xd1, 
	0xcc, 0x17, 0xcc, 0x59, 0xc4, 0x19, 0xcc, 0x19, 
	0xd4, 0x59, 0xcc, 0x19, 0xcc, 0x59, 0xcc, 0x19, 
	0xcc, 0x5b, 0xd4, 0x5b, 0xd4, 0x5b, 0xcc, 0x59, 
	0xcc, 0x17, 0xcb, 0x91, 0xee, 0xfb, 0xe5, 0x29, 
	0xc3, 0x0d, 0xcb, 0xd7, 0xc3, 0xd7, 0xcc, 0x17, 
	0xc3, 0xd7, 0xc4, 0x17, 0xc4, 0x17, 0xcc, 0x5b, 
	0xcc, 0x5b, 0xc3, 0xd9, 0xcc, 0x59, 0xcc, 0x59, 
	0xa9, 0x83, 0xce, 0x6f, 0xd5, 0x65, 0xc4, 0x57, 
	0xcc, 0x19, 0xcc, 0x59, 0xc4, 0x17, 0xc4, 0x17, 
	0xcc, 0x19, 0xc3, 0xd7, 0xcc, 0x59, 0xd4, 0x5b, 
	0xd4, 0x59, 0xd4, 0x9b, 0xcc, 0x5b, 0xc4, 0x17, 
	0xcb, 0xd7, 0xcb, 0x91, 0xe7, 0x3b, 0xdd, 0x25, 
	0xc3, 0x4b, 0xcc, 0x17, 0xc3, 0xd7, 0xcc, 0x59, 
	0xcc, 0x59, 0xcc, 0x59, 0xcc, 0x59, 0xcc, 0x59, 
	0xcc, 0x59, 0xbb, 0xd9, 0xbb, 0x95, 0xc3, 0xd3, 
	0xb1, 0x47, 0xe6, 0x2f, 0xdc, 0x9f, 0xc3, 0xd3, 
	0xcc, 0x59, 0xd4, 0x9d, 0xc4, 0x17, 0xc3, 0xd7, 
	0xc3, 0x97, 0xc3, 0x95, 0xcc, 0x59, 0xd4, 0x9d, 
	0xcc, 0x59, 0xd4, 0x99, 0xcc, 0x17, 0xc3, 0x95, 
	0xcb, 0xd5, 0xc3, 0x4f, 0xef, 0x3b, 0xe5, 0x65, 
	0xcb, 0x4d, 0xc3, 0xd3, 0xbb, 0x95, 0xbb, 0x95, 
	0xbb, 0x95, 0xbb, 0x95, 0xc4, 0x17, 0xbb, 0xd5, 
	0xc4, 0x17, 0xcc, 0x59, 0xb3, 0x97, 0xbb, 0x51, 
	0xb2, 0x53, 0xe6, 0x71, 0xe5, 0xa7, 0xbb, 0x13, 
	0xbb, 0x0f, 0xc3, 0xd9, 0xc3, 0x51, 0xcb, 0x95, 
	0xc3, 0x4f, 0xc3, 0x0f, 0xc2, 0x8d, 0xc3, 0xd3, 
	0xbb, 0x4d, 0xcc, 0x13, 0xc3, 0x0f, 0xba, 0xcd, 
	0xba, 0x4d, 0xba, 0x8f, 0xe6, 0x73, 0xd4, 0x63, 
	0xb2, 0x09, 0xa9, 0xcb, 0xa1, 0xc9, 0xa1, 0xc9, 
	0xa1, 0xc9, 0xaa, 0x09, 0xaa, 0x91, 0xaa, 0xd1, 
	0xb3, 0x13, 0xb3, 0x55, 0xb3, 0x15, 0xb2, 0xcf, 
	0xde, 0x2d, 0xde, 0x2d, 0xe6, 0xf5, 0xdd, 0x29, 
	0xd4, 0x5f, 0xd4, 0xa3, 0xd4, 0xa3, 0xe6, 0x69, 
	0xdc, 0xe3, 0xdd, 0x65, 0xde, 0x6b, 0xdd, 0xe7, 
	0xdd, 0xa7, 0xe5, 0xe7, 0xe5, 0xe9, 0xe5, 0xe9, 
	0xe6, 0x29, 0xe6, 0x2b, 0xe6, 0xaf, 0xe6, 0xf1, 
	0xef, 0x33, 0xe6, 0xf3, 0xe6, 0xf1, 0xe6, 0x2b, 
	0xee, 0xb1, 0xee, 0xaf, 0xee, 0xaf, 0xee, 0xaf, 
	0xe6, 0x6d, 0xdd, 0xe9, 0xd5, 0xa7, 0xdd, 0xe7, 
	0xbd, 0x65, 0xbc, 0xe5, 0xcd, 0xeb, 0xd6, 0x6f, 
	0xde, 0x6f, 0xde, 0xb1, 0xd6, 0x6f, 0xd6, 0xb1, 
	0xde, 0xb1, 0xce, 0x6d, 0xce, 0x2d, 0xd6, 0x2d, 
	0xd6, 0x6d, 0xef, 0x31, 0xc4, 0x1d, 0xc4, 0x5f, 
	0xc4, 0x9f, 0xc4, 0x9f, 0xcc, 0xa1, 0xcc, 0xa3, 
	0xdd, 0xeb, 0xcd, 0x25, 0xc4, 0xa1, 0xc4, 0xa1, 
	0xc4, 0xa1, 0xc4, 0xa3, 0xcc, 0xe3, 0xcc, 0xe3, 
	0xcd, 0xa7, 0xe7, 0x33, 0xe7, 0x33, 0xdf, 0x73, 
	0xb3, 0xd5, 0xa2, 0xcf, 0x9a, 0x91, 0xb4, 0x15, 
	0xbc, 0x13, 0xab, 0x11, 0xa3, 0x11, 0xab, 0x11, 
	0xa3, 0x0f, 0x93, 0x13, 0xb4, 0x5f, 0xbc, 0xa1, 
	0xc5, 0x23, 0xe6, 0xaf, 0xb2, 0xcd, 0xbb, 0x95, 
	0xc4, 0x19, 0xc4, 0x19, 0xc4, 0x19, 0xcc, 0xa1, 
	0xc4, 0x19, 0xc3, 0xd7, 0xbb, 0xd7, 0xbb, 0xd7, 
	0xbb, 0x97, 0xbb, 0xd7, 0xbb, 0xd9, 0xbb, 0xd9, 
	0xb3, 0x55, 0xe6, 0xf3, 0xab, 0xdd, 0x92, 0x51, 
	0xdc, 0xdf, 0xdc, 0x9b, 0xd4, 0x9b, 0xd4, 0x57, 
	0xcb, 0x93, 0xc3, 0x95, 0xcc, 0x57, 0xd4, 0x59, 
	0xdc, 0x59, 0xcc, 0x9b, 0xcc, 0x57, 0xc3, 0x8f, 
	0xcc, 0x59, 0xee, 0xf1, 0xba, 0xcd, 0xbb, 0x95, 
	0xc4, 0x5b, 0xc4, 0x1b, 0xcc, 0x59, 0xc3, 0xd7, 
	0xcc, 0x5b, 0xc4, 0x19, 0xc3, 0x95, 0xc3, 0x95, 
	0xbb, 0x95, 0xbb, 0xd7, 0xbb, 0x97, 0xbb, 0x95, 
	0xaa, 0x8f, 0xde, 0xf1, 0xbb, 0x0d, 0xba, 0x89, 
	0xcc, 0x5b, 0xcc, 0x19, 0xd4, 0x9f, 0xd4, 0x9f, 
	0xcb, 0x95, 0xc3, 0xd5, 0xcc, 0x17, 0xcc, 0x17, 
	0xcc, 0x19, 0xcc, 0x5b, 0xc4, 0x17, 0xc4, 0x55, 
	0xcc, 0x9f, 0xe6, 0xef, 0xba, 0xcd, 0xbb, 0x95, 
	0xcc, 0x5b, 0xcc, 0x5d, 0xcc, 0x5b, 0xcc, 0x5d, 
	0xcc, 0x5b, 0xc4, 0x59, 0xc4, 0x59, 0xc4, 0x5b, 
	0xbc, 0x19, 0xbb, 0xd7, 0xcc, 0x19, 0xcc, 0x59, 
	0xb3, 0x55, 0xde, 0xaf, 0xcc, 0x5d, 0xc3, 0x11, 
	0xc3, 0x91, 0xc3, 0x97, 0xd4, 0xa1, 0xd4, 0x9d, 
	0xcc, 0x17, 0xc4, 0x17, 0xc4, 0x17, 0xc4, 0x17, 
	0xc4, 0x59, 0xd4, 0x9b, 0xc3, 0xd5, 0xb3, 0x91, 
	0xc4, 0x5b, 0xde, 0x6f, 0xc3, 0xd5, 0xbb, 0x95, 
	0xc4, 0x19, 0xcc, 0x5b, 0xcc, 0x5b, 0xcc, 0x5d, 
	0xcc, 0x5d, 0xc4, 0x1b, 0xc4, 0x5b, 0xc4, 0x5b, 
	0xb3, 0x97, 0xb3, 0x55, 0xc4, 0x19, 0xc4, 0x5b, 
	0xb3, 0x57, 0xd6, 0xaf, 0xd4, 0x9f, 0xcb, 0xd5, 
	0xcc, 0x59, 0xd5, 0x25, 0xd4, 0x9f, 0xcc, 0x59, 
	0xcc, 0x59, 0xcc, 0x59, 0xcc, 0x59, 0xcc, 0x59, 
	0xcc, 0x59, 0xcc, 0x5b, 0xc3, 0xd7, 0xc3, 0xd5, 
	0xcc, 0x9f, 0xde, 0x6f, 0xc3, 0xd5, 0xc3, 0xd5, 
	0xc3, 0xd7, 0xc4, 0x5d, 0xc4, 0x5b, 0xcc, 0x5d, 
	0xcc, 0x5b, 0xc4, 0x1b, 0xc4, 0x19, 0xbb, 0xd5, 
	0xb3, 0x95, 0xbb, 0x95, 0xc4, 0x17, 0xc4, 0x9d, 
	0xaa, 0xd1, 0xd6, 0x6d, 0xcc, 0x5d, 0xc3, 0x11, 
	0xc3, 0xd3, 0xdd, 0xa5, 0xcc, 0x57, 0xcc, 0x5b, 
	0xcc, 0x9d, 0xcc, 0x9d, 0xcc, 0x9d, 0xcc, 0x5d, 
	0xcc, 0x5b, 0xcc, 0x5b, 0xcc, 0x9f, 0xd4, 0xa3, 
	0xd5, 0x25, 0xdd, 0xa7, 0xcc, 0x19, 0xc4, 0x19, 
	0xc4, 0x19, 0xc4, 0x1b, 0xc3, 0xd9, 0xc3, 0xd9, 
	0xc3, 0xd9, 0xc3, 0xd9, 0xbb, 0xd9, 0xbb, 0x97, 
	0xbb, 0x97, 0xbb, 0xd7, 0xb3, 0xd7, 0xb4, 0x5d, 
	0xac, 0x9d, 0xde, 0xf3, 0xcc, 0x5d, 0xba, 0xd1, 
	
};

Gfx castle_grounds_dl__13_rgba16_aligner[] = {gsSPEndDisplayList()};
u8 castle_grounds_dl__13_rgba16[] = {
	0xe6, 0xb5, 0xe6, 0xf5, 0xe6, 0xf5, 0xe6, 0xf5, 
	0xe6, 0xb3, 0xe6, 0x73, 0xde, 0x2f, 0xdd, 0xed, 
	0xdd, 0xed, 0xdd, 0xed, 0xdd, 0xed, 0xdd, 0xed, 
	0xe6, 0x2f, 0xe6, 0x6f, 0xe6, 0x71, 0xe6, 0xb3, 
	0xee, 0xf5, 0xee, 0xf5, 0xef, 0x37, 0xef, 0x37, 
	0xef, 0x79, 0xef, 0x79, 0xef, 0x7b, 0xef, 0x7b, 
	0xef, 0x7b, 0xef, 0x7b, 0xef, 0x7b, 0xef, 0x7b, 
	0xef, 0x7b, 0xef, 0x7b, 0xef, 0x7b, 0xef, 0x7b, 
	0xe6, 0x71, 0xcc, 0xa1, 0xc3, 0xd9, 0xc4, 0x19, 
	0xc3, 0xd9, 0xc3, 0x95, 0xc3, 0x97, 0xc3, 0x97, 
	0xc3, 0xd9, 0xbb, 0x51, 0xc3, 0x95, 0xc3, 0xd5, 
	0xc3, 0x99, 0xd3, 0xd7, 0xc3, 0x95, 0xc2, 0xd1, 
	0xd4, 0xa3, 0xe6, 0x6d, 0xc4, 0x59, 0xc3, 0x11, 
	0xc3, 0x95, 0xcb, 0xd7, 0xcc, 0x17, 0xc3, 0xd7, 
	0xbb, 0x93, 0xc3, 0xd5, 0xc3, 0x95, 0xcb, 0xd7, 
	0xd3, 0xd7, 0xcb, 0x93, 0xcb, 0x93, 0xd4, 0xa3, 
	0xee, 0xf7, 0xc4, 0x5f, 0xc3, 0xd7, 0xc4, 0x19, 
	0xc4, 0x19, 0xc3, 0xd7, 0xc3, 0x95, 0xc3, 0x95, 
	0xbb, 0x95, 0xbb, 0x53, 0xc3, 0x93, 0xc3, 0xd3, 
	0xcb, 0xd9, 0xcc, 0x5b, 0xcc, 0x59, 0xcc, 0x17, 
	0xd5, 0x23, 0xe6, 0x27, 0xcc, 0x59, 0xcb, 0x95, 
	0xcb, 0xd7, 0xcc, 0x17, 0xd4, 0x59, 0xd4, 0x59, 
	0xcc, 0x59, 0xcc, 0x59, 0xcc, 0x57, 0xd4, 0x59, 
	0xd4, 0x59, 0xcc, 0x59, 0xcc, 0x17, 0xc3, 0xd7, 
	0xe6, 0xb5, 0xc4, 0x1b, 0xc3, 0x97, 0xc4, 0x5b, 
	0xcc, 0x1b, 0xc3, 0xd7, 0xbb, 0x95, 0xc3, 0xd7, 
	0xbb, 0xd7, 0xbb, 0x95, 0xc3, 0xd5, 0xc3, 0x95, 
	0xc3, 0xd7, 0xcc, 0x19, 0xd4, 0x5b, 0xc4, 0x19, 
	0xc4, 0x17, 0xe6, 0x6b, 0xd4, 0xdf, 0xcc, 0x17, 
	0xd4, 0x5b, 0xd4, 0x59, 0xcc, 0x59, 0xd4, 0x9b, 
	0xd4, 0x9b, 0xd4, 0x5b, 0xcc, 0x59, 0xcc, 0x59, 
	0xcc, 0x19, 0xc4, 0x19, 0xcc, 0x59, 0xcc, 0x5b, 
	0xe6, 0x71, 0xbb, 0x55, 0xbb, 0x97, 0xc4, 0x5d, 
	0xc4, 0x17, 0xc3, 0xd7, 0xc3, 0x95, 0xc3, 0xd7, 
	0xc3, 0xd7, 0xc3, 0x95, 0xcb, 0xd7, 0xc3, 0xd7, 
	0xc4, 0x19, 0xc4, 0x19, 0xcc, 0x1b, 0xbb, 0x97, 
	0xc3, 0x4f, 0xe5, 0xe9, 0xd3, 0x53, 0xc3, 0x53, 
	0xd4, 0x5b, 0xd4, 0x5b, 0xcc, 0x5b, 0xd4, 0x5b, 
	0xd4, 0x9b, 0xd4, 0x5b, 0xcc, 0x5b, 0xd4, 0x59, 
	0xcc, 0x17, 0xcb, 0xd7, 0xc3, 0xd7, 0xc4, 0x17, 
	0xe6, 0x71, 0xbb, 0x55, 0xc3, 0x97, 0xd4, 0x5f, 
	0xc4, 0x17, 0xc4, 0x19, 0xbb, 0x97, 0xc3, 0xd7, 
	0xc3, 0xd5, 0xcb, 0xd7, 0xcb, 0xd7, 0xc3, 0xd7, 
	0xc4, 0x19, 0xc4, 0x19, 0xcc, 0x1b, 0xbb, 0x55, 
	0xd4, 0x57, 0xe5, 0xe9, 0xcb, 0x95, 0xcb, 0x95, 
	0xcc, 0x5b, 0xcc, 0x5b, 0xcb, 0xd7, 0xd4, 0x5b, 
	0xd4, 0x9b, 0xd4, 0x9b, 0xd4, 0x5b, 0xd4, 0x99, 
	0xd4, 0x17, 0xcc, 0x17, 0xd4, 0x59, 0xcc, 0x17, 
	0xe6, 0x71, 0xb2, 0xd3, 0xc3, 0x97, 0xd4, 0x5f, 
	0xcb, 0xd7, 0xc4, 0x19, 0xc3, 0x95, 0xc3, 0xd5, 
	0xc3, 0xd5, 0xcb, 0xd7, 0xcb, 0xd5, 0xc3, 0xd5, 
	0xc4, 0x19, 0xc4, 0x19, 0xc4, 0x19, 0xc3, 0xd7, 
	0xcc, 0x17, 0xdd, 0x63, 0xcb, 0x95, 0xcb, 0xd7, 
	0xcc, 0x19, 0xcc, 0x59, 0xcb, 0xd5, 0xd4, 0x59, 
	0xd4, 0x59, 0xd4, 0x5b, 0xcc, 0x59, 0xd4, 0x59, 
	0xcb, 0xd5, 0xcc, 0x15, 0xcc, 0x17, 0xc3, 0x95, 
	0xde, 0xf1, 0xb3, 0x59, 0xc3, 0x57, 0xd4, 0x5f, 
	0xcc, 0x5d, 0xcc, 0xa1, 0xcc, 0x5b, 0xd4, 0x5b, 
	0xc4, 0x19, 0xd4, 0x5f, 0xcc, 0x5d, 0xc4, 0x19, 
	0xc4, 0x1b, 0xcc, 0x5f, 0xcc, 0x5d, 0xcc, 0x5d, 
	0xcc, 0xa3, 0xe6, 0x2d, 0xd4, 0x9f, 0xd4, 0xa1, 
	0xd4, 0x5f, 0xcc, 0x19, 0xcb, 0xd7, 0xdc, 0xe1, 
	0xdc, 0xe1, 0xd4, 0x9b, 0xcc, 0x19, 0xd4, 0xdf, 
	0xd4, 0x5b, 0xd4, 0x5d, 0xcc, 0x5d, 0xc3, 0x97, 
	0xd6, 0x6d, 0xbd, 0x67, 0xcd, 0xe9, 0xb5, 0x25, 
	0xc5, 0xe9, 0xbd, 0xa9, 0xb5, 0x65, 0xb5, 0x23, 
	0xbd, 0x67, 0xbd, 0x67, 0xce, 0x2d, 0xcd, 0xeb, 
	0xce, 0x2d, 0xd6, 0x2f, 0xd6, 0x6f, 0xd6, 0x2d, 
	0xce, 0x2d, 0xce, 0x2d, 0xce, 0x2b, 0xd6, 0x2b, 
	0xd6, 0x2d, 0xd6, 0x2d, 0xd6, 0x6d, 0xd5, 0xe9, 
	0xcd, 0xeb, 0xcd, 0xe9, 0xcd, 0xa7, 0xcd, 0xe7, 
	0xcd, 0xa9, 0xcd, 0xa7, 0xcd, 0xa7, 0xc5, 0x65, 
	0x99, 0x49, 0x99, 0x8b, 0xaa, 0x8f, 0xaa, 0x0b, 
	0xaa, 0x49, 0xb2, 0x8f, 0xb2, 0x8f, 0xb3, 0x13, 
	0xb2, 0x4f, 0xbb, 0x15, 0xc3, 0xd7, 0xde, 0x71, 
	0xaa, 0x93, 0xaa, 0x4b, 0xba, 0x8f, 0xaa, 0x4d, 
	0xaa, 0x4d, 0xaa, 0x4d, 0xaa, 0x09, 0xb2, 0x8b, 
	0xb2, 0x0b, 0xbb, 0x4f, 0xba, 0xcf, 0xb2, 0x4b, 
	0xba, 0xcf, 0xb2, 0x49, 0xa9, 0x8b, 0xa3, 0x95, 
	0xcd, 0xab, 0xc3, 0x17, 0xa9, 0x8b, 0xa9, 0xc9, 
	0xb2, 0xd1, 0xb2, 0x91, 0xb2, 0xd1, 0xb2, 0xd1, 
	0xb3, 0x13, 0xbb, 0x15, 0xbb, 0x15, 0xbb, 0x55, 
	0xbb, 0x55, 0xc3, 0xd7, 0xc4, 0x5b, 0xe7, 0x77, 
	0xb2, 0x8f, 0xbb, 0x51, 0xbb, 0x53, 0xbb, 0x95, 
	0xbb, 0x93, 0xbb, 0x53, 0xc3, 0x95, 0xc4, 0x17, 
	0xbb, 0x95, 0xbb, 0x93, 0xc3, 0x93, 0xc3, 0xd5, 
	0xc3, 0x93, 0xbb, 0x0f, 0xb2, 0x8d, 0xab, 0x4f, 
	0xde, 0x2d, 0xbb, 0xdb, 0xaa, 0x91, 0xb3, 0x53, 
	0xc3, 0x53, 0xc4, 0x19, 0xc3, 0xd7, 0xc3, 0xd7, 
	0xcc, 0x5d, 0xc4, 0x19, 0xc3, 0xd9, 0xc4, 0x19, 
	0xc4, 0x19, 0xc3, 0x55, 0xc4, 0x59, 0xe6, 0xf3, 
	0xb2, 0x4d, 0xbb, 0x53, 0xc3, 0x97, 0xc4, 0x17, 
	0xbb, 0x95, 0xbb, 0x95, 0xbb, 0x95, 0xc3, 0x95, 
	0xbb, 0x95, 0xbb, 0x93, 0xc3, 0xd5, 0xc3, 0xd7, 
	0xc3, 0xd5, 0xbb, 0x93, 0xb3, 0x11, 0xa3, 0x51, 
	0xd5, 0xa9, 0xaa, 0x91, 0xb3, 0x13, 0xbb, 0xd7, 
	0xbb, 0x95, 0xcc, 0x5b, 0xcc, 0x5b, 0xcc, 0x5b, 
	0xcc, 0x5d, 0xc4, 0x19, 0xc4, 0x19, 0xc4, 0x19, 
	0xc4, 0x17, 0xc3, 0xd7, 0xcc, 0x5b, 0xe6, 0xf7, 
	0xb1, 0xcb, 0xc3, 0xd5, 0xcc, 0x5b, 0xcc, 0x5b, 
	0xc3, 0xd7, 0xc3, 0x95, 0xc3, 0xd7, 0xc4, 0x1b, 
	0xc4, 0x1b, 0xc4, 0x19, 0xc4, 0x17, 0xcc, 0x17, 
	0xc3, 0xd7, 0xc3, 0xd5, 0xbb, 0x53, 0xab, 0x4f, 
	0xdd, 0xa9, 0xb2, 0x8d, 0xbb, 0x95, 0xc3, 0xd7, 
	0xc4, 0x5d, 0xc4, 0x1b, 0xc3, 0xd7, 0xc4, 0x19, 
	0xc4, 0x1b, 0xc3, 0xd7, 0xbb, 0x95, 0xc3, 0xd7, 
	0xc4, 0x19, 0xc4, 0x19, 0xcc, 0x5b, 0xcd, 0xa9, 
	0xb1, 0xc9, 0xc4, 0x17, 0xcc, 0x5b, 0xcc, 0x5b, 
	0xc3, 0xd7, 0xc3, 0xd7, 0xc3, 0xd5, 0xc3, 0xd9, 
	0xbb, 0xd7, 0xc3, 0xd9, 0xc4, 0x57, 0xc4, 0x17, 
	0xc3, 0xd7, 0xbb, 0x95, 0xbb, 0x93, 0xab, 0x8f, 
	0xdd, 0xe9, 0xc3, 0x91, 0xc3, 0x93, 0xc4, 0x15, 
	0xbb, 0x13, 0xaa, 0xcf, 0xb2, 0xd1, 0xbb, 0x95, 
	0xc3, 0xd7, 0xbb, 0x95, 0xbb, 0x95, 0xbb, 0x95, 
	0xbb, 0x95, 0xc4, 0x17, 0xcc, 0x5b, 0xde, 0x71, 
	0xba, 0x4f, 0xc3, 0x53, 0xc3, 0xd5, 0xc3, 0xd7, 
	0xbb, 0x97, 0xbb, 0x53, 0xc3, 0xd7, 0xc3, 0xd7, 
	0xc3, 0xd5, 0xbb, 0x95, 0xc3, 0xd9, 0xc3, 0xd9, 
	0xc3, 0xd7, 0xc3, 0xd5, 0xbb, 0x53, 0xb3, 0x53, 
	0xdd, 0xab, 0xc3, 0x51, 0xc3, 0x93, 0xc3, 0xd5, 
	0xaa, 0x8f, 0x91, 0xcb, 0xa2, 0x4f, 0xb3, 0x55, 
	0xbb, 0x13, 0xa9, 0xcd, 0xa1, 0xcd, 0xbb, 0x53, 
	0xb3, 0x13, 0xaa, 0x0f, 0xc4, 0x5d, 0xe6, 0xf5, 
	0xd5, 0x25, 0xcc, 0x19, 0xc3, 0x95, 0xba, 0x91, 
	0xb2, 0x8f, 0xb2, 0x8f, 0xbb, 0x53, 0xc3, 0x55, 
	0xcc, 0x5b, 0xcc, 0x1b, 0xc3, 0x95, 0xc3, 0x95, 
	0xc3, 0xd5, 0xc3, 0xd7, 0xcc, 0x9d, 0xcd, 0xa7, 
	0xde, 0x2d, 0xbb, 0x55, 0xb2, 0x8f, 0xbb, 0x51, 
	0xe6, 0xf1, 0xe7, 0x79, 0xde, 0xf3, 0xd5, 0xa9, 
	0xdd, 0xa9, 0xdd, 0xa9, 0xdd, 0xe9, 0xde, 0x29, 
	0xdd, 0xe9, 0xde, 0x2d, 0xde, 0xf3, 0xdf, 0x35, 
	0xe7, 0x77, 0xe6, 0x6f, 0xe5, 0xeb, 0xdd, 0xab, 
	0xdd, 0xab, 0xe7, 0x37, 0xe7, 0x7b, 0xde, 0xf9, 
	0xdd, 0xed, 0xde, 0x2d, 0xd5, 0xeb, 0xd6, 0x2b, 
	0xce, 0xad, 0xce, 0x6d, 0xbe, 0x2b, 0xbd, 0xa9, 
	0xb5, 0xa7, 0xbd, 0x25, 0xbd, 0x65, 0xb4, 0xe3, 
	0xc3, 0xd5, 0xde, 0xaf, 0xc4, 0x5f, 0xaa, 0x8f, 
	0xaa, 0xd1, 0xb3, 0x13, 0xb3, 0x11, 0xbb, 0x51, 
	0xb3, 0x93, 0xbb, 0x97, 0xbb, 0xd5, 0xb3, 0x11, 
	0xc3, 0xd9, 0xb3, 0x55, 0xab, 0x11, 0xaa, 0xd3, 
	0xaa, 0x93, 0xbc, 0x5d, 0xde, 0xf1, 0xd5, 0x27, 
	0xaa, 0x0f, 0xb3, 0x13, 0xb3, 0x55, 0xb2, 0xcd, 
	0xaa, 0x8d, 0xaa, 0x8f, 0xaa, 0x8f, 0xaa, 0x4d, 
	0xa2, 0x49, 0xb3, 0x13, 0xb3, 0xdb, 0xa2, 0x91, 
	0xba, 0x49, 0xe6, 0xf5, 0xdc, 0xa3, 0xba, 0xcd, 
	0xc3, 0x95, 0xc3, 0xd5, 0xc3, 0x95, 0xcb, 0xd5, 
	0xc3, 0x95, 0xbb, 0x11, 0xbb, 0x51, 0xbb, 0x53, 
	0xc3, 0x95, 0xc3, 0xd7, 0xbb, 0xd5, 0xbb, 0x95, 
	0xbb, 0x51, 0xba, 0xcd, 0xd6, 0x6d, 0xd5, 0x27, 
	0xa9, 0xcb, 0xb3, 0x13, 0xbb, 0xd5, 0xbb, 0x53, 
	0xbb, 0x93, 0xbb, 0x95, 0xbb, 0x95, 0xc3, 0xd5, 
	0xcb, 0xd3, 0xc3, 0x93, 0xc3, 0xd3, 0xbb, 0x51, 
	0xb2, 0x91, 0xe7, 0x39, 0xd4, 0x61, 0xbb, 0x51, 
	0xc4, 0x59, 0xcc, 0x59, 0xc4, 0x19, 0xd4, 0x59, 
	0xd4, 0x59, 0xc3, 0xd5, 0xc3, 0xd7, 0xc4, 0x19, 
	0xcc, 0x59, 0xcc, 0x5b, 0xcc, 0x59, 0xcc, 0x59, 
	0xcb, 0xd7, 0xc3, 0x51, 0xde, 0x71, 0xcc, 0x63, 
	0xb2, 0x49, 0xc3, 0x95, 0xc3, 0xd5, 0xc3, 0xd5, 
	0xc3, 0xd7, 0xbb, 0xd7, 0xbb, 0xd7, 0xc4, 0x17, 
	0xcc, 0x17, 0xcc, 0x17, 0xc4, 0x17, 0xcc, 0x17, 
	0xb1, 0x89, 0xde, 0x71, 0xd4, 0x61, 0xc3, 0xd1, 
	0xcc, 0x17, 0xcc, 0x59, 0xc4, 0x19, 0xcc, 0x19, 
	0xd4, 0x59, 0xcc, 0x19, 0xcc, 0x59, 0xcc, 0x19, 
	0xcc, 0x5b, 0xd4, 0x5b, 0xd4, 0x5b, 0xcc, 0x59, 
	0xcc, 0x17, 0xcb, 0x91, 0xee, 0xfb, 0xe5, 0x29, 
	0xc3, 0x0d, 0xcb, 0xd7, 0xc3, 0xd7, 0xcc, 0x17, 
	0xc3, 0xd7, 0xc4, 0x17, 0xc4, 0x17, 0xcc, 0x5b, 
	0xcc, 0x5b, 0xc3, 0xd9, 0xcc, 0x59, 0xcc, 0x59, 
	0xa9, 0x83, 0xce, 0x6f, 0xd5, 0x65, 0xc4, 0x57, 
	0xcc, 0x19, 0xcc, 0x59, 0xc4, 0x17, 0xc4, 0x17, 
	0xcc, 0x19, 0xc3, 0xd7, 0xcc, 0x59, 0xd4, 0x5b, 
	0xd4, 0x59, 0xd4, 0x9b, 0xcc, 0x5b, 0xc4, 0x17, 
	0xcb, 0xd7, 0xcb, 0x91, 0xe7, 0x3b, 0xdd, 0x25, 
	0xc3, 0x4b, 0xcc, 0x17, 0xc3, 0xd7, 0xcc, 0x59, 
	0xcc, 0x59, 0xcc, 0x59, 0xcc, 0x59, 0xcc, 0x59, 
	0xcc, 0x59, 0xbb, 0xd9, 0xbb, 0x95, 0xc3, 0xd3, 
	0xb1, 0x47, 0xe6, 0x2f, 0xdc, 0x9f, 0xc3, 0xd3, 
	0xcc, 0x59, 0xd4, 0x9d, 0xc4, 0x17, 0xc3, 0xd7, 
	0xc3, 0x97, 0xc3, 0x95, 0xcc, 0x59, 0xd4, 0x9d, 
	0xcc, 0x59, 0xd4, 0x99, 0xcc, 0x17, 0xc3, 0x95, 
	0xcb, 0xd5, 0xc3, 0x4f, 0xef, 0x3b, 0xe5, 0x65, 
	0xcb, 0x4d, 0xc3, 0xd3, 0xbb, 0x95, 0xbb, 0x95, 
	0xbb, 0x95, 0xbb, 0x95, 0xc4, 0x17, 0xbb, 0xd5, 
	0xc4, 0x17, 0xcc, 0x59, 0xb3, 0x97, 0xbb, 0x51, 
	0xb2, 0x53, 0xe6, 0x71, 0xe5, 0xa7, 0xbb, 0x13, 
	0xbb, 0x0f, 0xc3, 0xd9, 0xc3, 0x51, 0xcb, 0x95, 
	0xc3, 0x4f, 0xc3, 0x0f, 0xc2, 0x8d, 0xc3, 0xd3, 
	0xbb, 0x4d, 0xcc, 0x13, 0xc3, 0x0f, 0xba, 0xcd, 
	0xba, 0x4d, 0xba, 0x8f, 0xe6, 0x73, 0xd4, 0x63, 
	0xb2, 0x09, 0xa9, 0xcb, 0xa1, 0xc9, 0xa1, 0xc9, 
	0xa1, 0xc9, 0xaa, 0x09, 0xaa, 0x91, 0xaa, 0xd1, 
	0xb3, 0x13, 0xb3, 0x55, 0xb3, 0x15, 0xb2, 0xcf, 
	0xde, 0x2d, 0xde, 0x2d, 0xe6, 0xf5, 0xdd, 0x29, 
	0xd4, 0x5f, 0xd4, 0xa3, 0xd4, 0xa3, 0xe6, 0x69, 
	0xdc, 0xe3, 0xdd, 0x65, 0xde, 0x6b, 0xdd, 0xe7, 
	0xdd, 0xa7, 0xe5, 0xe7, 0xe5, 0xe9, 0xe5, 0xe9, 
	0xe6, 0x29, 0xe6, 0x2b, 0xe6, 0xaf, 0xe6, 0xf1, 
	0xef, 0x33, 0xe6, 0xf3, 0xe6, 0xf1, 0xe6, 0x2b, 
	0xee, 0xb1, 0xee, 0xaf, 0xee, 0xaf, 0xee, 0xaf, 
	0xe6, 0x6d, 0xdd, 0xe9, 0xd5, 0xa7, 0xdd, 0xe7, 
	0xbd, 0x65, 0xbc, 0xe5, 0xcd, 0xeb, 0xd6, 0x6f, 
	0xde, 0x6f, 0xde, 0xb1, 0xd6, 0x6f, 0xd6, 0xb1, 
	0xde, 0xb1, 0xce, 0x6d, 0xce, 0x2d, 0xd6, 0x2d, 
	0xd6, 0x6d, 0xef, 0x31, 0xc4, 0x1d, 0xc4, 0x5f, 
	0xc4, 0x9f, 0xc4, 0x9f, 0xcc, 0xa1, 0xcc, 0xa3, 
	0xdd, 0xeb, 0xcd, 0x25, 0xc4, 0xa1, 0xc4, 0xa1, 
	0xc4, 0xa1, 0xc4, 0xa3, 0xcc, 0xe3, 0xcc, 0xe3, 
	0xcd, 0xa7, 0xe7, 0x33, 0xe7, 0x33, 0xdf, 0x73, 
	0xb3, 0xd5, 0xa2, 0xcf, 0x9a, 0x91, 0xb4, 0x15, 
	0xbc, 0x13, 0xab, 0x11, 0xa3, 0x11, 0xab, 0x11, 
	0xa3, 0x0f, 0x93, 0x13, 0xb4, 0x5f, 0xbc, 0xa1, 
	0xc5, 0x23, 0xe6, 0xaf, 0xb2, 0xcd, 0xbb, 0x95, 
	0xc4, 0x19, 0xc4, 0x19, 0xc4, 0x19, 0xcc, 0xa1, 
	0xc4, 0x19, 0xc3, 0xd7, 0xbb, 0xd7, 0xbb, 0xd7, 
	0xbb, 0x97, 0xbb, 0xd7, 0xbb, 0xd9, 0xbb, 0xd9, 
	0xb3, 0x55, 0xe6, 0xf3, 0xab, 0xdd, 0x92, 0x51, 
	0xdc, 0xdf, 0xdc, 0x9b, 0xd4, 0x9b, 0xd4, 0x57, 
	0xcb, 0x93, 0xc3, 0x95, 0xcc, 0x57, 0xd4, 0x59, 
	0xdc, 0x59, 0xcc, 0x9b, 0xcc, 0x57, 0xc3, 0x8f, 
	0xcc, 0x59, 0xee, 0xf1, 0xba, 0xcd, 0xbb, 0x95, 
	0xc4, 0x5b, 0xc4, 0x1b, 0xcc, 0x59, 0xc3, 0xd7, 
	0xcc, 0x5b, 0xc4, 0x19, 0xc3, 0x95, 0xc3, 0x95, 
	0xbb, 0x95, 0xbb, 0xd7, 0xbb, 0x97, 0xbb, 0x95, 
	0xaa, 0x8f, 0xde, 0xf1, 0xbb, 0x0d, 0xba, 0x89, 
	0xcc, 0x5b, 0xcc, 0x19, 0xd4, 0x9f, 0xd4, 0x9f, 
	0xcb, 0x95, 0xc3, 0xd5, 0xcc, 0x17, 0xcc, 0x17, 
	0xcc, 0x19, 0xcc, 0x5b, 0xc4, 0x17, 0xc4, 0x55, 
	0xcc, 0x9f, 0xe6, 0xef, 0xba, 0xcd, 0xbb, 0x95, 
	0xcc, 0x5b, 0xcc, 0x5d, 0xcc, 0x5b, 0xcc, 0x5d, 
	0xcc, 0x5b, 0xc4, 0x59, 0xc4, 0x59, 0xc4, 0x5b, 
	0xbc, 0x19, 0xbb, 0xd7, 0xcc, 0x19, 0xcc, 0x59, 
	0xb3, 0x55, 0xde, 0xaf, 0xcc, 0x5d, 0xc3, 0x11, 
	0xc3, 0x91, 0xc3, 0x97, 0xd4, 0xa1, 0xd4, 0x9d, 
	0xcc, 0x17, 0xc4, 0x17, 0xc4, 0x17, 0xc4, 0x17, 
	0xc4, 0x59, 0xd4, 0x9b, 0xc3, 0xd5, 0xb3, 0x91, 
	0xc4, 0x5b, 0xde, 0x6f, 0xc3, 0xd5, 0xbb, 0x95, 
	0xc4, 0x19, 0xcc, 0x5b, 0xcc, 0x5b, 0xcc, 0x5d, 
	0xcc, 0x5d, 0xc4, 0x1b, 0xc4, 0x5b, 0xc4, 0x5b, 
	0xb3, 0x97, 0xb3, 0x55, 0xc4, 0x19, 0xc4, 0x5b, 
	0xb3, 0x57, 0xd6, 0xaf, 0xd4, 0x9f, 0xcb, 0xd5, 
	0xcc, 0x59, 0xd5, 0x25, 0xd4, 0x9f, 0xcc, 0x59, 
	0xcc, 0x59, 0xcc, 0x59, 0xcc, 0x59, 0xcc, 0x59, 
	0xcc, 0x59, 0xcc, 0x5b, 0xc3, 0xd7, 0xc3, 0xd5, 
	0xcc, 0x9f, 0xde, 0x6f, 0xc3, 0xd5, 0xc3, 0xd5, 
	0xc3, 0xd7, 0xc4, 0x5d, 0xc4, 0x5b, 0xcc, 0x5d, 
	0xcc, 0x5b, 0xc4, 0x1b, 0xc4, 0x19, 0xbb, 0xd5, 
	0xb3, 0x95, 0xbb, 0x95, 0xc4, 0x17, 0xc4, 0x9d, 
	0xaa, 0xd1, 0xd6, 0x6d, 0xcc, 0x5d, 0xc3, 0x11, 
	0xc3, 0xd3, 0xdd, 0xa5, 0xcc, 0x57, 0xcc, 0x5b, 
	0xcc, 0x9d, 0xcc, 0x9d, 0xcc, 0x9d, 0xcc, 0x5d, 
	0xcc, 0x5b, 0xcc, 0x5b, 0xcc, 0x9f, 0xd4, 0xa3, 
	0xd5, 0x25, 0xdd, 0xa7, 0xcc, 0x19, 0xc4, 0x19, 
	0xc4, 0x19, 0xc4, 0x1b, 0xc3, 0xd9, 0xc3, 0xd9, 
	0xc3, 0xd9, 0xc3, 0xd9, 0xbb, 0xd9, 0xbb, 0x97, 
	0xbb, 0x97, 0xbb, 0xd7, 0xb3, 0xd7, 0xb4, 0x5d, 
	0xac, 0x9d, 0xde, 0xf3, 0xcc, 0x5d, 0xba, 0xd1, 
	
};

Gfx castle_grounds_dl__14_ci8_aligner[] = {gsSPEndDisplayList()};
u8 castle_grounds_dl__14_ci8[] = {
	0x00, 0x01, 0x02, 0x00, 0x03, 0x04, 0x05, 0x06, 
	0x07, 0x06, 0x08, 0x06, 0x09, 0x0a, 0x06, 0x09, 
	0x09, 0x0a, 0x0a, 0x00, 0x09, 0x06, 0x09, 0x09, 
	0x00, 0x0b, 0x02, 0x0c, 0x06, 0x06, 0x0a, 0x00, 
	0x03, 0x08, 0x0a, 0x0a, 0x0a, 0x04, 0x04, 0x09, 
	0x04, 0x0a, 0x07, 0x09, 0x09, 0x06, 0x0a, 0x06, 
	0x02, 0x0a, 0x0a, 0x09, 0x09, 0x09, 0x09, 0x0a, 
	0x09, 0x0a, 0x07, 0x02, 0x02, 0x02, 0x06, 0x0a, 
	0x0a, 0x09, 0x0b, 0x0b, 0x0a, 0x05, 0x06, 0x0d, 
	0x00, 0x09, 0x06, 0x06, 0x0b, 0x08, 0x09, 0x09, 
	0x0e, 0x09, 0x09, 0x0a, 0x06, 0x09, 0x09, 0x0a, 
	0x09, 0x06, 0x06, 0x06, 0x06, 0x0a, 0x0a, 0x0a, 
	0x0a, 0x0b, 0x06, 0x0a, 0x02, 0x0a, 0x06, 0x06, 
	0x09, 0x08, 0x08, 0x02, 0x0b, 0x02, 0x09, 0x09, 
	0x0c, 0x02, 0x06, 0x07, 0x06, 0x09, 0x0d, 0x09, 
	0x06, 0x06, 0x09, 0x08, 0x02, 0x01, 0x01, 0x01, 
	0x09, 0x0a, 0x04, 0x09, 0x0f, 0x10, 0x06, 0x02, 
	0x06, 0x08, 0x07, 0x09, 0x02, 0x0b, 0x02, 0x09, 
	0x00, 0x07, 0x01, 0x06, 0x06, 0x00, 0x11, 0x07, 
	0x06, 0x0b, 0x0b, 0x0b, 0x0b, 0x02, 0x09, 0x02, 
	0x0a, 0x08, 0x0a, 0x02, 0x0c, 0x0a, 0x09, 0x00, 
	0x06, 0x07, 0x06, 0x09, 0x06, 0x0b, 0x02, 0x09, 
	0x0a, 0x07, 0x08, 0x0b, 0x02, 0x0a, 0x0e, 0x01, 
	0x02, 0x06, 0x0b, 0x06, 0x07, 0x07, 0x0b, 0x08, 
	0x00, 0x0a, 0x10, 0x06, 0x0a, 0x0a, 0x0a, 0x06, 
	0x02, 0x07, 0x00, 0x0a, 0x06, 0x06, 0x09, 0x09, 
	0x02, 0x06, 0x09, 0x09, 0x07, 0x09, 0x02, 0x12, 
	0x02, 0x0a, 0x0a, 0x09, 0x07, 0x08, 0x01, 0x02, 
	0x01, 0x02, 0x06, 0x06, 0x09, 0x09, 0x0c, 0x09, 
	0x07, 0x02, 0x0d, 0x09, 0x02, 0x09, 0x09, 0x00, 
	0x07, 0x06, 0x09, 0x00, 0x0a, 0x0a, 0x06, 0x06, 
	0x0a, 0x0a, 0x00, 0x09, 0x06, 0x08, 0x07, 0x0a, 
	0x0a, 0x06, 0x0a, 0x02, 0x06, 0x0c, 0x13, 0x08, 
	0x06, 0x07, 0x0a, 0x09, 0x13, 0x0a, 0x0a, 0x0a, 
	0x06, 0x06, 0x0a, 0x00, 0x09, 0x09, 0x09, 0x06, 
	0x0b, 0x09, 0x02, 0x07, 0x0b, 0x02, 0x07, 0x0a, 
	0x00, 0x04, 0x0a, 0x02, 0x01, 0x0b, 0x02, 0x0b, 
	0x06, 0x06, 0x02, 0x0a, 0x0a, 0x03, 0x09, 0x09, 
	0x0a, 0x06, 0x09, 0x09, 0x06, 0x0a, 0x09, 0x06, 
	0x07, 0x0d, 0x02, 0x07, 0x02, 0x0a, 0x0a, 0x06, 
	0x06, 0x09, 0x00, 0x04, 0x09, 0x01, 0x01, 0x02, 
	0x06, 0x06, 0x06, 0x02, 0x00, 0x03, 0x0a, 0x00, 
	0x00, 0x09, 0x09, 0x09, 0x09, 0x0c, 0x00, 0x06, 
	0x00, 0x0a, 0x06, 0x0b, 0x06, 0x0b, 0x06, 0x07, 
	0x06, 0x02, 0x09, 0x0d, 0x00, 0x02, 0x0c, 0x08, 
	0x09, 0x07, 0x09, 0x0c, 0x02, 0x09, 0x0a, 0x12, 
	0x12, 0x09, 0x02, 0x02, 0x06, 0x0a, 0x0a, 0x06, 
	0x01, 0x0f, 0x09, 0x0a, 0x05, 0x0a, 0x06, 0x06, 
	0x0a, 0x02, 0x02, 0x00, 0x0a, 0x0a, 0x0a, 0x0a, 
	0x02, 0x06, 0x07, 0x0b, 0x02, 0x02, 0x0a, 0x0c, 
	0x07, 0x06, 0x0b, 0x0c, 0x0a, 0x0a, 0x02, 0x01, 
	0x14, 0x01, 0x0b, 0x06, 0x0a, 0x00, 0x0a, 0x06, 
	0x01, 0x02, 0x01, 0x12, 0x0a, 0x09, 0x0a, 0x04, 
	0x09, 0x09, 0x07, 0x15, 0x02, 0x06, 0x06, 0x0a, 
	0x09, 0x07, 0x02, 0x0b, 0x00, 0x00, 0x01, 0x13, 
	0x14, 0x01, 0x01, 0x08, 0x0a, 0x00, 0x02, 0x06, 
	0x08, 0x08, 0x02, 0x09, 0x06, 0x07, 0x04, 0x00, 
	0x06, 0x0a, 0x06, 0x09, 0x06, 0x06, 0x01, 0x0c, 
	0x0a, 0x06, 0x06, 0x06, 0x09, 0x04, 0x16, 0x0c, 
	0x02, 0x0b, 0x02, 0x10, 0x12, 0x06, 0x06, 0x06, 
	0x09, 0x02, 0x0a, 0x00, 0x07, 0x0b, 0x06, 0x0d, 
	0x06, 0x0a, 0x0a, 0x09, 0x06, 0x07, 0x02, 0x02, 
	0x09, 0x06, 0x00, 0x00, 0x0c, 0x0a, 0x0a, 0x06, 
	0x0c, 0x0c, 0x06, 0x09, 0x09, 0x09, 0x09, 0x09, 
	0x09, 0x02, 0x02, 0x0b, 0x0b, 0x08, 0x0a, 0x09, 
	0x08, 0x00, 0x00, 0x09, 0x02, 0x06, 0x0c, 0x09, 
	0x06, 0x0a, 0x00, 0x0a, 0x0a, 0x09, 0x09, 0x02, 
	0x0c, 0x0c, 0x02, 0x09, 0x09, 0x0a, 0x09, 0x06, 
	0x06, 0x0a, 0x09, 0x06, 0x01, 0x06, 0x0d, 0x09, 
	0x00, 0x00, 0x0a, 0x09, 0x06, 0x09, 0x09, 0x02, 
	0x09, 0x00, 0x09, 0x09, 0x0a, 0x09, 0x09, 0x09, 
	0x06, 0x02, 0x02, 0x06, 0x09, 0x0a, 0x09, 0x17, 
	0x07, 0x06, 0x09, 0x06, 0x0d, 0x09, 0x0a, 0x02, 
	0x0a, 0x00, 0x00, 0x09, 0x09, 0x09, 0x09, 0x09, 
	0x0f, 0x06, 0x09, 0x02, 0x0a, 0x09, 0x0a, 0x00, 
	0x06, 0x02, 0x0c, 0x06, 0x09, 0x0a, 0x09, 0x0b, 
	0x02, 0x06, 0x00, 0x02, 0x02, 0x06, 0x08, 0x01, 
	0x09, 0x0c, 0x09, 0x09, 0x0f, 0x00, 0x00, 0x09, 
	0x09, 0x01, 0x08, 0x0b, 0x0a, 0x06, 0x09, 0x0a, 
	0x02, 0x09, 0x06, 0x02, 0x09, 0x0a, 0x01, 0x02, 
	0x09, 0x0a, 0x00, 0x09, 0x06, 0x09, 0x02, 0x09, 
	0x06, 0x02, 0x02, 0x12, 0x00, 0x00, 0x00, 0x09, 
	0x02, 0x18, 0x0b, 0x07, 0x02, 0x02, 0x09, 0x09, 
	0x09, 0x09, 0x09, 0x06, 0x09, 0x09, 0x08, 0x07, 
	0x09, 0x09, 0x09, 0x09, 0x0a, 0x09, 0x0a, 0x09, 
	0x02, 0x02, 0x02, 0x15, 0x09, 0x09, 0x09, 0x00, 
	0x02, 0x17, 0x06, 0x0a, 0x06, 0x06, 0x00, 0x06, 
	0x09, 0x09, 0x0f, 0x09, 0x09, 0x06, 0x02, 0x09, 
	0x0e, 0x19, 0x09, 0x02, 0x0a, 0x0a, 0x0a, 0x06, 
	0x02, 0x02, 0x02, 0x09, 0x09, 0x02, 0x02, 0x09, 
	0x02, 0x06, 0x07, 0x09, 0x0a, 0x09, 0x09, 0x06, 
	0x06, 0x06, 0x00, 0x00, 0x02, 0x02, 0x07, 0x06, 
	0x02, 0x1a, 0x09, 0x02, 0x06, 0x09, 0x09, 0x02, 
	0x06, 0x06, 0x09, 0x09, 0x0c, 0x02, 0x0c, 0x09, 
	0x09, 0x00, 0x06, 0x09, 0x02, 0x06, 0x09, 0x0a, 
	0x09, 0x09, 0x0a, 0x03, 0x00, 0x0d, 0x02, 0x0a, 
	0x0d, 0x09, 0x09, 0x09, 0x02, 0x06, 0x02, 0x02, 
	0x02, 0x09, 0x09, 0x09, 0x07, 0x0c, 0x06, 0x02, 
	0x09, 0x00, 0x07, 0x09, 0x11, 0x02, 0x0a, 0x0c, 
	0x17, 0x06, 0x06, 0x07, 0x06, 0x02, 0x00, 0x03, 
	0x09, 0x09, 0x09, 0x02, 0x0b, 0x02, 0x0b, 0x08, 
	0x02, 0x07, 0x09, 0x06, 0x06, 0x06, 0x06, 0x0c, 
	0x0a, 0x06, 0x07, 0x09, 0x0e, 0x02, 0x09, 0x02, 
	0x01, 0x0b, 0x06, 0x02, 0x06, 0x01, 0x0a, 0x02, 
	0x02, 0x0c, 0x0c, 0x0b, 0x08, 0x02, 0x0b, 0x02, 
	0x02, 0x07, 0x06, 0x07, 0x02, 0x06, 0x09, 0x09, 
	0x09, 0x06, 0x09, 0x06, 0x02, 0x09, 0x09, 0x12, 
	0x01, 0x02, 0x09, 0x02, 0x06, 0x06, 0x09, 0x09, 
	0x02, 0x08, 0x08, 0x08, 0x0b, 0x07, 0x07, 0x02, 
	0x02, 0x02, 0x02, 0x02, 0x02, 0x06, 0x09, 0x09, 
	0x09, 0x09, 0x06, 0x02, 0x02, 0x06, 0x06, 0x06, 
	0x02, 0x02, 0x0b, 0x06, 0x07, 0x06, 0x0c, 0x02, 
	0x01, 0x01, 0x17, 0x0b, 0x07, 0x06, 0x02, 0x02, 
	0x01, 0x01, 0x01, 0x02, 0x09, 0x02, 0x09, 0x09, 
	0x09, 0x07, 0x07, 0x02, 0x02, 0x02, 0x02, 0x02, 
	0x02, 0x02, 0x0b, 0x02, 0x07, 0x07, 0x07, 0x01, 
	0x01, 0x0e, 0x12, 0x0c, 0x02, 0x02, 0x08, 0x0b, 
	0x02, 0x0c, 0x02, 0x06, 0x0c, 0x02, 0x02, 0x09, 
	0x06, 0x07, 0x07, 0x07, 0x02, 0x02, 0x02, 0x02, 
	0x02, 0x12, 0x02, 0x02, 0x09, 0x02, 0x06, 0x02, 
	0x02, 0x09, 0x1b, 0x02, 0x02, 0x08, 0x02, 0x0a, 
	0x0a, 0x06, 0x13, 0x02, 0x02, 0x02, 0x17, 0x02, 
	0x02, 0x07, 0x06, 0x07, 0x07, 0x07, 0x02, 0x02, 
	0x10, 0x09, 0x09, 0x0b, 0x09, 0x00, 0x02, 0x02, 
	0x02, 0x06, 0x02, 0x15, 0x11, 0x02, 0x02, 0x0a, 
	0x00, 0x00, 0x02, 0x0b, 0x06, 0x02, 0x0c, 0x02, 
	0x02, 0x07, 0x06, 0x07, 0x07, 0x07, 0x06, 0x02, 
	0x02, 0x02, 0x06, 0x06, 0x0c, 0x09, 0x09, 0x02, 
	
};

Gfx castle_grounds_dl__14_pal_rgba16_aligner[] = {gsSPEndDisplayList()};
u8 castle_grounds_dl__14_pal_rgba16[] = {
	0xe6, 0xe1, 0xd6, 0x1b, 0xde, 0x5d, 0xe7, 0x23, 
	0xe7, 0x21, 0xe7, 0x1f, 0xe6, 0x9d, 0xe6, 0x5d, 
	0xde, 0x1b, 0xe6, 0x9f, 0xe6, 0xdf, 0xde, 0x5b, 
	0xde, 0x9d, 0xe6, 0xe3, 0xd6, 0x1d, 0xe6, 0xa1, 
	0xde, 0x1d, 0xde, 0xa1, 0xde, 0x9f, 0xd6, 0x5b, 
	0xd5, 0xd9, 0xde, 0x5f, 0xde, 0xdf, 0xd6, 0x5d, 
	0xd6, 0x19, 0xde, 0xa3, 0xe6, 0xa3, 0xe6, 0x5f, 
	
};

Gfx castle_grounds_dl__15_ci8_aligner[] = {gsSPEndDisplayList()};
u8 castle_grounds_dl__15_ci8[] = {
	0x00, 0x00, 0x00, 0x00, 0x01, 0x01, 0x01, 0x02, 
	0x03, 0x04, 0x04, 0x04, 0x04, 0x05, 0x05, 0x04, 
	0x03, 0x06, 0x07, 0x06, 0x08, 0x09, 0x0a, 0x0b, 
	0x0b, 0x0a, 0x0a, 0x09, 0x09, 0x09, 0x02, 0x02, 
	0x0c, 0x0d, 0x0e, 0x0e, 0x01, 0x01, 0x01, 0x02, 
	0x0f, 0x04, 0x04, 0x04, 0x05, 0x10, 0x10, 0x0a, 
	0x04, 0x03, 0x06, 0x06, 0x06, 0x08, 0x09, 0x0a, 
	0x0a, 0x0a, 0x09, 0x03, 0x03, 0x0a, 0x03, 0x00, 
	0x0e, 0x11, 0x11, 0x0e, 0x01, 0x01, 0x06, 0x02, 
	0x0f, 0x04, 0x10, 0x12, 0x13, 0x10, 0x14, 0x10, 
	0x0a, 0x03, 0x06, 0x06, 0x06, 0x08, 0x03, 0x09, 
	0x09, 0x09, 0x08, 0x15, 0x15, 0x03, 0x09, 0x02, 
	0x01, 0x11, 0x16, 0x0e, 0x06, 0x06, 0x02, 0x17, 
	0x18, 0x18, 0x19, 0x1a, 0x1b, 0x1c, 0x0b, 0x0b, 
	0x0a, 0x1d, 0x08, 0x08, 0x08, 0x03, 0x09, 0x09, 
	0x1e, 0x08, 0x07, 0x1f, 0x06, 0x03, 0x09, 0x02, 
	0x02, 0x01, 0x07, 0x07, 0x20, 0x06, 0x06, 0x02, 
	0x02, 0x1a, 0x21, 0x22, 0x23, 0x1b, 0x0a, 0x0a, 
	0x1a, 0x24, 0x25, 0x09, 0x09, 0x09, 0x09, 0x09, 
	0x1e, 0x08, 0x06, 0x01, 0x01, 0x02, 0x03, 0x03, 
	0x03, 0x06, 0x07, 0x07, 0x20, 0x06, 0x06, 0x06, 
	0x00, 0x00, 0x26, 0x27, 0x26, 0x28, 0x0a, 0x1d, 
	0x0a, 0x1d, 0x09, 0x04, 0x04, 0x0a, 0x03, 0x29, 
	0x03, 0x03, 0x06, 0x06, 0x06, 0x02, 0x03, 0x03, 
	0x02, 0x06, 0x06, 0x20, 0x20, 0x06, 0x01, 0x01, 
	0x0e, 0x0e, 0x0e, 0x0e, 0x01, 0x02, 0x09, 0x1d, 
	0x2a, 0x0a, 0x0a, 0x04, 0x02, 0x2b, 0x2c, 0x05, 
	0x00, 0x2d, 0x02, 0x03, 0x02, 0x06, 0x02, 0x02, 
	0x06, 0x06, 0x06, 0x06, 0x06, 0x06, 0x01, 0x0e, 
	0x11, 0x11, 0x11, 0x0e, 0x01, 0x06, 0x03, 0x1d, 
	0x1d, 0x0a, 0x0a, 0x0f, 0x02, 0x2c, 0x0f, 0x2e, 
	0x2f, 0x0d, 0x0f, 0x04, 0x03, 0x06, 0x01, 0x01, 
	0x0e, 0x01, 0x06, 0x08, 0x03, 0x03, 0x02, 0x0e, 
	0x11, 0x30, 0x31, 0x32, 0x01, 0x06, 0x03, 0x09, 
	0x33, 0x0a, 0x0a, 0x0f, 0x11, 0x00, 0x05, 0x2c, 
	0x34, 0x2f, 0x05, 0x04, 0x03, 0x01, 0x01, 0x01, 
	0x01, 0x01, 0x02, 0x09, 0x09, 0x04, 0x0f, 0x02, 
	0x35, 0x1f, 0x36, 0x07, 0x06, 0x08, 0x03, 0x09, 
	0x1d, 0x0a, 0x04, 0x2c, 0x37, 0x2d, 0x10, 0x38, 
	0x37, 0x05, 0x04, 0x03, 0x03, 0x02, 0x00, 0x01, 
	0x00, 0x01, 0x03, 0x04, 0x0a, 0x0a, 0x0a, 0x0f, 
	0x06, 0x35, 0x20, 0x08, 0x08, 0x03, 0x03, 0x09, 
	0x09, 0x09, 0x04, 0x02, 0x2c, 0x2c, 0x10, 0x38, 
	0x0b, 0x10, 0x0f, 0x39, 0x03, 0x03, 0x02, 0x00, 
	0x02, 0x03, 0x04, 0x0a, 0x10, 0x10, 0x10, 0x0a, 
	0x09, 0x06, 0x3a, 0x1e, 0x09, 0x09, 0x09, 0x09, 
	0x09, 0x09, 0x03, 0x02, 0x0f, 0x04, 0x10, 0x0b, 
	0x0b, 0x10, 0x04, 0x04, 0x0a, 0x04, 0x0f, 0x0f, 
	0x04, 0x04, 0x04, 0x10, 0x10, 0x10, 0x10, 0x10, 
	0x04, 0x03, 0x03, 0x09, 0x03, 0x09, 0x09, 0x09, 
	0x09, 0x09, 0x0f, 0x0f, 0x0f, 0x04, 0x10, 0x0b, 
	0x0b, 0x0b, 0x10, 0x10, 0x10, 0x10, 0x05, 0x04, 
	0x04, 0x04, 0x04, 0x10, 0x10, 0x3b, 0x19, 0x04, 
	0x04, 0x04, 0x04, 0x04, 0x09, 0x04, 0x1d, 0x1d, 
	0x0a, 0x04, 0x04, 0x04, 0x04, 0x0a, 0x0b, 0x0b, 
	0x0b, 0x2a, 0x0b, 0x0b, 0x0b, 0x10, 0x10, 0x0a, 
	0x09, 0x09, 0x04, 0x0a, 0x19, 0x3c, 0x3d, 0x0f, 
	0x05, 0x10, 0x10, 0x0a, 0x09, 0x3e, 0x3f, 0x0a, 
	0x0a, 0x10, 0x10, 0x10, 0x10, 0x0a, 0x0a, 0x0a, 
	0x2a, 0x2a, 0x2a, 0x0a, 0x0a, 0x0a, 0x0a, 0x0a, 
	0x25, 0x25, 0x17, 0x25, 0x25, 0x04, 0x0f, 0x0f, 
	0x10, 0x10, 0x38, 0x0b, 0x0a, 0x1d, 0x33, 0x2a, 
	0x0b, 0x38, 0x38, 0x10, 0x10, 0x0f, 0x40, 0x0a, 
	0x0a, 0x33, 0x2a, 0x03, 0x0a, 0x0a, 0x0a, 0x04, 
	0x17, 0x17, 0x26, 0x0c, 0x00, 0x02, 0x17, 0x04, 
	0x10, 0x38, 0x0b, 0x0b, 0x2a, 0x2a, 0x41, 0x2a, 
	0x2a, 0x0b, 0x10, 0x2b, 0x00, 0x18, 0x42, 0x08, 
	0x30, 0x1d, 0x1d, 0x1d, 0x1d, 0x0a, 0x0a, 0x25, 
	0x17, 0x26, 0x26, 0x00, 0x03, 0x35, 0x0f, 0x0f, 
	0x10, 0x0b, 0x0b, 0x0a, 0x3f, 0x0b, 0x2a, 0x43, 
	0x1d, 0x0a, 0x04, 0x0f, 0x00, 0x2d, 0x06, 0x40, 
	0x08, 0x1d, 0x09, 0x1d, 0x2a, 0x1d, 0x0a, 0x03, 
	0x02, 0x2c, 0x2c, 0x05, 0x35, 0x04, 0x00, 0x2d, 
	0x05, 0x0b, 0x0b, 0x43, 0x1a, 0x1d, 0x1d, 0x44, 
	0x45, 0x1e, 0x08, 0x31, 0x40, 0x46, 0x46, 0x46, 
	0x08, 0x2b, 0x03, 0x09, 0x1d, 0x1d, 0x04, 0x03, 
	0x0f, 0x0f, 0x05, 0x04, 0x04, 0x40, 0x10, 0x10, 
	0x05, 0x10, 0x04, 0x08, 0x1e, 0x46, 0x46, 0x1e, 
	0x08, 0x08, 0x3a, 0x3a, 0x1e, 0x06, 0x35, 0x06, 
	0x03, 0x00, 0x03, 0x0a, 0x0b, 0x0b, 0x0a, 0x0f, 
	0x04, 0x05, 0x05, 0x0f, 0x02, 0x09, 0x02, 0x2b, 
	0x10, 0x05, 0x03, 0x06, 0x08, 0x47, 0x1e, 0x1e, 
	0x1e, 0x08, 0x08, 0x1e, 0x09, 0x1d, 0x09, 0x02, 
	0x2c, 0x2c, 0x04, 0x10, 0x0b, 0x0b, 0x2a, 0x0a, 
	0x0f, 0x04, 0x0f, 0x02, 0x06, 0x08, 0x09, 0x0a, 
	0x10, 0x04, 0x03, 0x06, 0x06, 0x08, 0x1e, 0x09, 
	0x09, 0x25, 0x45, 0x03, 0x09, 0x03, 0x03, 0x02, 
	0x02, 0x03, 0x04, 0x3e, 0x0b, 0x0b, 0x0a, 0x03, 
	0x02, 0x0f, 0x03, 0x06, 0x01, 0x06, 0x42, 0x0a, 
	0x0a, 0x04, 0x03, 0x06, 0x06, 0x03, 0x09, 0x09, 
	0x09, 0x25, 0x25, 0x25, 0x03, 0x02, 0x02, 0x02, 
	0x03, 0x03, 0x03, 0x0a, 0x2a, 0x0a, 0x09, 0x06, 
	0x03, 0x03, 0x06, 0x06, 0x06, 0x03, 0x48, 0x04, 
	0x0a, 0x0a, 0x09, 0x03, 0x03, 0x03, 0x04, 0x04, 
	0x04, 0x19, 0x18, 0x18, 0x0f, 0x02, 0x01, 0x01, 
	0x01, 0x06, 0x01, 0x03, 0x1d, 0x0a, 0x1d, 0x09, 
	0x04, 0x03, 0x06, 0x02, 0x03, 0x0f, 0x0f, 0x04, 
	0x04, 0x0a, 0x0a, 0x04, 0x04, 0x04, 0x04, 0x04, 
	0x1a, 0x04, 0x19, 0x04, 0x0f, 0x02, 0x01, 0x32, 
	0x32, 0x00, 0x00, 0x03, 0x0a, 0x2a, 0x0a, 0x0a, 
	0x04, 0x04, 0x03, 0x0f, 0x04, 0x05, 0x05, 0x2f, 
	0x2f, 0x05, 0x10, 0x0a, 0x0a, 0x04, 0x04, 0x04, 
	0x04, 0x1a, 0x0a, 0x0a, 0x0a, 0x03, 0x01, 0x31, 
	0x30, 0x01, 0x00, 0x2c, 0x04, 0x0a, 0x0a, 0x0a, 
	0x04, 0x04, 0x0f, 0x05, 0x05, 0x10, 0x05, 0x2c, 
	0x37, 0x2f, 0x05, 0x0a, 0x0a, 0x0a, 0x04, 0x1a, 
	0x25, 0x19, 0x0a, 0x0a, 0x0a, 0x04, 0x02, 0x07, 
	0x07, 0x0e, 0x0e, 0x02, 0x0f, 0x04, 0x04, 0x0a, 
	0x04, 0x04, 0x10, 0x05, 0x13, 0x05, 0x04, 0x37, 
	0x49, 0x4a, 0x2c, 0x04, 0x0a, 0x0a, 0x0a, 0x09, 
	0x43, 0x4b, 0x0a, 0x0a, 0x0a, 0x0f, 0x29, 0x0e, 
	0x2d, 0x01, 0x02, 0x02, 0x2c, 0x02, 0x0f, 0x04, 
	0x04, 0x05, 0x4b, 0x13, 0x1a, 0x23, 0x10, 0x02, 
	0x0d, 0x0d, 0x00, 0x03, 0x04, 0x0a, 0x0a, 0x09, 
	0x09, 0x1d, 0x0a, 0x0a, 0x0a, 0x04, 0x0a, 0x09, 
	0x1e, 0x09, 0x03, 0x03, 0x02, 0x02, 0x02, 0x0f, 
	0x0f, 0x04, 0x10, 0x13, 0x1b, 0x18, 0x04, 0x03, 
	0x02, 0x02, 0x02, 0x03, 0x03, 0x09, 0x09, 0x09, 
	0x09, 0x09, 0x0a, 0x0a, 0x0a, 0x10, 0x0a, 0x02, 
	0x2d, 0x00, 0x02, 0x0f, 0x03, 0x02, 0x02, 0x03, 
	0x0f, 0x04, 0x0a, 0x04, 0x0f, 0x02, 0x02, 0x02, 
	0x03, 0x03, 0x03, 0x03, 0x06, 0x03, 0x0f, 0x0f, 
	0x03, 0x06, 0x03, 0x04, 0x0a, 0x0a, 0x04, 0x0f, 
	0x04, 0x0f, 0x04, 0x04, 0x0f, 0x02, 0x02, 0x02, 
	0x2c, 0x0f, 0x0f, 0x0f, 0x02, 0x01, 0x01, 0x06, 
	0x03, 0x03, 0x03, 0x03, 0x03, 0x0f, 0x04, 0x0f, 
	0x03, 0x01, 0x06, 0x03, 0x09, 0x19, 0x04, 0x0a, 
	0x0a, 0x0a, 0x0a, 0x04, 0x04, 0x03, 0x02, 0x02, 
	
};

Gfx castle_grounds_dl__15_pal_rgba16_aligner[] = {gsSPEndDisplayList()};
u8 castle_grounds_dl__15_pal_rgba16[] = {
	0x4d, 0xc1, 0x4e, 0x01, 0x45, 0xc1, 0x3d, 0xc1, 
	0x35, 0x81, 0x35, 0x41, 0x46, 0x01, 0x4e, 0x41, 
	0x3e, 0x01, 0x35, 0xc1, 0x2d, 0x81, 0x25, 0x41, 
	0x55, 0xc3, 0x55, 0xc1, 0x56, 0x01, 0x3d, 0x81, 
	0x2d, 0x41, 0x5e, 0x01, 0x3d, 0x43, 0x35, 0x43, 
	0x2d, 0x43, 0x46, 0x03, 0x5e, 0x03, 0x45, 0xc3, 
	0x3d, 0x83, 0x35, 0x83, 0x7e, 0x19, 0x3d, 0x85, 
	0x35, 0x85, 0x2d, 0xc1, 0x36, 0x01, 0x4e, 0x03, 
	0x46, 0x41, 0x45, 0x83, 0x45, 0x85, 0x45, 0x87, 
	0x56, 0x0d, 0x3d, 0xc3, 0x4d, 0xc3, 0x76, 0x15, 
	0x45, 0xc5, 0x76, 0x41, 0x25, 0x81, 0x66, 0x01, 
	0x45, 0x81, 0x86, 0x41, 0x76, 0x01, 0x3d, 0x41, 
	0x66, 0x41, 0x5e, 0x41, 0x56, 0x41, 0x25, 0xc1, 
	0x6e, 0x01, 0x86, 0x81, 0x56, 0x43, 0x4d, 0x81, 
	0x25, 0x01, 0x5d, 0xcd, 0x3e, 0x41, 0x3d, 0x87, 
	0x86, 0x1b, 0x4d, 0xc7, 0x76, 0x17, 0x2d, 0x83, 
	0x6e, 0x41, 0x1d, 0x41, 0x3d, 0xc5, 0x35, 0xc3, 
	0x46, 0x07, 0x3e, 0x03, 0x2e, 0x01, 0x36, 0x41, 
	0x6e, 0x11, 0x8e, 0x81, 0x5d, 0xc1, 0x6d, 0xd5, 
	
};

Gfx castle_grounds_dl__16_ci8_aligner[] = {gsSPEndDisplayList()};
u8 castle_grounds_dl__16_ci8[] = {
	0x00, 0x01, 0x02, 0x03, 0x04, 0x05, 0x06, 0x07, 
	0x03, 0x01, 0x08, 0x05, 0x05, 0x09, 0x0a, 0x0b, 
	0x05, 0x05, 0x03, 0x0c, 0x0d, 0x06, 0x0a, 0x06, 
	0x07, 0x0a, 0x07, 0x06, 0x04, 0x04, 0x05, 0x08, 
	0x0e, 0x0f, 0x10, 0x11, 0x10, 0x10, 0x10, 0x12, 
	0x10, 0x13, 0x14, 0x15, 0x16, 0x10, 0x17, 0x18, 
	0x07, 0x16, 0x19, 0x10, 0x13, 0x19, 0x14, 0x10, 
	0x10, 0x1a, 0x16, 0x13, 0x10, 0x13, 0x10, 0x14, 
	0x1b, 0x17, 0x0f, 0x0e, 0x10, 0x1b, 0x10, 0x1c, 
	0x1c, 0x1d, 0x0f, 0x0e, 0x0e, 0x1e, 0x1f, 0x20, 
	0x21, 0x19, 0x10, 0x12, 0x10, 0x1a, 0x22, 0x10, 
	0x1c, 0x1d, 0x10, 0x23, 0x14, 0x10, 0x10, 0x14, 
	0x10, 0x24, 0x0f, 0x1d, 0x24, 0x10, 0x24, 0x1d, 
	0x1d, 0x24, 0x0f, 0x1c, 0x25, 0x10, 0x26, 0x20, 
	0x27, 0x10, 0x10, 0x13, 0x13, 0x10, 0x1a, 0x28, 
	0x1a, 0x14, 0x1c, 0x10, 0x13, 0x22, 0x10, 0x10, 
	0x17, 0x29, 0x1d, 0x10, 0x17, 0x1c, 0x0f, 0x0f, 
	0x10, 0x1c, 0x23, 0x10, 0x1d, 0x24, 0x2a, 0x2b, 
	0x2c, 0x10, 0x10, 0x1c, 0x1c, 0x10, 0x10, 0x14, 
	0x10, 0x10, 0x10, 0x1c, 0x0f, 0x10, 0x13, 0x0e, 
	0x0e, 0x10, 0x1d, 0x1d, 0x0f, 0x10, 0x10, 0x10, 
	0x24, 0x1c, 0x2d, 0x2e, 0x2f, 0x0e, 0x1f, 0x30, 
	0x01, 0x10, 0x10, 0x14, 0x10, 0x1c, 0x22, 0x10, 
	0x10, 0x10, 0x10, 0x10, 0x0f, 0x1c, 0x10, 0x13, 
	0x1c, 0x10, 0x10, 0x17, 0x0f, 0x10, 0x1d, 0x10, 
	0x1c, 0x24, 0x17, 0x0e, 0x24, 0x1e, 0x1f, 0x31, 
	0x32, 0x14, 0x10, 0x1d, 0x1d, 0x1a, 0x10, 0x10, 
	0x17, 0x0e, 0x10, 0x1c, 0x10, 0x10, 0x1c, 0x1c, 
	0x24, 0x0e, 0x24, 0x0f, 0x10, 0x1d, 0x1d, 0x0f, 
	0x0f, 0x24, 0x24, 0x10, 0x17, 0x0e, 0x1f, 0x2b, 
	0x05, 0x10, 0x33, 0x10, 0x1d, 0x1c, 0x0f, 0x0e, 
	0x0f, 0x10, 0x23, 0x1c, 0x10, 0x17, 0x1c, 0x10, 
	0x0e, 0x10, 0x24, 0x24, 0x0f, 0x24, 0x0e, 0x1d, 
	0x1b, 0x0f, 0x24, 0x24, 0x34, 0x1e, 0x35, 0x31, 
	0x36, 0x10, 0x34, 0x1e, 0x10, 0x10, 0x1d, 0x1b, 
	0x1d, 0x17, 0x24, 0x0f, 0x10, 0x17, 0x1c, 0x1d, 
	0x24, 0x37, 0x0e, 0x38, 0x0f, 0x1c, 0x1c, 0x10, 
	0x0e, 0x1c, 0x1b, 0x24, 0x24, 0x17, 0x1f, 0x39, 
	0x06, 0x10, 0x17, 0x17, 0x1d, 0x1d, 0x24, 0x17, 
	0x24, 0x10, 0x0e, 0x10, 0x1d, 0x10, 0x10, 0x0f, 
	0x17, 0x1d, 0x10, 0x1d, 0x1b, 0x10, 0x1c, 0x0e, 
	0x1b, 0x1c, 0x0f, 0x1c, 0x17, 0x17, 0x1f, 0x31, 
	0x3a, 0x0f, 0x33, 0x1c, 0x0e, 0x17, 0x24, 0x1b, 
	0x24, 0x2f, 0x0e, 0x1d, 0x10, 0x1c, 0x10, 0x33, 
	0x1c, 0x10, 0x1c, 0x0f, 0x10, 0x14, 0x0f, 0x0e, 
	0x1a, 0x1d, 0x10, 0x14, 0x29, 0x2e, 0x1f, 0x31, 
	0x27, 0x10, 0x0e, 0x0e, 0x29, 0x17, 0x34, 0x26, 
	0x17, 0x17, 0x1b, 0x10, 0x17, 0x33, 0x1d, 0x10, 
	0x1b, 0x1d, 0x1d, 0x1b, 0x0f, 0x1b, 0x1d, 0x10, 
	0x1b, 0x24, 0x1c, 0x0f, 0x17, 0x2e, 0x3b, 0x2b, 
	0x04, 0x14, 0x35, 0x1b, 0x2e, 0x26, 0x2e, 0x1f, 
	0x17, 0x17, 0x2e, 0x2e, 0x17, 0x0e, 0x17, 0x0e, 
	0x2a, 0x1f, 0x3c, 0x3d, 0x1e, 0x1f, 0x1f, 0x1f, 
	0x3e, 0x1f, 0x1f, 0x1f, 0x35, 0x1f, 0x3f, 0x2b, 
	0x40, 0x1f, 0x1f, 0x1f, 0x1f, 0x3c, 0x41, 0x3b, 
	0x42, 0x3b, 0x43, 0x44, 0x42, 0x3d, 0x41, 0x41, 
	0x45, 0x18, 0x46, 0x2b, 0x47, 0x2b, 0x2b, 0x2b, 
	0x39, 0x39, 0x2b, 0x39, 0x47, 0x2b, 0x47, 0x18, 
	0x48, 0x49, 0x2b, 0x4a, 0x2b, 0x4b, 0x4a, 0x30, 
	0x2b, 0x4c, 0x4a, 0x2b, 0x30, 0x20, 0x4c, 0x2b, 
	0x39, 0x4d, 0x06, 0x4d, 0x4d, 0x27, 0x03, 0x04, 
	0x0a, 0x4d, 0x36, 0x27, 0x09, 0x27, 0x4d, 0x27, 
	0x06, 0x05, 0x4e, 0x05, 0x04, 0x0a, 0x06, 0x04, 
	0x4d, 0x0a, 0x0a, 0x0a, 0x06, 0x4d, 0x4d, 0x27, 
	0x46, 0x0c, 0x07, 0x4f, 0x4d, 0x40, 0x04, 0x21, 
	0x36, 0x27, 0x27, 0x0a, 0x0a, 0x0a, 0x0a, 0x4d, 
	0x0a, 0x27, 0x07, 0x06, 0x4d, 0x06, 0x0a, 0x05, 
	0x27, 0x27, 0x0a, 0x4d, 0x27, 0x3a, 0x50, 0x1f, 
	0x48, 0x05, 0x05, 0x07, 0x4d, 0x36, 0x4d, 0x0a, 
	0x3a, 0x40, 0x0a, 0x04, 0x27, 0x51, 0x06, 0x4d, 
	0x36, 0x07, 0x0a, 0x0a, 0x36, 0x07, 0x05, 0x52, 
	0x36, 0x0a, 0x0a, 0x07, 0x4d, 0x27, 0x27, 0x42, 
	0x39, 0x09, 0x05, 0x05, 0x04, 0x4d, 0x03, 0x07, 
	0x05, 0x53, 0x04, 0x27, 0x04, 0x05, 0x07, 0x06, 
	0x06, 0x06, 0x00, 0x36, 0x0a, 0x0a, 0x0a, 0x05, 
	0x4d, 0x05, 0x0a, 0x54, 0x05, 0x0a, 0x36, 0x3f, 
	0x39, 0x07, 0x05, 0x05, 0x06, 0x4d, 0x06, 0x04, 
	0x07, 0x27, 0x04, 0x06, 0x06, 0x4d, 0x05, 0x06, 
	0x4d, 0x05, 0x4d, 0x06, 0x06, 0x04, 0x04, 0x0a, 
	0x05, 0x27, 0x06, 0x36, 0x4d, 0x05, 0x0a, 0x3b, 
	0x55, 0x05, 0x04, 0x4d, 0x27, 0x07, 0x27, 0x36, 
	0x06, 0x36, 0x04, 0x05, 0x04, 0x36, 0x27, 0x07, 
	0x07, 0x06, 0x07, 0x3a, 0x05, 0x05, 0x07, 0x04, 
	0x04, 0x51, 0x05, 0x06, 0x07, 0x36, 0x27, 0x3b, 
	0x56, 0x04, 0x07, 0x0a, 0x27, 0x36, 0x0a, 0x4d, 
	0x27, 0x05, 0x0a, 0x36, 0x05, 0x27, 0x51, 0x36, 
	0x07, 0x07, 0x04, 0x4d, 0x07, 0x4d, 0x4d, 0x36, 
	0x36, 0x27, 0x07, 0x57, 0x36, 0x0a, 0x58, 0x3d, 
	0x59, 0x36, 0x05, 0x0a, 0x4d, 0x36, 0x36, 0x06, 
	0x0a, 0x4d, 0x57, 0x36, 0x27, 0x51, 0x36, 0x36, 
	0x36, 0x0a, 0x4f, 0x04, 0x4d, 0x36, 0x06, 0x4d, 
	0x27, 0x27, 0x0a, 0x05, 0x06, 0x2c, 0x27, 0x3d, 
	0x5a, 0x0c, 0x05, 0x36, 0x05, 0x0c, 0x4d, 0x0a, 
	0x36, 0x40, 0x4d, 0x0a, 0x27, 0x40, 0x36, 0x05, 
	0x06, 0x27, 0x36, 0x0a, 0x07, 0x0a, 0x27, 0x36, 
	0x06, 0x06, 0x27, 0x27, 0x04, 0x0a, 0x0a, 0x43, 
	0x5a, 0x05, 0x06, 0x27, 0x58, 0x0a, 0x5b, 0x36, 
	0x4d, 0x5c, 0x27, 0x36, 0x27, 0x4d, 0x27, 0x36, 
	0x27, 0x07, 0x27, 0x04, 0x36, 0x06, 0x04, 0x0a, 
	0x27, 0x5b, 0x36, 0x27, 0x0a, 0x07, 0x27, 0x3f, 
	0x59, 0x08, 0x05, 0x36, 0x07, 0x0a, 0x3a, 0x27, 
	0x27, 0x27, 0x4d, 0x07, 0x0a, 0x27, 0x3a, 0x4f, 
	0x27, 0x06, 0x0a, 0x04, 0x0a, 0x27, 0x36, 0x36, 
	0x36, 0x21, 0x0a, 0x36, 0x36, 0x53, 0x57, 0x3b, 
	0x55, 0x0c, 0x36, 0x06, 0x27, 0x4d, 0x27, 0x4d, 
	0x27, 0x07, 0x36, 0x07, 0x36, 0x0a, 0x36, 0x52, 
	0x27, 0x27, 0x36, 0x36, 0x07, 0x36, 0x04, 0x27, 
	0x51, 0x5d, 0x0a, 0x36, 0x27, 0x4d, 0x27, 0x1f, 
	0x5a, 0x05, 0x05, 0x07, 0x06, 0x04, 0x53, 0x05, 
	0x07, 0x27, 0x04, 0x57, 0x0a, 0x27, 0x27, 0x4d, 
	0x06, 0x36, 0x36, 0x27, 0x07, 0x51, 0x27, 0x36, 
	0x4d, 0x27, 0x27, 0x4d, 0x05, 0x27, 0x0a, 0x1f, 
	0x39, 0x05, 0x06, 0x36, 0x27, 0x0a, 0x27, 0x21, 
	0x51, 0x0a, 0x27, 0x21, 0x4d, 0x06, 0x0a, 0x4d, 
	0x27, 0x27, 0x27, 0x36, 0x27, 0x04, 0x27, 0x4d, 
	0x36, 0x27, 0x5b, 0x36, 0x21, 0x27, 0x5e, 0x3b, 
	0x5a, 0x06, 0x4d, 0x07, 0x21, 0x21, 0x27, 0x27, 
	0x27, 0x27, 0x36, 0x27, 0x07, 0x27, 0x07, 0x27, 
	0x0a, 0x27, 0x36, 0x27, 0x4d, 0x40, 0x0a, 0x0a, 
	0x0a, 0x27, 0x27, 0x3a, 0x3a, 0x22, 0x1a, 0x3b, 
	0x31, 0x57, 0x0e, 0x3b, 0x3b, 0x3b, 0x5f, 0x3b, 
	0x5f, 0x60, 0x5f, 0x5f, 0x44, 0x5f, 0x60, 0x61, 
	0x62, 0x62, 0x5f, 0x3b, 0x3b, 0x3b, 0x3b, 0x3b, 
	0x3b, 0x3b, 0x3b, 0x3b, 0x3b, 0x3b, 0x3b, 0x43, 
	0x63, 0x45, 0x64, 0x65, 0x66, 0x67, 0x67, 0x68, 
	0x68, 0x69, 0x6a, 0x65, 0x68, 0x65, 0x65, 0x6a, 
	0x6b, 0x6a, 0x67, 0x6b, 0x69, 0x6b, 0x6c, 0x6a, 
	0x68, 0x6b, 0x69, 0x66, 0x66, 0x6d, 0x6a, 0x66, 
	
};

Gfx castle_grounds_dl__16_pal_rgba16_aligner[] = {gsSPEndDisplayList()};
u8 castle_grounds_dl__16_pal_rgba16[] = {
	0xc5, 0xf1, 0xc6, 0x2f, 0xc6, 0x71, 0xbd, 0xf1, 
	0xb5, 0xef, 0xbd, 0xef, 0xbd, 0xed, 0xbd, 0xaf, 
	0xc5, 0xef, 0xbe, 0x2f, 0xb5, 0xed, 0x73, 0x1d, 
	0xb6, 0x2f, 0xb5, 0xf1, 0x9c, 0xe9, 0xa4, 0xe9, 
	0xa5, 0x29, 0xac, 0xe9, 0x9d, 0x69, 0xa5, 0x69, 
	0xad, 0x29, 0xad, 0x6b, 0xad, 0x2b, 0x9c, 0xe7, 
	0x52, 0x55, 0xa5, 0x6b, 0xa5, 0x2b, 0xa4, 0xe7, 
	0xa5, 0x27, 0x9d, 0x29, 0x9c, 0xe5, 0x94, 0xa5, 
	0x4a, 0x13, 0xb5, 0xab, 0xad, 0x69, 0xad, 0x27, 
	0x9d, 0x27, 0x9d, 0x2b, 0x94, 0xe7, 0xb5, 0xad, 
	0x95, 0x29, 0xa4, 0xa7, 0x94, 0xa7, 0x4a, 0x53, 
	0xad, 0xad, 0x9c, 0xa9, 0x9c, 0xa7, 0xa4, 0xe5, 
	0x42, 0x53, 0x52, 0x53, 0xb5, 0xb1, 0x95, 0x27, 
	0x9d, 0x25, 0x94, 0xe5, 0xb5, 0xaf, 0x94, 0xa9, 
	0x94, 0xe9, 0x52, 0x95, 0xb5, 0x6d, 0x8c, 0x63, 
	0x94, 0x65, 0x8c, 0xa3, 0x9c, 0xa5, 0x8c, 0x65, 
	0xbd, 0x6d, 0x94, 0xa3, 0x8c, 0xa5, 0x94, 0x63, 
	0x84, 0x23, 0x42, 0x11, 0x4a, 0x95, 0x4a, 0x55, 
	0x5a, 0xd5, 0x4a, 0xd5, 0x4a, 0x93, 0x4a, 0x97, 
	0x4a, 0x51, 0xbd, 0xad, 0xc5, 0xed, 0xad, 0xaf, 
	0xad, 0x6d, 0xad, 0xed, 0xbd, 0xeb, 0xbd, 0x6f, 
	0xbd, 0xb1, 0x5a, 0x95, 0x5a, 0xd7, 0xbd, 0xab, 
	0xb6, 0x2d, 0x52, 0xd5, 0x52, 0xd7, 0xb5, 0xeb, 
	0xc5, 0xaf, 0xc5, 0xad, 0xb5, 0x6b, 0x8c, 0x23, 
	0x84, 0x61, 0x8c, 0x21, 0x8c, 0x61, 0x41, 0x8f, 
	0x31, 0xcd, 0x31, 0x4b, 0x31, 0x8d, 0x29, 0x4d, 
	0x29, 0x8d, 0x31, 0x8b, 0x31, 0x4d, 0x29, 0x4b, 
	0x29, 0x89, 0x31, 0x8f, 
};

Gfx castle_grounds_dl__17_ci8_aligner[] = {gsSPEndDisplayList()};
u8 castle_grounds_dl__17_ci8[] = {
	0x00, 0x01, 0x01, 0x01, 0x01, 0x01, 0x01, 0x01, 
	0x01, 0x01, 0x01, 0x01, 0x01, 0x01, 0x01, 0x01, 
	0x00, 0x01, 0x01, 0x01, 0x01, 0x01, 0x01, 0x01, 
	0x01, 0x01, 0x01, 0x01, 0x01, 0x01, 0x01, 0x01, 
	0x02, 0x03, 0x04, 0x05, 0x03, 0x04, 0x04, 0x04, 
	0x03, 0x05, 0x05, 0x06, 0x07, 0x08, 0x09, 0x01, 
	0x02, 0x03, 0x04, 0x05, 0x03, 0x04, 0x04, 0x04, 
	0x03, 0x05, 0x05, 0x06, 0x07, 0x08, 0x09, 0x01, 
	0x0a, 0x0b, 0x0c, 0x0c, 0x0c, 0x0c, 0x0b, 0x0d, 
	0x04, 0x04, 0x09, 0x0d, 0x08, 0x0c, 0x0e, 0x01, 
	0x0a, 0x0b, 0x0c, 0x0c, 0x0c, 0x0c, 0x0b, 0x0d, 
	0x04, 0x04, 0x09, 0x0d, 0x08, 0x0c, 0x0e, 0x01, 
	0x0f, 0x03, 0x0e, 0x10, 0x11, 0x11, 0x09, 0x04, 
	0x0e, 0x0c, 0x00, 0x09, 0x12, 0x0c, 0x12, 0x01, 
	0x0f, 0x03, 0x0e, 0x10, 0x11, 0x11, 0x09, 0x04, 
	0x0e, 0x0c, 0x00, 0x09, 0x12, 0x0c, 0x12, 0x01, 
	0x02, 0x04, 0x13, 0x11, 0x12, 0x14, 0x15, 0x09, 
	0x0e, 0x13, 0x12, 0x0b, 0x13, 0x11, 0x12, 0x01, 
	0x02, 0x04, 0x13, 0x11, 0x12, 0x14, 0x15, 0x09, 
	0x0e, 0x13, 0x12, 0x0b, 0x13, 0x11, 0x12, 0x01, 
	0x02, 0x04, 0x13, 0x11, 0x12, 0x14, 0x15, 0x09, 
	0x0e, 0x13, 0x12, 0x0b, 0x13, 0x11, 0x12, 0x01, 
	0x02, 0x04, 0x13, 0x11, 0x12, 0x14, 0x15, 0x09, 
	0x0e, 0x13, 0x12, 0x0b, 0x13, 0x11, 0x12, 0x01, 
	0x16, 0x09, 0x0c, 0x13, 0x12, 0x11, 0x13, 0x0c, 
	0x00, 0x12, 0x12, 0x0e, 0x0c, 0x17, 0x11, 0x01, 
	0x16, 0x09, 0x0c, 0x13, 0x12, 0x11, 0x13, 0x0c, 
	0x00, 0x12, 0x12, 0x0e, 0x0c, 0x17, 0x11, 0x01, 
	0x18, 0x11, 0x0c, 0x13, 0x0c, 0x12, 0x0e, 0x12, 
	0x12, 0x12, 0x13, 0x0e, 0x0c, 0x17, 0x17, 0x01, 
	0x18, 0x11, 0x0c, 0x13, 0x0c, 0x12, 0x0e, 0x12, 
	0x12, 0x12, 0x13, 0x0e, 0x0c, 0x17, 0x17, 0x01, 
	0x18, 0x11, 0x0c, 0x13, 0x0c, 0x12, 0x0e, 0x12, 
	0x12, 0x12, 0x13, 0x0e, 0x0c, 0x17, 0x17, 0x01, 
	0x18, 0x11, 0x0c, 0x13, 0x0c, 0x12, 0x0e, 0x12, 
	0x12, 0x12, 0x13, 0x0e, 0x0c, 0x17, 0x17, 0x01, 
	0x19, 0x1a, 0x0a, 0x0a, 0x0a, 0x0a, 0x16, 0x1b, 
	0x0a, 0x1c, 0x0a, 0x1d, 0x0f, 0x02, 0x1a, 0x12, 
	0x19, 0x1a, 0x0a, 0x0a, 0x0a, 0x0a, 0x16, 0x1b, 
	0x0a, 0x1c, 0x0a, 0x1d, 0x0f, 0x02, 0x1a, 0x12, 
	0x00, 0x01, 0x01, 0x01, 0x01, 0x01, 0x01, 0x01, 
	0x01, 0x01, 0x01, 0x01, 0x01, 0x01, 0x01, 0x01, 
	0x00, 0x01, 0x01, 0x01, 0x01, 0x01, 0x01, 0x01, 
	0x01, 0x01, 0x01, 0x01, 0x01, 0x01, 0x01, 0x01, 
	0x02, 0x03, 0x04, 0x05, 0x03, 0x04, 0x04, 0x04, 
	0x03, 0x05, 0x05, 0x06, 0x07, 0x08, 0x09, 0x01, 
	0x02, 0x03, 0x04, 0x05, 0x03, 0x04, 0x04, 0x04, 
	0x03, 0x05, 0x05, 0x06, 0x07, 0x08, 0x09, 0x01, 
	0x0a, 0x0b, 0x0c, 0x0c, 0x0c, 0x0c, 0x0b, 0x0d, 
	0x04, 0x04, 0x09, 0x0d, 0x08, 0x0c, 0x0e, 0x01, 
	0x0a, 0x0b, 0x0c, 0x0c, 0x0c, 0x0c, 0x0b, 0x0d, 
	0x04, 0x04, 0x09, 0x0d, 0x08, 0x0c, 0x0e, 0x01, 
	0x0f, 0x03, 0x0e, 0x10, 0x11, 0x11, 0x09, 0x04, 
	0x0e, 0x0c, 0x00, 0x09, 0x12, 0x0c, 0x12, 0x01, 
	0x0f, 0x03, 0x0e, 0x10, 0x11, 0x11, 0x09, 0x04, 
	0x0e, 0x0c, 0x00, 0x09, 0x12, 0x0c, 0x12, 0x01, 
	0x02, 0x04, 0x13, 0x11, 0x12, 0x14, 0x15, 0x09, 
	0x0e, 0x13, 0x12, 0x0b, 0x13, 0x11, 0x12, 0x01, 
	0x02, 0x04, 0x13, 0x11, 0x12, 0x14, 0x15, 0x09, 
	0x0e, 0x13, 0x12, 0x0b, 0x13, 0x11, 0x12, 0x01, 
	0x02, 0x04, 0x13, 0x11, 0x12, 0x14, 0x15, 0x09, 
	0x0e, 0x13, 0x12, 0x0b, 0x13, 0x11, 0x12, 0x01, 
	0x02, 0x04, 0x13, 0x11, 0x12, 0x14, 0x15, 0x09, 
	0x0e, 0x13, 0x12, 0x0b, 0x13, 0x11, 0x12, 0x01, 
	0x16, 0x09, 0x0c, 0x13, 0x12, 0x11, 0x13, 0x0c, 
	0x00, 0x12, 0x12, 0x0e, 0x0c, 0x17, 0x11, 0x01, 
	0x16, 0x09, 0x0c, 0x13, 0x12, 0x11, 0x13, 0x0c, 
	0x00, 0x12, 0x12, 0x0e, 0x0c, 0x17, 0x11, 0x01, 
	0x18, 0x11, 0x0c, 0x13, 0x0c, 0x12, 0x0e, 0x12, 
	0x12, 0x12, 0x13, 0x0e, 0x0c, 0x17, 0x17, 0x01, 
	0x18, 0x11, 0x0c, 0x13, 0x0c, 0x12, 0x0e, 0x12, 
	0x12, 0x12, 0x13, 0x0e, 0x0c, 0x17, 0x17, 0x01, 
	0x18, 0x11, 0x0c, 0x13, 0x0c, 0x12, 0x0e, 0x12, 
	0x12, 0x12, 0x13, 0x0e, 0x0c, 0x17, 0x17, 0x01, 
	0x18, 0x11, 0x0c, 0x13, 0x0c, 0x12, 0x0e, 0x12, 
	0x12, 0x12, 0x13, 0x0e, 0x0c, 0x17, 0x17, 0x01, 
	0x19, 0x1a, 0x0a, 0x0a, 0x0a, 0x0a, 0x16, 0x1b, 
	0x0a, 0x1c, 0x0a, 0x1d, 0x0f, 0x02, 0x1a, 0x12, 
	0x19, 0x1a, 0x0a, 0x0a, 0x0a, 0x0a, 0x16, 0x1b, 
	0x0a, 0x1c, 0x0a, 0x1d, 0x0f, 0x02, 0x1a, 0x12, 
	0x1e, 0x1e, 0x1e, 0x1e, 0x1e, 0x1e, 0x1e, 0x1e, 
	0x1f, 0x20, 0x20, 0x20, 0x20, 0x20, 0x20, 0x20, 
	0x20, 0x20, 0x20, 0x20, 0x20, 0x20, 0x20, 0x20, 
	0x21, 0x1e, 0x1e, 0x1e, 0x1e, 0x1e, 0x1e, 0x1e, 
	0x22, 0x22, 0x22, 0x23, 0x24, 0x25, 0x26, 0x1e, 
	0x27, 0x28, 0x29, 0x28, 0x28, 0x2a, 0x2a, 0x2a, 
	0x28, 0x28, 0x28, 0x2b, 0x2c, 0x29, 0x29, 0x20, 
	0x2d, 0x22, 0x26, 0x2e, 0x24, 0x2f, 0x2f, 0x2f, 
	0x2f, 0x26, 0x26, 0x24, 0x25, 0x30, 0x31, 0x1e, 
	0x32, 0x1f, 0x33, 0x33, 0x33, 0x33, 0x1f, 0x2a, 
	0x2a, 0x29, 0x29, 0x2a, 0x29, 0x34, 0x33, 0x20, 
	0x35, 0x36, 0x31, 0x31, 0x31, 0x31, 0x36, 0x24, 
	0x2f, 0x26, 0x26, 0x24, 0x25, 0x30, 0x31, 0x1e, 
	0x32, 0x1f, 0x33, 0x33, 0x33, 0x33, 0x1f, 0x2a, 
	0x2a, 0x29, 0x29, 0x2a, 0x29, 0x34, 0x33, 0x20, 
	0x35, 0x36, 0x31, 0x31, 0x31, 0x31, 0x36, 0x24, 
	0x37, 0x31, 0x21, 0x26, 0x21, 0x30, 0x38, 0x1e, 
	0x32, 0x28, 0x39, 0x3a, 0x3b, 0x3b, 0x29, 0x29, 
	0x39, 0x33, 0x1f, 0x29, 0x1f, 0x34, 0x3c, 0x20, 
	0x35, 0x24, 0x37, 0x3d, 0x3e, 0x3e, 0x26, 0x26, 
	0x37, 0x31, 0x21, 0x26, 0x21, 0x30, 0x38, 0x1e, 
	0x32, 0x28, 0x39, 0x3a, 0x3b, 0x3b, 0x29, 0x29, 
	0x39, 0x33, 0x1f, 0x29, 0x1f, 0x34, 0x3c, 0x20, 
	0x35, 0x24, 0x37, 0x3d, 0x3e, 0x3e, 0x26, 0x26, 
	0x37, 0x30, 0x21, 0x36, 0x30, 0x30, 0x38, 0x1e, 
	0x27, 0x29, 0x33, 0x3b, 0x3c, 0x3b, 0x3b, 0x29, 
	0x39, 0x33, 0x1f, 0x1f, 0x3f, 0x40, 0x3c, 0x20, 
	0x2d, 0x26, 0x30, 0x3e, 0x38, 0x3e, 0x30, 0x26, 
	0x37, 0x30, 0x21, 0x36, 0x30, 0x30, 0x38, 0x1e, 
	0x27, 0x29, 0x33, 0x3b, 0x3c, 0x3b, 0x3b, 0x29, 
	0x39, 0x33, 0x1f, 0x1f, 0x3f, 0x40, 0x3c, 0x20, 
	0x2d, 0x26, 0x30, 0x3e, 0x38, 0x3e, 0x30, 0x26, 
	0x25, 0x21, 0x21, 0x37, 0x31, 0x41, 0x3e, 0x1e, 
	0x27, 0x29, 0x33, 0x33, 0x3c, 0x3b, 0x33, 0x33, 
	0x1f, 0x1f, 0x1f, 0x39, 0x33, 0x3a, 0x3b, 0x20, 
	0x2d, 0x26, 0x31, 0x30, 0x38, 0x3e, 0x30, 0x31, 
	0x21, 0x38, 0x30, 0x31, 0x31, 0x41, 0x41, 0x1e, 
	0x42, 0x40, 0x34, 0x33, 0x33, 0x1f, 0x39, 0x1f, 
	0x1f, 0x3c, 0x3f, 0x33, 0x33, 0x3a, 0x3a, 0x20, 
	0x1b, 0x30, 0x30, 0x30, 0x31, 0x21, 0x37, 0x21, 
	0x21, 0x38, 0x30, 0x31, 0x31, 0x41, 0x41, 0x1e, 
	0x42, 0x40, 0x34, 0x33, 0x33, 0x1f, 0x39, 0x1f, 
	0x1f, 0x3c, 0x3f, 0x33, 0x33, 0x3a, 0x3a, 0x20, 
	0x1b, 0x30, 0x30, 0x30, 0x31, 0x21, 0x37, 0x21, 
	0x35, 0x35, 0x35, 0x35, 0x35, 0x2d, 0x43, 0x21, 
	0x44, 0x45, 0x32, 0x32, 0x32, 0x32, 0x27, 0x46, 
	0x32, 0x3a, 0x32, 0x32, 0x32, 0x27, 0x45, 0x1f, 
	0x02, 0x43, 0x35, 0x35, 0x35, 0x35, 0x2d, 0x2d, 
	
};

Gfx castle_grounds_dl__17_pal_rgba16_aligner[] = {gsSPEndDisplayList()};
u8 castle_grounds_dl__17_pal_rgba16[] = {
	0x6b, 0x5b, 0x94, 0xa5, 0x31, 0x8d, 0x84, 0x1f, 
	0x7b, 0xdd, 0x84, 0x61, 0x8c, 0xa3, 0x7c, 0x1f, 
	0x73, 0x9b, 0x73, 0x9d, 0x39, 0xcf, 0x6b, 0x59, 
	0x5a, 0xd7, 0x7b, 0xdf, 0x63, 0x17, 0x39, 0xcd, 
	0x4a, 0x53, 0x52, 0x95, 0x63, 0x19, 0x5a, 0xd5, 
	0x52, 0x93, 0x52, 0xd5, 0x31, 0x8b, 0x42, 0x51, 
	0x21, 0x09, 0x10, 0x85, 0x29, 0x4b, 0x31, 0xcd, 
	0x42, 0x11, 0x3a, 0x0f, 0x74, 0x59, 0x7a, 0x9d, 
	0x93, 0xa5, 0x4b, 0x4f, 0x5c, 0x13, 0x6c, 0x57, 
	0x5b, 0xd3, 0x53, 0x91, 0x53, 0xd1, 0x51, 0x93, 
	0x8b, 0x21, 0x82, 0xdf, 0x83, 0x1f, 0x93, 0xa3, 
	0x83, 0x21, 0x32, 0x4d, 0x5c, 0x15, 0x5b, 0xd1, 
	0x43, 0x0d, 0x43, 0x4d, 0x59, 0x95, 0x72, 0x5b, 
	0x6a, 0x5b, 0x32, 0x8d, 0x53, 0x8f, 0x4b, 0x4d, 
	0x43, 0x4f, 0x7a, 0x5b, 0x61, 0xd7, 0x6a, 0x19, 
	0x72, 0x5d, 0x3a, 0xcd, 0x3b, 0x0d, 0x6a, 0x59, 
	0x6a, 0x1b, 0x32, 0xcd, 0x49, 0x91, 0x32, 0x0d, 
	0x39, 0x8f, 0x49, 0x93, 0x51, 0x95, 
};

Gfx castle_grounds_dl__18_ci8_aligner[] = {gsSPEndDisplayList()};
u8 castle_grounds_dl__18_ci8[] = {
	0x00, 0x01, 0x02, 0x03, 0x04, 0x05, 0x06, 0x07, 
	0x08, 0x09, 0x00, 0x0a, 0x0b, 0x0b, 0x0c, 0x0d, 
	0x0e, 0x0f, 0x10, 0x0b, 0x0b, 0x0b, 0x11, 0x0b, 
	0x12, 0x13, 0x13, 0x13, 0x0c, 0x0c, 0x0c, 0x0c, 
	0x14, 0x15, 0x16, 0x16, 0x17, 0x12, 0x17, 0x18, 
	0x08, 0x19, 0x1a, 0x1b, 0x1c, 0x1d, 0x1e, 0x1f, 
	0x16, 0x20, 0x17, 0x17, 0x21, 0x0b, 0x22, 0x0b, 
	0x13, 0x23, 0x0d, 0x24, 0x13, 0x25, 0x26, 0x13, 
	0x27, 0x27, 0x28, 0x29, 0x2a, 0x11, 0x2b, 0x2c, 
	0x2d, 0x28, 0x2e, 0x2f, 0x30, 0x31, 0x1c, 0x09, 
	0x32, 0x33, 0x20, 0x34, 0x35, 0x35, 0x27, 0x0b, 
	0x05, 0x36, 0x0a, 0x00, 0x13, 0x13, 0x26, 0x13, 
	0x27, 0x28, 0x17, 0x27, 0x0b, 0x2a, 0x37, 0x05, 
	0x1e, 0x1f, 0x38, 0x39, 0x3a, 0x3b, 0x3c, 0x1e, 
	0x3b, 0x3d, 0x32, 0x3b, 0x19, 0x3e, 0x3f, 0x40, 
	0x41, 0x42, 0x43, 0x10, 0x05, 0x13, 0x26, 0x13, 
	0x34, 0x27, 0x44, 0x28, 0x0d, 0x11, 0x18, 0x05, 
	0x2e, 0x45, 0x46, 0x47, 0x30, 0x3b, 0x1c, 0x48, 
	0x30, 0x3b, 0x49, 0x49, 0x1f, 0x19, 0x4a, 0x4b, 
	0x4c, 0x4d, 0x4c, 0x4e, 0x05, 0x13, 0x13, 0x13, 
	0x28, 0x4e, 0x4f, 0x44, 0x35, 0x35, 0x4e, 0x50, 
	0x09, 0x45, 0x51, 0x52, 0x49, 0x3b, 0x09, 0x1c, 
	0x3b, 0x49, 0x32, 0x53, 0x1f, 0x0d, 0x3a, 0x4b, 
	0x54, 0x55, 0x56, 0x57, 0x04, 0x4b, 0x58, 0x13, 
	0x45, 0x23, 0x23, 0x40, 0x45, 0x4b, 0x59, 0x50, 
	0x1f, 0x28, 0x1f, 0x1e, 0x5a, 0x53, 0x5b, 0x5c, 
	0x5d, 0x1d, 0x3a, 0x31, 0x1c, 0x0b, 0x5e, 0x5f, 
	0x4e, 0x28, 0x60, 0x34, 0x44, 0x42, 0x4f, 0x13, 
	0x23, 0x40, 0x40, 0x40, 0x45, 0x34, 0x61, 0x59, 
	0x62, 0x28, 0x09, 0x09, 0x53, 0x32, 0x63, 0x5b, 
	0x5d, 0x64, 0x49, 0x49, 0x0b, 0x0c, 0x5e, 0x28, 
	0x4e, 0x17, 0x65, 0x36, 0x66, 0x67, 0x4b, 0x23, 
	0x4b, 0x34, 0x68, 0x69, 0x45, 0x45, 0x18, 0x6a, 
	0x6b, 0x1f, 0x28, 0x09, 0x60, 0x34, 0x0c, 0x53, 
	0x6c, 0x34, 0x27, 0x29, 0x27, 0x29, 0x5e, 0x6d, 
	0x6e, 0x6e, 0x0d, 0x34, 0x09, 0x19, 0x4b, 0x4e, 
	0x08, 0x08, 0x6f, 0x6f, 0x70, 0x70, 0x71, 0x08, 
	0x08, 0x08, 0x08, 0x3c, 0x72, 0x72, 0x6f, 0x70, 
	0x73, 0x73, 0x74, 0x75, 0x75, 0x73, 0x71, 0x76, 
	0x75, 0x73, 0x08, 0x08, 0x3c, 0x6b, 0x77, 0x77, 
	0x78, 0x1f, 0x79, 0x79, 0x1c, 0x1c, 0x78, 0x11, 
	0x6e, 0x7a, 0x11, 0x7b, 0x0b, 0x0b, 0x2a, 0x7c, 
	0x7d, 0x7e, 0x5e, 0x5e, 0x7e, 0x48, 0x7f, 0x7f, 
	0x7f, 0x80, 0x81, 0x78, 0x81, 0x78, 0x1c, 0x1f, 
	0x5f, 0x04, 0x02, 0x82, 0x40, 0x02, 0x40, 0x04, 
	0x07, 0x00, 0x5f, 0x7b, 0x25, 0x25, 0x01, 0x82, 
	0x82, 0x82, 0x83, 0x83, 0x82, 0x82, 0x04, 0x40, 
	0x5f, 0x40, 0x43, 0x28, 0x22, 0x11, 0x4f, 0x4f, 
	0x1f, 0x1c, 0x1f, 0x09, 0x1f, 0x1f, 0x20, 0x6a, 
	0x1a, 0x60, 0x17, 0x78, 0x4b, 0x82, 0x04, 0x40, 
	0x00, 0x36, 0x84, 0x18, 0x4b, 0x0a, 0x00, 0x43, 
	0x41, 0x4e, 0x85, 0x65, 0x4f, 0x86, 0x87, 0x4a, 
	0x88, 0x48, 0x88, 0x48, 0x48, 0x1d, 0x89, 0x47, 
	0x1b, 0x1b, 0x1c, 0x8a, 0x19, 0x4e, 0x40, 0x18, 
	0x00, 0x36, 0x84, 0x4e, 0x4e, 0x0a, 0x18, 0x17, 
	0x34, 0x6e, 0x21, 0x40, 0x4f, 0x86, 0x87, 0x47, 
	0x5a, 0x5c, 0x5a, 0x5a, 0x1c, 0x1c, 0x1c, 0x1f, 
	0x1b, 0x8b, 0x6e, 0x73, 0x27, 0x58, 0x4e, 0x18, 
	0x84, 0x4e, 0x58, 0x18, 0x34, 0x60, 0x17, 0x12, 
	0x34, 0x53, 0x09, 0x0c, 0x28, 0x27, 0x4a, 0x4a, 
	0x5a, 0x5b, 0x30, 0x5b, 0x19, 0x09, 0x29, 0x29, 
	0x8b, 0x7a, 0x4e, 0x49, 0x6e, 0x58, 0x18, 0x4e, 
	0x18, 0x4e, 0x4f, 0x19, 0x27, 0x28, 0x12, 0x17, 
	0x34, 0x4b, 0x19, 0x09, 0x28, 0x09, 0x4a, 0x89, 
	0x09, 0x1e, 0x3b, 0x5a, 0x09, 0x09, 0x27, 0x8c, 
	0x09, 0x0d, 0x8d, 0x19, 0x0c, 0x23, 0x4e, 0x60, 
	0x1a, 0x8e, 0x6a, 0x6a, 0x8e, 0x28, 0x17, 0x45, 
	0x34, 0x18, 0x27, 0x19, 0x0b, 0x19, 0x19, 0x1c, 
	0x0b, 0x09, 0x3d, 0x5a, 0x19, 0x09, 0x20, 0x8f, 
	0x0c, 0x23, 0x90, 0x2a, 0x0b, 0x23, 0x58, 0x28, 
	0x27, 0x19, 0x20, 0x20, 0x6e, 0x6e, 0x33, 0x12, 
	0x27, 0x28, 0x28, 0x8e, 0x0b, 0x19, 0x0b, 0x19, 
	0x21, 0x0d, 0x35, 0x23, 0x40, 0x45, 0x35, 0x24, 
	0x23, 0x91, 0x91, 0x09, 0x19, 0x45, 0x28, 0x09, 
	0x1a, 0x27, 0x1a, 0x27, 0x19, 0x27, 0x92, 0x92, 
	0x93, 0x93, 0x09, 0x19, 0x22, 0x11, 0x28, 0x28, 
	0x5f, 0x40, 0x40, 0x40, 0x35, 0x23, 0x0a, 0x07, 
	0x91, 0x91, 0x91, 0x1f, 0x7c, 0x12, 0x0c, 0x0c, 
	0x43, 0x43, 0x5f, 0x5f, 0x60, 0x8e, 0x8e, 0x43, 
	0x4f, 0x43, 0x28, 0x22, 0x7f, 0x7f, 0x0d, 0x28, 
	0x94, 0x94, 0x7d, 0x7e, 0x95, 0x76, 0x96, 0x7b, 
	0x7b, 0x11, 0x79, 0x97, 0x98, 0x70, 0x70, 0x70, 
	0x99, 0x94, 0x98, 0x71, 0x73, 0x73, 0x99, 0x94, 
	0x5e, 0x98, 0x6f, 0x98, 0x98, 0x08, 0x73, 0x74, 
	0x95, 0x9a, 0x9b, 0x16, 0x92, 0x16, 0x16, 0x7a, 
	0x6a, 0x6a, 0x86, 0x9c, 0x6d, 0x78, 0x78, 0x78, 
	0x79, 0x96, 0x9d, 0x9e, 0x53, 0x1c, 0x79, 0x6d, 
	0x80, 0x7f, 0x7f, 0x80, 0x48, 0x48, 0x1c, 0x1c, 
	0x3a, 0x14, 0x9f, 0xa0, 0xa0, 0xa0, 0xa1, 0xa0, 
	0xa2, 0xa3, 0xa4, 0xa5, 0xa0, 0xa1, 0xa3, 0xa3, 
	0x14, 0x77, 0x6e, 0x5f, 0x05, 0x04, 0x04, 0x04, 
	0x82, 0x82, 0xa6, 0x05, 0x83, 0xa7, 0x0a, 0x23, 
	0x3a, 0x14, 0x8b, 0xa8, 0x14, 0xa8, 0xa9, 0xa9, 
	0xaa, 0xaa, 0xab, 0xac, 0xa2, 0xad, 0xae, 0x56, 
	0xab, 0x38, 0x28, 0x82, 0x04, 0x0a, 0x4f, 0x8e, 
	0x65, 0x65, 0xaf, 0x44, 0x5f, 0x65, 0x35, 0x23, 
	0x77, 0xb0, 0x14, 0xa8, 0x14, 0x14, 0xb1, 0xb2, 
	0xb3, 0xb2, 0xa9, 0xb2, 0xa9, 0xb4, 0xb4, 0xb0, 
	0xb4, 0xb5, 0xb6, 0x4e, 0x2b, 0x2e, 0xb7, 0xb8, 
	0x29, 0x27, 0x4a, 0x2e, 0x20, 0x16, 0x78, 0x43, 
	0x8a, 0xa1, 0xab, 0xab, 0xa0, 0xa1, 0xb9, 0xa8, 
	0xba, 0xb0, 0xbb, 0xba, 0xb0, 0xb4, 0xba, 0xba, 
	0xa2, 0xb5, 0x2b, 0x37, 0x2e, 0x47, 0xb7, 0xb7, 
	0x53, 0x1d, 0x3d, 0xbc, 0x6c, 0xbd, 0x29, 0x43, 
	0x5e, 0xbe, 0xb0, 0xa0, 0xa1, 0xa2, 0xa2, 0xab, 
	0xa4, 0xb0, 0xa2, 0xa1, 0xa4, 0xb4, 0xa1, 0xa1, 
	0xa2, 0xbf, 0x61, 0x18, 0xb7, 0x39, 0x2e, 0xc0, 
	0x8c, 0x27, 0x29, 0x34, 0x53, 0xbd, 0x6e, 0x60, 
	0x5e, 0xbe, 0xab, 0xa2, 0xa2, 0xa1, 0xb0, 0xab, 
	0xb0, 0xb0, 0xa2, 0xa1, 0xb0, 0xb3, 0xa1, 0xa1, 
	0xc1, 0x9d, 0x0f, 0x05, 0xc2, 0x4a, 0xc3, 0xc3, 
	0x6e, 0x6a, 0x18, 0x34, 0xc3, 0xc3, 0x28, 0x60, 
	0x38, 0xab, 0x56, 0x56, 0xa2, 0xa2, 0xb4, 0xb4, 
	0xba, 0xb4, 0xb4, 0xb0, 0xa8, 0xa8, 0xb4, 0xa0, 
	0xc4, 0x7b, 0x7f, 0x04, 0x43, 0x67, 0x6a, 0x2b, 
	0x1a, 0x27, 0x18, 0x45, 0x17, 0x16, 0x12, 0x0a, 
	0x38, 0xab, 0xa8, 0x14, 0xab, 0xa2, 0xa8, 0xbb, 
	0xb0, 0xb4, 0xa9, 0xb2, 0xa9, 0xa8, 0xb4, 0xa1, 
	0xc4, 0x2a, 0x7c, 0x7c, 0x84, 0x84, 0x18, 0x4e, 
	0x8e, 0x60, 0x34, 0x12, 0x17, 0x45, 0x4b, 0x40, 
	0x6b, 0x1f, 0x9f, 0xc5, 0xc6, 0x9f, 0xc7, 0xa2, 
	0xc7, 0x9f, 0x8f, 0xc7, 0xa2, 0xa3, 0xa2, 0xa2, 
	0x0c, 0x19, 0x7c, 0x7c, 0x7c, 0x04, 0xa7, 0xa7, 
	0x0a, 0x0a, 0x0c, 0x23, 0x40, 0x04, 0x23, 0x0c, 
	0xc8, 0x7e, 0xc9, 0xc9, 0x80, 0x5e, 0xc9, 0xc9, 
	0x5e, 0x7f, 0x81, 0x62, 0x80, 0x80, 0x80, 0x7f, 
	0x81, 0x0b, 0x7b, 0x7b, 0x0b, 0x0b, 0x7c, 0x62, 
	0x62, 0x5e, 0x62, 0x81, 0x7f, 0x7f, 0x81, 0x62, 
	
};

Gfx castle_grounds_dl__18_pal_rgba16_aligner[] = {gsSPEndDisplayList()};
u8 castle_grounds_dl__18_pal_rgba16[] = {
	0x20, 0x81, 0x08, 0x41, 0x18, 0x81, 0x10, 0x81, 
	0x18, 0x41, 0x20, 0x41, 0x18, 0xc1, 0x18, 0x83, 
	0x8b, 0x57, 0x51, 0xcb, 0x28, 0x83, 0x41, 0x89, 
	0x39, 0x47, 0x31, 0x05, 0x28, 0xc7, 0x28, 0x85, 
	0x20, 0xc3, 0x52, 0x0b, 0x41, 0x49, 0x39, 0x49, 
	0x59, 0x47, 0x69, 0x89, 0x61, 0xcb, 0x41, 0x07, 
	0x38, 0xc5, 0x49, 0x89, 0x49, 0x87, 0x6a, 0x0b, 
	0x62, 0x0d, 0x6a, 0x0f, 0x6a, 0x4f, 0x5a, 0x0d, 
	0x51, 0x49, 0x31, 0x03, 0x49, 0xcb, 0x28, 0xc5, 
	0x20, 0xc5, 0x41, 0x8b, 0x49, 0x8b, 0x51, 0x89, 
	0x41, 0x47, 0x59, 0xcb, 0x49, 0xc9, 0x40, 0xc5, 
	0x20, 0x01, 0x83, 0x15, 0x61, 0x8b, 0x7a, 0x4f, 
	0x6a, 0x11, 0x62, 0x11, 0x62, 0x51, 0x59, 0x8b, 
	0x49, 0x49, 0x31, 0x07, 0x28, 0x81, 0x38, 0x85, 
	0x8a, 0xd3, 0x72, 0x0d, 0x72, 0x51, 0x59, 0xcf, 
	0x7a, 0xd3, 0x59, 0x4b, 0x31, 0x47, 0x5a, 0x0b, 
	0x20, 0x83, 0x30, 0x81, 0x40, 0xc3, 0x30, 0xc3, 
	0x38, 0x83, 0x39, 0x07, 0x71, 0x8b, 0x72, 0x0f, 
	0x7a, 0x91, 0x62, 0x0f, 0x69, 0xcd, 0x30, 0xc5, 
	0x49, 0x03, 0x69, 0x41, 0x30, 0x83, 0x39, 0x05, 
	0x18, 0x01, 0x72, 0x93, 0x72, 0x11, 0x59, 0xcd, 
	0x51, 0x47, 0x61, 0x43, 0x59, 0x45, 0x30, 0x41, 
	0x38, 0xc3, 0x28, 0x43, 0x59, 0x8d, 0x49, 0x4b, 
	0x69, 0xcf, 0x6a, 0x51, 0x7b, 0x13, 0x28, 0xc3, 
	0x41, 0x05, 0x30, 0x85, 0x72, 0xd1, 0x61, 0xcf, 
	0x6a, 0x93, 0x39, 0x03, 0x38, 0x41, 0x49, 0x05, 
	0x41, 0xc7, 0x39, 0x43, 0x49, 0x07, 0x72, 0x91, 
	0x51, 0x8b, 0x62, 0x8d, 0x49, 0x47, 0x8b, 0xd9, 
	0x94, 0x5d, 0x8b, 0x99, 0x72, 0xd5, 0x8b, 0x9b, 
	0x8b, 0x17, 0x82, 0xd5, 0x83, 0x55, 0x82, 0x91, 
	0x62, 0x4d, 0x5a, 0x4d, 0x51, 0x87, 0x4a, 0x0b, 
	0x62, 0x8f, 0x7a, 0xd1, 0x83, 0x13, 0x62, 0x4f, 
	0x6a, 0x91, 0x6a, 0x8f, 0x10, 0x41, 0x08, 0x01, 
	0x28, 0x41, 0x41, 0x43, 0x51, 0xc9, 0x69, 0xcb, 
	0x72, 0x4f, 0x7a, 0x0f, 0x8b, 0x15, 0x61, 0xc9, 
	0x59, 0x89, 0x18, 0xc3, 0x41, 0x45, 0x51, 0x07, 
	0x4a, 0x0d, 0x52, 0x0d, 0x59, 0xc7, 0x59, 0xc9, 
	0x7b, 0x57, 0x7b, 0x15, 0x72, 0xd3, 0x6a, 0xcf, 
	0x8b, 0x97, 0x8c, 0x1d, 0x6a, 0xd1, 0x62, 0x0b, 
	0x5a, 0x4b, 0x6a, 0x8d, 0x62, 0x8b, 0x50, 0xc3, 
	0x50, 0x81, 0x50, 0x41, 0x50, 0x83, 0x48, 0x41, 
	0x50, 0x01, 0x48, 0x01, 0x10, 0x01, 0x18, 0x43, 
	0x59, 0x05, 0x61, 0x45, 0x61, 0xc7, 0x58, 0xc5, 
	0x50, 0x43, 0x59, 0x03, 0x61, 0x85, 0x41, 0x03, 
	0x58, 0x83, 0x61, 0x87, 0x61, 0x05, 0x58, 0x43, 
	0x58, 0xc3, 0x9c, 0x59, 0x40, 0xc7, 0x69, 0x8b, 
	0x61, 0x49, 0x58, 0x85, 0x58, 0x41, 0x61, 0x03, 
	0x51, 0x09, 0x61, 0xcd, 0x50, 0xc5, 0x8b, 0x93, 
	0x61, 0x4b, 0x48, 0x83, 0x59, 0x09, 0x59, 0x49, 
	0x40, 0x83, 0x51, 0x03, 0x59, 0x07, 0x51, 0x05, 
	0x72, 0x8f, 0x7b, 0x55, 
};

Gfx castle_grounds_dl__19_ci8_aligner[] = {gsSPEndDisplayList()};
u8 castle_grounds_dl__19_ci8[] = {
	0x00, 0x01, 0x02, 0x03, 0x01, 0x04, 0x05, 0x03, 
	0x06, 0x07, 0x08, 0x09, 0x0a, 0x0b, 0x0c, 0x0d, 
	0x02, 0x0e, 0x0f, 0x10, 0x11, 0x12, 0x0c, 0x10, 
	0x13, 0x14, 0x03, 0x0c, 0x15, 0x13, 0x16, 0x16, 
	0x10, 0x17, 0x18, 0x15, 0x19, 0x0d, 0x1a, 0x1b, 
	0x1c, 0x03, 0x1d, 0x1e, 0x1f, 0x20, 0x21, 0x10, 
	0x22, 0x23, 0x24, 0x25, 0x25, 0x02, 0x25, 0x1c, 
	0x0e, 0x26, 0x25, 0x02, 0x1c, 0x1c, 0x15, 0x27, 
	0x0f, 0x06, 0x28, 0x29, 0x2a, 0x2a, 0x02, 0x1c, 
	0x1a, 0x2b, 0x18, 0x02, 0x2c, 0x04, 0x05, 0x2d, 
	0x2e, 0x2f, 0x25, 0x30, 0x15, 0x25, 0x02, 0x25, 
	0x2d, 0x1b, 0x10, 0x31, 0x0c, 0x1c, 0x2d, 0x0f, 
	0x20, 0x32, 0x33, 0x34, 0x0d, 0x25, 0x10, 0x26, 
	0x25, 0x0d, 0x35, 0x04, 0x36, 0x14, 0x23, 0x0c, 
	0x10, 0x03, 0x37, 0x38, 0x00, 0x39, 0x0e, 0x02, 
	0x2e, 0x3a, 0x1e, 0x3b, 0x0f, 0x21, 0x0e, 0x3c, 
	0x2a, 0x3d, 0x3e, 0x06, 0x3f, 0x40, 0x41, 0x40, 
	0x42, 0x43, 0x2c, 0x0f, 0x44, 0x07, 0x37, 0x45, 
	0x0f, 0x46, 0x14, 0x06, 0x07, 0x0f, 0x0f, 0x0f, 
	0x47, 0x45, 0x01, 0x48, 0x04, 0x49, 0x24, 0x03, 
	0x02, 0x02, 0x4a, 0x0d, 0x43, 0x06, 0x4b, 0x47, 
	0x00, 0x2a, 0x4c, 0x4d, 0x01, 0x10, 0x04, 0x4e, 
	0x02, 0x2e, 0x1c, 0x18, 0x0c, 0x0d, 0x26, 0x26, 
	0x4f, 0x23, 0x22, 0x23, 0x33, 0x23, 0x25, 0x1c, 
	0x50, 0x50, 0x51, 0x37, 0x20, 0x13, 0x52, 0x53, 
	0x54, 0x26, 0x25, 0x05, 0x55, 0x26, 0x2d, 0x1c, 
	0x26, 0x56, 0x26, 0x1c, 0x1b, 0x02, 0x1c, 0x1c, 
	0x1c, 0x18, 0x57, 0x58, 0x0d, 0x59, 0x10, 0x14, 
	0x5a, 0x5b, 0x5a, 0x24, 0x48, 0x1e, 0x25, 0x0d, 
	0x5c, 0x24, 0x15, 0x0e, 0x3e, 0x5b, 0x1d, 0x5d, 
	0x06, 0x56, 0x19, 0x0f, 0x3a, 0x4e, 0x15, 0x3c, 
	0x06, 0x2c, 0x40, 0x43, 0x5e, 0x5f, 0x60, 0x61, 
	0x2a, 0x14, 0x01, 0x23, 0x06, 0x62, 0x35, 0x12, 
	0x0c, 0x02, 0x0e, 0x63, 0x64, 0x45, 0x54, 0x03, 
	0x3a, 0x38, 0x64, 0x04, 0x65, 0x2c, 0x07, 0x50, 
	0x03, 0x0c, 0x1c, 0x66, 0x38, 0x67, 0x4b, 0x16, 
	0x2d, 0x10, 0x4a, 0x05, 0x03, 0x0f, 0x07, 0x68, 
	0x24, 0x04, 0x69, 0x3c, 0x03, 0x06, 0x54, 0x6a, 
	0x6b, 0x1d, 0x03, 0x25, 0x05, 0x14, 0x3e, 0x2c, 
	0x25, 0x45, 0x5b, 0x61, 0x6c, 0x14, 0x02, 0x10, 
	0x04, 0x6d, 0x02, 0x6e, 0x12, 0x1d, 0x6f, 0x70, 
	0x0d, 0x03, 0x06, 0x50, 0x03, 0x0b, 0x71, 0x72, 
	0x03, 0x1c, 0x1d, 0x24, 0x0c, 0x18, 0x18, 0x03, 
	0x06, 0x3c, 0x11, 0x25, 0x03, 0x73, 0x66, 0x61, 
	0x61, 0x3a, 0x2d, 0x74, 0x06, 0x75, 0x05, 0x5a, 
	0x54, 0x03, 0x76, 0x23, 0x77, 0x78, 0x56, 0x15, 
	0x02, 0x05, 0x0f, 0x1d, 0x02, 0x0e, 0x1c, 0x25, 
	0x03, 0x14, 0x25, 0x1c, 0x06, 0x24, 0x04, 0x61, 
	0x3c, 0x79, 0x01, 0x2e, 0x03, 0x0c, 0x03, 0x25, 
	0x64, 0x7a, 0x7b, 0x5c, 0x31, 0x7c, 0x04, 0x0c, 
	0x7d, 0x18, 0x15, 0x0d, 0x15, 0x43, 0x1c, 0x5d, 
	0x15, 0x18, 0x05, 0x3c, 0x2a, 0x03, 0x5e, 0x06, 
	0x11, 0x7e, 0x1c, 0x02, 0x18, 0x26, 0x1d, 0x04, 
	0x7f, 0x02, 0x15, 0x7c, 0x0e, 0x24, 0x01, 0x10, 
	0x80, 0x06, 0x06, 0x33, 0x05, 0x1d, 0x40, 0x02, 
	0x02, 0x02, 0x18, 0x0f, 0x0f, 0x05, 0x06, 0x48, 
	0x24, 0x2d, 0x0f, 0x03, 0x15, 0x03, 0x0c, 0x5d, 
	0x7e, 0x0e, 0x0e, 0x02, 0x0e, 0x02, 0x03, 0x2d, 
	0x3e, 0x01, 0x22, 0x47, 0x81, 0x1d, 0x1d, 0x0f, 
	0x03, 0x04, 0x1b, 0x06, 0x03, 0x72, 0x82, 0x83, 
	0x01, 0x06, 0x05, 0x1d, 0x06, 0x24, 0x02, 0x56, 
	0x15, 0x14, 0x02, 0x0e, 0x2a, 0x26, 0x2a, 0x10, 
	0x26, 0x0c, 0x56, 0x84, 0x2a, 0x25, 0x0f, 0x0f, 
	0x06, 0x4e, 0x50, 0x0f, 0x1d, 0x85, 0x5c, 0x7b, 
	0x25, 0x2d, 0x2a, 0x03, 0x14, 0x25, 0x49, 0x66, 
	0x39, 0x06, 0x23, 0x6f, 0x5e, 0x66, 0x86, 0x1d, 
	0x18, 0x03, 0x0d, 0x29, 0x11, 0x1d, 0x45, 0x87, 
	0x01, 0x03, 0x01, 0x02, 0x55, 0x04, 0x0e, 0x19, 
	0x18, 0x88, 0x1c, 0x2a, 0x1c, 0x04, 0x14, 0x89, 
	0x49, 0x05, 0x03, 0x0f, 0x24, 0x06, 0x06, 0x89, 
	0x10, 0x0e, 0x6d, 0x6d, 0x01, 0x23, 0x87, 0x03, 
	0x03, 0x3c, 0x02, 0x62, 0x8a, 0x1c, 0x1c, 0x14, 
	0x2c, 0x2e, 0x03, 0x03, 0x1c, 0x05, 0x0f, 0x06, 
	0x03, 0x01, 0x61, 0x37, 0x06, 0x25, 0x01, 0x8b, 
	0x8c, 0x0e, 0x1c, 0x25, 0x1c, 0x19, 0x76, 0x14, 
	0x25, 0x05, 0x02, 0x31, 0x5d, 0x03, 0x39, 0x05, 
	0x06, 0x7e, 0x02, 0x8d, 0x25, 0x15, 0x1d, 0x0f, 
	0x06, 0x0f, 0x0f, 0x69, 0x06, 0x3c, 0x0e, 0x1d, 
	0x02, 0x10, 0x1c, 0x1d, 0x24, 0x5d, 0x13, 0x29, 
	0x25, 0x0f, 0x25, 0x39, 0x05, 0x6f, 0x03, 0x04, 
	0x26, 0x8e, 0x35, 0x0d, 0x05, 0x03, 0x4e, 0x1c, 
	0x3a, 0x03, 0x04, 0x03, 0x03, 0x03, 0x25, 0x8f, 
	0x2f, 0x2e, 0x61, 0x80, 0x12, 0x0d, 0x7c, 0x04, 
	0x81, 0x90, 0x45, 0x33, 0x0f, 0x1c, 0x0b, 0x17, 
	0x3a, 0x91, 0x07, 0x20, 0x80, 0x03, 0x2c, 0x03, 
	0x15, 0x1c, 0x03, 0x03, 0x05, 0x05, 0x1b, 0x5d, 
	0x0f, 0x83, 0x25, 0x01, 0x36, 0x39, 0x50, 0x03, 
	0x26, 0x6f, 0x5e, 0x04, 0x23, 0x8c, 0x06, 0x01, 
	0x45, 0x87, 0x0f, 0x26, 0x0c, 0x25, 0x1a, 0x25, 
	0x02, 0x02, 0x1c, 0x0f, 0x3c, 0x05, 0x06, 0x5b, 
	0x35, 0x2d, 0x1c, 0x05, 0x61, 0x04, 0x7e, 0x11, 
	0x57, 0x92, 0x93, 0x94, 0x49, 0x69, 0x03, 0x04, 
	0x56, 0x18, 0x02, 0x03, 0x25, 0x1b, 0x03, 0x50, 
	0x06, 0x05, 0x2a, 0x2a, 0x69, 0x95, 0x0f, 0x69, 
	0x1d, 0x06, 0x3a, 0x1d, 0x96, 0x23, 0x24, 0x85, 
	0x2d, 0x15, 0x2a, 0x4a, 0x13, 0x33, 0x38, 0x05, 
	0x4c, 0x43, 0x3c, 0x24, 0x0f, 0x0f, 0x15, 0x25, 
	0x12, 0x45, 0x26, 0x97, 0x6e, 0x14, 0x2e, 0x83, 
	0x2c, 0x06, 0x03, 0x13, 0x35, 0x11, 0x03, 0x43, 
	0x24, 0x02, 0x03, 0x02, 0x98, 0x99, 0x26, 0x9a, 
	0x87, 0x0f, 0x3c, 0x1c, 0x18, 0x1d, 0x06, 0x03, 
	0x43, 0x9b, 0x33, 0x5b, 0x02, 0x04, 0x44, 0x01, 
	0x2a, 0x7f, 0x97, 0x5e, 0x9c, 0x9d, 0x26, 0x5d, 
	0x14, 0x2a, 0x18, 0x10, 0x9e, 0x33, 0x17, 0x9f, 
	0x1c, 0x03, 0x50, 0x3a, 0x1d, 0x79, 0x64, 0x37, 
	0x38, 0x05, 0x1d, 0x61, 0x37, 0x69, 0x4e, 0x1d, 
	0x56, 0x8e, 0x5e, 0x80, 0x32, 0x47, 0x01, 0x1c, 
	0x63, 0x0e, 0xa0, 0x1c, 0x03, 0x06, 0xa1, 0x43, 
	0x25, 0x14, 0x04, 0x06, 0x18, 0x0d, 0xa2, 0x22, 
	0x4d, 0x07, 0x0f, 0x23, 0x26, 0x56, 0x57, 0x4a, 
	0x61, 0x4c, 0x01, 0x1d, 0x17, 0xa3, 0x25, 0x50, 
	0x1d, 0x01, 0xa4, 0x2a, 0x11, 0x36, 0x60, 0x26, 
	0x03, 0x5d, 0x26, 0x25, 0x2a, 0x18, 0x97, 0x26, 
	0x0e, 0x57, 0x3e, 0x02, 0x1d, 0x43, 0x2c, 0x0f, 
	0x69, 0x6f, 0x63, 0x03, 0x03, 0x2d, 0x3a, 0x03, 
	0x0f, 0x0b, 0x6f, 0x1c, 0x25, 0x97, 0x8f, 0x12, 
	0x1c, 0x19, 0x0f, 0x62, 0x25, 0x2a, 0x2d, 0x1c, 
	0x11, 0x5d, 0x25, 0x1c, 0x1d, 0x67, 0x61, 0x23, 
	0x12, 0x0d, 0x5d, 0x4a, 0x1d, 0x4d, 0x06, 0x3c, 
	0x7e, 0x14, 0x0c, 0x02, 0x5c, 0x43, 0xa5, 0x0f, 
	0x2d, 0x24, 0x03, 0x6f, 0x3a, 0xa6, 0x2d, 0x1a, 
	0x2d, 0x26, 0x43, 0x36, 0x18, 0x4a, 0x1d, 0x05, 
	0x18, 0x4a, 0x8c, 0x19, 0x1d, 0x14, 0x26, 0x14, 
	0x02, 0x05, 0x4e, 0x06, 0x07, 0x32, 0x5a, 0x79, 
	0x5a, 0x14, 0x2a, 0x24, 0x2f, 0x43, 0x04, 0x2c, 
	0x3b, 0x04, 0x63, 0x25, 0x2a, 0x14, 0x0c, 0x26, 
	0x43, 0xa7, 0x01, 0x1d, 0x3c, 0x23, 0x14, 0x03, 
	0x04, 0x06, 0x1d, 0x5d, 0x0f, 0x1c, 0x92, 0x6e, 
	
};

Gfx castle_grounds_dl__19_pal_rgba16_aligner[] = {gsSPEndDisplayList()};
u8 castle_grounds_dl__19_pal_rgba16[] = {
	0x94, 0xa5, 0xbd, 0x65, 0x8c, 0x1d, 0x94, 0x5f, 
	0x9c, 0xa3, 0x9c, 0xa1, 0xb5, 0x25, 0xd6, 0x2d, 
	0xd5, 0xeb, 0x5a, 0xd1, 0x6a, 0x8f, 0x8c, 0x5b, 
	0x83, 0x99, 0x83, 0x97, 0x8c, 0x5f, 0xa4, 0xa3, 
	0x73, 0x57, 0x7b, 0x55, 0x73, 0x55, 0x73, 0x15, 
	0x94, 0x5d, 0x83, 0xdb, 0x6a, 0xd1, 0x7b, 0xd9, 
	0x7b, 0x97, 0x7b, 0xdb, 0x83, 0x95, 0x84, 0x1d, 
	0x8c, 0x5d, 0xac, 0xe3, 0xb5, 0x27, 0xa5, 0x27, 
	0xe6, 0xaf, 0x7b, 0xdd, 0xc5, 0x67, 0xbd, 0x25, 
	0x94, 0x61, 0x8c, 0x1b, 0x83, 0xd9, 0xad, 0x27, 
	0x6b, 0x5b, 0x6b, 0x11, 0x8b, 0xdb, 0x8b, 0x97, 
	0xac, 0xe5, 0x7b, 0x99, 0xbd, 0x67, 0xcd, 0xa7, 
	0x6b, 0x59, 0x6b, 0x13, 0xde, 0x2d, 0xef, 0x77, 
	0x8c, 0x65, 0x62, 0xd3, 0xad, 0x25, 0xe6, 0xb1, 
	0xcd, 0xa9, 0x8c, 0x61, 0xc5, 0x65, 0xc5, 0xab, 
	0x94, 0xa1, 0x6b, 0x57, 0x94, 0x1b, 0x73, 0xdd, 
	0x8c, 0x1f, 0xe6, 0x6f, 0x62, 0xd5, 0x94, 0xa3, 
	0xbd, 0xa7, 0xc5, 0xa9, 0xb5, 0x65, 0xef, 0x75, 
	0xce, 0x2b, 0xd5, 0xe9, 0x73, 0x97, 0xd6, 0x6d, 
	0xde, 0x6d, 0xc5, 0xa7, 0xb4, 0xe3, 0x39, 0xc9, 
	0xa4, 0xe3, 0x83, 0x9b, 0x7b, 0x59, 0xb5, 0xa7, 
	0xef, 0x7b, 0xad, 0x23, 0x7b, 0x57, 0x73, 0x53, 
	0x52, 0x4f, 0x83, 0xd7, 0xcd, 0xeb, 0xef, 0x35, 
	0x62, 0xd1, 0x8b, 0xd9, 0xa4, 0xe5, 0xde, 0xb3, 
	0xef, 0x33, 0xcd, 0xe9, 0xd6, 0x29, 0x9c, 0x61, 
	0xde, 0x6f, 0x7b, 0x9d, 0xd6, 0x2b, 0xde, 0x2b, 
	0x39, 0xcb, 0xac, 0xa3, 0x30, 0x81, 0x6b, 0x17, 
	0x41, 0xc9, 0x94, 0x63, 0x73, 0x13, 0xa4, 0xa1, 
	0xef, 0x79, 0x49, 0xc5, 0x5a, 0x91, 0x6b, 0x55, 
	0x7c, 0x1f, 0xc5, 0x25, 0x94, 0x5b, 0xa4, 0x9f, 
	0x73, 0x11, 0xc5, 0xe9, 0x6a, 0x8d, 0x5a, 0x8f, 
	0x84, 0x1f, 0x7b, 0x9b, 0x8c, 0x19, 0x7b, 0x95, 
	0xc5, 0xa5, 0xee, 0xf3, 0x7b, 0x13, 0x9c, 0x9f, 
	0x7b, 0x11, 0x83, 0xdd, 0xe6, 0x2b, 0xb4, 0xe5, 
	0x84, 0x1b, 0xb5, 0x23, 0x94, 0x9f, 0xe6, 0x6d, 
	0x73, 0x99, 0x9c, 0x5f, 0x6b, 0x15, 0x7b, 0x53, 
	0xde, 0xaf, 0xa5, 0x25, 0x6a, 0xcf, 0x6a, 0xd3, 
	0x8b, 0xd7, 0xcd, 0xa5, 0xd6, 0x69, 0x62, 0x8f, 
	0x52, 0x0d, 0x52, 0x4d, 0x73, 0x17, 0xcd, 0xe7, 
	0xce, 0x2d, 0xa4, 0xe7, 0xc5, 0xeb, 0x5a, 0xd3, 
	0x73, 0x59, 0xee, 0xad, 0xee, 0xaf, 0x62, 0x4d, 
	0xbd, 0xa9, 0xbd, 0xed, 0x73, 0xdb, 0xb5, 0x67, 
	
};

Gfx castle_grounds_dl__20_i8_aligner[] = {gsSPEndDisplayList()};
u8 castle_grounds_dl__20_i8[] = {
	0x00, 
};

Gfx castle_grounds_dl__21_ci8_aligner[] = {gsSPEndDisplayList()};
u8 castle_grounds_dl__21_ci8[] = {
	0x00, 0x01, 0x02, 0x01, 0x03, 0x04, 0x05, 0x06, 
	0x06, 0x06, 0x06, 0x06, 0x06, 0x03, 0x03, 0x07, 
	0x06, 0x06, 0x06, 0x06, 0x06, 0x06, 0x06, 0x06, 
	0x06, 0x06, 0x06, 0x06, 0x06, 0x08, 0x04, 0x05, 
	0x01, 0x06, 0x02, 0x01, 0x03, 0x04, 0x05, 0x06, 
	0x06, 0x06, 0x06, 0x06, 0x06, 0x03, 0x03, 0x07, 
	0x06, 0x06, 0x06, 0x06, 0x06, 0x06, 0x06, 0x06, 
	0x06, 0x06, 0x06, 0x06, 0x09, 0x06, 0x06, 0x05, 
	0x01, 0x01, 0x03, 0x01, 0x06, 0x05, 0x0a, 0x0b, 
	0x0c, 0x06, 0x0d, 0x01, 0x06, 0x0e, 0x0e, 0x0f, 
	0x10, 0x11, 0x08, 0x06, 0x0e, 0x0f, 0x0f, 0x0f, 
	0x12, 0x0e, 0x13, 0x0b, 0x14, 0x06, 0x0a, 0x0a, 
	0x15, 0x16, 0x10, 0x17, 0x14, 0x18, 0x19, 0x1a, 
	0x1b, 0x10, 0x1c, 0x1d, 0x0a, 0x18, 0x1e, 0x1f, 
	0x20, 0x21, 0x0f, 0x1a, 0x22, 0x23, 0x24, 0x25, 
	0x26, 0x27, 0x16, 0x0a, 0x28, 0x29, 0x2a, 0x2b, 
	0x2c, 0x2d, 0x2e, 0x2f, 0x30, 0x31, 0x32, 0x33, 
	0x2f, 0x34, 0x35, 0x36, 0x2a, 0x37, 0x38, 0x39, 
	0x2d, 0x3a, 0x3b, 0x3c, 0x3d, 0x3e, 0x3f, 0x3e, 
	0x40, 0x41, 0x2d, 0x42, 0x43, 0x44, 0x45, 0x1d, 
	0x46, 0x47, 0x48, 0x49, 0x4a, 0x2a, 0x33, 0x38, 
	0x4b, 0x4c, 0x4d, 0x47, 0x17, 0x4e, 0x4f, 0x50, 
	0x51, 0x47, 0x52, 0x53, 0x49, 0x54, 0x55, 0x31, 
	0x2f, 0x56, 0x57, 0x58, 0x59, 0x5a, 0x5b, 0x5c, 
	0x1f, 0x5d, 0x5e, 0x3e, 0x5f, 0x4b, 0x60, 0x61, 
	0x55, 0x41, 0x62, 0x63, 0x31, 0x33, 0x64, 0x4f, 
	0x65, 0x66, 0x4e, 0x46, 0x5c, 0x67, 0x68, 0x69, 
	0x4e, 0x6a, 0x33, 0x55, 0x49, 0x66, 0x66, 0x46, 
	0x6b, 0x67, 0x6c, 0x6d, 0x2f, 0x6e, 0x6f, 0x70, 
	0x71, 0x72, 0x73, 0x74, 0x75, 0x76, 0x77, 0x78, 
	0x3e, 0x60, 0x79, 0x7a, 0x7b, 0x7c, 0x7d, 0x7e, 
	0x7f, 0x7f, 0x80, 0x65, 0x81, 0x49, 0x49, 0x82, 
	0x82, 0x80, 0x81, 0x83, 0x84, 0x51, 0x57, 0x85, 
	0x86, 0x6a, 0x87, 0x88, 0x67, 0x89, 0x8a, 0x77, 
	0x8b, 0x8c, 0x8d, 0x8e, 0x8f, 0x90, 0x49, 0x91, 
	0x56, 0x67, 0x89, 0x92, 0x3e, 0x8b, 0x93, 0x57, 
	0x67, 0x74, 0x7d, 0x94, 0x49, 0x49, 0x57, 0x7a, 
	0x69, 0x55, 0x95, 0x96, 0x32, 0x71, 0x71, 0x89, 
	0x76, 0x4f, 0x97, 0x98, 0x99, 0x9a, 0x49, 0x6d, 
	0x9b, 0x7e, 0x9c, 0x8d, 0x49, 0x9d, 0x9e, 0x9d, 
	0x9f, 0x7d, 0x9f, 0x6d, 0xa0, 0x76, 0x7b, 0xa1, 
	0x6d, 0x6d, 0x67, 0x66, 0x49, 0x32, 0x7a, 0xa2, 
	0x33, 0xa3, 0xa4, 0x56, 0xa5, 0x67, 0x8f, 0x57, 
	0xa6, 0xa2, 0xa7, 0x9c, 0xa8, 0xa9, 0x57, 0x8f, 
	0x56, 0x67, 0x6d, 0x9a, 0xa9, 0x89, 0x55, 0xaa, 
	0xab, 0x67, 0x8f, 0xac, 0x9a, 0xa2, 0x71, 0xad, 
	0x7a, 0x56, 0x90, 0xae, 0xaf, 0xb0, 0x74, 0x32, 
	0x76, 0x33, 0x33, 0x71, 0x8c, 0x49, 0x3e, 0x57, 
	0x8b, 0x32, 0x81, 0x9f, 0x49, 0xb1, 0xb2, 0xb3, 
	0xb4, 0x67, 0x7c, 0xb5, 0x49, 0x60, 0x80, 0x7f, 
	0x54, 0xaf, 0xa3, 0x7f, 0x3e, 0x99, 0xb6, 0x76, 
	0x76, 0xb7, 0x32, 0xad, 0x6a, 0x7e, 0x56, 0x56, 
	0x89, 0x8e, 0xb0, 0xb8, 0xaf, 0x32, 0xb9, 0xba, 
	0x6d, 0x49, 0x81, 0x9a, 0xaf, 0x60, 0x7a, 0x89, 
	0x57, 0x57, 0x60, 0xbb, 0x3e, 0x89, 0x9c, 0x4f, 
	0x56, 0x99, 0x55, 0x55, 0x8f, 0x8f, 0x6d, 0xa3, 
	0x89, 0x65, 0x56, 0x8f, 0x89, 0xb7, 0xbc, 0x91, 
	0x3e, 0x6a, 0x3e, 0x8b, 0x7a, 0x54, 0x80, 0x71, 
	0x8f, 0x49, 0x55, 0x9d, 0xbd, 0x9c, 0x9e, 0x8d, 
	0x6a, 0x6d, 0xad, 0xbe, 0x9a, 0xa9, 0x57, 0x33, 
	0xa2, 0xbf, 0x6a, 0x3e, 0xaf, 0xb0, 0xc0, 0xc1, 
	0xa9, 0x57, 0xc2, 0x9c, 0xc3, 0x57, 0x8e, 0x55, 
	0xc4, 0x56, 0x92, 0x8b, 0xbd, 0xc3, 0xc3, 0x92, 
	0xc5, 0x6a, 0x8f, 0x56, 0x81, 0x6f, 0x81, 0xc5, 
	0x4f, 0x92, 0xad, 0xbf, 0x6a, 0xc6, 0x67, 0x56, 
	0x6d, 0x49, 0x57, 0x76, 0x71, 0xc7, 0x9a, 0x7f, 
	0x7f, 0x6a, 0x57, 0x92, 0x8b, 0x9d, 0xbd, 0xbd, 
	0xc8, 0x72, 0x72, 0xc4, 0x8f, 0x7e, 0x8b, 0x32, 
	0xbe, 0xad, 0x7f, 0x8f, 0xc9, 0x74, 0xca, 0x72, 
	0x33, 0x92, 0x7a, 0x71, 0x9d, 0xcb, 0x7e, 0x55, 
	0x6a, 0x8f, 0x32, 0xa2, 0x7a, 0xc3, 0x64, 0x64, 
	0xc8, 0xcc, 0xbf, 0x6a, 0x32, 0x7b, 0x71, 0x7a, 
	0x7f, 0xcd, 0x6a, 0x49, 0xac, 0x7e, 0x8b, 0x33, 
	0x9c, 0x92, 0x8e, 0x93, 0x6a, 0x56, 0x8f, 0x6d, 
	0x67, 0x8f, 0x7f, 0x55, 0x9d, 0xce, 0x5c, 0x7a, 
	0x93, 0xad, 0xcb, 0x72, 0x7a, 0x92, 0x71, 0xa7, 
	0xcf, 0x56, 0x6a, 0x7c, 0xc1, 0x76, 0x8a, 0x71, 
	0x8c, 0x56, 0x56, 0x7b, 0x8d, 0x49, 0xa9, 0x7e, 
	0xac, 0x9a, 0x7f, 0xa2, 0x71, 0xc8, 0xa5, 0xaf, 
	0x49, 0xcb, 0xb8, 0xc5, 0xc7, 0x67, 0x76, 0x71, 
	0xcb, 0x83, 0xa9, 0x90, 0x67, 0x33, 0x9e, 0x33, 
	0x90, 0x6d, 0x57, 0x76, 0x93, 0x57, 0x5c, 0x55, 
	0x3e, 0xaf, 0xaf, 0x54, 0x7b, 0x7b, 0x99, 0x83, 
	0x3e, 0x7f, 0xa9, 0xac, 0x94, 0x7e, 0x89, 0x7a, 
	0x56, 0xd0, 0xb8, 0xd1, 0x6d, 0x7a, 0x4f, 0xbf, 
	0x6d, 0x72, 0x80, 0x65, 0x55, 0x33, 0x65, 0x56, 
	0x57, 0x7f, 0xd2, 0x3e, 0x8f, 0x6d, 0xd3, 0x83, 
	0x32, 0xd4, 0x49, 0xd5, 0x6d, 0x32, 0xd4, 0x92, 
	0x90, 0x9f, 0x7d, 0xbc, 0x91, 0x93, 0x49, 0x3e, 
	0x7e, 0x65, 0x57, 0x6a, 0xa3, 0xd6, 0xd7, 0x6d, 
	0xaf, 0x65, 0x54, 0x7f, 0xd8, 0x56, 0x49, 0x67, 
	0xb1, 0x7a, 0x56, 0x81, 0xa9, 0xd2, 0x7b, 0xc2, 
	0x56, 0x7d, 0x9a, 0x67, 0x76, 0xc8, 0x66, 0x49, 
	0x56, 0x3e, 0xa2, 0xd4, 0xc2, 0xd9, 0xda, 0xa9, 
	0xa9, 0x32, 0x7b, 0x6a, 0x7d, 0x8f, 0x8f, 0x57, 
	0xa9, 0x57, 0x76, 0xa2, 0x67, 0x7f, 0x89, 0xa2, 
	0x6a, 0x99, 0xdb, 0xa2, 0x7b, 0xdc, 0x67, 0x74, 
	0x56, 0xaf, 0x71, 0xbd, 0xcb, 0xb5, 0xc4, 0xdd, 
	0x9f, 0x8f, 0x6a, 0xde, 0xda, 0x91, 0x32, 0x54, 
	0xdf, 0x57, 0xa3, 0x55, 0x56, 0x7f, 0x7a, 0x7f, 
	0x49, 0x8f, 0xd4, 0x92, 0xa6, 0xb1, 0x6a, 0x94, 
	0x67, 0x3e, 0xb1, 0xcc, 0xb0, 0xe0, 0xaf, 0x32, 
	0xde, 0x67, 0xaf, 0x9f, 0x9f, 0x6a, 0x7a, 0xbd, 
	0xa2, 0xd2, 0xbe, 0x54, 0x7e, 0x6d, 0x8f, 0x32, 
	0xe1, 0x85, 0xc3, 0xad, 0x32, 0x67, 0xb5, 0xd7, 
	0x67, 0x7f, 0x80, 0xa3, 0x66, 0xe2, 0xb7, 0x8b, 
	0xae, 0x54, 0x92, 0xe3, 0x6d, 0x55, 0x89, 0x9c, 
	0x9d, 0x49, 0x7e, 0x57, 0x56, 0x81, 0x32, 0x71, 
	0xbd, 0x65, 0x7f, 0x49, 0xe4, 0xe5, 0xab, 0xba, 
	0x67, 0xaf, 0x76, 0x9d, 0xad, 0x55, 0x49, 0x56, 
	0x56, 0xaf, 0xc7, 0x99, 0x7e, 0xdf, 0x8b, 0xd4, 
	0x7b, 0xd7, 0x9f, 0xbc, 0x83, 0xa5, 0xa3, 0x9c, 
	0xcc, 0xd9, 0xae, 0x8f, 0x6d, 0xb5, 0xe6, 0x83, 
	0x49, 0xa9, 0x32, 0x71, 0xbd, 0xac, 0xe7, 0xb8, 
	0x49, 0x5c, 0x49, 0xa9, 0x54, 0xa9, 0x54, 0x89, 
	0x55, 0xde, 0x96, 0x74, 0x9a, 0x57, 0x71, 0x9c, 
	0xbf, 0x94, 0x91, 0x56, 0x74, 0xc5, 0x6d, 0x67, 
	0x3e, 0xd2, 0xa2, 0x71, 0xc8, 0x9b, 0xe8, 0x74, 
	0x8d, 0x7b, 0xaf, 0x67, 0x7f, 0x7f, 0x54, 0x80, 
	0xe9, 0xa5, 0x7b, 0x7a, 0x67, 0x72, 0xa3, 0x89, 
	0x3e, 0xdd, 0x56, 0x9f, 0x32, 0x76, 0xbf, 0xb8, 
	0xa9, 0xa6, 0x55, 0x76, 0x8b, 0x56, 0x67, 0x6a, 
	0x7b, 0x7b, 0x74, 0xb5, 0x72, 0x33, 0xe1, 0x7a, 
	0x55, 0x55, 0x71, 0xea, 0x99, 0x67, 0x94, 0x6d, 
	0x9a, 0x8f, 0x49, 0x8f, 0x89, 0x9c, 0xeb, 0xb8, 
	0x57, 0x49, 0x55, 0x71, 0xce, 0x49, 0x57, 0xa2, 
	0x80, 0xd8, 0x95, 0xec, 0xaf, 0xd4, 0x64, 0x33, 
	0x8d, 0x7f, 0xad, 0x74, 0x74, 0x7d, 0xed, 0x96, 
	0x32, 0xc7, 0x67, 0xa9, 0x9d, 0x77, 0x33, 0x57, 
	0x67, 0x56, 0xdb, 0x76, 0x8c, 0xcb, 0x9d, 0x71, 
	0x7e, 0xee, 0x49, 0xa6, 0x54, 0x7b, 0x71, 0x33, 
	0xef, 0xe7, 0x9f, 0x74, 0x67, 0x99, 0x6d, 0x3e, 
	0xd4, 0x56, 0xb8, 0xa5, 0x9d, 0x71, 0x93, 0x49, 
	0x67, 0x9a, 0x6d, 0x7f, 0x7f, 0xa9, 0x8d, 0x7f, 
	0xf0, 0xbc, 0xa9, 0x32, 0xb1, 0xa2, 0x89, 0x72, 
	0xf1, 0xb0, 0x9f, 0x74, 0x3e, 0xf2, 0x5c, 0x32, 
	0x32, 0x6a, 0x56, 0x7e, 0xd4, 0x8b, 0x65, 0x54, 
	0xaf, 0xb8, 0xe8, 0x6d, 0x7f, 0x32, 0x7f, 0x3e, 
	0xcb, 0xb8, 0x56, 0x5c, 0x7a, 0xcd, 0xa9, 0xa9, 
	0x7d, 0x67, 0x90, 0x67, 0x76, 0xd4, 0x6a, 0xc5, 
	0x32, 0x6d, 0x94, 0xf3, 0x89, 0xdf, 0x32, 0x33, 
	0x49, 0x6d, 0xb5, 0x96, 0x7f, 0x57, 0x85, 0xad, 
	0x6a, 0xac, 0x3e, 0xb1, 0xad, 0x3e, 0x3e, 0x3e, 
	0x56, 0x56, 0x9a, 0x72, 0x71, 0xf4, 0xf5, 0x74, 
	0x55, 0x7d, 0xf6, 0x74, 0x7f, 0x57, 0x33, 0xbd, 
	0xcd, 0xa9, 0xc6, 0x7d, 0xa9, 0xa2, 0x4f, 0x50, 
	0x6a, 0xd7, 0x57, 0x5c, 0x49, 0x54, 0x55, 0x7f, 
	0x7e, 0x56, 0x57, 0x6f, 0x60, 0xf7, 0xc6, 0xf8, 
	0xcd, 0xb8, 0x7d, 0x91, 0x49, 0x49, 0x60, 0x9d, 
	0x55, 0xa9, 0x90, 0x74, 0x57, 0x33, 0x64, 0x4f, 
	0xbf, 0x81, 0xaf, 0x8b, 0x5c, 0x8f, 0x6a, 0x32, 
	0x7a, 0x6a, 0x33, 0x55, 0x49, 0x81, 0x67, 0x7b, 
	0x49, 0x67, 0xf9, 0x6d, 0x49, 0x49, 0x6f, 0x89, 
	0x71, 0x72, 0xc6, 0x74, 0xa9, 0x76, 0x77, 0x78, 
	0x8f, 0x60, 0x33, 0x71, 0x7b, 0x7c, 0x7d, 0x7e, 
	0x7f, 0x7f, 0x80, 0x65, 0x81, 0x8f, 0x49, 0xa9, 
	0x8b, 0x80, 0x6a, 0x83, 0x67, 0x56, 0x57, 0xb1, 
	0x89, 0x6a, 0xfa, 0x9f, 0x67, 0x89, 0x8a, 0x77, 
	0x8b, 0x71, 0x92, 0x6a, 0x8f, 0x90, 0x6d, 0x91, 
	0x56, 0x67, 0x89, 0x92, 0x3e, 0x8b, 0x93, 0x57, 
	0x67, 0x74, 0x7d, 0x94, 0x49, 0x49, 0x57, 0x32, 
	0x5c, 0x55, 0xc6, 0x96, 0x32, 0x71, 0x71, 0x89, 
	0x76, 0x33, 0x97, 0x98, 0x99, 0x9a, 0xa5, 0x6d, 
	0x9b, 0x7e, 0x9c, 0x8d, 0x49, 0x9d, 0x9e, 0x9d, 
	0xf5, 0xe5, 0xfb, 0x7d, 0x57, 0x6f, 0xaf, 0x7f, 
	0x55, 0xcc, 0xf7, 0x9a, 0x7f, 0x7b, 0x7a, 0x5c, 
	0x64, 0x9c, 0x7a, 0x6d, 0xac, 0x6d, 0x67, 0x67, 
	0x9a, 0xa4, 0xfc, 0xa7, 0xa2, 0x7a, 0x33, 0xad, 
	0x9f, 0x7d, 0x9f, 0x6d, 0xa0, 0x76, 0x7b, 0xa1, 
	0x94, 0x6d, 0x67, 0x56, 0x49, 0x32, 0x7a, 0xa2, 
	0x33, 0xa3, 0xa4, 0x56, 0xa5, 0x67, 0x8f, 0x57, 
	0xa6, 0xa2, 0xa7, 0x9c, 0xa8, 0xa9, 0x57, 0x8f, 
	0x56, 0x67, 0x6d, 0x9a, 0xa9, 0x89, 0x55, 0xaa, 
	0xab, 0xae, 0x8f, 0x94, 0x9a, 0xa2, 0x71, 0xad, 
	0x7a, 0x56, 0x90, 0xae, 0xaf, 0xb0, 0x74, 0x32, 
	0x76, 0x33, 0x33, 0x71, 0x8c, 0x49, 0x3e, 0x57, 
	0x8b, 0x32, 0x81, 0x9f, 0x49, 0xb1, 0xb2, 0xb3, 
	0xb4, 0x67, 0x7c, 0xb5, 0x49, 0x60, 0x80, 0x7f, 
	0x54, 0xaf, 0xa3, 0x7f, 0x3e, 0x99, 0xb6, 0x76, 
	0x76, 0xb7, 0x32, 0xad, 0x6a, 0x7e, 0x56, 0x56, 
	0x89, 0x8e, 0xb0, 0xb8, 0xaf, 0x32, 0xb9, 0xba, 
	0x6d, 0x49, 0x81, 0x9a, 0xaf, 0x60, 0x7a, 0x89, 
	0x57, 0x57, 0x60, 0xbb, 0x3e, 0x89, 0x9c, 0x4f, 
	0x56, 0x99, 0x55, 0x55, 0x8f, 0x8f, 0x6d, 0xa3, 
	0x89, 0x65, 0x56, 0x8f, 0x89, 0xb7, 0xbc, 0x91, 
	0x3e, 0x6a, 0x3e, 0x8b, 0x7a, 0x54, 0x80, 0x71, 
	0x8f, 0x49, 0x55, 0x9d, 0xbd, 0x9c, 0x9e, 0x8d, 
	0x6a, 0x6d, 0xad, 0xbe, 0x9a, 0xa9, 0x57, 0x33, 
	0xa2, 0xbf, 0x6a, 0x3e, 0xaf, 0xb0, 0xc0, 0xc1, 
	0xa9, 0x57, 0xc2, 0x9c, 0xc3, 0x57, 0x8e, 0x55, 
	0xc4, 0x56, 0x92, 0x8b, 0xbd, 0xc3, 0xc3, 0x92, 
	0xc5, 0x6a, 0x8f, 0x56, 0x81, 0x6f, 0x81, 0xc5, 
	0x4f, 0x92, 0xad, 0xbf, 0x6a, 0xc6, 0x67, 0x56, 
	0x6d, 0x49, 0x57, 0x76, 0x71, 0xc7, 0x9a, 0x7f, 
	0x7f, 0x6a, 0x57, 0x92, 0x8b, 0x9d, 0xbd, 0xbd, 
	0xc8, 0x72, 0x72, 0xc4, 0x8f, 0x7e, 0x8b, 0x32, 
	0xbe, 0xad, 0x7f, 0x8f, 0xc9, 0x74, 0xca, 0x72, 
	0x33, 0x92, 0x7a, 0x71, 0x9d, 0xcb, 0x7e, 0x55, 
	0x6a, 0x8f, 0x32, 0xa2, 0x7a, 0xc3, 0x64, 0x64, 
	0xc8, 0xcc, 0xbf, 0x6a, 0x32, 0x7b, 0x71, 0x7a, 
	0x7f, 0xcd, 0x6a, 0x49, 0xac, 0x7e, 0x8b, 0x33, 
	0x9c, 0x92, 0x8e, 0x93, 0x6a, 0x56, 0x8f, 0x6d, 
	0x67, 0x8f, 0x7f, 0x55, 0x9d, 0xce, 0x5c, 0x7a, 
	0x93, 0xad, 0xcb, 0x72, 0x7a, 0x92, 0x71, 0xa7, 
	0xcf, 0x56, 0x6a, 0x7c, 0xc1, 0x76, 0x8a, 0x71, 
	0x8c, 0x56, 0x56, 0x7b, 0x8d, 0x49, 0xa9, 0x7e, 
	0xac, 0x9a, 0x7f, 0xa2, 0x71, 0xc8, 0xa5, 0xaf, 
	0x49, 0xcb, 0xb8, 0xc5, 0xc7, 0x67, 0x76, 0x71, 
	0xcb, 0x83, 0xa9, 0x90, 0x67, 0x33, 0x9e, 0x33, 
	0x90, 0x6d, 0x57, 0x76, 0x93, 0x57, 0x5c, 0x55, 
	0x3e, 0xaf, 0xaf, 0x54, 0x7b, 0x7b, 0x99, 0x83, 
	0x3e, 0x7f, 0xa9, 0xac, 0x94, 0x7e, 0x89, 0x7a, 
	0x56, 0xd0, 0xb8, 0xd1, 0x6d, 0x7a, 0x4f, 0xbf, 
	0x6d, 0x72, 0x80, 0x65, 0x55, 0x33, 0x65, 0x56, 
	0x57, 0x7f, 0xd2, 0x3e, 0x8f, 0x6d, 0xd3, 0x83, 
	0x32, 0xd4, 0x49, 0xd5, 0x6d, 0x32, 0xd4, 0x92, 
	0x90, 0x9f, 0x7d, 0xbc, 0x91, 0x93, 0x49, 0x3e, 
	0x7e, 0x65, 0x57, 0x6a, 0xa3, 0xd6, 0xd7, 0x6d, 
	0xaf, 0x65, 0x54, 0x7f, 0xd8, 0x56, 0x49, 0x67, 
	0xb1, 0x7a, 0x56, 0x81, 0xa9, 0xd2, 0x7b, 0xc2, 
	0x56, 0x7d, 0x9a, 0x67, 0x76, 0xc8, 0x66, 0x49, 
	0x56, 0x3e, 0xa2, 0xd4, 0xc2, 0xd9, 0xda, 0xa9, 
	0xa9, 0x32, 0x7b, 0x6a, 0x7d, 0x8f, 0x8f, 0x57, 
	0xa9, 0x57, 0x76, 0xa2, 0x67, 0x7f, 0x89, 0xa2, 
	0x6a, 0x99, 0xdb, 0xa2, 0x7b, 0xdc, 0x67, 0x74, 
	0x56, 0xaf, 0x71, 0xbd, 0xcb, 0xb5, 0xc4, 0xdd, 
	0x9f, 0x8f, 0x6a, 0xde, 0xda, 0x91, 0x32, 0x54, 
	0xdf, 0x57, 0xa3, 0x55, 0x56, 0x7f, 0x7a, 0x7f, 
	0x49, 0x8f, 0xd4, 0x92, 0xa6, 0xb1, 0x6a, 0x94, 
	0x67, 0x3e, 0xb1, 0xcc, 0xb0, 0xe0, 0xaf, 0x32, 
	0xde, 0x67, 0xaf, 0x9f, 0x9f, 0x6a, 0x7a, 0xbd, 
	0xa2, 0xd2, 0xbe, 0x54, 0x7e, 0x6d, 0x8f, 0x32, 
	0xe1, 0x85, 0xc3, 0xad, 0x32, 0x67, 0xb5, 0xd7, 
	0x67, 0x7f, 0x80, 0xa3, 0x66, 0xe2, 0xb7, 0x8b, 
	0xae, 0x54, 0x92, 0xe3, 0x6d, 0x55, 0x89, 0x9c, 
	0x9d, 0x49, 0x7e, 0x57, 0x56, 0x81, 0x32, 0x71, 
	0xbd, 0x65, 0x7f, 0x49, 0xe4, 0xe5, 0xab, 0xba, 
	0x67, 0xaf, 0x76, 0x9d, 0xad, 0x55, 0x49, 0x56, 
	0x56, 0xaf, 0xc7, 0x99, 0x7e, 0xdf, 0x8b, 0xd4, 
	0x7b, 0xd7, 0x9f, 0xbc, 0x83, 0xa5, 0xa3, 0x9c, 
	0xcc, 0xd9, 0xae, 0x8f, 0x6d, 0xb5, 0xe6, 0x83, 
	0x49, 0xa9, 0x32, 0x71, 0xbd, 0xac, 0xe7, 0xb8, 
	0x49, 0x5c, 0x49, 0xa9, 0x54, 0xa9, 0x54, 0x89, 
	0x55, 0xde, 0x96, 0x74, 0x9a, 0x57, 0x71, 0x9c, 
	0xbf, 0x94, 0x91, 0x56, 0x74, 0xc5, 0x6d, 0x67, 
	0x3e, 0xd2, 0xa2, 0x71, 0xc8, 0x9b, 0xe8, 0x74, 
	0x8d, 0x7b, 0xaf, 0x67, 0x7f, 0x7f, 0x54, 0x80, 
	0xe9, 0xa5, 0x7b, 0x7a, 0x67, 0x72, 0xa3, 0x89, 
	0x3e, 0xdd, 0x56, 0x9f, 0x32, 0x76, 0xbf, 0xb8, 
	0xa9, 0xa6, 0x55, 0x76, 0x8b, 0x56, 0x67, 0x6a, 
	0x7b, 0x7b, 0x74, 0xb5, 0x72, 0x33, 0xe1, 0x7a, 
	0x55, 0x55, 0x71, 0xea, 0x99, 0x67, 0x94, 0x6d, 
	0x9a, 0x8f, 0x49, 0x8f, 0x89, 0x9c, 0xeb, 0xb8, 
	0x57, 0x49, 0x55, 0x71, 0xce, 0x49, 0x57, 0xa2, 
	0x80, 0xd8, 0x95, 0xec, 0xaf, 0xd4, 0x64, 0x33, 
	0x8d, 0x7f, 0xad, 0x74, 0x74, 0x7d, 0xed, 0x96, 
	
};

Gfx castle_grounds_dl__21_pal_rgba16_aligner[] = {gsSPEndDisplayList()};
u8 castle_grounds_dl__21_pal_rgba16[] = {
	0x24, 0x09, 0x1c, 0x87, 0x1c, 0x47, 0x14, 0xc7, 
	0x1c, 0xc7, 0x24, 0x87, 0x15, 0x05, 0x15, 0x07, 
	0x1d, 0x05, 0x1c, 0x85, 0x2c, 0x47, 0x24, 0x85, 
	0x24, 0x47, 0x14, 0xc5, 0x2c, 0x87, 0x3c, 0x47, 
	0x3c, 0x87, 0x34, 0x87, 0x4c, 0x47, 0x44, 0x49, 
	0x1c, 0x45, 0x3b, 0x85, 0x54, 0x07, 0x4b, 0x07, 
	0x34, 0x47, 0x53, 0x87, 0x3c, 0x05, 0x3c, 0x07, 
	0x24, 0xc7, 0x5b, 0x49, 0x2a, 0x89, 0x53, 0x07, 
	0x54, 0x09, 0x53, 0xc9, 0x3b, 0x05, 0x63, 0x89, 
	0x4b, 0xc7, 0x53, 0xc7, 0x4c, 0x09, 0x5b, 0x89, 
	0x2b, 0xc5, 0x2c, 0x05, 0x43, 0x87, 0x5a, 0x87, 
	0x33, 0xc5, 0x73, 0x49, 0x6c, 0x49, 0x6a, 0x87, 
	0x31, 0xc3, 0x62, 0x87, 0x61, 0x43, 0x38, 0x41, 
	0x83, 0x07, 0x4c, 0x89, 0x54, 0x49, 0x62, 0x47, 
	0x42, 0x45, 0x6a, 0x07, 0x7b, 0x8b, 0x53, 0x89, 
	0x4a, 0xc5, 0x5a, 0x85, 0x82, 0x47, 0x6b, 0x07, 
	0x6b, 0x89, 0x8b, 0x09, 0x4b, 0x05, 0x2a, 0xc5, 
	0x53, 0x09, 0x94, 0x0d, 0x5a, 0x05, 0x93, 0x4b, 
	0x8c, 0x0b, 0x8a, 0x89, 0x4b, 0x45, 0x5b, 0x47, 
	0x7a, 0x87, 0x74, 0x4b, 0x62, 0x05, 0x51, 0x05, 
	0x50, 0xc5, 0x82, 0xc9, 0x62, 0xc7, 0x5a, 0x45, 
	0x61, 0x83, 0x69, 0x85, 0x92, 0xcb, 0x71, 0xc5, 
	0x52, 0x03, 0x3a, 0x03, 0x8b, 0x4b, 0xab, 0xcf, 
	0x69, 0xc5, 0x9b, 0x4b, 0x9b, 0xcd, 0x5a, 0xc7, 
	0x50, 0xc1, 0x41, 0x83, 0x9b, 0x8d, 0x7b, 0x89, 
	0x30, 0x43, 0x82, 0x49, 0x93, 0x0b, 0x8a, 0x47, 
	0x7a, 0xc9, 0x61, 0xc5, 0x8a, 0x49, 0x72, 0xc9, 
	0xab, 0x8d, 0x92, 0x89, 0x73, 0x09, 0x59, 0x01, 
	0x41, 0x03, 0x30, 0x01, 0x71, 0x85, 0x9c, 0x0d, 
	0x9a, 0xcb, 0x6a, 0x45, 0x40, 0x41, 0x20, 0x03, 
	0x18, 0x43, 0x51, 0x43, 0x51, 0x03, 0x48, 0x81, 
	0xa3, 0x4d, 0xb3, 0x4d, 0x79, 0xc5, 0x7a, 0x07, 
	0x48, 0xc1, 0x9b, 0x0b, 0x6a, 0x05, 0xab, 0x0b, 
	0x72, 0x87, 0x49, 0x03, 0x52, 0x05, 0xc4, 0x0f, 
	0x93, 0x8b, 0x40, 0x81, 0x28, 0x03, 0x59, 0x03, 
	0x69, 0x87, 0x59, 0x45, 0x72, 0x07, 0x82, 0x07, 
	0xa3, 0x0d, 0x82, 0x05, 0x61, 0x45, 0x61, 0x85, 
	0xc3, 0x8f, 0xc3, 0xcf, 0xa2, 0xcb, 0x8a, 0xcb, 
	0xc4, 0x11, 0xbb, 0x8f, 0x92, 0xc9, 0xcb, 0xd1, 
	0x28, 0x01, 0x48, 0xc3, 0x20, 0x01, 0xbb, 0x4d, 
	0x59, 0x41, 0x92, 0x87, 0x59, 0x43, 0x50, 0xc3, 
	0x61, 0x03, 0x8a, 0x87, 0x69, 0xc3, 0x38, 0x43, 
	0x59, 0x47, 0x7a, 0x05, 0xec, 0x95, 0xec, 0x51, 
	0xab, 0x4d, 0x71, 0xc7, 0x8a, 0x05, 0x69, 0x83, 
	0xb3, 0x8f, 0x51, 0x01, 0xaa, 0xcb, 0xec, 0x53, 
	0xd3, 0x8d, 0xd3, 0xcf, 0x81, 0xc5, 0x82, 0x09, 
	0xa3, 0x0b, 0xd3, 0xd1, 0xb3, 0x0b, 0x61, 0x87, 
	0xbb, 0x8d, 0x40, 0x83, 0x82, 0x89, 0x79, 0xc7, 
	0xe4, 0x53, 0x92, 0x47, 0x48, 0x83, 0x38, 0x83, 
	0x9a, 0xc9, 0x8a, 0x07, 0xcb, 0x8f, 0x92, 0x8b, 
	0x59, 0x05, 0xc3, 0xd1, 0x8a, 0xc9, 0x9b, 0x0d, 
	0x69, 0x45, 0x8a, 0x8b, 0x48, 0xc5, 0x81, 0xc9, 
	0x9a, 0x89, 0xe4, 0x95, 0x72, 0x05, 0xd3, 0x8f, 
	0x38, 0x01, 0xe4, 0x55, 0x8a, 0x09, 0xab, 0x0d, 
	0x93, 0x0d, 0xdc, 0x11, 0xcb, 0x8d, 0x69, 0x43, 
	0x69, 0xc7, 0x71, 0xc3, 0xcb, 0xcf, 0x7a, 0x47, 
	0x71, 0x83, 0x40, 0xc3, 0x50, 0x81, 0xbb, 0x4f, 
	0x69, 0x81, 0xc3, 0x4d, 0xdb, 0xcf, 0xd4, 0x11, 
	0xbb, 0x4b, 0x82, 0x4b, 0x7a, 0x09, 0x8a, 0x4b, 
	0x8a, 0x45, 0xe4, 0x11, 0xcc, 0x53, 0xb3, 0x91, 
	0xcc, 0x55, 0xdc, 0x97, 0x61, 0x41, 0x81, 0xc7, 
	0x82, 0x0b, 0xec, 0x55, 0xdb, 0xd1, 0xab, 0x8f, 
	0x71, 0x43, 0xb3, 0x4f, 0xe4, 0x0f, 0xdc, 0x53, 
	0x30, 0x03, 
};

Gfx castle_grounds_dl__22_ci4_aligner[] = {gsSPEndDisplayList()};
u8 castle_grounds_dl__22_ci4[] = {
	0x00, 0x11, 0x23, 0x22, 0x33, 0x33, 0x32, 0x32, 
	0x00, 0x32, 0x20, 0x02, 0x22, 0x33, 0x11, 0x03, 
	0x23, 0x11, 0x22, 0x22, 0x03, 0x03, 0x23, 0x33, 
	0x00, 0x33, 0x32, 0x32, 0x03, 0x32, 0x11, 0x23, 
	0x33, 0x11, 0x23, 0x23, 0x30, 0x32, 0x23, 0x02, 
	0x22, 0x22, 0x20, 0x00, 0x00, 0x32, 0x11, 0x22, 
	0x32, 0x11, 0x23, 0x33, 0x32, 0x33, 0x02, 0x33, 
	0x32, 0x02, 0x03, 0x23, 0x00, 0x03, 0x11, 0x32, 
	0x00, 0x11, 0x33, 0x20, 0x33, 0x22, 0x32, 0x03, 
	0x33, 0x02, 0x32, 0x20, 0x33, 0x33, 0x11, 0x02, 
	0x20, 0x11, 0x02, 0x20, 0x30, 0x33, 0x23, 0x23, 
	0x32, 0x00, 0x23, 0x20, 0x33, 0x20, 0x11, 0x32, 
	0x20, 0x11, 0x23, 0x22, 0x23, 0x32, 0x30, 0x20, 
	0x23, 0x20, 0x22, 0x23, 0x30, 0x32, 0x11, 0x23, 
	0x02, 0x11, 0x02, 0x20, 0x02, 0x23, 0x23, 0x22, 
	0x22, 0x22, 0x00, 0x22, 0x20, 0x23, 0x11, 0x23, 
	0x22, 0x11, 0x22, 0x02, 0x20, 0x23, 0x33, 0x20, 
	0x00, 0x33, 0x02, 0x33, 0x00, 0x32, 0x11, 0x23, 
	0x20, 0x11, 0x02, 0x30, 0x03, 0x20, 0x23, 0x22, 
	0x20, 0x02, 0x00, 0x00, 0x30, 0x02, 0x11, 0x22, 
	0x02, 0x11, 0x03, 0x23, 0x22, 0x20, 0x02, 0x32, 
	0x30, 0x00, 0x02, 0x00, 0x22, 0x30, 0x11, 0x32, 
	0x30, 0x11, 0x20, 0x32, 0x30, 0x20, 0x32, 0x20, 
	0x20, 0x02, 0x02, 0x30, 0x33, 0x03, 0x11, 0x33, 
	0x23, 0x11, 0x22, 0x03, 0x02, 0x00, 0x20, 0x33, 
	0x32, 0x00, 0x02, 0x22, 0x20, 0x32, 0x11, 0x33, 
	0x32, 0x11, 0x22, 0x02, 0x00, 0x22, 0x02, 0x00, 
	0x32, 0x20, 0x00, 0x33, 0x03, 0x23, 0x11, 0x32, 
	0x32, 0x11, 0x02, 0x33, 0x00, 0x00, 0x22, 0x22, 
	0x03, 0x22, 0x30, 0x20, 0x02, 0x02, 0x11, 0x03, 
	0x30, 0x11, 0x20, 0x23, 0x00, 0x22, 0x32, 0x23, 
	0x23, 0x20, 0x33, 0x23, 0x30, 0x03, 0x11, 0x30, 
	0x30, 0x11, 0x02, 0x03, 0x20, 0x30, 0x02, 0x33, 
	0x33, 0x30, 0x22, 0x22, 0x02, 0x03, 0x11, 0x03, 
	0x00, 0x11, 0x22, 0x23, 0x22, 0x33, 0x33, 0x23, 
	0x02, 0x23, 0x33, 0x20, 0x00, 0x02, 0x11, 0x22, 
	0x00, 0x11, 0x30, 0x22, 0x23, 0x32, 0x03, 0x32, 
	0x30, 0x03, 0x22, 0x22, 0x02, 0x00, 0x11, 0x22, 
	0x02, 0x11, 0x20, 0x03, 0x02, 0x33, 0x02, 0x33, 
	0x33, 0x20, 0x33, 0x30, 0x23, 0x00, 0x11, 0x02, 
	0x00, 0x11, 0x30, 0x20, 0x33, 0x23, 0x32, 0x32, 
	0x23, 0x33, 0x03, 0x03, 0x02, 0x30, 0x11, 0x23, 
	0x20, 0x11, 0x33, 0x23, 0x00, 0x23, 0x23, 0x20, 
	0x30, 0x33, 0x20, 0x02, 0x00, 0x23, 0x11, 0x33, 
	0x20, 0x11, 0x00, 0x22, 0x03, 0x32, 0x32, 0x33, 
	0x33, 0x33, 0x22, 0x22, 0x22, 0x22, 0x11, 0x23, 
	0x00, 0x11, 0x00, 0x32, 0x20, 0x20, 0x22, 0x32, 
	0x33, 0x22, 0x00, 0x22, 0x00, 0x23, 0x11, 0x33, 
	0x33, 0x11, 0x22, 0x32, 0x30, 0x02, 0x33, 0x33, 
	0x22, 0x33, 0x20, 0x33, 0x03, 0x20, 0x11, 0x03, 
	0x20, 0x11, 0x32, 0x20, 0x22, 0x20, 0x23, 0x30, 
	0x32, 0x00, 0x30, 0x22, 0x03, 0x23, 0x11, 0x30, 
	0x32, 0x11, 0x33, 0x22, 0x00, 0x20, 0x22, 0x02, 
	0x03, 0x20, 0x00, 0x33, 0x03, 0x23, 0x11, 0x23, 
	0x33, 0x11, 0x32, 0x32, 0x22, 0x22, 0x33, 0x22, 
	0x32, 0x32, 0x20, 0x33, 0x22, 0x30, 0x11, 0x03, 
	0x33, 0x11, 0x22, 0x30, 0x23, 0x20, 0x33, 0x32, 
	0x20, 0x00, 0x02, 0x22, 0x32, 0x20, 0x11, 0x02, 
	0x22, 0x11, 0x03, 0x30, 0x00, 0x33, 0x03, 0x30, 
	0x20, 0x03, 0x23, 0x23, 0x30, 0x00, 0x11, 0x03, 
	0x00, 0x11, 0x20, 0x23, 0x33, 0x33, 0x23, 0x32, 
	0x20, 0x03, 0x33, 0x00, 0x32, 0x00, 0x11, 0x23, 
	0x22, 0x11, 0x33, 0x33, 0x30, 0x23, 0x03, 0x03, 
	0x30, 0x23, 0x30, 0x23, 0x23, 0x33, 0x11, 0x22, 
	
};

Gfx castle_grounds_dl__22_pal_rgba16_aligner[] = {gsSPEndDisplayList()};
u8 castle_grounds_dl__22_pal_rgba16[] = {
	0x80, 0xc7, 0xed, 0xc7, 0xa0, 0xc7, 0x88, 0xc7, 
	
};

Gfx castle_grounds_dl__23_rgba16_aligner[] = {gsSPEndDisplayList()};
u8 castle_grounds_dl__23_rgba16[] = {
	0xe5, 0xcf, 0xe5, 0x8b, 0xe5, 0xcf, 0xcd, 0x4f, 
	0xcc, 0xd5, 0x8b, 0x4f, 0x73, 0x4b, 0xbc, 0xcd, 
	0x94, 0x4b, 0x8b, 0xcd, 0xed, 0xcf, 0xed, 0xcb, 
	0xed, 0x89, 0xcd, 0x4f, 0xe5, 0xcd, 0xed, 0x8b, 
	0xed, 0xcf, 0xd5, 0x4b, 0xdd, 0x4b, 0xcc, 0xcd, 
	0xed, 0xcd, 0xed, 0xd3, 0xed, 0x93, 0xed, 0x93, 
	0xed, 0xcd, 0xed, 0xcd, 0xed, 0xcd, 0xed, 0xcf, 
	0xed, 0xcd, 0xed, 0xcb, 0xac, 0x8b, 0xc4, 0xcb, 
	0xed, 0xcd, 0xc4, 0xcd, 0xc4, 0xcd, 0x7b, 0x8d, 
	0xa4, 0x4b, 0x8c, 0x0d, 0xdd, 0x4d, 0xee, 0x13, 
	0x7c, 0x0d, 0x94, 0x4f, 0xcd, 0x0d, 0x8b, 0xc9, 
	0xed, 0x87, 0xe5, 0x49, 0x94, 0x4d, 0xd5, 0x4d, 
	0xd5, 0x4d, 0xcd, 0x0b, 0xdd, 0x8d, 0xed, 0xcf, 
	0xed, 0x93, 0xe4, 0x1d, 0xe3, 0x9d, 0xe4, 0x1b, 
	0xed, 0x91, 0xcd, 0x0d, 0xe5, 0xcf, 0xee, 0x0f, 
	0xed, 0xcb, 0xe5, 0x8f, 0x9c, 0x4f, 0x8b, 0xcb, 
	0x9c, 0x4d, 0xb4, 0x8d, 0x94, 0x4d, 0x8b, 0xcb, 
	0x6b, 0x0b, 0x52, 0x89, 0xbc, 0x8b, 0xed, 0xcb, 
	0xa4, 0x8b, 0x8c, 0x4d, 0xd5, 0x0d, 0xa4, 0x4f, 
	0xbc, 0x8b, 0xed, 0xcd, 0x94, 0x4d, 0xb4, 0x8b, 
	0xc5, 0x11, 0xbc, 0xcd, 0xed, 0xcd, 0xe5, 0x51, 
	0xed, 0x55, 0xe4, 0x61, 0xe3, 0xe1, 0xdc, 0x1f, 
	0xc4, 0x95, 0xdd, 0x53, 0xed, 0x8d, 0xed, 0xcb, 
	0xed, 0xcf, 0xed, 0xcf, 0xe5, 0x91, 0xb4, 0x8d, 
	0x9c, 0x4d, 0x93, 0xcb, 0xd5, 0x4b, 0xcd, 0x0d, 
	0x8c, 0x0d, 0x73, 0x0d, 0xb4, 0x8f, 0xd5, 0x0b, 
	0xed, 0xcd, 0xb4, 0x8d, 0xed, 0xcf, 0xed, 0xcd, 
	0xd5, 0x4d, 0xee, 0x0b, 0xed, 0xcd, 0xe5, 0xcf, 
	0xcd, 0x0f, 0x8c, 0x4d, 0xd5, 0x13, 0xdb, 0xdb, 
	0xe4, 0x1f, 0xee, 0x73, 0xee, 0xf7, 0xee, 0x73, 
	0xe4, 0x5f, 0xe4, 0x1d, 0xed, 0x93, 0xc4, 0xcd, 
	0xed, 0x8f, 0xed, 0x8d, 0xed, 0x8d, 0xed, 0xcd, 
	0xed, 0xcd, 0xdd, 0x8f, 0xed, 0x8b, 0xc5, 0x4f, 
	0x6c, 0x0f, 0x83, 0x8d, 0xe5, 0x49, 0xed, 0x89, 
	0xed, 0xcb, 0xb4, 0x8d, 0xa4, 0x4b, 0xed, 0xcb, 
	0xed, 0xcb, 0xed, 0xcd, 0xb4, 0x8f, 0xcd, 0x0d, 
	0xbc, 0x8b, 0x8c, 0x0b, 0xd5, 0x0f, 0xcb, 0x9b, 
	0xdc, 0x1f, 0xee, 0x73, 0xee, 0xf7, 0xee, 0x73, 
	0xdc, 0x1f, 0xdc, 0x1b, 0xed, 0x93, 0x9c, 0x4f, 
	0xdd, 0x0d, 0xc4, 0x8f, 0xcc, 0xcf, 0xbc, 0xcb, 
	0xc5, 0x4d, 0xbc, 0xcf, 0x9c, 0x4b, 0x94, 0xd3, 
	0x64, 0x13, 0x94, 0x4d, 0xac, 0x89, 0xd4, 0xc9, 
	0xe5, 0x49, 0xc5, 0x0d, 0x7b, 0x8b, 0xcd, 0x09, 
	0xc4, 0xcb, 0xdd, 0x4b, 0x94, 0x4d, 0xa4, 0x8f, 
	0x94, 0x4b, 0xa4, 0x4b, 0xdd, 0x49, 0xd4, 0xcf, 
	0xa4, 0x17, 0xd3, 0xdf, 0xe3, 0xe1, 0xe4, 0x61, 
	0xed, 0x57, 0xb4, 0x91, 0xed, 0xcd, 0x94, 0x4f, 
	0x8c, 0x4d, 0xc5, 0x11, 0x83, 0x8d, 0x84, 0x4b, 
	0x42, 0x4b, 0x5a, 0xcb, 0x63, 0x8f, 0x43, 0xd5, 
	0x3b, 0x95, 0x64, 0x11, 0x6b, 0x4d, 0xa4, 0x8b, 
	0xa4, 0xcd, 0x74, 0x53, 0xac, 0xcf, 0x84, 0x4d, 
	0x4b, 0x4f, 0x63, 0x8d, 0x7c, 0x0d, 0x6b, 0xcd, 
	0x8c, 0x4d, 0x73, 0x4b, 0x94, 0x0d, 0xed, 0x89, 
	0xac, 0x91, 0xb3, 0x19, 0xcb, 0x1b, 0xcb, 0x99, 
	0xe5, 0x51, 0xed, 0xcf, 0xed, 0xcb, 0xa4, 0x8f, 
	0x94, 0x4f, 0xbc, 0x8d, 0x5a, 0x89, 0x63, 0x8b, 
	0x53, 0x8f, 0x6b, 0x8d, 0x5b, 0x4f, 0x22, 0xcf, 
	0x22, 0xcf, 0x4b, 0x91, 0x73, 0x8d, 0x7c, 0x0d, 
	0x5c, 0x11, 0x3b, 0xd7, 0x8c, 0x91, 0x74, 0x55, 
	0x43, 0xd7, 0x84, 0x53, 0x7c, 0x4f, 0x84, 0x4f, 
	0x64, 0x11, 0x33, 0x0d, 0x6b, 0x8d, 0x8c, 0x0d, 
	0x8c, 0x4d, 0x6a, 0xcd, 0x5a, 0x4b, 0x73, 0x0d, 
	0xbc, 0xcb, 0xe5, 0xd3, 0xb4, 0xd7, 0xa4, 0x4d, 
	0xac, 0x8f, 0xc4, 0xcd, 0x83, 0x8b, 0x53, 0x4b, 
	0x6c, 0x0f, 0x7c, 0x0f, 0x74, 0x11, 0x22, 0x8d, 
	0x1a, 0x0b, 0x5b, 0xd3, 0x7c, 0x11, 0x7c, 0x51, 
	0x5c, 0x15, 0x33, 0x55, 0x7c, 0x95, 0x5c, 0x15, 
	0x0a, 0x4b, 0x43, 0x8f, 0x74, 0x51, 0x53, 0xd1, 
	0x33, 0x11, 0x12, 0x4d, 0x3b, 0x0f, 0x53, 0x0b, 
	0xac, 0x8d, 0xd5, 0x8d, 0xcd, 0x0d, 0xb4, 0x8d, 
	0x9c, 0x4d, 0x8c, 0x51, 0x53, 0x91, 0x33, 0x0f, 
	0x6b, 0xcf, 0x63, 0x8d, 0x63, 0x0d, 0x4b, 0x8f, 
	0x74, 0x0f, 0x73, 0xd1, 0x4b, 0x51, 0x22, 0x4d, 
	0x12, 0x4d, 0x2a, 0xcf, 0x64, 0x55, 0x43, 0x4f, 
	0x22, 0xcd, 0x2b, 0x53, 0x2b, 0x11, 0x1a, 0x89, 
	0x0a, 0x4d, 0x1a, 0x8b, 0x3b, 0x4d, 0x3b, 0x4d, 
	0x2b, 0x0f, 0x12, 0x8d, 0x2a, 0xcf, 0x43, 0x4d, 
	0x8c, 0x51, 0x94, 0x91, 0x94, 0x93, 0x9d, 0x13, 
	0x8c, 0x93, 0x33, 0x4f, 0x33, 0x0f, 0x22, 0x8d, 
	0x2b, 0x0f, 0x3b, 0x8f, 0x43, 0x8f, 0x33, 0x4f, 
	0x33, 0x11, 0x3b, 0x11, 0x3a, 0xcf, 0x2a, 0x8f, 
	0x1a, 0x4d, 0x2a, 0x8f, 0x22, 0x8d, 0x33, 0x0f, 
	0x1a, 0x4b, 0x23, 0x13, 0x23, 0x11, 0x1a, 0x8d, 
	0x0a, 0x4d, 0x22, 0xcd, 0x33, 0x4f, 0x33, 0x51, 
	0x22, 0xcf, 0x1a, 0xcf, 0x1a, 0x8d, 0x1a, 0x8d, 
	0x3b, 0x11, 0x64, 0x55, 0x64, 0x57, 0x6c, 0x97, 
	0x64, 0x97, 0x2b, 0x0f, 0x1a, 0x8d, 0x2a, 0xcd, 
	0x22, 0xcf, 0x2b, 0x4f, 0x3b, 0x4d, 0x33, 0x4f, 
	0x2a, 0x8f, 0x2a, 0x8f, 0x22, 0x8f, 0x1a, 0x0b, 
	0x1a, 0x8f, 0x1a, 0x4d, 0x22, 0xd1, 0x1a, 0x8f, 
	0x1a, 0x8d, 0x23, 0x53, 0x1a, 0xcf, 0x23, 0x11, 
	0x23, 0x11, 0x2b, 0x51, 0x33, 0x93, 0x2b, 0x4f, 
	0x23, 0x11, 0x12, 0x8d, 0x12, 0x8d, 0x2a, 0xcd, 
	0x22, 0xcf, 0x1a, 0x8d, 0x1a, 0xcb, 0x23, 0x4f, 
	0x1b, 0x4f, 0x1b, 0x0d, 0x1a, 0xcd, 0x23, 0x11, 
	0x1a, 0xcf, 0x2b, 0x0f, 0x2b, 0x0d, 0x2b, 0x51, 
	0x22, 0x8f, 0x22, 0x8f, 0x22, 0xd1, 0x22, 0x8f, 
	0x22, 0x8f, 0x1a, 0x8f, 0x23, 0x13, 0x1a, 0xd1, 
	0x23, 0x13, 0x23, 0x13, 0x23, 0x11, 0x2b, 0x53, 
	0x2b, 0x55, 0x2b, 0x51, 0x33, 0x95, 0x1a, 0xcf, 
	0x23, 0x11, 0x1a, 0xd1, 0x12, 0x8d, 0x22, 0xcd, 
	0x2b, 0x11, 0x22, 0xcf, 0x1b, 0x0f, 0x23, 0x4f, 
	0x2b, 0x93, 0x2b, 0xd5, 0x1b, 0x0f, 0x1a, 0xd1, 
	0x23, 0x11, 0x23, 0x0f, 0x23, 0x0f, 0x2b, 0x91, 
	0x23, 0x11, 0x2b, 0x13, 0x22, 0xd1, 0x2a, 0xd1, 
	0x22, 0xd1, 0x22, 0xd1, 0x23, 0x13, 0x23, 0x53, 
	0x2b, 0x53, 0x23, 0x53, 0x23, 0x11, 0x2b, 0x55, 
	0x33, 0x97, 0x33, 0x95, 0x3b, 0x95, 0x23, 0x0f, 
	0x2b, 0x55, 0x23, 0x13, 0x1a, 0xcf, 0x23, 0x11, 
	0x2b, 0x53, 0x2b, 0x11, 0x23, 0x51, 0x23, 0x51, 
	0x33, 0xd7, 0x2c, 0x17, 0x1b, 0x11, 0x23, 0x53, 
	0x2b, 0x95, 0x23, 0x11, 0x23, 0x51, 0x2b, 0x93, 
	0x2b, 0x55, 0x33, 0x97, 0x22, 0xd1, 0x2a, 0xd3, 
	0x22, 0xd3, 0x2b, 0x13, 0x2b, 0x55, 0x23, 0x53, 
	0x2b, 0x55, 0x2b, 0x95, 0x33, 0xd7, 0x33, 0x95, 
	0x33, 0xd7, 0x3b, 0xd7, 0x33, 0x95, 0x3b, 0xd9, 
	0x2b, 0x55, 0x23, 0x13, 0x33, 0x97, 0x2b, 0x55, 
	0x33, 0x95, 0x23, 0x11, 0x2b, 0x95, 0x33, 0xd5, 
	0x2b, 0xd3, 0x33, 0xd7, 0x2b, 0x95, 0x2b, 0x97, 
	0x3b, 0xd9, 0x3b, 0xd9, 0x2b, 0x97, 0x34, 0x17, 
	0x33, 0xd9, 0x33, 0x97, 0x34, 0x19, 0x2b, 0x55, 
	0x2b, 0x13, 0x2b, 0x55, 0x2b, 0x55, 0x2b, 0x97, 
	0x2b, 0x55, 0x33, 0x97, 0x33, 0xd9, 0x33, 0xd9, 
	0x33, 0xd9, 0x3b, 0xd9, 0x3b, 0xd5, 0x3b, 0xd9, 
	0x33, 0x57, 0x23, 0x13, 0x33, 0x97, 0x33, 0xd9, 
	0x33, 0x55, 0x33, 0x55, 0x33, 0x55, 0x33, 0xd7, 
	0x33, 0xd7, 0x33, 0xd9, 0x34, 0x19, 0x33, 0x97, 
	0x34, 0x19, 0x33, 0xd9, 0x33, 0xd9, 0x3c, 0x5b, 
	0x3c, 0x5b, 0x33, 0x97, 0x34, 0x19, 0x34, 0x19, 
	0x33, 0xd9, 0x33, 0x97, 0x33, 0x97, 0x34, 0x19, 
	0x33, 0xd9, 0x2b, 0x97, 0x33, 0x99, 0x33, 0x97, 
	0x3b, 0xd9, 0x3b, 0xd9, 0x43, 0xd9, 0x33, 0xd9, 
	0x33, 0x57, 0x33, 0x57, 0x33, 0xd9, 0x33, 0xd9, 
	0x33, 0x97, 0x33, 0xd9, 0x33, 0xd9, 0x33, 0xd9, 
	0x33, 0xd9, 0x33, 0x97, 0x34, 0x19, 0x33, 0xd9, 
	0x3c, 0x19, 0x34, 0x19, 0x34, 0x19, 0x3c, 0x9d, 
	0x3c, 0x5b, 0x33, 0x97, 0x34, 0x19, 0x34, 0x19, 
	0x33, 0x97, 0x33, 0xd9, 0x33, 0x97, 0x34, 0x19, 
	0x33, 0xd9, 0x33, 0xd9, 0x33, 0x97, 0x33, 0x97, 
	0x3b, 0xd9, 0x3b, 0xd9, 0x44, 0x17, 0x33, 0xd9, 
	0x33, 0x57, 0x33, 0x57, 0x33, 0xd9, 0x33, 0xd9, 
	0x34, 0x19, 0x33, 0xd9, 0x33, 0xd9, 0x33, 0xd9, 
	0x33, 0xd9, 0x33, 0xd9, 0x3c, 0x59, 0x3c, 0x9b, 
	0x34, 0x57, 0x34, 0x59, 0x34, 0x99, 0x3d, 0x1d, 
	0x3c, 0x59, 0x33, 0xd9, 0x34, 0x19, 0x34, 0x5b, 
	0x33, 0xd9, 0x33, 0xd9, 0x33, 0xd9, 0x34, 0x19, 
	0x33, 0xd9, 0x33, 0xd9, 0x33, 0x97, 0x33, 0x97, 
	0x3b, 0xd9, 0x3b, 0xd9, 0x43, 0xd7, 0x33, 0x99, 
	0x33, 0x99, 0x33, 0x57, 0x33, 0xd9, 0x33, 0xd9, 
	0x3c, 0x19, 0x33, 0xd9, 0x33, 0xd9, 0x33, 0xd9, 
	0x33, 0xd9, 0x33, 0xd9, 0x3c, 0x5b, 0x3c, 0x9d, 
	0x34, 0x59, 0x34, 0x57, 0x3c, 0x9b, 0x45, 0x1f, 
	0x3c, 0x5b, 0x33, 0xd9, 0x3c, 0x19, 0x3c, 0x5b, 
	0x33, 0xd9, 0x33, 0xd9, 0x2c, 0x15, 0x33, 0xd9, 
	0x34, 0x19, 0x34, 0x19, 0x33, 0xd9, 0x33, 0x97, 
	0x3b, 0xd9, 0x33, 0xd7, 0x3b, 0xd9, 0x33, 0xd9, 
	0x34, 0x5b, 0x33, 0x97, 0x33, 0x97, 0x33, 0xd9, 
	0x34, 0x19, 0x33, 0xd9, 0x33, 0xd9, 0x33, 0xd9, 
	0x33, 0xd9, 0x34, 0x19, 0x3c, 0x9b, 0x3c, 0x9b, 
	0x33, 0xd9, 0x1c, 0x4b, 0x34, 0x57, 0x45, 0x1f, 
	0x3c, 0x5b, 0x33, 0xd9, 0x34, 0x19, 0x34, 0x5b, 
	0x34, 0x19, 0x33, 0xd9, 0x33, 0xd7, 0x2c, 0x15, 
	0x3c, 0x19, 0x3c, 0x19, 0x33, 0xd9, 0x3b, 0x97, 
	0x3c, 0x19, 0x34, 0x17, 0x3b, 0xd9, 0x33, 0xd9, 
	0x3c, 0x9d, 0x34, 0x19, 0x33, 0xd9, 0x33, 0xd9, 
	0x34, 0x19, 0x34, 0x17, 0x33, 0xd9, 0x33, 0xd9, 
	0x33, 0xd9, 0x34, 0x19, 0x3c, 0x9b, 0x3c, 0x59, 
	0x34, 0x19, 0x2c, 0x55, 0x34, 0x57, 0x44, 0xdd, 
	0x34, 0x57, 0x33, 0xd9, 0x34, 0x19, 0x34, 0x59, 
	0x34, 0x19, 0x33, 0xd9, 0x33, 0xd7, 0x24, 0x51, 
	0x3c, 0x5b, 0x3c, 0x1b, 0x3c, 0x19, 0x3b, 0xd9, 
	0x3c, 0x19, 0x24, 0x4f, 0x33, 0xd9, 0x33, 0xd9, 
	0x3c, 0x9d, 0x3c, 0x59, 0x33, 0xd9, 0x33, 0xd9, 
	0x34, 0x19, 0x34, 0x17, 0x33, 0xd9, 0x33, 0xd9, 
	0x33, 0xd9, 0x2c, 0x55, 0x34, 0x99, 0x3c, 0x59, 
	0x34, 0x19, 0x33, 0xd9, 0x34, 0x57, 0x3c, 0x59, 
	0x2c, 0x53, 0x2c, 0x15, 0x3c, 0x19, 0x34, 0x59, 
	0x34, 0x57, 0x33, 0xd9, 0x2c, 0x15, 0x24, 0x51, 
	0x3c, 0x5b, 0x3c, 0x5b, 0x3c, 0x59, 0x3c, 0x19, 
	0x3c, 0x19, 0x2c, 0x53, 0x33, 0xd9, 0x3b, 0xd9, 
	0x3c, 0x9d, 0x3c, 0x59, 0x34, 0x19, 0x34, 0x57, 
	0x34, 0x19, 0x2c, 0x53, 0x33, 0xd9, 0x33, 0xd9, 
	0x33, 0xd9, 0x24, 0x51, 0x34, 0x97, 0x3c, 0x5b, 
	0x34, 0x19, 0x24, 0x4f, 0x34, 0x57, 0x24, 0x51, 
	0x1c, 0x4d, 0x2c, 0x53, 0x34, 0x19, 0x2c, 0x55, 
	0x34, 0x55, 0x34, 0x19, 0x24, 0x51, 0x2c, 0x55, 
	0x3c, 0x5b, 0x3c, 0x5b, 0x3c, 0x59, 0x34, 0x59, 
	0x34, 0x17, 0x1c, 0x4b, 0x34, 0x19, 0x33, 0xd9, 
	0x3c, 0x9d, 0x3c, 0x5b, 0x33, 0xd9, 0x2c, 0x55, 
	0x34, 0x19, 0x2c, 0x15, 0x34, 0x19, 0x33, 0xd9, 
	0x24, 0x51, 0x2c, 0x55, 0x3c, 0x9b, 0x3c, 0x5b, 
	0x34, 0x19, 0x1c, 0x4d, 0x34, 0x57, 0x1c, 0x4f, 
	0x24, 0x4f, 0x24, 0x51, 0x3c, 0x19, 0x34, 0x57, 
	0x2c, 0x55, 0x34, 0x57, 0x24, 0x4f, 0x2c, 0x53, 
	0x3c, 0x5b, 0x3c, 0x5b, 0x3c, 0x5b, 0x34, 0x59, 
	0x34, 0x17, 0x2c, 0x55, 0x34, 0x57, 0x34, 0x19, 
	0x3c, 0x5b, 0x3c, 0x59, 0x34, 0x17, 0x2c, 0x55, 
	0x2c, 0x55, 0x2c, 0x53, 0x34, 0x59, 0x33, 0xd9, 
	0x24, 0x4f, 0x24, 0xd1, 0x3c, 0x9b, 0x34, 0x57, 
	0x34, 0x19, 0x24, 0x51, 0x34, 0x57, 0x24, 0x4f, 
	0x2c, 0x55, 0x1c, 0x4d, 0x34, 0x59, 0x24, 0x4f, 
	0x2c, 0x53, 0x34, 0x19, 0x1c, 0x4f, 0x2c, 0x95, 
	0x2c, 0x95, 0x3c, 0x5b, 0x3c, 0x5b, 0x34, 0x59, 
	0x2c, 0x55, 0x24, 0x4f, 0x1c, 0x4b, 0x33, 0xd9, 
	0x34, 0x59, 0x2c, 0x93, 0x33, 0xd9, 0x2c, 0x55, 
	0x2c, 0x53, 0x24, 0x51, 0x34, 0x57, 0x33, 0xd9, 
	0x34, 0x19, 0x1c, 0x4d, 0x3c, 0xdb, 0x3c, 0x5b, 
	0x34, 0x57, 0x24, 0x91, 0x1c, 0x4b, 0x1c, 0x4b, 
	0x1c, 0x4d, 0x24, 0x53, 0x24, 0x4f, 0x2c, 0x53, 
	0x34, 0x57, 0x2c, 0x55, 0x1c, 0x4d, 0x24, 0x91, 
	0x24, 0x8f, 0x34, 0x57, 0x2c, 0x53, 0x3c, 0x59, 
	0x2c, 0x55, 0x2c, 0x55, 0x34, 0x55, 0x34, 0x19, 
	0x34, 0x55, 0x2c, 0x93, 0x24, 0x91, 0x2c, 0x93, 
	0x24, 0x4f, 0x33, 0xd9, 0x3c, 0x5b, 0x34, 0x57, 
	0x1c, 0x4f, 0x24, 0x51, 0x34, 0xd9, 0x34, 0x97, 
	0x2c, 0x95, 0x24, 0x8f, 0x1c, 0x8d, 0x24, 0x8f, 
	0x24, 0x4f, 0x24, 0x4f, 0x2c, 0x53, 0x24, 0x51, 
	0x24, 0x4f, 0x1c, 0x4b, 0x14, 0x4b, 0x24, 0x91, 
	0x1c, 0x4d, 0x24, 0x51, 0x1c, 0x4d, 0x34, 0x97, 
	0x14, 0x4b, 0x2c, 0x53, 0x3c, 0x5b, 0x33, 0xd9, 
	0x2c, 0x93, 0x24, 0x91, 0x2c, 0x93, 0x2c, 0x53, 
	0x2c, 0x53, 0x24, 0x51, 0x2c, 0x53, 0x24, 0x4f, 
	0x1c, 0x4d, 0x1c, 0x4f, 0x24, 0x91, 0x2c, 0xd5, 
	0x2c, 0x55, 0x1c, 0x4b, 0x1c, 0x8d, 0x1c, 0xcb, 
	0x14, 0x8b, 0x14, 0x4b, 0x24, 0x4f, 0x24, 0x8f, 
	0x2c, 0x53, 0x2c, 0x93, 0x14, 0x09, 0x14, 0x4b, 
	0x1c, 0x4d, 0x1c, 0x4f, 0x1c, 0x8d, 0x14, 0x0d, 
	0x2c, 0x93, 0x1c, 0x4b, 0x24, 0x51, 0x34, 0x17, 
	0x24, 0x8f, 0x24, 0x8f, 0x2c, 0x95, 0x2c, 0x95, 
	0x24, 0x4f, 0x2c, 0x53, 0x1c, 0x4d, 0x14, 0x09, 
	0x0c, 0x07, 0x1c, 0x4f, 0x1c, 0x8b, 0x24, 0x53, 
	0x24, 0x51, 0x24, 0x8f, 0x1c, 0x8d, 0x1c, 0xcb, 
	0x14, 0x89, 0x14, 0x49, 0x1c, 0x8d, 0x1c, 0x4f, 
	0x14, 0x09, 0x24, 0x51, 0x0c, 0x07, 0x14, 0x49, 
	0x1c, 0x4b, 0x0c, 0x09, 0x1c, 0x8d, 0x24, 0x91, 
	0x1c, 0x8d, 0x2c, 0x93, 0x24, 0x4f, 0x2c, 0x53, 
	0x1c, 0x4b, 0x24, 0x91, 0x2c, 0x93, 0x2c, 0x93, 
	0x14, 0x4b, 0x1c, 0x4d, 0x2c, 0x93, 0x14, 0x07, 
	0x0b, 0xc5, 0x14, 0x09, 0x1c, 0x4d, 0x24, 0x8f, 
	0x24, 0xcf, 0x1c, 0x8d, 0x14, 0x8b, 0x14, 0x49, 
	0x14, 0x47, 0x0c, 0x47, 0x1c, 0x4d, 0x14, 0x09, 
	0x0b, 0xc5, 0x0c, 0x07, 0x0c, 0x07, 0x14, 0x49, 
	0x14, 0x47, 0x1c, 0x4b, 0x14, 0x89, 0x1c, 0x8d, 
	0x1c, 0x8d, 0x24, 0x8f, 0x2c, 0x95, 0x24, 0x8f, 
	0x24, 0x8f, 0x1c, 0x8f, 0x1c, 0x4d, 0x1c, 0x8b, 
	0x14, 0x49, 0x14, 0x49, 0x0c, 0x07, 0x14, 0x07, 
	0x0c, 0x07, 0x14, 0x07, 0x14, 0x49, 0x14, 0x49, 
	0x1c, 0x8b, 0x14, 0x89, 0x1c, 0xcf, 0x0c, 0x47, 
	0x0c, 0x47, 0x0c, 0x05, 0x14, 0x49, 0x14, 0x47, 
	0x14, 0x49, 0x14, 0x49, 0x14, 0x49, 0x1c, 0x4b, 
	0x1c, 0x8b, 0x1c, 0x4b, 0x1c, 0x4b, 0x14, 0x49, 
	0x14, 0x8b, 0x14, 0x47, 0x14, 0x89, 0x14, 0x89, 
	0x14, 0x49, 0x14, 0x49, 0x14, 0x49, 0x14, 0x49, 
	0x0c, 0x05, 0x14, 0x49, 0x0c, 0x47, 0x14, 0x47, 
	0x0c, 0x47, 0x14, 0x49, 0x0c, 0x47, 0x14, 0x49, 
	0x14, 0x8b, 0x14, 0x89, 0x14, 0x89, 0x14, 0x87, 
	
};

Gfx castle_grounds_dl__24_rgba16_aligner[] = {gsSPEndDisplayList()};
u8 castle_grounds_dl__24_rgba16[] = {
	0x94, 0x4f, 0xa4, 0x91, 0xe6, 0x1f, 0xd5, 0xdd, 
	0xc5, 0x9d, 0xc5, 0xdf, 0xb5, 0x19, 0xc5, 0x5b, 
	0xde, 0x21, 0xbd, 0x1b, 0xbd, 0x1b, 0x94, 0x53, 
	0x94, 0x53, 0xbd, 0x1b, 0xcd, 0x9d, 0xc5, 0x9d, 
	0xc5, 0x5d, 0xac, 0xdb, 0xa4, 0x99, 0xa4, 0x97, 
	0xd5, 0xdf, 0xdd, 0xdf, 0xc5, 0x5b, 0xde, 0x21, 
	0xe6, 0xe3, 0xb4, 0xd7, 0x94, 0x4d, 0xbc, 0xd7, 
	0xe6, 0xa3, 0xe7, 0x25, 0xc5, 0x19, 0xbc, 0xd7, 
	0x9c, 0x4f, 0x94, 0x4f, 0xbd, 0x19, 0xd5, 0x9d, 
	0xcd, 0x9d, 0xcd, 0x9d, 0xb5, 0x1b, 0xa4, 0x97, 
	0x9c, 0x53, 0xbd, 0x1b, 0xd6, 0x21, 0xac, 0xd9, 
	0x94, 0x53, 0x9c, 0x53, 0xb4, 0xdb, 0xc5, 0x1d, 
	0x9c, 0x97, 0x9c, 0x55, 0xa4, 0x99, 0xa4, 0x95, 
	0xb4, 0xd9, 0xdd, 0xdf, 0xcd, 0x5b, 0xd5, 0x9d, 
	0xe6, 0xe5, 0xe6, 0x1f, 0xac, 0x95, 0xb4, 0x95, 
	0xcd, 0x99, 0xe6, 0x61, 0xcd, 0x59, 0xd5, 0x9b, 
	0xcd, 0x5b, 0xa4, 0x91, 0xa4, 0x91, 0xbd, 0x19, 
	0xde, 0x1f, 0xd5, 0xdf, 0xb5, 0x5b, 0xad, 0x1b, 
	0x9c, 0x97, 0xc5, 0x5d, 0xcd, 0x9f, 0xd6, 0x21, 
	0xa4, 0x97, 0x94, 0x53, 0x94, 0x53, 0x9c, 0x55, 
	0x94, 0x53, 0x94, 0x53, 0xa4, 0x93, 0x9c, 0x95, 
	0xac, 0x95, 0xe6, 0x61, 0xdd, 0xdd, 0xe6, 0x1f, 
	0xe6, 0xe3, 0xe6, 0xe3, 0xc5, 0x19, 0xbd, 0x17, 
	0xac, 0x95, 0xa4, 0x91, 0xc5, 0x59, 0xe6, 0x61, 
	0xce, 0x1d, 0xde, 0xa1, 0xce, 0x1f, 0xb5, 0x19, 
	0x9c, 0x95, 0xbd, 0x1b, 0xa4, 0x97, 0xb5, 0x5b, 
	0xc5, 0x9f, 0xd5, 0xe1, 0xbd, 0x19, 0xde, 0x63, 
	0xd5, 0xdf, 0xa4, 0x97, 0x94, 0x51, 0x94, 0x51, 
	0x8c, 0x11, 0x94, 0x51, 0x94, 0x51, 0x94, 0x53, 
	0x94, 0x51, 0xde, 0x1f, 0xcd, 0x5b, 0xcd, 0x9b, 
	0xe6, 0xa3, 0xe7, 0x23, 0xcd, 0x9b, 0xcd, 0xdd, 
	0xad, 0x19, 0xa4, 0x93, 0xb5, 0x19, 0xbd, 0x17, 
	0xb5, 0x59, 0xe6, 0xe5, 0xd6, 0x1f, 0xc5, 0xdd, 
	0x9c, 0x95, 0x94, 0x51, 0x94, 0x51, 0x94, 0x53, 
	0xb5, 0x5b, 0x9c, 0x99, 0xa4, 0x99, 0xcd, 0x9d, 
	0xd5, 0xdf, 0xd6, 0x1f, 0xa4, 0x97, 0x94, 0x51, 
	0x8b, 0xcf, 0x7b, 0x4d, 0x94, 0x51, 0x9c, 0x93, 
	0x8b, 0xcf, 0xcd, 0x9d, 0xac, 0x97, 0xa4, 0x95, 
	0xde, 0x1f, 0xe6, 0xa3, 0xb4, 0xd7, 0xbd, 0x59, 
	0xb5, 0x59, 0x9c, 0x93, 0x9c, 0x91, 0x94, 0x91, 
	0x9c, 0x93, 0xcd, 0x9b, 0xc5, 0x5b, 0xcd, 0x9d, 
	0xad, 0x19, 0x94, 0x53, 0x9c, 0x95, 0x8c, 0x51, 
	0xb5, 0x5b, 0x9c, 0x95, 0xad, 0x19, 0xbd, 0x9d, 
	0xbd, 0x5b, 0xd5, 0xdf, 0xd5, 0xdf, 0x8c, 0x0f, 
	0x94, 0x53, 0x8b, 0xcf, 0x9c, 0x53, 0xbd, 0x1b, 
	0x94, 0x51, 0xcd, 0x9d, 0xb4, 0xd9, 0x9c, 0x51, 
	0xd5, 0x9b, 0xe6, 0x1f, 0x9c, 0x4f, 0xac, 0xd5, 
	0xce, 0x1f, 0xc5, 0xdd, 0x9c, 0x93, 0x94, 0x91, 
	0xa4, 0x95, 0xcd, 0x99, 0xdd, 0xdf, 0xe6, 0x61, 
	0xc5, 0x5b, 0xa4, 0x97, 0x9c, 0x97, 0x8c, 0x51, 
	0xbd, 0xdf, 0xbd, 0x5d, 0xde, 0x61, 0xb5, 0x5b, 
	0xa4, 0xd9, 0xc5, 0x9d, 0xde, 0x23, 0x94, 0x53, 
	0xb5, 0x1b, 0xbd, 0x1b, 0xb4, 0xd9, 0xc5, 0x5b, 
	0xac, 0x97, 0xdd, 0xdf, 0xd5, 0xdd, 0xac, 0x95, 
	0xd5, 0x9b, 0xe6, 0x1f, 0x94, 0x4f, 0x94, 0x4f, 
	0xce, 0x1f, 0xd6, 0x5f, 0xd6, 0x61, 0xad, 0x59, 
	0xcd, 0x59, 0xe5, 0xdd, 0xe6, 0x61, 0xe6, 0xa3, 
	0xe6, 0x21, 0xcd, 0x5d, 0xad, 0x19, 0x94, 0x93, 
	0xac, 0xd9, 0xce, 0x1f, 0xe6, 0xe3, 0xad, 0x1b, 
	0x9c, 0x95, 0xa4, 0x99, 0xd5, 0xdf, 0xa4, 0x97, 
	0x9c, 0x97, 0xb5, 0x5b, 0xbd, 0x1b, 0x9c, 0x55, 
	0x94, 0x53, 0x9c, 0x95, 0xcd, 0x9d, 0xde, 0x63, 
	0xde, 0xa1, 0xe6, 0xa3, 0x94, 0x4f, 0x83, 0x8b, 
	0xb5, 0x19, 0xde, 0x5f, 0xe6, 0xe3, 0xd6, 0xa3, 
	0xcd, 0x59, 0xdd, 0xdd, 0xcd, 0x9d, 0xd5, 0xdd, 
	0xe6, 0x63, 0xdd, 0xdf, 0xc5, 0x9d, 0xad, 0x19, 
	0x9c, 0x97, 0xd5, 0xdf, 0xa4, 0xd9, 0x9c, 0x99, 
	0x94, 0x95, 0xac, 0x97, 0xe6, 0x23, 0xac, 0xd9, 
	0x94, 0x53, 0xbd, 0x5b, 0xde, 0x61, 0x9c, 0x53, 
	0x8c, 0x51, 0x9c, 0x95, 0xde, 0x63, 0xe7, 0x27, 
	0xe7, 0x25, 0xe6, 0xa3, 0xac, 0x95, 0x7b, 0x4b, 
	0xa4, 0x51, 0xd5, 0xdd, 0xe6, 0x61, 0xe6, 0xa3, 
	0xbc, 0xd7, 0xbc, 0xd7, 0xb4, 0xd9, 0xbd, 0x1b, 
	0xe6, 0x63, 0xd5, 0xdf, 0xc5, 0xdf, 0xbd, 0x9d, 
	0x9c, 0xd9, 0x9c, 0x97, 0xac, 0xd9, 0x94, 0x95, 
	0x94, 0x53, 0xcd, 0x5d, 0xcd, 0x9d, 0x94, 0x51, 
	0x8c, 0x53, 0xb5, 0x19, 0xe6, 0xa3, 0xac, 0x97, 
	0x94, 0x51, 0xac, 0xd7, 0xe6, 0xe3, 0xe6, 0xe3, 
	0xde, 0x1f, 0xde, 0x1f, 0xcd, 0x9b, 0x8c, 0x0d, 
	0x94, 0x4f, 0xd5, 0x9b, 0xe6, 0xe3, 0xe7, 0x25, 
	0xc5, 0x19, 0xbc, 0xd7, 0x9c, 0x95, 0xa4, 0x97, 
	0xe6, 0x1f, 0xd5, 0x9d, 0xc5, 0x9d, 0xc5, 0xdf, 
	0xbd, 0x9d, 0xcd, 0x9d, 0xb5, 0x5b, 0x8c, 0x53, 
	0x8c, 0x53, 0xde, 0x21, 0xd5, 0xdf, 0xa4, 0x97, 
	0x8c, 0x4f, 0xa4, 0x95, 0xd5, 0x9d, 0xb4, 0xd9, 
	0xac, 0x97, 0xac, 0x95, 0xdd, 0xdd, 0xde, 0x1f, 
	0xc5, 0x5b, 0xde, 0x21, 0xe6, 0xa3, 0xb4, 0xd7, 
	0x94, 0x4f, 0xbc, 0xd7, 0xe6, 0xa3, 0xe7, 0x23, 
	0xc5, 0x59, 0xcd, 0x5b, 0xa4, 0x53, 0x9c, 0x95, 
	0xbd, 0x1b, 0xcd, 0x9d, 0xcd, 0x9d, 0xcd, 0xdf, 
	0xbd, 0x9f, 0xce, 0x21, 0xb5, 0x5b, 0x94, 0x53, 
	0x8c, 0x53, 0xbd, 0x1b, 0xbd, 0x9d, 0xbd, 0x9d, 
	0x94, 0x51, 0x94, 0x51, 0xa4, 0x93, 0x9c, 0x95, 
	0xb4, 0xdb, 0xa4, 0x95, 0xb4, 0xd7, 0xdd, 0xdf, 
	0xcd, 0x5b, 0xd5, 0x9d, 0xe6, 0xe5, 0xe6, 0x1f, 
	0xac, 0x93, 0xb4, 0x95, 0xcd, 0x5b, 0xe6, 0x5f, 
	0xc5, 0x59, 0xe6, 0x1f, 0xbd, 0x19, 0x9c, 0x53, 
	0xa4, 0x95, 0xbc, 0xd9, 0xdd, 0xdf, 0xd5, 0xdf, 
	0xad, 0x19, 0xb5, 0x5b, 0xa4, 0xd9, 0x94, 0x53, 
	0x94, 0x53, 0x9c, 0x93, 0xb5, 0x5b, 0xbc, 0xd9, 
	0x9c, 0x51, 0x8c, 0x0f, 0x8b, 0xcf, 0x8b, 0xcd, 
	0x94, 0x51, 0x9c, 0x51, 0xac, 0x95, 0xde, 0x1f, 
	0xdd, 0xdf, 0xe6, 0x1f, 0xe6, 0xe3, 0xe6, 0xe3, 
	0xc5, 0x19, 0xb5, 0x17, 0xac, 0x95, 0xa4, 0x91, 
	0xcd, 0x9b, 0xd5, 0xdd, 0xe6, 0xa1, 0xac, 0xd7, 
	0x9c, 0x51, 0x9c, 0x53, 0xbd, 0x1b, 0xde, 0x21, 
	0x9c, 0x95, 0x94, 0x93, 0x9c, 0xd7, 0x8c, 0x0f, 
	0x8c, 0x51, 0xad, 0x19, 0xac, 0xd9, 0xac, 0x97, 
	0x8b, 0xcf, 0x83, 0x8f, 0x83, 0x8d, 0x83, 0x8d, 
	0x83, 0x8f, 0x8c, 0x51, 0x94, 0x51, 0xd5, 0xdb, 
	0xcd, 0x59, 0xd5, 0x9b, 0xe6, 0x63, 0xe7, 0x23, 
	0xcd, 0x5b, 0xc5, 0xdd, 0xad, 0x59, 0xa4, 0x95, 
	0xe6, 0x21, 0xcd, 0x9b, 0xe6, 0xa1, 0xde, 0x21, 
	0xac, 0x97, 0x94, 0x51, 0xa4, 0x53, 0xd5, 0xdf, 
	0x94, 0x51, 0x8c, 0x51, 0x9c, 0x93, 0x8c, 0x0f, 
	0x8c, 0x51, 0xa4, 0xd9, 0xbd, 0x19, 0x9c, 0x53, 
	0x83, 0x8d, 0x83, 0x8d, 0x83, 0xcd, 0x8b, 0xcf, 
	0x8c, 0x4f, 0x9c, 0x53, 0x8c, 0x0f, 0xcd, 0x19, 
	0xb4, 0x97, 0xac, 0x95, 0xdd, 0xdd, 0xe6, 0xa3, 
	0xbc, 0xd7, 0xc5, 0x9b, 0xce, 0x1d, 0xcd, 0xdd, 
	0xe6, 0xe5, 0xdd, 0xdf, 0xd5, 0x9d, 0xdd, 0xdf, 
	0xde, 0x1f, 0xb4, 0xd9, 0x9c, 0x51, 0xc5, 0x1b, 
	0x9c, 0x95, 0x8c, 0x4f, 0xad, 0x5b, 0x94, 0x93, 
	0x8c, 0x51, 0xac, 0x97, 0xdd, 0xdf, 0xb4, 0xd9, 
	0x8b, 0xcf, 0x83, 0x8f, 0x8c, 0x0f, 0x94, 0x51, 
	0xa4, 0x93, 0xb4, 0xd7, 0x94, 0x51, 0xcd, 0x5b, 
	0xb4, 0xd7, 0x9c, 0x51, 0xd5, 0x9b, 0xe5, 0xdf, 
	0xac, 0x95, 0xb4, 0xd7, 0xde, 0x1f, 0xe6, 0xe5, 
	0xd5, 0x9d, 0xd5, 0xdf, 0xc5, 0x9d, 0xbd, 0x5b, 
	0xd5, 0xdf, 0xd5, 0xdf, 0x94, 0x51, 0xad, 0x19, 
	0xad, 0x19, 0x8c, 0x51, 0xc5, 0xdf, 0xb5, 0x5b, 
	0x9c, 0x53, 0xb4, 0xd9, 0xe6, 0x63, 0xd5, 0xe1, 
	0x9c, 0x53, 0x8c, 0x51, 0xa4, 0x95, 0xb4, 0xd9, 
	0xbc, 0xd9, 0xcd, 0x5b, 0xbc, 0xd7, 0xdd, 0xdf, 
	0xd5, 0xdd, 0xac, 0x95, 0xcd, 0x9b, 0xe6, 0x1f, 
	0xb4, 0xd7, 0xa4, 0x51, 0xbd, 0x1b, 0xd6, 0x1f, 
	0xdd, 0xdf, 0xe6, 0xa3, 0xb5, 0x5b, 0xa4, 0xd9, 
	0xc5, 0x9d, 0xde, 0x23, 0x9c, 0x53, 0xad, 0x1b, 
	0xb5, 0x9b, 0x8c, 0x51, 0xc5, 0xdf, 0xd5, 0xdf, 
	0xcd, 0x5b, 0xc5, 0x5b, 0xd5, 0xdf, 0xcd, 0x5b, 
	0xd5, 0x9d, 0xbc, 0xd9, 0xac, 0x97, 0xe6, 0x61, 
	0xd5, 0xdf, 0xcd, 0x5b, 0xe6, 0x1f, 0xe6, 0x21, 
	0xe6, 0x61, 0xcd, 0x5b, 0xcd, 0x5b, 0xe6, 0x21, 
	0xb4, 0x97, 0x94, 0x4f, 0xa4, 0x95, 0xc5, 0x5b, 
	0xe6, 0xa3, 0xe6, 0xe3, 0xad, 0x19, 0x9c, 0x95, 
	0xa4, 0x97, 0xd5, 0xdf, 0xa4, 0x97, 0xb5, 0x1b, 
	0xbd, 0x9d, 0x8c, 0x51, 0xa4, 0x97, 0xd5, 0x9d, 
	0xe6, 0xa3, 0xde, 0x21, 0xbc, 0xd9, 0xa4, 0x95, 
	0xdd, 0xdf, 0xe6, 0x21, 0xa4, 0x95, 0xe6, 0x61, 
	0xe6, 0x61, 0xc5, 0x19, 0xdd, 0xdf, 0xdd, 0xdd, 
	0xdd, 0xdf, 0xd5, 0x9b, 0xc5, 0x19, 0xe6, 0x21, 
	0xb4, 0x97, 0x8b, 0xcd, 0x94, 0x51, 0xb4, 0xd7, 
	0xd6, 0x21, 0xac, 0xd9, 0x9c, 0xd9, 0x94, 0x95, 
	0xac, 0x97, 0xe6, 0x21, 0xb4, 0xd9, 0xbd, 0x1b, 
	0xde, 0x21, 0xa4, 0x97, 0x94, 0x51, 0xbd, 0x19, 
	0xe6, 0xe3, 0xe6, 0xe3, 0xbc, 0xd9, 0x9c, 0x51, 
	0xcd, 0x9d, 0xe6, 0xa3, 0xa4, 0x51, 0xb4, 0x97, 
	0xd5, 0xdd, 0xbc, 0xd9, 0xc5, 0x19, 0xc5, 0x19, 
	0xd5, 0x9b, 0xd5, 0x9d, 0xb4, 0xd7, 0xd5, 0xdd, 
	0xb4, 0xd9, 0x8b, 0x8d, 0x8b, 0xcf, 0xa4, 0x95, 
	0x9c, 0x97, 0xac, 0xd9, 0x94, 0x93, 0x94, 0x53, 
	0xcd, 0x5d, 0xcd, 0x9d, 0x94, 0x51, 0xac, 0xd9, 
	0xe6, 0xe3, 0xd6, 0x21, 0xb4, 0xd9, 0xac, 0x97, 
	0xcd, 0x9d, 0xe6, 0xa3, 0xbd, 0x19, 0x94, 0x51, 
	0xbc, 0xd9, 0xe6, 0x61, 0xb4, 0x97, 0x9c, 0x51, 
	0xb4, 0xd7, 0xbd, 0x1b, 0xc5, 0x5b, 0xcd, 0x5b, 
	0xdd, 0xdf, 0xde, 0x1f, 0xb4, 0x97, 0xcd, 0x5b, 
	0xb4, 0xd9, 0x8b, 0xcf, 0x8b, 0x8d, 0x94, 0x51, 
	0xd5, 0x9f, 0xb5, 0x1b, 0x8c, 0x53, 0x8c, 0x53, 
	0xde, 0x21, 0xd5, 0xdf, 0x9c, 0x97, 0x9c, 0x55, 
	0xcd, 0x9f, 0xe6, 0xe3, 0xd5, 0xdf, 0xac, 0x97, 
	0xa4, 0x55, 0xb4, 0xd9, 0xa4, 0x95, 0x94, 0x51, 
	0xa4, 0x97, 0xcd, 0x9d, 0xc5, 0x1b, 0xa4, 0x53, 
	0xb4, 0x97, 0xcd, 0x5b, 0xcd, 0x9d, 0xde, 0x21, 
	0xe6, 0x63, 0xe6, 0x63, 0xbd, 0x19, 0xd5, 0x9d, 
	0xbc, 0xd9, 0x94, 0x51, 0x8b, 0x8d, 0x94, 0x4f, 
	0xd5, 0xdf, 0xb5, 0x5d, 0x94, 0x53, 0x8c, 0x53, 
	0xcd, 0x9f, 0xe6, 0xa3, 0xbd, 0x5d, 0xac, 0x99, 
	0xac, 0xd9, 0xd5, 0xdf, 0xd5, 0xdf, 0xac, 0xd9, 
	0x9c, 0x53, 0x94, 0x51, 0x94, 0x51, 0xa4, 0x53, 
	0xbd, 0x19, 0xb4, 0xd7, 0xb5, 0x1b, 0xa4, 0x97, 
	0xac, 0x97, 0xcd, 0x9d, 0xd5, 0xdf, 0xdd, 0xdf, 
	0xe6, 0x61, 0xde, 0x21, 0xc5, 0x19, 0xde, 0x21, 
	0xd5, 0x9f, 0xa4, 0x97, 0x8c, 0x0f, 0x8b, 0xcf, 
	0xcd, 0x9f, 0xad, 0x5d, 0x94, 0x55, 0x8c, 0x53, 
	0xbd, 0x9f, 0xd6, 0x21, 0xe6, 0xa3, 0xcd, 0x5d, 
	0xc5, 0x9d, 0xbd, 0x9d, 0xb5, 0x1b, 0xc5, 0x5d, 
	0xd5, 0x9d, 0x8c, 0x4f, 0xa4, 0x97, 0xb4, 0xd7, 
	0xdd, 0xdf, 0xcd, 0x5b, 0xd5, 0x9d, 0xcd, 0x9f, 
	0xa4, 0x97, 0xb4, 0xd9, 0xbd, 0x1b, 0xcd, 0x5d, 
	0xd5, 0x9d, 0xcd, 0x5d, 0xa4, 0x95, 0xd6, 0x21, 
	0xe6, 0xe3, 0xcd, 0xe1, 0x94, 0x51, 0x8b, 0xcf, 
	0xbd, 0x5d, 0x9c, 0xd9, 0x8c, 0x53, 0x94, 0x97, 
	0xb5, 0x9f, 0xd6, 0x1f, 0xdd, 0xdf, 0xdd, 0xdf, 
	0xe6, 0xa3, 0xb5, 0x5b, 0xa4, 0xd9, 0xc5, 0x9d, 
	0xde, 0x23, 0x9c, 0x93, 0xa4, 0x93, 0xac, 0x95, 
	0xe6, 0x63, 0xdd, 0xdf, 0xe6, 0x1f, 0xe6, 0x61, 
	0xac, 0x97, 0x9c, 0x95, 0xa4, 0x95, 0xa4, 0x97, 
	0xbc, 0xd9, 0xbc, 0xd9, 0x9c, 0x51, 0xbd, 0x1b, 
	0xd6, 0x63, 0xbd, 0x1d, 0x8b, 0xcf, 0x8c, 0x11, 
	0xb5, 0x1b, 0x94, 0x95, 0x8c, 0x53, 0x9c, 0xd9, 
	0xad, 0x1b, 0xcd, 0xdf, 0xcd, 0x9d, 0xe6, 0xe3, 
	0xe6, 0xe3, 0xad, 0x19, 0x9c, 0x95, 0xa4, 0x97, 
	0xcd, 0x9d, 0x9c, 0x55, 0x94, 0x51, 0x94, 0x51, 
	0xe6, 0x1f, 0xcd, 0x59, 0xd5, 0x9b, 0xe6, 0x61, 
	0xcd, 0x9d, 0x9c, 0x95, 0x9c, 0x53, 0x9c, 0x53, 
	0xac, 0x99, 0xc5, 0x1b, 0x9c, 0x53, 0x9c, 0x53, 
	0xa4, 0x97, 0x94, 0x53, 0x7b, 0x0d, 0x8b, 0xd1, 
	0xa4, 0x99, 0x8c, 0x53, 0x83, 0xd1, 0xac, 0x99, 
	0xa4, 0x97, 0xc5, 0x1b, 0xcd, 0x9f, 0xd6, 0x21, 
	0xac, 0xd9, 0x9c, 0xd9, 0x94, 0x95, 0xac, 0x97, 
	0xde, 0x21, 0xa4, 0x97, 0xa4, 0x95, 0x8b, 0xcd, 
	0xcd, 0x5b, 0xac, 0x95, 0xa4, 0x95, 0xdd, 0xdf, 
	0xe6, 0x61, 0xb4, 0x97, 0x9c, 0x53, 0x9c, 0x55, 
	0xac, 0x99, 0xd6, 0x21, 0xb5, 0x1b, 0x94, 0x51, 
	0x94, 0x53, 0x7b, 0x4f, 0x73, 0x0d, 0x8c, 0x11, 
	0xbd, 0x1d, 0x94, 0x11, 0x83, 0x4d, 0xac, 0x97, 
	0xac, 0x99, 0xb5, 0x1b, 0xc5, 0x5d, 0x9c, 0x97, 
	0xac, 0xd9, 0x94, 0x93, 0x94, 0x53, 0xcd, 0x5d, 
	0xcd, 0x5d, 0x94, 0x53, 0xbd, 0x1b, 0x94, 0x4f, 
	0xcd, 0x9b, 0xb4, 0xd7, 0x9c, 0x51, 0xd5, 0x9b, 
	0xe5, 0xdf, 0xa4, 0x51, 0x9c, 0x55, 0xac, 0x99, 
	0x9c, 0x55, 0xde, 0x63, 0xde, 0xe5, 0xb4, 0xdb, 
	0x8b, 0xd1, 0x73, 0x0f, 0x73, 0x0f, 0x94, 0x51, 
	0xde, 0x23, 0xa4, 0x97, 0x8b, 0x4f, 0x94, 0x53, 
	0x9c, 0x55, 0x9c, 0x97, 0xac, 0x99, 0xb4, 0xdb, 
	0xa4, 0xd9, 0x8c, 0x53, 0x8c, 0x53, 0xd5, 0xdf, 
	0xbd, 0x1b, 0x9c, 0x55, 0xc5, 0x5b, 0xb4, 0xd9, 
	0xd5, 0xdd, 0xdd, 0xdd, 0xac, 0x95, 0xd5, 0x9b, 
	0xe6, 0x1f, 0x9c, 0x51, 0xac, 0x97, 0xb4, 0xdb, 
	0x8c, 0x11, 0xc5, 0xa3, 0xd6, 0xa3, 0xc5, 0x5f, 
	0x94, 0x53, 0x7b, 0x4f, 0x73, 0x0f, 0x94, 0x51, 
	0xbd, 0x1d, 0x94, 0x53, 0x6a, 0xcd, 0x7b, 0x4f, 
	0x8b, 0xd1, 0x8c, 0x53, 0x94, 0x53, 0x94, 0x55, 
	0x94, 0x53, 0x8c, 0x13, 0x8c, 0x53, 0xcd, 0x9f, 
	0xbd, 0x1d, 0x94, 0x53, 0xac, 0x97, 0xac, 0x97, 
	0xcd, 0x5b, 0xde, 0x1f, 0xcd, 0x59, 0xcd, 0x5b, 
	0xe6, 0x1f, 0xa4, 0x57, 0xc5, 0x1d, 0xc5, 0x1d, 
	0x8c, 0x11, 0x9c, 0x57, 0x9c, 0x99, 0xa4, 0x99, 
	0x9c, 0x97, 0x94, 0x55, 0x94, 0x13, 0x94, 0x51, 
	0x8b, 0xd3, 0x73, 0x4f, 0x5a, 0x8d, 0x62, 0x8d, 
	0x6b, 0x0f, 0x7b, 0x4f, 0x8b, 0xd1, 0x8b, 0xd1, 
	0x83, 0x91, 0x83, 0x91, 0x94, 0x53, 0xd6, 0x63, 
	0xde, 0xa5, 0xac, 0xd9, 0x8c, 0x11, 0x8c, 0x11, 
	0x9c, 0x95, 0xcd, 0x5d, 0xd5, 0xdf, 0xd5, 0x9f, 
	0xbd, 0x1d, 0xa4, 0x97, 0xcd, 0x9f, 0xc5, 0x5f, 
	0x8c, 0x53, 0x83, 0xd1, 0x8c, 0x53, 0x94, 0x55, 
	0x9c, 0x59, 0xbd, 0x1d, 0xcd, 0x5d, 0xa4, 0x97, 
	0x83, 0x91, 0x83, 0x91, 0x6b, 0x0f, 0x5a, 0xcf, 
	0x62, 0xcf, 0x73, 0x0f, 0x7b, 0x51, 0x83, 0x91, 
	0x7b, 0x51, 0x8b, 0xd1, 0x8c, 0x13, 0xbd, 0x61, 
	0xd6, 0xa3, 0xc5, 0x5d, 0x94, 0x53, 0x8c, 0x11, 
	0x94, 0x53, 0xbd, 0x1d, 0xde, 0x63, 0xd5, 0xe1, 
	0xb4, 0xdb, 0x9c, 0x99, 0xc5, 0x5f, 0xbd, 0x5f, 
	0x8c, 0x13, 0x6b, 0x0f, 0x7b, 0x91, 0x8c, 0x13, 
	0x8c, 0x13, 0x9c, 0x99, 0xcd, 0xe1, 0xcd, 0x5f, 
	0x83, 0x93, 0x83, 0xd3, 0x7b, 0x51, 0x63, 0x0f, 
	0x6a, 0xcf, 0x73, 0x0f, 0x7b, 0x51, 0x83, 0xd1, 
	0x83, 0x91, 0x7b, 0x4f, 0x8b, 0xd1, 0x94, 0x55, 
	0xac, 0xdb, 0xb4, 0xdb, 0x9c, 0x55, 0x9c, 0x57, 
	0xa4, 0x99, 0xa4, 0x99, 0xcd, 0xa1, 0xd6, 0x23, 
	0xcd, 0xe1, 0xb4, 0xdb, 0xbd, 0x1d, 0xb4, 0xdd, 
	0x8b, 0xd3, 0x62, 0x8f, 0x6b, 0x0f, 0x73, 0x51, 
	0x83, 0x91, 0x94, 0x57, 0xbd, 0x1d, 0x94, 0x57, 
	0x83, 0x93, 0x8b, 0xd3, 0x7b, 0x51, 0x73, 0x51, 
	0x73, 0x11, 0x83, 0x91, 0x8b, 0xd3, 0x8b, 0xd3, 
	0x8b, 0xd1, 0x73, 0x0f, 0x83, 0x51, 0x83, 0x91, 
	0x94, 0x53, 0x94, 0x57, 0x9c, 0x99, 0xcd, 0x5f, 
	0xc5, 0x1f, 0xac, 0x9b, 0xb4, 0xdd, 0xcd, 0xe1, 
	0xbd, 0x5f, 0x9c, 0x59, 0x94, 0x55, 0x94, 0x57, 
	0x83, 0x93, 0x6a, 0xd1, 0x62, 0xcf, 0x62, 0xcf, 
	0x6b, 0x0f, 0x8b, 0xd3, 0x94, 0x55, 0x8b, 0xd3, 
	0x94, 0x57, 0x8c, 0x55, 0x83, 0x93, 0x7b, 0x51, 
	0x8b, 0x93, 0x8b, 0xd3, 0x94, 0x55, 0x8c, 0x55, 
	0x8c, 0x13, 0x73, 0x0f, 0x6a, 0xcf, 0x83, 0x53, 
	0x8b, 0xd5, 0x94, 0x57, 0xb4, 0xdd, 0xb4, 0xdd, 
	0xb4, 0xdd, 0xa4, 0x9b, 0x94, 0x59, 0x94, 0x57, 
	0x8c, 0x57, 0x8b, 0xd5, 0x73, 0x11, 0x73, 0x11, 
	0x73, 0x11, 0x6b, 0x11, 0x6a, 0xd1, 0x62, 0x8f, 
	0x62, 0x8f, 0x7b, 0x51, 0x7b, 0x51, 0x62, 0xcf, 
	0x8c, 0x15, 0x94, 0x57, 0x8b, 0xd5, 0x7b, 0x53, 
	0x83, 0x93, 0x8b, 0x93, 0x94, 0x55, 0x94, 0x55, 
	0x94, 0x57, 0x8b, 0x93, 0x73, 0x11, 0x6a, 0xcf, 
	0x7b, 0x13, 0x83, 0x95, 0x94, 0x57, 0x9c, 0x59, 
	0x9c, 0x9b, 0x94, 0x59, 0x8b, 0xd5, 0x8b, 0xd5, 
	0x83, 0x93, 0x73, 0x53, 0x6b, 0x11, 0x62, 0xd1, 
	0x62, 0xd1, 0x6b, 0x11, 0x6a, 0xd1, 0x62, 0x91, 
	0x5a, 0x4f, 0x6a, 0xd1, 0x7b, 0x51, 0x5a, 0x8f, 
	0x8b, 0xd5, 0x8c, 0x57, 0x8b, 0xd5, 0x7b, 0x53, 
	0x7b, 0x53, 0x8b, 0x93, 0x8c, 0x15, 0x94, 0x57, 
	0x94, 0x57, 0x8c, 0x15, 0x73, 0x11, 0x62, 0xd1, 
	0x6b, 0x11, 0x7b, 0x53, 0x83, 0x95, 0x8c, 0x17, 
	0x94, 0x57, 0x94, 0x57, 0x8c, 0x15, 0x8b, 0xd5, 
	0x83, 0x53, 0x73, 0x13, 0x6b, 0x13, 0x62, 0xd3, 
	0x62, 0xd3, 0x73, 0x13, 0x7b, 0x53, 0x73, 0x13, 
	0x6a, 0xd3, 0x6a, 0xd1, 0x7b, 0x53, 0x5a, 0x8f, 
	0x8b, 0xd7, 0x8c, 0x19, 0x8b, 0xd7, 0x7b, 0x55, 
	0x73, 0x53, 0x83, 0x95, 0x8c, 0x15, 0x8c, 0x57, 
	0x8c, 0x57, 0x8b, 0xd5, 0x73, 0x13, 0x62, 0x93, 
	0x6a, 0xd3, 0x6b, 0x13, 0x73, 0x55, 0x83, 0x95, 
	0x8b, 0xd7, 0x8c, 0x17, 0x8c, 0x59, 0x8c, 0x19, 
	0x83, 0x97, 0x73, 0x55, 0x6a, 0xd5, 0x62, 0xd5, 
	0x62, 0xd5, 0x7b, 0x57, 0x8b, 0xd7, 0x83, 0x97, 
	0x73, 0x55, 0x6b, 0x13, 0x6b, 0x13, 0x73, 0x13, 
	0x8b, 0xd9, 0x94, 0x5d, 0x8c, 0x1b, 0x6b, 0x59, 
	0x7b, 0x55, 0x83, 0x95, 0x8c, 0x17, 0x8c, 0x17, 
	0x8c, 0x17, 0x83, 0x97, 0x6b, 0x15, 0x5a, 0xd7, 
	0x62, 0xd5, 0x62, 0xd5, 0x6b, 0x15, 0x73, 0x57, 
	0x7b, 0x97, 0x8b, 0xd9, 0x8c, 0x19, 0x8c, 0x19, 
	0x83, 0xdb, 0x6b, 0x5b, 0x63, 0x19, 0x5a, 0xd7, 
	0x63, 0x19, 0x7b, 0x99, 0x8b, 0xdb, 0x83, 0xd9, 
	0x7b, 0x57, 0x6b, 0x17, 0x62, 0xd5, 0x6b, 0x17, 
	0x83, 0xdb, 0x94, 0x5f, 0x8c, 0x5d, 0x7b, 0x99, 
	0x7b, 0x97, 0x83, 0xd9, 0x8b, 0xd9, 0x8c, 0x17, 
	0x7b, 0x97, 0x73, 0x57, 0x63, 0x17, 0x5a, 0xd7, 
	0x5a, 0xd7, 0x62, 0xd7, 0x63, 0x17, 0x6b, 0x17, 
	0x73, 0x59, 0x83, 0xd9, 0x8b, 0xdb, 0x8b, 0xdb, 
	0x7b, 0x9b, 0x6b, 0x5b, 0x63, 0x19, 0x63, 0x19, 
	0x63, 0x19, 0x7b, 0x9b, 0x83, 0xdb, 0x7b, 0xdb, 
	0x73, 0x59, 0x63, 0x17, 0x5a, 0xd7, 0x5a, 0xd7, 
	0x7b, 0xdb, 0x94, 0x5f, 0x8c, 0x5d, 0x7b, 0x9b, 
	0x7b, 0x99, 0x8c, 0x1b, 0x8b, 0xdb, 0x83, 0xd9, 
	0x73, 0x59, 0x6b, 0x17, 0x5a, 0xd7, 0x63, 0x19, 
	0x63, 0x19, 0x63, 0x19, 0x63, 0x17, 0x63, 0x19, 
	0x6b, 0x59, 0x73, 0x59, 0x7b, 0x9b, 0x7b, 0x9b, 
	0x73, 0x9b, 0x6b, 0x5b, 0x63, 0x19, 0x63, 0x19, 
	0x6b, 0x59, 0x73, 0x9b, 0x7b, 0x9b, 0x73, 0x9b, 
	0x63, 0x19, 0x5a, 0xd7, 0x5a, 0xd7, 0x63, 0x19, 
	0x7b, 0x9b, 0x8c, 0x1d, 0x83, 0xdd, 0x6b, 0x5b, 
	0x73, 0x9b, 0x8c, 0x1d, 0x8c, 0x1b, 0x7b, 0xdb, 
	0x6b, 0x59, 0x63, 0x19, 0x63, 0x19, 0x6b, 0x5b, 
	0x6b, 0x5b, 0x6b, 0x5b, 0x63, 0x19, 0x63, 0x19, 
	0x63, 0x19, 0x63, 0x19, 0x6b, 0x59, 0x6b, 0x5b, 
	0x63, 0x19, 0x63, 0x19, 0x63, 0x19, 0x6b, 0x5b, 
	0x6b, 0x5b, 0x6b, 0x5b, 0x73, 0x5b, 0x6b, 0x5b, 
	0x63, 0x19, 0x5a, 0xd7, 0x5a, 0xd7, 0x63, 0x19, 
	0x73, 0x5b, 0x73, 0x9b, 0x6b, 0x5b, 0x63, 0x19, 
	0x63, 0x19, 0x73, 0x9d, 0x8c, 0x5f, 0x83, 0xdd, 
	0x6b, 0x5b, 0x5a, 0xd7, 0x6b, 0x5b, 0x7b, 0xdf, 
	0x7b, 0xdf, 0x73, 0x9d, 0x6b, 0x5b, 0x5a, 0xd7, 
	0x5a, 0xd7, 0x63, 0x19, 0x63, 0x19, 0x5a, 0xd7, 
	0x5a, 0xd7, 0x5a, 0xd9, 0x63, 0x19, 0x63, 0x19, 
	0x63, 0x19, 0x6b, 0x5b, 0x6b, 0x5b, 0x7b, 0x9b, 
	0x73, 0x59, 0x6b, 0x5b, 0x63, 0x19, 0x6b, 0x59, 
	0x6b, 0x5b, 0x63, 0x19, 0x5a, 0xd7, 0x5a, 0xd7, 
	0x5a, 0xd7, 0x6b, 0x5b, 0x8c, 0x1d, 0x8c, 0x1d, 
	0x6b, 0x5b, 0x5a, 0xd7, 0x73, 0x9d, 0x83, 0xdf, 
	0x8c, 0x1f, 0x84, 0x21, 0x73, 0x9d, 0x5a, 0xd7, 
	0x52, 0x97, 0x63, 0x1b, 0x5a, 0xd7, 0x52, 0x97, 
	0x52, 0x97, 0x5a, 0xd9, 0x5a, 0xd9, 0x63, 0x19, 
	0x63, 0x19, 0x63, 0x19, 0x63, 0x19, 0x63, 0x19, 
	0x6b, 0x5b, 0x73, 0x9d, 0x6b, 0x5b, 0x73, 0x9b, 
	0x6b, 0x5b, 0x5a, 0xd7, 0x5a, 0x97, 0x5a, 0xd9, 
	0x5a, 0xd9, 0x6b, 0x5b, 0x8c, 0x1f, 0x83, 0xdd, 
	0x6b, 0x5b, 0x63, 0x19, 0x6b, 0x5b, 0x7b, 0xdf, 
	0x8c, 0x5f, 0x8c, 0x61, 0x7b, 0xdf, 0x63, 0x19, 
	0x5a, 0xd7, 0x5a, 0xd9, 0x5a, 0xd9, 0x52, 0x97, 
	0x52, 0x97, 0x5a, 0xd9, 0x5a, 0xd9, 0x5a, 0xd9, 
	0x5a, 0xd9, 0x5a, 0xd9, 0x5a, 0xd9, 0x63, 0x19, 
	0x63, 0x1b, 0x6b, 0x5b, 0x73, 0x9d, 0x73, 0x9d, 
	0x63, 0x19, 0x5a, 0xd7, 0x52, 0x97, 0x63, 0x19, 
	0x6b, 0x5b, 0x6b, 0x5b, 0x7b, 0xdf, 0x7b, 0xdd, 
	0x73, 0x9d, 0x63, 0x19, 0x63, 0x19, 0x73, 0x9d, 
	0x7b, 0xdf, 0x8c, 0x61, 0x84, 0x21, 0x6b, 0x5b, 
	0x63, 0x19, 0x5a, 0xd9, 0x63, 0x1b, 0x62, 0xd9, 
	0x63, 0x19, 0x6b, 0x5b, 0x73, 0x9d, 0x6b, 0x5b, 
	0x5a, 0xd9, 0x5a, 0xd9, 0x5a, 0xd9, 0x63, 0x19, 
	0x63, 0x19, 0x63, 0x19, 0x6b, 0x5b, 0x6b, 0x5b, 
	0x63, 0x19, 0x63, 0x19, 0x6b, 0x5b, 0x73, 0x9d, 
	0x73, 0x9d, 0x7b, 0xdf, 0x84, 0x21, 0x84, 0x1f, 
	0x73, 0x9d, 0x6b, 0x5b, 0x63, 0x1b, 0x6b, 0x5b, 
	0x6b, 0x5b, 0x84, 0x21, 0x7b, 0xdf, 0x6b, 0x5b, 
	0x63, 0x19, 0x63, 0x1b, 0x73, 0x9d, 0x73, 0x9d, 
	0x73, 0x9d, 0x7b, 0xdf, 0x84, 0x21, 0x84, 0x21, 
	0x73, 0x9d, 0x63, 0x1b, 0x63, 0x1b, 0x63, 0x1b, 
	0x62, 0xd9, 0x63, 0x19, 0x6b, 0x5b, 0x6b, 0x5b, 
	0x63, 0x19, 0x6b, 0x5b, 0x73, 0x9d, 0x7b, 0xdf, 
	0x84, 0x21, 0x8c, 0x63, 0x8c, 0x63, 0x8c, 0x21, 
	0x7b, 0xdf, 0x73, 0x5d, 0x6b, 0x5d, 0x5a, 0xd9, 
	0x63, 0x1b, 0x6b, 0x5b, 0x6b, 0x5b, 0x6b, 0x5b, 
	0x63, 0x19, 0x6b, 0x5b, 0x84, 0x21, 0x84, 0x21, 
	0x84, 0x21, 0x84, 0x21, 0x8c, 0x63, 0x8c, 0x63, 
	0x7b, 0xdf, 0x73, 0x9d, 0x6b, 0x5b, 0x6b, 0x5b, 
	0x63, 0x19, 0x63, 0x19, 0x6b, 0x5b, 0x6b, 0x5b, 
	0x6b, 0x5b, 0x6b, 0x5b, 0x73, 0x9d, 0x84, 0x21, 
	0x8c, 0x63, 0x8c, 0x63, 0x8c, 0x63, 0x84, 0x21, 
	0x73, 0x9d, 0x6b, 0x5d, 0x6b, 0x5d, 0x63, 0x1b, 
	0x63, 0x1d, 0x63, 0x19, 0x63, 0x19, 0x63, 0x1b, 
	0x63, 0x1b, 0x6b, 0x5d, 0x84, 0x21, 0x84, 0x21, 
	0x84, 0x21, 0x84, 0x21, 0x84, 0x21, 0x8c, 0x63, 
	0x8c, 0x63, 0x84, 0x21, 0x7b, 0xdf, 0x73, 0x9d, 
	0x6b, 0x5b, 0x63, 0x1b, 0x63, 0x1b, 0x6b, 0x5b, 
	0x73, 0x9f, 0x6b, 0x5b, 0x6b, 0x5b, 0x7b, 0xdf, 
	0x84, 0x21, 0x84, 0x21, 0x7b, 0xdf, 0x73, 0x9d, 
	0x6b, 0x5b, 0x63, 0x1b, 0x63, 0x1b, 0x5a, 0xd9, 
	0x63, 0x1b, 0x63, 0x1b, 0x5a, 0xd9, 0x63, 0x1b, 
	0x5a, 0xd9, 0x63, 0x1b, 0x7b, 0xe1, 0x84, 0x21, 
	0x7b, 0xe1, 0x73, 0x9f, 0x7b, 0xdf, 0x84, 0x21, 
	0x8c, 0x63, 0x84, 0x21, 0x84, 0x21, 0x7b, 0xdf, 
	0x73, 0x9d, 0x6b, 0x5d, 0x63, 0x1b, 0x6b, 0x5f, 
	0x73, 0x9f, 0x52, 0x97, 0x63, 0x19, 0x73, 0x9d, 
	0x73, 0x9d, 0x73, 0x9d, 0x6b, 0x5b, 0x63, 0x1b, 
	0x63, 0x19, 0x5a, 0xd9, 0x5a, 0xd9, 0x52, 0x97, 
	0x5a, 0xd9, 0x63, 0x1b, 0x52, 0x97, 0x5a, 0xd9, 
	0x5a, 0xd9, 0x5a, 0xd9, 0x6b, 0x5f, 0x73, 0x9f, 
	0x73, 0x9f, 0x73, 0x9f, 0x73, 0x9d, 0x7b, 0xdf, 
	0x84, 0x21, 0x84, 0x21, 0x84, 0x21, 0x7b, 0xdf, 
	0x7b, 0xdf, 0x6b, 0x5d, 0x5a, 0xd9, 0x73, 0x9f, 
	0x6b, 0x5d, 0x52, 0x97, 0x5a, 0xd9, 0x63, 0x19, 
	0x6b, 0x5b, 0x6b, 0x5b, 0x63, 0x1b, 0x52, 0x97, 
	0x5a, 0xd9, 0x5a, 0xd9, 0x5a, 0xd9, 0x52, 0x97, 
	0x5a, 0xd9, 0x6b, 0x5d, 0x5a, 0xd9, 0x5a, 0xd9, 
	0x52, 0x97, 0x52, 0x97, 0x63, 0x1b, 0x63, 0x1b, 
	0x6b, 0x5d, 0x73, 0x9f, 0x73, 0x9f, 0x73, 0x9d, 
	0x73, 0x9d, 0x7b, 0xdf, 0x7b, 0xdf, 0x73, 0x9f, 
	0x73, 0xa1, 0x73, 0x9f, 0x63, 0x1b, 0x73, 0x9f, 
	0x73, 0x9f, 0x5a, 0xd9, 0x5a, 0xd9, 0x5a, 0xd9, 
	0x63, 0x1b, 0x73, 0x9f, 0x6b, 0x5d, 0x5a, 0xd9, 
	0x52, 0x99, 0x5a, 0xd9, 0x63, 0x1b, 0x5a, 0xd9, 
	0x63, 0x1b, 0x6b, 0x5d, 0x63, 0x1d, 0x5a, 0xd9, 
	0x52, 0x57, 0x52, 0x57, 0x5a, 0xd9, 0x63, 0x1b, 
	0x63, 0x1b, 0x6b, 0x5d, 0x6b, 0x5f, 0x63, 0x1b, 
	0x6b, 0x5d, 0x73, 0x9f, 0x63, 0x1b, 0x63, 0x1b, 
	0x6b, 0x5d, 0x6b, 0x5f, 0x6b, 0x5d, 0x6b, 0x5d, 
	0x73, 0x9f, 0x63, 0x1b, 0x5a, 0xd9, 0x5a, 0xd9, 
	0x63, 0x1b, 0x73, 0x9f, 0x73, 0x9f, 0x63, 0x1b, 
	0x5a, 0xd9, 0x63, 0x1b, 0x5a, 0xd9, 0x5a, 0xd9, 
	0x63, 0x1b, 0x73, 0x9f, 0x73, 0x9f, 0x6b, 0x5d, 
	0x52, 0x99, 0x4a, 0x57, 0x5a, 0xd9, 0x5a, 0xd9, 
	0x63, 0x1b, 0x6b, 0x5d, 0x6b, 0x5d, 0x5a, 0xd9, 
	0x63, 0x1b, 0x63, 0x1b, 0x63, 0x1d, 0x6b, 0x5d, 
	0x5a, 0xd9, 0x5a, 0xd9, 0x63, 0x1b, 0x63, 0x1b, 
	0x73, 0xa1, 0x63, 0x1b, 0x5a, 0xd9, 0x63, 0x1b, 
	0x6b, 0x5d, 0x6b, 0x5d, 0x6b, 0x5d, 0x63, 0x1b, 
	0x63, 0x1b, 0x63, 0x1b, 0x5a, 0x99, 0x5a, 0xd9, 
	0x63, 0x1b, 0x73, 0xa1, 0x84, 0x23, 0x7b, 0xe1, 
	0x63, 0x1b, 0x5a, 0xd9, 0x63, 0x1b, 0x63, 0x1b, 
	0x63, 0x1b, 0x63, 0x1b, 0x73, 0x9f, 0x5a, 0xd9, 
	0x63, 0x1b, 0x6b, 0x5d, 0x6b, 0x5d, 0x6b, 0x5d, 
	0x52, 0x97, 0x52, 0x97, 0x63, 0x1b, 0x5a, 0xd9, 
	0x6b, 0x5d, 0x73, 0xa1, 0x84, 0x23, 0x7b, 0xe1, 
	0x6b, 0x5d, 0x63, 0x1b, 0x63, 0x1b, 0x63, 0x1b, 
	0x5a, 0xd9, 0x63, 0x1b, 0x5a, 0xd9, 0x5a, 0xd9, 
	0x63, 0x1b, 0x73, 0x9f, 0x84, 0x23, 0x84, 0x23, 
	0x7b, 0xe1, 0x6b, 0x5d, 0x6b, 0x5d, 0x63, 0x1b, 
	0x63, 0x1b, 0x63, 0x1b, 0x6b, 0x5d, 0x5a, 0xd9, 
	0x5a, 0xd9, 0x6b, 0x5d, 0x6b, 0x5f, 0x6b, 0x5d, 
	0x5a, 0xd9, 0x52, 0x57, 0x5a, 0xd9, 0x5a, 0xd9, 
	0x63, 0x1b, 0x6b, 0x5d, 0x73, 0x9f, 0x63, 0x1b, 
	0x6b, 0x5d, 0x6b, 0x5d, 0x5a, 0xd9, 0x5a, 0xd9, 
	0x5a, 0xd9, 0x63, 0x1b, 0x63, 0x1b, 0x5a, 0xd9, 
	0x63, 0x1b, 0x63, 0x1b, 0x8c, 0x63, 0x8c, 0x63, 
	0x8c, 0x63, 0x7b, 0xe3, 0x73, 0x9f, 0x63, 0x1b, 
	0x63, 0x1b, 0x6b, 0x5d, 0x73, 0x9f, 0x63, 0x1b, 
	0x63, 0x1b, 0x6b, 0x5d, 0x73, 0x9f, 0x73, 0x9f, 
	0x63, 0x1b, 0x5a, 0xd9, 0x63, 0x1b, 0x6b, 0x5d, 
	0x5a, 0xd9, 0x63, 0x1b, 0x63, 0x1d, 0x52, 0x97, 
	0x6b, 0x5d, 0x73, 0x9f, 0x63, 0x1b, 0x63, 0x1b, 
	0x63, 0x1b, 0x63, 0x1b, 0x63, 0x1b, 0x63, 0x1b, 
	0x73, 0x9f, 0x63, 0x1b, 0x84, 0x23, 0x8c, 0x63, 
	0x8c, 0x63, 0x84, 0x23, 0x7b, 0xe1, 0x6b, 0x5f, 
	0x63, 0x1b, 0x6b, 0x5d, 0x7b, 0xe1, 0x6b, 0x5d, 
	0x6b, 0x5d, 0x6b, 0x5d, 0x73, 0x9f, 0x84, 0x23, 
	0x63, 0x1b, 0x5a, 0xd9, 0x63, 0x1b, 0x73, 0x9f, 
	0x5a, 0xd9, 0x63, 0x1b, 0x6b, 0x5d, 0x5a, 0xd9, 
	0x6b, 0x5d, 0x73, 0x9f, 0x6b, 0x5d, 0x63, 0x1b, 
	0x6b, 0x5d, 0x63, 0x1b, 0x63, 0x1b, 0x63, 0x1d, 
	0x84, 0x23, 0x6b, 0x5d, 0x73, 0xa1, 0x84, 0x23, 
	0x84, 0x23, 0x84, 0x23, 0x84, 0x23, 0x7b, 0xe1, 
	0x63, 0x1b, 0x63, 0x1b, 0x6b, 0x5d, 0x73, 0x9f, 
	0x73, 0x9f, 0x7b, 0xe1, 0x6b, 0x5d, 0x7b, 0xe1, 
	0x6b, 0x5d, 0x63, 0x1b, 0x73, 0x9f, 0x6b, 0x5d, 
	0x5a, 0xd9, 0x5a, 0xd9, 0x6b, 0x5d, 0x6b, 0x5d, 
	0x6b, 0x5d, 0x6b, 0x5d, 0x73, 0x9f, 0x6b, 0x5d, 
	0x73, 0x9f, 0x6b, 0x5d, 0x62, 0xdb, 0x63, 0x1b, 
	0x8c, 0x63, 0x7b, 0xe1, 0x73, 0x9f, 0x7b, 0xe1, 
	0x73, 0x9f, 0x6b, 0x5d, 0x73, 0x9f, 0x7b, 0xe1, 
	0x6b, 0x5d, 0x63, 0x1b, 0x63, 0x1b, 0x6b, 0x5d, 
	0x7b, 0xe1, 0x73, 0x9f, 0x6b, 0x5d, 0x73, 0x9f, 
	0x7b, 0xe1, 0x73, 0x9f, 0x7b, 0xe3, 0x6b, 0x5d, 
	0x63, 0x1b, 0x63, 0x1b, 0x6b, 0x5d, 0x6b, 0x5f, 
	0x73, 0x9f, 0x63, 0x1b, 0x5a, 0xd9, 0x73, 0xa1, 
	0x7b, 0xe1, 0x73, 0xa1, 0x63, 0x1b, 0x5a, 0x99, 
	0x6b, 0x5d, 0x73, 0x9f, 0x73, 0x9f, 0x6b, 0x5d, 
	0x63, 0x1b, 0x62, 0xdb, 0x62, 0xdb, 0x6b, 0x5d, 
	0x6b, 0x5d, 0x62, 0xdb, 0x62, 0xd9, 0x63, 0x1b, 
	0x6b, 0x5d, 0x73, 0x9f, 0x63, 0x1d, 0x5a, 0xd9, 
	0x7b, 0xe1, 0x84, 0x23, 0x7b, 0xe1, 0x73, 0x9f, 
	0x63, 0x1d, 0x6b, 0x5d, 0x6b, 0x5d, 0x73, 0x9f, 
	0x7b, 0xe1, 0x73, 0x9f, 0x63, 0x1b, 0x84, 0x23, 
	0x8c, 0x63, 0x8c, 0x63, 0x73, 0x9f, 0x63, 0x1b, 
	0x52, 0x99, 0x63, 0x1b, 0x6b, 0x5d, 0x6b, 0x5d, 
	0x62, 0xd9, 0x52, 0x99, 0x4a, 0x59, 0x63, 0x1b, 
	0x6b, 0x5d, 0x63, 0x1b, 0x63, 0x1b, 0x63, 0x1b, 
	0x6b, 0x5d, 0x73, 0x9f, 0x6b, 0x5f, 0x5a, 0xd9, 
	0x63, 0x1b, 0x73, 0x9f, 0x73, 0x9f, 0x73, 0xa1, 
	0x6b, 0x5d, 0x73, 0x9f, 0x73, 0x9f, 0x73, 0x9f, 
	0x7b, 0xe1, 0x7b, 0xe1, 0x7b, 0xe1, 0x7b, 0xe1, 
	0x84, 0x23, 0x8c, 0x63, 0x73, 0xa1, 0x6b, 0x5d, 
	0x63, 0x1d, 0x62, 0xdb, 0x6b, 0x5d, 0x6b, 0x5d, 
	0x63, 0x1b, 0x63, 0x1d, 0x63, 0x1b, 0x63, 0x1b, 
	0x73, 0x9f, 0x6b, 0x5d, 0x63, 0x1b, 0x6b, 0x5d, 
	0x73, 0x9f, 0x7b, 0xe1, 0x7b, 0xe1, 0x6b, 0x5d, 
	0x63, 0x1b, 0x73, 0x9f, 0x6b, 0x5d, 0x73, 0x9f, 
	0x6b, 0x5d, 0x73, 0x9f, 0x73, 0x9f, 0x6b, 0x5f, 
	0x6b, 0x5f, 0x73, 0x9f, 0x73, 0x9f, 0x6b, 0x5f, 
	0x6b, 0x5d, 0x7b, 0xe3, 0x84, 0x23, 0x73, 0x9f, 
	0x63, 0x1b, 0x6b, 0x5d, 0x6b, 0x5d, 0x73, 0x9f, 
	0x73, 0x9f, 0x6b, 0x5d, 0x6b, 0x5f, 0x6b, 0x5d, 
	0x63, 0x1b, 0x6b, 0x5d, 0x6b, 0x5d, 0x6b, 0x5d, 
	0x73, 0x9f, 0x7b, 0xe1, 0x84, 0x23, 0x73, 0x9f, 
	0x63, 0x1b, 0x6b, 0x5d, 0x73, 0x9f, 0x63, 0x1b, 
	
};

Gfx castle_grounds_dl__25_ci8_aligner[] = {gsSPEndDisplayList()};
u8 castle_grounds_dl__25_ci8[] = {
	0x00, 0x01, 0x01, 0x01, 0x01, 0x01, 0x01, 0x01, 
	0x01, 0x01, 0x01, 0x01, 0x01, 0x01, 0x01, 0x01, 
	0x00, 0x01, 0x01, 0x01, 0x01, 0x01, 0x01, 0x01, 
	0x01, 0x01, 0x01, 0x01, 0x01, 0x01, 0x01, 0x01, 
	0x02, 0x03, 0x04, 0x05, 0x03, 0x04, 0x04, 0x04, 
	0x03, 0x05, 0x05, 0x06, 0x07, 0x08, 0x09, 0x01, 
	0x02, 0x03, 0x04, 0x05, 0x03, 0x04, 0x04, 0x04, 
	0x03, 0x05, 0x05, 0x06, 0x07, 0x08, 0x09, 0x01, 
	0x0a, 0x0b, 0x0c, 0x0c, 0x0c, 0x0c, 0x0b, 0x0d, 
	0x04, 0x04, 0x09, 0x0d, 0x08, 0x0c, 0x0e, 0x01, 
	0x0a, 0x0b, 0x0c, 0x0c, 0x0c, 0x0c, 0x0b, 0x0d, 
	0x04, 0x04, 0x09, 0x0d, 0x08, 0x0c, 0x0e, 0x01, 
	0x0f, 0x03, 0x0e, 0x10, 0x11, 0x11, 0x09, 0x04, 
	0x0e, 0x0c, 0x00, 0x09, 0x12, 0x0c, 0x12, 0x01, 
	0x0f, 0x03, 0x0e, 0x10, 0x11, 0x11, 0x09, 0x04, 
	0x0e, 0x0c, 0x00, 0x09, 0x12, 0x0c, 0x12, 0x01, 
	0x02, 0x04, 0x13, 0x11, 0x12, 0x14, 0x15, 0x09, 
	0x0e, 0x13, 0x12, 0x0b, 0x13, 0x11, 0x12, 0x01, 
	0x02, 0x04, 0x13, 0x11, 0x12, 0x14, 0x15, 0x09, 
	0x0e, 0x13, 0x12, 0x0b, 0x13, 0x11, 0x12, 0x01, 
	0x02, 0x04, 0x13, 0x11, 0x12, 0x14, 0x15, 0x09, 
	0x0e, 0x13, 0x12, 0x0b, 0x13, 0x11, 0x12, 0x01, 
	0x02, 0x04, 0x13, 0x11, 0x12, 0x14, 0x15, 0x09, 
	0x0e, 0x13, 0x12, 0x0b, 0x13, 0x11, 0x12, 0x01, 
	0x16, 0x09, 0x0c, 0x13, 0x12, 0x11, 0x13, 0x0c, 
	0x00, 0x12, 0x12, 0x0e, 0x0c, 0x17, 0x11, 0x01, 
	0x16, 0x09, 0x0c, 0x13, 0x12, 0x11, 0x13, 0x0c, 
	0x00, 0x12, 0x12, 0x0e, 0x0c, 0x17, 0x11, 0x01, 
	0x18, 0x11, 0x0c, 0x13, 0x0c, 0x12, 0x0e, 0x12, 
	0x12, 0x12, 0x13, 0x0e, 0x0c, 0x17, 0x17, 0x01, 
	0x18, 0x11, 0x0c, 0x13, 0x0c, 0x12, 0x0e, 0x12, 
	0x12, 0x12, 0x13, 0x0e, 0x0c, 0x17, 0x17, 0x01, 
	0x18, 0x11, 0x0c, 0x13, 0x0c, 0x12, 0x0e, 0x12, 
	0x12, 0x12, 0x13, 0x0e, 0x0c, 0x17, 0x17, 0x01, 
	0x18, 0x11, 0x0c, 0x13, 0x0c, 0x12, 0x0e, 0x12, 
	0x12, 0x12, 0x13, 0x0e, 0x0c, 0x17, 0x17, 0x01, 
	0x19, 0x1a, 0x0a, 0x0a, 0x0a, 0x0a, 0x16, 0x1b, 
	0x0a, 0x1c, 0x0a, 0x1d, 0x0f, 0x02, 0x1a, 0x12, 
	0x19, 0x1a, 0x0a, 0x0a, 0x0a, 0x0a, 0x16, 0x1b, 
	0x0a, 0x1c, 0x0a, 0x1d, 0x0f, 0x02, 0x1a, 0x12, 
	0x00, 0x01, 0x01, 0x01, 0x01, 0x01, 0x01, 0x01, 
	0x01, 0x01, 0x01, 0x01, 0x01, 0x01, 0x01, 0x01, 
	0x00, 0x01, 0x01, 0x01, 0x01, 0x01, 0x01, 0x01, 
	0x01, 0x01, 0x01, 0x01, 0x01, 0x01, 0x01, 0x01, 
	0x02, 0x03, 0x04, 0x05, 0x03, 0x04, 0x04, 0x04, 
	0x03, 0x05, 0x05, 0x06, 0x07, 0x08, 0x09, 0x01, 
	0x02, 0x03, 0x04, 0x05, 0x03, 0x04, 0x04, 0x04, 
	0x03, 0x05, 0x05, 0x06, 0x07, 0x08, 0x09, 0x01, 
	0x0a, 0x0b, 0x0c, 0x0c, 0x0c, 0x0c, 0x0b, 0x0d, 
	0x04, 0x04, 0x09, 0x0d, 0x08, 0x0c, 0x0e, 0x01, 
	0x0a, 0x0b, 0x0c, 0x0c, 0x0c, 0x0c, 0x0b, 0x0d, 
	0x04, 0x04, 0x09, 0x0d, 0x08, 0x0c, 0x0e, 0x01, 
	0x0f, 0x03, 0x0e, 0x10, 0x11, 0x11, 0x09, 0x04, 
	0x0e, 0x0c, 0x00, 0x09, 0x12, 0x0c, 0x12, 0x01, 
	0x0f, 0x03, 0x0e, 0x10, 0x11, 0x11, 0x09, 0x04, 
	0x0e, 0x0c, 0x00, 0x09, 0x12, 0x0c, 0x12, 0x01, 
	0x02, 0x04, 0x13, 0x11, 0x12, 0x14, 0x15, 0x09, 
	0x0e, 0x13, 0x12, 0x0b, 0x13, 0x11, 0x12, 0x01, 
	0x02, 0x04, 0x13, 0x11, 0x12, 0x14, 0x15, 0x09, 
	0x0e, 0x13, 0x12, 0x0b, 0x13, 0x11, 0x12, 0x01, 
	0x02, 0x04, 0x13, 0x11, 0x12, 0x14, 0x15, 0x09, 
	0x0e, 0x13, 0x12, 0x0b, 0x13, 0x11, 0x12, 0x01, 
	0x02, 0x04, 0x13, 0x11, 0x12, 0x14, 0x15, 0x09, 
	0x0e, 0x13, 0x12, 0x0b, 0x13, 0x11, 0x12, 0x01, 
	0x16, 0x09, 0x0c, 0x13, 0x12, 0x11, 0x13, 0x0c, 
	0x00, 0x12, 0x12, 0x0e, 0x0c, 0x17, 0x11, 0x01, 
	0x16, 0x09, 0x0c, 0x13, 0x12, 0x11, 0x13, 0x0c, 
	0x00, 0x12, 0x12, 0x0e, 0x0c, 0x17, 0x11, 0x01, 
	0x18, 0x11, 0x0c, 0x13, 0x0c, 0x12, 0x0e, 0x12, 
	0x12, 0x12, 0x13, 0x0e, 0x0c, 0x17, 0x17, 0x01, 
	0x18, 0x11, 0x0c, 0x13, 0x0c, 0x12, 0x0e, 0x12, 
	0x12, 0x12, 0x13, 0x0e, 0x0c, 0x17, 0x17, 0x01, 
	0x18, 0x11, 0x0c, 0x13, 0x0c, 0x12, 0x0e, 0x12, 
	0x12, 0x12, 0x13, 0x0e, 0x0c, 0x17, 0x17, 0x01, 
	0x18, 0x11, 0x0c, 0x13, 0x0c, 0x12, 0x0e, 0x12, 
	0x12, 0x12, 0x13, 0x0e, 0x0c, 0x17, 0x17, 0x01, 
	0x19, 0x1a, 0x0a, 0x0a, 0x0a, 0x0a, 0x16, 0x1b, 
	0x0a, 0x1c, 0x0a, 0x1d, 0x0f, 0x02, 0x1a, 0x12, 
	0x19, 0x1a, 0x0a, 0x0a, 0x0a, 0x0a, 0x16, 0x1b, 
	0x0a, 0x1c, 0x0a, 0x1d, 0x0f, 0x02, 0x1a, 0x12, 
	0x1e, 0x1e, 0x1e, 0x1e, 0x1e, 0x1e, 0x1e, 0x1e, 
	0x1f, 0x20, 0x20, 0x20, 0x20, 0x20, 0x20, 0x20, 
	0x20, 0x20, 0x20, 0x20, 0x20, 0x20, 0x20, 0x20, 
	0x21, 0x1e, 0x1e, 0x1e, 0x1e, 0x1e, 0x1e, 0x1e, 
	0x22, 0x22, 0x22, 0x23, 0x24, 0x25, 0x26, 0x1e, 
	0x27, 0x28, 0x29, 0x28, 0x28, 0x2a, 0x2a, 0x2a, 
	0x28, 0x28, 0x28, 0x2b, 0x2c, 0x29, 0x29, 0x20, 
	0x2d, 0x22, 0x26, 0x2e, 0x24, 0x2f, 0x2f, 0x2f, 
	0x2f, 0x26, 0x26, 0x24, 0x25, 0x30, 0x31, 0x1e, 
	0x32, 0x1f, 0x33, 0x33, 0x33, 0x33, 0x1f, 0x2a, 
	0x2a, 0x29, 0x29, 0x2a, 0x29, 0x34, 0x33, 0x20, 
	0x35, 0x36, 0x31, 0x31, 0x31, 0x31, 0x36, 0x24, 
	0x2f, 0x26, 0x26, 0x24, 0x25, 0x30, 0x31, 0x1e, 
	0x32, 0x1f, 0x33, 0x33, 0x33, 0x33, 0x1f, 0x2a, 
	0x2a, 0x29, 0x29, 0x2a, 0x29, 0x34, 0x33, 0x20, 
	0x35, 0x36, 0x31, 0x31, 0x31, 0x31, 0x36, 0x24, 
	0x37, 0x31, 0x21, 0x26, 0x21, 0x30, 0x38, 0x1e, 
	0x32, 0x28, 0x39, 0x3a, 0x3b, 0x3b, 0x29, 0x29, 
	0x39, 0x33, 0x1f, 0x29, 0x1f, 0x34, 0x3c, 0x20, 
	0x35, 0x24, 0x37, 0x3d, 0x3e, 0x3e, 0x26, 0x26, 
	0x37, 0x31, 0x21, 0x26, 0x21, 0x30, 0x38, 0x1e, 
	0x32, 0x28, 0x39, 0x3a, 0x3b, 0x3b, 0x29, 0x29, 
	0x39, 0x33, 0x1f, 0x29, 0x1f, 0x34, 0x3c, 0x20, 
	0x35, 0x24, 0x37, 0x3d, 0x3e, 0x3e, 0x26, 0x26, 
	0x37, 0x30, 0x21, 0x36, 0x30, 0x30, 0x38, 0x1e, 
	0x27, 0x29, 0x33, 0x3b, 0x3c, 0x3b, 0x3b, 0x29, 
	0x39, 0x33, 0x1f, 0x1f, 0x3f, 0x40, 0x3c, 0x20, 
	0x2d, 0x26, 0x30, 0x3e, 0x38, 0x3e, 0x30, 0x26, 
	0x37, 0x30, 0x21, 0x36, 0x30, 0x30, 0x38, 0x1e, 
	0x27, 0x29, 0x33, 0x3b, 0x3c, 0x3b, 0x3b, 0x29, 
	0x39, 0x33, 0x1f, 0x1f, 0x3f, 0x40, 0x3c, 0x20, 
	0x2d, 0x26, 0x30, 0x3e, 0x38, 0x3e, 0x30, 0x26, 
	0x25, 0x21, 0x21, 0x37, 0x31, 0x41, 0x3e, 0x1e, 
	0x27, 0x29, 0x33, 0x33, 0x3c, 0x3b, 0x33, 0x33, 
	0x1f, 0x1f, 0x1f, 0x39, 0x33, 0x3a, 0x3b, 0x20, 
	0x2d, 0x26, 0x31, 0x30, 0x38, 0x3e, 0x30, 0x31, 
	0x21, 0x38, 0x30, 0x31, 0x31, 0x41, 0x41, 0x1e, 
	0x42, 0x40, 0x34, 0x33, 0x33, 0x1f, 0x39, 0x1f, 
	0x1f, 0x3c, 0x3f, 0x33, 0x33, 0x3a, 0x3a, 0x20, 
	0x1b, 0x30, 0x30, 0x30, 0x31, 0x21, 0x37, 0x21, 
	0x21, 0x38, 0x30, 0x31, 0x31, 0x41, 0x41, 0x1e, 
	0x42, 0x40, 0x34, 0x33, 0x33, 0x1f, 0x39, 0x1f, 
	0x1f, 0x3c, 0x3f, 0x33, 0x33, 0x3a, 0x3a, 0x20, 
	0x1b, 0x30, 0x30, 0x30, 0x31, 0x21, 0x37, 0x21, 
	0x35, 0x35, 0x35, 0x35, 0x35, 0x2d, 0x43, 0x21, 
	0x44, 0x45, 0x32, 0x32, 0x32, 0x32, 0x27, 0x46, 
	0x32, 0x3a, 0x32, 0x32, 0x32, 0x27, 0x45, 0x1f, 
	0x02, 0x43, 0x35, 0x35, 0x35, 0x35, 0x2d, 0x2d, 
	
};

Gfx castle_grounds_dl__25_pal_rgba16_aligner[] = {gsSPEndDisplayList()};
u8 castle_grounds_dl__25_pal_rgba16[] = {
	0x6b, 0x5b, 0x94, 0xa5, 0x31, 0x8d, 0x84, 0x1f, 
	0x7b, 0xdd, 0x84, 0x61, 0x8c, 0xa3, 0x7c, 0x1f, 
	0x73, 0x9b, 0x73, 0x9d, 0x39, 0xcf, 0x6b, 0x59, 
	0x5a, 0xd7, 0x7b, 0xdf, 0x63, 0x17, 0x39, 0xcd, 
	0x4a, 0x53, 0x52, 0x95, 0x63, 0x19, 0x5a, 0xd5, 
	0x52, 0x93, 0x52, 0xd5, 0x31, 0x8b, 0x42, 0x51, 
	0x21, 0x09, 0x10, 0x85, 0x29, 0x4b, 0x31, 0xcd, 
	0x42, 0x11, 0x3a, 0x0f, 0x74, 0x59, 0x7a, 0x9d, 
	0x93, 0xa5, 0x4b, 0x4f, 0x5c, 0x13, 0x6c, 0x57, 
	0x5b, 0xd3, 0x53, 0x91, 0x53, 0xd1, 0x51, 0x93, 
	0x8b, 0x21, 0x82, 0xdf, 0x83, 0x1f, 0x93, 0xa3, 
	0x83, 0x21, 0x32, 0x4d, 0x5c, 0x15, 0x5b, 0xd1, 
	0x43, 0x0d, 0x43, 0x4d, 0x59, 0x95, 0x72, 0x5b, 
	0x6a, 0x5b, 0x32, 0x8d, 0x53, 0x8f, 0x4b, 0x4d, 
	0x43, 0x4f, 0x7a, 0x5b, 0x61, 0xd7, 0x6a, 0x19, 
	0x72, 0x5d, 0x3a, 0xcd, 0x3b, 0x0d, 0x6a, 0x59, 
	0x6a, 0x1b, 0x32, 0xcd, 0x49, 0x91, 0x32, 0x0d, 
	0x39, 0x8f, 0x49, 0x93, 0x51, 0x95, 
};

Gfx castle_grounds_dl__26_ci8_aligner[] = {gsSPEndDisplayList()};
u8 castle_grounds_dl__26_ci8[] = {
	0x00, 0x01, 0x02, 0x03, 0x04, 0x05, 0x01, 0x03, 
	0x06, 0x07, 0x08, 0x04, 0x09, 0x0a, 0x0b, 0x0c, 
	0x0d, 0x0e, 0x05, 0x0f, 0x06, 0x10, 0x00, 0x11, 
	0x12, 0x13, 0x10, 0x01, 0x14, 0x15, 0x16, 0x13, 
	0x17, 0x04, 0x18, 0x04, 0x00, 0x19, 0x1a, 0x1b, 
	0x1c, 0x1d, 0x16, 0x1d, 0x1e, 0x1f, 0x20, 0x0f, 
	0x0f, 0x00, 0x21, 0x22, 0x01, 0x07, 0x23, 0x11, 
	0x11, 0x10, 0x04, 0x24, 0x25, 0x26, 0x27, 0x0c, 
	0x04, 0x23, 0x03, 0x01, 0x21, 0x28, 0x29, 0x2a, 
	0x2b, 0x2c, 0x16, 0x2d, 0x04, 0x01, 0x00, 0x2e, 
	0x15, 0x05, 0x2f, 0x04, 0x22, 0x30, 0x31, 0x21, 
	0x11, 0x0c, 0x32, 0x12, 0x33, 0x0f, 0x34, 0x21, 
	0x05, 0x23, 0x18, 0x00, 0x00, 0x35, 0x36, 0x17, 
	0x2a, 0x16, 0x37, 0x32, 0x38, 0x39, 0x20, 0x18, 
	0x3a, 0x05, 0x3b, 0x0f, 0x3c, 0x3d, 0x31, 0x3c, 
	0x07, 0x3e, 0x3e, 0x12, 0x07, 0x1c, 0x0c, 0x01, 
	0x07, 0x04, 0x3f, 0x3e, 0x05, 0x3e, 0x29, 0x05, 
	0x04, 0x10, 0x40, 0x41, 0x41, 0x42, 0x24, 0x05, 
	0x29, 0x26, 0x43, 0x00, 0x23, 0x1f, 0x18, 0x3c, 
	0x1c, 0x19, 0x07, 0x07, 0x3e, 0x44, 0x45, 0x03, 
	0x11, 0x24, 0x19, 0x02, 0x46, 0x46, 0x18, 0x2e, 
	0x31, 0x3e, 0x15, 0x02, 0x47, 0x48, 0x11, 0x46, 
	0x0e, 0x19, 0x24, 0x18, 0x0f, 0x06, 0x0e, 0x49, 
	0x19, 0x0e, 0x05, 0x4a, 0x4b, 0x0b, 0x43, 0x4c, 
	0x12, 0x00, 0x13, 0x13, 0x13, 0x18, 0x03, 0x4d, 
	0x0c, 0x16, 0x07, 0x05, 0x24, 0x3b, 0x01, 0x2e, 
	0x05, 0x4e, 0x4e, 0x21, 0x22, 0x4f, 0x44, 0x1f, 
	0x44, 0x2a, 0x10, 0x1f, 0x06, 0x50, 0x51, 0x10, 
	0x02, 0x01, 0x20, 0x13, 0x00, 0x52, 0x53, 0x4d, 
	0x19, 0x19, 0x54, 0x05, 0x31, 0x43, 0x2e, 0x31, 
	0x05, 0x55, 0x0f, 0x1f, 0x31, 0x56, 0x4b, 0x32, 
	0x30, 0x05, 0x46, 0x33, 0x3b, 0x10, 0x56, 0x57, 
	0x4c, 0x03, 0x2e, 0x31, 0x2e, 0x58, 0x45, 0x59, 
	0x24, 0x5a, 0x5b, 0x3e, 0x05, 0x3b, 0x01, 0x20, 
	0x5c, 0x5d, 0x29, 0x04, 0x04, 0x0b, 0x5e, 0x07, 
	0x05, 0x5f, 0x3e, 0x33, 0x0f, 0x1e, 0x60, 0x2e, 
	0x61, 0x00, 0x13, 0x07, 0x2e, 0x00, 0x10, 0x21, 
	0x13, 0x06, 0x3e, 0x27, 0x16, 0x1c, 0x10, 0x00, 
	0x62, 0x63, 0x50, 0x27, 0x4e, 0x24, 0x2d, 0x32, 
	0x1c, 0x5f, 0x45, 0x19, 0x33, 0x07, 0x64, 0x12, 
	0x46, 0x3c, 0x02, 0x20, 0x01, 0x2e, 0x2e, 0x13, 
	0x13, 0x65, 0x08, 0x3e, 0x4f, 0x35, 0x1c, 0x23, 
	0x66, 0x67, 0x67, 0x5a, 0x43, 0x01, 0x07, 0x42, 
	0x68, 0x5f, 0x69, 0x5f, 0x5e, 0x11, 0x32, 0x20, 
	0x2e, 0x07, 0x05, 0x19, 0x1c, 0x0c, 0x02, 0x2b, 
	0x19, 0x65, 0x16, 0x27, 0x07, 0x68, 0x12, 0x22, 
	0x27, 0x6a, 0x5d, 0x07, 0x12, 0x13, 0x40, 0x0c, 
	0x07, 0x5f, 0x64, 0x64, 0x6b, 0x42, 0x22, 0x01, 
	0x01, 0x1c, 0x6c, 0x6d, 0x6c, 0x04, 0x6b, 0x0e, 
	0x1c, 0x6e, 0x5a, 0x16, 0x07, 0x24, 0x18, 0x00, 
	0x12, 0x07, 0x07, 0x13, 0x15, 0x20, 0x1e, 0x05, 
	0x05, 0x68, 0x5f, 0x0b, 0x6b, 0x0b, 0x07, 0x20, 
	0x1c, 0x07, 0x46, 0x07, 0x18, 0x23, 0x07, 0x05, 
	0x19, 0x6f, 0x5a, 0x70, 0x18, 0x00, 0x19, 0x5f, 
	0x06, 0x07, 0x05, 0x15, 0x33, 0x71, 0x25, 0x43, 
	0x04, 0x06, 0x68, 0x4f, 0x0b, 0x69, 0x6b, 0x71, 
	0x07, 0x02, 0x10, 0x18, 0x00, 0x21, 0x18, 0x01, 
	0x10, 0x3e, 0x32, 0x32, 0x12, 0x0c, 0x72, 0x0b, 
	0x46, 0x3e, 0x02, 0x26, 0x3e, 0x12, 0x1c, 0x2d, 
	0x3c, 0x04, 0x0e, 0x19, 0x46, 0x00, 0x5e, 0x22, 
	0x15, 0x21, 0x33, 0x0f, 0x3c, 0x2e, 0x31, 0x00, 
	0x01, 0x10, 0x01, 0x6b, 0x19, 0x3e, 0x0b, 0x5f, 
	0x01, 0x3e, 0x0e, 0x3e, 0x1c, 0x21, 0x33, 0x0f, 
	0x3c, 0x2e, 0x31, 0x00, 0x01, 0x10, 0x01, 0x3e, 
	0x20, 0x12, 0x1c, 0x2d, 0x3c, 0x04, 0x0e, 0x19, 
	0x46, 0x00, 0x5e, 0x19, 0x07, 0x6b, 0x5f, 0x1c, 
	0x5e, 0x19, 0x07, 0x6b, 0x5f, 0x02, 0x10, 0x18, 
	0x00, 0x21, 0x18, 0x01, 0x10, 0x3e, 0x32, 0x07, 
	0x57, 0x71, 0x25, 0x43, 0x04, 0x06, 0x68, 0x4f, 
	0x0b, 0x69, 0x6b, 0x07, 0x3e, 0x6b, 0x68, 0x0e, 
	0x4c, 0x44, 0x3e, 0x6b, 0x68, 0x07, 0x46, 0x07, 
	0x18, 0x23, 0x07, 0x05, 0x19, 0x6f, 0x5a, 0x73, 
	0x23, 0x20, 0x1e, 0x05, 0x05, 0x68, 0x5f, 0x0b, 
	0x6b, 0x0b, 0x07, 0x43, 0x05, 0x19, 0x6f, 0x19, 
	0x01, 0x46, 0x05, 0x19, 0x6f, 0x1c, 0x6c, 0x6d, 
	0x6c, 0x04, 0x6b, 0x0e, 0x1c, 0x6e, 0x5a, 0x6c, 
	0x12, 0x13, 0x40, 0x0c, 0x07, 0x5f, 0x64, 0x64, 
	0x6b, 0x42, 0x22, 0x33, 0x33, 0x4e, 0x46, 0x46, 
	0x22, 0x00, 0x20, 0x4e, 0x46, 0x07, 0x05, 0x19, 
	0x1c, 0x0c, 0x02, 0x2b, 0x19, 0x65, 0x16, 0x18, 
	0x02, 0x01, 0x07, 0x42, 0x68, 0x5f, 0x69, 0x5f, 
	0x5e, 0x11, 0x32, 0x3b, 0x07, 0x74, 0x68, 0x07, 
	0x49, 0x6b, 0x06, 0x74, 0x68, 0x3c, 0x02, 0x20, 
	0x01, 0x2e, 0x2e, 0x13, 0x13, 0x65, 0x08, 0x18, 
	0x10, 0x24, 0x2d, 0x32, 0x1c, 0x5f, 0x45, 0x19, 
	0x33, 0x07, 0x64, 0x51, 0x6b, 0x4b, 0x61, 0x06, 
	0x64, 0x75, 0x0b, 0x4b, 0x61, 0x00, 0x13, 0x07, 
	0x2e, 0x00, 0x10, 0x21, 0x13, 0x06, 0x3e, 0x68, 
	0x12, 0x0b, 0x5e, 0x07, 0x05, 0x5f, 0x3e, 0x33, 
	0x0f, 0x1e, 0x60, 0x42, 0x6b, 0x68, 0x42, 0x21, 
	0x60, 0x4b, 0x76, 0x5f, 0x42, 0x03, 0x2e, 0x31, 
	0x2e, 0x58, 0x45, 0x59, 0x24, 0x5a, 0x5b, 0x4b, 
	0x0c, 0x56, 0x4b, 0x32, 0x30, 0x05, 0x46, 0x33, 
	0x3b, 0x10, 0x56, 0x6b, 0x19, 0x39, 0x24, 0x10, 
	0x56, 0x5f, 0x4c, 0x4c, 0x24, 0x01, 0x20, 0x13, 
	0x00, 0x52, 0x53, 0x4d, 0x19, 0x19, 0x54, 0x5e, 
	0x10, 0x4f, 0x44, 0x1f, 0x44, 0x2a, 0x10, 0x1f, 
	0x06, 0x50, 0x51, 0x00, 0x19, 0x24, 0x3e, 0x19, 
	0x22, 0x00, 0x32, 0x24, 0x3e, 0x00, 0x13, 0x13, 
	0x13, 0x18, 0x03, 0x4d, 0x0c, 0x16, 0x07, 0x12, 
	0x07, 0x06, 0x0e, 0x49, 0x19, 0x0e, 0x05, 0x4a, 
	0x4b, 0x0b, 0x43, 0x4c, 0x77, 0x4c, 0x4c, 0x38, 
	0x21, 0x4c, 0x77, 0x78, 0x59, 0x24, 0x19, 0x02, 
	0x46, 0x46, 0x18, 0x2e, 0x31, 0x3e, 0x15, 0x23, 
	0x18, 0x1f, 0x18, 0x3c, 0x1c, 0x19, 0x07, 0x07, 
	0x3e, 0x44, 0x45, 0x45, 0x45, 0x4c, 0x38, 0x4d, 
	0x61, 0x79, 0x48, 0x4c, 0x38, 0x04, 0x3f, 0x3e, 
	0x05, 0x3e, 0x29, 0x05, 0x04, 0x10, 0x40, 0x22, 
	0x7a, 0x3d, 0x31, 0x3c, 0x07, 0x3e, 0x3e, 0x12, 
	0x07, 0x1c, 0x0c, 0x7b, 0x39, 0x7c, 0x38, 0x7d, 
	0x33, 0x7e, 0x39, 0x7c, 0x38, 0x23, 0x18, 0x00, 
	0x00, 0x35, 0x36, 0x17, 0x2a, 0x16, 0x37, 0x10, 
	0x44, 0x30, 0x31, 0x21, 0x11, 0x0c, 0x32, 0x12, 
	0x33, 0x0f, 0x34, 0x12, 0x02, 0x05, 0x22, 0x13, 
	0x54, 0x12, 0x03, 0x13, 0x22, 0x23, 0x03, 0x01, 
	0x21, 0x28, 0x29, 0x2a, 0x2b, 0x2c, 0x16, 0x02, 
	0x26, 0x07, 0x23, 0x11, 0x11, 0x10, 0x04, 0x24, 
	0x25, 0x26, 0x27, 0x0c, 0x02, 0x05, 0x32, 0x5f, 
	0x54, 0x0c, 0x00, 0x00, 0x32, 0x04, 0x18, 0x04, 
	0x00, 0x19, 0x1a, 0x1b, 0x1c, 0x1d, 0x16, 0x10, 
	0x1c, 0x10, 0x00, 0x11, 0x12, 0x13, 0x10, 0x01, 
	0x14, 0x15, 0x16, 0x16, 0x12, 0x05, 0x3e, 0x5e, 
	0x04, 0x0c, 0x4e, 0x1c, 0x1c, 0x01, 0x02, 0x03, 
	0x04, 0x05, 0x01, 0x03, 0x06, 0x07, 0x08, 0x12, 
	0x3e, 0x20, 0x46, 0x11, 0x05, 0x11, 0x10, 0x23, 
	0x05, 0x7f, 0x16, 0x80, 0x2d, 0x35, 0x50, 0x38, 
	0x81, 0x68, 0x05, 0x1c, 0x3e, 0x38, 0x1c, 0x1c, 
	0x3e, 0x38, 0x0e, 0x1c, 0x50, 0x05, 0x46, 0x75, 
	
};

Gfx castle_grounds_dl__26_pal_rgba16_aligner[] = {gsSPEndDisplayList()};
u8 castle_grounds_dl__26_pal_rgba16[] = {
	0x40, 0xc1, 0x49, 0x01, 0x59, 0xc3, 0x59, 0x81, 
	0x51, 0x83, 0x59, 0xc5, 0x72, 0x89, 0x62, 0x07, 
	0x5a, 0xc7, 0x51, 0xc7, 0x83, 0x11, 0x8b, 0x51, 
	0x6a, 0x47, 0x5a, 0xc9, 0x7a, 0xcd, 0x49, 0x03, 
	0x51, 0x41, 0x59, 0x83, 0x62, 0x05, 0x51, 0x81, 
	0x49, 0x85, 0x49, 0x43, 0x62, 0x47, 0x94, 0x19, 
	0x38, 0xc1, 0x72, 0x8b, 0x93, 0xd7, 0x7a, 0xcf, 
	0x83, 0x0f, 0x62, 0x49, 0x49, 0x45, 0x41, 0x03, 
	0x41, 0x01, 0x38, 0x81, 0x30, 0x41, 0x30, 0x81, 
	0x61, 0xc5, 0x39, 0x03, 0x6a, 0x4b, 0x5a, 0x05, 
	0x59, 0xc9, 0x83, 0x51, 0x7b, 0x0f, 0x72, 0xcb, 
	0x5a, 0x47, 0x62, 0x09, 0x20, 0x01, 0x72, 0x07, 
	0x51, 0x87, 0x28, 0x01, 0x6a, 0x07, 0x51, 0x85, 
	0x73, 0x0b, 0x8b, 0x53, 0x8b, 0x95, 0x5a, 0x07, 
	0x6a, 0x05, 0x7a, 0x89, 0x51, 0xc3, 0x61, 0xc7, 
	0x28, 0x41, 0x38, 0x83, 0x6a, 0x49, 0x62, 0x4b, 
	0x59, 0xc7, 0x69, 0xc1, 0x72, 0x49, 0x59, 0x85, 
	0x6a, 0x09, 0x82, 0xcb, 0x49, 0x41, 0x9b, 0x8d, 
	0x8b, 0x0b, 0x40, 0xc3, 0x59, 0x87, 0x8b, 0x91, 
	0x72, 0x47, 0x82, 0xc9, 0x51, 0x43, 0x93, 0xd5, 
	0x8b, 0x93, 0x72, 0x4b, 0x83, 0x0b, 0x93, 0xcf, 
	0x62, 0x87, 0x51, 0xc5, 0x93, 0xd3, 0x10, 0x01, 
	0x7a, 0x87, 0x61, 0xc3, 0x6a, 0x89, 0x6a, 0xcb, 
	0x5a, 0x45, 0x8b, 0xd3, 0x7a, 0x8b, 0x8b, 0x4f, 
	0x9c, 0x57, 0x8b, 0x0d, 0x8c, 0x53, 0x84, 0x51, 
	0x93, 0x93, 0x6a, 0xc9, 0x94, 0x55, 0x8c, 0x13, 
	0x83, 0x0d, 0x8b, 0x0f, 0x8c, 0x15, 0x82, 0xcd, 
	0x72, 0xcd, 0x7b, 0x11, 0x7b, 0x0d, 0x6a, 0x8b, 
	0x5a, 0x03, 0x18, 0x01, 0x94, 0x59, 0x62, 0x0b, 
	0x94, 0x17, 0x7a, 0xcb, 0x93, 0x91, 0x93, 0x8d, 
	0x7a, 0x45, 0x93, 0xd1, 0x49, 0x05, 0x72, 0x87, 
	0x6a, 0x45, 0x61, 0xc1, 0x7a, 0xc9, 0x6a, 0x87, 
	0x62, 0x89, 0x73, 0x4d, 
};

Gfx castle_grounds_dl__27_ci8_aligner[] = {gsSPEndDisplayList()};
u8 castle_grounds_dl__27_ci8[] = {
	0x00, 0x01, 0x02, 0x02, 0x03, 0x03, 0x04, 0x01, 
	0x05, 0x06, 0x06, 0x06, 0x06, 0x07, 0x08, 0x07, 
	0x05, 0x09, 0x09, 0x09, 0x0a, 0x0b, 0x0c, 0x0c, 
	0x0c, 0x0c, 0x0c, 0x0b, 0x05, 0x05, 0x06, 0x00, 
	0x02, 0x02, 0x02, 0x03, 0x03, 0x03, 0x04, 0x01, 
	0x06, 0x06, 0x07, 0x08, 0x08, 0x0d, 0x0d, 0x0d, 
	0x0e, 0x0f, 0x09, 0x09, 0x09, 0x0a, 0x0b, 0x07, 
	0x0c, 0x07, 0x0b, 0x05, 0x05, 0x05, 0x05, 0x01, 
	0x02, 0x02, 0x04, 0x04, 0x04, 0x04, 0x01, 0x01, 
	0x00, 0x07, 0x08, 0x0d, 0x0d, 0x0d, 0x0d, 0x0d, 
	0x0e, 0x0f, 0x09, 0x09, 0x09, 0x0a, 0x05, 0x0b, 
	0x0b, 0x05, 0x0a, 0x09, 0x01, 0x05, 0x05, 0x01, 
	0x02, 0x04, 0x04, 0x04, 0x09, 0x09, 0x01, 0x05, 
	0x06, 0x07, 0x08, 0x0d, 0x0d, 0x0d, 0x0d, 0x0c, 
	0x0e, 0x10, 0x0f, 0x0a, 0x0a, 0x05, 0x05, 0x05, 
	0x05, 0x0a, 0x09, 0x09, 0x09, 0x01, 0x01, 0x01, 
	0x09, 0x04, 0x04, 0x11, 0x11, 0x0a, 0x0a, 0x05, 
	0x05, 0x06, 0x07, 0x07, 0x08, 0x0c, 0x0c, 0x12, 
	0x12, 0x10, 0x10, 0x05, 0x05, 0x0b, 0x05, 0x05, 
	0x0a, 0x09, 0x09, 0x09, 0x09, 0x01, 0x01, 0x01, 
	0x09, 0x04, 0x13, 0x11, 0x11, 0x14, 0x0a, 0x09, 
	0x01, 0x01, 0x01, 0x05, 0x06, 0x07, 0x0e, 0x12, 
	0x12, 0x0e, 0x0b, 0x0b, 0x0b, 0x07, 0x07, 0x05, 
	0x01, 0x09, 0x09, 0x09, 0x09, 0x01, 0x01, 0x01, 
	0x09, 0x04, 0x13, 0x11, 0x11, 0x11, 0x09, 0x09, 
	0x04, 0x04, 0x04, 0x01, 0x01, 0x01, 0x0f, 0x10, 
	0x12, 0x12, 0x07, 0x07, 0x06, 0x06, 0x06, 0x06, 
	0x05, 0x01, 0x05, 0x05, 0x01, 0x01, 0x01, 0x01, 
	0x04, 0x04, 0x09, 0x09, 0x0a, 0x0a, 0x09, 0x09, 
	0x04, 0x04, 0x04, 0x04, 0x04, 0x09, 0x05, 0x10, 
	0x15, 0x0c, 0x07, 0x06, 0x05, 0x06, 0x06, 0x06, 
	0x06, 0x06, 0x05, 0x05, 0x05, 0x09, 0x04, 0x04, 
	0x04, 0x04, 0x09, 0x0a, 0x0a, 0x0a, 0x0a, 0x09, 
	0x09, 0x04, 0x04, 0x04, 0x09, 0x09, 0x05, 0x0b, 
	0x15, 0x0c, 0x07, 0x06, 0x01, 0x06, 0x06, 0x08, 
	0x08, 0x07, 0x07, 0x05, 0x05, 0x09, 0x04, 0x04, 
	0x03, 0x09, 0x05, 0x05, 0x0b, 0x0b, 0x0b, 0x05, 
	0x0a, 0x09, 0x09, 0x09, 0x0a, 0x0a, 0x05, 0x0b, 
	0x0b, 0x07, 0x06, 0x01, 0x01, 0x06, 0x07, 0x0d, 
	0x0d, 0x0d, 0x07, 0x07, 0x05, 0x01, 0x04, 0x03, 
	0x04, 0x01, 0x05, 0x07, 0x0c, 0x0c, 0x0c, 0x0b, 
	0x0b, 0x0a, 0x0a, 0x0a, 0x0a, 0x0a, 0x0a, 0x05, 
	0x0b, 0x0b, 0x05, 0x02, 0x01, 0x06, 0x08, 0x0d, 
	0x0d, 0x0d, 0x0d, 0x07, 0x07, 0x05, 0x01, 0x04, 
	0x01, 0x01, 0x07, 0x0c, 0x0c, 0x0d, 0x0c, 0x0c, 
	0x0b, 0x16, 0x0a, 0x16, 0x16, 0x05, 0x05, 0x05, 
	0x0b, 0x05, 0x05, 0x01, 0x01, 0x06, 0x0d, 0x0d, 
	0x17, 0x0d, 0x0d, 0x0d, 0x0c, 0x07, 0x06, 0x01, 
	0x06, 0x05, 0x07, 0x0c, 0x0d, 0x0d, 0x0d, 0x0c, 
	0x07, 0x0b, 0x0a, 0x16, 0x0b, 0x0b, 0x0b, 0x0b, 
	0x0b, 0x0b, 0x06, 0x06, 0x06, 0x07, 0x0d, 0x17, 
	0x17, 0x17, 0x0d, 0x0d, 0x0d, 0x0d, 0x0d, 0x07, 
	0x0b, 0x0b, 0x07, 0x07, 0x0d, 0x0d, 0x0d, 0x0c, 
	0x07, 0x07, 0x07, 0x0b, 0x0b, 0x0b, 0x0b, 0x0b, 
	0x07, 0x07, 0x07, 0x07, 0x0c, 0x0c, 0x0d, 0x17, 
	0x18, 0x18, 0x17, 0x17, 0x17, 0x0d, 0x0d, 0x07, 
	0x0b, 0x0b, 0x0b, 0x07, 0x07, 0x0c, 0x0d, 0x0d, 
	0x0d, 0x0d, 0x0d, 0x0c, 0x0c, 0x0c, 0x0c, 0x0c, 
	0x0d, 0x0d, 0x0d, 0x0d, 0x17, 0x17, 0x18, 0x0c, 
	0x0c, 0x0c, 0x0c, 0x0c, 0x0c, 0x0c, 0x0c, 0x07, 
	0x05, 0x05, 0x05, 0x05, 0x06, 0x06, 0x07, 0x08, 
	0x0d, 0x17, 0x17, 0x17, 0x0c, 0x0c, 0x0c, 0x0c, 
	0x17, 0x17, 0x17, 0x0d, 0x0d, 0x0d, 0x0c, 0x0c, 
	0x0c, 0x0c, 0x0c, 0x0c, 0x12, 0x12, 0x0c, 0x0b, 
	0x01, 0x01, 0x01, 0x01, 0x01, 0x05, 0x06, 0x08, 
	0x0d, 0x17, 0x17, 0x17, 0x18, 0x18, 0x0c, 0x18, 
	0x18, 0x0d, 0x0d, 0x07, 0x07, 0x07, 0x0c, 0x15, 
	0x15, 0x19, 0x15, 0x15, 0x19, 0x0c, 0x07, 0x05, 
	0x01, 0x01, 0x01, 0x01, 0x01, 0x05, 0x07, 0x0d, 
	0x0d, 0x17, 0x17, 0x17, 0x0c, 0x0c, 0x0c, 0x0c, 
	0x0c, 0x0c, 0x07, 0x0b, 0x0b, 0x0b, 0x15, 0x15, 
	0x15, 0x0b, 0x0b, 0x0b, 0x15, 0x0c, 0x07, 0x06, 
	0x06, 0x00, 0x00, 0x06, 0x06, 0x07, 0x07, 0x0d, 
	0x0d, 0x0d, 0x0d, 0x0c, 0x15, 0x15, 0x15, 0x15, 
	0x0b, 0x16, 0x0b, 0x0a, 0x0b, 0x0b, 0x15, 0x15, 
	0x0b, 0x0b, 0x05, 0x0b, 0x0c, 0x0c, 0x07, 0x06, 
	0x06, 0x06, 0x06, 0x06, 0x07, 0x07, 0x0c, 0x0d, 
	0x0d, 0x0d, 0x07, 0x05, 0x0b, 0x16, 0x0b, 0x0b, 
	0x0a, 0x0a, 0x0a, 0x0a, 0x16, 0x0b, 0x0b, 0x0b, 
	0x0b, 0x05, 0x05, 0x07, 0x0c, 0x0c, 0x07, 0x07, 
	0x06, 0x06, 0x07, 0x07, 0x07, 0x0b, 0x0c, 0x0c, 
	0x0c, 0x07, 0x05, 0x01, 0x0a, 0x0a, 0x16, 0x16, 
	0x0a, 0x0a, 0x16, 0x16, 0x0b, 0x0b, 0x05, 0x05, 
	0x05, 0x05, 0x07, 0x0c, 0x17, 0x0c, 0x0c, 0x07, 
	0x06, 0x06, 0x06, 0x05, 0x05, 0x0b, 0x07, 0x0c, 
	0x0c, 0x07, 0x01, 0x09, 0x09, 0x0a, 0x0b, 0x0b, 
	0x0b, 0x0b, 0x0b, 0x0b, 0x05, 0x05, 0x05, 0x01, 
	0x01, 0x05, 0x07, 0x0c, 0x0c, 0x0c, 0x07, 0x07, 
	0x05, 0x05, 0x05, 0x05, 0x0a, 0x0a, 0x0b, 0x07, 
	0x07, 0x0b, 0x01, 0x09, 0x09, 0x05, 0x0b, 0x0b, 
	0x0c, 0x0c, 0x0c, 0x07, 0x05, 0x01, 0x01, 0x01, 
	0x01, 0x01, 0x05, 0x07, 0x0c, 0x0c, 0x07, 0x07, 
	0x05, 0x05, 0x05, 0x05, 0x05, 0x05, 0x0b, 0x07, 
	0x07, 0x07, 0x05, 0x05, 0x05, 0x05, 0x07, 0x07, 
	0x0c, 0x17, 0x0d, 0x07, 0x06, 0x01, 0x01, 0x04, 
	0x04, 0x01, 0x01, 0x05, 0x07, 0x0c, 0x07, 0x07, 
	0x07, 0x05, 0x05, 0x05, 0x05, 0x06, 0x07, 0x07, 
	0x07, 0x07, 0x07, 0x07, 0x07, 0x07, 0x06, 0x07, 
	0x07, 0x0d, 0x0d, 0x0d, 0x07, 0x01, 0x02, 0x04, 
	0x04, 0x04, 0x01, 0x05, 0x07, 0x0c, 0x0c, 0x07, 
	0x07, 0x07, 0x06, 0x06, 0x07, 0x07, 0x07, 0x06, 
	0x06, 0x06, 0x07, 0x07, 0x0c, 0x07, 0x06, 0x05, 
	0x07, 0x0c, 0x0d, 0x0d, 0x07, 0x05, 0x01, 0x04, 
	0x04, 0x04, 0x01, 0x05, 0x07, 0x07, 0x0c, 0x0c, 
	0x07, 0x07, 0x07, 0x07, 0x07, 0x08, 0x07, 0x06, 
	0x00, 0x00, 0x06, 0x07, 0x0c, 0x0c, 0x07, 0x05, 
	0x0f, 0x0e, 0x12, 0x1a, 0x07, 0x06, 0x05, 0x09, 
	0x09, 0x09, 0x01, 0x05, 0x06, 0x06, 0x07, 0x07, 
	0x07, 0x08, 0x08, 0x0d, 0x0d, 0x08, 0x06, 0x00, 
	0x02, 0x02, 0x01, 0x06, 0x07, 0x0c, 0x07, 0x10, 
	0x10, 0x0e, 0x12, 0x1a, 0x0c, 0x07, 0x0b, 0x05, 
	0x0a, 0x05, 0x05, 0x05, 0x01, 0x01, 0x06, 0x07, 
	0x07, 0x08, 0x0d, 0x0d, 0x0d, 0x08, 0x06, 0x00, 
	0x01, 0x02, 0x02, 0x05, 0x0b, 0x07, 0x0c, 0x0b, 
	0x0b, 0x15, 0x0c, 0x0c, 0x0c, 0x0c, 0x07, 0x0b, 
	0x0b, 0x0b, 0x05, 0x05, 0x02, 0x01, 0x05, 0x07, 
	0x07, 0x07, 0x08, 0x0d, 0x08, 0x07, 0x06, 0x01, 
	0x01, 0x01, 0x01, 0x01, 0x05, 0x0b, 0x05, 0x05, 
	0x0b, 0x0b, 0x07, 0x0c, 0x0d, 0x0c, 0x0c, 0x0c, 
	0x0c, 0x07, 0x07, 0x06, 0x01, 0x01, 0x01, 0x06, 
	0x06, 0x07, 0x07, 0x07, 0x06, 0x06, 0x05, 0x01, 
	0x01, 0x01, 0x01, 0x01, 0x05, 0x05, 0x05, 0x05, 
	0x05, 0x05, 0x05, 0x07, 0x0c, 0x0c, 0x0c, 0x0c, 
	0x0c, 0x0c, 0x0c, 0x07, 0x06, 0x01, 0x01, 0x06, 
	0x06, 0x06, 0x06, 0x01, 0x01, 0x04, 0x02, 0x01, 
	0x05, 0x05, 0x05, 0x05, 0x05, 0x06, 0x06, 0x06, 
	0x05, 0x09, 0x0a, 0x05, 0x0b, 0x0c, 0x0c, 0x17, 
	0x0c, 0x0c, 0x0c, 0x07, 0x06, 0x05, 0x01, 0x00, 
	
};

Gfx castle_grounds_dl__27_pal_rgba16_aligner[] = {gsSPEndDisplayList()};
u8 castle_grounds_dl__27_pal_rgba16[] = {
	0x45, 0x41, 0x45, 0x81, 0x4d, 0x81, 0x55, 0xc1, 
	0x4d, 0xc1, 0x3d, 0x81, 0x3d, 0x41, 0x35, 0x41, 
	0x35, 0x01, 0x45, 0xc1, 0x3d, 0xc1, 0x35, 0x81, 
	0x2d, 0x41, 0x2d, 0x01, 0x35, 0x43, 0x3d, 0x83, 
	0x35, 0x83, 0x46, 0x01, 0x2d, 0x43, 0x4e, 0x01, 
	0x3e, 0x01, 0x2d, 0x81, 0x35, 0xc1, 0x25, 0x01, 
	0x25, 0x41, 0x2d, 0x83, 0x2d, 0x03, 
};

Gfx castle_grounds_dl__28_rgba16_aligner[] = {gsSPEndDisplayList()};
u8 castle_grounds_dl__28_rgba16[] = {
	0xd5, 0x4d, 0xa4, 0x8f, 0xd5, 0x51, 0xed, 0xcf, 
	0xed, 0xcf, 0xd5, 0x0f, 0xe5, 0x8d, 0xa4, 0x8d, 
	0x53, 0x8d, 0x73, 0xcd, 0x63, 0xcf, 0x64, 0x0d, 
	0x4a, 0x8b, 0x6b, 0xd1, 0xcd, 0x4f, 0xed, 0xcf, 
	0xed, 0xcd, 0xc5, 0x0b, 0xa4, 0x8b, 0x94, 0x4b, 
	0x94, 0x4b, 0xed, 0xd1, 0xc4, 0x8b, 0xed, 0xcd, 
	0xcd, 0x4f, 0x74, 0x11, 0x6c, 0x09, 0xcd, 0x4f, 
	0xed, 0xd1, 0xdd, 0xd1, 0xe5, 0x91, 0xed, 0xcd, 
	0xed, 0xcd, 0xac, 0x8b, 0xb4, 0xd1, 0xed, 0xcf, 
	0xed, 0xcd, 0xc4, 0xcd, 0xd5, 0x4d, 0x6c, 0x0b, 
	0x63, 0xcb, 0x63, 0x4b, 0x4b, 0x4b, 0x63, 0xcb, 
	0x9c, 0x4f, 0x9c, 0x4d, 0xe5, 0xcf, 0xed, 0xcd, 
	0xd5, 0x4b, 0xe5, 0x8b, 0x7b, 0xcb, 0x9c, 0x91, 
	0xb4, 0xcd, 0xc4, 0xcf, 0x7b, 0x8b, 0xed, 0x8d, 
	0x94, 0x4d, 0x53, 0x0b, 0x53, 0x89, 0xc5, 0x4f, 
	0xd5, 0x4d, 0xed, 0xcf, 0xed, 0xcf, 0xed, 0xcf, 
	0xed, 0xcb, 0xed, 0xcb, 0x8c, 0x4f, 0xcd, 0x0d, 
	0xed, 0x89, 0xdd, 0x4d, 0xed, 0xcd, 0x8c, 0x4b, 
	0x63, 0xc9, 0x5b, 0x49, 0x53, 0x4b, 0x84, 0x0d, 
	0xb4, 0x91, 0xcc, 0xcb, 0xdd, 0x4b, 0xe5, 0x8b, 
	0xac, 0x89, 0xcd, 0x0d, 0x73, 0x8d, 0xed, 0xcf, 
	0xb5, 0x0f, 0xc5, 0x0d, 0xdd, 0x4f, 0xcd, 0x0d, 
	0x7b, 0xcf, 0x53, 0x4d, 0x5b, 0xcd, 0x8c, 0x4f, 
	0x9c, 0x8b, 0xed, 0xcf, 0xed, 0xcf, 0xed, 0xcd, 
	0xed, 0xcb, 0xed, 0xcf, 0x9c, 0x8f, 0xb4, 0x8f, 
	0xed, 0xcf, 0xa4, 0x4b, 0xe5, 0x8d, 0xc5, 0x4d, 
	0x5b, 0xcd, 0x4a, 0xcb, 0x53, 0x4b, 0x5b, 0x4d, 
	0x73, 0x8d, 0x8c, 0x49, 0x94, 0x49, 0x8c, 0x0b, 
	0x63, 0x8d, 0xc5, 0x0b, 0xee, 0x11, 0xee, 0x13, 
	0x9c, 0x8f, 0xdd, 0x8f, 0xed, 0xcd, 0xcd, 0x4f, 
	0x8c, 0x93, 0x9c, 0x8f, 0x83, 0xcd, 0x63, 0xd1, 
	0x7b, 0xcd, 0x94, 0x4b, 0xac, 0xcf, 0xdd, 0x8d, 
	0xed, 0xcd, 0xed, 0xcd, 0xbc, 0xcd, 0xac, 0x8b, 
	0xbc, 0x8f, 0xb4, 0x91, 0xac, 0x8d, 0xed, 0xcb, 
	0x9c, 0x91, 0x6b, 0x51, 0x5b, 0x8b, 0x53, 0x4b, 
	0x6b, 0x8f, 0x84, 0x4d, 0x6b, 0xc9, 0x4b, 0x0d, 
	0x53, 0x8f, 0x94, 0x4d, 0xbd, 0x0b, 0xe5, 0x8b, 
	0x94, 0x4f, 0x94, 0x8f, 0xb4, 0xcd, 0xdd, 0x8f, 
	0xcd, 0x51, 0xed, 0xcf, 0xee, 0x0f, 0xb4, 0xcd, 
	0x6b, 0x4b, 0x63, 0x89, 0xc5, 0x4f, 0xee, 0x13, 
	0xed, 0xcb, 0xd5, 0x4b, 0x94, 0x8d, 0x84, 0x4d, 
	0x63, 0x0b, 0x94, 0x4f, 0x8c, 0x11, 0xb4, 0x53, 
	0xcb, 0xdb, 0xbb, 0x59, 0x8c, 0x11, 0x73, 0x4f, 
	0x52, 0xcb, 0x94, 0x4d, 0xe5, 0x8b, 0xbc, 0xcd, 
	0x94, 0x4f, 0x73, 0xcf, 0xd5, 0x4d, 0xd5, 0x4b, 
	0x83, 0xcd, 0x6b, 0xcf, 0x94, 0x4f, 0xdd, 0x4d, 
	0xdd, 0x8f, 0xed, 0xcd, 0xed, 0xcd, 0xdd, 0x4b, 
	0x6b, 0x8b, 0x63, 0xcb, 0x94, 0x4d, 0xbc, 0xd1, 
	0xed, 0xcd, 0x9c, 0x8f, 0x64, 0x0b, 0x63, 0x8b, 
	0x63, 0x4b, 0x83, 0xcf, 0xd3, 0xdb, 0xd3, 0x5b, 
	0xe3, 0xe1, 0xe3, 0xe1, 0xd3, 0x5b, 0xc3, 0x9b, 
	0x8b, 0x91, 0xa4, 0x8f, 0xed, 0xcb, 0xed, 0xcd, 
	0xed, 0xcb, 0xc5, 0x0b, 0xac, 0x8d, 0xdd, 0x4d, 
	0xdd, 0x8b, 0x8c, 0x4d, 0x9c, 0x8d, 0xc5, 0x0d, 
	0xed, 0xcf, 0xd5, 0x0d, 0xed, 0x8d, 0xe5, 0x8d, 
	0xa4, 0x8f, 0x74, 0x0f, 0xbc, 0xd3, 0xbc, 0x8d, 
	0xed, 0xd1, 0x94, 0x8d, 0x63, 0xcd, 0x5b, 0x4b, 
	0x63, 0x4b, 0xc4, 0x91, 0xe4, 0x1d, 0xe3, 0xe1, 
	0xed, 0xed, 0xed, 0xed, 0xe3, 0xe1, 0xdb, 0xdb, 
	0xed, 0x91, 0xed, 0xcd, 0xed, 0x8b, 0xed, 0x8b, 
	0xed, 0xcb, 0xed, 0xcd, 0xd5, 0x4d, 0xed, 0xcd, 
	0xed, 0xcf, 0xa4, 0x8d, 0xd5, 0x0d, 0xed, 0xcd, 
	0xbc, 0x8f, 0xcd, 0x0f, 0xe5, 0xcf, 0xee, 0x0f, 
	0xed, 0xcf, 0xdd, 0xd1, 0xee, 0x13, 0xed, 0xcf, 
	0xed, 0xcd, 0x9c, 0x4d, 0x63, 0x8f, 0x53, 0x0d, 
	0x9c, 0x4d, 0xee, 0x11, 0xed, 0x57, 0xe3, 0xdd, 
	0xe3, 0xe1, 0xe3, 0xe1, 0xdb, 0x9d, 0xed, 0x57, 
	0xed, 0xcd, 0xed, 0xcd, 0xed, 0xcf, 0xed, 0x8d, 
	0xed, 0xcf, 0xed, 0xcd, 0xed, 0xcd, 0xed, 0xcd, 
	0x9c, 0x8f, 0xcd, 0x4d, 0xed, 0xcf, 0xed, 0xcd, 
	0xc4, 0xd5, 0x9c, 0x53, 0xed, 0xcf, 0xed, 0xcd, 
	0xed, 0xcd, 0xed, 0xcf, 0xed, 0xcf, 0xed, 0xcf, 
	0xed, 0xcb, 0xc4, 0xcd, 0x53, 0x4b, 0x8b, 0xcd, 
	0x9c, 0x4f, 0xdd, 0x8f, 0xed, 0x91, 0xe4, 0x5d, 
	0xe3, 0xdd, 0xdb, 0x9b, 0xcb, 0x9b, 0xbc, 0x91, 
	0xed, 0xd1, 0xed, 0x89, 0xed, 0xcd, 0xed, 0xcf, 
	0xc5, 0x0b, 0xdd, 0x49, 0xed, 0x8d, 0xe5, 0x8b, 
	0xa4, 0x8d, 0xd5, 0x4d, 0xed, 0xd5, 0xed, 0x9b, 
	0xbc, 0xa5, 0xbc, 0xa7, 0xd5, 0x1d, 0xc4, 0xd5, 
	0xed, 0x8b, 0xed, 0xd1, 0xed, 0xd1, 0xed, 0xcf, 
	0xe5, 0x89, 0xed, 0xcf, 0x94, 0x4d, 0x6b, 0x4b, 
	0x8c, 0x0d, 0xcd, 0x0d, 0xe5, 0x4b, 0xed, 0x4f, 
	0xed, 0x91, 0xc4, 0x8f, 0x73, 0x0f, 0x63, 0x0b, 
	0xd5, 0x0f, 0xe5, 0x8f, 0xed, 0xcb, 0xee, 0x0d, 
	0xd5, 0x8d, 0xbc, 0xcd, 0x94, 0x09, 0x94, 0x4b, 
	0x8c, 0x4b, 0x9c, 0x53, 0xb4, 0x65, 0xc4, 0xa9, 
	0xd6, 0x35, 0xd6, 0x35, 0xbc, 0xa9, 0xb4, 0x65, 
	0xd5, 0x15, 0xbc, 0xcd, 0xcc, 0xcd, 0xc4, 0xcb, 
	0x94, 0x4d, 0xcd, 0x4f, 0xbd, 0x0b, 0x4a, 0xcd, 
	0x94, 0x4f, 0xd5, 0x4d, 0x7b, 0x8b, 0xd5, 0x0d, 
	0xdd, 0x8d, 0xed, 0xcd, 0xed, 0xcf, 0x94, 0x4d, 
	0x94, 0x4b, 0xed, 0xcf, 0xed, 0xcd, 0xe5, 0x8b, 
	0xed, 0xc9, 0xed, 0xc9, 0xc4, 0xcb, 0xa4, 0x8d, 
	0x8c, 0x4d, 0x73, 0xd3, 0xac, 0x65, 0xbc, 0xa7, 
	0xbc, 0xab, 0xbc, 0xab, 0xac, 0x67, 0xbc, 0xa5, 
	0xed, 0xd5, 0xbd, 0x0b, 0x8c, 0x4b, 0x6b, 0x49, 
	0xed, 0xcf, 0xed, 0xcf, 0xdd, 0x4d, 0x7b, 0x8b, 
	0xbc, 0xcf, 0xcd, 0x4d, 0x7b, 0x8b, 0x93, 0xcd, 
	0xdd, 0x51, 0xed, 0x8f, 0xed, 0x8d, 0xed, 0xcd, 
	0xc4, 0xcb, 0xed, 0xc9, 0xed, 0xcb, 0xed, 0xcb, 
	0xed, 0xc9, 0xed, 0xc9, 0xed, 0xcd, 0x94, 0x4b, 
	0xc5, 0x0d, 0x84, 0x0d, 0x7c, 0x11, 0xa4, 0x59, 
	0xbc, 0xa5, 0xbc, 0xa5, 0x9c, 0x59, 0xa4, 0x93, 
	0xc4, 0xcd, 0x9c, 0x8d, 0x63, 0x4b, 0xac, 0x8d, 
	0xed, 0xcd, 0xed, 0xcf, 0xee, 0x11, 0xee, 0x0d, 
	0xee, 0x0f, 0xee, 0x0d, 0xed, 0xcd, 0x6b, 0x0b, 
	0xe5, 0x8b, 0xed, 0xcf, 0xed, 0x8d, 0xdd, 0x4b, 
	0xed, 0xcb, 0xbc, 0x8b, 0xd5, 0x0d, 0xed, 0xcb, 
	0xed, 0x87, 0xed, 0x8b, 0xed, 0x8b, 0xe5, 0x8b, 
	0xed, 0xcd, 0xcd, 0x4f, 0x94, 0x4b, 0x8c, 0x0d, 
	0xa4, 0x95, 0xed, 0xd7, 0xed, 0xcd, 0xa4, 0x4d, 
	0x94, 0x51, 0x7c, 0x0d, 0x5b, 0x4b, 0x94, 0x4d, 
	0xb4, 0xcb, 0xee, 0x0d, 0xed, 0xcf, 0xed, 0xcd, 
	0xed, 0xcb, 0xdd, 0x8d, 0xed, 0xcd, 0xbc, 0xcf, 
	0xdd, 0x8d, 0xa4, 0x4b, 0x73, 0x49, 0x8b, 0xcb, 
	0xd5, 0x4d, 0x94, 0x4b, 0xbc, 0x8d, 0xed, 0xcb, 
	0xed, 0x87, 0xed, 0x87, 0xed, 0xcd, 0xee, 0x0f, 
	0xed, 0xcb, 0xed, 0xcf, 0xdd, 0x91, 0xed, 0xcd, 
	0xcd, 0x4f, 0xdd, 0x8f, 0xed, 0xcf, 0xcc, 0xcd, 
	0x7c, 0x0f, 0x84, 0x0d, 0x6c, 0x0d, 0x6b, 0xcd, 
	0xdd, 0x8f, 0xe5, 0x91, 0xed, 0xcd, 0xed, 0xcb, 
	0xcd, 0x0b, 0xed, 0xcb, 0xed, 0xcf, 0xbc, 0xcd, 
	0x94, 0x4d, 0xb4, 0x8d, 0x83, 0x8b, 0xdd, 0x8d, 
	0xac, 0x8d, 0x6b, 0x8d, 0xc4, 0xcf, 0xc4, 0xcd, 
	0xd4, 0xc9, 0xed, 0x87, 0xcd, 0x0d, 0xb4, 0x8d, 
	0xed, 0xcd, 0xac, 0x8d, 0xed, 0xcf, 0xed, 0xcf, 
	0xed, 0xcf, 0xed, 0xcf, 0xed, 0xcb, 0xed, 0xcd, 
	0xcd, 0x4f, 0xb4, 0x8d, 0x63, 0xcd, 0x9c, 0x8f, 
	0x8c, 0x4f, 0xbc, 0xcf, 0xee, 0x0d, 0xed, 0xcd, 
	0x94, 0x11, 0xd5, 0x15, 0xac, 0x8d, 0x63, 0x0b, 
	0x63, 0x4b, 0x4a, 0x89, 0x8c, 0x09, 0xed, 0xcb, 
	0xed, 0xcd, 0x74, 0x0b, 0xbc, 0xcd, 0x94, 0x0d, 
	0x8b, 0xcd, 0xed, 0x87, 0xc4, 0xcd, 0x84, 0x0b, 
	0xd5, 0x4f, 0xbc, 0x8d, 0xed, 0xcd, 0xed, 0xcf, 
	0xed, 0xcd, 0xee, 0x0d, 0xac, 0x8b, 0x9c, 0x8d, 
	0x9c, 0x4d, 0xb4, 0xcf, 0x7c, 0x4f, 0x94, 0x4b, 
	0xe5, 0xcd, 0xbc, 0x8b, 0xed, 0xd5, 0xed, 0xdb, 
	0xdc, 0xe7, 0xd4, 0xe5, 0xc4, 0x99, 0xcc, 0xd3, 
	0xd5, 0x4d, 0x6a, 0xcb, 0x8b, 0x8d, 0xd5, 0x4b, 
	0xed, 0xc9, 0xac, 0x8b, 0xb4, 0xcf, 0xed, 0xcd, 
	0xdd, 0x8f, 0xbc, 0xcb, 0xee, 0x0f, 0xdd, 0x8d, 
	0xcd, 0x0f, 0x9c, 0x91, 0xa4, 0x8b, 0xed, 0xcb, 
	0xed, 0xcf, 0xed, 0xcb, 0xcd, 0x4d, 0x73, 0xcb, 
	0xac, 0x8f, 0xc4, 0xcd, 0xdd, 0x8d, 0xc4, 0xcd, 
	0xed, 0xcd, 0xed, 0xd5, 0xe4, 0xe7, 0xe5, 0x2b, 
	0xee, 0x75, 0xee, 0x75, 0xe5, 0x2b, 0xec, 0xe7, 
	0xed, 0xd5, 0xe5, 0x4d, 0xed, 0x8f, 0xed, 0xcf, 
	0xe5, 0x8d, 0xed, 0xcb, 0xe5, 0x8d, 0xed, 0x8d, 
	0xed, 0xcd, 0xed, 0xcd, 0xed, 0xcd, 0xed, 0xcd, 
	0xed, 0xcb, 0x8c, 0x4d, 0xa4, 0x8b, 0xed, 0xcd, 
	0xed, 0xcd, 0xed, 0xcd, 0xed, 0xcf, 0xac, 0x8d, 
	0xa4, 0x8b, 0x94, 0x4d, 0xed, 0xcd, 0xee, 0x11, 
	0xed, 0xcd, 0xed, 0xd7, 0xe4, 0xa5, 0xe4, 0xa7, 
	0xe4, 0xed, 0xe4, 0xed, 0xec, 0xa9, 0xe4, 0xe5, 
	0xed, 0x93, 0xed, 0xcb, 0xed, 0xcd, 0xed, 0xcd, 
	0xee, 0x11, 0xed, 0xcd, 0xcd, 0x0b, 0xed, 0xcd, 
	0xed, 0xcd, 0xe5, 0x8b, 0xcd, 0x0b, 0xd5, 0x0b, 
	0xed, 0xcd, 0x94, 0x4d, 0xed, 0xcf, 0xcd, 0x0d, 
	0x94, 0x4b, 0xdd, 0x8b, 0xe5, 0x8f, 0xed, 0xcd, 
	0xee, 0x11, 0x9c, 0x8f, 0xcd, 0x0d, 0xee, 0x0d, 
	0xed, 0xcd, 0xed, 0x8d, 0xac, 0x53, 0xc4, 0x97, 
	0xe4, 0xe5, 0xe4, 0xa5, 0xd4, 0xd9, 0xdd, 0x53, 
	0xed, 0x8b, 0x9c, 0x4b, 0xed, 0xcb, 0xed, 0xcd, 
	0xe6, 0x11, 0xcd, 0x91, 0xc5, 0x0f, 0xed, 0xcb, 
	0xdd, 0x4b, 0x94, 0x4d, 0xcd, 0x0b, 0xdd, 0x49, 
	0xed, 0xc9, 0xed, 0xcd, 0xed, 0xcd, 0xdd, 0x8f, 
	0x94, 0x4b, 0x9c, 0x89, 0xed, 0xcd, 0xe5, 0xcf, 
	0xee, 0x11, 0xee, 0x0f, 0xed, 0xcb, 0xed, 0xcd, 
	0xe5, 0xcf, 0xe5, 0x8b, 0xe5, 0xcf, 0xcd, 0x4f, 
	0xcc, 0xd5, 0x8b, 0x4f, 0x73, 0x4b, 0xbc, 0xcd, 
	0x94, 0x4b, 0x8b, 0xcd, 0xed, 0xcf, 0xed, 0xcb, 
	0xed, 0x89, 0xcd, 0x4f, 0xe5, 0xcd, 0xed, 0x8b, 
	0xed, 0xcf, 0xd5, 0x4b, 0xdd, 0x4b, 0xcc, 0xcd, 
	0xed, 0xcd, 0xed, 0xd3, 0xed, 0x93, 0xed, 0x93, 
	0xed, 0xcd, 0xed, 0xcd, 0xed, 0xcd, 0xed, 0xcf, 
	0xed, 0xcd, 0xed, 0xcb, 0xac, 0x8b, 0xc4, 0xcb, 
	0xed, 0xcd, 0xc4, 0xcd, 0xc4, 0xcd, 0x7b, 0x8d, 
	0xa4, 0x4b, 0x8c, 0x0d, 0xdd, 0x4d, 0xee, 0x13, 
	0x7c, 0x0d, 0x94, 0x4f, 0xcd, 0x0d, 0x8b, 0xc9, 
	0xed, 0x87, 0xe5, 0x49, 0x94, 0x4d, 0xd5, 0x4d, 
	0xd5, 0x4d, 0xcd, 0x0b, 0xdd, 0x8d, 0xed, 0xcf, 
	0xed, 0x93, 0xe4, 0x1d, 0xe3, 0x9d, 0xe4, 0x1b, 
	0xed, 0x91, 0xcd, 0x0d, 0xe5, 0xcf, 0xee, 0x0f, 
	0xed, 0xcb, 0xe5, 0x8f, 0x9c, 0x4f, 0x8b, 0xcb, 
	0x9c, 0x4d, 0xb4, 0x8d, 0x94, 0x4d, 0x8b, 0xcb, 
	0x6b, 0x0b, 0x52, 0x89, 0xbc, 0x8b, 0xed, 0xcb, 
	0xa4, 0x8b, 0x8c, 0x4d, 0xd5, 0x0d, 0xa4, 0x4f, 
	0xbc, 0x8b, 0xed, 0xcd, 0x94, 0x4d, 0xb4, 0x8b, 
	0xc5, 0x11, 0xbc, 0xcd, 0xed, 0xcd, 0xe5, 0x51, 
	0xed, 0x55, 0xe4, 0x61, 0xe3, 0xe1, 0xdc, 0x1f, 
	0xc4, 0x95, 0xdd, 0x53, 0xed, 0x8d, 0xed, 0xcb, 
	0xed, 0xcf, 0xed, 0xcf, 0xe5, 0x91, 0xb4, 0x8d, 
	0x9c, 0x4d, 0x93, 0xcb, 0xd5, 0x4b, 0xcd, 0x0d, 
	0x8c, 0x0d, 0x73, 0x0d, 0xb4, 0x8f, 0xd5, 0x0b, 
	0xed, 0xcd, 0xb4, 0x8d, 0xed, 0xcf, 0xed, 0xcd, 
	0xd5, 0x4d, 0xee, 0x0b, 0xed, 0xcd, 0xe5, 0xcf, 
	0xcd, 0x0f, 0x8c, 0x4d, 0xd5, 0x13, 0xdb, 0xdb, 
	0xe4, 0x1f, 0xee, 0x73, 0xee, 0xf7, 0xee, 0x73, 
	0xe4, 0x5f, 0xe4, 0x1d, 0xed, 0x93, 0xc4, 0xcd, 
	0xed, 0x8f, 0xed, 0x8d, 0xed, 0x8d, 0xed, 0xcd, 
	0xed, 0xcd, 0xdd, 0x8f, 0xed, 0xcb, 0xd5, 0x8d, 
	0x74, 0x4f, 0x83, 0x8d, 0xe5, 0x49, 0xed, 0x89, 
	0xed, 0xcb, 0xb4, 0x8d, 0xa4, 0x4b, 0xed, 0xcb, 
	0xed, 0xcb, 0xed, 0xcd, 0xb4, 0x8f, 0xcd, 0x0d, 
	0xbc, 0x8b, 0x8c, 0x0b, 0xd5, 0x0f, 0xcb, 0x9b, 
	0xdc, 0x1f, 0xee, 0x73, 0xee, 0xf7, 0xee, 0x73, 
	0xdc, 0x1f, 0xdc, 0x1b, 0xed, 0x93, 0x9c, 0x4f, 
	0xdd, 0x0d, 0xc4, 0x8f, 0xcc, 0xcf, 0xbc, 0xcb, 
	0xc5, 0x4d, 0xbc, 0xcf, 0xac, 0x89, 0xe5, 0xcd, 
	0x84, 0x4f, 0x94, 0x4d, 0xac, 0x89, 0xd4, 0xc9, 
	0xed, 0x87, 0xd5, 0x4d, 0x7b, 0x8b, 0xcd, 0x09, 
	0xcc, 0xcb, 0xdd, 0x8b, 0x94, 0x4d, 0xac, 0x91, 
	0x94, 0x4b, 0xa4, 0x4b, 0xdd, 0x49, 0xd4, 0xcf, 
	0xa4, 0x17, 0xd3, 0xdf, 0xe3, 0xe1, 0xe4, 0x61, 
	0xed, 0x57, 0xb4, 0x91, 0xed, 0xcd, 0x94, 0x4f, 
	0x8c, 0x4d, 0xc5, 0x11, 0x83, 0x8d, 0x84, 0x4b, 
	0x42, 0x4b, 0x5a, 0xcb, 0x73, 0x4b, 0x6b, 0x8b, 
	0x5b, 0x49, 0x6c, 0x0d, 0x63, 0x4d, 0xa4, 0x89, 
	0xcd, 0x09, 0xc5, 0x0b, 0xdd, 0x4b, 0x8c, 0x4b, 
	0x5b, 0x0b, 0x5b, 0x4b, 0x7c, 0x0b, 0x63, 0x8d, 
	0x94, 0x4d, 0x73, 0x4b, 0x94, 0x0d, 0xed, 0x89, 
	0xac, 0x91, 0xb3, 0x19, 0xcb, 0x1b, 0xcb, 0x99, 
	0xe5, 0x51, 0xed, 0xcf, 0xed, 0xcb, 0xa4, 0x8f, 
	0x94, 0x4f, 0xbc, 0x8d, 0x5a, 0x89, 0x63, 0x8b, 
	0x53, 0x8f, 0x63, 0x8b, 0x63, 0x4b, 0x42, 0xcb, 
	0x3a, 0x89, 0x53, 0x4b, 0x63, 0x0b, 0x63, 0x4b, 
	0x7c, 0x4b, 0xc4, 0xcb, 0xed, 0x89, 0xc4, 0xcd, 
	0xa4, 0x91, 0xbd, 0x11, 0x8c, 0x0b, 0x84, 0x49, 
	0x63, 0xcf, 0x5b, 0x4b, 0x6b, 0x8b, 0x8c, 0x0d, 
	0x8c, 0x4d, 0x6a, 0xcd, 0x5a, 0x4b, 0x73, 0x0f, 
	0xbc, 0xcb, 0xe5, 0xd3, 0xb4, 0xd7, 0xac, 0x4d, 
	0xac, 0x8f, 0xc5, 0x0d, 0x83, 0x8b, 0x53, 0x4b, 
	0x64, 0x4f, 0x84, 0x4b, 0x73, 0x8f, 0x5b, 0x8d, 
	0x6c, 0x0b, 0x8c, 0x4b, 0xbc, 0xcf, 0x73, 0xcf, 
	0x8c, 0x4d, 0xed, 0xcf, 0xed, 0xcd, 0x9c, 0x8d, 
	0x7c, 0x0d, 0xb5, 0x0f, 0x9c, 0x8d, 0xd5, 0x4b, 
	0x84, 0x0d, 0xac, 0x8b, 0x63, 0x0b, 0x4a, 0xcb, 
	0xbd, 0x0f, 0xee, 0x0d, 0xd5, 0x0d, 0xb4, 0x8d, 
	0x9c, 0x4b, 0x94, 0x51, 0xa4, 0xd5, 0xa4, 0x4d, 
	0x63, 0x8b, 0x4a, 0xcb, 0x4a, 0x4b, 0x5b, 0x8d, 
	0x8b, 0xcb, 0x94, 0x4d, 0xe5, 0xcf, 0xee, 0x0d, 
	0xcd, 0x4b, 0x9c, 0x8d, 0xed, 0xcf, 0xdd, 0x8f, 
	0xa4, 0x8d, 0xa4, 0x8b, 0xed, 0x8d, 0xcd, 0x0b, 
	0x84, 0x09, 0x5b, 0xcb, 0x73, 0xcd, 0x9c, 0x8d, 
	0x74, 0x0f, 0xa4, 0x8b, 0xd5, 0x0b, 0x73, 0x8b, 
	0xb4, 0x8f, 0xee, 0x0b, 0xee, 0x0b, 0xed, 0xcf, 
	0x6b, 0x8f, 0x63, 0x4d, 0x6a, 0xcb, 0x73, 0x0b, 
	0x5c, 0x0b, 0x63, 0xcb, 0xac, 0x8d, 0xac, 0x8d, 
	0x9c, 0x4b, 0xac, 0x8d, 0xed, 0xd3, 0xed, 0xcb, 
	0xed, 0xcf, 0xed, 0xd1, 0xcd, 0x0d, 0xed, 0xcd, 
	0x84, 0x0d, 0x8c, 0x4d, 0xbc, 0xcf, 0xcd, 0x09, 
	0x94, 0x09, 0x53, 0x0d, 0x8c, 0x4b, 0xa4, 0x91, 
	0xa4, 0x8d, 0x63, 0x8b, 0xd5, 0x0b, 0xac, 0x8b, 
	0x9c, 0x4d, 0xed, 0xcf, 0xed, 0xcd, 0xed, 0xcd, 
	0x94, 0x8d, 0x6b, 0x4d, 0x94, 0x0d, 0xac, 0x8d, 
	0x94, 0x89, 0x94, 0x4b, 0xed, 0xcd, 0xed, 0xcd, 
	
};

Gfx castle_grounds_dl__29_ci8_aligner[] = {gsSPEndDisplayList()};
u8 castle_grounds_dl__29_ci8[] = {
	0x00, 0x01, 0x02, 0x03, 0x04, 0x05, 0x06, 0x06, 
	0x07, 0x08, 0x08, 0x09, 0x0a, 0x0a, 0x0b, 0x0c, 
	0x0c, 0x0d, 0x0d, 0x0d, 0x0d, 0x0d, 0x0d, 0x0d, 
	0x0d, 0x0d, 0x0d, 0x0d, 0x0d, 0x0d, 0x0d, 0x0d, 
	0x00, 0x01, 0x02, 0x03, 0x04, 0x06, 0x06, 0x07, 
	0x07, 0x08, 0x08, 0x09, 0x0a, 0x0b, 0x0b, 0x0c, 
	0x0c, 0x0d, 0x0d, 0x0d, 0x0d, 0x0d, 0x0e, 0x0d, 
	0x0d, 0x0d, 0x0d, 0x0d, 0x0d, 0x0d, 0x0d, 0x0d, 
	0x0f, 0x01, 0x02, 0x03, 0x10, 0x06, 0x06, 0x07, 
	0x08, 0x08, 0x08, 0x09, 0x0a, 0x0b, 0x0b, 0x0c, 
	0x0c, 0x0d, 0x0d, 0x0d, 0x0d, 0x0e, 0x0e, 0x0e, 
	0x0d, 0x0d, 0x0d, 0x0d, 0x0d, 0x0d, 0x0d, 0x0c, 
	0x0f, 0x01, 0x02, 0x03, 0x10, 0x06, 0x06, 0x07, 
	0x08, 0x08, 0x08, 0x09, 0x0a, 0x0b, 0x0b, 0x0c, 
	0x0c, 0x0d, 0x0d, 0x0d, 0x0d, 0x0e, 0x0e, 0x0e, 
	0x0d, 0x0d, 0x0d, 0x0d, 0x0d, 0x0d, 0x0d, 0x0c, 
	0x0f, 0x01, 0x02, 0x03, 0x10, 0x06, 0x06, 0x07, 
	0x07, 0x08, 0x08, 0x09, 0x0a, 0x0b, 0x0b, 0x0c, 
	0x0d, 0x0d, 0x0d, 0x0d, 0x0e, 0x0e, 0x0e, 0x0d, 
	0x0d, 0x0d, 0x0d, 0x0d, 0x0d, 0x0d, 0x0d, 0x0c, 
	0x0f, 0x01, 0x02, 0x03, 0x10, 0x06, 0x06, 0x07, 
	0x07, 0x08, 0x08, 0x09, 0x0a, 0x0b, 0x0b, 0x0c, 
	0x0d, 0x0d, 0x0d, 0x0e, 0x0e, 0x0e, 0x0e, 0x0d, 
	0x0d, 0x0d, 0x0d, 0x0d, 0x0d, 0x0d, 0x0d, 0x0c, 
	0x0f, 0x01, 0x02, 0x03, 0x04, 0x05, 0x06, 0x06, 
	0x07, 0x08, 0x08, 0x09, 0x0a, 0x0a, 0x0b, 0x0c, 
	0x0c, 0x0d, 0x0d, 0x0e, 0x0e, 0x0e, 0x0d, 0x0d, 
	0x0d, 0x0d, 0x0d, 0x0d, 0x0d, 0x0d, 0x0d, 0x0c, 
	0x0f, 0x01, 0x02, 0x03, 0x04, 0x05, 0x06, 0x06, 
	0x07, 0x08, 0x08, 0x08, 0x09, 0x0a, 0x0b, 0x0b, 
	0x0c, 0x0d, 0x0d, 0x0d, 0x0d, 0x0d, 0x0d, 0x0d, 
	0x0d, 0x0d, 0x0d, 0x0d, 0x0d, 0x0d, 0x0d, 0x0c, 
	0x0f, 0x01, 0x02, 0x03, 0x04, 0x05, 0x06, 0x06, 
	0x07, 0x08, 0x08, 0x08, 0x09, 0x0a, 0x0a, 0x0b, 
	0x0b, 0x0c, 0x0c, 0x0d, 0x0d, 0x0d, 0x0d, 0x0d, 
	0x0d, 0x0d, 0x0d, 0x0d, 0x0d, 0x0d, 0x0d, 0x0c, 
	0x0f, 0x01, 0x11, 0x12, 0x03, 0x05, 0x06, 0x06, 
	0x07, 0x07, 0x08, 0x08, 0x08, 0x09, 0x0a, 0x0a, 
	0x0b, 0x0c, 0x0c, 0x0d, 0x0d, 0x0d, 0x0d, 0x0d, 
	0x0d, 0x0d, 0x0d, 0x0d, 0x0d, 0x0d, 0x0d, 0x0c, 
	0x0f, 0x01, 0x11, 0x12, 0x03, 0x13, 0x06, 0x06, 
	0x07, 0x07, 0x08, 0x08, 0x08, 0x09, 0x0a, 0x0a, 
	0x0b, 0x0b, 0x0c, 0x0c, 0x0d, 0x0d, 0x0d, 0x0d, 
	0x0d, 0x0d, 0x0d, 0x0d, 0x0d, 0x0d, 0x0d, 0x0c, 
	0x0f, 0x01, 0x11, 0x12, 0x03, 0x13, 0x06, 0x06, 
	0x07, 0x08, 0x08, 0x08, 0x09, 0x09, 0x0a, 0x0a, 
	0x0b, 0x0b, 0x0c, 0x0c, 0x0d, 0x0d, 0x0d, 0x0d, 
	0x0d, 0x0d, 0x0d, 0x0d, 0x0d, 0x0d, 0x0d, 0x0c, 
	0x0f, 0x01, 0x02, 0x12, 0x03, 0x05, 0x06, 0x06, 
	0x07, 0x08, 0x08, 0x08, 0x09, 0x0a, 0x0a, 0x0a, 
	0x0b, 0x0b, 0x0c, 0x0c, 0x0d, 0x0d, 0x0d, 0x0d, 
	0x0d, 0x0d, 0x0d, 0x0d, 0x0d, 0x0d, 0x0d, 0x0d, 
	0x0f, 0x01, 0x02, 0x03, 0x04, 0x05, 0x06, 0x06, 
	0x07, 0x08, 0x08, 0x09, 0x0a, 0x0a, 0x0b, 0x0b, 
	0x0b, 0x0c, 0x0c, 0x0d, 0x0d, 0x0d, 0x0d, 0x0d, 
	0x0d, 0x0d, 0x0d, 0x0d, 0x0d, 0x0d, 0x0d, 0x0d, 
	0x0f, 0x01, 0x02, 0x03, 0x04, 0x05, 0x06, 0x06, 
	0x07, 0x08, 0x14, 0x09, 0x0a, 0x0b, 0x0b, 0x0c, 
	0x0c, 0x0c, 0x0d, 0x0d, 0x0d, 0x0d, 0x0d, 0x0d, 
	0x0d, 0x0d, 0x0d, 0x0d, 0x0d, 0x0d, 0x0d, 0x0d, 
	0x0f, 0x01, 0x15, 0x04, 0x10, 0x06, 0x06, 0x07, 
	0x08, 0x08, 0x14, 0x0a, 0x0b, 0x0b, 0x0c, 0x0c, 
	0x0d, 0x0d, 0x0d, 0x0d, 0x0d, 0x0d, 0x0d, 0x0d, 
	0x0d, 0x0d, 0x0d, 0x0d, 0x0d, 0x0d, 0x0d, 0x0d, 
	0x0f, 0x01, 0x02, 0x04, 0x10, 0x06, 0x06, 0x07, 
	0x08, 0x08, 0x14, 0x0a, 0x0b, 0x0b, 0x0c, 0x0d, 
	0x0d, 0x0d, 0x0d, 0x0d, 0x0d, 0x0d, 0x0d, 0x0d, 
	0x0d, 0x0d, 0x0d, 0x0d, 0x0d, 0x0d, 0x0d, 0x0d, 
	0x0f, 0x01, 0x02, 0x04, 0x10, 0x06, 0x06, 0x07, 
	0x08, 0x08, 0x14, 0x0a, 0x0b, 0x0c, 0x0c, 0x0d, 
	0x0d, 0x0d, 0x0d, 0x0d, 0x0d, 0x0d, 0x0d, 0x0d, 
	0x0d, 0x0d, 0x0d, 0x0d, 0x0d, 0x0d, 0x0d, 0x0d, 
	0x0f, 0x01, 0x02, 0x03, 0x10, 0x06, 0x06, 0x07, 
	0x08, 0x08, 0x14, 0x0a, 0x0b, 0x0c, 0x0d, 0x0d, 
	0x0d, 0x0e, 0x0e, 0x0d, 0x0d, 0x0d, 0x0d, 0x0d, 
	0x0d, 0x0d, 0x0d, 0x0d, 0x0d, 0x0d, 0x0d, 0x0d, 
	0x0f, 0x01, 0x11, 0x03, 0x04, 0x06, 0x06, 0x07, 
	0x08, 0x08, 0x14, 0x0a, 0x0b, 0x0c, 0x0c, 0x0d, 
	0x0d, 0x0d, 0x0e, 0x0d, 0x0d, 0x0d, 0x0d, 0x0d, 
	0x0d, 0x0d, 0x0d, 0x0d, 0x0d, 0x0d, 0x0d, 0x0d, 
	0x0f, 0x01, 0x11, 0x12, 0x04, 0x05, 0x06, 0x07, 
	0x08, 0x08, 0x14, 0x0a, 0x0a, 0x0b, 0x0c, 0x0c, 
	0x0d, 0x0d, 0x0d, 0x0d, 0x0d, 0x0d, 0x0d, 0x0d, 
	0x0d, 0x0d, 0x0d, 0x0d, 0x0d, 0x0d, 0x0d, 0x0d, 
	0x0f, 0x01, 0x11, 0x12, 0x03, 0x05, 0x06, 0x07, 
	0x08, 0x08, 0x14, 0x09, 0x0a, 0x0b, 0x0b, 0x0c, 
	0x0c, 0x0c, 0x0d, 0x0d, 0x0d, 0x0d, 0x0d, 0x0d, 
	0x0d, 0x0d, 0x0d, 0x0d, 0x0d, 0x0d, 0x0d, 0x0d, 
	0x0f, 0x16, 0x11, 0x12, 0x03, 0x05, 0x06, 0x07, 
	0x08, 0x08, 0x08, 0x09, 0x0a, 0x0a, 0x0b, 0x0b, 
	0x0c, 0x0c, 0x0c, 0x0d, 0x0d, 0x0d, 0x0d, 0x0d, 
	0x0d, 0x0d, 0x0d, 0x0d, 0x0d, 0x0d, 0x0d, 0x0d, 
	0x00, 0x16, 0x11, 0x12, 0x03, 0x13, 0x06, 0x06, 
	0x08, 0x08, 0x08, 0x09, 0x0a, 0x0a, 0x0a, 0x0b, 
	0x0b, 0x0c, 0x0c, 0x0c, 0x0d, 0x0d, 0x0d, 0x0d, 
	0x0d, 0x0d, 0x0d, 0x0d, 0x0e, 0x0e, 0x0d, 0x0d, 
	0x00, 0x16, 0x11, 0x11, 0x03, 0x13, 0x06, 0x06, 
	0x07, 0x08, 0x14, 0x09, 0x0a, 0x0a, 0x0b, 0x0b, 
	0x0c, 0x0c, 0x0c, 0x0d, 0x0d, 0x0d, 0x0d, 0x0d, 
	0x0d, 0x0d, 0x0d, 0x0d, 0x0e, 0x0e, 0x0d, 0x0d, 
	0x00, 0x16, 0x11, 0x11, 0x12, 0x13, 0x05, 0x06, 
	0x07, 0x08, 0x08, 0x09, 0x0a, 0x0b, 0x0b, 0x0c, 
	0x0c, 0x0c, 0x0d, 0x0d, 0x0d, 0x0d, 0x0d, 0x0d, 
	0x0d, 0x0d, 0x0d, 0x0e, 0x0e, 0x0e, 0x0e, 0x0d, 
	0x00, 0x16, 0x11, 0x11, 0x12, 0x17, 0x05, 0x06, 
	0x07, 0x08, 0x08, 0x09, 0x0a, 0x0b, 0x0c, 0x0c, 
	0x0d, 0x0d, 0x0d, 0x0d, 0x0d, 0x0d, 0x0d, 0x0d, 
	0x0d, 0x0d, 0x0e, 0x0e, 0x0e, 0x0e, 0x0e, 0x0d, 
	0x00, 0x16, 0x11, 0x12, 0x03, 0x17, 0x05, 0x06, 
	0x06, 0x07, 0x08, 0x09, 0x0a, 0x0b, 0x0c, 0x0d, 
	0x0d, 0x0d, 0x0d, 0x0d, 0x0d, 0x0d, 0x0d, 0x0e, 
	0x0e, 0x0e, 0x0e, 0x0e, 0x0e, 0x0e, 0x0e, 0x0d, 
	0x00, 0x16, 0x11, 0x12, 0x03, 0x13, 0x05, 0x06, 
	0x06, 0x07, 0x08, 0x09, 0x0a, 0x0b, 0x0c, 0x0d, 
	0x0d, 0x0d, 0x0d, 0x0d, 0x0d, 0x0e, 0x0e, 0x0d, 
	0x0e, 0x0e, 0x0e, 0x0e, 0x0e, 0x0e, 0x0e, 0x0d, 
	0x00, 0x16, 0x11, 0x03, 0x04, 0x05, 0x05, 0x06, 
	0x06, 0x06, 0x08, 0x08, 0x09, 0x0b, 0x0c, 0x0d, 
	0x0d, 0x0d, 0x0d, 0x0d, 0x0d, 0x0d, 0x0d, 0x0d, 
	0x0e, 0x0e, 0x0e, 0x0e, 0x0e, 0x0e, 0x0e, 0x0d, 
	0x00, 0x01, 0x02, 0x04, 0x10, 0x06, 0x06, 0x06, 
	0x06, 0x06, 0x07, 0x08, 0x09, 0x0a, 0x0c, 0x0d, 
	0x0d, 0x0d, 0x0d, 0x0d, 0x0d, 0x0d, 0x0d, 0x0d, 
	0x0e, 0x0e, 0x0e, 0x0e, 0x0e, 0x0e, 0x0e, 0x0d, 
	0x00, 0x01, 0x15, 0x18, 0x19, 0x06, 0x06, 0x06, 
	0x06, 0x07, 0x07, 0x08, 0x09, 0x0a, 0x0b, 0x0c, 
	0x0d, 0x0d, 0x0d, 0x0d, 0x0d, 0x0d, 0x0d, 0x0d, 
	0x0e, 0x0e, 0x0e, 0x0e, 0x0e, 0x0e, 0x0e, 0x0d, 
	0x00, 0x01, 0x15, 0x18, 0x19, 0x19, 0x07, 0x07, 
	0x07, 0x07, 0x07, 0x08, 0x08, 0x0a, 0x0b, 0x0c, 
	0x0c, 0x0d, 0x0d, 0x0d, 0x0d, 0x0d, 0x0d, 0x0d, 
	0x0e, 0x0e, 0x0e, 0x0e, 0x0e, 0x0e, 0x0e, 0x0e, 
	0x00, 0x01, 0x15, 0x18, 0x19, 0x19, 0x07, 0x07, 
	0x07, 0x08, 0x08, 0x08, 0x09, 0x09, 0x0a, 0x0b, 
	0x0c, 0x0c, 0x0d, 0x0d, 0x0d, 0x0d, 0x0d, 0x0d, 
	0x0e, 0x0e, 0x0e, 0x0e, 0x0e, 0x0e, 0x0e, 0x0e, 
	0x00, 0x01, 0x15, 0x18, 0x19, 0x19, 0x08, 0x08, 
	0x08, 0x08, 0x08, 0x08, 0x09, 0x0a, 0x0a, 0x0b, 
	0x0c, 0x0c, 0x0c, 0x0d, 0x0d, 0x0d, 0x0d, 0x0e, 
	0x0e, 0x0e, 0x0e, 0x0e, 0x0e, 0x0e, 0x0e, 0x0e, 
	0x00, 0x01, 0x15, 0x18, 0x19, 0x19, 0x08, 0x08, 
	0x08, 0x08, 0x08, 0x09, 0x09, 0x0a, 0x0a, 0x0b, 
	0x0b, 0x0c, 0x0c, 0x0c, 0x0d, 0x0d, 0x0d, 0x0e, 
	0x0e, 0x0e, 0x0e, 0x0e, 0x0e, 0x0e, 0x0e, 0x0e, 
	0x00, 0x16, 0x02, 0x04, 0x19, 0x19, 0x08, 0x08, 
	0x08, 0x08, 0x14, 0x09, 0x0a, 0x0a, 0x0a, 0x0b, 
	0x0b, 0x0b, 0x0c, 0x0c, 0x0d, 0x0d, 0x0d, 0x0d, 
	0x0e, 0x0e, 0x0e, 0x0e, 0x0e, 0x0e, 0x0e, 0x0e, 
	0x00, 0x16, 0x02, 0x04, 0x10, 0x19, 0x07, 0x08, 
	0x08, 0x08, 0x14, 0x09, 0x0a, 0x0a, 0x0b, 0x0b, 
	0x0b, 0x0b, 0x0c, 0x0c, 0x0c, 0x0d, 0x0d, 0x0d, 
	0x0d, 0x0d, 0x0d, 0x0e, 0x0e, 0x0e, 0x0e, 0x0e, 
	0x00, 0x16, 0x11, 0x03, 0x10, 0x06, 0x07, 0x08, 
	0x08, 0x08, 0x14, 0x0a, 0x0a, 0x0a, 0x0b, 0x0b, 
	0x0b, 0x0c, 0x0c, 0x0c, 0x0c, 0x0c, 0x0d, 0x0d, 
	0x0d, 0x0d, 0x0d, 0x0e, 0x0e, 0x0e, 0x0e, 0x0e, 
	0x00, 0x16, 0x11, 0x03, 0x04, 0x06, 0x06, 0x07, 
	0x08, 0x08, 0x14, 0x0a, 0x0a, 0x0b, 0x0b, 0x0b, 
	0x0c, 0x0c, 0x0c, 0x0c, 0x0c, 0x0c, 0x0c, 0x0d, 
	0x0d, 0x0d, 0x0d, 0x0d, 0x0e, 0x0e, 0x0e, 0x0e, 
	0x00, 0x16, 0x11, 0x12, 0x04, 0x05, 0x06, 0x07, 
	0x08, 0x08, 0x14, 0x0a, 0x0a, 0x0b, 0x0b, 0x0c, 
	0x0c, 0x0c, 0x0c, 0x0c, 0x0c, 0x0c, 0x0c, 0x0d, 
	0x0d, 0x0d, 0x0d, 0x0d, 0x0e, 0x0e, 0x0e, 0x0e, 
	0x00, 0x01, 0x11, 0x12, 0x04, 0x05, 0x06, 0x07, 
	0x08, 0x08, 0x14, 0x0a, 0x0b, 0x0b, 0x0c, 0x0c, 
	0x0c, 0x0c, 0x0c, 0x0c, 0x0c, 0x0c, 0x0d, 0x0d, 
	0x0d, 0x0d, 0x0d, 0x0d, 0x0d, 0x0e, 0x0e, 0x0e, 
	0x00, 0x01, 0x11, 0x03, 0x04, 0x05, 0x06, 0x07, 
	0x08, 0x14, 0x0a, 0x0a, 0x0b, 0x0c, 0x0c, 0x0d, 
	0x0d, 0x0d, 0x0d, 0x0d, 0x0d, 0x0d, 0x0d, 0x0d, 
	0x0d, 0x0d, 0x0d, 0x0d, 0x0e, 0x0e, 0x0e, 0x0e, 
	0x00, 0x01, 0x02, 0x03, 0x04, 0x06, 0x06, 0x07, 
	0x08, 0x14, 0x0a, 0x0b, 0x0c, 0x0c, 0x0d, 0x0d, 
	0x0d, 0x0d, 0x0d, 0x0d, 0x0d, 0x0d, 0x0d, 0x0d, 
	0x0d, 0x0d, 0x0d, 0x0d, 0x0e, 0x0e, 0x0e, 0x0e, 
	0x0f, 0x01, 0x02, 0x03, 0x04, 0x06, 0x06, 0x07, 
	0x08, 0x14, 0x0a, 0x0b, 0x0c, 0x0d, 0x0d, 0x0e, 
	0x0e, 0x0e, 0x0e, 0x0e, 0x0e, 0x0e, 0x0d, 0x0d, 
	0x0e, 0x0e, 0x0e, 0x0e, 0x0e, 0x0e, 0x0e, 0x0e, 
	0x0f, 0x01, 0x02, 0x03, 0x04, 0x05, 0x06, 0x07, 
	0x08, 0x08, 0x0a, 0x0b, 0x0c, 0x0d, 0x0d, 0x0e, 
	0x0e, 0x0e, 0x0e, 0x0e, 0x0e, 0x0e, 0x0e, 0x0e, 
	0x0e, 0x0e, 0x0e, 0x0e, 0x0e, 0x0e, 0x0e, 0x0e, 
	0x0f, 0x01, 0x02, 0x03, 0x04, 0x05, 0x06, 0x06, 
	0x07, 0x08, 0x14, 0x0a, 0x0b, 0x0c, 0x0d, 0x0e, 
	0x0e, 0x0e, 0x0e, 0x0e, 0x0e, 0x0e, 0x0e, 0x0e, 
	0x0e, 0x0e, 0x0e, 0x0e, 0x0e, 0x0e, 0x0e, 0x0e, 
	0x0f, 0x01, 0x11, 0x12, 0x03, 0x13, 0x05, 0x06, 
	0x07, 0x08, 0x08, 0x09, 0x0b, 0x0c, 0x0d, 0x0e, 
	0x0e, 0x0e, 0x0e, 0x1a, 0x1a, 0x1a, 0x0e, 0x0e, 
	0x0e, 0x0e, 0x0e, 0x0e, 0x0e, 0x0e, 0x0e, 0x0e, 
	0x0f, 0x01, 0x11, 0x12, 0x03, 0x13, 0x05, 0x06, 
	0x06, 0x07, 0x08, 0x09, 0x0a, 0x0b, 0x0c, 0x0d, 
	0x0e, 0x0e, 0x0e, 0x1a, 0x1a, 0x1a, 0x0e, 0x0e, 
	0x0e, 0x0e, 0x0e, 0x0e, 0x0e, 0x0e, 0x0e, 0x0d, 
	0x0f, 0x01, 0x02, 0x12, 0x03, 0x13, 0x13, 0x05, 
	0x06, 0x06, 0x07, 0x08, 0x09, 0x0b, 0x0c, 0x0d, 
	0x0d, 0x0e, 0x0e, 0x1a, 0x1a, 0x1a, 0x0e, 0x0e, 
	0x0e, 0x0e, 0x0e, 0x0e, 0x0e, 0x0e, 0x0e, 0x0e, 
	0x0f, 0x01, 0x02, 0x03, 0x04, 0x13, 0x05, 0x05, 
	0x06, 0x06, 0x07, 0x08, 0x09, 0x0a, 0x0b, 0x0c, 
	0x0d, 0x0d, 0x0e, 0x0e, 0x0e, 0x0e, 0x0e, 0x0e, 
	0x0e, 0x0e, 0x0e, 0x0e, 0x0e, 0x0e, 0x0e, 0x0d, 
	0x0f, 0x01, 0x15, 0x04, 0x04, 0x05, 0x05, 0x06, 
	0x06, 0x06, 0x07, 0x08, 0x09, 0x0a, 0x0b, 0x0c, 
	0x0d, 0x0d, 0x0d, 0x0e, 0x0e, 0x0e, 0x0e, 0x0e, 
	0x0e, 0x0e, 0x0e, 0x0e, 0x0e, 0x0e, 0x0e, 0x0d, 
	0x0f, 0x01, 0x15, 0x04, 0x10, 0x06, 0x06, 0x06, 
	0x06, 0x06, 0x07, 0x08, 0x09, 0x0a, 0x0b, 0x0c, 
	0x0c, 0x0d, 0x0d, 0x0e, 0x0e, 0x0e, 0x0e, 0x0e, 
	0x0e, 0x0e, 0x0e, 0x0e, 0x0e, 0x0e, 0x0e, 0x0e, 
	0x0f, 0x01, 0x15, 0x18, 0x19, 0x19, 0x06, 0x06, 
	0x06, 0x07, 0x08, 0x08, 0x09, 0x0a, 0x0b, 0x0c, 
	0x0c, 0x0c, 0x0d, 0x0d, 0x0d, 0x0e, 0x0e, 0x0e, 
	0x0e, 0x0e, 0x0e, 0x0e, 0x0e, 0x0e, 0x0e, 0x0d, 
	0x0f, 0x01, 0x15, 0x18, 0x19, 0x19, 0x06, 0x07, 
	0x07, 0x07, 0x08, 0x08, 0x09, 0x0a, 0x0b, 0x0c, 
	0x0c, 0x0c, 0x0d, 0x0d, 0x0d, 0x0e, 0x0e, 0x0e, 
	0x0e, 0x0e, 0x0e, 0x0e, 0x0e, 0x0e, 0x0e, 0x0e, 
	0x0f, 0x01, 0x15, 0x18, 0x19, 0x19, 0x07, 0x07, 
	0x08, 0x08, 0x08, 0x09, 0x09, 0x0a, 0x0b, 0x0c, 
	0x0c, 0x0d, 0x0d, 0x0d, 0x0d, 0x0e, 0x0e, 0x0e, 
	0x0e, 0x0e, 0x0e, 0x0e, 0x0e, 0x0e, 0x0e, 0x0d, 
	0x00, 0x01, 0x02, 0x04, 0x19, 0x19, 0x07, 0x07, 
	0x08, 0x08, 0x08, 0x09, 0x0a, 0x0b, 0x0b, 0x0c, 
	0x0d, 0x0d, 0x0d, 0x0d, 0x0d, 0x0d, 0x0d, 0x0e, 
	0x0e, 0x0e, 0x0e, 0x0e, 0x0e, 0x0e, 0x0e, 0x0d, 
	0x00, 0x16, 0x02, 0x03, 0x10, 0x06, 0x07, 0x07, 
	0x08, 0x08, 0x14, 0x09, 0x0a, 0x0b, 0x0c, 0x0c, 
	0x0d, 0x0d, 0x0d, 0x0d, 0x0d, 0x0d, 0x0d, 0x0e, 
	0x0e, 0x0e, 0x0d, 0x0d, 0x0d, 0x0e, 0x0e, 0x0d, 
	0x00, 0x16, 0x11, 0x03, 0x10, 0x06, 0x06, 0x07, 
	0x08, 0x08, 0x14, 0x09, 0x0a, 0x0b, 0x0c, 0x0c, 
	0x0c, 0x0d, 0x0d, 0x0d, 0x0d, 0x0d, 0x0d, 0x0d, 
	0x0e, 0x0e, 0x0d, 0x0d, 0x0d, 0x0d, 0x0e, 0x0d, 
	0x00, 0x16, 0x11, 0x12, 0x04, 0x06, 0x06, 0x07, 
	0x08, 0x08, 0x14, 0x09, 0x0a, 0x0b, 0x0b, 0x0c, 
	0x0c, 0x0c, 0x0c, 0x0c, 0x0d, 0x0d, 0x0d, 0x0d, 
	0x0d, 0x0d, 0x0d, 0x0d, 0x0d, 0x0d, 0x0e, 0x0d, 
	0x00, 0x16, 0x11, 0x12, 0x04, 0x05, 0x06, 0x07, 
	0x08, 0x08, 0x08, 0x09, 0x0a, 0x0b, 0x0b, 0x0c, 
	0x0c, 0x0c, 0x0c, 0x0c, 0x0c, 0x0c, 0x0d, 0x0d, 
	0x0d, 0x0d, 0x0d, 0x0d, 0x0d, 0x0d, 0x0d, 0x0d, 
	0x00, 0x16, 0x11, 0x12, 0x04, 0x05, 0x06, 0x06, 
	0x07, 0x08, 0x08, 0x09, 0x0a, 0x0b, 0x0b, 0x0c, 
	0x0c, 0x0c, 0x0c, 0x0c, 0x0c, 0x0c, 0x0d, 0x0d, 
	0x0d, 0x0d, 0x0d, 0x0d, 0x0d, 0x0d, 0x0d, 0x0d, 
	0x00, 0x16, 0x11, 0x03, 0x04, 0x05, 0x06, 0x06, 
	0x07, 0x08, 0x08, 0x09, 0x0a, 0x0b, 0x0b, 0x0c, 
	0x0c, 0x0c, 0x0c, 0x0c, 0x0d, 0x0d, 0x0d, 0x0d, 
	0x0d, 0x0d, 0x0d, 0x0d, 0x0d, 0x0d, 0x0d, 0x0d, 
	0x00, 0x01, 0x02, 0x03, 0x04, 0x05, 0x06, 0x06, 
	0x07, 0x08, 0x08, 0x09, 0x0a, 0x0a, 0x0b, 0x0c, 
	0x0c, 0x0c, 0x0d, 0x0d, 0x0d, 0x0d, 0x0d, 0x0d, 
	0x0d, 0x0d, 0x0d, 0x0d, 0x0d, 0x0d, 0x0d, 0x0d, 
	
};

Gfx castle_grounds_dl__29_pal_rgba16_aligner[] = {gsSPEndDisplayList()};
u8 castle_grounds_dl__29_pal_rgba16[] = {
	0x22, 0x85, 0x2b, 0x05, 0x2b, 0x43, 0x2b, 0x83, 
	0x2b, 0xc3, 0x2c, 0x01, 0x2c, 0x41, 0x34, 0x41, 
	0x34, 0x81, 0x34, 0xc1, 0x3d, 0x01, 0x3d, 0x41, 
	0x3d, 0x81, 0x45, 0xc1, 0x46, 0x01, 0x2a, 0xc5, 
	0x2c, 0x03, 0x23, 0x03, 0x23, 0x43, 0x2b, 0xc1, 
	0x3c, 0xc1, 0x2b, 0x85, 0x22, 0xc5, 0x23, 0x81, 
	0x34, 0x03, 0x34, 0x43, 0x46, 0x41, 
};

Gfx castle_grounds_dl__30_i8_aligner[] = {gsSPEndDisplayList()};
u8 castle_grounds_dl__30_i8[] = {
	0x00, 0x00, 0x00, 0x00, 0x00, 0x00, 0x00, 0x00, 
	0x00, 0x00, 0x00, 0x00, 0x00, 0x00, 0x00, 0x00, 
	0x00, 0x00, 0x00, 0x00, 0x00, 0x00, 0x00, 0x00, 
	0x00, 0x00, 0x00, 0x00, 0x00, 0x00, 0x00, 0x00, 
	0x00, 0x00, 0x00, 0x00, 0x00, 0x00, 0x00, 0x00, 
	0x00, 0x00, 0x00, 0x00, 0x00, 0x00, 0x00, 0x00, 
	0x00, 0x00, 0x00, 0x00, 0x00, 0x00, 0x00, 0x00, 
	0x00, 0x00, 0x00, 0x00, 0x00, 0x00, 0x00, 0x00, 
	0x00, 0x00, 0x00, 0x00, 0x00, 0x00, 0x00, 0x00, 
	0x00, 0x00, 0x00, 0x00, 0x00, 0x00, 0x00, 0x00, 
	0x00, 0x00, 0x00, 0x00, 0x00, 0x00, 0x00, 0x00, 
	0x00, 0x00, 0x00, 0x00, 0x00, 0x00, 0x00, 0x00, 
	0x00, 0x00, 0x00, 0x00, 0x00, 0x00, 0x00, 0x00, 
	0x00, 0x00, 0x00, 0x00, 0x00, 0x00, 0x00, 0x00, 
	0x00, 0x00, 0x00, 0x00, 0x00, 0x00, 0x00, 0x00, 
	0x00, 0x00, 0x00, 0x00, 0x00, 0x00, 0x00, 0x00, 
	0x00, 0x00, 0x00, 0x00, 0x00, 0x00, 0x00, 0x00, 
	0x00, 0x00, 0x00, 0x00, 0x00, 0x00, 0x00, 0x00, 
	0x00, 0x00, 0x00, 0x00, 0x00, 0x00, 0x00, 0x00, 
	0x00, 0x00, 0x00, 0x00, 0x00, 0x00, 0x00, 0x00, 
	0x00, 0x00, 0x00, 0x00, 0x00, 0x00, 0x00, 0x00, 
	0x00, 0x00, 0x00, 0x00, 0x00, 0x00, 0x00, 0x00, 
	0x00, 0x00, 0x00, 0x00, 0x00, 0x00, 0x00, 0x00, 
	0x00, 0x00, 0x00, 0x00, 0x00, 0x00, 0x00, 0x00, 
	0x00, 0x00, 0x00, 0x00, 0x00, 0x00, 0x00, 0x00, 
	0x00, 0x00, 0x00, 0x00, 0x00, 0x00, 0x00, 0x00, 
	0x00, 0x00, 0x00, 0x00, 0x00, 0x00, 0x00, 0x00, 
	0x00, 0x00, 0x00, 0x00, 0x00, 0x00, 0x00, 0x00, 
	0x00, 0x00, 0x00, 0x00, 0x00, 0x00, 0x00, 0x00, 
	0x00, 0x00, 0x00, 0x00, 0x00, 0x00, 0x00, 0x00, 
	0x00, 0x00, 0x00, 0x00, 0x00, 0x00, 0x00, 0x00, 
	0x00, 0x00, 0x00, 0x00, 0x00, 0x00, 0x00, 0x00, 
	0x00, 0x00, 0x00, 0x00, 0x00, 0x00, 0x00, 0x00, 
	0x00, 0x00, 0x00, 0x00, 0x00, 0x00, 0x00, 0x00, 
	0x00, 0x00, 0x00, 0x00, 0x00, 0x00, 0x00, 0x00, 
	0x00, 0x00, 0x00, 0x00, 0x00, 0x00, 0x00, 0x00, 
	0x00, 0x00, 0x00, 0x00, 0x00, 0x00, 0x00, 0x00, 
	0x00, 0x00, 0x00, 0x00, 0x00, 0x00, 0x00, 0x00, 
	0x00, 0x00, 0x00, 0x00, 0x00, 0x00, 0x00, 0x00, 
	0x00, 0x00, 0x00, 0x00, 0x00, 0x00, 0x00, 0x00, 
	0x00, 0x00, 0x00, 0x00, 0x00, 0x00, 0x00, 0x00, 
	0x00, 0x00, 0x00, 0x00, 0x00, 0x00, 0x00, 0x00, 
	0x00, 0x00, 0x00, 0x00, 0x00, 0x00, 0x00, 0x00, 
	0x00, 0x00, 0x00, 0x00, 0x00, 0x00, 0x00, 0x00, 
	0x00, 0x00, 0x00, 0x00, 0x00, 0x00, 0x00, 0x00, 
	0x00, 0x00, 0x00, 0x00, 0x00, 0x00, 0x00, 0x00, 
	0x00, 0x00, 0x00, 0x00, 0x00, 0x00, 0x00, 0x00, 
	0x00, 0x00, 0x00, 0x00, 0x00, 0x00, 0x00, 0x00, 
	0x00, 0x00, 0x00, 0x00, 0x00, 0x00, 0x00, 0x00, 
	0x00, 0x00, 0x00, 0x00, 0x00, 0x00, 0x00, 0x00, 
	0x00, 0x00, 0x00, 0x00, 0x00, 0x00, 0x00, 0x00, 
	0x00, 0x00, 0x00, 0x00, 0x00, 0x00, 0x00, 0x00, 
	0x00, 0x00, 0x00, 0x00, 0x00, 0x00, 0x00, 0x00, 
	0x00, 0x00, 0x00, 0x00, 0x00, 0x00, 0x00, 0x00, 
	0x00, 0x00, 0x00, 0x00, 0x00, 0x00, 0x00, 0x00, 
	0x00, 0x00, 0x00, 0x00, 0x00, 0x00, 0x00, 0x00, 
	0x00, 0x00, 0x00, 0x00, 0x00, 0x00, 0x00, 0x00, 
	0x00, 0x00, 0x00, 0x00, 0x00, 0x00, 0x00, 0x00, 
	0x00, 0x00, 0x00, 0x00, 0x00, 0x00, 0x00, 0x00, 
	0x00, 0x00, 0x00, 0x00, 0x00, 0x00, 0x00, 0x00, 
	0x00, 0x00, 0x00, 0x00, 0x00, 0x00, 0x00, 0x00, 
	0x00, 0x00, 0x00, 0x00, 0x00, 0x00, 0x00, 0x00, 
	0x00, 0x00, 0x00, 0x00, 0x00, 0x00, 0x00, 0x00, 
	0x00, 0x00, 0x00, 0x00, 0x00, 0x00, 0x00, 0x00, 
	0x00, 0x00, 0x00, 0x00, 0x00, 0x00, 0x00, 0x00, 
	0x00, 0x00, 0x00, 0x00, 0x00, 0x00, 0x00, 0x00, 
	0x00, 0x00, 0x00, 0x00, 0x00, 0x00, 0x00, 0x00, 
	0x00, 0x00, 0x00, 0x00, 0x00, 0x00, 0x00, 0x00, 
	0x00, 0x00, 0x00, 0x00, 0x00, 0x00, 0x00, 0x00, 
	0x00, 0x00, 0x00, 0x00, 0x00, 0x00, 0x00, 0x00, 
	0x00, 0x00, 0x00, 0x00, 0x00, 0x00, 0x00, 0x00, 
	0x00, 0x00, 0x00, 0x00, 0x00, 0x00, 0x00, 0x00, 
	0x00, 0x00, 0x00, 0x00, 0x00, 0x00, 0x00, 0x00, 
	0x00, 0x00, 0x00, 0x00, 0x00, 0x00, 0x00, 0x00, 
	0x00, 0x00, 0x00, 0x00, 0x00, 0x00, 0x00, 0x00, 
	0x00, 0x00, 0x00, 0x00, 0x00, 0x00, 0x00, 0x00, 
	0x00, 0x00, 0x00, 0x00, 0x00, 0x00, 0x00, 0x00, 
	0x00, 0x00, 0x00, 0x00, 0x00, 0x00, 0x00, 0x00, 
	0x00, 0x00, 0x00, 0x00, 0x00, 0x00, 0x00, 0x00, 
	0x00, 0x00, 0x00, 0x00, 0x00, 0x00, 0x00, 0x00, 
	0x00, 0x00, 0x00, 0x00, 0x00, 0x00, 0x00, 0x00, 
	0x00, 0x00, 0x00, 0x00, 0x00, 0x00, 0x00, 0x00, 
	0x00, 0x00, 0x00, 0x00, 0x00, 0x00, 0x00, 0x00, 
	0x00, 0x00, 0x00, 0x00, 0x00, 0x00, 0x00, 0x00, 
	0x00, 0x00, 0x00, 0x00, 0x00, 0x00, 0x00, 0x00, 
	0x00, 0x00, 0x00, 0x00, 0x00, 0x00, 0x00, 0x00, 
	0x00, 0x00, 0x00, 0x00, 0x00, 0x00, 0x00, 0x00, 
	0x00, 0x00, 0x00, 0x00, 0x00, 0x00, 0x00, 0x00, 
	0x00, 0x00, 0x00, 0x00, 0x00, 0x00, 0x00, 0x00, 
	0x00, 0x00, 0x00, 0x00, 0x00, 0x00, 0x00, 0x00, 
	0x00, 0x00, 0x00, 0x00, 0x00, 0x00, 0x00, 0x00, 
	0x00, 0x00, 0x00, 0x00, 0x00, 0x00, 0x00, 0x00, 
	0x00, 0x00, 0x00, 0x00, 0x00, 0x00, 0x00, 0x00, 
	0x00, 0x00, 0x00, 0x00, 0x00, 0x00, 0x00, 0x00, 
	0x00, 0x00, 0x00, 0x00, 0x00, 0x00, 0x00, 0x00, 
	0x00, 0x00, 0x00, 0x00, 0x00, 0x00, 0x00, 0x00, 
	0x00, 0x00, 0x00, 0x00, 0x00, 0x00, 0x00, 0x00, 
	0x00, 0x00, 0x00, 0x00, 0x00, 0x00, 0x00, 0x00, 
	0x00, 0x00, 0x00, 0x00, 0x00, 0x00, 0x00, 0x00, 
	0x00, 0x00, 0x00, 0x00, 0x00, 0x00, 0x00, 0x00, 
	0x00, 0x00, 0x00, 0x00, 0x00, 0x00, 0x00, 0x00, 
	0x00, 0x00, 0x00, 0x00, 0x00, 0x00, 0x00, 0x00, 
	0x00, 0x00, 0x00, 0x00, 0x00, 0x00, 0x00, 0x00, 
	0x00, 0x00, 0x00, 0x00, 0x00, 0x00, 0x00, 0x00, 
	0x00, 0x00, 0x00, 0x00, 0x00, 0x00, 0x00, 0x00, 
	0x00, 0x00, 0x00, 0x00, 0x00, 0x00, 0x00, 0x00, 
	0x00, 0x00, 0x00, 0x00, 0x00, 0x00, 0x00, 0x00, 
	0x00, 0x00, 0x00, 0x00, 0x00, 0x00, 0x00, 0x00, 
	0x00, 0x00, 0x00, 0x00, 0x00, 0x00, 0x00, 0x00, 
	0x00, 0x00, 0x00, 0x00, 0x00, 0x00, 0x00, 0x00, 
	0x00, 0x00, 0x00, 0x00, 0x00, 0x00, 0x00, 0x00, 
	0x00, 0x00, 0x00, 0x00, 0x00, 0x00, 0x00, 0x00, 
	0x00, 0x00, 0x00, 0x00, 0x00, 0x00, 0x00, 0x00, 
	0x00, 0x00, 0x00, 0x00, 0x00, 0x00, 0x00, 0x00, 
	0x00, 0x00, 0x00, 0x00, 0x00, 0x00, 0x00, 0x00, 
	0x00, 0x00, 0x00, 0x00, 0x00, 0x00, 0x00, 0x00, 
	0x00, 0x00, 0x00, 0x00, 0x00, 0x00, 0x00, 0x00, 
	0x00, 0x00, 0x00, 0x00, 0x00, 0x00, 0x00, 0x00, 
	0x00, 0x00, 0x00, 0x00, 0x00, 0x00, 0x00, 0x00, 
	0x00, 0x00, 0x00, 0x00, 0x00, 0x00, 0x00, 0x00, 
	0x00, 0x00, 0x00, 0x00, 0x00, 0x00, 0x00, 0x00, 
	0x00, 0x00, 0x00, 0x00, 0x00, 0x00, 0x00, 0x00, 
	0x00, 0x00, 0x00, 0x00, 0x00, 0x00, 0x00, 0x00, 
	0x00, 0x00, 0x00, 0x00, 0x00, 0x00, 0x00, 0x00, 
	0x00, 0x00, 0x00, 0x00, 0x00, 0x00, 0x00, 0x00, 
	0x00, 0x00, 0x00, 0x00, 0x00, 0x00, 0x00, 0x00, 
	0x00, 0x00, 0x00, 0x00, 0x00, 0x00, 0x00, 0x00, 
	0x00, 0x00, 0x00, 0x00, 0x00, 0x00, 0x00, 0x00, 
	
};

Gfx castle_grounds_dl__31_ci8_aligner[] = {gsSPEndDisplayList()};
u8 castle_grounds_dl__31_ci8[] = {
	0x00, 0x00, 0x00, 0x01, 0x01, 0x01, 0x01, 0x02, 
	0x02, 0x02, 0x03, 0x03, 0x03, 0x04, 0x05, 0x06, 
	0x06, 0x06, 0x06, 0x06, 0x06, 0x06, 0x06, 0x04, 
	0x04, 0x03, 0x03, 0x07, 0x03, 0x03, 0x03, 0x03, 
	0x08, 0x08, 0x09, 0x06, 0x06, 0x06, 0x06, 0x06, 
	0x06, 0x06, 0x06, 0x0a, 0x06, 0x06, 0x0b, 0x0c, 
	0x06, 0x0d, 0x08, 0x08, 0x08, 0x08, 0x08, 0x09, 
	0x08, 0x09, 0x09, 0x09, 0x08, 0x08, 0x0c, 0x06, 
	0x0e, 0x0e, 0x0e, 0x0e, 0x0e, 0x0e, 0x0e, 0x0e, 
	0x0e, 0x0f, 0x10, 0x11, 0x0e, 0x0e, 0x0e, 0x0e, 
	0x0e, 0x0e, 0x0e, 0x0e, 0x0e, 0x0e, 0x0e, 0x0e, 
	0x0e, 0x0e, 0x0e, 0x0e, 0x0e, 0x0e, 0x0e, 0x0e, 
	0x0e, 0x0e, 0x0e, 0x0e, 0x0e, 0x0e, 0x0e, 0x0e, 
	0x0e, 0x0e, 0x0e, 0x0e, 0x0e, 0x0e, 0x10, 0x00, 
	0x12, 0x0e, 0x0e, 0x0e, 0x0e, 0x0e, 0x0e, 0x13, 
	0x13, 0x13, 0x14, 0x14, 0x14, 0x13, 0x13, 0x13, 
	0x08, 0x14, 0x15, 0x08, 0x08, 0x08, 0x08, 0x08, 
	0x0b, 0x0a, 0x08, 0x06, 0x08, 0x0e, 0x06, 0x01, 
	0x16, 0x00, 0x17, 0x18, 0x14, 0x0b, 0x06, 0x06, 
	0x06, 0x06, 0x06, 0x03, 0x06, 0x06, 0x19, 0x19, 
	0x00, 0x00, 0x00, 0x00, 0x00, 0x00, 0x00, 0x00, 
	0x00, 0x1a, 0x1a, 0x1a, 0x02, 0x1b, 0x07, 0x06, 
	0x0a, 0x04, 0x0e, 0x07, 0x1a, 0x1a, 0x1a, 0x1a, 
	0x1a, 0x1a, 0x1a, 0x1a, 0x1a, 0x1a, 0x1a, 0x1a, 
	0x1c, 0x1c, 0x1c, 0x1c, 0x1c, 0x1c, 0x1c, 0x1c, 
	0x1c, 0x1c, 0x1c, 0x1c, 0x1d, 0x04, 0x0e, 0x1e, 
	0x00, 0x1f, 0x15, 0x20, 0x21, 0x21, 0x1c, 0x1c, 
	0x1c, 0x1c, 0x1c, 0x1c, 0x1c, 0x1c, 0x1c, 0x1c, 
	0x21, 0x21, 0x21, 0x21, 0x21, 0x21, 0x21, 0x21, 
	0x21, 0x22, 0x21, 0x21, 0x21, 0x23, 0x14, 0x06, 
	0x11, 0x0e, 0x24, 0x1c, 0x25, 0x21, 0x21, 0x21, 
	0x21, 0x21, 0x21, 0x21, 0x21, 0x21, 0x21, 0x21, 
	0x26, 0x25, 0x25, 0x25, 0x25, 0x25, 0x25, 0x21, 
	0x21, 0x1d, 0x1c, 0x21, 0x21, 0x27, 0x03, 0x28, 
	0x0b, 0x06, 0x06, 0x1c, 0x25, 0x21, 0x1c, 0x1c, 
	0x21, 0x25, 0x29, 0x29, 0x29, 0x29, 0x29, 0x29, 
	0x2a, 0x2b, 0x2b, 0x2b, 0x2c, 0x29, 0x29, 0x21, 
	0x1d, 0x06, 0x03, 0x2d, 0x2d, 0x2e, 0x21, 0x2b, 
	0x2f, 0x25, 0x1c, 0x2d, 0x1a, 0x02, 0x0b, 0x03, 
	0x21, 0x29, 0x2b, 0x30, 0x30, 0x30, 0x30, 0x30, 
	0x2f, 0x2f, 0x2f, 0x2f, 0x30, 0x30, 0x2b, 0x25, 
	0x1a, 0x0e, 0x0e, 0x19, 0x23, 0x21, 0x2f, 0x31, 
	0x32, 0x33, 0x2f, 0x21, 0x2d, 0x28, 0x0f, 0x34, 
	0x20, 0x35, 0x2f, 0x2f, 0x36, 0x2f, 0x2f, 0x2f, 
	0x2f, 0x2f, 0x2f, 0x2f, 0x2f, 0x2f, 0x2f, 0x2b, 
	0x1c, 0x06, 0x08, 0x00, 0x21, 0x2f, 0x37, 0x2f, 
	0x21, 0x2f, 0x32, 0x38, 0x25, 0x1d, 0x39, 0x03, 
	0x1c, 0x38, 0x3a, 0x38, 0x38, 0x38, 0x38, 0x2f, 
	0x2f, 0x2f, 0x2f, 0x2f, 0x2f, 0x2f, 0x2f, 0x2f, 
	0x36, 0x3b, 0x21, 0x25, 0x2f, 0x2f, 0x2f, 0x3c, 
	0x1d, 0x23, 0x2b, 0x3d, 0x3e, 0x25, 0x3c, 0x21, 
	0x29, 0x38, 0x38, 0x38, 0x2f, 0x2f, 0x2f, 0x2f, 
	0x30, 0x30, 0x30, 0x3f, 0x3f, 0x2f, 0x2f, 0x38, 
	0x38, 0x3a, 0x2f, 0x30, 0x2b, 0x40, 0x1c, 0x2d, 
	0x1a, 0x03, 0x2d, 0x30, 0x3d, 0x2f, 0x2b, 0x41, 
	0x42, 0x2f, 0x2f, 0x2f, 0x30, 0x30, 0x2b, 0x2b, 
	0x21, 0x25, 0x25, 0x25, 0x43, 0x29, 0x44, 0x2b, 
	0x2b, 0x45, 0x2d, 0x0c, 0x0f, 0x46, 0x0a, 0x47, 
	0x1a, 0x08, 0x48, 0x06, 0x03, 0x1d, 0x1c, 0x21, 
	0x25, 0x25, 0x25, 0x25, 0x49, 0x21, 0x21, 0x21, 
	0x1c, 0x1c, 0x1c, 0x4a, 0x21, 0x21, 0x21, 0x21, 
	0x25, 0x29, 0x4b, 0x1c, 0x00, 0x47, 0x23, 0x1a, 
	0x1a, 0x09, 0x0f, 0x34, 0x04, 0x1a, 0x21, 0x25, 
	0x21, 0x1c, 0x1c, 0x1c, 0x1c, 0x1c, 0x4c, 0x1c, 
	0x27, 0x1a, 0x2d, 0x1d, 0x1d, 0x4d, 0x1d, 0x2d, 
	0x1d, 0x21, 0x29, 0x3f, 0x2b, 0x2d, 0x00, 0x4e, 
	0x4f, 0x06, 0x03, 0x06, 0x1a, 0x21, 0x50, 0x25, 
	0x1c, 0x1a, 0x1a, 0x1a, 0x51, 0x2d, 0x1a, 0x1a, 
	0x4a, 0x1c, 0x1c, 0x1c, 0x1c, 0x1c, 0x1c, 0x1c, 
	0x21, 0x21, 0x2b, 0x52, 0x30, 0x1d, 0x53, 0x1d, 
	0x1c, 0x1c, 0x51, 0x27, 0x1a, 0x29, 0x2f, 0x2b, 
	0x21, 0x21, 0x21, 0x21, 0x22, 0x22, 0x4a, 0x22, 
	0x21, 0x21, 0x21, 0x21, 0x21, 0x21, 0x21, 0x21, 
	0x25, 0x29, 0x30, 0x38, 0x21, 0x1d, 0x1c, 0x21, 
	0x21, 0x21, 0x3c, 0x54, 0x55, 0x21, 0x56, 0x38, 
	0x30, 0x29, 0x25, 0x25, 0x21, 0x21, 0x21, 0x21, 
	0x21, 0x21, 0x21, 0x21, 0x21, 0x21, 0x21, 0x57, 
	0x25, 0x2b, 0x2f, 0x25, 0x1c, 0x1c, 0x21, 0x21, 
	0x58, 0x59, 0x43, 0x21, 0x2d, 0x5a, 0x29, 0x56, 
	0x30, 0x2b, 0x25, 0x57, 0x21, 0x21, 0x21, 0x21, 
	0x1a, 0x2d, 0x5b, 0x1d, 0x4c, 0x1c, 0x1c, 0x5c, 
	0x5d, 0x21, 0x21, 0x1c, 0x1c, 0x21, 0x1c, 0x1c, 
	0x1d, 0x1c, 0x21, 0x49, 0x21, 0x2d, 0x1c, 0x49, 
	0x21, 0x1c, 0x5e, 0x2d, 0x2d, 0x1a, 0x5f, 0x23, 
	0x09, 0x06, 0x06, 0x06, 0x06, 0x06, 0x03, 0x00, 
	0x00, 0x00, 0x00, 0x1a, 0x1a, 0x1a, 0x00, 0x00, 
	0x02, 0x00, 0x00, 0x00, 0x1a, 0x2d, 0x2d, 0x5f, 
	0x06, 0x06, 0x06, 0x0d, 0x08, 0x08, 0x08, 0x08, 
	0x08, 0x08, 0x08, 0x08, 0x0d, 0x0b, 0x06, 0x06, 
	0x06, 0x06, 0x06, 0x06, 0x06, 0x06, 0x08, 0x08, 
	0x08, 0x08, 0x08, 0x08, 0x08, 0x08, 0x08, 0x08, 
	0x08, 0x08, 0x08, 0x08, 0x0e, 0x0e, 0x13, 0x08, 
	0x03, 0x03, 0x03, 0x03, 0x03, 0x06, 0x06, 0x06, 
	0x06, 0x06, 0x06, 0x06, 0x06, 0x06, 0x06, 0x08, 
	0x08, 0x08, 0x08, 0x08, 0x08, 0x08, 0x08, 0x08, 
	0x08, 0x06, 0x06, 0x06, 0x06, 0x06, 0x60, 0x03, 
	0x1d, 0x1d, 0x1d, 0x1d, 0x1d, 0x1d, 0x2d, 0x2d, 
	0x1a, 0x1a, 0x1a, 0x2d, 0x2d, 0x2d, 0x1a, 0x1a, 
	0x61, 0x5f, 0x00, 0x00, 0x00, 0x00, 0x00, 0x1a, 
	0x1a, 0x1a, 0x2d, 0x5a, 0x4f, 0x5a, 0x2d, 0x1d, 
	0x25, 0x62, 0x62, 0x21, 0x21, 0x21, 0x25, 0x21, 
	0x21, 0x21, 0x21, 0x21, 0x21, 0x21, 0x21, 0x21, 
	0x21, 0x21, 0x21, 0x3c, 0x21, 0x21, 0x21, 0x21, 
	0x21, 0x21, 0x63, 0x21, 0x21, 0x21, 0x21, 0x21, 
	0x30, 0x30, 0x30, 0x30, 0x30, 0x30, 0x30, 0x2b, 
	0x2b, 0x2b, 0x4b, 0x29, 0x43, 0x25, 0x29, 0x45, 
	0x29, 0x43, 0x29, 0x43, 0x43, 0x25, 0x29, 0x29, 
	0x2c, 0x2b, 0x2b, 0x2b, 0x2c, 0x2b, 0x2b, 0x35, 
	0x64, 0x30, 0x30, 0x30, 0x30, 0x30, 0x30, 0x30, 
	0x30, 0x30, 0x30, 0x65, 0x2b, 0x2b, 0x2b, 0x2b, 
	0x2b, 0x2b, 0x35, 0x2b, 0x2b, 0x2b, 0x2b, 0x2b, 
	0x2b, 0x2b, 0x2b, 0x30, 0x30, 0x35, 0x30, 0x64, 
	0x2f, 0x2f, 0x2f, 0x2f, 0x66, 0x66, 0x67, 0x30, 
	0x30, 0x30, 0x30, 0x30, 0x30, 0x30, 0x30, 0x2b, 
	0x2b, 0x35, 0x2b, 0x3b, 0x2b, 0x2b, 0x2b, 0x2b, 
	0x2b, 0x2b, 0x2b, 0x30, 0x30, 0x30, 0x30, 0x2f, 
	0x2f, 0x2f, 0x2f, 0x2f, 0x2f, 0x2f, 0x2f, 0x2f, 
	0x2f, 0x2f, 0x64, 0x30, 0x30, 0x30, 0x30, 0x30, 
	0x30, 0x30, 0x30, 0x30, 0x30, 0x30, 0x30, 0x2b, 
	0x30, 0x30, 0x30, 0x30, 0x30, 0x30, 0x3f, 0x2f, 
	0x38, 0x38, 0x38, 0x38, 0x38, 0x38, 0x68, 0x2f, 
	0x36, 0x2f, 0x2f, 0x30, 0x30, 0x30, 0x30, 0x30, 
	0x42, 0x42, 0x2f, 0x42, 0x30, 0x30, 0x2f, 0x30, 
	0x30, 0x30, 0x30, 0x30, 0x2f, 0x2f, 0x2f, 0x2f, 
	0x38, 0x3a, 0x3d, 0x3d, 0x3d, 0x38, 0x38, 0x52, 
	0x38, 0x52, 0x36, 0x2f, 0x2f, 0x2f, 0x42, 0x2f, 
	0x69, 0x38, 0x38, 0x2f, 0x2f, 0x6a, 0x2f, 0x2f, 
	0x56, 0x64, 0x67, 0x2f, 0x2f, 0x2f, 0x38, 0x38, 
	
};

Gfx castle_grounds_dl__31_pal_rgba16_aligner[] = {gsSPEndDisplayList()};
u8 castle_grounds_dl__31_pal_rgba16[] = {
	0xb5, 0xad, 0xb5, 0xed, 0xbd, 0xed, 0xbd, 0xef, 
	0xbe, 0x2f, 0xc6, 0x2f, 0xc6, 0x31, 0xbd, 0xf1, 
	0xce, 0x73, 0xc6, 0x71, 0xc6, 0x73, 0xc6, 0x33, 
	0xce, 0x31, 0xce, 0x33, 0xd6, 0xb5, 0xce, 0x75, 
	0xde, 0x75, 0xde, 0xb3, 0xbd, 0xad, 0xd6, 0xb3, 
	0xd6, 0x73, 0xd6, 0x75, 0xa5, 0x2b, 0xce, 0xb7, 
	0xce, 0xb5, 0xce, 0x71, 0xad, 0x6b, 0xd6, 0x71, 
	0x94, 0xa5, 0x9c, 0xe7, 0xb5, 0xaf, 0xd6, 0xb1, 
	0xad, 0x29, 0x8c, 0x63, 0x8c, 0xa3, 0xad, 0xad, 
	0xd6, 0x31, 0x84, 0x21, 0x83, 0xe1, 0xad, 0xab, 
	0xc5, 0xf1, 0x7b, 0xdf, 0x6b, 0x9b, 0x73, 0x9d, 
	0x7b, 0x9d, 0xa5, 0x29, 0xad, 0xaf, 0x63, 0x19, 
	0x6b, 0x5b, 0x5a, 0x95, 0x52, 0x53, 0x4a, 0x53, 
	0xce, 0xb3, 0x6b, 0x5d, 0x5b, 0x19, 0x52, 0xd5, 
	0x5a, 0xd7, 0xbd, 0xaf, 0x52, 0xd7, 0x73, 0x5d, 
	0x8c, 0x65, 0x52, 0x95, 0x52, 0x97, 0x6b, 0x1b, 
	0x7b, 0xe1, 0x73, 0x9b, 0x6b, 0x19, 0x83, 0xdf, 
	0x7b, 0x9f, 0x7c, 0x1f, 0xc5, 0xf5, 0xb5, 0xef, 
	0xc6, 0xb1, 0x8c, 0x21, 0x8c, 0xa5, 0x73, 0xdf, 
	0x94, 0xa7, 0x94, 0xe5, 0xa5, 0x6b, 0xa4, 0xe7, 
	0x7b, 0xdd, 0xa5, 0x69, 0x5a, 0xd5, 0xad, 0x2b, 
	0xad, 0x69, 0xb5, 0xab, 0x63, 0x1b, 0x84, 0x23, 
	0x84, 0x61, 0x73, 0xdd, 0xa4, 0xe9, 0x9c, 0xe9, 
	0x94, 0xa3, 0x94, 0x63, 0x9c, 0xe5, 0xb5, 0x6d, 
	0xc5, 0xef, 0xad, 0x6d, 0x8c, 0x61, 0x8c, 0x23, 
	0x63, 0x5b, 0x73, 0x5b, 0x6b, 0x59, 0x63, 0x59, 
	0x5a, 0xd9, 0x62, 0xd7, 0x63, 0x17, 
};

Gfx castle_grounds_dl__32_ci4_aligner[] = {gsSPEndDisplayList()};
u8 castle_grounds_dl__32_ci4[] = {
	0x00, 0x11, 0x12, 0x22, 0x33, 0x32, 0x21, 0x11, 
	0x12, 0x23, 0x22, 0x11, 0x12, 0x22, 0x11, 0x10, 
	0x22, 0x11, 0x22, 0x33, 0x33, 0x33, 0x32, 0x22, 
	0x22, 0x33, 0x11, 0x11, 0x11, 0x22, 0x11, 0x11, 
	0x44, 0x32, 0x22, 0x34, 0x44, 0x44, 0x33, 0x33, 
	0x33, 0x33, 0x32, 0x11, 0x11, 0x22, 0x22, 0x23, 
	0x44, 0x43, 0x22, 0x23, 0x34, 0x44, 0x45, 0x33, 
	0x44, 0x44, 0x43, 0x22, 0x11, 0x11, 0x11, 0x23, 
	0x34, 0x44, 0x32, 0x11, 0x23, 0x44, 0x43, 0x23, 
	0x34, 0x44, 0x43, 0x32, 0x21, 0x11, 0x11, 0x12, 
	0x23, 0x43, 0x31, 0x10, 0x12, 0x34, 0x32, 0x11, 
	0x23, 0x44, 0x44, 0x33, 0x22, 0x11, 0x00, 0x01, 
	0x12, 0x33, 0x31, 0x10, 0x02, 0x34, 0x32, 0x11, 
	0x12, 0x54, 0x44, 0x33, 0x32, 0x21, 0x00, 0x00, 
	0x01, 0x22, 0x22, 0x11, 0x12, 0x34, 0x44, 0x32, 
	0x23, 0x35, 0x53, 0x33, 0x33, 0x33, 0x21, 0x00, 
	0x01, 0x12, 0x22, 0x21, 0x12, 0x34, 0x44, 0x44, 
	0x33, 0x43, 0x32, 0x23, 0x34, 0x44, 0x43, 0x11, 
	0x11, 0x12, 0x33, 0x32, 0x22, 0x34, 0x44, 0x44, 
	0x53, 0x33, 0x22, 0x22, 0x34, 0x44, 0x44, 0x31, 
	0x22, 0x23, 0x54, 0x53, 0x22, 0x23, 0x33, 0x23, 
	0x33, 0x33, 0x22, 0x11, 0x13, 0x44, 0x44, 0x43, 
	0x33, 0x44, 0x44, 0x43, 0x22, 0x21, 0x10, 0x01, 
	0x12, 0x33, 0x32, 0x11, 0x11, 0x24, 0x44, 0x45, 
	0x54, 0x44, 0x44, 0x43, 0x22, 0x21, 0x10, 0x60, 
	0x01, 0x23, 0x32, 0x11, 0x00, 0x13, 0x44, 0x44, 
	0x33, 0x54, 0x44, 0x43, 0x22, 0x33, 0x21, 0x06, 
	0x00, 0x13, 0x33, 0x21, 0x10, 0x01, 0x23, 0x33, 
	0x22, 0x33, 0x44, 0x33, 0x23, 0x54, 0x43, 0x10, 
	0x60, 0x13, 0x33, 0x22, 0x11, 0x11, 0x11, 0x22, 
	0x11, 0x22, 0x34, 0x43, 0x33, 0x44, 0x45, 0x21, 
	0x01, 0x23, 0x43, 0x32, 0x22, 0x11, 0x11, 0x11, 
	0x11, 0x22, 0x33, 0x44, 0x44, 0x44, 0x44, 0x32, 
	0x22, 0x34, 0x44, 0x33, 0x33, 0x32, 0x11, 0x11, 
	0x11, 0x22, 0x23, 0x44, 0x44, 0x44, 0x44, 0x33, 
	0x34, 0x44, 0x44, 0x44, 0x44, 0x43, 0x21, 0x11, 
	0x11, 0x22, 0x22, 0x33, 0x44, 0x44, 0x44, 0x44, 
	0x44, 0x44, 0x44, 0x44, 0x44, 0x43, 0x21, 0x11, 
	0x11, 0x22, 0x11, 0x11, 0x24, 0x44, 0x44, 0x44, 
	0x44, 0x44, 0x44, 0x45, 0x33, 0x32, 0x10, 0x01, 
	0x11, 0x12, 0x11, 0x06, 0x12, 0x44, 0x44, 0x44, 
	0x44, 0x44, 0x44, 0x43, 0x33, 0x21, 0x06, 0x00, 
	0x11, 0x11, 0x11, 0x00, 0x01, 0x34, 0x44, 0x44, 
	0x33, 0x34, 0x44, 0x33, 0x33, 0x22, 0x10, 0x60, 
	0x11, 0x11, 0x11, 0x10, 0x00, 0x13, 0x54, 0x33, 
	0x32, 0x22, 0x23, 0x32, 0x23, 0x33, 0x21, 0x00, 
	0x11, 0x11, 0x11, 0x21, 0x00, 0x01, 0x23, 0x33, 
	0x32, 0x11, 0x11, 0x12, 0x22, 0x35, 0x45, 0x21, 
	0x22, 0x22, 0x22, 0x22, 0x21, 0x11, 0x11, 0x22, 
	0x33, 0x22, 0x11, 0x11, 0x11, 0x34, 0x44, 0x43, 
	0x33, 0x33, 0x22, 0x33, 0x33, 0x11, 0x11, 0x12, 
	0x34, 0x43, 0x21, 0x00, 0x01, 0x23, 0x44, 0x44, 
	0x53, 0x33, 0x32, 0x33, 0x43, 0x31, 0x11, 0x12, 
	0x34, 0x44, 0x31, 0x00, 0x01, 0x13, 0x44, 0x44, 
	0x32, 0x22, 0x22, 0x23, 0x44, 0x53, 0x11, 0x12, 
	0x34, 0x44, 0x43, 0x21, 0x11, 0x23, 0x34, 0x44, 
	0x21, 0x00, 0x11, 0x12, 0x34, 0x43, 0x21, 0x12, 
	0x35, 0x44, 0x44, 0x33, 0x33, 0x33, 0x33, 0x33, 
	0x10, 0x60, 0x00, 0x12, 0x34, 0x43, 0x31, 0x11, 
	0x23, 0x34, 0x44, 0x44, 0x44, 0x43, 0x32, 0x22, 
	0x10, 0x00, 0x00, 0x12, 0x23, 0x33, 0x21, 0x01, 
	0x12, 0x33, 0x34, 0x53, 0x54, 0x44, 0x32, 0x22, 
	0x10, 0x01, 0x11, 0x12, 0x23, 0x33, 0x21, 0x00, 
	0x12, 0x23, 0x33, 0x22, 0x23, 0x44, 0x21, 0x11, 
	
};

Gfx castle_grounds_dl__32_pal_rgba16_aligner[] = {gsSPEndDisplayList()};
u8 castle_grounds_dl__32_pal_rgba16[] = {
	0x6b, 0x5b, 0x73, 0x9d, 0x7b, 0xdf, 0x84, 0x21, 
	0x8c, 0x63, 0x84, 0x63, 0x63, 0x19, 
};

Gfx castle_grounds_dl__33_i8_aligner[] = {gsSPEndDisplayList()};
u8 castle_grounds_dl__33_i8[] = {
	0x88, 0xa8, 0x88, 0x88, 0xa0, 0x90, 0x98, 0x98, 
	0x90, 0xb8, 0x88, 0x88, 0x98, 0xa8, 0xa0, 0xa8, 
	0xa8, 0xa8, 0x90, 0x98, 0xa0, 0x88, 0xa0, 0xa8, 
	0x88, 0xa8, 0x88, 0x88, 0x98, 0x98, 0x90, 0x80, 
	0x78, 0x98, 0x90, 0x88, 0xa8, 0x88, 0x88, 0x98, 
	0x88, 0x98, 0x90, 0x80, 0x90, 0xa8, 0xb0, 0xa8, 
	0xa8, 0xa0, 0xa8, 0x88, 0xa0, 0xa0, 0x80, 0x88, 
	0x88, 0xa8, 0x90, 0x88, 0x98, 0x88, 0x98, 0x90, 
	0x88, 0x98, 0x98, 0x90, 0xa0, 0x98, 0x88, 0xa0, 
	0xa8, 0x90, 0x98, 0x88, 0x90, 0x90, 0xa8, 0xa0, 
	0xa8, 0xb0, 0xb8, 0x90, 0xa0, 0xb8, 0x90, 0xa8, 
	0x90, 0x98, 0x98, 0xa0, 0x98, 0x88, 0x88, 0x98, 
	0x90, 0x88, 0x98, 0x88, 0x98, 0x98, 0x88, 0xa0, 
	0xa8, 0x98, 0xa0, 0x98, 0x88, 0xa0, 0xb0, 0xa8, 
	0xa8, 0xa0, 0xb0, 0x98, 0x98, 0xb0, 0x98, 0x98, 
	0xa8, 0x90, 0xa0, 0x98, 0x98, 0x88, 0x88, 0x80, 
	0x98, 0x90, 0xa0, 0x90, 0xa8, 0xa0, 0x90, 0xa8, 
	0xa0, 0x98, 0xa0, 0x98, 0x88, 0xa8, 0xb0, 0xa8, 
	0x98, 0xa8, 0xa0, 0x98, 0x88, 0xb0, 0xa0, 0xb0, 
	0x98, 0x90, 0xa8, 0xa0, 0x88, 0x80, 0x88, 0x88, 
	0xa0, 0x90, 0xa0, 0x90, 0xa0, 0x98, 0xa0, 0xa8, 
	0x90, 0x98, 0x90, 0xa8, 0x88, 0x90, 0xa8, 0xb0, 
	0xa0, 0xb8, 0xb0, 0xa8, 0x88, 0xb0, 0x90, 0x98, 
	0x90, 0xa0, 0xa8, 0xa0, 0xa0, 0x88, 0x78, 0x88, 
	0xa0, 0x90, 0xa0, 0x90, 0x90, 0x98, 0x90, 0xa8, 
	0xa8, 0xa0, 0x98, 0x98, 0x98, 0xa0, 0xa8, 0xa8, 
	0x98, 0xa8, 0xb0, 0xa0, 0x98, 0xb0, 0xa8, 0x90, 
	0x88, 0x90, 0xa8, 0x90, 0x98, 0x88, 0x90, 0x80, 
	0x98, 0x90, 0xa8, 0xa0, 0x90, 0x98, 0xa0, 0xa0, 
	0xa8, 0x90, 0x98, 0x90, 0x90, 0xa0, 0xa8, 0xb8, 
	0xa8, 0xa8, 0xa8, 0xa0, 0x90, 0xb8, 0xa8, 0xa0, 
	0x90, 0x88, 0xa0, 0x98, 0x90, 0x88, 0x88, 0x88, 
	0xa0, 0x90, 0xa8, 0xb0, 0x90, 0x90, 0x98, 0x98, 
	0xa8, 0xb0, 0xa0, 0x98, 0x90, 0xa0, 0xa0, 0xa8, 
	0xa0, 0xa0, 0xb0, 0x98, 0xb0, 0xa8, 0xa8, 0x90, 
	0x90, 0x88, 0xa8, 0x90, 0x90, 0x88, 0x88, 0x78, 
	0x90, 0x90, 0x98, 0xb0, 0xa8, 0x90, 0x88, 0x78, 
	0x88, 0xb8, 0x98, 0x90, 0xb8, 0x90, 0xa8, 0xa0, 
	0x90, 0x88, 0xa0, 0xa0, 0xb0, 0xb0, 0xb8, 0x98, 
	0x98, 0x80, 0x88, 0x88, 0x98, 0x88, 0x88, 0x78, 
	0xb0, 0xc0, 0xc0, 0xb8, 0xb0, 0xc0, 0xd0, 0xa0, 
	0x98, 0xb0, 0xb0, 0x98, 0xa8, 0xb8, 0xb8, 0xa8, 
	0xd8, 0xa0, 0x98, 0xa0, 0xb8, 0xb0, 0xb8, 0xc8, 
	0xb0, 0xb8, 0x88, 0xa0, 0xa0, 0x98, 0x98, 0x88, 
	0x48, 0x40, 0x50, 0x50, 0x50, 0x50, 0x68, 0x58, 
	0x68, 0x68, 0x60, 0x60, 0x68, 0x70, 0x80, 0x60, 
	0x70, 0x88, 0x68, 0x60, 0x68, 0x60, 0x60, 0x60, 
	0x68, 0x80, 0x78, 0x68, 0x78, 0x50, 0x68, 0x58, 
	0x88, 0x88, 0x78, 0x70, 0x88, 0x88, 0x70, 0x78, 
	0x88, 0x80, 0x80, 0x70, 0x80, 0x78, 0x68, 0x70, 
	0x68, 0x68, 0x88, 0x78, 0x70, 0x70, 0x70, 0x70, 
	0x68, 0x48, 0x60, 0x58, 0x50, 0x70, 0x58, 0x60, 
	0xb8, 0xc0, 0xc8, 0xb0, 0xc8, 0xd0, 0xc8, 0xb8, 
	0xd0, 0xb8, 0xc8, 0xb8, 0xc0, 0xd8, 0xc0, 0xc8, 
	0xc8, 0xc8, 0xc8, 0xc0, 0xc8, 0xd0, 0xb8, 0xb8, 
	0xb8, 0xa8, 0xc8, 0xb8, 0xb8, 0xb8, 0xa0, 0xc0, 
	0xa0, 0xb0, 0xb8, 0xa0, 0xa8, 0xa8, 0xa8, 0xa0, 
	0xb8, 0xa0, 0xa8, 0xa0, 0x90, 0xb8, 0xa8, 0xa0, 
	0xb0, 0xa8, 0xb8, 0x90, 0x98, 0xb8, 0xa0, 0xb8, 
	0xa8, 0x80, 0xa0, 0x98, 0x98, 0xb0, 0x88, 0xa0, 
	0xa8, 0xa8, 0xb8, 0xa8, 0xa8, 0xb8, 0xa8, 0x98, 
	0xb0, 0xa8, 0xb0, 0xa0, 0xb0, 0xb8, 0xb0, 0xb0, 
	0xa0, 0xa0, 0xc0, 0xb8, 0x90, 0xb8, 0x98, 0xb0, 
	0xb8, 0x98, 0x98, 0x88, 0x98, 0xc0, 0x90, 0xa8, 
	0xb0, 0xb0, 0xa8, 0xa0, 0xb0, 0xa8, 0xb0, 0xa8, 
	0xa8, 0xb0, 0xb0, 0x98, 0xa8, 0xb8, 0x90, 0xb8, 
	0xa8, 0xa0, 0x98, 0xb0, 0x98, 0xa0, 0x98, 0x90, 
	0xc0, 0x98, 0xb0, 0x90, 0x88, 0xb8, 0x88, 0xb0, 
	0xb8, 0xc8, 0xd0, 0xc0, 0xd8, 0xd0, 0xc0, 0xc8, 
	0xc0, 0xc8, 0xc8, 0xb8, 0xc0, 0xe0, 0xb0, 0xc0, 
	0xc8, 0xb8, 0xc0, 0xb8, 0xd0, 0xb8, 0xb8, 0xb0, 
	0xc0, 0xb0, 0xd0, 0xb8, 0xb8, 0xd0, 0xa8, 0xc0, 
	0x48, 0x50, 0x50, 0x50, 0x58, 0x58, 0x58, 0x58, 
	0x50, 0x50, 0x60, 0x58, 0x48, 0x50, 0x48, 0x48, 
	0x50, 0x50, 0x58, 0x48, 0x50, 0x58, 0x58, 0x50, 
	0x58, 0x48, 0x60, 0x60, 0x60, 0x58, 0x60, 0x48, 
	0xb8, 0xa8, 0xa0, 0xb8, 0xa8, 0xa8, 0xa0, 0xa8, 
	0xa0, 0x90, 0xa8, 0xc0, 0x98, 0xa8, 0xb0, 0xa8, 
	0x90, 0x90, 0x88, 0x98, 0x80, 0x90, 0xb0, 0xa8, 
	0xa0, 0x88, 0x78, 0x80, 0x90, 0x88, 0xa8, 0xb8, 
	0x90, 0x98, 0x90, 0xa0, 0xc0, 0xa8, 0xa8, 0xa0, 
	0xb8, 0xb0, 0xa8, 0xa0, 0xa0, 0x90, 0x90, 0xb8, 
	0xb0, 0x90, 0xa8, 0xa8, 0x88, 0x90, 0x90, 0xa0, 
	0xb0, 0xa8, 0x88, 0xb0, 0x80, 0x90, 0x88, 0x98, 
	0x98, 0x88, 0xa8, 0x88, 0xa8, 0xa8, 0xa0, 0xa0, 
	0xb0, 0xb0, 0xa8, 0x98, 0x88, 0xa0, 0x88, 0xa0, 
	0xb8, 0x88, 0xa0, 0xb8, 0x98, 0x90, 0xa0, 0x90, 
	0xa0, 0xb0, 0x98, 0xb0, 0x98, 0x90, 0xa8, 0x88, 
	0xa0, 0x90, 0xa8, 0xb0, 0xa8, 0x98, 0xa8, 0xa0, 
	0xa0, 0xb0, 0xb8, 0x98, 0x90, 0xb0, 0xa0, 0xa0, 
	0xa8, 0xa0, 0xa0, 0xa8, 0xa0, 0xa0, 0xa0, 0x98, 
	0xa0, 0xa0, 0x90, 0xa8, 0xa8, 0x98, 0xb8, 0x98, 
	0x98, 0x98, 0x98, 0xa8, 0xb0, 0x90, 0x98, 0xa0, 
	0x98, 0xb0, 0xa0, 0xa0, 0x90, 0xa8, 0xa8, 0xa0, 
	0x98, 0xa8, 0xb0, 0xa0, 0xa8, 0xa0, 0xb0, 0x90, 
	0x88, 0xb0, 0x88, 0x90, 0xb0, 0x90, 0xa0, 0xb0, 
	0x90, 0x90, 0x98, 0xa8, 0xa0, 0x90, 0x98, 0x98, 
	0x98, 0xa8, 0x98, 0x98, 0x90, 0xa0, 0xa0, 0xa0, 
	0x90, 0xa8, 0xa8, 0x98, 0xa8, 0xa0, 0xa8, 0x98, 
	0x90, 0xa8, 0xa8, 0x88, 0xa8, 0xa0, 0x90, 0xa8, 
	0xa0, 0x90, 0x98, 0xb0, 0xa8, 0x90, 0xa0, 0x98, 
	0xa8, 0xb8, 0xa0, 0x98, 0x90, 0xb0, 0x98, 0xa0, 
	0x90, 0xa0, 0xb0, 0xa8, 0xb0, 0xa0, 0xa0, 0x98, 
	0x88, 0xa8, 0x90, 0x90, 0xa8, 0xa0, 0xa0, 0x98, 
	0xa0, 0x98, 0x90, 0xb8, 0xa8, 0x88, 0xa8, 0xa0, 
	0x90, 0xa8, 0x98, 0xa0, 0x90, 0x98, 0x98, 0x98, 
	0x90, 0xa8, 0xa8, 0xa8, 0xa8, 0xa0, 0xa0, 0xa0, 
	0x98, 0xa0, 0xa0, 0x88, 0xa8, 0xa8, 0xa0, 0xa0, 
	0x98, 0x98, 0x98, 0xa8, 0xa8, 0x88, 0xa0, 0x90, 
	0x98, 0xa0, 0x98, 0x90, 0xa0, 0xb0, 0xa0, 0xa0, 
	0x98, 0xb0, 0xb0, 0x98, 0xb0, 0xa0, 0xa8, 0xa0, 
	0x90, 0xa0, 0xa0, 0x90, 0x98, 0xa8, 0xa8, 0xa8, 
	0x98, 0xa8, 0x98, 0xa0, 0xb0, 0x88, 0x90, 0x90, 
	0x98, 0xb0, 0xa0, 0x90, 0xa0, 0xa0, 0xb0, 0x98, 
	0xa0, 0xa8, 0xa0, 0x98, 0xa8, 0xa0, 0xb0, 0xa8, 
	0x98, 0xa8, 0xa0, 0x90, 0xb0, 0x90, 0xa8, 0xa8, 
	0x98, 0xa0, 0x88, 0xa0, 0xb0, 0x98, 0x88, 0x98, 
	0x90, 0x90, 0x88, 0x98, 0xa0, 0x88, 0xb0, 0xa8, 
	0xa0, 0xa8, 0x98, 0x98, 0xa0, 0xa0, 0x88, 0xa8, 
	0xa0, 0x90, 0xa0, 0x88, 0xa8, 0x80, 0xa8, 0xb8, 
	0x98, 0xa0, 0x88, 0xa0, 0xb0, 0x90, 0x98, 0x98, 
	0x98, 0x90, 0x98, 0xa0, 0x90, 0xa0, 0xb8, 0xa8, 
	0xa8, 0xb0, 0xa0, 0xb8, 0xa8, 0xb0, 0xa8, 0xa8, 
	0xb0, 0xb0, 0x90, 0xa0, 0xb0, 0x90, 0xa0, 0xc0, 
	0x98, 0x88, 0x88, 0x98, 0x98, 0x88, 0x80, 0x80, 
	0x90, 0x90, 0x88, 0x88, 0x90, 0x98, 0xa0, 0x98, 
	0x98, 0xa8, 0x98, 0xa8, 0x88, 0x90, 0x90, 0x88, 
	0x88, 0xa0, 0x98, 0x98, 0x98, 0x90, 0x98, 0xb0, 
	
};

Gfx castle_grounds_dl__34_ci8_aligner[] = {gsSPEndDisplayList()};
u8 castle_grounds_dl__34_ci8[] = {
	0x00, 0x00, 0x00, 0x01, 0x00, 0x01, 0x01, 0x01, 
	0x01, 0x01, 0x02, 0x02, 0x02, 0x03, 0x04, 0x02, 
	0x02, 0x01, 0x02, 0x02, 0x02, 0x05, 0x06, 0x01, 
	0x01, 0x02, 0x02, 0x02, 0x07, 0x08, 0x06, 0x03, 
	0x09, 0x06, 0x0a, 0x0b, 0x0c, 0x0d, 0x09, 0x08, 
	0x0e, 0x0e, 0x06, 0x07, 0x06, 0x07, 0x06, 0x03, 
	0x09, 0x06, 0x06, 0x0f, 0x01, 0x02, 0x10, 0x11, 
	0x12, 0x13, 0x08, 0x14, 0x00, 0x00, 0x00, 0x00, 
	0x15, 0x15, 0x16, 0x17, 0x18, 0x19, 0x18, 0x18, 
	0x18, 0x18, 0x1a, 0x1b, 0x1c, 0x1c, 0x1d, 0x1e, 
	0x1a, 0x1a, 0x17, 0x18, 0x1f, 0x1f, 0x20, 0x1f, 
	0x15, 0x15, 0x21, 0x05, 0x22, 0x08, 0x23, 0x04, 
	0x24, 0x06, 0x25, 0x08, 0x04, 0x04, 0x14, 0x26, 
	0x14, 0x01, 0x27, 0x28, 0x1f, 0x29, 0x28, 0x21, 
	0x2a, 0x29, 0x27, 0x29, 0x29, 0x2b, 0x01, 0x01, 
	0x2c, 0x2d, 0x2e, 0x12, 0x14, 0x2f, 0x30, 0x30, 
	0x31, 0x32, 0x33, 0x34, 0x32, 0x32, 0x35, 0x35, 
	0x33, 0x19, 0x36, 0x33, 0x37, 0x1a, 0x1a, 0x38, 
	0x38, 0x39, 0x3a, 0x37, 0x3a, 0x1e, 0x1a, 0x1a, 
	0x1a, 0x18, 0x3b, 0x3c, 0x3d, 0x22, 0x01, 0x1e, 
	0x38, 0x3e, 0x3f, 0x1a, 0x1a, 0x1a, 0x3f, 0x1a, 
	0x38, 0x40, 0x41, 0x3e, 0x42, 0x43, 0x42, 0x40, 
	0x44, 0x40, 0x3e, 0x45, 0x46, 0x01, 0x01, 0x2b, 
	0x30, 0x47, 0x48, 0x49, 0x4a, 0x35, 0x35, 0x4b, 
	0x4c, 0x4a, 0x4a, 0x4b, 0x4b, 0x4a, 0x4a, 0x4a, 
	0x4a, 0x4d, 0x4e, 0x4a, 0x4a, 0x3a, 0x1a, 0x3f, 
	0x1a, 0x1e, 0x37, 0x3a, 0x18, 0x18, 0x1a, 0x37, 
	0x17, 0x4f, 0x37, 0x50, 0x3d, 0x44, 0x41, 0x41, 
	0x51, 0x52, 0x53, 0x54, 0x52, 0x54, 0x38, 0x38, 
	0x3e, 0x41, 0x38, 0x38, 0x44, 0x44, 0x41, 0x38, 
	0x41, 0x41, 0x38, 0x55, 0x56, 0x01, 0x02, 0x03, 
	0x18, 0x57, 0x58, 0x59, 0x4c, 0x4c, 0x4c, 0x4c, 
	0x4a, 0x35, 0x35, 0x35, 0x35, 0x4a, 0x4a, 0x4a, 
	0x4a, 0x4a, 0x35, 0x35, 0x31, 0x33, 0x37, 0x1d, 
	0x3a, 0x3a, 0x3a, 0x37, 0x3a, 0x3a, 0x19, 0x18, 
	0x4f, 0x5a, 0x1a, 0x2a, 0x27, 0x41, 0x38, 0x53, 
	0x52, 0x52, 0x53, 0x5b, 0x54, 0x54, 0x54, 0x38, 
	0x41, 0x55, 0x38, 0x3f, 0x38, 0x41, 0x1a, 0x53, 
	0x41, 0x38, 0x44, 0x44, 0x44, 0x02, 0x5c, 0x5d, 
	0x35, 0x5e, 0x5f, 0x60, 0x61, 0x62, 0x4a, 0x4a, 
	0x4d, 0x63, 0x4d, 0x4d, 0x35, 0x35, 0x35, 0x32, 
	0x34, 0x31, 0x4a, 0x4a, 0x4a, 0x64, 0x32, 0x32, 
	0x37, 0x53, 0x33, 0x54, 0x39, 0x37, 0x3a, 0x18, 
	0x65, 0x66, 0x56, 0x01, 0x01, 0x38, 0x38, 0x39, 
	0x67, 0x52, 0x38, 0x1a, 0x38, 0x38, 0x41, 0x38, 
	0x38, 0x3b, 0x3f, 0x3f, 0x1a, 0x38, 0x38, 0x38, 
	0x41, 0x3f, 0x1d, 0x1d, 0x3f, 0x29, 0x08, 0x03, 
	0x68, 0x69, 0x69, 0x6a, 0x61, 0x61, 0x62, 0x6b, 
	0x4e, 0x63, 0x33, 0x33, 0x33, 0x35, 0x35, 0x4b, 
	0x4a, 0x4a, 0x4a, 0x6b, 0x6b, 0x67, 0x67, 0x67, 
	0x6c, 0x5b, 0x5b, 0x37, 0x6d, 0x37, 0x1e, 0x19, 
	0x18, 0x4f, 0x16, 0x02, 0x01, 0x38, 0x38, 0x38, 
	0x38, 0x38, 0x38, 0x38, 0x44, 0x44, 0x3f, 0x3f, 
	0x38, 0x3e, 0x3f, 0x3f, 0x3f, 0x1a, 0x3f, 0x3f, 
	0x3f, 0x1d, 0x1f, 0x1e, 0x1d, 0x1d, 0x03, 0x14, 
	0x6e, 0x6f, 0x70, 0x71, 0x71, 0x6a, 0x72, 0x62, 
	0x18, 0x19, 0x19, 0x33, 0x33, 0x34, 0x35, 0x35, 
	0x4b, 0x4c, 0x67, 0x5b, 0x5b, 0x73, 0x5b, 0x52, 
	0x67, 0x67, 0x6c, 0x5b, 0x37, 0x31, 0x33, 0x19, 
	0x18, 0x4f, 0x1a, 0x27, 0x01, 0x3f, 0x38, 0x38, 
	0x38, 0x41, 0x38, 0x3f, 0x38, 0x3f, 0x53, 0x6d, 
	0x38, 0x3e, 0x38, 0x1d, 0x1d, 0x3a, 0x3f, 0x3f, 
	0x1d, 0x3f, 0x1d, 0x18, 0x1e, 0x29, 0x0b, 0x06, 
	0x74, 0x75, 0x5e, 0x58, 0x71, 0x6a, 0x61, 0x4a, 
	0x76, 0x33, 0x77, 0x33, 0x34, 0x33, 0x33, 0x32, 
	0x32, 0x67, 0x32, 0x73, 0x78, 0x79, 0x79, 0x5b, 
	0x52, 0x48, 0x6c, 0x6c, 0x5b, 0x32, 0x32, 0x19, 
	0x16, 0x16, 0x38, 0x2a, 0x01, 0x41, 0x38, 0x3f, 
	0x3f, 0x3f, 0x41, 0x44, 0x38, 0x7a, 0x31, 0x6d, 
	0x38, 0x3e, 0x38, 0x1d, 0x1a, 0x1a, 0x1d, 0x3f, 
	0x3f, 0x3f, 0x1d, 0x7b, 0x18, 0x7c, 0x08, 0x7d, 
	0x67, 0x7e, 0x7f, 0x5f, 0x80, 0x59, 0x62, 0x4c, 
	0x63, 0x33, 0x33, 0x33, 0x35, 0x32, 0x32, 0x32, 
	0x32, 0x32, 0x32, 0x32, 0x5b, 0x78, 0x5b, 0x5b, 
	0x73, 0x6c, 0x6c, 0x52, 0x67, 0x81, 0x67, 0x33, 
	0x36, 0x18, 0x1e, 0x02, 0x02, 0x38, 0x53, 0x33, 
	0x1a, 0x3f, 0x38, 0x44, 0x54, 0x82, 0x3e, 0x40, 
	0x44, 0x41, 0x3f, 0x44, 0x3f, 0x1d, 0x1d, 0x3f, 
	0x1a, 0x1d, 0x3f, 0x1d, 0x1e, 0x1d, 0x01, 0x47, 
	0x58, 0x58, 0x6a, 0x6a, 0x6a, 0x83, 0x6b, 0x4a, 
	0x65, 0x63, 0x63, 0x63, 0x63, 0x76, 0x35, 0x4a, 
	0x4a, 0x6b, 0x4c, 0x67, 0x32, 0x54, 0x32, 0x32, 
	0x32, 0x32, 0x52, 0x52, 0x48, 0x67, 0x32, 0x33, 
	0x18, 0x7b, 0x1a, 0x27, 0x02, 0x3f, 0x6d, 0x7a, 
	0x84, 0x37, 0x38, 0x3e, 0x54, 0x6d, 0x54, 0x38, 
	0x44, 0x85, 0x56, 0x1d, 0x1d, 0x18, 0x3a, 0x1a, 
	0x3f, 0x1e, 0x1e, 0x7b, 0x1a, 0x1e, 0x06, 0x2f, 
	0x71, 0x86, 0x87, 0x87, 0x5f, 0x83, 0x83, 0x88, 
	0x89, 0x4f, 0x4d, 0x4d, 0x4d, 0x4a, 0x4a, 0x4a, 
	0x6b, 0x4a, 0x4c, 0x67, 0x5b, 0x33, 0x4a, 0x4a, 
	0x4a, 0x52, 0x8a, 0x81, 0x6c, 0x67, 0x34, 0x33, 
	0x8b, 0x8c, 0x16, 0x29, 0x8d, 0x1d, 0x38, 0x38, 
	0x38, 0x41, 0x38, 0x3e, 0x3e, 0x3e, 0x3e, 0x38, 
	0x56, 0x56, 0x3f, 0x3f, 0x3f, 0x1a, 0x3f, 0x3f, 
	0x3f, 0x1d, 0x1d, 0x1e, 0x1a, 0x1a, 0x5d, 0x47, 
	0x6a, 0x5f, 0x5f, 0x8e, 0x8f, 0x90, 0x91, 0x92, 
	0x4d, 0x76, 0x33, 0x35, 0x4e, 0x4a, 0x35, 0x93, 
	0x6b, 0x93, 0x93, 0x4a, 0x35, 0x31, 0x35, 0x4a, 
	0x6b, 0x67, 0x32, 0x67, 0x67, 0x67, 0x32, 0x73, 
	0x31, 0x3f, 0x3f, 0x1f, 0x02, 0x29, 0x38, 0x3f, 
	0x3f, 0x38, 0x1a, 0x44, 0x44, 0x38, 0x3f, 0x3f, 
	0x3f, 0x38, 0x3f, 0x44, 0x38, 0x3f, 0x3f, 0x56, 
	0x56, 0x38, 0x38, 0x38, 0x38, 0x16, 0x0b, 0x47, 
	0x94, 0x5f, 0x70, 0x69, 0x95, 0x72, 0x83, 0x4e, 
	0x4f, 0x4f, 0x4d, 0x4d, 0x4d, 0x4d, 0x4d, 0x4d, 
	0x4d, 0x4d, 0x4e, 0x4e, 0x96, 0x4e, 0x96, 0x93, 
	0x64, 0x4e, 0x31, 0x64, 0x32, 0x34, 0x78, 0x37, 
	0x37, 0x79, 0x97, 0x11, 0x06, 0x15, 0x41, 0x38, 
	0x1a, 0x38, 0x98, 0x56, 0x44, 0x3f, 0x38, 0x38, 
	0x38, 0x99, 0x38, 0x3f, 0x3f, 0x3f, 0x38, 0x38, 
	0x38, 0x38, 0x99, 0x38, 0x39, 0x15, 0x2c, 0x9a, 
	0x87, 0x9b, 0x5e, 0x6f, 0x70, 0x9c, 0x9d, 0x4e, 
	0x2f, 0x7d, 0x8b, 0x8b, 0x16, 0x17, 0x17, 0x19, 
	0x19, 0x19, 0x19, 0x3a, 0x3a, 0x37, 0x38, 0x37, 
	0x39, 0x9e, 0x4e, 0x35, 0x5b, 0x39, 0x53, 0x3b, 
	0x9f, 0x97, 0xa0, 0x01, 0x06, 0x06, 0x3a, 0x38, 
	0x38, 0x38, 0x41, 0x3e, 0x38, 0x1a, 0x1a, 0x1a, 
	0x1a, 0x1a, 0x3a, 0x18, 0x18, 0x1e, 0x38, 0x79, 
	0x54, 0x37, 0x9e, 0x37, 0x1a, 0x2a, 0x12, 0x8b, 
	0x58, 0x87, 0x58, 0x5e, 0x71, 0x72, 0xa1, 0x66, 
	0xa2, 0xa3, 0xa3, 0xa3, 0xa3, 0x5c, 0x14, 0x00, 
	0x01, 0x15, 0x2a, 0xa4, 0x7c, 0xa5, 0xa6, 0xa6, 
	0x1c, 0x1c, 0xa7, 0x1e, 0x1f, 0x56, 0x1c, 0xa8, 
	0x2a, 0x2a, 0x01, 0x01, 0x5c, 0x5d, 0x01, 0x15, 
	0x16, 0x15, 0x01, 0x30, 0x7d, 0x26, 0x00, 0x01, 
	0x00, 0x01, 0x01, 0x01, 0x01, 0x01, 0x01, 0x00, 
	0xa3, 0xa3, 0xa9, 0x00, 0x01, 0x01, 0x2a, 0x01, 
	0x8b, 0x18, 0x4f, 0x65, 0x89, 0xaa, 0xab, 0xa2, 
	0x14, 0x00, 0xac, 0x17, 0x15, 0x15, 0x2f, 0x7d, 
	0x7d, 0x47, 0xad, 0x14, 0x01, 0x5c, 0x14, 0x03, 
	0xae, 0xae, 0x13, 0xaf, 0x23, 0xb0, 0x26, 0xb1, 
	0x00, 0x02, 0x02, 0x27, 0x2b, 0x5c, 0x09, 0x13, 
	0xb0, 0x2c, 0xb2, 0xb3, 0xb1, 0xb4, 0xae, 0x2c, 
	0x12, 0x03, 0x14, 0x5c, 0x03, 0x7d, 0x12, 0x04, 
	0x12, 0x00, 0x7c, 0x01, 0x14, 0x12, 0x00, 0x12, 
	0xb1, 0xb5, 0xaf, 0xaf, 0x2c, 0x26, 0x5d, 0xa9, 
	0x1a, 0x3e, 0xb6, 0xb7, 0xb8, 0x3b, 0x39, 0x34, 
	0x4d, 0x4a, 0x63, 0x16, 0x4f, 0x66, 0x14, 0x04, 
	0x29, 0x1a, 0x16, 0x63, 0x33, 0x3a, 0x37, 0x3e, 
	0x99, 0x39, 0x39, 0x79, 0x3b, 0x39, 0x3a, 0x1a, 
	0x37, 0x4d, 0x63, 0x19, 0x3a, 0x33, 0x19, 0x19, 
	0x9e, 0x9e, 0x37, 0x3a, 0x1a, 0x1e, 0x1e, 0x18, 
	0x1d, 0x56, 0xb9, 0xba, 0xa8, 0x1d, 0x1d, 0x1e, 
	0x7c, 0x16, 0x16, 0x7c, 0x7c, 0x7c, 0x16, 0x7c, 
	0x39, 0x39, 0x39, 0x54, 0x54, 0x54, 0x39, 0xb6, 
	0x6c, 0x32, 0x32, 0xbb, 0xbc, 0xbd, 0x7d, 0x14, 
	0x38, 0xbd, 0xbe, 0x57, 0xbf, 0xc0, 0xbe, 0xc1, 
	0x73, 0x6c, 0x78, 0xbd, 0xbb, 0xc1, 0x8a, 0xc1, 
	0xc2, 0xbe, 0xbe, 0xbd, 0xc2, 0xbd, 0xbe, 0xc3, 
	0xbd, 0xbb, 0xbd, 0xbe, 0x79, 0x79, 0x3e, 0x79, 
	0xc4, 0xc5, 0x9f, 0xc4, 0x3b, 0xc4, 0x40, 0x99, 
	0xc6, 0x3b, 0xc5, 0x3e, 0x79, 0x3e, 0x1a, 0x39, 
	0x79, 0x39, 0x54, 0x38, 0x39, 0x39, 0x39, 0x39, 
	0x39, 0x38, 0x54, 0xc1, 0x51, 0x32, 0x7d, 0x14, 
	0x79, 0xbb, 0xc7, 0xbf, 0xbb, 0xc8, 0x4c, 0x8a, 
	0x8a, 0x62, 0x62, 0xc9, 0xc2, 0xc7, 0x61, 0xbf, 
	0xbb, 0xbb, 0xc2, 0xc1, 0xbf, 0xbb, 0xc9, 0x37, 
	0xbb, 0xc0, 0xbb, 0xc7, 0x54, 0x79, 0x39, 0x79, 
	0x79, 0x9f, 0x79, 0xbe, 0xb7, 0xca, 0x3b, 0x3e, 
	0x79, 0x79, 0x79, 0x38, 0x38, 0x38, 0x38, 0x38, 
	0x38, 0x38, 0x79, 0x38, 0x38, 0x38, 0x3b, 0x79, 
	0x39, 0x39, 0x54, 0x78, 0xbd, 0x34, 0xae, 0xcb, 
	0x78, 0x59, 0xcc, 0xc7, 0x8a, 0xcd, 0xc7, 0xc7, 
	0x49, 0xc8, 0xcd, 0x57, 0xc7, 0x49, 0x49, 0x49, 
	0xcc, 0xc7, 0xc2, 0xc1, 0x59, 0x59, 0x73, 0x73, 
	0xc1, 0xbf, 0xbd, 0xbf, 0xbd, 0xb6, 0xbd, 0xb7, 
	0xb7, 0xb7, 0xc2, 0xbd, 0xb7, 0xbd, 0x79, 0x79, 
	0xb6, 0x79, 0x79, 0x39, 0x38, 0x79, 0x79, 0x79, 
	0x79, 0x38, 0x79, 0x39, 0x38, 0x38, 0x38, 0x3b, 
	0x79, 0xb6, 0xbc, 0xc9, 0xb7, 0x43, 0x2c, 0xb1, 
	0x73, 0x58, 0x6a, 0x6a, 0x49, 0x49, 0x60, 0x60, 
	0x60, 0xbf, 0x49, 0x60, 0xcc, 0xcc, 0xc7, 0x62, 
	0xc8, 0xce, 0xbf, 0x59, 0x60, 0x59, 0xcf, 0xbb, 
	0xbd, 0x73, 0x6c, 0xbb, 0xbd, 0xb6, 0xbd, 0xb7, 
	0x79, 0xc1, 0xce, 0xce, 0xb6, 0xc1, 0x54, 0x38, 
	0x79, 0x79, 0x79, 0x79, 0x3e, 0x79, 0x79, 0x79, 
	0x79, 0x79, 0x38, 0x38, 0x38, 0x38, 0x38, 0x79, 
	0x39, 0x54, 0x73, 0x73, 0x79, 0x53, 0xb1, 0x89, 
	0x80, 0x58, 0x58, 0xcc, 0x59, 0xbf, 0x49, 0x60, 
	0xcf, 0x59, 0xcc, 0x49, 0x94, 0xc7, 0xc7, 0x49, 
	0xbf, 0xbb, 0x6c, 0xc7, 0x6a, 0x59, 0x60, 0xbd, 
	0xbd, 0xbd, 0x73, 0xc9, 0xbd, 0xc1, 0xc1, 0x3e, 
	0x79, 0x48, 0xc1, 0xc1, 0xbd, 0xc7, 0x6c, 0x6c, 
	0x73, 0xbd, 0x79, 0x79, 0xb6, 0xb6, 0x79, 0x79, 
	0x38, 0x38, 0x79, 0x38, 0x38, 0x39, 0x39, 0x37, 
	0x39, 0x3e, 0x79, 0xb6, 0xb6, 0x54, 0xa3, 0x2f, 
	0xd0, 0xcc, 0x59, 0x49, 0xd0, 0x59, 0x59, 0x58, 
	0x59, 0x80, 0x58, 0xcc, 0x58, 0x6a, 0xcf, 0xcc, 
	0x60, 0xcd, 0x51, 0xbb, 0xbb, 0x4a, 0x54, 0x73, 
	0xbd, 0xbd, 0xc9, 0x78, 0xc9, 0xbb, 0xb6, 0xbe, 
	0xb7, 0xc1, 0x73, 0x52, 0x6c, 0xbe, 0xc1, 0x64, 
	0x51, 0xbd, 0xb6, 0xbd, 0x79, 0xd1, 0x79, 0x79, 
	0x38, 0x38, 0x38, 0x79, 0x79, 0x3e, 0x79, 0x79, 
	0x3e, 0xd2, 0x79, 0xbd, 0xbd, 0x54, 0x7d, 0x2f, 
	0xc8, 0xbb, 0x8a, 0xbf, 0xbf, 0x8a, 0xc8, 0xbf, 
	0x73, 0xcc, 0x58, 0x5e, 0x69, 0x72, 0x59, 0x58, 
	0x58, 0x61, 0xb7, 0xc2, 0xc2, 0xc9, 0x78, 0x37, 
	0xb6, 0xbb, 0xc1, 0xd3, 0x6c, 0x6c, 0xc1, 0xce, 
	0xbe, 0xc1, 0xd2, 0x79, 0x51, 0xc1, 0xc2, 0xc1, 
	0xc1, 0xbd, 0xbd, 0xbd, 0xbd, 0xbd, 0xbd, 0x39, 
	0x79, 0x79, 0x38, 0x79, 0x38, 0x79, 0x79, 0x54, 
	0x79, 0xbd, 0x54, 0xbd, 0xbd, 0xd2, 0x7d, 0x47, 
	0xbd, 0x32, 0x6c, 0xc7, 0x49, 0xbb, 0x49, 0xd4, 
	0x57, 0x7f, 0x5e, 0x5e, 0xd5, 0x58, 0xcc, 0x58, 
	0x5f, 0x32, 0x39, 0x8a, 0xbc, 0x5b, 0x73, 0xb6, 
	0x6c, 0x51, 0xbd, 0xbd, 0xb6, 0xbd, 0xc1, 0x51, 
	0xc1, 0xc1, 0xbd, 0xbd, 0xc1, 0xbb, 0xbb, 0xbb, 
	0xb7, 0x3e, 0x79, 0xb6, 0xb6, 0xbd, 0x79, 0x79, 
	0x39, 0x54, 0x38, 0x54, 0x79, 0x38, 0x54, 0x79, 
	0xb6, 0x54, 0xb6, 0xc1, 0xbd, 0xbd, 0x00, 0x89, 
	0xb6, 0x6c, 0xbd, 0x62, 0x6a, 0xbf, 0x6c, 0xc7, 
	0x61, 0x62, 0x95, 0xc1, 0xbc, 0x79, 0xbd, 0xbc, 
	0xbb, 0x72, 0x83, 0xbd, 0x3b, 0x35, 0x4c, 0x83, 
	0x73, 0x79, 0xbd, 0xbd, 0x54, 0x54, 0xbd, 0x54, 
	0x38, 0xb6, 0xbd, 0xbd, 0x54, 0x54, 0x54, 0xbd, 
	0xbd, 0xbd, 0x79, 0xb6, 0xb6, 0x79, 0x79, 0x54, 
	0x79, 0x79, 0x3e, 0x3e, 0x79, 0xbd, 0xbd, 0x54, 
	0x54, 0x78, 0xc1, 0x73, 0xc1, 0xbe, 0x00, 0x2f, 
	0x62, 0x62, 0xbb, 0xcd, 0x8a, 0xc1, 0xbb, 0x6a, 
	0x61, 0x54, 0x5b, 0x3b, 0x54, 0x73, 0x73, 0xd6, 
	0xd7, 0x6a, 0x62, 0x73, 0x37, 0x83, 0x54, 0x5b, 
	0x38, 0x3e, 0x73, 0x54, 0x39, 0x39, 0x54, 0x54, 
	0x54, 0x79, 0xbd, 0xbd, 0xbd, 0xbd, 0xbd, 0xbd, 
	0xbd, 0xb6, 0x79, 0x79, 0xb6, 0x54, 0x39, 0x79, 
	0x79, 0x79, 0x79, 0x79, 0x79, 0xbd, 0xbd, 0xc1, 
	0x73, 0x73, 0x73, 0xbd, 0x73, 0x39, 0x08, 0x01, 
	0xbd, 0xbb, 0xbc, 0xbf, 0xbd, 0x39, 0x6c, 0x6c, 
	0xbc, 0xd8, 0x78, 0x54, 0x73, 0xbc, 0x6b, 0x4a, 
	0x8a, 0x62, 0xbd, 0x4c, 0x62, 0xbc, 0x54, 0xc4, 
	0x54, 0x73, 0x49, 0xbb, 0x54, 0x39, 0x5b, 0x54, 
	0x73, 0x6c, 0xbf, 0xbc, 0xc9, 0xb6, 0xbd, 0xc1, 
	0xc1, 0xbd, 0xbd, 0xbd, 0xbd, 0xbd, 0xbd, 0xd1, 
	0xbd, 0xbd, 0xbd, 0xbd, 0x54, 0x39, 0x37, 0x1a, 
	0xd1, 0x73, 0x54, 0x37, 0x79, 0x99, 0x08, 0x14, 
	0x38, 0x6c, 0x73, 0x8a, 0x73, 0x5b, 0x78, 0x4c, 
	0x32, 0x34, 0x54, 0x73, 0x34, 0x61, 0x62, 0x4a, 
	0x4c, 0xd9, 0x8a, 0x8a, 0x8a, 0x54, 0x79, 0x4a, 
	0x83, 0x6c, 0xc7, 0x6c, 0x8a, 0x72, 0x73, 0x8a, 
	0x8a, 0xbc, 0xbc, 0xbc, 0xc1, 0xbd, 0xbd, 0xc1, 
	0xbf, 0xb6, 0xbd, 0xbb, 0xbb, 0xbb, 0xc1, 0xc1, 
	0x78, 0x9e, 0x9e, 0x9e, 0xda, 0x7c, 0x2a, 0xa4, 
	0x29, 0x01, 0x06, 0x03, 0x02, 0x01, 0x14, 0x01, 
	0x2b, 0x29, 0x8b, 0x8b, 0x19, 0x1a, 0x1a, 0x3f, 
	0x9e, 0x1a, 0x38, 0x39, 0x37, 0x5b, 0xbc, 0x35, 
	0x34, 0x34, 0x37, 0xd1, 0x4b, 0x4c, 0x38, 0x33, 
	0x78, 0x39, 0x32, 0xbd, 0x8a, 0x4c, 0xce, 0xbc, 
	0x6c, 0xbc, 0x62, 0xc2, 0xc9, 0xbe, 0xdb, 0xb7, 
	0xbf, 0xbd, 0xbd, 0xc1, 0xc1, 0xc1, 0xbb, 0x73, 
	0x01, 0x01, 0x01, 0x06, 0x03, 0x03, 0x03, 0x04, 
	0x04, 0xdc, 0x03, 0x14, 0x06, 0x08, 0xae, 0x02, 
	0x03, 0x01, 0x03, 0x25, 0x08, 0x14, 0x01, 0x29, 
	0x28, 0x2a, 0xa8, 0x1c, 0x10, 0x1c, 0x1f, 0x2a, 
	0x29, 0x29, 0x50, 0x11, 0xa8, 0x1e, 0x29, 0x46, 
	0x2a, 0x01, 0x02, 0x02, 0x2a, 0x29, 0x7c, 0x1d, 
	0x1c, 0x1e, 0x1f, 0x1a, 0x16, 0x8b, 0x15, 0x15, 
	0x16, 0x15, 0x01, 0x01, 0x01, 0x01, 0x01, 0x01, 
	
};

Gfx castle_grounds_dl__34_pal_rgba16_aligner[] = {gsSPEndDisplayList()};
u8 castle_grounds_dl__34_pal_rgba16[] = {
	0x9c, 0xa3, 0x94, 0x63, 0x8c, 0x63, 0x9c, 0xa5, 
	0xac, 0xe7, 0x8c, 0x23, 0x94, 0xa5, 0x94, 0x65, 
	0xa4, 0xe7, 0xa4, 0xe9, 0x9c, 0xe9, 0xad, 0x29, 
	0xb5, 0x6d, 0xad, 0x2b, 0x9c, 0xe7, 0x8c, 0x65, 
	0x73, 0x17, 0x7b, 0x9b, 0xac, 0xe5, 0xbd, 0xad, 
	0xa4, 0xa5, 0x94, 0x61, 0x94, 0x5f, 0x94, 0x5d, 
	0x94, 0x1d, 0x94, 0x1b, 0x8b, 0x99, 0x8b, 0x5b, 
	0x7b, 0x59, 0x8b, 0x9b, 0x8b, 0xdb, 0x8b, 0xdd, 
	0x83, 0x5b, 0x83, 0x9d, 0x83, 0xdf, 0xbd, 0x6b, 
	0xa4, 0xa7, 0xac, 0xe9, 0xb5, 0x27, 0x8c, 0x21, 
	0x8b, 0xdf, 0x8c, 0x1f, 0x8c, 0x61, 0x94, 0xa3, 
	0xb5, 0x29, 0xce, 0x75, 0xc5, 0x69, 0xa4, 0x63, 
	0x9c, 0x63, 0xa4, 0x1b, 0xa4, 0x19, 0x9c, 0x1b, 
	0x9c, 0x19, 0xa4, 0x5b, 0x9c, 0x1d, 0x93, 0xd9, 
	0x8b, 0x57, 0x8b, 0x97, 0x93, 0xdb, 0x83, 0x15, 
	0x73, 0x5b, 0x73, 0x9b, 0x8b, 0x15, 0x8b, 0x59, 
	0x7a, 0xd5, 0x8b, 0x17, 0x72, 0xd5, 0x7b, 0x17, 
	0x83, 0x17, 0x72, 0x93, 0x83, 0xdb, 0xac, 0xa3, 
	0xab, 0xd7, 0xb4, 0x15, 0xac, 0x5b, 0xa4, 0x59, 
	0xac, 0x59, 0xa4, 0x5d, 0xac, 0x5d, 0xa4, 0x5f, 
	0x83, 0xdd, 0x9b, 0x97, 0xa3, 0xd9, 0x93, 0x99, 
	0x93, 0x97, 0x82, 0xd5, 0x83, 0x59, 0xb3, 0xd5, 
	0xcc, 0x59, 0xbc, 0x57, 0xb4, 0x63, 0x9b, 0xd9, 
	0xa4, 0xe5, 0xad, 0x27, 0xd4, 0x9b, 0xcc, 0x57, 
	0xbc, 0x15, 0xbc, 0x59, 0xb4, 0x59, 0x9c, 0x5d, 
	0xac, 0x1b, 0xa4, 0x61, 0xac, 0x61, 0xac, 0x19, 
	0xc4, 0x9f, 0xd4, 0x9d, 0xc4, 0x59, 0xb4, 0x5b, 
	0xa3, 0xd7, 0x93, 0x57, 0xc4, 0xa1, 0xcc, 0x9d, 
	0xcc, 0x9b, 0xcc, 0x5b, 0xc4, 0x5b, 0x9b, 0xd7, 
	0xb4, 0x61, 0xdd, 0x23, 0x9c, 0x5b, 0x94, 0x19, 
	0x93, 0xd7, 0x8b, 0x55, 0x9b, 0xdb, 0x94, 0x1f, 
	0x8c, 0x1d, 0xa4, 0xa3, 0xd4, 0x5b, 0xd4, 0x59, 
	0xbc, 0x55, 0xb4, 0x19, 0xa3, 0x97, 0xbc, 0x5b, 
	0xa4, 0x1d, 0x83, 0x19, 0xdc, 0x9b, 0xd4, 0x99, 
	0xbc, 0xa1, 0xb4, 0xa3, 0xac, 0x17, 0x9c, 0x5f, 
	0xac, 0x63, 0x84, 0x23, 0xd4, 0x57, 0xd4, 0xe1, 
	0xcc, 0xa1, 0xbc, 0x9f, 0xbc, 0x5f, 0xb4, 0x5d, 
	0xc4, 0x55, 0xcc, 0x9f, 0xb4, 0x5f, 0x5a, 0x0f, 
	0x7b, 0x19, 0x83, 0x57, 0xbc, 0xa3, 0xdc, 0x99, 
	0xc4, 0x9b, 0xbc, 0x5d, 0x8b, 0xd9, 0x6a, 0x93, 
	0x52, 0x53, 0xb4, 0xa1, 0xbd, 0x25, 0xb5, 0x25, 
	0x8c, 0x5f, 0x7b, 0x99, 0x73, 0x57, 0x7b, 0x57, 
	0x83, 0x9b, 0xac, 0xa5, 0xc4, 0xe3, 0xc5, 0x25, 
	0x9c, 0x61, 0xb4, 0xe5, 0xb5, 0x69, 0xb5, 0x6b, 
	0xbd, 0xab, 0xbd, 0x69, 0xc5, 0xaf, 0xcd, 0xef, 
	0xc5, 0xad, 0xc5, 0xab, 0x93, 0x55, 0x8b, 0x13, 
	0x83, 0x13, 0x52, 0x11, 0x6a, 0xd5, 0xa3, 0xd5, 
	0xa4, 0x17, 0x93, 0x95, 0x93, 0x53, 0xab, 0xd5, 
	0xa3, 0x93, 0x9b, 0x95, 0x9b, 0x93, 0x8a, 0xd1, 
	0x7a, 0xd3, 0x72, 0xd3, 0x7b, 0x15, 0xb4, 0x17, 
	0xb4, 0x57, 0x9b, 0xd5, 0x82, 0xd3, 0xc5, 0xf1, 
	0xc4, 0x57, 0xac, 0x15, 0xa3, 0x95, 0xbc, 0x17, 
	0xab, 0xd3, 0x8b, 0x95, 0x8b, 0x53, 0x93, 0xd5, 
	0xab, 0x95, 0xdc, 0xdf, 0xd4, 0xdf, 0xac, 0x57, 
	0xc4, 0x5d, 0xcc, 0x5d, 0x8c, 0x1b, 0x7a, 0xd1, 
	0x9c, 0xa7, 
};

Gfx castle_grounds_dl__35_ci8_aligner[] = {gsSPEndDisplayList()};
u8 castle_grounds_dl__35_ci8[] = {
	0x00, 0x01, 0x02, 0x03, 0x04, 0x05, 0x06, 0x07, 
	0x08, 0x09, 0x00, 0x0a, 0x0b, 0x0b, 0x0c, 0x0d, 
	0x0e, 0x0f, 0x10, 0x0b, 0x0b, 0x0b, 0x11, 0x0b, 
	0x12, 0x13, 0x13, 0x13, 0x0c, 0x0c, 0x0c, 0x0c, 
	0x14, 0x15, 0x16, 0x16, 0x17, 0x12, 0x17, 0x18, 
	0x08, 0x19, 0x1a, 0x1b, 0x1c, 0x1d, 0x1e, 0x1f, 
	0x16, 0x20, 0x17, 0x17, 0x21, 0x0b, 0x22, 0x0b, 
	0x13, 0x23, 0x0d, 0x24, 0x13, 0x25, 0x26, 0x13, 
	0x27, 0x27, 0x28, 0x29, 0x2a, 0x11, 0x2b, 0x2c, 
	0x2d, 0x28, 0x2e, 0x2f, 0x30, 0x31, 0x1c, 0x09, 
	0x32, 0x33, 0x20, 0x34, 0x35, 0x35, 0x27, 0x0b, 
	0x05, 0x36, 0x0a, 0x00, 0x13, 0x13, 0x26, 0x13, 
	0x27, 0x28, 0x17, 0x27, 0x0b, 0x2a, 0x37, 0x05, 
	0x1e, 0x1f, 0x38, 0x39, 0x3a, 0x3b, 0x3c, 0x1e, 
	0x3b, 0x3d, 0x32, 0x3b, 0x19, 0x3e, 0x3f, 0x40, 
	0x41, 0x42, 0x43, 0x10, 0x05, 0x13, 0x26, 0x13, 
	0x34, 0x27, 0x44, 0x28, 0x0d, 0x11, 0x18, 0x05, 
	0x2e, 0x45, 0x46, 0x47, 0x30, 0x3b, 0x1c, 0x48, 
	0x30, 0x3b, 0x49, 0x49, 0x1f, 0x19, 0x4a, 0x4b, 
	0x4c, 0x4d, 0x4c, 0x4e, 0x05, 0x13, 0x13, 0x13, 
	0x28, 0x4e, 0x4f, 0x44, 0x35, 0x35, 0x4e, 0x50, 
	0x09, 0x45, 0x51, 0x52, 0x49, 0x3b, 0x09, 0x1c, 
	0x3b, 0x49, 0x32, 0x53, 0x1f, 0x0d, 0x3a, 0x4b, 
	0x54, 0x55, 0x56, 0x57, 0x04, 0x4b, 0x58, 0x13, 
	0x45, 0x23, 0x23, 0x40, 0x45, 0x4b, 0x59, 0x50, 
	0x1f, 0x28, 0x1f, 0x1e, 0x5a, 0x53, 0x5b, 0x5c, 
	0x5d, 0x1d, 0x3a, 0x31, 0x1c, 0x0b, 0x5e, 0x5f, 
	0x4e, 0x28, 0x60, 0x34, 0x44, 0x42, 0x4f, 0x13, 
	0x23, 0x40, 0x40, 0x40, 0x45, 0x34, 0x61, 0x59, 
	0x62, 0x28, 0x09, 0x09, 0x53, 0x32, 0x63, 0x5b, 
	0x5d, 0x64, 0x49, 0x49, 0x0b, 0x0c, 0x5e, 0x28, 
	0x4e, 0x17, 0x65, 0x36, 0x66, 0x67, 0x4b, 0x23, 
	0x4b, 0x34, 0x68, 0x69, 0x45, 0x45, 0x18, 0x6a, 
	0x6b, 0x1f, 0x28, 0x09, 0x60, 0x34, 0x0c, 0x53, 
	0x6c, 0x34, 0x27, 0x29, 0x27, 0x29, 0x5e, 0x6d, 
	0x6e, 0x6e, 0x0d, 0x34, 0x09, 0x19, 0x4b, 0x4e, 
	0x08, 0x08, 0x6f, 0x6f, 0x70, 0x70, 0x71, 0x08, 
	0x08, 0x08, 0x08, 0x3c, 0x72, 0x72, 0x6f, 0x70, 
	0x73, 0x73, 0x74, 0x75, 0x75, 0x73, 0x71, 0x76, 
	0x75, 0x73, 0x08, 0x08, 0x3c, 0x6b, 0x77, 0x77, 
	0x78, 0x1f, 0x79, 0x79, 0x1c, 0x1c, 0x78, 0x11, 
	0x6e, 0x7a, 0x11, 0x7b, 0x0b, 0x0b, 0x2a, 0x7c, 
	0x7d, 0x7e, 0x5e, 0x5e, 0x7e, 0x48, 0x7f, 0x7f, 
	0x7f, 0x80, 0x81, 0x78, 0x81, 0x78, 0x1c, 0x1f, 
	0x5f, 0x04, 0x02, 0x82, 0x40, 0x02, 0x40, 0x04, 
	0x07, 0x00, 0x5f, 0x7b, 0x25, 0x25, 0x01, 0x82, 
	0x82, 0x82, 0x83, 0x83, 0x82, 0x82, 0x04, 0x40, 
	0x5f, 0x40, 0x43, 0x28, 0x22, 0x11, 0x4f, 0x4f, 
	0x1f, 0x1c, 0x1f, 0x09, 0x1f, 0x1f, 0x20, 0x6a, 
	0x1a, 0x60, 0x17, 0x78, 0x4b, 0x82, 0x04, 0x40, 
	0x00, 0x36, 0x84, 0x18, 0x4b, 0x0a, 0x00, 0x43, 
	0x41, 0x4e, 0x85, 0x65, 0x4f, 0x86, 0x87, 0x4a, 
	0x88, 0x48, 0x88, 0x48, 0x48, 0x1d, 0x89, 0x47, 
	0x1b, 0x1b, 0x1c, 0x8a, 0x19, 0x4e, 0x40, 0x18, 
	0x00, 0x36, 0x84, 0x4e, 0x4e, 0x0a, 0x18, 0x17, 
	0x34, 0x6e, 0x21, 0x40, 0x4f, 0x86, 0x87, 0x47, 
	0x5a, 0x5c, 0x5a, 0x5a, 0x1c, 0x1c, 0x1c, 0x1f, 
	0x1b, 0x8b, 0x6e, 0x73, 0x27, 0x58, 0x4e, 0x18, 
	0x84, 0x4e, 0x58, 0x18, 0x34, 0x60, 0x17, 0x12, 
	0x34, 0x53, 0x09, 0x0c, 0x28, 0x27, 0x4a, 0x4a, 
	0x5a, 0x5b, 0x30, 0x5b, 0x19, 0x09, 0x29, 0x29, 
	0x8b, 0x7a, 0x4e, 0x49, 0x6e, 0x58, 0x18, 0x4e, 
	0x18, 0x4e, 0x4f, 0x19, 0x27, 0x28, 0x12, 0x17, 
	0x34, 0x4b, 0x19, 0x09, 0x28, 0x09, 0x4a, 0x89, 
	0x09, 0x1e, 0x3b, 0x5a, 0x09, 0x09, 0x27, 0x8c, 
	0x09, 0x0d, 0x8d, 0x19, 0x0c, 0x23, 0x4e, 0x60, 
	0x1a, 0x8e, 0x6a, 0x6a, 0x8e, 0x28, 0x17, 0x45, 
	0x34, 0x18, 0x27, 0x19, 0x0b, 0x19, 0x19, 0x1c, 
	0x0b, 0x09, 0x3d, 0x5a, 0x19, 0x09, 0x20, 0x8f, 
	0x0c, 0x23, 0x90, 0x2a, 0x0b, 0x23, 0x58, 0x28, 
	0x27, 0x19, 0x20, 0x20, 0x6e, 0x6e, 0x33, 0x12, 
	0x27, 0x28, 0x28, 0x8e, 0x0b, 0x19, 0x0b, 0x19, 
	0x21, 0x0d, 0x35, 0x23, 0x40, 0x45, 0x35, 0x24, 
	0x23, 0x91, 0x91, 0x09, 0x19, 0x45, 0x28, 0x09, 
	0x1a, 0x27, 0x1a, 0x27, 0x19, 0x27, 0x92, 0x92, 
	0x93, 0x93, 0x09, 0x19, 0x22, 0x11, 0x28, 0x28, 
	0x5f, 0x40, 0x40, 0x40, 0x35, 0x23, 0x0a, 0x07, 
	0x91, 0x91, 0x91, 0x1f, 0x7c, 0x12, 0x0c, 0x0c, 
	0x43, 0x43, 0x5f, 0x5f, 0x60, 0x8e, 0x8e, 0x43, 
	0x4f, 0x43, 0x28, 0x22, 0x7f, 0x7f, 0x0d, 0x28, 
	0x94, 0x94, 0x7d, 0x7e, 0x95, 0x76, 0x96, 0x7b, 
	0x7b, 0x11, 0x79, 0x97, 0x98, 0x70, 0x70, 0x70, 
	0x99, 0x94, 0x98, 0x71, 0x73, 0x73, 0x99, 0x94, 
	0x5e, 0x98, 0x6f, 0x98, 0x98, 0x08, 0x73, 0x74, 
	0x95, 0x9a, 0x9b, 0x16, 0x92, 0x16, 0x16, 0x7a, 
	0x6a, 0x6a, 0x86, 0x9c, 0x6d, 0x78, 0x78, 0x78, 
	0x79, 0x96, 0x9d, 0x9e, 0x53, 0x1c, 0x79, 0x6d, 
	0x80, 0x7f, 0x7f, 0x80, 0x48, 0x48, 0x1c, 0x1c, 
	0x3a, 0x14, 0x9f, 0xa0, 0xa0, 0xa0, 0xa1, 0xa0, 
	0xa2, 0xa3, 0xa4, 0xa5, 0xa0, 0xa1, 0xa3, 0xa3, 
	0x14, 0x77, 0x6e, 0x5f, 0x05, 0x04, 0x04, 0x04, 
	0x82, 0x82, 0xa6, 0x05, 0x83, 0xa7, 0x0a, 0x23, 
	0x3a, 0x14, 0x8b, 0xa8, 0x14, 0xa8, 0xa9, 0xa9, 
	0xaa, 0xaa, 0xab, 0xac, 0xa2, 0xad, 0xae, 0x56, 
	0xab, 0x38, 0x28, 0x82, 0x04, 0x0a, 0x4f, 0x8e, 
	0x65, 0x65, 0xaf, 0x44, 0x5f, 0x65, 0x35, 0x23, 
	0x77, 0xb0, 0x14, 0xa8, 0x14, 0x14, 0xb1, 0xb2, 
	0xb3, 0xb2, 0xa9, 0xb2, 0xa9, 0xb4, 0xb4, 0xb0, 
	0xb4, 0xb5, 0xb6, 0x4e, 0x2b, 0x2e, 0xb7, 0xb8, 
	0x29, 0x27, 0x4a, 0x2e, 0x20, 0x16, 0x78, 0x43, 
	0x8a, 0xa1, 0xab, 0xab, 0xa0, 0xa1, 0xb9, 0xa8, 
	0xba, 0xb0, 0xbb, 0xba, 0xb0, 0xb4, 0xba, 0xba, 
	0xa2, 0xb5, 0x2b, 0x37, 0x2e, 0x47, 0xb7, 0xb7, 
	0x53, 0x1d, 0x3d, 0xbc, 0x6c, 0xbd, 0x29, 0x43, 
	0x5e, 0xbe, 0xb0, 0xa0, 0xa1, 0xa2, 0xa2, 0xab, 
	0xa4, 0xb0, 0xa2, 0xa1, 0xa4, 0xb4, 0xa1, 0xa1, 
	0xa2, 0xbf, 0x61, 0x18, 0xb7, 0x39, 0x2e, 0xc0, 
	0x8c, 0x27, 0x29, 0x34, 0x53, 0xbd, 0x6e, 0x60, 
	0x5e, 0xbe, 0xab, 0xa2, 0xa2, 0xa1, 0xb0, 0xab, 
	0xb0, 0xb0, 0xa2, 0xa1, 0xb0, 0xb3, 0xa1, 0xa1, 
	0xc1, 0x9d, 0x0f, 0x05, 0xc2, 0x4a, 0xc3, 0xc3, 
	0x6e, 0x6a, 0x18, 0x34, 0xc3, 0xc3, 0x28, 0x60, 
	0x38, 0xab, 0x56, 0x56, 0xa2, 0xa2, 0xb4, 0xb4, 
	0xba, 0xb4, 0xb4, 0xb0, 0xa8, 0xa8, 0xb4, 0xa0, 
	0xc4, 0x7b, 0x7f, 0x04, 0x43, 0x67, 0x6a, 0x2b, 
	0x1a, 0x27, 0x18, 0x45, 0x17, 0x16, 0x12, 0x0a, 
	0x38, 0xab, 0xa8, 0x14, 0xab, 0xa2, 0xa8, 0xbb, 
	0xb0, 0xb4, 0xa9, 0xb2, 0xa9, 0xa8, 0xb4, 0xa1, 
	0xc4, 0x2a, 0x7c, 0x7c, 0x84, 0x84, 0x18, 0x4e, 
	0x8e, 0x60, 0x34, 0x12, 0x17, 0x45, 0x4b, 0x40, 
	0x6b, 0x1f, 0x9f, 0xc5, 0xc6, 0x9f, 0xc7, 0xa2, 
	0xc7, 0x9f, 0x8f, 0xc7, 0xa2, 0xa3, 0xa2, 0xa2, 
	0x0c, 0x19, 0x7c, 0x7c, 0x7c, 0x04, 0xa7, 0xa7, 
	0x0a, 0x0a, 0x0c, 0x23, 0x40, 0x04, 0x23, 0x0c, 
	0xc8, 0x7e, 0xc9, 0xc9, 0x80, 0x5e, 0xc9, 0xc9, 
	0x5e, 0x7f, 0x81, 0x62, 0x80, 0x80, 0x80, 0x7f, 
	0x81, 0x0b, 0x7b, 0x7b, 0x0b, 0x0b, 0x7c, 0x62, 
	0x62, 0x5e, 0x62, 0x81, 0x7f, 0x7f, 0x81, 0x62, 
	
};

Gfx castle_grounds_dl__35_pal_rgba16_aligner[] = {gsSPEndDisplayList()};
u8 castle_grounds_dl__35_pal_rgba16[] = {
	0x20, 0x81, 0x08, 0x41, 0x18, 0x81, 0x10, 0x81, 
	0x18, 0x41, 0x20, 0x41, 0x18, 0xc1, 0x18, 0x83, 
	0x8b, 0x57, 0x51, 0xcb, 0x28, 0x83, 0x41, 0x89, 
	0x39, 0x47, 0x31, 0x05, 0x28, 0xc7, 0x28, 0x85, 
	0x20, 0xc3, 0x52, 0x0b, 0x41, 0x49, 0x39, 0x49, 
	0x59, 0x47, 0x69, 0x89, 0x61, 0xcb, 0x41, 0x07, 
	0x38, 0xc5, 0x49, 0x89, 0x49, 0x87, 0x6a, 0x0b, 
	0x62, 0x0d, 0x6a, 0x0f, 0x6a, 0x4f, 0x5a, 0x0d, 
	0x51, 0x49, 0x31, 0x03, 0x49, 0xcb, 0x28, 0xc5, 
	0x20, 0xc5, 0x41, 0x8b, 0x49, 0x8b, 0x51, 0x89, 
	0x41, 0x47, 0x59, 0xcb, 0x49, 0xc9, 0x40, 0xc5, 
	0x20, 0x01, 0x83, 0x15, 0x61, 0x8b, 0x7a, 0x4f, 
	0x6a, 0x11, 0x62, 0x11, 0x62, 0x51, 0x59, 0x8b, 
	0x49, 0x49, 0x31, 0x07, 0x28, 0x81, 0x38, 0x85, 
	0x8a, 0xd3, 0x72, 0x0d, 0x72, 0x51, 0x59, 0xcf, 
	0x7a, 0xd3, 0x59, 0x4b, 0x31, 0x47, 0x5a, 0x0b, 
	0x20, 0x83, 0x30, 0x81, 0x40, 0xc3, 0x30, 0xc3, 
	0x38, 0x83, 0x39, 0x07, 0x71, 0x8b, 0x72, 0x0f, 
	0x7a, 0x91, 0x62, 0x0f, 0x69, 0xcd, 0x30, 0xc5, 
	0x49, 0x03, 0x69, 0x41, 0x30, 0x83, 0x39, 0x05, 
	0x18, 0x01, 0x72, 0x93, 0x72, 0x11, 0x59, 0xcd, 
	0x51, 0x47, 0x61, 0x43, 0x59, 0x45, 0x30, 0x41, 
	0x38, 0xc3, 0x28, 0x43, 0x59, 0x8d, 0x49, 0x4b, 
	0x69, 0xcf, 0x6a, 0x51, 0x7b, 0x13, 0x28, 0xc3, 
	0x41, 0x05, 0x30, 0x85, 0x72, 0xd1, 0x61, 0xcf, 
	0x6a, 0x93, 0x39, 0x03, 0x38, 0x41, 0x49, 0x05, 
	0x41, 0xc7, 0x39, 0x43, 0x49, 0x07, 0x72, 0x91, 
	0x51, 0x8b, 0x62, 0x8d, 0x49, 0x47, 0x8b, 0xd9, 
	0x94, 0x5d, 0x8b, 0x99, 0x72, 0xd5, 0x8b, 0x9b, 
	0x8b, 0x17, 0x82, 0xd5, 0x83, 0x55, 0x82, 0x91, 
	0x62, 0x4d, 0x5a, 0x4d, 0x51, 0x87, 0x4a, 0x0b, 
	0x62, 0x8f, 0x7a, 0xd1, 0x83, 0x13, 0x62, 0x4f, 
	0x6a, 0x91, 0x6a, 0x8f, 0x10, 0x41, 0x08, 0x01, 
	0x28, 0x41, 0x41, 0x43, 0x51, 0xc9, 0x69, 0xcb, 
	0x72, 0x4f, 0x7a, 0x0f, 0x8b, 0x15, 0x61, 0xc9, 
	0x59, 0x89, 0x18, 0xc3, 0x41, 0x45, 0x51, 0x07, 
	0x4a, 0x0d, 0x52, 0x0d, 0x59, 0xc7, 0x59, 0xc9, 
	0x7b, 0x57, 0x7b, 0x15, 0x72, 0xd3, 0x6a, 0xcf, 
	0x8b, 0x97, 0x8c, 0x1d, 0x6a, 0xd1, 0x62, 0x0b, 
	0x5a, 0x4b, 0x6a, 0x8d, 0x62, 0x8b, 0x50, 0xc3, 
	0x50, 0x81, 0x50, 0x41, 0x50, 0x83, 0x48, 0x41, 
	0x50, 0x01, 0x48, 0x01, 0x10, 0x01, 0x18, 0x43, 
	0x59, 0x05, 0x61, 0x45, 0x61, 0xc7, 0x58, 0xc5, 
	0x50, 0x43, 0x59, 0x03, 0x61, 0x85, 0x41, 0x03, 
	0x58, 0x83, 0x61, 0x87, 0x61, 0x05, 0x58, 0x43, 
	0x58, 0xc3, 0x9c, 0x59, 0x40, 0xc7, 0x69, 0x8b, 
	0x61, 0x49, 0x58, 0x85, 0x58, 0x41, 0x61, 0x03, 
	0x51, 0x09, 0x61, 0xcd, 0x50, 0xc5, 0x8b, 0x93, 
	0x61, 0x4b, 0x48, 0x83, 0x59, 0x09, 0x59, 0x49, 
	0x40, 0x83, 0x51, 0x03, 0x59, 0x07, 0x51, 0x05, 
	0x72, 0x8f, 0x7b, 0x55, 
};

Gfx castle_grounds_dl__36_ci8_aligner[] = {gsSPEndDisplayList()};
u8 castle_grounds_dl__36_ci8[] = {
	0x00, 0x00, 0x00, 0x00, 0x01, 0x02, 0x03, 0x01, 
	0x01, 0x04, 0x02, 0x05, 0x06, 0x00, 0x00, 0x07, 
	0x00, 0x08, 0x09, 0x08, 0x0a, 0x00, 0x0a, 0x0b, 
	0x09, 0x08, 0x04, 0x0a, 0x00, 0x07, 0x0a, 0x0a, 
	0x0c, 0x0d, 0x04, 0x03, 0x0d, 0x00, 0x00, 0x01, 
	0x04, 0x00, 0x01, 0x0d, 0x03, 0x04, 0x0d, 0x04, 
	0x00, 0x08, 0x0d, 0x0e, 0x02, 0x01, 0x0f, 0x01, 
	0x01, 0x0d, 0x0d, 0x10, 0x0c, 0x04, 0x00, 0x00, 
	0x00, 0x00, 0x06, 0x03, 0x05, 0x01, 0x00, 0x06, 
	0x04, 0x0d, 0x01, 0x07, 0x07, 0x06, 0x11, 0x00, 
	0x07, 0x01, 0x00, 0x00, 0x07, 0x06, 0x04, 0x04, 
	0x00, 0x07, 0x07, 0x03, 0x08, 0x00, 0x00, 0x00, 
	0x07, 0x04, 0x11, 0x11, 0x06, 0x06, 0x07, 0x07, 
	0x07, 0x0c, 0x0e, 0x0d, 0x02, 0x03, 0x03, 0x02, 
	0x01, 0x0d, 0x00, 0x06, 0x12, 0x06, 0x06, 0x13, 
	0x07, 0x04, 0x14, 0x11, 0x07, 0x11, 0x07, 0x07, 
	0x15, 0x06, 0x11, 0x06, 0x11, 0x06, 0x11, 0x11, 
	0x03, 0x02, 0x02, 0x16, 0x16, 0x03, 0x0c, 0x17, 
	0x02, 0x03, 0x17, 0x14, 0x11, 0x11, 0x03, 0x17, 
	0x02, 0x04, 0x03, 0x03, 0x18, 0x17, 0x02, 0x11, 
	0x12, 0x11, 0x11, 0x15, 0x11, 0x11, 0x13, 0x15, 
	0x19, 0x16, 0x1a, 0x15, 0x15, 0x15, 0x13, 0x1b, 
	0x14, 0x02, 0x13, 0x15, 0x15, 0x11, 0x11, 0x00, 
	0x11, 0x13, 0x17, 0x1c, 0x19, 0x13, 0x03, 0x15, 
	0x1d, 0x1a, 0x1e, 0x05, 0x1b, 0x1b, 0x15, 0x13, 
	0x17, 0x13, 0x19, 0x15, 0x1a, 0x1a, 0x19, 0x1b, 
	0x19, 0x1f, 0x20, 0x18, 0x13, 0x15, 0x1a, 0x11, 
	0x15, 0x13, 0x13, 0x18, 0x21, 0x22, 0x11, 0x11, 
	0x13, 0x15, 0x23, 0x19, 0x19, 0x19, 0x1a, 0x23, 
	0x24, 0x19, 0x25, 0x25, 0x23, 0x23, 0x18, 0x18, 
	0x24, 0x26, 0x25, 0x1a, 0x1a, 0x27, 0x23, 0x1a, 
	0x18, 0x28, 0x1a, 0x19, 0x1b, 0x17, 0x1a, 0x15, 
	0x24, 0x29, 0x2a, 0x1f, 0x2b, 0x2c, 0x2b, 0x24, 
	0x2d, 0x23, 0x24, 0x2d, 0x29, 0x29, 0x2e, 0x2f, 
	0x2f, 0x29, 0x29, 0x29, 0x29, 0x26, 0x26, 0x2b, 
	0x2a, 0x29, 0x30, 0x23, 0x24, 0x21, 0x24, 0x24, 
	0x31, 0x26, 0x32, 0x33, 0x34, 0x2b, 0x35, 0x21, 
	0x2d, 0x2d, 0x2c, 0x2c, 0x2a, 0x2d, 0x36, 0x30, 
	0x2f, 0x21, 0x37, 0x37, 0x2d, 0x26, 0x38, 0x39, 
	0x3a, 0x26, 0x30, 0x2f, 0x2d, 0x2d, 0x26, 0x31, 
	0x36, 0x3b, 0x3c, 0x30, 0x29, 0x3d, 0x3d, 0x3d, 
	0x3d, 0x29, 0x2b, 0x3e, 0x3b, 0x36, 0x3d, 0x29, 
	0x2d, 0x3f, 0x2e, 0x3d, 0x37, 0x3d, 0x2b, 0x40, 
	0x35, 0x2e, 0x41, 0x42, 0x3d, 0x43, 0x29, 0x26, 
	0x44, 0x42, 0x42, 0x3b, 0x2b, 0x45, 0x3d, 0x3d, 
	0x3d, 0x46, 0x26, 0x38, 0x39, 0x31, 0x31, 0x37, 
	0x46, 0x47, 0x2b, 0x48, 0x3d, 0x37, 0x48, 0x49, 
	0x2b, 0x36, 0x4a, 0x4b, 0x48, 0x29, 0x4c, 0x4d, 
	0x4e, 0x42, 0x42, 0x36, 0x4f, 0x46, 0x3d, 0x4f, 
	0x4f, 0x4f, 0x48, 0x48, 0x46, 0x46, 0x50, 0x4f, 
	0x4f, 0x48, 0x48, 0x21, 0x29, 0x43, 0x43, 0x48, 
	0x4f, 0x51, 0x52, 0x46, 0x4f, 0x48, 0x46, 0x53, 
	0x54, 0x54, 0x55, 0x46, 0x46, 0x56, 0x45, 0x45, 
	0x3e, 0x46, 0x50, 0x50, 0x51, 0x50, 0x51, 0x3e, 
	0x4f, 0x4f, 0x48, 0x4d, 0x43, 0x42, 0x54, 0x43, 
	0x51, 0x3d, 0x45, 0x45, 0x50, 0x45, 0x46, 0x53, 
	0x57, 0x58, 0x57, 0x48, 0x48, 0x51, 0x45, 0x3e, 
	0x31, 0x51, 0x50, 0x48, 0x51, 0x45, 0x45, 0x51, 
	0x50, 0x51, 0x50, 0x4d, 0x59, 0x59, 0x53, 0x53, 
	0x48, 0x59, 0x50, 0x51, 0x4d, 0x59, 0x51, 0x4d, 
	0x43, 0x5a, 0x37, 0x48, 0x45, 0x50, 0x45, 0x51, 
	0x51, 0x4d, 0x50, 0x4d, 0x4d, 0x4f, 0x45, 0x4d, 
	0x51, 0x45, 0x51, 0x45, 0x51, 0x50, 0x50, 0x50, 
	0x4d, 0x5b, 0x5b, 0x5c, 0x5d, 0x4d, 0x4d, 0x5e, 
	
};

Gfx castle_grounds_dl__36_pal_rgba16_aligner[] = {gsSPEndDisplayList()};
u8 castle_grounds_dl__36_pal_rgba16[] = {
	0x8a, 0x41, 0x8a, 0x85, 0x8a, 0x45, 0x8a, 0x03, 
	0x8a, 0x43, 0x8a, 0xc9, 0x89, 0xc1, 0x8a, 0x01, 
	0x8a, 0x83, 0x8a, 0xc5, 0x8a, 0x81, 0x92, 0xc5, 
	0x8a, 0x87, 0x8a, 0xc7, 0x93, 0x09, 0x92, 0xc7, 
	0x92, 0xc9, 0x81, 0xc1, 0x81, 0x81, 0x79, 0xc1, 
	0x8a, 0x47, 0x79, 0x81, 0x81, 0xc3, 0x82, 0x03, 
	0x71, 0xc3, 0x79, 0xc3, 0x71, 0x81, 0x82, 0x05, 
	0x7a, 0x03, 0x71, 0x41, 0x8a, 0x05, 0x7a, 0x05, 
	0x59, 0xc3, 0x69, 0xc3, 0x82, 0x45, 0x69, 0x41, 
	0x69, 0x81, 0x71, 0x83, 0x61, 0x83, 0x79, 0x83, 
	0x71, 0xc1, 0x61, 0x41, 0x71, 0xc5, 0x69, 0xc5, 
	0x7a, 0x07, 0x69, 0x83, 0x69, 0x85, 0x69, 0x43, 
	0x61, 0x01, 0x59, 0x83, 0x71, 0x45, 0x71, 0x87, 
	0x71, 0x85, 0x72, 0x07, 0x61, 0x43, 0x59, 0x01, 
	0x6a, 0x05, 0x61, 0xc5, 0x61, 0x85, 0x61, 0x03, 
	0x69, 0x03, 0x59, 0x41, 0x59, 0x85, 0x72, 0x09, 
	0x7a, 0x47, 0x60, 0xc3, 0x58, 0xc3, 0x50, 0xc1, 
	0x59, 0x03, 0x51, 0x43, 0x59, 0x43, 0x69, 0xc7, 
	0x51, 0x01, 0x59, 0xc5, 0x58, 0xc5, 0x61, 0x05, 
	0x69, 0xc1, 0x40, 0xc1, 0x58, 0x83, 0x51, 0x41, 
	0x48, 0xc1, 0x49, 0x01, 0x41, 0x03, 0x50, 0xc3, 
	0x50, 0x83, 0x48, 0x83, 0x59, 0x45, 0x48, 0x43, 
	0x50, 0x43, 0x51, 0x03, 0x58, 0xc1, 0x38, 0x81, 
	0x49, 0x03, 0x59, 0x87, 0x40, 0x81, 
};

Gfx castle_grounds_dl__37_ci8_aligner[] = {gsSPEndDisplayList()};
u8 castle_grounds_dl__37_ci8[] = {
	0x00, 0x01, 0x02, 0x01, 0x03, 0x01, 0x04, 0x05, 
	0x06, 0x07, 0x08, 0x04, 0x09, 0x06, 0x0a, 0x0b, 
	0x06, 0x08, 0x08, 0x0c, 0x0d, 0x0e, 0x0f, 0x0a, 
	0x0a, 0x0a, 0x09, 0x09, 0x10, 0x03, 0x06, 0x09, 
	0x11, 0x11, 0x12, 0x13, 0x14, 0x11, 0x15, 0x16, 
	0x13, 0x17, 0x15, 0x18, 0x19, 0x19, 0x11, 0x1a, 
	0x0a, 0x19, 0x1b, 0x12, 0x19, 0x1c, 0x19, 0x19, 
	0x15, 0x19, 0x18, 0x19, 0x19, 0x16, 0x11, 0x19, 
	0x1d, 0x11, 0x14, 0x14, 0x1d, 0x1d, 0x19, 0x11, 
	0x15, 0x12, 0x11, 0x11, 0x11, 0x11, 0x1e, 0x1f, 
	0x20, 0x19, 0x19, 0x12, 0x13, 0x21, 0x19, 0x17, 
	0x1d, 0x12, 0x15, 0x22, 0x23, 0x15, 0x15, 0x24, 
	0x17, 0x17, 0x14, 0x14, 0x11, 0x17, 0x17, 0x11, 
	0x17, 0x11, 0x1d, 0x1d, 0x21, 0x11, 0x11, 0x1f, 
	0x25, 0x15, 0x17, 0x12, 0x26, 0x13, 0x12, 0x12, 
	0x19, 0x15, 0x15, 0x13, 0x12, 0x15, 0x1d, 0x17, 
	0x11, 0x1d, 0x14, 0x11, 0x11, 0x15, 0x11, 0x11, 
	0x17, 0x1d, 0x15, 0x14, 0x17, 0x11, 0x11, 0x1a, 
	0x27, 0x13, 0x15, 0x15, 0x11, 0x17, 0x15, 0x15, 
	0x11, 0x11, 0x14, 0x1d, 0x14, 0x13, 0x16, 0x14, 
	0x14, 0x14, 0x11, 0x11, 0x11, 0x19, 0x17, 0x1d, 
	0x11, 0x15, 0x14, 0x11, 0x1d, 0x11, 0x28, 0x29, 
	0x2a, 0x1d, 0x19, 0x19, 0x15, 0x1d, 0x23, 0x12, 
	0x11, 0x15, 0x14, 0x15, 0x1d, 0x1d, 0x1d, 0x15, 
	0x17, 0x11, 0x13, 0x11, 0x14, 0x14, 0x17, 0x1d, 
	0x11, 0x11, 0x11, 0x11, 0x17, 0x11, 0x2b, 0x2c, 
	0x2d, 0x1d, 0x1d, 0x14, 0x12, 0x21, 0x12, 0x11, 
	0x11, 0x14, 0x13, 0x1d, 0x14, 0x13, 0x17, 0x1d, 
	0x11, 0x11, 0x11, 0x1d, 0x14, 0x14, 0x12, 0x14, 
	0x1d, 0x11, 0x17, 0x14, 0x11, 0x14, 0x2b, 0x1f, 
	0x08, 0x11, 0x17, 0x14, 0x14, 0x15, 0x11, 0x11, 
	0x11, 0x13, 0x15, 0x17, 0x17, 0x11, 0x11, 0x1d, 
	0x14, 0x1d, 0x11, 0x17, 0x14, 0x17, 0x14, 0x11, 
	0x1d, 0x11, 0x11, 0x11, 0x17, 0x11, 0x2e, 0x1f, 
	0x2f, 0x13, 0x11, 0x11, 0x12, 0x17, 0x17, 0x1d, 
	0x14, 0x11, 0x11, 0x11, 0x19, 0x11, 0x11, 0x17, 
	0x11, 0x11, 0x14, 0x11, 0x13, 0x1d, 0x17, 0x1d, 
	0x11, 0x15, 0x11, 0x17, 0x17, 0x11, 0x1e, 0x1a, 
	0x09, 0x17, 0x11, 0x11, 0x14, 0x17, 0x11, 0x11, 
	0x11, 0x17, 0x11, 0x14, 0x12, 0x15, 0x11, 0x11, 
	0x11, 0x12, 0x1d, 0x17, 0x1d, 0x15, 0x15, 0x14, 
	0x1d, 0x1d, 0x11, 0x17, 0x11, 0x11, 0x2e, 0x1a, 
	0x25, 0x13, 0x30, 0x1d, 0x14, 0x11, 0x11, 0x1d, 
	0x11, 0x1d, 0x11, 0x17, 0x15, 0x17, 0x11, 0x11, 
	0x11, 0x14, 0x15, 0x14, 0x1d, 0x31, 0x13, 0x11, 
	0x32, 0x17, 0x19, 0x22, 0x11, 0x11, 0x1e, 0x2c, 
	0x33, 0x12, 0x11, 0x11, 0x11, 0x11, 0x17, 0x11, 
	0x11, 0x11, 0x11, 0x11, 0x11, 0x17, 0x11, 0x14, 
	0x11, 0x11, 0x11, 0x11, 0x13, 0x1d, 0x12, 0x19, 
	0x11, 0x11, 0x1d, 0x14, 0x11, 0x11, 0x34, 0x1a, 
	0x05, 0x13, 0x2e, 0x11, 0x11, 0x28, 0x2b, 0x2b, 
	0x11, 0x11, 0x11, 0x11, 0x11, 0x11, 0x11, 0x11, 
	0x2b, 0x1e, 0x1e, 0x1e, 0x35, 0x1e, 0x2e, 0x2e, 
	0x2b, 0x28, 0x1e, 0x1e, 0x35, 0x1e, 0x36, 0x1a, 
	0x37, 0x2e, 0x1e, 0x1e, 0x28, 0x1e, 0x1e, 0x38, 
	0x1e, 0x39, 0x34, 0x3a, 0x1e, 0x1e, 0x1e, 0x1e, 
	0x3b, 0x1a, 0x1a, 0x1f, 0x3c, 0x29, 0x1a, 0x29, 
	0x1a, 0x1a, 0x1a, 0x3c, 0x1a, 0x1a, 0x1a, 0x3d, 
	0x3e, 0x3f, 0x2c, 0x1a, 0x1a, 0x3c, 0x1a, 0x29, 
	0x2c, 0x2c, 0x1a, 0x1a, 0x40, 0x1f, 0x2c, 0x40, 
	0x41, 0x0e, 0x33, 0x25, 0x0a, 0x27, 0x42, 0x03, 
	0x43, 0x09, 0x25, 0x0a, 0x06, 0x0f, 0x0a, 0x25, 
	0x10, 0x09, 0x44, 0x10, 0x10, 0x20, 0x0a, 0x10, 
	0x09, 0x0f, 0x45, 0x0f, 0x10, 0x0a, 0x0a, 0x20, 
	0x1a, 0x06, 0x25, 0x46, 0x47, 0x25, 0x06, 0x48, 
	0x25, 0x0a, 0x48, 0x33, 0x20, 0x20, 0x33, 0x47, 
	0x0f, 0x0a, 0x05, 0x33, 0x0a, 0x09, 0x10, 0x05, 
	0x0a, 0x0a, 0x0a, 0x33, 0x0a, 0x25, 0x49, 0x1e, 
	0x4a, 0x08, 0x06, 0x0a, 0x0a, 0x0a, 0x25, 0x0a, 
	0x27, 0x47, 0x33, 0x0a, 0x27, 0x03, 0x04, 0x37, 
	0x0a, 0x37, 0x0a, 0x10, 0x0a, 0x0a, 0x09, 0x4b, 
	0x0a, 0x03, 0x33, 0x0a, 0x0a, 0x0a, 0x27, 0x1e, 
	0x3e, 0x4c, 0x08, 0x0a, 0x06, 0x0a, 0x06, 0x4d, 
	0x0a, 0x2f, 0x03, 0x0a, 0x05, 0x04, 0x0a, 0x0e, 
	0x0a, 0x4b, 0x08, 0x0a, 0x0a, 0x10, 0x20, 0x0a, 
	0x09, 0x0a, 0x33, 0x4d, 0x06, 0x0f, 0x0a, 0x1e, 
	0x41, 0x08, 0x0a, 0x08, 0x45, 0x09, 0x0a, 0x05, 
	0x37, 0x0a, 0x03, 0x45, 0x09, 0x33, 0x01, 0x0a, 
	0x09, 0x04, 0x0a, 0x0a, 0x4b, 0x06, 0x2d, 0x0a, 
	0x05, 0x0a, 0x09, 0x0a, 0x0a, 0x0a, 0x10, 0x4e, 
	0x3e, 0x04, 0x05, 0x37, 0x0a, 0x0a, 0x0a, 0x05, 
	0x0a, 0x0f, 0x2d, 0x09, 0x0f, 0x0a, 0x25, 0x0a, 
	0x09, 0x33, 0x0a, 0x25, 0x08, 0x0a, 0x09, 0x0a, 
	0x05, 0x20, 0x0a, 0x33, 0x0a, 0x0a, 0x48, 0x39, 
	0x3e, 0x05, 0x25, 0x10, 0x25, 0x0f, 0x0a, 0x0a, 
	0x0a, 0x0a, 0x10, 0x05, 0x0a, 0x0a, 0x03, 0x2d, 
	0x05, 0x25, 0x10, 0x09, 0x05, 0x09, 0x09, 0x0a, 
	0x0a, 0x25, 0x09, 0x33, 0x0a, 0x33, 0x43, 0x34, 
	0x3e, 0x0a, 0x06, 0x03, 0x0a, 0x0a, 0x0f, 0x0a, 
	0x0a, 0x33, 0x48, 0x25, 0x0a, 0x43, 0x0f, 0x05, 
	0x05, 0x10, 0x2d, 0x10, 0x0a, 0x25, 0x0a, 0x0a, 
	0x25, 0x20, 0x03, 0x04, 0x0a, 0x0f, 0x25, 0x1e, 
	0x4f, 0x0c, 0x0a, 0x2d, 0x10, 0x0c, 0x33, 0x0f, 
	0x0f, 0x47, 0x0a, 0x0a, 0x27, 0x37, 0x0a, 0x0a, 
	0x33, 0x33, 0x25, 0x45, 0x09, 0x33, 0x0f, 0x0a, 
	0x09, 0x0a, 0x0f, 0x20, 0x0f, 0x03, 0x0a, 0x1e, 
	0x4f, 0x10, 0x10, 0x33, 0x45, 0x0f, 0x33, 0x25, 
	0x09, 0x50, 0x0a, 0x25, 0x0f, 0x47, 0x33, 0x05, 
	0x0f, 0x2f, 0x33, 0x06, 0x0f, 0x0a, 0x0a, 0x43, 
	0x25, 0x33, 0x0a, 0x0f, 0x0a, 0x25, 0x0f, 0x1e, 
	0x4a, 0x08, 0x08, 0x0a, 0x25, 0x43, 0x25, 0x33, 
	0x0a, 0x0a, 0x09, 0x0a, 0x33, 0x33, 0x25, 0x46, 
	0x48, 0x0a, 0x0a, 0x10, 0x0a, 0x0a, 0x0a, 0x2d, 
	0x0a, 0x33, 0x33, 0x0a, 0x27, 0x25, 0x0e, 0x39, 
	0x3e, 0x03, 0x2f, 0x0a, 0x0a, 0x0e, 0x20, 0x25, 
	0x33, 0x0a, 0x25, 0x25, 0x2f, 0x45, 0x25, 0x33, 
	0x33, 0x0a, 0x0a, 0x0a, 0x0a, 0x05, 0x05, 0x33, 
	0x03, 0x0e, 0x0a, 0x2f, 0x0a, 0x09, 0x0a, 0x1e, 
	0x51, 0x04, 0x04, 0x05, 0x45, 0x0a, 0x25, 0x05, 
	0x0a, 0x0f, 0x0a, 0x0e, 0x0f, 0x33, 0x49, 0x0e, 
	0x33, 0x0a, 0x0a, 0x0f, 0x37, 0x0f, 0x0f, 0x0f, 
	0x0a, 0x33, 0x0f, 0x0a, 0x10, 0x48, 0x20, 0x1e, 
	0x3e, 0x09, 0x09, 0x0a, 0x33, 0x20, 0x0f, 0x20, 
	0x03, 0x0a, 0x0f, 0x33, 0x0a, 0x0a, 0x20, 0x0e, 
	0x33, 0x25, 0x0f, 0x46, 0x27, 0x10, 0x33, 0x25, 
	0x46, 0x20, 0x20, 0x27, 0x33, 0x0f, 0x49, 0x52, 
	0x4a, 0x09, 0x0a, 0x2f, 0x48, 0x33, 0x25, 0x33, 
	0x27, 0x0f, 0x25, 0x33, 0x0a, 0x0f, 0x05, 0x20, 
	0x20, 0x20, 0x25, 0x20, 0x25, 0x37, 0x0a, 0x20, 
	0x33, 0x0a, 0x0f, 0x48, 0x27, 0x53, 0x12, 0x4e, 
	0x1a, 0x47, 0x14, 0x52, 0x36, 0x52, 0x38, 0x54, 
	0x55, 0x3a, 0x55, 0x56, 0x55, 0x55, 0x57, 0x58, 
	0x59, 0x5a, 0x56, 0x5a, 0x4e, 0x38, 0x4e, 0x5a, 
	0x39, 0x4e, 0x5b, 0x5c, 0x52, 0x4e, 0x39, 0x34, 
	0x5d, 0x5e, 0x5f, 0x60, 0x61, 0x60, 0x62, 0x63, 
	0x60, 0x60, 0x64, 0x60, 0x60, 0x60, 0x60, 0x62, 
	0x60, 0x62, 0x65, 0x60, 0x60, 0x66, 0x67, 0x66, 
	0x62, 0x60, 0x60, 0x60, 0x63, 0x63, 0x68, 0x61, 
	
};

Gfx castle_grounds_dl__37_pal_rgba16_aligner[] = {gsSPEndDisplayList()};
u8 castle_grounds_dl__37_pal_rgba16[] = {
	0xb5, 0xaf, 0xb5, 0xad, 0xb6, 0x2f, 0xa5, 0xab, 
	0xb5, 0xab, 0xad, 0x6d, 0xad, 0xad, 0xb5, 0xed, 
	0xb5, 0x6d, 0xb5, 0x6b, 0xad, 0x6b, 0x62, 0xd9, 
	0xad, 0xed, 0xa5, 0x6f, 0xb5, 0x69, 0xa5, 0x6b, 
	0xad, 0xab, 0x94, 0xa5, 0x94, 0xe7, 0x9c, 0xa7, 
	0x94, 0xa7, 0x9c, 0xe5, 0x95, 0x27, 0x94, 0xe5, 
	0xa4, 0xe9, 0x9c, 0xe7, 0x42, 0x11, 0x9c, 0xe9, 
	0x9d, 0x27, 0x9c, 0xa5, 0x8c, 0x63, 0x41, 0xd1, 
	0xa5, 0x69, 0x94, 0xe9, 0xa4, 0xa5, 0xa4, 0xe5, 
	0xa4, 0xa7, 0xad, 0x2b, 0x9d, 0x25, 0xa5, 0x2b, 
	0x8c, 0xa5, 0x3a, 0x11, 0xbd, 0xeb, 0x94, 0x65, 
	0x42, 0x0f, 0xa5, 0x6d, 0x8c, 0xa3, 0xad, 0x2d, 
	0x8c, 0xe5, 0xa4, 0xe7, 0x9c, 0xa9, 0xad, 0x69, 
	0x8c, 0x61, 0x94, 0xa3, 0x84, 0x63, 0xb5, 0x2b, 
	0x83, 0xe1, 0x84, 0x23, 0x7b, 0xdf, 0x39, 0x8f, 
	0x42, 0x13, 0x4a, 0x11, 0x4a, 0x53, 0x42, 0x53, 
	0x39, 0xd1, 0x4a, 0x13, 0xad, 0x6f, 0xa5, 0xa9, 
	0xbd, 0x6b, 0xad, 0xa9, 0xa5, 0x2d, 0xb5, 0x29, 
	0xad, 0x29, 0xa5, 0x29, 0x4a, 0x93, 0xb5, 0xa9, 
	0xad, 0xeb, 0xb5, 0x2d, 0x84, 0x21, 0x4a, 0x95, 
	0xbd, 0x2b, 0x4a, 0x55, 0x84, 0x61, 0xa5, 0x27, 
	0x7c, 0x21, 0x7b, 0xe1, 0x83, 0xdf, 0x7c, 0x1f, 
	0x7b, 0x9f, 0x7c, 0x1d, 0x84, 0x1f, 0x7b, 0xe3, 
	0x84, 0x5f, 0x31, 0x4d, 0x39, 0xcf, 0x21, 0x49, 
	0x21, 0x09, 0x29, 0x49, 0x21, 0x0b, 0x21, 0x4b, 
	0x29, 0x0b, 0x20, 0xcb, 0x20, 0xc9, 0x21, 0x07, 
	0x29, 0x09, 
};

Gfx castle_grounds_dl__38_ci8_aligner[] = {gsSPEndDisplayList()};
u8 castle_grounds_dl__38_ci8[] = {
	0x00, 0x01, 0x02, 0x03, 0x04, 0x05, 0x06, 0x07, 
	0x08, 0x09, 0x0a, 0x0b, 0x0c, 0x07, 0x0d, 0x05, 
	0x0e, 0x0f, 0x0b, 0x05, 0x10, 0x06, 0x11, 0x12, 
	0x0b, 0x13, 0x07, 0x14, 0x0b, 0x13, 0x0f, 0x15, 
	0x16, 0x17, 0x18, 0x03, 0x03, 0x0c, 0x05, 0x07, 
	0x15, 0x19, 0x1a, 0x1b, 0x0c, 0x1c, 0x11, 0x05, 
	0x0e, 0x05, 0x1d, 0x05, 0x10, 0x06, 0x11, 0x12, 
	0x0b, 0x13, 0x10, 0x0b, 0x0b, 0x13, 0x0f, 0x15, 
	0x16, 0x1e, 0x1f, 0x1f, 0x04, 0x04, 0x0c, 0x05, 
	0x06, 0x20, 0x11, 0x21, 0x02, 0x0e, 0x11, 0x0c, 
	0x0e, 0x05, 0x10, 0x05, 0x07, 0x06, 0x11, 0x0b, 
	0x10, 0x13, 0x10, 0x0b, 0x0b, 0x13, 0x0f, 0x1c, 
	0x22, 0x23, 0x24, 0x18, 0x04, 0x04, 0x25, 0x0c, 
	0x26, 0x27, 0x09, 0x21, 0x28, 0x06, 0x11, 0x29, 
	0x0e, 0x26, 0x2a, 0x05, 0x1c, 0x06, 0x21, 0x0b, 
	0x10, 0x13, 0x06, 0x0b, 0x0b, 0x13, 0x0f, 0x1c, 
	0x2b, 0x2c, 0x2d, 0x2e, 0x0c, 0x04, 0x2f, 0x04, 
	0x2f, 0x1c, 0x19, 0x11, 0x0b, 0x05, 0x11, 0x28, 
	0x0e, 0x26, 0x30, 0x05, 0x07, 0x06, 0x21, 0x0b, 
	0x10, 0x13, 0x06, 0x0b, 0x1d, 0x12, 0x0f, 0x1c, 
	0x31, 0x32, 0x33, 0x34, 0x18, 0x04, 0x04, 0x04, 
	0x04, 0x0f, 0x20, 0x11, 0x14, 0x0c, 0x19, 0x28, 
	0x0f, 0x26, 0x10, 0x05, 0x1c, 0x06, 0x1d, 0x0b, 
	0x07, 0x13, 0x06, 0x0b, 0x21, 0x13, 0x0f, 0x1c, 
	0x35, 0x32, 0x36, 0x37, 0x28, 0x0c, 0x04, 0x0c, 
	0x0c, 0x26, 0x27, 0x11, 0x0a, 0x05, 0x20, 0x0b, 
	0x0e, 0x0f, 0x10, 0x05, 0x1c, 0x06, 0x0b, 0x14, 
	0x07, 0x13, 0x06, 0x0b, 0x21, 0x13, 0x0f, 0x1c, 
	0x38, 0x39, 0x3a, 0x3b, 0x3c, 0x2e, 0x0c, 0x0c, 
	0x0c, 0x04, 0x0e, 0x09, 0x3d, 0x05, 0x20, 0x0b, 
	0x0e, 0x0f, 0x10, 0x05, 0x1c, 0x10, 0x0b, 0x14, 
	0x06, 0x13, 0x06, 0x10, 0x21, 0x10, 0x0f, 0x1c, 
	0x3e, 0x3f, 0x40, 0x1d, 0x0b, 0x28, 0x05, 0x02, 
	0x2e, 0x04, 0x05, 0x19, 0x3d, 0x13, 0x07, 0x0b, 
	0x0f, 0x0f, 0x10, 0x06, 0x0e, 0x10, 0x10, 0x21, 
	0x06, 0x13, 0x06, 0x10, 0x21, 0x0b, 0x0f, 0x1c, 
	0x41, 0x42, 0x3b, 0x1d, 0x1d, 0x1d, 0x28, 0x2e, 
	0x0b, 0x05, 0x0c, 0x20, 0x3d, 0x3c, 0x07, 0x21, 
	0x0f, 0x0f, 0x07, 0x05, 0x0e, 0x10, 0x20, 0x21, 
	0x0e, 0x10, 0x06, 0x13, 0x21, 0x1d, 0x0f, 0x1c, 
	0x16, 0x43, 0x44, 0x20, 0x2a, 0x2a, 0x0b, 0x3c, 
	0x0b, 0x13, 0x04, 0x07, 0x45, 0x14, 0x0e, 0x21, 
	0x0f, 0x0f, 0x07, 0x05, 0x0e, 0x10, 0x10, 0x46, 
	0x0f, 0x10, 0x06, 0x10, 0x21, 0x0b, 0x26, 0x0e, 
	0x16, 0x43, 0x44, 0x20, 0x20, 0x20, 0x1d, 0x0b, 
	0x21, 0x28, 0x0c, 0x06, 0x3d, 0x1b, 0x0e, 0x21, 
	0x0f, 0x0f, 0x07, 0x06, 0x0e, 0x10, 0x10, 0x11, 
	0x0f, 0x10, 0x0e, 0x10, 0x21, 0x0b, 0x26, 0x0e, 
	0x22, 0x1e, 0x47, 0x15, 0x27, 0x1c, 0x2a, 0x2a, 
	0x21, 0x0b, 0x05, 0x06, 0x0d, 0x0a, 0x06, 0x1d, 
	0x0f, 0x0f, 0x1c, 0x06, 0x0e, 0x10, 0x10, 0x21, 
	0x0f, 0x13, 0x0e, 0x10, 0x46, 0x0b, 0x2f, 0x0f, 
	0x22, 0x48, 0x02, 0x06, 0x1c, 0x27, 0x20, 0x2a, 
	0x19, 0x1d, 0x05, 0x0e, 0x09, 0x0a, 0x06, 0x2a, 
	0x0f, 0x0f, 0x1c, 0x06, 0x0e, 0x10, 0x07, 0x0d, 
	0x0f, 0x13, 0x0f, 0x10, 0x21, 0x0b, 0x49, 0x0f, 
	0x4a, 0x23, 0x1f, 0x0c, 0x0e, 0x27, 0x4b, 0x20, 
	0x2a, 0x21, 0x28, 0x05, 0x19, 0x0a, 0x06, 0x2a, 
	0x0f, 0x0f, 0x1c, 0x06, 0x0e, 0x10, 0x07, 0x1a, 
	0x0f, 0x10, 0x0e, 0x07, 0x21, 0x21, 0x4c, 0x4d, 
	0x38, 0x4e, 0x03, 0x04, 0x26, 0x1c, 0x27, 0x20, 
	0x20, 0x11, 0x0b, 0x05, 0x20, 0x1a, 0x06, 0x20, 
	0x0f, 0x0f, 0x1c, 0x10, 0x0e, 0x07, 0x07, 0x0d, 
	0x0e, 0x07, 0x0e, 0x10, 0x21, 0x21, 0x4f, 0x50, 
	0x51, 0x52, 0x1f, 0x03, 0x4c, 0x0f, 0x27, 0x4b, 
	0x08, 0x19, 0x21, 0x05, 0x07, 0x1a, 0x06, 0x10, 
	0x26, 0x0e, 0x1c, 0x10, 0x0f, 0x07, 0x06, 0x0d, 
	0x05, 0x06, 0x0f, 0x10, 0x21, 0x0a, 0x4f, 0x53, 
	0x35, 0x54, 0x1f, 0x04, 0x4c, 0x49, 0x0e, 0x27, 
	0x27, 0x19, 0x0d, 0x28, 0x07, 0x0d, 0x06, 0x20, 
	0x0f, 0x0f, 0x1c, 0x10, 0x0f, 0x07, 0x0e, 0x0d, 
	0x06, 0x07, 0x0f, 0x10, 0x46, 0x46, 0x4f, 0x53, 
	0x35, 0x4e, 0x55, 0x02, 0x04, 0x49, 0x26, 0x27, 
	0x27, 0x08, 0x0d, 0x0b, 0x07, 0x0d, 0x06, 0x20, 
	0x0f, 0x0f, 0x1c, 0x10, 0x0f, 0x07, 0x06, 0x11, 
	0x0e, 0x07, 0x0f, 0x07, 0x46, 0x21, 0x4f, 0x4f, 
	0x38, 0x56, 0x28, 0x28, 0x0c, 0x4c, 0x49, 0x1c, 
	0x1c, 0x27, 0x11, 0x14, 0x07, 0x11, 0x13, 0x15, 
	0x0f, 0x0e, 0x0e, 0x10, 0x0e, 0x15, 0x0e, 0x11, 
	0x0f, 0x0e, 0x0e, 0x07, 0x21, 0x21, 0x4f, 0x4f, 
	0x3f, 0x57, 0x37, 0x3c, 0x05, 0x2f, 0x49, 0x0f, 
	0x0e, 0x27, 0x19, 0x21, 0x07, 0x11, 0x10, 0x07, 
	0x0f, 0x0e, 0x1c, 0x10, 0x0e, 0x15, 0x06, 0x11, 
	0x0f, 0x0e, 0x0e, 0x10, 0x21, 0x21, 0x4f, 0x4f, 
	0x58, 0x59, 0x1b, 0x21, 0x13, 0x0c, 0x4c, 0x5a, 
	0x26, 0x27, 0x5b, 0x0d, 0x07, 0x19, 0x10, 0x1c, 
	0x0f, 0x0e, 0x1c, 0x10, 0x0f, 0x15, 0x06, 0x0d, 
	0x05, 0x0e, 0x06, 0x10, 0x21, 0x21, 0x4f, 0x53, 
	0x4a, 0x43, 0x0a, 0x21, 0x0b, 0x05, 0x2f, 0x49, 
	0x49, 0x1c, 0x5c, 0x11, 0x13, 0x2a, 0x13, 0x1c, 
	0x0f, 0x0e, 0x1c, 0x30, 0x0f, 0x20, 0x06, 0x0d, 
	0x0f, 0x0e, 0x0e, 0x07, 0x46, 0x21, 0x4f, 0x4f, 
	0x41, 0x5d, 0x3b, 0x21, 0x0b, 0x13, 0x26, 0x4c, 
	0x4f, 0x0e, 0x5e, 0x09, 0x28, 0x2a, 0x0b, 0x1c, 
	0x0f, 0x1c, 0x1c, 0x2a, 0x0f, 0x20, 0x06, 0x11, 
	0x0f, 0x0e, 0x06, 0x10, 0x46, 0x21, 0x4f, 0x53, 
	0x16, 0x5d, 0x1d, 0x19, 0x1d, 0x0b, 0x05, 0x49, 
	0x4c, 0x0f, 0x5e, 0x09, 0x3c, 0x10, 0x0b, 0x1c, 
	0x0e, 0x1c, 0x1c, 0x1d, 0x0e, 0x20, 0x06, 0x11, 
	0x0f, 0x0e, 0x07, 0x20, 0x21, 0x21, 0x4c, 0x53, 
	0x01, 0x5f, 0x08, 0x08, 0x19, 0x1d, 0x05, 0x2f, 
	0x4c, 0x26, 0x27, 0x19, 0x14, 0x10, 0x0b, 0x1c, 
	0x0e, 0x1c, 0x1c, 0x10, 0x0e, 0x20, 0x06, 0x19, 
	0x0f, 0x0e, 0x1c, 0x10, 0x21, 0x21, 0x4c, 0x4f, 
	0x17, 0x60, 0x20, 0x27, 0x08, 0x21, 0x10, 0x26, 
	0x2f, 0x2f, 0x0f, 0x19, 0x21, 0x10, 0x14, 0x1c, 
	0x0e, 0x1c, 0x0e, 0x10, 0x0f, 0x20, 0x06, 0x2a, 
	0x0f, 0x1c, 0x07, 0x07, 0x21, 0x1d, 0x4f, 0x4f, 
	0x61, 0x62, 0x06, 0x1c, 0x5e, 0x19, 0x0b, 0x05, 
	0x2f, 0x2f, 0x26, 0x20, 0x21, 0x10, 0x21, 0x1c, 
	0x0e, 0x0e, 0x1c, 0x20, 0x0f, 0x15, 0x06, 0x63, 
	0x0e, 0x1c, 0x10, 0x07, 0x21, 0x1d, 0x53, 0x4f, 
	0x64, 0x65, 0x26, 0x0f, 0x27, 0x19, 0x21, 0x06, 
	0x0c, 0x26, 0x49, 0x07, 0x21, 0x10, 0x21, 0x0e, 
	0x0e, 0x0e, 0x0e, 0x20, 0x0f, 0x15, 0x06, 0x11, 
	0x06, 0x1c, 0x10, 0x07, 0x21, 0x1d, 0x2f, 0x4f, 
	0x66, 0x0b, 0x4f, 0x53, 0x1c, 0x5c, 0x11, 0x13, 
	0x05, 0x26, 0x4c, 0x0e, 0x21, 0x10, 0x14, 0x0e, 
	0x0e, 0x0e, 0x0e, 0x2a, 0x0f, 0x15, 0x06, 0x11, 
	0x06, 0x0e, 0x1c, 0x1c, 0x21, 0x1d, 0x2f, 0x4f, 
	0x33, 0x28, 0x49, 0x49, 0x0f, 0x27, 0x19, 0x0b, 
	0x13, 0x05, 0x4c, 0x0f, 0x67, 0x10, 0x0b, 0x0e, 
	0x0e, 0x0e, 0x0f, 0x20, 0x26, 0x27, 0x06, 0x19, 
	0x06, 0x1c, 0x0e, 0x0e, 0x21, 0x2a, 0x2f, 0x4f, 
	0x33, 0x28, 0x2f, 0x2f, 0x26, 0x1c, 0x19, 0x21, 
	0x68, 0x13, 0x2f, 0x0f, 0x09, 0x10, 0x30, 0x0e, 
	0x0e, 0x0e, 0x0f, 0x10, 0x26, 0x27, 0x06, 0x2a, 
	0x06, 0x1c, 0x0e, 0x06, 0x1d, 0x21, 0x26, 0x53, 
	
};

Gfx castle_grounds_dl__38_pal_rgba16_aligner[] = {gsSPEndDisplayList()};
u8 castle_grounds_dl__38_pal_rgba16[] = {
	0x8a, 0x05, 0x92, 0x43, 0xbc, 0x4f, 0xc4, 0x55, 
	0xc4, 0x53, 0xc4, 0x4f, 0xc4, 0x4d, 0xc4, 0x4b, 
	0xc4, 0x07, 0xc3, 0x87, 0xb3, 0x49, 0xbb, 0xcb, 
	0xc4, 0x51, 0xbb, 0x47, 0xcc, 0x4d, 0xcc, 0x4f, 
	0xc4, 0x0b, 0xbb, 0x87, 0xbc, 0x0b, 0xc4, 0x0d, 
	0xbb, 0x8b, 0xc4, 0x49, 0x8a, 0x03, 0x92, 0x83, 
	0xbc, 0x51, 0xc3, 0xc7, 0xb3, 0x47, 0xb3, 0x8b, 
	0xcc, 0x4b, 0xbb, 0xc9, 0x92, 0xc5, 0xbc, 0x53, 
	0xc4, 0x09, 0xbb, 0x89, 0x8a, 0x43, 0x93, 0x47, 
	0xb4, 0x53, 0xcc, 0x55, 0xcc, 0x51, 0xcc, 0x49, 
	0xbc, 0x0d, 0xc4, 0x0f, 0xc3, 0xc9, 0x8a, 0x83, 
	0x9b, 0x4b, 0xb4, 0x11, 0xbc, 0x0f, 0xcc, 0x53, 
	0xc3, 0xcb, 0x8a, 0xc7, 0x93, 0x4b, 0xab, 0xcd, 
	0xb4, 0x0d, 0x8b, 0x0b, 0xab, 0x8b, 0xb3, 0xcb, 
	0x8a, 0xc9, 0x93, 0x09, 0xab, 0x49, 0xb3, 0x89, 
	0xbb, 0xcd, 0xb3, 0x07, 0x8a, 0x87, 0x92, 0xc7, 
	0xab, 0x89, 0x8a, 0x45, 0x92, 0x45, 0x92, 0x85, 
	0xb3, 0xc9, 0xb3, 0x05, 0xbb, 0x49, 0xb4, 0x0b, 
	0x93, 0x05, 0xcc, 0x93, 0x8a, 0x85, 0xcc, 0x09, 
	0xcc, 0x95, 0xd4, 0x51, 0x9b, 0x8b, 0xd4, 0x95, 
	0xd4, 0x91, 0x8b, 0x4b, 0x9b, 0xcd, 0xd4, 0x93, 
	0x9b, 0x8d, 0xb4, 0x0f, 0x9b, 0x49, 0x9b, 0x07, 
	0x92, 0x87, 0x9a, 0xc7, 0xcc, 0x91, 0xc3, 0xc5, 
	0xcc, 0x07, 0x9a, 0x85, 0xcc, 0x47, 0xa2, 0x83, 
	0xa2, 0xc3, 0x92, 0xc3, 0xab, 0x05, 0xbb, 0xc7, 
	0x9b, 0x05, 0xb3, 0x85, 0xa3, 0x89, 0xc3, 0x89, 
	0xc3, 0xcd, 
};

Gfx castle_grounds_dl__39_ci8_aligner[] = {gsSPEndDisplayList()};
u8 castle_grounds_dl__39_ci8[] = {
	0x00, 0x01, 0x02, 0x03, 0x04, 0x05, 0x06, 0x05, 
	0x04, 0x07, 0x02, 0x00, 0x03, 0x07, 0x07, 0x07, 
	0x05, 0x05, 0x07, 0x08, 0x00, 0x02, 0x09, 0x04, 
	0x05, 0x05, 0x05, 0x05, 0x05, 0x04, 0x07, 0x07, 
	0x01, 0x02, 0x07, 0x04, 0x05, 0x05, 0x06, 0x04, 
	0x07, 0x03, 0x03, 0x03, 0x07, 0x07, 0x07, 0x07, 
	0x04, 0x04, 0x07, 0x03, 0x03, 0x09, 0x04, 0x05, 
	0x06, 0x0a, 0x06, 0x05, 0x04, 0x07, 0x03, 0x08, 
	0x07, 0x04, 0x05, 0x0a, 0x06, 0x05, 0x04, 0x07, 
	0x09, 0x09, 0x07, 0x07, 0x07, 0x07, 0x0b, 0x07, 
	0x07, 0x07, 0x07, 0x07, 0x04, 0x05, 0x05, 0x0a, 
	0x0a, 0x0a, 0x05, 0x07, 0x07, 0x03, 0x0c, 0x0d, 
	0x05, 0x0a, 0x0a, 0x0a, 0x05, 0x04, 0x04, 0x09, 
	0x07, 0x07, 0x07, 0x07, 0x07, 0x0b, 0x0c, 0x07, 
	0x07, 0x04, 0x04, 0x05, 0x05, 0x0a, 0x0e, 0x0e, 
	0x0a, 0x05, 0x04, 0x07, 0x09, 0x03, 0x0b, 0x07, 
	0x0a, 0x0a, 0x0a, 0x06, 0x04, 0x04, 0x0f, 0x0f, 
	0x04, 0x04, 0x04, 0x07, 0x0b, 0x0b, 0x07, 0x07, 
	0x04, 0x05, 0x05, 0x0e, 0x0e, 0x0e, 0x0e, 0x0e, 
	0x06, 0x04, 0x04, 0x09, 0x07, 0x07, 0x07, 0x05, 
	0x0a, 0x0a, 0x06, 0x04, 0x0f, 0x0f, 0x0f, 0x04, 
	0x04, 0x04, 0x04, 0x07, 0x07, 0x07, 0x04, 0x04, 
	0x05, 0x0a, 0x0e, 0x10, 0x10, 0x0e, 0x0e, 0x0a, 
	0x06, 0x04, 0x04, 0x04, 0x04, 0x05, 0x05, 0x05, 
	0x0a, 0x06, 0x04, 0x0f, 0x0f, 0x0f, 0x0f, 0x04, 
	0x04, 0x05, 0x05, 0x05, 0x05, 0x05, 0x05, 0x05, 
	0x05, 0x0e, 0x11, 0x11, 0x10, 0x0e, 0x0a, 0x06, 
	0x12, 0x12, 0x12, 0x05, 0x05, 0x05, 0x06, 0x0a, 
	0x05, 0x04, 0x0f, 0x0f, 0x0f, 0x0f, 0x04, 0x05, 
	0x06, 0x06, 0x0a, 0x0a, 0x06, 0x05, 0x04, 0x04, 
	0x05, 0x0e, 0x0e, 0x0e, 0x0a, 0x0a, 0x05, 0x05, 
	0x12, 0x06, 0x06, 0x06, 0x0a, 0x06, 0x06, 0x05, 
	0x04, 0x0f, 0x13, 0x13, 0x0f, 0x04, 0x05, 0x0a, 
	0x0a, 0x0a, 0x0e, 0x06, 0x05, 0x04, 0x07, 0x04, 
	0x05, 0x0a, 0x0a, 0x05, 0x05, 0x05, 0x04, 0x04, 
	0x05, 0x05, 0x0a, 0x0a, 0x0a, 0x0a, 0x05, 0x05, 
	0x0f, 0x14, 0x13, 0x0f, 0x05, 0x06, 0x0a, 0x0a, 
	0x0a, 0x0a, 0x06, 0x05, 0x07, 0x07, 0x07, 0x07, 
	0x05, 0x05, 0x04, 0x04, 0x07, 0x07, 0x07, 0x04, 
	0x05, 0x05, 0x0a, 0x0e, 0x0a, 0x05, 0x04, 0x04, 
	0x14, 0x14, 0x09, 0x04, 0x05, 0x0a, 0x0e, 0x0a, 
	0x0a, 0x05, 0x05, 0x07, 0x07, 0x0b, 0x07, 0x07, 
	0x07, 0x07, 0x09, 0x09, 0x09, 0x07, 0x07, 0x05, 
	0x05, 0x0a, 0x0a, 0x15, 0x05, 0x07, 0x09, 0x03, 
	0x14, 0x09, 0x07, 0x05, 0x0a, 0x16, 0x0e, 0x15, 
	0x05, 0x04, 0x07, 0x07, 0x03, 0x03, 0x07, 0x07, 
	0x07, 0x03, 0x14, 0x0f, 0x07, 0x05, 0x05, 0x0a, 
	0x0a, 0x15, 0x05, 0x05, 0x04, 0x09, 0x17, 0x18, 
	0x07, 0x05, 0x15, 0x0e, 0x0e, 0x0e, 0x15, 0x05, 
	0x07, 0x07, 0x0b, 0x03, 0x03, 0x07, 0x07, 0x07, 
	0x03, 0x03, 0x09, 0x04, 0x05, 0x15, 0x0e, 0x0a, 
	0x15, 0x05, 0x05, 0x04, 0x09, 0x19, 0x19, 0x14, 
	0x05, 0x0a, 0x0e, 0x0e, 0x0a, 0x05, 0x05, 0x07, 
	0x07, 0x03, 0x02, 0x03, 0x07, 0x07, 0x07, 0x09, 
	0x09, 0x07, 0x04, 0x05, 0x0a, 0x0e, 0x0e, 0x0a, 
	0x05, 0x05, 0x07, 0x09, 0x14, 0x14, 0x14, 0x04, 
	0x0e, 0x10, 0x10, 0x0a, 0x05, 0x04, 0x07, 0x0b, 
	0x03, 0x02, 0x03, 0x07, 0x07, 0x07, 0x07, 0x07, 
	0x07, 0x07, 0x05, 0x0a, 0x0e, 0x0e, 0x0a, 0x05, 
	0x05, 0x07, 0x07, 0x03, 0x03, 0x09, 0x07, 0x05, 
	0x0e, 0x0e, 0x0a, 0x05, 0x07, 0x07, 0x0b, 0x03, 
	0x03, 0x0b, 0x07, 0x07, 0x07, 0x07, 0x1a, 0x07, 
	0x07, 0x05, 0x15, 0x0e, 0x0e, 0x0a, 0x05, 0x05, 
	0x07, 0x09, 0x03, 0x09, 0x07, 0x04, 0x05, 0x0e, 
	0x0a, 0x05, 0x05, 0x07, 0x07, 0x0b, 0x03, 0x0b, 
	0x07, 0x07, 0x07, 0x07, 0x07, 0x1b, 0x1a, 0x07, 
	0x05, 0x15, 0x0a, 0x0a, 0x0a, 0x05, 0x05, 0x07, 
	0x09, 0x02, 0x09, 0x07, 0x05, 0x15, 0x0e, 0x0e, 
	0x05, 0x04, 0x07, 0x09, 0x03, 0x0b, 0x07, 0x07, 
	0x07, 0x07, 0x07, 0x07, 0x1b, 0x1b, 0x07, 0x07, 
	0x05, 0x0a, 0x0a, 0x0a, 0x0a, 0x05, 0x07, 0x09, 
	0x03, 0x03, 0x07, 0x05, 0x15, 0x0a, 0x0a, 0x15, 
	0x07, 0x07, 0x03, 0x03, 0x03, 0x07, 0x07, 0x04, 
	0x07, 0x07, 0x07, 0x1c, 0x1c, 0x1b, 0x07, 0x05, 
	0x0a, 0x0a, 0x0a, 0x0a, 0x05, 0x04, 0x07, 0x09, 
	0x03, 0x09, 0x05, 0x05, 0x0a, 0x0a, 0x05, 0x04, 
	0x03, 0x03, 0x03, 0x03, 0x07, 0x07, 0x04, 0x04, 
	0x07, 0x07, 0x03, 0x0c, 0x0c, 0x07, 0x07, 0x05, 
	0x0a, 0x0a, 0x0a, 0x05, 0x04, 0x07, 0x07, 0x09, 
	0x09, 0x07, 0x05, 0x0a, 0x0a, 0x05, 0x05, 0x07, 
	0x08, 0x02, 0x0b, 0x07, 0x04, 0x05, 0x05, 0x04, 
	0x07, 0x07, 0x0c, 0x00, 0x0c, 0x07, 0x07, 0x05, 
	0x05, 0x05, 0x05, 0x07, 0x07, 0x07, 0x07, 0x07, 
	0x07, 0x04, 0x05, 0x05, 0x05, 0x05, 0x07, 0x1c, 
	0x00, 0x0b, 0x07, 0x05, 0x05, 0x05, 0x04, 0x07, 
	0x07, 0x0c, 0x01, 0x01, 0x0c, 0x07, 0x07, 0x07, 
	0x07, 0x07, 0x07, 0x07, 0x07, 0x07, 0x07, 0x04, 
	0x04, 0x04, 0x04, 0x04, 0x07, 0x07, 0x09, 0x02, 
	0x07, 0x07, 0x05, 0x05, 0x05, 0x04, 0x07, 0x07, 
	0x0c, 0x08, 0x1d, 0x1d, 0x0c, 0x1b, 0x0b, 0x07, 
	0x03, 0x03, 0x07, 0x07, 0x05, 0x05, 0x05, 0x05, 
	0x04, 0x07, 0x07, 0x07, 0x03, 0x03, 0x02, 0x02, 
	0x05, 0x05, 0x05, 0x05, 0x04, 0x07, 0x07, 0x0c, 
	0x1e, 0x1f, 0x1f, 0x0d, 0x0c, 0x20, 0x1b, 0x1c, 
	0x1c, 0x07, 0x07, 0x05, 0x06, 0x05, 0x05, 0x05, 
	0x07, 0x07, 0x1c, 0x02, 0x02, 0x02, 0x03, 0x07, 
	0x05, 0x05, 0x05, 0x04, 0x07, 0x0b, 0x0c, 0x0d, 
	0x1f, 0x1f, 0x1f, 0x08, 0x0c, 0x20, 0x1b, 0x1b, 
	0x07, 0x07, 0x05, 0x05, 0x05, 0x05, 0x05, 0x07, 
	0x07, 0x0c, 0x00, 0x00, 0x02, 0x03, 0x07, 0x04, 
	0x05, 0x05, 0x04, 0x07, 0x0b, 0x0c, 0x01, 0x1f, 
	0x21, 0x1f, 0x0d, 0x08, 0x20, 0x1b, 0x07, 0x07, 
	0x07, 0x05, 0x05, 0x05, 0x05, 0x05, 0x07, 0x07, 
	0x1c, 0x08, 0x00, 0x02, 0x07, 0x07, 0x04, 0x05, 
	0x05, 0x07, 0x07, 0x07, 0x0c, 0x08, 0x22, 0x21, 
	0x21, 0x1e, 0x0c, 0x1b, 0x07, 0x07, 0x07, 0x07, 
	0x04, 0x05, 0x05, 0x05, 0x05, 0x07, 0x07, 0x0c, 
	0x08, 0x08, 0x02, 0x07, 0x07, 0x04, 0x05, 0x05, 
	0x07, 0x07, 0x07, 0x1b, 0x08, 0x01, 0x23, 0x23, 
	0x1e, 0x0c, 0x0b, 0x07, 0x07, 0x07, 0x07, 0x07, 
	0x07, 0x04, 0x05, 0x05, 0x05, 0x07, 0x1b, 0x08, 
	0x08, 0x08, 0x0b, 0x07, 0x05, 0x05, 0x05, 0x04, 
	0x07, 0x07, 0x0b, 0x0c, 0x08, 0x22, 0x23, 0x01, 
	0x0c, 0x07, 0x07, 0x07, 0x07, 0x07, 0x07, 0x07, 
	0x07, 0x04, 0x05, 0x05, 0x07, 0x0b, 0x0c, 0x08, 
	0x08, 0x1c, 0x07, 0x07, 0x05, 0x05, 0x04, 0x07, 
	0x07, 0x07, 0x02, 0x08, 0x01, 0x01, 0x00, 0x03, 
	0x07, 0x07, 0x07, 0x07, 0x07, 0x0b, 0x1b, 0x07, 
	0x07, 0x07, 0x04, 0x07, 0x07, 0x0c, 0x08, 0x08, 
	0x0c, 0x07, 0x07, 0x04, 0x05, 0x04, 0x07, 0x07, 
	0x07, 0x02, 0x00, 0x24, 0x24, 0x00, 0x03, 0x07, 
	0x04, 0x04, 0x07, 0x07, 0x1c, 0x02, 0x0b, 0x07, 
	0x07, 0x07, 0x07, 0x07, 0x0c, 0x08, 0x0d, 0x02, 
	0x07, 0x07, 0x04, 0x05, 0x04, 0x07, 0x07, 0x07, 
	0x03, 0x00, 0x01, 0x01, 0x00, 0x03, 0x07, 0x05, 
	0x05, 0x04, 0x07, 0x0b, 0x00, 0x02, 0x0b, 0x07, 
	0x07, 0x07, 0x07, 0x1b, 0x08, 0x0d, 0x0d, 0x03, 
	0x07, 0x04, 0x04, 0x05, 0x05, 0x04, 0x07, 0x07, 
	
};

Gfx castle_grounds_dl__39_pal_rgba16_aligner[] = {gsSPEndDisplayList()};
u8 castle_grounds_dl__39_pal_rgba16[] = {
	0xde, 0x5d, 0xde, 0x5b, 0xde, 0x5f, 0xde, 0x61, 
	0xe6, 0xa3, 0xe6, 0xa5, 0xe6, 0xe5, 0xe6, 0x63, 
	0xde, 0x1d, 0xde, 0x63, 0xe6, 0xe7, 0xe6, 0x61, 
	0xde, 0x1f, 0xde, 0x1b, 0xe6, 0xe9, 0xde, 0xa3, 
	0xe6, 0xeb, 0xe7, 0x2b, 0xe6, 0xe3, 0xd6, 0x63, 
	0xd6, 0x61, 0xe6, 0xa7, 0xe7, 0x29, 0xd6, 0x5d, 
	0xce, 0x5d, 0xd6, 0x5f, 0xe6, 0x23, 0xe6, 0x21, 
	0xde, 0x21, 0xde, 0x19, 0xd6, 0x1b, 0xd6, 0x19, 
	0xe6, 0x1f, 0xce, 0x19, 0xde, 0x59, 0xd6, 0x59, 
	0xd6, 0x5b, 
};

Gfx castle_grounds_dl__40_ci8_aligner[] = {gsSPEndDisplayList()};
u8 castle_grounds_dl__40_ci8[] = {
	0x00, 0x01, 0x02, 0x01, 0x03, 0x01, 0x04, 0x05, 
	0x06, 0x07, 0x08, 0x04, 0x09, 0x06, 0x0a, 0x0b, 
	0x06, 0x08, 0x08, 0x0c, 0x0d, 0x0e, 0x0f, 0x0a, 
	0x0a, 0x0a, 0x09, 0x09, 0x10, 0x03, 0x06, 0x09, 
	0x11, 0x11, 0x12, 0x13, 0x14, 0x11, 0x15, 0x16, 
	0x13, 0x17, 0x15, 0x18, 0x19, 0x19, 0x11, 0x1a, 
	0x0a, 0x19, 0x1b, 0x12, 0x19, 0x1c, 0x19, 0x19, 
	0x15, 0x19, 0x18, 0x19, 0x19, 0x16, 0x11, 0x19, 
	0x1d, 0x11, 0x14, 0x14, 0x1d, 0x1d, 0x19, 0x11, 
	0x15, 0x12, 0x11, 0x11, 0x11, 0x11, 0x1e, 0x1f, 
	0x20, 0x19, 0x19, 0x12, 0x13, 0x21, 0x19, 0x17, 
	0x1d, 0x12, 0x15, 0x22, 0x23, 0x15, 0x15, 0x24, 
	0x17, 0x17, 0x14, 0x14, 0x11, 0x17, 0x17, 0x11, 
	0x17, 0x11, 0x1d, 0x1d, 0x21, 0x11, 0x11, 0x1f, 
	0x25, 0x15, 0x17, 0x12, 0x26, 0x13, 0x12, 0x12, 
	0x19, 0x15, 0x15, 0x13, 0x12, 0x15, 0x1d, 0x17, 
	0x11, 0x1d, 0x14, 0x11, 0x11, 0x15, 0x11, 0x11, 
	0x17, 0x1d, 0x15, 0x14, 0x17, 0x11, 0x11, 0x1a, 
	0x27, 0x13, 0x15, 0x15, 0x11, 0x17, 0x15, 0x15, 
	0x11, 0x11, 0x14, 0x1d, 0x14, 0x13, 0x16, 0x14, 
	0x14, 0x14, 0x11, 0x11, 0x11, 0x19, 0x17, 0x1d, 
	0x11, 0x15, 0x14, 0x11, 0x1d, 0x11, 0x28, 0x29, 
	0x2a, 0x1d, 0x19, 0x19, 0x15, 0x1d, 0x23, 0x12, 
	0x11, 0x15, 0x14, 0x15, 0x1d, 0x1d, 0x1d, 0x15, 
	0x17, 0x11, 0x13, 0x11, 0x14, 0x14, 0x17, 0x1d, 
	0x11, 0x11, 0x11, 0x11, 0x17, 0x11, 0x2b, 0x2c, 
	0x2d, 0x1d, 0x1d, 0x14, 0x12, 0x21, 0x12, 0x11, 
	0x11, 0x14, 0x13, 0x1d, 0x14, 0x13, 0x17, 0x1d, 
	0x11, 0x11, 0x11, 0x1d, 0x14, 0x14, 0x12, 0x14, 
	0x1d, 0x11, 0x17, 0x14, 0x11, 0x14, 0x2b, 0x1f, 
	0x08, 0x11, 0x17, 0x14, 0x14, 0x15, 0x11, 0x11, 
	0x11, 0x13, 0x15, 0x17, 0x17, 0x11, 0x11, 0x1d, 
	0x14, 0x1d, 0x11, 0x17, 0x14, 0x17, 0x14, 0x11, 
	0x1d, 0x11, 0x11, 0x11, 0x17, 0x11, 0x2e, 0x1f, 
	0x2f, 0x13, 0x11, 0x11, 0x12, 0x17, 0x17, 0x1d, 
	0x14, 0x11, 0x11, 0x11, 0x19, 0x11, 0x11, 0x17, 
	0x11, 0x11, 0x14, 0x11, 0x13, 0x1d, 0x17, 0x1d, 
	0x11, 0x15, 0x11, 0x17, 0x17, 0x11, 0x1e, 0x1a, 
	0x09, 0x17, 0x11, 0x11, 0x14, 0x17, 0x11, 0x11, 
	0x11, 0x17, 0x11, 0x14, 0x12, 0x15, 0x11, 0x11, 
	0x11, 0x12, 0x1d, 0x17, 0x1d, 0x15, 0x15, 0x14, 
	0x1d, 0x1d, 0x11, 0x17, 0x11, 0x11, 0x2e, 0x1a, 
	0x25, 0x13, 0x30, 0x1d, 0x14, 0x11, 0x11, 0x1d, 
	0x11, 0x1d, 0x11, 0x17, 0x15, 0x17, 0x11, 0x11, 
	0x11, 0x14, 0x15, 0x14, 0x1d, 0x31, 0x13, 0x11, 
	0x32, 0x17, 0x19, 0x22, 0x11, 0x11, 0x1e, 0x2c, 
	0x33, 0x12, 0x11, 0x11, 0x11, 0x11, 0x17, 0x11, 
	0x11, 0x11, 0x11, 0x11, 0x11, 0x17, 0x11, 0x14, 
	0x11, 0x11, 0x11, 0x11, 0x13, 0x1d, 0x12, 0x19, 
	0x11, 0x11, 0x1d, 0x14, 0x11, 0x11, 0x34, 0x1a, 
	0x05, 0x13, 0x2e, 0x11, 0x11, 0x28, 0x2b, 0x2b, 
	0x11, 0x11, 0x11, 0x11, 0x11, 0x11, 0x11, 0x11, 
	0x2b, 0x1e, 0x1e, 0x1e, 0x35, 0x1e, 0x2e, 0x2e, 
	0x2b, 0x28, 0x1e, 0x1e, 0x35, 0x1e, 0x36, 0x1a, 
	0x37, 0x2e, 0x1e, 0x1e, 0x28, 0x1e, 0x1e, 0x38, 
	0x1e, 0x39, 0x34, 0x3a, 0x1e, 0x1e, 0x1e, 0x1e, 
	0x3b, 0x1a, 0x1a, 0x1f, 0x3c, 0x29, 0x1a, 0x29, 
	0x1a, 0x1a, 0x1a, 0x3c, 0x1a, 0x1a, 0x1a, 0x3d, 
	0x3e, 0x3f, 0x2c, 0x1a, 0x1a, 0x3c, 0x1a, 0x29, 
	0x2c, 0x2c, 0x1a, 0x1a, 0x40, 0x1f, 0x2c, 0x40, 
	0x41, 0x0e, 0x33, 0x25, 0x0a, 0x27, 0x42, 0x03, 
	0x43, 0x09, 0x25, 0x0a, 0x06, 0x0f, 0x0a, 0x25, 
	0x10, 0x09, 0x44, 0x10, 0x10, 0x20, 0x0a, 0x10, 
	0x09, 0x0f, 0x45, 0x0f, 0x10, 0x0a, 0x0a, 0x20, 
	0x1a, 0x06, 0x25, 0x46, 0x47, 0x25, 0x06, 0x48, 
	0x25, 0x0a, 0x48, 0x33, 0x20, 0x20, 0x33, 0x47, 
	0x0f, 0x0a, 0x05, 0x33, 0x0a, 0x09, 0x10, 0x05, 
	0x0a, 0x0a, 0x0a, 0x33, 0x0a, 0x25, 0x49, 0x1e, 
	0x4a, 0x08, 0x06, 0x0a, 0x0a, 0x0a, 0x25, 0x0a, 
	0x27, 0x47, 0x33, 0x0a, 0x27, 0x03, 0x04, 0x37, 
	0x0a, 0x37, 0x0a, 0x10, 0x0a, 0x0a, 0x09, 0x4b, 
	0x0a, 0x03, 0x33, 0x0a, 0x0a, 0x0a, 0x27, 0x1e, 
	0x3e, 0x4c, 0x08, 0x0a, 0x06, 0x0a, 0x06, 0x4d, 
	0x0a, 0x2f, 0x03, 0x0a, 0x05, 0x04, 0x0a, 0x0e, 
	0x0a, 0x4b, 0x08, 0x0a, 0x0a, 0x10, 0x20, 0x0a, 
	0x09, 0x0a, 0x33, 0x4d, 0x06, 0x0f, 0x0a, 0x1e, 
	0x41, 0x08, 0x0a, 0x08, 0x45, 0x09, 0x0a, 0x05, 
	0x37, 0x0a, 0x03, 0x45, 0x09, 0x33, 0x01, 0x0a, 
	0x09, 0x04, 0x0a, 0x0a, 0x4b, 0x06, 0x2d, 0x0a, 
	0x05, 0x0a, 0x09, 0x0a, 0x0a, 0x0a, 0x10, 0x4e, 
	0x3e, 0x04, 0x05, 0x37, 0x0a, 0x0a, 0x0a, 0x05, 
	0x0a, 0x0f, 0x2d, 0x09, 0x0f, 0x0a, 0x25, 0x0a, 
	0x09, 0x33, 0x0a, 0x25, 0x08, 0x0a, 0x09, 0x0a, 
	0x05, 0x20, 0x0a, 0x33, 0x0a, 0x0a, 0x48, 0x39, 
	0x3e, 0x05, 0x25, 0x10, 0x25, 0x0f, 0x0a, 0x0a, 
	0x0a, 0x0a, 0x10, 0x05, 0x0a, 0x0a, 0x03, 0x2d, 
	0x05, 0x25, 0x10, 0x09, 0x05, 0x09, 0x09, 0x0a, 
	0x0a, 0x25, 0x09, 0x33, 0x0a, 0x33, 0x43, 0x34, 
	0x3e, 0x0a, 0x06, 0x03, 0x0a, 0x0a, 0x0f, 0x0a, 
	0x0a, 0x33, 0x48, 0x25, 0x0a, 0x43, 0x0f, 0x05, 
	0x05, 0x10, 0x2d, 0x10, 0x0a, 0x25, 0x0a, 0x0a, 
	0x25, 0x20, 0x03, 0x04, 0x0a, 0x0f, 0x25, 0x1e, 
	0x4f, 0x0c, 0x0a, 0x2d, 0x10, 0x0c, 0x33, 0x0f, 
	0x0f, 0x47, 0x0a, 0x0a, 0x27, 0x37, 0x0a, 0x0a, 
	0x33, 0x33, 0x25, 0x45, 0x09, 0x33, 0x0f, 0x0a, 
	0x09, 0x0a, 0x0f, 0x20, 0x0f, 0x03, 0x0a, 0x1e, 
	0x4f, 0x10, 0x10, 0x33, 0x45, 0x0f, 0x33, 0x25, 
	0x09, 0x50, 0x0a, 0x25, 0x0f, 0x47, 0x33, 0x05, 
	0x0f, 0x2f, 0x33, 0x06, 0x0f, 0x0a, 0x0a, 0x43, 
	0x25, 0x33, 0x0a, 0x0f, 0x0a, 0x25, 0x0f, 0x1e, 
	0x4a, 0x08, 0x08, 0x0a, 0x25, 0x43, 0x25, 0x33, 
	0x0a, 0x0a, 0x09, 0x0a, 0x33, 0x33, 0x25, 0x46, 
	0x48, 0x0a, 0x0a, 0x10, 0x0a, 0x0a, 0x0a, 0x2d, 
	0x0a, 0x33, 0x33, 0x0a, 0x27, 0x25, 0x0e, 0x39, 
	0x3e, 0x03, 0x2f, 0x0a, 0x0a, 0x0e, 0x20, 0x25, 
	0x33, 0x0a, 0x25, 0x25, 0x2f, 0x45, 0x25, 0x33, 
	0x33, 0x0a, 0x0a, 0x0a, 0x0a, 0x05, 0x05, 0x33, 
	0x03, 0x0e, 0x0a, 0x2f, 0x0a, 0x09, 0x0a, 0x1e, 
	0x51, 0x04, 0x04, 0x05, 0x45, 0x0a, 0x25, 0x05, 
	0x0a, 0x0f, 0x0a, 0x0e, 0x0f, 0x33, 0x49, 0x0e, 
	0x33, 0x0a, 0x0a, 0x0f, 0x37, 0x0f, 0x0f, 0x0f, 
	0x0a, 0x33, 0x0f, 0x0a, 0x10, 0x48, 0x20, 0x1e, 
	0x3e, 0x09, 0x09, 0x0a, 0x33, 0x20, 0x0f, 0x20, 
	0x03, 0x0a, 0x0f, 0x33, 0x0a, 0x0a, 0x20, 0x0e, 
	0x33, 0x25, 0x0f, 0x46, 0x27, 0x10, 0x33, 0x25, 
	0x46, 0x20, 0x20, 0x27, 0x33, 0x0f, 0x49, 0x52, 
	0x4a, 0x09, 0x0a, 0x2f, 0x48, 0x33, 0x25, 0x33, 
	0x27, 0x0f, 0x25, 0x33, 0x0a, 0x0f, 0x05, 0x20, 
	0x20, 0x20, 0x25, 0x20, 0x25, 0x37, 0x0a, 0x20, 
	0x33, 0x0a, 0x0f, 0x48, 0x27, 0x53, 0x12, 0x4e, 
	0x1a, 0x47, 0x14, 0x52, 0x36, 0x52, 0x38, 0x54, 
	0x55, 0x3a, 0x55, 0x56, 0x55, 0x55, 0x57, 0x58, 
	0x59, 0x5a, 0x56, 0x5a, 0x4e, 0x38, 0x4e, 0x5a, 
	0x39, 0x4e, 0x5b, 0x5c, 0x52, 0x4e, 0x39, 0x34, 
	0x5d, 0x5e, 0x5f, 0x60, 0x61, 0x60, 0x62, 0x63, 
	0x60, 0x60, 0x64, 0x60, 0x60, 0x60, 0x60, 0x62, 
	0x60, 0x62, 0x65, 0x60, 0x60, 0x66, 0x67, 0x66, 
	0x62, 0x60, 0x60, 0x60, 0x63, 0x63, 0x68, 0x61, 
	
};

Gfx castle_grounds_dl__40_pal_rgba16_aligner[] = {gsSPEndDisplayList()};
u8 castle_grounds_dl__40_pal_rgba16[] = {
	0xb5, 0xaf, 0xb5, 0xad, 0xb6, 0x2f, 0xa5, 0xab, 
	0xb5, 0xab, 0xad, 0x6d, 0xad, 0xad, 0xb5, 0xed, 
	0xb5, 0x6d, 0xb5, 0x6b, 0xad, 0x6b, 0x62, 0xd9, 
	0xad, 0xed, 0xa5, 0x6f, 0xb5, 0x69, 0xa5, 0x6b, 
	0xad, 0xab, 0x94, 0xa5, 0x94, 0xe7, 0x9c, 0xa7, 
	0x94, 0xa7, 0x9c, 0xe5, 0x95, 0x27, 0x94, 0xe5, 
	0xa4, 0xe9, 0x9c, 0xe7, 0x42, 0x11, 0x9c, 0xe9, 
	0x9d, 0x27, 0x9c, 0xa5, 0x8c, 0x63, 0x41, 0xd1, 
	0xa5, 0x69, 0x94, 0xe9, 0xa4, 0xa5, 0xa4, 0xe5, 
	0xa4, 0xa7, 0xad, 0x2b, 0x9d, 0x25, 0xa5, 0x2b, 
	0x8c, 0xa5, 0x3a, 0x11, 0xbd, 0xeb, 0x94, 0x65, 
	0x42, 0x0f, 0xa5, 0x6d, 0x8c, 0xa3, 0xad, 0x2d, 
	0x8c, 0xe5, 0xa4, 0xe7, 0x9c, 0xa9, 0xad, 0x69, 
	0x8c, 0x61, 0x94, 0xa3, 0x84, 0x63, 0xb5, 0x2b, 
	0x83, 0xe1, 0x84, 0x23, 0x7b, 0xdf, 0x39, 0x8f, 
	0x42, 0x13, 0x4a, 0x11, 0x4a, 0x53, 0x42, 0x53, 
	0x39, 0xd1, 0x4a, 0x13, 0xad, 0x6f, 0xa5, 0xa9, 
	0xbd, 0x6b, 0xad, 0xa9, 0xa5, 0x2d, 0xb5, 0x29, 
	0xad, 0x29, 0xa5, 0x29, 0x4a, 0x93, 0xb5, 0xa9, 
	0xad, 0xeb, 0xb5, 0x2d, 0x84, 0x21, 0x4a, 0x95, 
	0xbd, 0x2b, 0x4a, 0x55, 0x84, 0x61, 0xa5, 0x27, 
	0x7c, 0x21, 0x7b, 0xe1, 0x83, 0xdf, 0x7c, 0x1f, 
	0x7b, 0x9f, 0x7c, 0x1d, 0x84, 0x1f, 0x7b, 0xe3, 
	0x84, 0x5f, 0x31, 0x4d, 0x39, 0xcf, 0x21, 0x49, 
	0x21, 0x09, 0x29, 0x49, 0x21, 0x0b, 0x21, 0x4b, 
	0x29, 0x0b, 0x20, 0xcb, 0x20, 0xc9, 0x21, 0x07, 
	0x29, 0x09, 
};

Gfx castle_grounds_dl__41_ci8_aligner[] = {gsSPEndDisplayList()};
u8 castle_grounds_dl__41_ci8[] = {
	0x00, 0x01, 0x02, 0x01, 0x03, 0x04, 0x05, 0x06, 
	0x07, 0x08, 0x09, 0x00, 0x0a, 0x0b, 0x0c, 0x03, 
	0x0d, 0x09, 0x0e, 0x0f, 0x10, 0x11, 0x0f, 0x03, 
	0x12, 0x13, 0x14, 0x15, 0x16, 0x01, 0x15, 0x15, 
	0x10, 0x0f, 0x15, 0x17, 0x03, 0x18, 0x03, 0x19, 
	0x0f, 0x0f, 0x1a, 0x1a, 0x16, 0x15, 0x01, 0x01, 
	0x09, 0x09, 0x09, 0x19, 0x17, 0x01, 0x17, 0x1b, 
	0x01, 0x1c, 0x1d, 0x1c, 0x1a, 0x15, 0x17, 0x17, 
	0x1e, 0x10, 0x1a, 0x15, 0x1b, 0x05, 0x1f, 0x09, 
	0x20, 0x21, 0x22, 0x23, 0x21, 0x24, 0x25, 0x1c, 
	0x0d, 0x26, 0x26, 0x27, 0x0b, 0x17, 0x0f, 0x28, 
	0x1a, 0x25, 0x29, 0x2a, 0x2b, 0x0f, 0x28, 0x00, 
	0x0f, 0x1a, 0x1a, 0x09, 0x2c, 0x18, 0x14, 0x13, 
	0x28, 0x21, 0x2d, 0x1e, 0x28, 0x03, 0x14, 0x29, 
	0x14, 0x2e, 0x2f, 0x19, 0x30, 0x00, 0x28, 0x31, 
	0x32, 0x14, 0x14, 0x33, 0x00, 0x10, 0x28, 0x34, 
	0x0f, 0x00, 0x28, 0x17, 0x2f, 0x2e, 0x14, 0x14, 
	0x35, 0x30, 0x17, 0x2f, 0x32, 0x14, 0x14, 0x14, 
	0x14, 0x04, 0x14, 0x1c, 0x30, 0x1b, 0x13, 0x36, 
	0x04, 0x14, 0x02, 0x15, 0x2c, 0x37, 0x09, 0x17, 
	0x38, 0x09, 0x09, 0x17, 0x19, 0x0a, 0x39, 0x02, 
	0x2e, 0x2e, 0x14, 0x3a, 0x14, 0x03, 0x07, 0x01, 
	0x34, 0x36, 0x29, 0x29, 0x14, 0x3b, 0x3b, 0x3c, 
	0x03, 0x00, 0x10, 0x21, 0x28, 0x09, 0x28, 0x17, 
	0x15, 0x19, 0x19, 0x17, 0x28, 0x09, 0x0a, 0x19, 
	0x30, 0x3d, 0x05, 0x32, 0x03, 0x2f, 0x30, 0x01, 
	0x28, 0x00, 0x1c, 0x12, 0x14, 0x04, 0x14, 0x1b, 
	0x17, 0x2b, 0x1a, 0x21, 0x21, 0x10, 0x31, 0x25, 
	0x00, 0x17, 0x19, 0x0a, 0x0f, 0x28, 0x00, 0x1a, 
	0x0f, 0x15, 0x14, 0x2f, 0x0f, 0x0f, 0x0f, 0x17, 
	0x28, 0x0f, 0x1a, 0x17, 0x13, 0x14, 0x3e, 0x15, 
	0x17, 0x3f, 0x24, 0x15, 0x0f, 0x0f, 0x2b, 0x40, 
	0x0a, 0x19, 0x19, 0x0a, 0x38, 0x19, 0x02, 0x30, 
	0x09, 0x17, 0x14, 0x30, 0x08, 0x10, 0x41, 0x09, 
	0x30, 0x15, 0x0a, 0x0a, 0x01, 0x14, 0x1b, 0x09, 
	0x19, 0x15, 0x24, 0x00, 0x17, 0x0f, 0x10, 0x17, 
	0x42, 0x0a, 0x17, 0x19, 0x1e, 0x43, 0x28, 0x15, 
	0x17, 0x1f, 0x14, 0x2f, 0x0a, 0x17, 0x09, 0x0f, 
	0x44, 0x2f, 0x2c, 0x2c, 0x03, 0x18, 0x0c, 0x19, 
	0x19, 0x0f, 0x1a, 0x28, 0x09, 0x45, 0x46, 0x21, 
	0x0a, 0x0f, 0x1a, 0x1a, 0x10, 0x43, 0x0f, 0x0a, 
	0x34, 0x36, 0x3b, 0x0c, 0x0a, 0x19, 0x30, 0x17, 
	0x0a, 0x15, 0x00, 0x47, 0x36, 0x29, 0x00, 0x19, 
	0x3d, 0x30, 0x28, 0x48, 0x43, 0x43, 0x0f, 0x28, 
	0x03, 0x2c, 0x25, 0x01, 0x0f, 0x09, 0x0f, 0x19, 
	0x34, 0x14, 0x14, 0x07, 0x19, 0x19, 0x2f, 0x1b, 
	0x09, 0x0f, 0x0f, 0x17, 0x1b, 0x36, 0x34, 0x17, 
	0x0c, 0x1c, 0x34, 0x2c, 0x49, 0x4a, 0x1c, 0x12, 
	0x32, 0x4b, 0x0c, 0x44, 0x09, 0x09, 0x09, 0x3e, 
	0x14, 0x14, 0x35, 0x30, 0x19, 0x0f, 0x19, 0x1b, 
	0x1b, 0x19, 0x09, 0x09, 0x0d, 0x3e, 0x32, 0x4c, 
	0x4c, 0x30, 0x2c, 0x17, 0x3e, 0x3e, 0x12, 0x14, 
	0x4a, 0x4a, 0x2e, 0x14, 0x14, 0x2e, 0x35, 0x2e, 
	0x32, 0x03, 0x2f, 0x30, 0x2f, 0x17, 0x0a, 0x17, 
	0x33, 0x17, 0x19, 0x17, 0x34, 0x4a, 0x1b, 0x0c, 
	0x4c, 0x4c, 0x3c, 0x3c, 0x14, 0x32, 0x1c, 0x1c, 
	0x09, 0x17, 0x1b, 0x12, 0x14, 0x05, 0x06, 0x33, 
	0x00, 0x17, 0x0a, 0x0a, 0x19, 0x28, 0x0f, 0x1a, 
	0x1a, 0x0f, 0x1a, 0x17, 0x2c, 0x28, 0x0f, 0x0a, 
	0x30, 0x35, 0x1d, 0x05, 0x2e, 0x1f, 0x09, 0x28, 
	0x10, 0x0f, 0x17, 0x00, 0x3c, 0x04, 0x06, 0x01, 
	0x28, 0x0f, 0x16, 0x21, 0x0f, 0x1a, 0x01, 0x1b, 
	0x15, 0x15, 0x15, 0x17, 0x1b, 0x1b, 0x19, 0x0f, 
	0x17, 0x01, 0x3c, 0x07, 0x17, 0x17, 0x09, 0x09, 
	0x28, 0x09, 0x2c, 0x09, 0x1b, 0x18, 0x1b, 0x0f, 
	0x0a, 0x0a, 0x4d, 0x1a, 0x1a, 0x15, 0x15, 0x30, 
	0x17, 0x17, 0x17, 0x17, 0x44, 0x30, 0x34, 0x00, 
	0x17, 0x30, 0x02, 0x15, 0x0a, 0x17, 0x17, 0x01, 
	0x34, 0x17, 0x2c, 0x09, 0x4e, 0x04, 0x03, 0x19, 
	0x17, 0x15, 0x15, 0x15, 0x15, 0x0f, 0x16, 0x39, 
	0x0f, 0x0f, 0x10, 0x10, 0x0f, 0x0f, 0x17, 0x1c, 
	0x17, 0x34, 0x12, 0x15, 0x0a, 0x17, 0x1a, 0x1a, 
	0x17, 0x17, 0x1c, 0x34, 0x4f, 0x04, 0x32, 0x2c, 
	0x30, 0x0f, 0x0f, 0x0f, 0x16, 0x21, 0x0f, 0x0a, 
	0x2d, 0x50, 0x11, 0x1a, 0x0f, 0x16, 0x0a, 0x19, 
	0x42, 0x30, 0x35, 0x30, 0x17, 0x00, 0x1a, 0x0f, 
	0x16, 0x1a, 0x1c, 0x1b, 0x4a, 0x3a, 0x3e, 0x34, 
	0x0c, 0x2f, 0x19, 0x17, 0x0a, 0x1a, 0x1b, 0x02, 
	0x24, 0x1a, 0x0f, 0x0f, 0x0f, 0x51, 0x51, 0x19, 
	0x39, 0x52, 0x14, 0x07, 0x19, 0x19, 0x2c, 0x17, 
	0x38, 0x38, 0x1a, 0x17, 0x34, 0x14, 0x14, 0x36, 
	0x32, 0x03, 0x3e, 0x03, 0x14, 0x03, 0x14, 0x14, 
	0x29, 0x36, 0x53, 0x1b, 0x17, 0x0a, 0x30, 0x1b, 
	0x03, 0x2e, 0x14, 0x02, 0x19, 0x0f, 0x30, 0x3d, 
	0x54, 0x38, 0x0f, 0x28, 0x17, 0x01, 0x02, 0x14, 
	0x14, 0x02, 0x1c, 0x13, 0x14, 0x32, 0x1c, 0x1b, 
	0x03, 0x14, 0x29, 0x14, 0x35, 0x07, 0x0c, 0x14, 
	0x14, 0x3e, 0x17, 0x17, 0x0f, 0x54, 0x17, 0x0c, 
	0x17, 0x0f, 0x09, 0x34, 0x34, 0x17, 0x30, 0x33, 
	0x55, 0x3c, 0x04, 0x14, 0x14, 0x34, 0x28, 0x49, 
	0x2f, 0x30, 0x02, 0x14, 0x1d, 0x1d, 0x3c, 0x36, 
	0x12, 0x30, 0x0a, 0x17, 0x17, 0x00, 0x00, 0x0c, 
	0x42, 0x51, 0x0f, 0x00, 0x28, 0x43, 0x28, 0x56, 
	0x00, 0x12, 0x3b, 0x32, 0x1c, 0x2b, 0x1a, 0x17, 
	0x00, 0x0f, 0x1a, 0x17, 0x1c, 0x29, 0x02, 0x00, 
	0x01, 0x15, 0x0f, 0x09, 0x28, 0x1a, 0x16, 0x0f, 
	0x54, 0x0a, 0x15, 0x24, 0x24, 0x28, 0x2c, 0x28, 
	0x28, 0x00, 0x12, 0x17, 0x1a, 0x0f, 0x1a, 0x01, 
	0x00, 0x15, 0x15, 0x17, 0x40, 0x1d, 0x1f, 0x19, 
	0x1a, 0x28, 0x1a, 0x0f, 0x0f, 0x1a, 0x0f, 0x0a, 
	0x00, 0x17, 0x15, 0x0f, 0x0f, 0x15, 0x17, 0x09, 
	0x0a, 0x4d, 0x35, 0x17, 0x0a, 0x54, 0x17, 0x35, 
	0x06, 0x30, 0x28, 0x28, 0x1c, 0x04, 0x57, 0x0a, 
	0x1a, 0x34, 0x34, 0x28, 0x0f, 0x10, 0x28, 0x00, 
	0x09, 0x0f, 0x0a, 0x0f, 0x0f, 0x1a, 0x00, 0x17, 
	0x00, 0x02, 0x14, 0x1b, 0x0f, 0x1e, 0x21, 0x17, 
	0x07, 0x00, 0x28, 0x0f, 0x03, 0x04, 0x32, 0x09, 
	0x09, 0x17, 0x28, 0x2b, 0x28, 0x10, 0x43, 0x17, 
	0x16, 0x16, 0x17, 0x19, 0x54, 0x54, 0x0f, 0x1a, 
	0x00, 0x2a, 0x14, 0x49, 0x19, 0x0f, 0x21, 0x0f, 
	0x01, 0x24, 0x2b, 0x10, 0x00, 0x3b, 0x2e, 0x27, 
	0x19, 0x0a, 0x16, 0x1a, 0x10, 0x21, 0x21, 0x16, 
	0x07, 0x01, 0x00, 0x17, 0x0f, 0x0f, 0x17, 0x00, 
	0x13, 0x14, 0x36, 0x2c, 0x17, 0x17, 0x30, 0x30, 
	0x30, 0x3f, 0x07, 0x17, 0x1c, 0x29, 0x18, 0x2e, 
	0x03, 0x01, 0x0f, 0x15, 0x28, 0x17, 0x34, 0x35, 
	0x00, 0x25, 0x2a, 0x12, 0x17, 0x2f, 0x03, 0x14, 
	0x14, 0x2e, 0x35, 0x1b, 0x24, 0x1a, 0x1c, 0x02, 
	0x0f, 0x38, 0x0f, 0x09, 0x1a, 0x13, 0x14, 0x18, 
	0x05, 0x2e, 0x1f, 0x35, 0x3c, 0x3c, 0x3c, 0x12, 
	0x10, 0x0f, 0x02, 0x14, 0x14, 0x18, 0x3a, 0x36, 
	0x3e, 0x30, 0x1b, 0x1b, 0x28, 0x0f, 0x34, 0x1c, 
	0x19, 0x0f, 0x09, 0x58, 0x20, 0x20, 0x26, 0x1f, 
	0x14, 0x04, 0x18, 0x05, 0x14, 0x25, 0x01, 0x34, 
	0x43, 0x54, 0x30, 0x1c, 0x59, 0x18, 0x36, 0x47, 
	0x34, 0x03, 0x13, 0x01, 0x5a, 0x4d, 0x4d, 0x02, 
	0x1c, 0x2c, 0x2c, 0x19, 0x16, 0x5b, 0x5b, 0x0f, 
	0x2a, 0x29, 0x04, 0x14, 0x32, 0x1a, 0x15, 0x13, 
	
};

Gfx castle_grounds_dl__41_pal_rgba16_aligner[] = {gsSPEndDisplayList()};
u8 castle_grounds_dl__41_pal_rgba16[] = {
	0xa5, 0x6b, 0xa5, 0x69, 0x9d, 0x27, 0x9c, 0xe7, 
	0x8c, 0x63, 0x94, 0xa3, 0x9d, 0x25, 0xa5, 0x67, 
	0xb5, 0xeb, 0xb5, 0x6d, 0xb5, 0xab, 0xb5, 0x69, 
	0xa5, 0x27, 0xad, 0x2d, 0xbd, 0x6f, 0xb5, 0xad, 
	0xb5, 0xaf, 0xad, 0xaf, 0x94, 0xe7, 0x9c, 0xe9, 
	0x94, 0xa5, 0xad, 0xab, 0xb5, 0xed, 0xad, 0x6b, 
	0x94, 0x63, 0xb5, 0x6b, 0xad, 0xad, 0xa5, 0x29, 
	0x9d, 0x29, 0x8c, 0xa3, 0xbd, 0xef, 0xa4, 0xe7, 
	0xbd, 0xaf, 0xb5, 0xef, 0xbe, 0x2f, 0xbe, 0x31, 
	0xa5, 0xab, 0x9d, 0x69, 0xb5, 0x2b, 0xb5, 0x29, 
	0xad, 0x6d, 0x8c, 0xa5, 0x95, 0x27, 0xa5, 0x6d, 
	0xad, 0x2b, 0xb6, 0x2f, 0x9c, 0xa5, 0xad, 0x29, 
	0xad, 0x69, 0xa5, 0x2d, 0x9c, 0xa7, 0x9d, 0x67, 
	0xa5, 0x2b, 0x9c, 0xe5, 0x94, 0xa7, 0xb5, 0x2d, 
	0xbd, 0xed, 0xb5, 0xa9, 0x94, 0x65, 0x8c, 0x65, 
	0x94, 0xe5, 0xad, 0x27, 0xa4, 0xe9, 0xa5, 0xa9, 
	0x9d, 0x6b, 0xb5, 0xb1, 0xbd, 0xeb, 0xb5, 0x6f, 
	0xad, 0x67, 0xbd, 0xb1, 0xbd, 0xf1, 0x9d, 0x2b, 
	0xad, 0x6f, 0xac, 0xeb, 0xa4, 0xeb, 0xa4, 0xa9, 
	0xa4, 0xe5, 0xad, 0xa9, 0x9c, 0xeb, 0x9c, 0xa9, 
	0xad, 0xef, 0xbd, 0xab, 0xa5, 0x25, 0x94, 0xe9, 
	0xbd, 0xad, 0x95, 0x25, 0xa5, 0xad, 0xac, 0xe7, 
	0xbd, 0x6d, 0x95, 0x29, 0x9d, 0xa9, 0xc5, 0xf1, 
	
};

Gfx castle_grounds_dl__42_ci8_aligner[] = {gsSPEndDisplayList()};
u8 castle_grounds_dl__42_ci8[] = {
	0x00, 0x01, 0x01, 0x01, 0x01, 0x01, 0x01, 0x01, 
	0x01, 0x01, 0x01, 0x01, 0x01, 0x01, 0x01, 0x01, 
	0x00, 0x01, 0x01, 0x01, 0x01, 0x01, 0x01, 0x01, 
	0x01, 0x01, 0x01, 0x01, 0x01, 0x01, 0x01, 0x01, 
	0x02, 0x03, 0x04, 0x05, 0x03, 0x04, 0x04, 0x04, 
	0x03, 0x05, 0x05, 0x06, 0x07, 0x08, 0x09, 0x01, 
	0x02, 0x03, 0x04, 0x05, 0x03, 0x04, 0x04, 0x04, 
	0x03, 0x05, 0x05, 0x06, 0x07, 0x08, 0x09, 0x01, 
	0x0a, 0x0b, 0x0c, 0x0c, 0x0c, 0x0c, 0x0b, 0x0d, 
	0x04, 0x04, 0x09, 0x0d, 0x08, 0x0c, 0x0e, 0x01, 
	0x0a, 0x0b, 0x0c, 0x0c, 0x0c, 0x0c, 0x0b, 0x0d, 
	0x04, 0x04, 0x09, 0x0d, 0x08, 0x0c, 0x0e, 0x01, 
	0x0f, 0x03, 0x0e, 0x10, 0x11, 0x11, 0x09, 0x04, 
	0x0e, 0x0c, 0x00, 0x09, 0x12, 0x0c, 0x12, 0x01, 
	0x0f, 0x03, 0x0e, 0x10, 0x11, 0x11, 0x09, 0x04, 
	0x0e, 0x0c, 0x00, 0x09, 0x12, 0x0c, 0x12, 0x01, 
	0x02, 0x04, 0x13, 0x11, 0x12, 0x14, 0x15, 0x09, 
	0x0e, 0x13, 0x12, 0x0b, 0x13, 0x11, 0x12, 0x01, 
	0x02, 0x04, 0x13, 0x11, 0x12, 0x14, 0x15, 0x09, 
	0x0e, 0x13, 0x12, 0x0b, 0x13, 0x11, 0x12, 0x01, 
	0x02, 0x04, 0x13, 0x11, 0x12, 0x14, 0x15, 0x09, 
	0x0e, 0x13, 0x12, 0x0b, 0x13, 0x11, 0x12, 0x01, 
	0x02, 0x04, 0x13, 0x11, 0x12, 0x14, 0x15, 0x09, 
	0x0e, 0x13, 0x12, 0x0b, 0x13, 0x11, 0x12, 0x01, 
	0x16, 0x09, 0x0c, 0x13, 0x12, 0x11, 0x13, 0x0c, 
	0x00, 0x12, 0x12, 0x0e, 0x0c, 0x17, 0x11, 0x01, 
	0x16, 0x09, 0x0c, 0x13, 0x12, 0x11, 0x13, 0x0c, 
	0x00, 0x12, 0x12, 0x0e, 0x0c, 0x17, 0x11, 0x01, 
	0x18, 0x11, 0x0c, 0x13, 0x0c, 0x12, 0x0e, 0x12, 
	0x12, 0x12, 0x13, 0x0e, 0x0c, 0x17, 0x17, 0x01, 
	0x18, 0x11, 0x0c, 0x13, 0x0c, 0x12, 0x0e, 0x12, 
	0x12, 0x12, 0x13, 0x0e, 0x0c, 0x17, 0x17, 0x01, 
	0x18, 0x11, 0x0c, 0x13, 0x0c, 0x12, 0x0e, 0x12, 
	0x12, 0x12, 0x13, 0x0e, 0x0c, 0x17, 0x17, 0x01, 
	0x18, 0x11, 0x0c, 0x13, 0x0c, 0x12, 0x0e, 0x12, 
	0x12, 0x12, 0x13, 0x0e, 0x0c, 0x17, 0x17, 0x01, 
	0x19, 0x1a, 0x0a, 0x0a, 0x0a, 0x0a, 0x16, 0x1b, 
	0x0a, 0x1c, 0x0a, 0x1d, 0x0f, 0x02, 0x1a, 0x12, 
	0x19, 0x1a, 0x0a, 0x0a, 0x0a, 0x0a, 0x16, 0x1b, 
	0x0a, 0x1c, 0x0a, 0x1d, 0x0f, 0x02, 0x1a, 0x12, 
	0x00, 0x01, 0x01, 0x01, 0x01, 0x01, 0x01, 0x01, 
	0x01, 0x01, 0x01, 0x01, 0x01, 0x01, 0x01, 0x01, 
	0x00, 0x01, 0x01, 0x01, 0x01, 0x01, 0x01, 0x01, 
	0x01, 0x01, 0x01, 0x01, 0x01, 0x01, 0x01, 0x01, 
	0x02, 0x03, 0x04, 0x05, 0x03, 0x04, 0x04, 0x04, 
	0x03, 0x05, 0x05, 0x06, 0x07, 0x08, 0x09, 0x01, 
	0x02, 0x03, 0x04, 0x05, 0x03, 0x04, 0x04, 0x04, 
	0x03, 0x05, 0x05, 0x06, 0x07, 0x08, 0x09, 0x01, 
	0x0a, 0x0b, 0x0c, 0x0c, 0x0c, 0x0c, 0x0b, 0x0d, 
	0x04, 0x04, 0x09, 0x0d, 0x08, 0x0c, 0x0e, 0x01, 
	0x0a, 0x0b, 0x0c, 0x0c, 0x0c, 0x0c, 0x0b, 0x0d, 
	0x04, 0x04, 0x09, 0x0d, 0x08, 0x0c, 0x0e, 0x01, 
	0x0f, 0x03, 0x0e, 0x10, 0x11, 0x11, 0x09, 0x04, 
	0x0e, 0x0c, 0x00, 0x09, 0x12, 0x0c, 0x12, 0x01, 
	0x0f, 0x03, 0x0e, 0x10, 0x11, 0x11, 0x09, 0x04, 
	0x0e, 0x0c, 0x00, 0x09, 0x12, 0x0c, 0x12, 0x01, 
	0x02, 0x04, 0x13, 0x11, 0x12, 0x14, 0x15, 0x09, 
	0x0e, 0x13, 0x12, 0x0b, 0x13, 0x11, 0x12, 0x01, 
	0x02, 0x04, 0x13, 0x11, 0x12, 0x14, 0x15, 0x09, 
	0x0e, 0x13, 0x12, 0x0b, 0x13, 0x11, 0x12, 0x01, 
	0x02, 0x04, 0x13, 0x11, 0x12, 0x14, 0x15, 0x09, 
	0x0e, 0x13, 0x12, 0x0b, 0x13, 0x11, 0x12, 0x01, 
	0x02, 0x04, 0x13, 0x11, 0x12, 0x14, 0x15, 0x09, 
	0x0e, 0x13, 0x12, 0x0b, 0x13, 0x11, 0x12, 0x01, 
	0x16, 0x09, 0x0c, 0x13, 0x12, 0x11, 0x13, 0x0c, 
	0x00, 0x12, 0x12, 0x0e, 0x0c, 0x17, 0x11, 0x01, 
	0x16, 0x09, 0x0c, 0x13, 0x12, 0x11, 0x13, 0x0c, 
	0x00, 0x12, 0x12, 0x0e, 0x0c, 0x17, 0x11, 0x01, 
	0x18, 0x11, 0x0c, 0x13, 0x0c, 0x12, 0x0e, 0x12, 
	0x12, 0x12, 0x13, 0x0e, 0x0c, 0x17, 0x17, 0x01, 
	0x18, 0x11, 0x0c, 0x13, 0x0c, 0x12, 0x0e, 0x12, 
	0x12, 0x12, 0x13, 0x0e, 0x0c, 0x17, 0x17, 0x01, 
	0x18, 0x11, 0x0c, 0x13, 0x0c, 0x12, 0x0e, 0x12, 
	0x12, 0x12, 0x13, 0x0e, 0x0c, 0x17, 0x17, 0x01, 
	0x18, 0x11, 0x0c, 0x13, 0x0c, 0x12, 0x0e, 0x12, 
	0x12, 0x12, 0x13, 0x0e, 0x0c, 0x17, 0x17, 0x01, 
	0x19, 0x1a, 0x0a, 0x0a, 0x0a, 0x0a, 0x16, 0x1b, 
	0x0a, 0x1c, 0x0a, 0x1d, 0x0f, 0x02, 0x1a, 0x12, 
	0x19, 0x1a, 0x0a, 0x0a, 0x0a, 0x0a, 0x16, 0x1b, 
	0x0a, 0x1c, 0x0a, 0x1d, 0x0f, 0x02, 0x1a, 0x12, 
	0x1e, 0x1e, 0x1e, 0x1e, 0x1e, 0x1e, 0x1e, 0x1e, 
	0x1f, 0x20, 0x20, 0x20, 0x20, 0x20, 0x20, 0x20, 
	0x20, 0x20, 0x20, 0x20, 0x20, 0x20, 0x20, 0x20, 
	0x21, 0x1e, 0x1e, 0x1e, 0x1e, 0x1e, 0x1e, 0x1e, 
	0x22, 0x22, 0x22, 0x23, 0x24, 0x25, 0x26, 0x1e, 
	0x27, 0x28, 0x29, 0x28, 0x28, 0x2a, 0x2a, 0x2a, 
	0x28, 0x28, 0x28, 0x2b, 0x2c, 0x29, 0x29, 0x20, 
	0x2d, 0x22, 0x26, 0x22, 0x24, 0x2e, 0x2e, 0x2e, 
	0x2e, 0x26, 0x26, 0x24, 0x25, 0x2f, 0x2f, 0x1e, 
	0x30, 0x1f, 0x31, 0x31, 0x31, 0x31, 0x1f, 0x2a, 
	0x2a, 0x29, 0x29, 0x2a, 0x29, 0x32, 0x31, 0x20, 
	0x33, 0x34, 0x2f, 0x2f, 0x2f, 0x2f, 0x34, 0x24, 
	0x2e, 0x26, 0x26, 0x24, 0x25, 0x2f, 0x2f, 0x1e, 
	0x30, 0x1f, 0x31, 0x31, 0x31, 0x31, 0x1f, 0x2a, 
	0x2a, 0x29, 0x29, 0x2a, 0x29, 0x32, 0x31, 0x20, 
	0x33, 0x34, 0x2f, 0x2f, 0x2f, 0x2f, 0x34, 0x24, 
	0x35, 0x2f, 0x21, 0x26, 0x21, 0x2f, 0x36, 0x1e, 
	0x30, 0x28, 0x37, 0x38, 0x39, 0x39, 0x29, 0x29, 
	0x37, 0x31, 0x1f, 0x29, 0x1f, 0x32, 0x3a, 0x20, 
	0x33, 0x24, 0x35, 0x3b, 0x3c, 0x3c, 0x26, 0x26, 
	0x35, 0x2f, 0x21, 0x26, 0x21, 0x2f, 0x36, 0x1e, 
	0x30, 0x28, 0x37, 0x38, 0x39, 0x39, 0x29, 0x29, 
	0x37, 0x31, 0x1f, 0x29, 0x1f, 0x32, 0x3a, 0x20, 
	0x33, 0x24, 0x35, 0x3b, 0x3c, 0x3c, 0x26, 0x26, 
	0x35, 0x2f, 0x21, 0x34, 0x2f, 0x2f, 0x36, 0x1e, 
	0x27, 0x29, 0x31, 0x39, 0x3a, 0x39, 0x39, 0x29, 
	0x37, 0x31, 0x1f, 0x1f, 0x39, 0x32, 0x3a, 0x20, 
	0x2d, 0x26, 0x2f, 0x3c, 0x36, 0x3c, 0x2f, 0x26, 
	0x35, 0x2f, 0x21, 0x34, 0x2f, 0x2f, 0x36, 0x1e, 
	0x27, 0x29, 0x31, 0x39, 0x3a, 0x39, 0x39, 0x29, 
	0x37, 0x31, 0x1f, 0x1f, 0x39, 0x32, 0x3a, 0x20, 
	0x2d, 0x26, 0x2f, 0x3c, 0x36, 0x3c, 0x2f, 0x26, 
	0x25, 0x21, 0x21, 0x35, 0x2f, 0x3b, 0x3c, 0x1e, 
	0x27, 0x29, 0x31, 0x31, 0x3a, 0x39, 0x31, 0x31, 
	0x1f, 0x1f, 0x1f, 0x37, 0x31, 0x38, 0x39, 0x20, 
	0x2d, 0x26, 0x2f, 0x2f, 0x36, 0x3c, 0x2f, 0x2f, 
	0x21, 0x36, 0x2f, 0x2f, 0x2f, 0x3b, 0x3b, 0x1e, 
	0x3d, 0x32, 0x32, 0x31, 0x31, 0x1f, 0x37, 0x1f, 
	0x1f, 0x3a, 0x39, 0x31, 0x31, 0x38, 0x38, 0x20, 
	0x1b, 0x2f, 0x2f, 0x2f, 0x2f, 0x21, 0x35, 0x21, 
	0x21, 0x36, 0x2f, 0x2f, 0x2f, 0x3b, 0x3b, 0x1e, 
	0x3d, 0x32, 0x32, 0x31, 0x31, 0x1f, 0x37, 0x1f, 
	0x1f, 0x3a, 0x39, 0x31, 0x31, 0x38, 0x38, 0x20, 
	0x1b, 0x2f, 0x2f, 0x2f, 0x2f, 0x21, 0x35, 0x21, 
	0x33, 0x33, 0x33, 0x33, 0x33, 0x2d, 0x3e, 0x21, 
	0x3f, 0x40, 0x30, 0x30, 0x30, 0x30, 0x27, 0x41, 
	0x30, 0x38, 0x30, 0x30, 0x30, 0x27, 0x40, 0x1f, 
	0x02, 0x3e, 0x33, 0x33, 0x33, 0x33, 0x2d, 0x2d, 
	
};

Gfx castle_grounds_dl__42_pal_rgba16_aligner[] = {gsSPEndDisplayList()};
u8 castle_grounds_dl__42_pal_rgba16[] = {
	0x5a, 0xd7, 0x8c, 0x63, 0x21, 0x09, 0x73, 0x9b, 
	0x6b, 0x59, 0x73, 0xdd, 0x84, 0x61, 0x6b, 0x9b, 
	0x63, 0x17, 0x63, 0x19, 0x29, 0x4b, 0x5a, 0xd5, 
	0x4a, 0x53, 0x6b, 0x5b, 0x52, 0x93, 0x29, 0x49, 
	0x39, 0xcf, 0x42, 0x11, 0x52, 0x95, 0x4a, 0x51, 
	0x42, 0x0f, 0x42, 0x51, 0x21, 0x07, 0x31, 0xcd, 
	0x10, 0x85, 0x00, 0x01, 0x18, 0xc7, 0x21, 0x49, 
	0x31, 0x8d, 0x29, 0x8b, 0x64, 0x15, 0x6a, 0x19, 
	0x8b, 0x23, 0x3a, 0xcd, 0x4b, 0x91, 0x5c, 0x13, 
	0x4b, 0x51, 0x43, 0x0f, 0x43, 0x4f, 0x41, 0x0f, 
	0x7a, 0x9d, 0x72, 0x5b, 0x72, 0x9b, 0x8b, 0x21, 
	0x72, 0x9d, 0x21, 0xc9, 0x4b, 0x4f, 0x32, 0x8b, 
	0x41, 0x51, 0x61, 0xd7, 0x59, 0xd7, 0x22, 0x09, 
	0x43, 0x0d, 0x3a, 0x8b, 0x32, 0xcd, 0x6a, 0x17, 
	0x51, 0x53, 0x59, 0xd5, 0x61, 0xd9, 0x2a, 0x0b, 
	0x2a, 0x8b, 0x39, 0x0d, 0x21, 0x89, 0x29, 0x0b, 
	0x39, 0x0f, 0x41, 0x11, 
};

Gfx castle_grounds_dl__43_ci8_aligner[] = {gsSPEndDisplayList()};
u8 castle_grounds_dl__43_ci8[] = {
	0x00, 0x00, 0x00, 0x00, 0x00, 0x00, 0x00, 0x00, 
	0x00, 0x00, 0x00, 0x00, 0x00, 0x00, 0x00, 0x00, 
	0x00, 0x00, 0x00, 0x00, 0x00, 0x00, 0x00, 0x00, 
	0x00, 0x00, 0x00, 0x00, 0x00, 0x00, 0x00, 0x00, 
	0x00, 0x00, 0x00, 0x00, 0x00, 0x00, 0x00, 0x00, 
	0x00, 0x00, 0x00, 0x00, 0x00, 0x00, 0x00, 0x00, 
	0x00, 0x00, 0x00, 0x00, 0x00, 0x00, 0x00, 0x00, 
	0x00, 0x00, 0x00, 0x00, 0x00, 0x00, 0x00, 0x00, 
	0x00, 0x00, 0x00, 0x00, 0x00, 0x00, 0x00, 0x00, 
	0x00, 0x00, 0x00, 0x00, 0x00, 0x00, 0x00, 0x00, 
	0x00, 0x00, 0x00, 0x00, 0x00, 0x00, 0x00, 0x00, 
	0x00, 0x00, 0x00, 0x00, 0x00, 0x00, 0x00, 0x00, 
	0x00, 0x00, 0x00, 0x00, 0x00, 0x00, 0x00, 0x00, 
	0x00, 0x00, 0x00, 0x00, 0x00, 0x00, 0x00, 0x00, 
	0x00, 0x00, 0x00, 0x00, 0x00, 0x00, 0x00, 0x00, 
	0x00, 0x00, 0x00, 0x00, 0x00, 0x00, 0x00, 0x00, 
	0x00, 0x00, 0x00, 0x00, 0x00, 0x00, 0x00, 0x00, 
	0x00, 0x00, 0x00, 0x00, 0x00, 0x00, 0x00, 0x00, 
	0x00, 0x00, 0x00, 0x00, 0x00, 0x00, 0x00, 0x00, 
	0x00, 0x00, 0x00, 0x00, 0x00, 0x00, 0x00, 0x00, 
	0x00, 0x00, 0x00, 0x00, 0x00, 0x00, 0x00, 0x00, 
	0x00, 0x00, 0x00, 0x00, 0x00, 0x00, 0x00, 0x00, 
	0x00, 0x00, 0x00, 0x00, 0x00, 0x00, 0x00, 0x00, 
	0x00, 0x00, 0x00, 0x00, 0x00, 0x00, 0x00, 0x00, 
	0x00, 0x00, 0x00, 0x00, 0x00, 0x00, 0x00, 0x00, 
	0x00, 0x00, 0x00, 0x00, 0x00, 0x00, 0x00, 0x00, 
	0x00, 0x00, 0x00, 0x00, 0x00, 0x00, 0x00, 0x00, 
	0x00, 0x00, 0x00, 0x00, 0x00, 0x00, 0x00, 0x00, 
	0x00, 0x00, 0x00, 0x00, 0x00, 0x00, 0x00, 0x00, 
	0x01, 0x01, 0x01, 0x01, 0x01, 0x01, 0x02, 0x01, 
	0x01, 0x02, 0x01, 0x01, 0x01, 0x01, 0x01, 0x01, 
	0x01, 0x01, 0x00, 0x00, 0x00, 0x00, 0x00, 0x00, 
	0x00, 0x00, 0x00, 0x00, 0x00, 0x01, 0x01, 0x02, 
	0x02, 0x02, 0x03, 0x03, 0x03, 0x03, 0x03, 0x03, 
	0x04, 0x04, 0x04, 0x03, 0x03, 0x03, 0x02, 0x03, 
	0x02, 0x01, 0x01, 0x01, 0x01, 0x00, 0x00, 0x00, 
	0x00, 0x00, 0x01, 0x01, 0x02, 0x03, 0x03, 0x04, 
	0x04, 0x04, 0x05, 0x05, 0x05, 0x04, 0x05, 0x06, 
	0x06, 0x06, 0x07, 0x05, 0x04, 0x07, 0x05, 0x05, 
	0x03, 0x02, 0x03, 0x02, 0x01, 0x01, 0x01, 0x00, 
	0x01, 0x02, 0x02, 0x03, 0x04, 0x04, 0x05, 0x07, 
	0x07, 0x07, 0x08, 0x09, 0x06, 0x06, 0x09, 0x0a, 
	0x09, 0x08, 0x08, 0x08, 0x08, 0x06, 0x06, 0x06, 
	0x07, 0x04, 0x05, 0x04, 0x04, 0x02, 0x02, 0x01, 
	0x02, 0x03, 0x03, 0x05, 0x05, 0x07, 0x06, 0x06, 
	0x07, 0x06, 0x08, 0x0a, 0x0b, 0x0c, 0x0b, 0x0d, 
	0x0e, 0x08, 0x06, 0x0c, 0x0e, 0x0a, 0x0c, 0x0c, 
	0x08, 0x06, 0x06, 0x07, 0x05, 0x05, 0x04, 0x02, 
	0x03, 0x04, 0x07, 0x08, 0x0a, 0x08, 0x09, 0x0c, 
	0x0a, 0x0c, 0x0d, 0x0d, 0x0f, 0x0b, 0x0d, 0x10, 
	0x10, 0x0e, 0x0c, 0x0b, 0x0d, 0x0d, 0x0f, 0x0e, 
	0x0c, 0x0e, 0x0a, 0x07, 0x06, 0x06, 0x05, 0x04, 
	0x07, 0x06, 0x0a, 0x0a, 0x0c, 0x0e, 0x0d, 0x0b, 
	0x0d, 0x10, 0x11, 0x0f, 0x0f, 0x10, 0x10, 0x10, 
	0x11, 0x0f, 0x11, 0x11, 0x0f, 0x0d, 0x0f, 0x0c, 
	0x0b, 0x0b, 0x0b, 0x0c, 0x0a, 0x0a, 0x06, 0x07, 
	0x08, 0x0a, 0x0e, 0x0e, 0x0d, 0x11, 0x0d, 0x0f, 
	0x10, 0x10, 0x10, 0x12, 0x12, 0x13, 0x12, 0x10, 
	0x0f, 0x0f, 0x10, 0x12, 0x10, 0x10, 0x11, 0x0e, 
	0x0d, 0x0f, 0x11, 0x11, 0x0b, 0x0c, 0x0a, 0x09, 
	0x09, 0x0a, 0x0e, 0x0d, 0x10, 0x11, 0x0f, 0x10, 
	0x10, 0x12, 0x12, 0x10, 0x10, 0x10, 0x0f, 0x0b, 
	0x12, 0x14, 0x13, 0x10, 0x12, 0x12, 0x10, 0x10, 
	0x10, 0x0f, 0x0d, 0x11, 0x0f, 0x0e, 0x0a, 0x09, 
	0x0c, 0x0e, 0x0c, 0x0f, 0x10, 0x0f, 0x11, 0x12, 
	0x12, 0x12, 0x14, 0x12, 0x15, 0x14, 0x0f, 0x12, 
	0x13, 0x12, 0x12, 0x12, 0x13, 0x10, 0x10, 0x10, 
	0x12, 0x10, 0x0f, 0x0f, 0x11, 0x0f, 0x0e, 0x08, 
	0x0d, 0x0e, 0x0b, 0x10, 0x12, 0x10, 0x10, 0x15, 
	0x16, 0x14, 0x17, 0x12, 0x10, 0x12, 0x10, 0x17, 
	0x18, 0x14, 0x11, 0x10, 0x10, 0x10, 0x10, 0x10, 
	0x12, 0x10, 0x12, 0x12, 0x10, 0x10, 0x0b, 0x0a, 
	0x0d, 0x0b, 0x10, 0x12, 0x10, 0x12, 0x10, 0x13, 
	0x13, 0x14, 0x15, 0x13, 0x18, 0x17, 0x17, 0x16, 
	0x14, 0x15, 0x18, 0x14, 0x14, 0x13, 0x12, 0x10, 
	0x12, 0x12, 0x10, 0x12, 0x10, 0x10, 0x0d, 0x0e, 
	0x0e, 0x0e, 0x10, 0x14, 0x15, 0x15, 0x12, 0x10, 
	0x10, 0x12, 0x14, 0x15, 0x19, 0x16, 0x12, 0x15, 
	0x19, 0x19, 0x17, 0x12, 0x17, 0x13, 0x14, 0x12, 
	0x10, 0x11, 0x11, 0x11, 0x0f, 0x0b, 0x0e, 0x0b, 
	0x10, 0x10, 0x10, 0x13, 0x13, 0x12, 0x15, 0x14, 
	0x10, 0x10, 0x14, 0x12, 0x14, 0x17, 0x16, 0x1a, 
	0x17, 0x15, 0x19, 0x16, 0x18, 0x12, 0x15, 0x12, 
	0x12, 0x14, 0x13, 0x10, 0x10, 0x10, 0x10, 0x0f, 
	0x0d, 0x10, 0x10, 0x12, 0x12, 0x12, 0x12, 0x14, 
	0x15, 0x13, 0x18, 0x18, 0x18, 0x12, 0x13, 0x14, 
	0x12, 0x12, 0x12, 0x15, 0x13, 0x12, 0x12, 0x12, 
	0x15, 0x14, 0x10, 0x11, 0x10, 0x10, 0x0f, 0x0d, 
	0x0f, 0x10, 0x13, 0x12, 0x10, 0x10, 0x10, 0x17, 
	0x14, 0x10, 0x13, 0x16, 0x17, 0x17, 0x17, 0x13, 
	0x13, 0x17, 0x14, 0x17, 0x16, 0x13, 0x14, 0x17, 
	0x17, 0x18, 0x13, 0x12, 0x12, 0x11, 0x10, 0x10, 
	0x11, 0x12, 0x12, 0x10, 0x14, 0x13, 0x12, 0x15, 
	0x13, 0x12, 0x15, 0x17, 0x14, 0x13, 0x12, 0x17, 
	0x18, 0x15, 0x19, 0x14, 0x12, 0x15, 0x12, 0x16, 
	0x15, 0x10, 0x10, 0x12, 0x10, 0x11, 0x10, 0x10, 
	0x0f, 0x10, 0x10, 0x12, 0x16, 0x15, 0x17, 0x18, 
	0x17, 0x13, 0x16, 0x18, 0x13, 0x10, 0x12, 0x1b, 
	0x1a, 0x1b, 0x18, 0x13, 0x12, 0x19, 0x18, 0x15, 
	0x12, 0x11, 0x13, 0x10, 0x10, 0x11, 0x11, 0x10, 
	0x12, 0x14, 0x10, 0x14, 0x12, 0x12, 0x13, 0x13, 
	0x12, 0x12, 0x15, 0x18, 0x13, 0x13, 0x1b, 0x1a, 
	0x18, 0x12, 0x12, 0x17, 0x15, 0x12, 0x18, 0x18, 
	0x12, 0x10, 0x12, 0x12, 0x14, 0x12, 0x14, 0x10, 
	0x12, 0x13, 0x10, 0x15, 0x14, 0x12, 0x13, 0x10, 
	0x10, 0x10, 0x12, 0x17, 0x1b, 0x15, 0x19, 0x1c, 
	0x1b, 0x12, 0x11, 0x17, 0x16, 0x18, 0x19, 0x19, 
	0x15, 0x17, 0x18, 0x12, 0x13, 0x13, 0x13, 0x11, 
	0x12, 0x12, 0x14, 0x18, 0x17, 0x12, 0x12, 0x16, 
	0x13, 0x14, 0x18, 0x18, 0x16, 0x14, 0x18, 0x1c, 
	0x19, 0x12, 0x13, 0x15, 0x18, 0x15, 0x16, 0x13, 
	0x15, 0x16, 0x15, 0x11, 0x12, 0x14, 0x10, 0x12, 
	0x17, 0x15, 0x18, 0x14, 0x18, 0x15, 0x15, 0x13, 
	0x16, 0x1b, 0x16, 0x1b, 0x17, 0x1c, 0x1b, 0x16, 
	0x15, 0x17, 0x18, 0x18, 0x15, 0x14, 0x17, 0x10, 
	0x14, 0x15, 0x16, 0x17, 0x15, 0x18, 0x14, 0x17, 
	0x12, 0x14, 0x17, 0x14, 0x16, 0x16, 0x13, 0x17, 
	0x1b, 0x1b, 0x18, 0x16, 0x1b, 0x19, 0x16, 0x13, 
	0x12, 0x14, 0x18, 0x19, 0x17, 0x19, 0x14, 0x10, 
	0x13, 0x14, 0x18, 0x1b, 0x14, 0x12, 0x13, 0x13, 
	0x14, 0x12, 0x12, 0x12, 0x16, 0x13, 0x10, 0x16, 
	0x16, 0x1b, 0x19, 0x18, 0x18, 0x18, 0x10, 0x10, 
	0x18, 0x19, 0x1b, 0x18, 0x18, 0x17, 0x14, 0x18, 
	0x16, 0x17, 0x12, 0x15, 0x18, 0x17, 0x12, 0x10, 
	0x12, 0x10, 0x10, 0x14, 0x14, 0x12, 0x14, 0x16, 
	0x1a, 0x1b, 0x1b, 0x18, 0x1b, 0x16, 0x10, 0x1b, 
	0x19, 0x18, 0x14, 0x17, 0x18, 0x13, 0x12, 0x13, 
	0x18, 0x14, 0x12, 0x12, 0x15, 0x15, 0x12, 0x0f, 
	
};

Gfx castle_grounds_dl__43_pal_rgba16_aligner[] = {gsSPEndDisplayList()};
u8 castle_grounds_dl__43_pal_rgba16[] = {
	0x00, 0x01, 0x08, 0x01, 0x10, 0x01, 0x18, 0x01, 
	0x20, 0x01, 0x28, 0x01, 0x38, 0x01, 0x30, 0x01, 
	0x40, 0x01, 0x48, 0x01, 0x50, 0x01, 0x68, 0x01, 
	0x58, 0x01, 0x70, 0x01, 0x60, 0x01, 0x78, 0x01, 
	0x88, 0x01, 0x80, 0x01, 0x90, 0x01, 0x98, 0x01, 
	0xa0, 0x01, 0xa8, 0x01, 0xc0, 0x01, 0xb0, 0x01, 
	0xb8, 0x01, 0xd0, 0x01, 0xd8, 0x01, 0xc8, 0x01, 
	0xe0, 0x01, 
};

Gfx castle_grounds_dl__44_ci8_aligner[] = {gsSPEndDisplayList()};
u8 castle_grounds_dl__44_ci8[] = {
	0x00, 0x01, 0x01, 0x01, 0x01, 0x01, 0x01, 0x01, 
	0x01, 0x01, 0x01, 0x01, 0x01, 0x01, 0x01, 0x02, 
	0x01, 0x01, 0x01, 0x01, 0x03, 0x01, 0x01, 0x01, 
	0x01, 0x02, 0x01, 0x01, 0x01, 0x01, 0x04, 0x01, 
	0x02, 0x05, 0x05, 0x05, 0x05, 0x06, 0x05, 0x05, 
	0x05, 0x05, 0x01, 0x05, 0x05, 0x05, 0x05, 0x06, 
	0x05, 0x05, 0x05, 0x05, 0x03, 0x05, 0x05, 0x05, 
	0x05, 0x06, 0x05, 0x05, 0x05, 0x05, 0x07, 0x06, 
	0x01, 0x08, 0x09, 0x0a, 0x08, 0x05, 0x08, 0x08, 
	0x09, 0x08, 0x01, 0x08, 0x09, 0x0a, 0x08, 0x05, 
	0x0b, 0x08, 0x09, 0x08, 0x03, 0x0c, 0x0a, 0x09, 
	0x08, 0x05, 0x0c, 0x08, 0x0a, 0x0a, 0x07, 0x05, 
	0x01, 0x08, 0x0d, 0x09, 0x08, 0x05, 0x0c, 0x08, 
	0x0d, 0x08, 0x01, 0x08, 0x0d, 0x09, 0x08, 0x05, 
	0x05, 0x08, 0x09, 0x0e, 0x03, 0x0c, 0x0d, 0x09, 
	0x08, 0x05, 0x05, 0x08, 0x0a, 0x09, 0x07, 0x0c, 
	0x01, 0x0a, 0x0f, 0x09, 0x08, 0x05, 0x0c, 0x08, 
	0x0d, 0x0a, 0x01, 0x0a, 0x0f, 0x0d, 0x08, 0x05, 
	0x05, 0x08, 0x09, 0x09, 0x03, 0x08, 0x10, 0x0d, 
	0x08, 0x05, 0x05, 0x08, 0x0a, 0x09, 0x07, 0x08, 
	0x01, 0x0a, 0x0d, 0x08, 0x08, 0x05, 0x05, 0x08, 
	0x0e, 0x08, 0x01, 0x0a, 0x0f, 0x0a, 0x08, 0x0c, 
	0x05, 0x08, 0x0a, 0x0a, 0x03, 0x08, 0x10, 0x09, 
	0x08, 0x0b, 0x05, 0x08, 0x08, 0x0a, 0x07, 0x08, 
	0x01, 0x0a, 0x0a, 0x08, 0x08, 0x0b, 0x05, 0x08, 
	0x08, 0x08, 0x01, 0x08, 0x0a, 0x08, 0x08, 0x08, 
	0x05, 0x08, 0x08, 0x08, 0x03, 0x08, 0x0a, 0x08, 
	0x08, 0x08, 0x05, 0x0c, 0x08, 0x08, 0x07, 0x08, 
	0x01, 0x05, 0x05, 0x05, 0x09, 0x11, 0x0f, 0x11, 
	0x0a, 0x0c, 0x01, 0x05, 0x05, 0x05, 0x0a, 0x0f, 
	0x0f, 0x11, 0x08, 0x08, 0x03, 0x05, 0x05, 0x05, 
	0x08, 0x0d, 0x0f, 0x0f, 0x0a, 0x0a, 0x07, 0x05, 
	0x12, 0x13, 0x13, 0x13, 0x13, 0x13, 0x13, 0x13, 
	0x13, 0x13, 0x14, 0x13, 0x13, 0x13, 0x13, 0x13, 
	0x13, 0x13, 0x13, 0x13, 0x15, 0x13, 0x13, 0x13, 
	0x13, 0x13, 0x13, 0x13, 0x13, 0x13, 0x16, 0x13, 
	
};

Gfx castle_grounds_dl__44_pal_rgba16_aligner[] = {gsSPEndDisplayList()};
u8 castle_grounds_dl__44_pal_rgba16[] = {
	0x9d, 0x29, 0x94, 0xa5, 0x94, 0xe7, 0x63, 0x19, 
	0x3a, 0x0f, 0x8c, 0x63, 0x8c, 0xa5, 0x39, 0xcf, 
	0x84, 0x21, 0x7b, 0xdf, 0x7c, 0x21, 0x84, 0x61, 
	0x84, 0x63, 0x73, 0xdf, 0x7c, 0x1f, 0x73, 0x9d, 
	0x73, 0xdd, 0x6b, 0x9d, 0x5a, 0xd7, 0x52, 0x95, 
	0x52, 0xd7, 0x42, 0x11, 0x31, 0xcf, 
};

Gfx castle_grounds_dl__48_ci8_aligner[] = {gsSPEndDisplayList()};
u8 castle_grounds_dl__48_ci8[] = {
	0x00, 0x01, 0x02, 0x02, 0x03, 0x04, 0x04, 0x04, 
	0x05, 0x06, 0x06, 0x07, 0x08, 0x09, 0x0a, 0x0a, 
	0x0b, 0x0c, 0x0c, 0x0d, 0x0e, 0x0f, 0x0e, 0x0e, 
	0x0f, 0x0e, 0x10, 0x0c, 0x0c, 0x11, 0x0c, 0x12, 
	0x13, 0x13, 0x14, 0x03, 0x14, 0x04, 0x04, 0x15, 
	0x16, 0x17, 0x18, 0x05, 0x19, 0x05, 0x08, 0x08, 
	0x1a, 0x1b, 0x0c, 0x1c, 0x0d, 0x1d, 0x0e, 0x0e, 
	0x1e, 0x10, 0x10, 0x10, 0x10, 0x0c, 0x1f, 0x20, 
	0x13, 0x13, 0x14, 0x03, 0x04, 0x21, 0x04, 0x22, 
	0x04, 0x05, 0x05, 0x04, 0x04, 0x03, 0x03, 0x23, 
	0x24, 0x12, 0x0c, 0x25, 0x26, 0x26, 0x27, 0x0f, 
	0x1e, 0x10, 0x10, 0x0b, 0x11, 0x28, 0x25, 0x29, 
	0x03, 0x03, 0x03, 0x03, 0x15, 0x15, 0x04, 0x04, 
	0x22, 0x05, 0x05, 0x04, 0x04, 0x04, 0x03, 0x04, 
	0x2a, 0x1f, 0x1a, 0x1c, 0x2b, 0x26, 0x0d, 0x26, 
	0x0e, 0x0c, 0x10, 0x11, 0x0c, 0x28, 0x2c, 0x2d, 
	0x2e, 0x03, 0x03, 0x03, 0x15, 0x15, 0x17, 0x17, 
	0x2f, 0x2f, 0x17, 0x22, 0x04, 0x15, 0x02, 0x05, 
	0x23, 0x30, 0x31, 0x1a, 0x11, 0x0a, 0x0c, 0x0c, 
	0x12, 0x11, 0x0b, 0x0c, 0x2c, 0x32, 0x32, 0x33, 
	0x34, 0x03, 0x21, 0x21, 0x04, 0x2f, 0x35, 0x36, 
	0x37, 0x35, 0x2f, 0x15, 0x15, 0x15, 0x34, 0x05, 
	0x06, 0x04, 0x07, 0x09, 0x11, 0x09, 0x09, 0x2d, 
	0x09, 0x11, 0x38, 0x18, 0x2d, 0x11, 0x39, 0x3a, 
	0x03, 0x03, 0x03, 0x05, 0x2f, 0x35, 0x36, 0x36, 
	0x35, 0x35, 0x2f, 0x15, 0x15, 0x15, 0x15, 0x15, 
	0x06, 0x19, 0x34, 0x05, 0x06, 0x3b, 0x04, 0x3c, 
	0x05, 0x06, 0x18, 0x16, 0x35, 0x3d, 0x36, 0x16, 
	0x04, 0x03, 0x2f, 0x39, 0x38, 0x36, 0x37, 0x3e, 
	0x2f, 0x2f, 0x3f, 0x15, 0x15, 0x15, 0x15, 0x15, 
	0x03, 0x03, 0x34, 0x40, 0x03, 0x41, 0x40, 0x42, 
	0x21, 0x03, 0x15, 0x17, 0x06, 0x35, 0x36, 0x36, 
	0x34, 0x03, 0x2f, 0x35, 0x2f, 0x2f, 0x3f, 0x21, 
	0x43, 0x43, 0x44, 0x15, 0x15, 0x15, 0x15, 0x34, 
	0x03, 0x45, 0x01, 0x46, 0x45, 0x14, 0x47, 0x14, 
	0x48, 0x48, 0x45, 0x21, 0x02, 0x35, 0x36, 0x36, 
	0x35, 0x34, 0x2f, 0x2f, 0x15, 0x43, 0x43, 0x49, 
	0x21, 0x21, 0x21, 0x44, 0x15, 0x15, 0x22, 0x15, 
	0x03, 0x45, 0x14, 0x45, 0x46, 0x00, 0x4a, 0x4b, 
	0x4a, 0x48, 0x48, 0x14, 0x43, 0x4c, 0x2f, 0x2f, 
	0x2f, 0x03, 0x14, 0x14, 0x49, 0x49, 0x14, 0x21, 
	0x21, 0x21, 0x21, 0x21, 0x04, 0x16, 0x23, 0x04, 
	0x03, 0x40, 0x14, 0x45, 0x46, 0x00, 0x4d, 0x4b, 
	0x4a, 0x4b, 0x4b, 0x48, 0x45, 0x14, 0x15, 0x02, 
	0x02, 0x45, 0x45, 0x21, 0x41, 0x49, 0x14, 0x14, 
	0x21, 0x21, 0x04, 0x04, 0x05, 0x07, 0x16, 0x23, 
	0x05, 0x03, 0x03, 0x40, 0x13, 0x00, 0x4b, 0x4d, 
	0x4a, 0x4d, 0x46, 0x4e, 0x45, 0x14, 0x02, 0x34, 
	0x02, 0x49, 0x14, 0x14, 0x21, 0x21, 0x14, 0x21, 
	0x40, 0x04, 0x03, 0x05, 0x07, 0x2d, 0x2d, 0x31, 
	0x2d, 0x07, 0x23, 0x40, 0x40, 0x13, 0x14, 0x46, 
	0x4a, 0x46, 0x46, 0x45, 0x21, 0x15, 0x05, 0x05, 
	0x14, 0x45, 0x49, 0x14, 0x14, 0x14, 0x14, 0x21, 
	0x41, 0x04, 0x05, 0x07, 0x07, 0x1a, 0x1a, 0x28, 
	0x28, 0x0a, 0x07, 0x23, 0x40, 0x40, 0x01, 0x46, 
	0x46, 0x46, 0x14, 0x14, 0x15, 0x05, 0x04, 0x3c, 
	0x4f, 0x48, 0x48, 0x14, 0x48, 0x48, 0x14, 0x14, 
	0x40, 0x34, 0x09, 0x09, 0x31, 0x50, 0x1b, 0x0e, 
	0x51, 0x52, 0x28, 0x33, 0x23, 0x04, 0x2f, 0x01, 
	0x14, 0x01, 0x02, 0x02, 0x05, 0x05, 0x23, 0x53, 
	0x36, 0x2f, 0x15, 0x15, 0x40, 0x40, 0x04, 0x04, 
	0x19, 0x09, 0x11, 0x1a, 0x31, 0x31, 0x28, 0x28, 
	0x11, 0x54, 0x11, 0x55, 0x07, 0x16, 0x39, 0x06, 
	0x34, 0x34, 0x34, 0x19, 0x04, 0x23, 0x05, 0x07, 
	0x56, 0x55, 0x28, 0x12, 0x30, 0x24, 0x24, 0x57, 
	0x31, 0x31, 0x1a, 0x11, 0x0c, 0x2d, 0x2d, 0x0a, 
	0x38, 0x38, 0x38, 0x39, 0x18, 0x33, 0x2d, 0x09, 
	0x11, 0x0a, 0x09, 0x08, 0x23, 0x3c, 0x04, 0x08, 
	0x58, 0x51, 0x51, 0x51, 0x59, 0x12, 0x12, 0x31, 
	0x31, 0x5a, 0x31, 0x0a, 0x0a, 0x18, 0x33, 0x18, 
	0x36, 0x36, 0x36, 0x06, 0x16, 0x30, 0x33, 0x12, 
	0x0c, 0x0a, 0x2d, 0x07, 0x04, 0x3b, 0x2e, 0x06, 
	0x55, 0x11, 0x52, 0x11, 0x11, 0x0c, 0x1b, 0x1b, 
	0x31, 0x31, 0x07, 0x09, 0x09, 0x07, 0x16, 0x15, 
	0x15, 0x15, 0x15, 0x15, 0x16, 0x16, 0x18, 0x39, 
	0x0a, 0x39, 0x09, 0x05, 0x04, 0x40, 0x01, 0x06, 
	0x5b, 0x36, 0x11, 0x11, 0x11, 0x0c, 0x0a, 0x1a, 
	0x1a, 0x09, 0x09, 0x09, 0x06, 0x03, 0x21, 0x21, 
	0x49, 0x49, 0x49, 0x21, 0x04, 0x05, 0x39, 0x38, 
	0x39, 0x39, 0x06, 0x05, 0x21, 0x45, 0x14, 0x02, 
	0x3f, 0x2f, 0x35, 0x39, 0x39, 0x2d, 0x09, 0x0a, 
	0x09, 0x09, 0x09, 0x06, 0x15, 0x21, 0x49, 0x48, 
	0x48, 0x48, 0x48, 0x49, 0x21, 0x21, 0x15, 0x05, 
	0x06, 0x06, 0x35, 0x34, 0x21, 0x45, 0x45, 0x45, 
	0x14, 0x43, 0x15, 0x15, 0x05, 0x18, 0x2d, 0x0a, 
	0x18, 0x18, 0x06, 0x05, 0x21, 0x45, 0x4a, 0x48, 
	0x4b, 0x48, 0x48, 0x49, 0x45, 0x45, 0x45, 0x49, 
	0x15, 0x2f, 0x2f, 0x02, 0x14, 0x49, 0x45, 0x45, 
	0x5c, 0x48, 0x48, 0x21, 0x21, 0x16, 0x18, 0x32, 
	0x16, 0x16, 0x16, 0x21, 0x49, 0x4a, 0x5c, 0x5d, 
	0x5d, 0x5c, 0x5c, 0x5c, 0x5c, 0x49, 0x5e, 0x49, 
	0x48, 0x4f, 0x4c, 0x4f, 0x48, 0x48, 0x48, 0x48, 
	0x5d, 0x5d, 0x5c, 0x49, 0x5f, 0x60, 0x16, 0x61, 
	0x62, 0x30, 0x63, 0x40, 0x49, 0x4b, 0x4b, 0x5d, 
	0x4b, 0x4b, 0x4b, 0x4b, 0x48, 0x5c, 0x4a, 0x4e, 
	0x48, 0x4f, 0x4c, 0x4f, 0x48, 0x48, 0x48, 0x48, 
	0x64, 0x5d, 0x48, 0x49, 0x21, 0x63, 0x62, 0x62, 
	0x53, 0x30, 0x63, 0x15, 0x45, 0x48, 0x65, 0x66, 
	0x4b, 0x4b, 0x4b, 0x48, 0x5c, 0x4e, 0x5c, 0x5c, 
	0x4b, 0x4b, 0x66, 0x48, 0x48, 0x5c, 0x5c, 0x48, 
	0x5d, 0x5c, 0x5c, 0x48, 0x15, 0x18, 0x32, 0x32, 
	0x2c, 0x33, 0x63, 0x04, 0x45, 0x14, 0x46, 0x4b, 
	0x48, 0x48, 0x48, 0x5c, 0x5c, 0x5c, 0x5c, 0x5d, 
	0x5d, 0x5d, 0x4b, 0x5c, 0x5c, 0x5c, 0x5c, 0x48, 
	0x5c, 0x4a, 0x4e, 0x14, 0x2f, 0x38, 0x11, 0x11, 
	0x11, 0x55, 0x30, 0x23, 0x3b, 0x34, 0x01, 0x00, 
	0x14, 0x48, 0x49, 0x45, 0x48, 0x48, 0x5c, 0x4a, 
	0x5c, 0x5c, 0x5c, 0x4a, 0x4e, 0x4e, 0x5e, 0x49, 
	0x46, 0x45, 0x21, 0x34, 0x39, 0x11, 0x52, 0x0b, 
	0x11, 0x11, 0x12, 0x12, 0x23, 0x09, 0x06, 0x06, 
	0x2f, 0x15, 0x14, 0x21, 0x48, 0x48, 0x4e, 0x67, 
	0x4a, 0x4a, 0x4e, 0x4e, 0x68, 0x4e, 0x49, 0x49, 
	0x21, 0x21, 0x2f, 0x0a, 0x11, 0x11, 0x0b, 0x0b, 
	0x10, 0x0b, 0x0c, 0x0c, 0x12, 0x0a, 0x1a, 0x0a, 
	0x09, 0x06, 0x05, 0x03, 0x21, 0x49, 0x46, 0x4a, 
	0x4a, 0x4a, 0x4a, 0x4e, 0x4e, 0x45, 0x49, 0x14, 
	0x04, 0x05, 0x39, 0x11, 0x0b, 0x10, 0x10, 0x0b, 
	0x10, 0x1e, 0x10, 0x10, 0x0d, 0x1b, 0x28, 0x28, 
	0x2d, 0x33, 0x04, 0x04, 0x21, 0x21, 0x48, 0x46, 
	0x4e, 0x4e, 0x4a, 0x4e, 0x4e, 0x45, 0x21, 0x14, 
	0x16, 0x16, 0x18, 0x11, 0x11, 0x0c, 0x0e, 0x0e, 
	0x69, 0x10, 0x6a, 0x6a, 0x6b, 0x0e, 0x6c, 0x0e, 
	0x28, 0x33, 0x2a, 0x63, 0x05, 0x2f, 0x02, 0x48, 
	0x48, 0x48, 0x00, 0x14, 0x14, 0x03, 0x02, 0x34, 
	0x33, 0x30, 0x30, 0x2d, 0x28, 0x1d, 0x6d, 0x6e, 
	0x27, 0x0e, 0x6c, 0x6c, 0x6b, 0x69, 0x51, 0x51, 
	0x52, 0x28, 0x30, 0x16, 0x39, 0x36, 0x35, 0x02, 
	0x4c, 0x4c, 0x2f, 0x2f, 0x3e, 0x35, 0x35, 0x39, 
	
};

Gfx castle_grounds_dl__48_pal_rgba16_aligner[] = {gsSPEndDisplayList()};
u8 castle_grounds_dl__48_pal_rgba16[] = {
	0x22, 0xfb, 0x23, 0x3b, 0x2b, 0x3b, 0x23, 0x39, 
	0x23, 0x37, 0x2b, 0x79, 0x33, 0xbb, 0x2b, 0xb9, 
	0x2b, 0xbb, 0x33, 0xfb, 0x3c, 0x3b, 0x4c, 0xbb, 
	0x3c, 0x7b, 0x2c, 0x37, 0x34, 0x79, 0x24, 0x35, 
	0x44, 0xbb, 0x44, 0x7b, 0x2b, 0xf7, 0x1a, 0xf9, 
	0x22, 0xf9, 0x2b, 0x39, 0x2b, 0x77, 0x33, 0x79, 
	0x33, 0xb9, 0x23, 0x79, 0x34, 0x3b, 0x34, 0x7b, 
	0x23, 0xf7, 0x24, 0x37, 0x4c, 0xfb, 0x23, 0xb7, 
	0x13, 0x31, 0x22, 0xf7, 0x2b, 0x37, 0x23, 0x77, 
	0x1b, 0x75, 0x23, 0xb5, 0x23, 0xf5, 0x2c, 0x77, 
	0x34, 0x39, 0x1b, 0x73, 0x1b, 0x35, 0x2c, 0x39, 
	0x33, 0xf7, 0x33, 0xf9, 0x23, 0x7b, 0x33, 0x7b, 
	0x23, 0x75, 0x2b, 0xf9, 0x3b, 0xf9, 0x2b, 0xb7, 
	0x2b, 0x7b, 0x3b, 0xbb, 0x43, 0xfb, 0x43, 0xbb, 
	0x44, 0x3b, 0x3b, 0xfb, 0x23, 0x33, 0x1b, 0x37, 
	0x1a, 0xf5, 0x4c, 0x3b, 0x3b, 0x7b, 0x33, 0x39, 
	0x1a, 0xf7, 0x1a, 0xb5, 0x12, 0xb5, 0x2a, 0xf9, 
	0x2a, 0xf7, 0x1a, 0xb7, 0x1a, 0xb9, 0x12, 0x77, 
	0x22, 0xb9, 0x22, 0xb7, 0x1a, 0x79, 0x22, 0xbb, 
	0x33, 0x3b, 0x1a, 0xbb, 0x1a, 0x77, 0x2a, 0xfb, 
	0x2c, 0x3b, 0x3c, 0x79, 0x4c, 0x7b, 0x1b, 0x33, 
	0x54, 0xbb, 0x3c, 0x39, 0x44, 0x39, 0x1b, 0x77, 
	0x3c, 0x37, 0x34, 0x37, 0x23, 0xf9, 0x3b, 0xb9, 
	0x22, 0x79, 0x22, 0x7b, 0x22, 0x77, 0x22, 0xb5, 
	0x22, 0xf5, 0x33, 0xb7, 0x2b, 0x75, 0x23, 0x35, 
	0x22, 0x3b, 0x1a, 0x7b, 0x2a, 0xbb, 0x1a, 0x39, 
	0x1a, 0x37, 0x3c, 0xb9, 0x3c, 0xbb, 0x2c, 0x35, 
	0x34, 0x77, 0x1b, 0xf3, 0x1b, 0xf1, 
};

Gfx castle_grounds_dl__50_i8_aligner[] = {gsSPEndDisplayList()};
u8 castle_grounds_dl__50_i8[] = {
	0x00, 0x00, 0x00, 0x00, 0x00, 0x00, 0x00, 0x00, 
	0x00, 0x00, 0x00, 0x00, 0x00, 0x00, 0x00, 0x00, 
	0x00, 0x00, 0x00, 0x00, 0x00, 0x00, 0x00, 0x00, 
	0x00, 0x00, 0x00, 0x00, 0x00, 0x00, 0x00, 0x00, 
	0x00, 0x00, 0x00, 0x00, 0x00, 0x00, 0x00, 0x00, 
	0x00, 0x00, 0x00, 0x00, 0x00, 0x00, 0x00, 0x00, 
	0x00, 0x00, 0x00, 0x00, 0x00, 0x00, 0x00, 0x00, 
	0x00, 0x00, 0x00, 0x00, 0x00, 0x00, 0x00, 0x00, 
	0x00, 0x00, 0x00, 0x00, 0x00, 0x00, 0x00, 0x00, 
	0x00, 0x00, 0x00, 0x00, 0x00, 0x00, 0x00, 0x00, 
	0x00, 0x00, 0x00, 0x00, 0x00, 0x00, 0x00, 0x00, 
	0x00, 0x00, 0x00, 0x00, 0x00, 0x00, 0x00, 0x00, 
	0x00, 0x00, 0x00, 0x00, 0x00, 0x00, 0x00, 0x00, 
	0x00, 0x00, 0x00, 0x00, 0x00, 0x00, 0x00, 0x00, 
	0x00, 0x00, 0x00, 0x00, 0x00, 0x00, 0x00, 0x00, 
	0x00, 0x00, 0x00, 0x00, 0x00, 0x00, 0x00, 0x00, 
	0x00, 0x00, 0x00, 0x00, 0x00, 0x00, 0x00, 0x00, 
	0x00, 0x00, 0x00, 0x00, 0x00, 0x00, 0x00, 0x00, 
	0x00, 0x00, 0x00, 0x00, 0x00, 0x00, 0x00, 0x00, 
	0x00, 0x00, 0x00, 0x00, 0x00, 0x00, 0x00, 0x00, 
	0x00, 0x00, 0x00, 0x00, 0x00, 0x00, 0x00, 0x00, 
	0x00, 0x00, 0x00, 0x00, 0x00, 0x00, 0x00, 0x00, 
	0x00, 0x00, 0x00, 0x00, 0x00, 0x00, 0x00, 0x00, 
	0x00, 0x00, 0x00, 0x00, 0x00, 0x00, 0x00, 0x00, 
	0x00, 0x00, 0x00, 0x00, 0x00, 0x00, 0x00, 0x00, 
	0x00, 0x00, 0x00, 0x00, 0x00, 0x00, 0x00, 0x00, 
	0x00, 0x00, 0x00, 0x00, 0x00, 0x00, 0x00, 0x00, 
	0x00, 0x00, 0x00, 0x00, 0x00, 0x00, 0x00, 0x00, 
	0x00, 0x00, 0x00, 0x00, 0x00, 0x00, 0x00, 0x00, 
	0x00, 0x00, 0x00, 0x00, 0x00, 0x00, 0x00, 0x00, 
	0x00, 0x00, 0x00, 0x00, 0x00, 0x00, 0x00, 0x00, 
	0x00, 0x00, 0x00, 0x00, 0x00, 0x00, 0x00, 0x00, 
	0x00, 0x00, 0x00, 0x00, 0x00, 0x00, 0x00, 0x00, 
	0x00, 0x00, 0x00, 0x00, 0x00, 0x00, 0x00, 0x00, 
	0x00, 0x00, 0x00, 0x00, 0x00, 0x00, 0x00, 0x00, 
	0x00, 0x00, 0x00, 0x00, 0x00, 0x00, 0x00, 0x00, 
	0x00, 0x00, 0x00, 0x00, 0x00, 0x00, 0x00, 0x00, 
	0x00, 0x00, 0x00, 0x00, 0x00, 0x00, 0x00, 0x00, 
	0x00, 0x00, 0x00, 0x00, 0x00, 0x00, 0x00, 0x00, 
	0x00, 0x00, 0x00, 0x00, 0x00, 0x00, 0x00, 0x00, 
	0x00, 0x00, 0x00, 0x00, 0x00, 0x00, 0x00, 0x00, 
	0x00, 0x00, 0x00, 0x00, 0x00, 0x00, 0x00, 0x00, 
	0x00, 0x00, 0x00, 0x00, 0x00, 0x00, 0x00, 0x00, 
	0x00, 0x00, 0x00, 0x00, 0x00, 0x00, 0x00, 0x00, 
	0x00, 0x00, 0x00, 0x00, 0x00, 0x00, 0x00, 0x00, 
	0x00, 0x00, 0x00, 0x00, 0x00, 0x00, 0x00, 0x00, 
	0x00, 0x00, 0x00, 0x00, 0x00, 0x00, 0x00, 0x00, 
	0x00, 0x00, 0x00, 0x00, 0x00, 0x00, 0x00, 0x00, 
	0x00, 0x00, 0x00, 0x00, 0x00, 0x00, 0x00, 0x00, 
	0x00, 0x00, 0x00, 0x00, 0x00, 0x00, 0x00, 0x00, 
	0x00, 0x00, 0x00, 0x00, 0x00, 0x00, 0x00, 0x00, 
	0x00, 0x00, 0x00, 0x00, 0x00, 0x00, 0x00, 0x00, 
	0x00, 0x00, 0x00, 0x00, 0x00, 0x00, 0x00, 0x00, 
	0x00, 0x00, 0x00, 0x00, 0x00, 0x00, 0x00, 0x00, 
	0x00, 0x00, 0x00, 0x00, 0x00, 0x00, 0x00, 0x00, 
	0x00, 0x00, 0x00, 0x00, 0x00, 0x00, 0x00, 0x00, 
	0x00, 0x00, 0x00, 0x00, 0x00, 0x00, 0x00, 0x00, 
	0x00, 0x00, 0x00, 0x00, 0x00, 0x00, 0x00, 0x00, 
	0x00, 0x00, 0x00, 0x00, 0x00, 0x00, 0x00, 0x00, 
	0x00, 0x00, 0x00, 0x00, 0x00, 0x00, 0x00, 0x00, 
	0x00, 0x00, 0x00, 0x00, 0x00, 0x00, 0x00, 0x00, 
	0x00, 0x00, 0x00, 0x00, 0x00, 0x00, 0x00, 0x00, 
	0x00, 0x00, 0x00, 0x00, 0x00, 0x00, 0x00, 0x00, 
	0x00, 0x00, 0x00, 0x00, 0x00, 0x00, 0x00, 0x00, 
	0x00, 0x00, 0x00, 0x00, 0x00, 0x00, 0x00, 0x00, 
	0x00, 0x00, 0x00, 0x00, 0x00, 0x00, 0x00, 0x00, 
	0x00, 0x00, 0x00, 0x00, 0x00, 0x00, 0x00, 0x00, 
	0x00, 0x00, 0x00, 0x00, 0x00, 0x00, 0x00, 0x00, 
	0x00, 0x00, 0x00, 0x00, 0x00, 0x00, 0x00, 0x00, 
	0x00, 0x00, 0x00, 0x00, 0x00, 0x00, 0x00, 0x00, 
	0x00, 0x00, 0x00, 0x00, 0x00, 0x00, 0x00, 0x00, 
	0x00, 0x00, 0x00, 0x00, 0x00, 0x00, 0x00, 0x00, 
	0x00, 0x00, 0x00, 0x00, 0x00, 0x00, 0x00, 0x00, 
	0x00, 0x00, 0x00, 0x00, 0x00, 0x00, 0x00, 0x00, 
	0x00, 0x00, 0x00, 0x00, 0x00, 0x00, 0x00, 0x00, 
	0x00, 0x00, 0x00, 0x00, 0x00, 0x00, 0x00, 0x00, 
	0x00, 0x00, 0x00, 0x00, 0x00, 0x00, 0x00, 0x00, 
	0x00, 0x00, 0x00, 0x00, 0x00, 0x00, 0x00, 0x00, 
	0x00, 0x00, 0x00, 0x00, 0x00, 0x00, 0x00, 0x00, 
	0x00, 0x00, 0x00, 0x00, 0x00, 0x00, 0x00, 0x00, 
	0x00, 0x00, 0x00, 0x00, 0x00, 0x00, 0x00, 0x00, 
	0x00, 0x00, 0x00, 0x00, 0x00, 0x00, 0x00, 0x00, 
	0x00, 0x00, 0x00, 0x00, 0x00, 0x00, 0x00, 0x00, 
	0x00, 0x00, 0x00, 0x00, 0x00, 0x00, 0x00, 0x00, 
	0x00, 0x00, 0x00, 0x00, 0x00, 0x00, 0x00, 0x00, 
	0x00, 0x00, 0x00, 0x00, 0x00, 0x00, 0x00, 0x00, 
	0x00, 0x00, 0x00, 0x00, 0x00, 0x00, 0x00, 0x00, 
	0x00, 0x00, 0x00, 0x00, 0x00, 0x00, 0x00, 0x00, 
	0x00, 0x00, 0x00, 0x00, 0x00, 0x00, 0x00, 0x00, 
	0x00, 0x00, 0x00, 0x00, 0x00, 0x00, 0x00, 0x00, 
	0x00, 0x00, 0x00, 0x00, 0x00, 0x00, 0x00, 0x00, 
	0x00, 0x00, 0x00, 0x00, 0x00, 0x00, 0x00, 0x00, 
	0x00, 0x00, 0x00, 0x00, 0x00, 0x00, 0x00, 0x00, 
	0x00, 0x00, 0x00, 0x00, 0x00, 0x00, 0x00, 0x00, 
	0x00, 0x00, 0x00, 0x00, 0x00, 0x00, 0x00, 0x00, 
	0x00, 0x00, 0x00, 0x00, 0x00, 0x00, 0x00, 0x00, 
	0x00, 0x00, 0x00, 0x00, 0x00, 0x00, 0x00, 0x00, 
	0x00, 0x00, 0x00, 0x00, 0x00, 0x00, 0x00, 0x00, 
	0x00, 0x00, 0x00, 0x00, 0x00, 0x00, 0x00, 0x00, 
	0x00, 0x00, 0x00, 0x00, 0x00, 0x00, 0x00, 0x00, 
	0x00, 0x00, 0x00, 0x00, 0x00, 0x00, 0x00, 0x00, 
	0x00, 0x00, 0x00, 0x00, 0x00, 0x00, 0x00, 0x00, 
	0x00, 0x00, 0x00, 0x00, 0x00, 0x00, 0x00, 0x00, 
	0x00, 0x00, 0x00, 0x00, 0x00, 0x00, 0x00, 0x00, 
	0x00, 0x00, 0x00, 0x00, 0x00, 0x00, 0x00, 0x00, 
	0x00, 0x00, 0x00, 0x00, 0x00, 0x00, 0x00, 0x00, 
	0x00, 0x00, 0x00, 0x00, 0x00, 0x00, 0x00, 0x00, 
	0x00, 0x00, 0x00, 0x00, 0x00, 0x00, 0x00, 0x00, 
	0x00, 0x00, 0x00, 0x00, 0x00, 0x00, 0x00, 0x00, 
	0x00, 0x00, 0x00, 0x00, 0x00, 0x00, 0x00, 0x00, 
	0x00, 0x00, 0x00, 0x00, 0x00, 0x00, 0x00, 0x00, 
	0x00, 0x00, 0x00, 0x00, 0x00, 0x00, 0x00, 0x00, 
	0x00, 0x00, 0x00, 0x00, 0x00, 0x00, 0x00, 0x00, 
	0x00, 0x00, 0x00, 0x00, 0x00, 0x00, 0x00, 0x00, 
	0x00, 0x00, 0x00, 0x00, 0x00, 0x00, 0x00, 0x00, 
	0x00, 0x00, 0x00, 0x00, 0x00, 0x00, 0x00, 0x00, 
	0x00, 0x00, 0x00, 0x00, 0x00, 0x00, 0x00, 0x00, 
	0x00, 0x00, 0x00, 0x00, 0x00, 0x00, 0x00, 0x00, 
	0x00, 0x00, 0x00, 0x00, 0x00, 0x00, 0x00, 0x00, 
	0x00, 0x00, 0x00, 0x00, 0x00, 0x00, 0x00, 0x00, 
	0x00, 0x00, 0x00, 0x00, 0x00, 0x00, 0x00, 0x00, 
	0x00, 0x00, 0x00, 0x00, 0x00, 0x00, 0x00, 0x00, 
	0x00, 0x00, 0x00, 0x00, 0x00, 0x00, 0x00, 0x00, 
	0x00, 0x00, 0x00, 0x00, 0x00, 0x00, 0x00, 0x00, 
	0x00, 0x00, 0x00, 0x00, 0x00, 0x00, 0x00, 0x00, 
	0x00, 0x00, 0x00, 0x00, 0x00, 0x00, 0x00, 0x00, 
	0x00, 0x00, 0x00, 0x00, 0x00, 0x00, 0x00, 0x00, 
	0x00, 0x00, 0x00, 0x00, 0x00, 0x00, 0x00, 0x00, 
	
};

Gfx castle_grounds_dl__52_ci8_aligner[] = {gsSPEndDisplayList()};
u8 castle_grounds_dl__52_ci8[] = {
	0x00, 0x01, 0x02, 0x03, 0x04, 0x05, 0x06, 0x07, 
	0x00, 0x06, 0x08, 0x06, 0x06, 0x01, 0x04, 0x09, 
	0x0a, 0x03, 0x00, 0x08, 0x04, 0x08, 0x00, 0x00, 
	0x00, 0x00, 0x08, 0x04, 0x0b, 0x0c, 0x0b, 0x00, 
	0x0d, 0x08, 0x09, 0x0e, 0x0f, 0x10, 0x11, 0x0e, 
	0x0f, 0x11, 0x0f, 0x0d, 0x0d, 0x0f, 0x11, 0x11, 
	0x12, 0x0d, 0x11, 0x0d, 0x12, 0x0e, 0x11, 0x13, 
	0x13, 0x0e, 0x14, 0x10, 0x12, 0x0d, 0x13, 0x0d, 
	0x15, 0x15, 0x07, 0x16, 0x17, 0x18, 0x00, 0x0a, 
	0x02, 0x0a, 0x00, 0x00, 0x0a, 0x00, 0x15, 0x0a, 
	0x0c, 0x04, 0x07, 0x19, 0x19, 0x19, 0x03, 0x15, 
	0x1a, 0x16, 0x16, 0x1a, 0x15, 0x00, 0x15, 0x00, 
	0x1b, 0x1c, 0x1d, 0x1c, 0x1e, 0x1b, 0x1f, 0x20, 
	0x1c, 0x20, 0x20, 0x20, 0x1b, 0x21, 0x21, 0x1e, 
	0x08, 0x1f, 0x17, 0x0d, 0x22, 0x23, 0x23, 0x23, 
	0x21, 0x24, 0x21, 0x25, 0x26, 0x1b, 0x20, 0x21, 
	0x27, 0x21, 0x13, 0x24, 0x1e, 0x1c, 0x28, 0x29, 
	0x2a, 0x1f, 0x22, 0x25, 0x1c, 0x21, 0x2a, 0x1d, 
	0x08, 0x23, 0x1c, 0x1d, 0x1c, 0x27, 0x2a, 0x1c, 
	0x2b, 0x2b, 0x2a, 0x2a, 0x1f, 0x1f, 0x1c, 0x2a, 
	0x2c, 0x02, 0x16, 0x23, 0x23, 0x2c, 0x2c, 0x2d, 
	0x04, 0x19, 0x2e, 0x17, 0x04, 0x03, 0x00, 0x16, 
	0x02, 0x2c, 0x2b, 0x2e, 0x1c, 0x2b, 0x2d, 0x2d, 
	0x2d, 0x1f, 0x2f, 0x02, 0x00, 0x17, 0x17, 0x11, 
	0x2e, 0x16, 0x2e, 0x1f, 0x1c, 0x18, 0x17, 0x16, 
	0x0c, 0x0a, 0x18, 0x1f, 0x11, 0x1f, 0x16, 0x16, 
	0x16, 0x23, 0x22, 0x11, 0x2e, 0x17, 0x02, 0x2e, 
	0x18, 0x16, 0x11, 0x30, 0x02, 0x16, 0x17, 0x1f, 
	0x05, 0x11, 0x18, 0x0d, 0x31, 0x00, 0x17, 0x0a, 
	0x02, 0x18, 0x0d, 0x2e, 0x2b, 0x1d, 0x2f, 0x32, 
	0x00, 0x33, 0x34, 0x2b, 0x03, 0x18, 0x16, 0x2e, 
	0x0a, 0x00, 0x23, 0x2c, 0x0a, 0x16, 0x1f, 0x18, 
	0x16, 0x17, 0x1a, 0x11, 0x2e, 0x2b, 0x1a, 0x04, 
	0x04, 0x18, 0x1f, 0x03, 0x1f, 0x31, 0x35, 0x17, 
	0x1a, 0x1f, 0x1c, 0x2e, 0x17, 0x17, 0x16, 0x17, 
	0x2d, 0x23, 0x36, 0x2c, 0x16, 0x37, 0x38, 0x16, 
	0x23, 0x2c, 0x16, 0x11, 0x36, 0x2b, 0x19, 0x06, 
	0x04, 0x1d, 0x18, 0x16, 0x23, 0x17, 0x16, 0x17, 
	0x00, 0x31, 0x34, 0x2b, 0x2e, 0x17, 0x03, 0x2c, 
	0x17, 0x2b, 0x11, 0x31, 0x39, 0x1a, 0x00, 0x11, 
	0x18, 0x08, 0x11, 0x0d, 0x1f, 0x00, 0x0c, 0x05, 
	0x08, 0x1f, 0x15, 0x06, 0x25, 0x17, 0x18, 0x2c, 
	0x16, 0x2f, 0x1e, 0x16, 0x2c, 0x2e, 0x00, 0x1f, 
	0x15, 0x2e, 0x11, 0x17, 0x0c, 0x0c, 0x3a, 0x2c, 
	0x11, 0x08, 0x16, 0x31, 0x3a, 0x2c, 0x0a, 0x04, 
	0x18, 0x0d, 0x0c, 0x16, 0x33, 0x02, 0x31, 0x22, 
	0x04, 0x1c, 0x23, 0x16, 0x37, 0x07, 0x37, 0x11, 
	0x15, 0x18, 0x2f, 0x16, 0x0c, 0x00, 0x1c, 0x2d, 
	0x18, 0x18, 0x11, 0x0d, 0x1f, 0x3b, 0x32, 0x37, 
	0x2e, 0x31, 0x23, 0x2f, 0x18, 0x22, 0x1d, 0x2c, 
	0x0b, 0x23, 0x23, 0x2d, 0x03, 0x1a, 0x0d, 0x16, 
	0x04, 0x00, 0x0d, 0x3c, 0x16, 0x2e, 0x1c, 0x17, 
	0x00, 0x2c, 0x2c, 0x1f, 0x23, 0x1d, 0x0c, 0x18, 
	0x2c, 0x27, 0x16, 0x00, 0x2f, 0x2b, 0x22, 0x0a, 
	0x0b, 0x2b, 0x2b, 0x2f, 0x32, 0x2c, 0x23, 0x2c, 
	0x03, 0x0d, 0x0e, 0x18, 0x17, 0x2a, 0x2f, 0x04, 
	0x2c, 0x1c, 0x1d, 0x2f, 0x3a, 0x0c, 0x00, 0x2c, 
	0x2f, 0x1e, 0x3d, 0x04, 0x18, 0x17, 0x04, 0x04, 
	0x0c, 0x1e, 0x2e, 0x0c, 0x0b, 0x00, 0x11, 0x0d, 
	0x16, 0x2b, 0x17, 0x0a, 0x2e, 0x2a, 0x00, 0x18, 
	0x08, 0x04, 0x0c, 0x0c, 0x0c, 0x0c, 0x0c, 0x0c, 
	0x0c, 0x0c, 0x0c, 0x0c, 0x0c, 0x0c, 0x0c, 0x0c, 
	0x0c, 0x3e, 0x0c, 0x0c, 0x0c, 0x0c, 0x0c, 0x0c, 
	0x0c, 0x0c, 0x0c, 0x0c, 0x0c, 0x0c, 0x0c, 0x0c, 
	0x35, 0x00, 0x15, 0x0b, 0x0b, 0x00, 0x39, 0x02, 
	0x16, 0x0a, 0x17, 0x37, 0x00, 0x0c, 0x0a, 0x3f, 
	0x2d, 0x3f, 0x35, 0x2d, 0x18, 0x37, 0x02, 0x2d, 
	0x02, 0x02, 0x2d, 0x35, 0x2d, 0x2d, 0x18, 0x35, 
	0x18, 0x08, 0x17, 0x0d, 0x40, 0x3a, 0x23, 0x23, 
	0x1c, 0x23, 0x1f, 0x23, 0x20, 0x2f, 0x23, 0x1c, 
	0x2c, 0x1f, 0x17, 0x2d, 0x2e, 0x18, 0x2c, 0x1f, 
	0x2c, 0x2f, 0x2c, 0x2c, 0x1f, 0x2f, 0x1c, 0x2c, 
	0x04, 0x17, 0x2b, 0x23, 0x3e, 0x2a, 0x23, 0x1c, 
	0x2b, 0x22, 0x1d, 0x2b, 0x1d, 0x2a, 0x2a, 0x1d, 
	0x23, 0x2b, 0x2a, 0x1e, 0x1e, 0x2a, 0x2b, 0x2a, 
	0x17, 0x17, 0x0d, 0x17, 0x1f, 0x1f, 0x1f, 0x07, 
	0x15, 0x18, 0x17, 0x10, 0x23, 0x18, 0x17, 0x31, 
	0x07, 0x17, 0x1d, 0x00, 0x07, 0x2e, 0x2c, 0x04, 
	0x2c, 0x2e, 0x2d, 0x0a, 0x38, 0x2b, 0x2e, 0x03, 
	0x15, 0x37, 0x18, 0x17, 0x17, 0x17, 0x17, 0x0c, 
	0x00, 0x17, 0x2c, 0x22, 0x23, 0x16, 0x18, 0x03, 
	0x37, 0x37, 0x11, 0x2c, 0x17, 0x38, 0x0b, 0x37, 
	0x04, 0x00, 0x06, 0x0a, 0x31, 0x2e, 0x0a, 0x00, 
	0x2e, 0x16, 0x18, 0x31, 0x18, 0x17, 0x2e, 0x0c, 
	0x07, 0x17, 0x2c, 0x23, 0x1f, 0x00, 0x16, 0x08, 
	0x16, 0x00, 0x0d, 0x31, 0x2d, 0x0d, 0x2e, 0x1c, 
	0x15, 0x2d, 0x2b, 0x18, 0x06, 0x17, 0x18, 0x17, 
	0x18, 0x0a, 0x2f, 0x1d, 0x02, 0x18, 0x03, 0x0c, 
	0x07, 0x18, 0x1f, 0x1c, 0x2e, 0x02, 0x08, 0x2c, 
	0x0a, 0x17, 0x1d, 0x0a, 0x04, 0x37, 0x00, 0x08, 
	0x2d, 0x18, 0x2d, 0x00, 0x0b, 0x18, 0x00, 0x15, 
	0x04, 0x16, 0x2c, 0x17, 0x07, 0x11, 0x2c, 0x0c, 
	0x0c, 0x2e, 0x2b, 0x23, 0x2c, 0x04, 0x16, 0x18, 
	0x04, 0x11, 0x17, 0x02, 0x0b, 0x16, 0x0d, 0x08, 
	0x16, 0x37, 0x18, 0x18, 0x17, 0x1f, 0x04, 0x18, 
	0x2c, 0x18, 0x3a, 0x16, 0x0a, 0x2b, 0x1f, 0x0c, 
	0x0c, 0x2e, 0x2c, 0x23, 0x31, 0x03, 0x17, 0x03, 
	0x00, 0x17, 0x31, 0x04, 0x17, 0x2b, 0x1f, 0x17, 
	0x18, 0x16, 0x11, 0x18, 0x2e, 0x2d, 0x35, 0x17, 
	0x18, 0x2c, 0x2c, 0x18, 0x1c, 0x2c, 0x2e, 0x0c, 
	0x0c, 0x17, 0x2f, 0x23, 0x17, 0x15, 0x17, 0x2f, 
	0x17, 0x1f, 0x1a, 0x16, 0x23, 0x00, 0x03, 0x2e, 
	0x04, 0x18, 0x17, 0x00, 0x2c, 0x0a, 0x37, 0x16, 
	0x17, 0x23, 0x0a, 0x2b, 0x1c, 0x2d, 0x16, 0x0c, 
	0x0c, 0x2d, 0x1f, 0x1f, 0x16, 0x00, 0x11, 0x04, 
	0x16, 0x00, 0x06, 0x23, 0x18, 0x16, 0x18, 0x37, 
	0x18, 0x17, 0x18, 0x37, 0x18, 0x07, 0x1d, 0x35, 
	0x0a, 0x2d, 0x16, 0x31, 0x0a, 0x00, 0x2f, 0x0c, 
	0x0c, 0x18, 0x23, 0x23, 0x18, 0x04, 0x06, 0x17, 
	0x18, 0x17, 0x41, 0x2c, 0x17, 0x2d, 0x11, 0x1d, 
	0x16, 0x00, 0x0c, 0x18, 0x00, 0x16, 0x1f, 0x19, 
	0x1f, 0x2b, 0x31, 0x1f, 0x15, 0x2f, 0x2a, 0x0c, 
	0x0c, 0x0a, 0x1c, 0x27, 0x17, 0x2d, 0x42, 0x1f, 
	0x18, 0x2f, 0x06, 0x16, 0x02, 0x00, 0x2b, 0x2c, 
	0x35, 0x2d, 0x02, 0x35, 0x17, 0x2a, 0x17, 0x35, 
	0x1c, 0x2b, 0x1d, 0x32, 0x17, 0x41, 0x2c, 0x0c, 
	0x0c, 0x16, 0x1e, 0x43, 0x05, 0x0c, 0x07, 0x0c, 
	0x0c, 0x0c, 0x0c, 0x0c, 0x0c, 0x0c, 0x0c, 0x0c, 
	0x0c, 0x0c, 0x06, 0x1a, 0x1a, 0x0c, 0x0c, 0x0c, 
	0x0c, 0x0c, 0x07, 0x00, 0x2e, 0x0c, 0x0c, 0x0c, 
	0x0c, 0x17, 0x23, 0x0c, 0x0c, 0x0c, 0x0c, 0x0c, 
	0x0c, 0x0c, 0x0c, 0x0c, 0x0c, 0x0c, 0x0c, 0x0c, 
	0x0c, 0x0c, 0x0c, 0x0c, 0x0c, 0x0c, 0x0c, 0x0c, 
	0x0c, 0x0c, 0x0c, 0x0c, 0x0c, 0x0c, 0x0c, 0x0c, 
	0x0c, 0x2e, 0x04, 0x0c, 0x0c, 0x0c, 0x0b, 0x0c, 
	0x0c, 0x0b, 0x0c, 0x0c, 0x0c, 0x0c, 0x0c, 0x0c, 
	0x0c, 0x0c, 0x0c, 0x0c, 0x0c, 0x0c, 0x0c, 0x0c, 
	0x0c, 0x0c, 0x0c, 0x0c, 0x0c, 0x0c, 0x0c, 0x0c, 
	
};

Gfx castle_grounds_dl__52_pal_rgba16_aligner[] = {gsSPEndDisplayList()};
u8 castle_grounds_dl__52_pal_rgba16[] = {
	0x18, 0x85, 0x10, 0x83, 0x28, 0xc7, 0x18, 0x87, 
	0x10, 0x43, 0x08, 0x03, 0x11, 0x07, 0x08, 0x43, 
	0x10, 0xc5, 0x08, 0x83, 0x20, 0x87, 0x08, 0x01, 
	0x00, 0x01, 0x21, 0x89, 0x19, 0x07, 0x19, 0x89, 
	0x21, 0xcb, 0x19, 0x49, 0x19, 0x4d, 0x21, 0x8f, 
	0x10, 0xc7, 0x18, 0x45, 0x20, 0xc7, 0x39, 0x49, 
	0x31, 0x07, 0x18, 0x83, 0x10, 0x45, 0x32, 0x13, 
	0x32, 0x8f, 0x5a, 0x0d, 0x3a, 0xd1, 0x29, 0xcb, 
	0x32, 0x4f, 0x32, 0xd1, 0x31, 0xc9, 0x32, 0x0d, 
	0x29, 0xd1, 0x2a, 0x0d, 0x32, 0x57, 0x43, 0x13, 
	0x43, 0x53, 0x4b, 0x55, 0x62, 0x0f, 0x49, 0xcd, 
	0x41, 0x8b, 0x39, 0x09, 0x30, 0xcb, 0x41, 0x4f, 
	0x41, 0x49, 0x39, 0x0d, 0x49, 0x4d, 0x42, 0x4d, 
	0x3b, 0x11, 0x41, 0x0b, 0x4a, 0xcd, 0x20, 0xc9, 
	0x21, 0x07, 0x29, 0x07, 0x3a, 0x0b, 0x72, 0x93, 
	0x20, 0xc5, 0x49, 0x91, 0x5b, 0x0f, 0x30, 0xc7, 
	0x29, 0x87, 0x6a, 0x51, 0x59, 0x93, 0x63, 0x51, 
	
};

Gfx castle_grounds_dl_water_ia8_aligner[] = {gsSPEndDisplayList()};
u8 castle_grounds_dl_water_ia8[] = {
	0x5d, 0x6d, 0x6d, 0x6d, 0x5d, 0x5d, 0x5d, 0x5d, 
	0x6d, 0x6d, 0x6d, 0x6d, 0x6d, 0x7d, 0x7d, 0x7d, 
	0x8d, 0x8d, 0x8d, 0x7d, 0x7d, 0x6d, 0x7d, 0x7d, 
	0x6d, 0x7d, 0x8d, 0x8d, 0x8d, 0x8d, 0x7d, 0x6d, 
	0x5d, 0x5d, 0x5d, 0x5d, 0x5d, 0x5d, 0x5d, 0x6d, 
	0x6d, 0x6d, 0x6d, 0x6d, 0x6d, 0x6d, 0x6d, 0x6d, 
	0x7d, 0x7d, 0x7d, 0x6d, 0x7d, 0x7d, 0x7d, 0x7d, 
	0x9d, 0x8d, 0x8d, 0x8d, 0x8d, 0x7d, 0x6d, 0x5d, 
	0x5d, 0x5d, 0x5d, 0x5d, 0x5d, 0x5d, 0x5d, 0x6d, 
	0x5d, 0x6d, 0x6d, 0x5d, 0x5d, 0x5d, 0x5d, 0x6d, 
	0x6d, 0x6d, 0x7d, 0x6d, 0x6d, 0x6d, 0x7d, 0x6d, 
	0x9d, 0x8d, 0x8d, 0x8d, 0x8d, 0x7d, 0x6d, 0x5d, 
	0x5d, 0x5d, 0x5d, 0x5d, 0x6d, 0x6d, 0x5d, 0x5d, 
	0x6d, 0x6d, 0x6d, 0x5d, 0x5d, 0x5d, 0x5d, 0x5d, 
	0x5d, 0x6d, 0x7d, 0x6d, 0x7d, 0x6d, 0x7d, 0x6d, 
	0x7d, 0x8d, 0x8d, 0x8d, 0x7d, 0x7d, 0x7d, 0x7d, 
	0x6d, 0x5d, 0x5d, 0x5d, 0x6d, 0x6d, 0x6d, 0x6d, 
	0x6d, 0x6d, 0x6d, 0x6d, 0x5d, 0x6d, 0x6d, 0x6d, 
	0x6d, 0x6d, 0x6d, 0x7d, 0x8d, 0x7d, 0x7d, 0x7d, 
	0x6d, 0x8d, 0x8d, 0x7d, 0x7d, 0x7d, 0x7d, 0x6d, 
	0x6d, 0x5d, 0x5d, 0x5d, 0x5d, 0x6d, 0x7d, 0x7d, 
	0x7d, 0x7d, 0x6d, 0x6d, 0x6d, 0x6d, 0x6d, 0x6d, 
	0x6d, 0x5d, 0x6d, 0x7d, 0x7d, 0x7d, 0x7d, 0x7d, 
	0x7d, 0x7d, 0x7d, 0x6d, 0x7d, 0x7d, 0x7d, 0x5d, 
	0x5d, 0x5d, 0x5d, 0x6d, 0x6d, 0x7d, 0x7d, 0x7d, 
	0x7d, 0x7d, 0x6d, 0x6d, 0x6d, 0x6d, 0x6d, 0x6d, 
	0x6d, 0x6d, 0x6d, 0x6d, 0x6d, 0x5d, 0x5d, 0x5d, 
	0x6d, 0x6d, 0x6d, 0x6d, 0x7d, 0x7d, 0x7d, 0x6d, 
	0x5d, 0x5d, 0x6d, 0x7d, 0x7d, 0x7d, 0x7d, 0x6d, 
	0x6d, 0x6d, 0x6d, 0x6d, 0x6d, 0x6d, 0x6d, 0x6d, 
	0x5d, 0x5d, 0x6d, 0x5d, 0x5d, 0x5d, 0x5d, 0x5d, 
	0x5d, 0x5d, 0x6d, 0x6d, 0x6d, 0x7d, 0x7d, 0x7d, 
	0x6d, 0x5d, 0x6d, 0x7d, 0x6d, 0x6d, 0x6d, 0x5d, 
	0x5d, 0x5d, 0x5d, 0x6d, 0x6d, 0x6d, 0x6d, 0x6d, 
	0x5d, 0x5d, 0x6d, 0x5d, 0x5d, 0x5d, 0x4d, 0x5d, 
	0x5d, 0x5d, 0x5d, 0x5d, 0x6d, 0x7d, 0x7d, 0x7d, 
	0x7d, 0x6d, 0x6d, 0x6d, 0x6d, 0x5d, 0x5d, 0x5d, 
	0x5d, 0x5d, 0x5d, 0x5d, 0x6d, 0x6d, 0x6d, 0x6d, 
	0x5d, 0x5d, 0x5d, 0x5d, 0x5d, 0x5d, 0x5d, 0x5d, 
	0x5d, 0x5d, 0x5d, 0x5d, 0x5d, 0x6d, 0x6d, 0x6d, 
	0x6d, 0x5d, 0x5d, 0x5d, 0x5d, 0x5d, 0x5d, 0x5d, 
	0x5d, 0x5d, 0x5d, 0x5d, 0x5d, 0x6d, 0x6d, 0x5d, 
	0x5d, 0x5d, 0x5d, 0x5d, 0x5d, 0x5d, 0x5d, 0x5d, 
	0x5d, 0x5d, 0x5d, 0x5d, 0x5d, 0x5d, 0x6d, 0x6d, 
	0x6d, 0x5d, 0x5d, 0x5d, 0x5d, 0x5d, 0x5d, 0x5d, 
	0x5d, 0x5d, 0x5d, 0x5d, 0x6d, 0x6d, 0x6d, 0x6d, 
	0x6d, 0x5d, 0x5d, 0x5d, 0x5d, 0x5d, 0x5d, 0x5d, 
	0x5d, 0x5d, 0x5d, 0x4d, 0x5d, 0x5d, 0x6d, 0x6d, 
	0x6d, 0x5d, 0x5d, 0x5d, 0x5d, 0x5d, 0x5d, 0x5d, 
	0x5d, 0x5d, 0x5d, 0x6d, 0x6d, 0x7d, 0x7d, 0x6d, 
	0x7d, 0x6d, 0x6d, 0x5d, 0x5d, 0x5d, 0x5d, 0x5d, 
	0x5d, 0x5d, 0x5d, 0x5d, 0x5d, 0x6d, 0x6d, 0x6d, 
	0x5d, 0x5d, 0x5d, 0x5d, 0x5d, 0x5d, 0x5d, 0x5d, 
	0x5d, 0x5d, 0x6d, 0x6d, 0x6d, 0x7d, 0x7d, 0x7d, 
	0x7d, 0x7d, 0x6d, 0x6d, 0x5d, 0x5d, 0x6d, 0x5d, 
	0x5d, 0x5d, 0x5d, 0x5d, 0x6d, 0x6d, 0x5d, 0x5d, 
	0x5d, 0x5d, 0x5d, 0x5d, 0x5d, 0x5d, 0x5d, 0x5d, 
	0x5d, 0x6d, 0x7d, 0x7d, 0x6d, 0x7d, 0x7d, 0x7d, 
	0x7d, 0x8d, 0x7d, 0x6d, 0x6d, 0x5d, 0x6d, 0x6d, 
	0x5d, 0x6d, 0x6d, 0x6d, 0x6d, 0x6d, 0x6d, 0x5d, 
	0x7d, 0x6d, 0x6d, 0x6d, 0x5d, 0x5d, 0x5d, 0x5d, 
	0x6d, 0x7d, 0x7d, 0x7d, 0x6d, 0x6d, 0x7d, 0x7d, 
	0x8d, 0x9d, 0x7d, 0x7d, 0x6d, 0x6d, 0x7d, 0x6d, 
	0x6d, 0x6d, 0x6d, 0x6d, 0x5d, 0x6d, 0x6d, 0x6d, 
	0x7d, 0x7d, 0x7d, 0x6d, 0x6d, 0x6d, 0x6d, 0x6d, 
	0x6d, 0x6d, 0x7d, 0x7d, 0x7d, 0x7d, 0x7d, 0x7d, 
	0x7d, 0x7d, 0x7d, 0x7d, 0x6d, 0x6d, 0x7d, 0x7d, 
	0x7d, 0x7d, 0x7d, 0x6d, 0x6d, 0x5d, 0x5d, 0x6d, 
	0x7d, 0x7d, 0x7d, 0x7d, 0x7d, 0x6d, 0x6d, 0x6d, 
	0x6d, 0x6d, 0x6d, 0x7d, 0x7d, 0x6d, 0x6d, 0x6d, 
	0x7d, 0x7d, 0x7d, 0x6d, 0x6d, 0x6d, 0x6d, 0x6d, 
	0x7d, 0x7d, 0x7d, 0x6d, 0x5d, 0x5d, 0x6d, 0x6d, 
	0x7d, 0x7d, 0x8d, 0x8d, 0x7d, 0x7d, 0x7d, 0x7d, 
	0x6d, 0x6d, 0x6d, 0x7d, 0x7d, 0x6d, 0x6d, 0x6d, 
	0x6d, 0x6d, 0x6d, 0x6d, 0x6d, 0x6d, 0x6d, 0x7d, 
	0x7d, 0x7d, 0x7d, 0x6d, 0x5d, 0x5d, 0x6d, 0x6d, 
	0x6d, 0x7d, 0x7d, 0x7d, 0x7d, 0x7d, 0x7d, 0x7d, 
	0x7d, 0x7d, 0x7d, 0x7d, 0x6d, 0x5d, 0x5d, 0x5d, 
	0x5d, 0x5d, 0x5d, 0x5d, 0x5d, 0x6d, 0x7d, 0x7d, 
	0x7d, 0x7d, 0x6d, 0x6d, 0x5d, 0x5d, 0x5d, 0x6d, 
	0x6d, 0x6d, 0x7d, 0x7d, 0x7d, 0x7d, 0x7d, 0x7d, 
	0x7d, 0x7d, 0x7d, 0x6d, 0x6d, 0x5d, 0x5d, 0x5d, 
	0x5d, 0x5d, 0x5d, 0x5d, 0x5d, 0x5d, 0x6d, 0x6d, 
	0x6d, 0x6d, 0x7d, 0x6d, 0x5d, 0x5d, 0x5d, 0x5d, 
	0x5d, 0x5d, 0x6d, 0x6d, 0x6d, 0x6d, 0x7d, 0x7d, 
	0x6d, 0x6d, 0x6d, 0x6d, 0x5d, 0x5d, 0x5d, 0x5d, 
	0x5d, 0x5d, 0x5d, 0x5d, 0x5d, 0x5d, 0x5d, 0x5d, 
	0x6d, 0x6d, 0x6d, 0x6d, 0x5d, 0x5d, 0x5d, 0x5d, 
	0x5d, 0x5d, 0x5d, 0x5d, 0x5d, 0x6d, 0x6d, 0x7d, 
	0x6d, 0x6d, 0x6d, 0x5d, 0x5d, 0x5d, 0x5d, 0x5d, 
	0x5d, 0x5d, 0x5d, 0x5d, 0x5d, 0x5d, 0x5d, 0x5d, 
	0x5d, 0x5d, 0x6d, 0x5d, 0x5d, 0x5d, 0x5d, 0x5d, 
	0x5d, 0x5d, 0x5d, 0x5d, 0x5d, 0x5d, 0x6d, 0x6d, 
	0x6d, 0x6d, 0x5d, 0x5d, 0x5d, 0x5d, 0x5d, 0x5d, 
	0x5d, 0x5d, 0x5d, 0x5d, 0x5d, 0x5d, 0x5d, 0x4d, 
	0x5d, 0x5d, 0x6d, 0x5d, 0x5d, 0x5d, 0x5d, 0x5d, 
	0x4d, 0x5d, 0x5d, 0x5d, 0x5d, 0x5d, 0x6d, 0x6d, 
	0x5d, 0x6d, 0x5d, 0x6d, 0x5d, 0x5d, 0x5d, 0x5d, 
	0x5d, 0x5d, 0x5d, 0x5d, 0x5d, 0x4d, 0x5d, 0x5d, 
	0x5d, 0x5d, 0x5d, 0x5d, 0x5d, 0x5d, 0x5d, 0x5d, 
	0x5d, 0x5d, 0x5d, 0x5d, 0x6d, 0x6d, 0x7d, 0x7d, 
	0x7d, 0x6d, 0x5d, 0x5d, 0x5d, 0x5d, 0x5d, 0x5d, 
	0x5d, 0x5d, 0x5d, 0x5d, 0x5d, 0x5d, 0x5d, 0x5d, 
	0x5d, 0x5d, 0x5d, 0x5d, 0x5d, 0x5d, 0x5d, 0x5d, 
	0x5d, 0x5d, 0x4d, 0x5d, 0x6d, 0x7d, 0x7d, 0x7d, 
	0x7d, 0x7d, 0x6d, 0x6d, 0x5d, 0x6d, 0x6d, 0x5d, 
	0x5d, 0x5d, 0x5d, 0x5d, 0x5d, 0x5d, 0x5d, 0x5d, 
	0x5d, 0x5d, 0x5d, 0x5d, 0x4d, 0x4d, 0x5d, 0x5d, 
	0x5d, 0x5d, 0x5d, 0x6d, 0x7d, 0x7d, 0x8d, 0x8d, 
	0x8d, 0x7d, 0x6d, 0x6d, 0x6d, 0x7d, 0x6d, 0x6d, 
	0x6d, 0x6d, 0x5d, 0x5d, 0x5d, 0x5d, 0x4d, 0x4d, 
	0x5d, 0x5d, 0x4d, 0x4d, 0x4d, 0x4d, 0x5d, 0x5d, 
	0x5d, 0x5d, 0x6d, 0x7d, 0x7d, 0x8d, 0x8d, 0x8d, 
	0x8d, 0x8d, 0x7d, 0x7d, 0x6d, 0x7d, 0x7d, 0x7d, 
	0x7d, 0x6d, 0x6d, 0x5d, 0x5d, 0x5d, 0x5d, 0x5d, 
	0x5d, 0x5d, 0x5d, 0x4d, 0x4d, 0x5d, 0x5d, 0x5d, 
	0x5d, 0x6d, 0x7d, 0x7d, 0x8d, 0x8d, 0x8d, 0x8d, 
	0x8d, 0x9d, 0x8d, 0x8d, 0x7d, 0x7d, 0x7d, 0x7d, 
	0x7d, 0x6d, 0x5d, 0x5d, 0x5d, 0x5d, 0x5d, 0x5d, 
	0x4d, 0x4d, 0x5d, 0x4d, 0x4d, 0x5d, 0x5d, 0x5d, 
	0x6d, 0x6d, 0x6d, 0x7d, 0x8d, 0x7d, 0x7d, 0x7d, 
	0x8d, 0x8d, 0x8d, 0x8d, 0x7d, 0x7d, 0x7d, 0x7d, 
	0x7d, 0x6d, 0x5d, 0x5d, 0x6d, 0x6d, 0x6d, 0x5d, 
	0x5d, 0x5d, 0x5d, 0x5d, 0x5d, 0x5d, 0x6d, 0x6d, 
	0x6d, 0x6d, 0x6d, 0x7d, 0x7d, 0x7d, 0x6d, 0x6d, 
	0x7d, 0x7d, 0x7d, 0x7d, 0x7d, 0x8d, 0x8d, 0x8d, 
	0x8d, 0x7d, 0x6d, 0x6d, 0x7d, 0x7d, 0x7d, 0x6d, 
	0x6d, 0x6d, 0x6d, 0x6d, 0x6d, 0x7d, 0x7d, 0x7d, 
	
};

Vtx castle_grounds_dl_shujacg_mesh_layer_4_vtx_cull[8] = {
	{{ {-8297, -17481, 1840}, 0, {0, 0}, {0, 0, 0, 0} }},
	{{ {-8297, 7350, 1840}, 0, {0, 0}, {0, 0, 0, 0} }},
	{{ {-8297, 7350, -8147}, 0, {0, 0}, {0, 0, 0, 0} }},
	{{ {-8297, -17481, -8147}, 0, {0, 0}, {0, 0, 0, 0} }},
	{{ {8304, -17481, 1840}, 0, {0, 0}, {0, 0, 0, 0} }},
	{{ {8304, 7350, 1840}, 0, {0, 0}, {0, 0, 0, 0} }},
	{{ {8304, 7350, -8147}, 0, {0, 0}, {0, 0, 0, 0} }},
	{{ {8304, -17481, -8147}, 0, {0, 0}, {0, 0, 0, 0} }},
};

Vtx castle_grounds_dl_shujacg_mesh_layer_4_vtx_0[910] = {
	{{ {3541, -3571, -1953}, 0, {974, -1035}, {127, 0, 0, 255} }},
	{{ {3541, -3571, -1630}, 0, {974, -2025}, {127, 0, 0, 255} }},
	{{ {3541, -3894, -1630}, 0, {-16, -2025}, {127, 0, 0, 255} }},
	{{ {3541, -3894, -1953}, 0, {-16, -1035}, {127, 0, 0, 255} }},
	{{ {3328, -2311, -1366}, 0, {974, -1035}, {82, 97, 0, 255} }},
	{{ {3328, -2311, -1042}, 0, {974, -2025}, {82, 97, 0, 255} }},
	{{ {3575, -2519, -1042}, 0, {-16, -2025}, {82, 97, 0, 255} }},
	{{ {3575, -2519, -1366}, 0, {-16, -1035}, {82, 97, 0, 255} }},
	{{ {-3567, -2519, -1366}, 0, {-16, -1035}, {111, 62, 0, 255} }},
	{{ {-3567, -2519, -1042}, 0, {-16, -2025}, {111, 62, 0, 255} }},
	{{ {-3321, -2311, -1042}, 0, {974, -2025}, {111, 62, 0, 255} }},
	{{ {-3567, -2519, -1366}, 0, {-16, -1035}, {111, 62, 0, 255} }},
	{{ {-3321, -2311, -1042}, 0, {974, -2025}, {111, 62, 0, 255} }},
	{{ {-3321, -2311, -1366}, 0, {974, -1035}, {111, 62, 0, 255} }},
	{{ {-681, -6242, -1492}, 0, {974, -1035}, {0, 127, 0, 255} }},
	{{ {-681, -6242, -1168}, 0, {974, -2025}, {0, 127, 0, 255} }},
	{{ {-1003, -6242, -1168}, 0, {-16, -2025}, {0, 127, 0, 255} }},
	{{ {-681, -6242, -1492}, 0, {974, -1035}, {0, 127, 0, 255} }},
	{{ {-1003, -6242, -1168}, 0, {-16, -2025}, {0, 127, 0, 255} }},
	{{ {-1003, -6242, -1492}, 0, {-16, -1035}, {0, 127, 0, 255} }},
	{{ {1020, -6242, -1492}, 0, {974, -1035}, {0, 127, 0, 255} }},
	{{ {1020, -6242, -1168}, 0, {974, -2025}, {0, 127, 0, 255} }},
	{{ {697, -6242, -1168}, 0, {-16, -2025}, {0, 127, 0, 255} }},
	{{ {1020, -6242, -1492}, 0, {974, -1035}, {0, 127, 0, 255} }},
	{{ {697, -6242, -1168}, 0, {-16, -2025}, {0, 127, 0, 255} }},
	{{ {697, -6242, -1492}, 0, {-16, -1035}, {0, 127, 0, 255} }},
	{{ {2957, -10966, -1212}, 0, {931, -1434}, {127, 0, 0, 255} }},
	{{ {2957, -10966, -1022}, 0, {931, -2013}, {127, 0, 0, 255} }},
	{{ {2957, -10683, -1022}, 0, {66, -2013}, {127, 0, 0, 255} }},
	{{ {2957, -10966, -1212}, 0, {931, -1434}, {127, 0, 0, 255} }},
	{{ {2957, -10683, -1022}, 0, {66, -2013}, {127, 0, 0, 255} }},
	{{ {2957, -10683, -1212}, 0, {66, -1434}, {127, 0, 0, 255} }},
	{{ {2957, -10693, -1212}, 0, {95, -1434}, {127, 0, 0, 255} }},
	{{ {2957, -10693, -1244}, 0, {95, -1335}, {127, 0, 0, 255} }},
	{{ {2957, -10703, -1244}, 0, {128, -1335}, {127, 0, 0, 255} }},
	{{ {2957, -10703, -1244}, 0, {128, -1335}, {127, 0, 0, 255} }},
	{{ {2957, -10703, -1264}, 0, {128, -1273}, {127, 0, 0, 255} }},
	{{ {2957, -10713, -1264}, 0, {159, -1273}, {127, 0, 0, 255} }},
	{{ {2957, -10713, -1264}, 0, {159, -1273}, {0, 0, 127, 255} }},
	{{ {2957, -10713, -1266}, 0, {159, -1269}, {0, 0, 127, 255} }},
	{{ {2957, -10713, -1275}, 0, {159, -1241}, {0, 0, 127, 255} }},
	{{ {2957, -10713, -1264}, 0, {159, -1273}, {127, 0, 0, 255} }},
	{{ {2957, -10713, -1275}, 0, {159, -1241}, {127, 0, 0, 255} }},
	{{ {2957, -10724, -1275}, 0, {192, -1241}, {127, 0, 0, 255} }},
	{{ {2957, -10724, -1275}, 0, {192, -1241}, {127, 0, 0, 255} }},
	{{ {2957, -10724, -1286}, 0, {192, -1208}, {127, 0, 0, 255} }},
	{{ {2957, -10735, -1286}, 0, {224, -1208}, {127, 0, 0, 255} }},
	{{ {2957, -10735, -1286}, 0, {224, -1208}, {127, 0, 0, 255} }},
	{{ {2957, -10735, -1296}, 0, {224, -1175}, {127, 0, 0, 255} }},
	{{ {2957, -10746, -1296}, 0, {257, -1175}, {127, 0, 0, 255} }},
	{{ {2957, -10746, -1296}, 0, {257, -1175}, {127, 0, 0, 255} }},
	{{ {2957, -10746, -1305}, 0, {257, -1146}, {127, 0, 0, 255} }},
	{{ {2957, -10766, -1305}, 0, {319, -1146}, {127, 0, 0, 255} }},
	{{ {2957, -10766, -1305}, 0, {319, -1146}, {127, 0, 0, 255} }},
	{{ {2957, -10766, -1306}, 0, {319, -1142}, {127, 0, 0, 255} }},
	{{ {2957, -10766, -1316}, 0, {319, -1113}, {127, 0, 0, 255} }},
	{{ {2957, -10766, -1305}, 0, {319, -1146}, {127, 0, 0, 255} }},
	{{ {2957, -10766, -1316}, 0, {319, -1113}, {127, 0, 0, 255} }},
	{{ {2957, -10798, -1316}, 0, {417, -1113}, {127, 0, 0, 255} }},
	{{ {2957, -10798, -1316}, 0, {417, -1113}, {127, 0, 0, 255} }},
	{{ {2957, -10798, -1325}, 0, {417, -1085}, {127, 0, 0, 255} }},
	{{ {2957, -10851, -1325}, 0, {578, -1085}, {127, 0, 0, 255} }},
	{{ {2957, -10798, -1316}, 0, {417, -1113}, {127, 0, 0, 255} }},
	{{ {2957, -10851, -1325}, 0, {578, -1085}, {127, 0, 0, 255} }},
	{{ {2957, -10851, -1316}, 0, {578, -1113}, {127, 0, 0, 255} }},
	{{ {2957, -10798, -1316}, 0, {417, -1113}, {0, 129, 0, 255} }},
	{{ {2957, -10851, -1316}, 0, {578, -1113}, {0, 129, 0, 255} }},
	{{ {2957, -10881, -1316}, 0, {672, -1113}, {0, 127, 0, 255} }},
	{{ {2957, -10798, -1316}, 0, {417, -1113}, {127, 0, 0, 255} }},
	{{ {2957, -10881, -1316}, 0, {672, -1113}, {127, 0, 0, 255} }},
	{{ {2957, -10881, -1305}, 0, {672, -1146}, {127, 0, 0, 255} }},
	{{ {2957, -10881, -1305}, 0, {672, -1146}, {0, 129, 0, 255} }},
	{{ {2957, -10883, -1305}, 0, {676, -1146}, {129, 0, 0, 255} }},
	{{ {2957, -10903, -1305}, 0, {738, -1146}, {0, 127, 0, 255} }},
	{{ {2957, -10881, -1305}, 0, {672, -1146}, {127, 0, 0, 255} }},
	{{ {2957, -10903, -1305}, 0, {738, -1146}, {127, 0, 0, 255} }},
	{{ {2957, -10903, -1296}, 0, {738, -1175}, {127, 0, 0, 255} }},
	{{ {2957, -10903, -1296}, 0, {738, -1175}, {127, 0, 0, 255} }},
	{{ {2957, -10914, -1296}, 0, {771, -1175}, {127, 0, 0, 255} }},
	{{ {2957, -10914, -1294}, 0, {771, -1179}, {127, 0, 0, 255} }},
	{{ {2957, -10903, -1296}, 0, {738, -1175}, {127, 0, 0, 255} }},
	{{ {2957, -10914, -1294}, 0, {771, -1179}, {127, 0, 0, 255} }},
	{{ {2957, -10914, -1285}, 0, {771, -1212}, {127, 0, 0, 255} }},
	{{ {2957, -10914, -1285}, 0, {771, -1212}, {0, 129, 0, 255} }},
	{{ {2957, -10916, -1285}, 0, {779, -1212}, {0, 0, 127, 255} }},
	{{ {2957, -10926, -1285}, 0, {808, -1212}, {0, 127, 0, 255} }},
	{{ {2957, -10914, -1285}, 0, {771, -1212}, {127, 0, 0, 255} }},
	{{ {2957, -10926, -1285}, 0, {808, -1212}, {127, 0, 0, 255} }},
	{{ {2957, -10926, -1274}, 0, {808, -1245}, {127, 0, 0, 255} }},
	{{ {2957, -10926, -1274}, 0, {808, -1245}, {127, 0, 0, 255} }},
	{{ {2957, -10934, -1274}, 0, {832, -1245}, {127, 0, 0, 255} }},
	{{ {2957, -10934, -1264}, 0, {832, -1273}, {127, 0, 0, 255} }},
	{{ {2957, -10934, -1264}, 0, {832, -1273}, {127, 0, 0, 255} }},
	{{ {2957, -10945, -1264}, 0, {865, -1273}, {127, 0, 0, 255} }},
	{{ {2957, -10945, -1243}, 0, {865, -1339}, {127, 0, 0, 255} }},
	{{ {2957, -10945, -1243}, 0, {865, -1339}, {127, 0, 0, 255} }},
	{{ {2957, -10954, -1243}, 0, {894, -1339}, {127, 0, 0, 255} }},
	{{ {2957, -10954, -1212}, 0, {894, -1434}, {127, 0, 0, 255} }},
	{{ {2957, -10693, -1212}, 0, {95, -1434}, {127, 0, 0, 255} }},
	{{ {2957, -10703, -1244}, 0, {128, -1335}, {127, 0, 0, 255} }},
	{{ {2957, -10713, -1264}, 0, {159, -1273}, {127, 0, 0, 255} }},
	{{ {2957, -10693, -1212}, 0, {95, -1434}, {127, 0, 0, 255} }},
	{{ {2957, -10713, -1264}, 0, {159, -1273}, {127, 0, 0, 255} }},
	{{ {2957, -10724, -1275}, 0, {192, -1241}, {127, 0, 0, 255} }},
	{{ {2957, -10693, -1212}, 0, {95, -1434}, {127, 0, 0, 255} }},
	{{ {2957, -10724, -1275}, 0, {192, -1241}, {127, 0, 0, 255} }},
	{{ {2957, -10735, -1286}, 0, {224, -1208}, {127, 0, 0, 255} }},
	{{ {2957, -10693, -1212}, 0, {95, -1434}, {127, 0, 0, 255} }},
	{{ {2957, -10735, -1286}, 0, {224, -1208}, {127, 0, 0, 255} }},
	{{ {2957, -10746, -1296}, 0, {257, -1175}, {127, 0, 0, 255} }},
	{{ {2957, -10746, -1296}, 0, {257, -1175}, {127, 0, 0, 255} }},
	{{ {2957, -10766, -1305}, 0, {319, -1146}, {127, 0, 0, 255} }},
	{{ {2957, -10693, -1212}, 0, {95, -1434}, {127, 0, 0, 255} }},
	{{ {2957, -10766, -1305}, 0, {319, -1146}, {127, 0, 0, 255} }},
	{{ {2957, -10798, -1316}, 0, {417, -1113}, {127, 0, 0, 255} }},
	{{ {2957, -10693, -1212}, 0, {95, -1434}, {127, 0, 0, 255} }},
	{{ {2957, -10798, -1316}, 0, {417, -1113}, {127, 0, 0, 255} }},
	{{ {2957, -10881, -1305}, 0, {672, -1146}, {127, 0, 0, 255} }},
	{{ {2957, -10693, -1212}, 0, {95, -1434}, {127, 0, 0, 255} }},
	{{ {2957, -10881, -1305}, 0, {672, -1146}, {127, 0, 0, 255} }},
	{{ {2957, -10903, -1296}, 0, {738, -1175}, {127, 0, 0, 255} }},
	{{ {2957, -10693, -1212}, 0, {95, -1434}, {127, 0, 0, 255} }},
	{{ {2957, -10903, -1296}, 0, {738, -1175}, {127, 0, 0, 255} }},
	{{ {2957, -10914, -1285}, 0, {771, -1212}, {127, 0, 0, 255} }},
	{{ {2957, -10693, -1212}, 0, {95, -1434}, {127, 0, 0, 255} }},
	{{ {2957, -10914, -1285}, 0, {771, -1212}, {127, 0, 0, 255} }},
	{{ {2957, -10926, -1274}, 0, {808, -1245}, {127, 0, 0, 255} }},
	{{ {2957, -10693, -1212}, 0, {95, -1434}, {127, 0, 0, 255} }},
	{{ {2957, -10926, -1274}, 0, {808, -1245}, {127, 0, 0, 255} }},
	{{ {2957, -10934, -1264}, 0, {832, -1273}, {127, 0, 0, 255} }},
	{{ {2957, -10934, -1264}, 0, {832, -1273}, {127, 0, 0, 255} }},
	{{ {2957, -10945, -1243}, 0, {865, -1339}, {127, 0, 0, 255} }},
	{{ {2957, -10693, -1212}, 0, {95, -1434}, {127, 0, 0, 255} }},
	{{ {2957, -10945, -1243}, 0, {865, -1339}, {127, 0, 0, 255} }},
	{{ {2957, -10954, -1212}, 0, {894, -1434}, {127, 0, 0, 255} }},
	{{ {2957, -10683, -1212}, 0, {66, -1434}, {0, 129, 0, 255} }},
	{{ {2957, -10693, -1212}, 0, {95, -1434}, {0, 129, 0, 255} }},
	{{ {2957, -10954, -1212}, 0, {894, -1434}, {0, 127, 0, 255} }},
	{{ {2957, -10683, -1212}, 0, {66, -1434}, {0, 127, 0, 255} }},
	{{ {2957, -10954, -1212}, 0, {894, -1434}, {0, 129, 0, 255} }},
	{{ {2957, -10966, -1212}, 0, {931, -1434}, {0, 129, 0, 255} }},
	{{ {2956, -10237, -1207}, 0, {931, -1434}, {127, 0, 0, 255} }},
	{{ {2956, -10237, -1018}, 0, {931, -2013}, {127, 0, 0, 255} }},
	{{ {2956, -9955, -1018}, 0, {66, -2013}, {127, 0, 0, 255} }},
	{{ {2956, -10237, -1207}, 0, {931, -1434}, {127, 0, 0, 255} }},
	{{ {2956, -9955, -1018}, 0, {66, -2013}, {127, 0, 0, 255} }},
	{{ {2956, -9955, -1207}, 0, {66, -1434}, {127, 0, 0, 255} }},
	{{ {2956, -9964, -1207}, 0, {95, -1434}, {127, 0, 0, 255} }},
	{{ {2956, -9964, -1239}, 0, {95, -1335}, {127, 0, 0, 255} }},
	{{ {2956, -9975, -1239}, 0, {128, -1335}, {127, 0, 0, 255} }},
	{{ {2956, -9975, -1239}, 0, {128, -1335}, {127, 0, 0, 255} }},
	{{ {2956, -9975, -1259}, 0, {128, -1273}, {127, 0, 0, 255} }},
	{{ {2956, -9985, -1259}, 0, {159, -1273}, {127, 0, 0, 255} }},
	{{ {2956, -9985, -1259}, 0, {159, -1273}, {0, 0, 127, 255} }},
	{{ {2956, -9985, -1261}, 0, {159, -1269}, {0, 0, 127, 255} }},
	{{ {2956, -9985, -1270}, 0, {159, -1241}, {0, 0, 127, 255} }},
	{{ {2956, -9985, -1259}, 0, {159, -1273}, {127, 0, 0, 255} }},
	{{ {2956, -9985, -1270}, 0, {159, -1241}, {127, 0, 0, 255} }},
	{{ {2956, -9996, -1270}, 0, {192, -1241}, {127, 0, 0, 255} }},
	{{ {2956, -9996, -1270}, 0, {192, -1241}, {127, 0, 0, 255} }},
	{{ {2956, -9996, -1281}, 0, {192, -1208}, {127, 0, 0, 255} }},
	{{ {2956, -10007, -1281}, 0, {224, -1208}, {127, 0, 0, 255} }},
	{{ {2956, -10007, -1281}, 0, {224, -1208}, {127, 0, 0, 255} }},
	{{ {2956, -10007, -1291}, 0, {224, -1175}, {127, 0, 0, 255} }},
	{{ {2956, -10017, -1291}, 0, {257, -1175}, {127, 0, 0, 255} }},
	{{ {2956, -10017, -1291}, 0, {257, -1175}, {127, 0, 0, 255} }},
	{{ {2956, -10017, -1300}, 0, {257, -1146}, {127, 0, 0, 255} }},
	{{ {2956, -10038, -1300}, 0, {319, -1146}, {127, 0, 0, 255} }},
	{{ {2956, -10038, -1300}, 0, {319, -1146}, {0, 0, 127, 255} }},
	{{ {2956, -10038, -1301}, 0, {319, -1142}, {0, 0, 127, 255} }},
	{{ {2956, -10038, -1311}, 0, {319, -1113}, {0, 0, 129, 255} }},
	{{ {2956, -10038, -1300}, 0, {319, -1146}, {127, 0, 0, 255} }},
	{{ {2956, -10038, -1311}, 0, {319, -1113}, {127, 0, 0, 255} }},
	{{ {2956, -10069, -1311}, 0, {417, -1113}, {127, 0, 0, 255} }},
	{{ {2956, -10069, -1311}, 0, {417, -1113}, {127, 0, 0, 255} }},
	{{ {2956, -10069, -1320}, 0, {417, -1085}, {127, 0, 0, 255} }},
	{{ {2956, -10121, -1320}, 0, {578, -1085}, {127, 0, 0, 255} }},
	{{ {2956, -10069, -1311}, 0, {417, -1113}, {127, 0, 0, 255} }},
	{{ {2956, -10121, -1320}, 0, {578, -1085}, {127, 0, 0, 255} }},
	{{ {2956, -10121, -1311}, 0, {578, -1113}, {127, 0, 0, 255} }},
	{{ {2956, -10069, -1311}, 0, {417, -1113}, {0, 127, 0, 255} }},
	{{ {2956, -10121, -1311}, 0, {578, -1113}, {0, 129, 0, 255} }},
	{{ {2956, -10152, -1311}, 0, {672, -1113}, {0, 129, 0, 255} }},
	{{ {2956, -10069, -1311}, 0, {417, -1113}, {127, 0, 0, 255} }},
	{{ {2956, -10152, -1311}, 0, {672, -1113}, {127, 0, 0, 255} }},
	{{ {2956, -10152, -1300}, 0, {672, -1146}, {127, 0, 0, 255} }},
	{{ {2956, -10152, -1300}, 0, {672, -1146}, {0, 127, 0, 255} }},
	{{ {2956, -10154, -1300}, 0, {676, -1146}, {0, 0, 127, 255} }},
	{{ {2956, -10174, -1300}, 0, {738, -1146}, {0, 129, 0, 255} }},
	{{ {2956, -10152, -1300}, 0, {672, -1146}, {127, 0, 0, 255} }},
	{{ {2956, -10174, -1300}, 0, {738, -1146}, {127, 0, 0, 255} }},
	{{ {2956, -10174, -1291}, 0, {738, -1175}, {127, 0, 0, 255} }},
	{{ {2956, -10174, -1291}, 0, {738, -1175}, {127, 0, 0, 255} }},
	{{ {2956, -10184, -1291}, 0, {771, -1175}, {127, 0, 0, 255} }},
	{{ {2956, -10184, -1289}, 0, {771, -1179}, {127, 0, 0, 255} }},
	{{ {2956, -10174, -1291}, 0, {738, -1175}, {127, 0, 0, 255} }},
	{{ {2956, -10184, -1289}, 0, {771, -1179}, {127, 0, 0, 255} }},
	{{ {2956, -10184, -1280}, 0, {771, -1212}, {127, 0, 0, 255} }},
	{{ {2956, -10184, -1280}, 0, {771, -1212}, {0, 127, 0, 255} }},
	{{ {2956, -10187, -1280}, 0, {779, -1212}, {0, 0, 127, 255} }},
	{{ {2956, -10197, -1280}, 0, {808, -1212}, {0, 129, 0, 255} }},
	{{ {2956, -10184, -1280}, 0, {771, -1212}, {127, 0, 0, 255} }},
	{{ {2956, -10197, -1280}, 0, {808, -1212}, {127, 0, 0, 255} }},
	{{ {2956, -10197, -1269}, 0, {808, -1245}, {127, 0, 0, 255} }},
	{{ {2956, -10197, -1269}, 0, {808, -1245}, {127, 0, 0, 255} }},
	{{ {2956, -10205, -1269}, 0, {832, -1245}, {127, 0, 0, 255} }},
	{{ {2956, -10205, -1259}, 0, {832, -1273}, {127, 0, 0, 255} }},
	{{ {2956, -10205, -1259}, 0, {832, -1273}, {127, 0, 0, 255} }},
	{{ {2956, -10215, -1259}, 0, {865, -1273}, {127, 0, 0, 255} }},
	{{ {2956, -10215, -1238}, 0, {865, -1339}, {127, 0, 0, 255} }},
	{{ {2956, -10215, -1238}, 0, {865, -1339}, {127, 0, 0, 255} }},
	{{ {2956, -10225, -1238}, 0, {894, -1339}, {127, 0, 0, 255} }},
	{{ {2956, -10225, -1207}, 0, {894, -1434}, {127, 0, 0, 255} }},
	{{ {2956, -9964, -1207}, 0, {95, -1434}, {127, 0, 0, 255} }},
	{{ {2956, -9975, -1239}, 0, {128, -1335}, {127, 0, 0, 255} }},
	{{ {2956, -9985, -1259}, 0, {159, -1273}, {127, 0, 0, 255} }},
	{{ {2956, -9964, -1207}, 0, {95, -1434}, {127, 0, 0, 255} }},
	{{ {2956, -9985, -1259}, 0, {159, -1273}, {127, 0, 0, 255} }},
	{{ {2956, -9996, -1270}, 0, {192, -1241}, {127, 0, 0, 255} }},
	{{ {2956, -9964, -1207}, 0, {95, -1434}, {127, 0, 0, 255} }},
	{{ {2956, -9996, -1270}, 0, {192, -1241}, {127, 0, 0, 255} }},
	{{ {2956, -10007, -1281}, 0, {224, -1208}, {127, 0, 0, 255} }},
	{{ {2956, -9964, -1207}, 0, {95, -1434}, {127, 0, 0, 255} }},
	{{ {2956, -10007, -1281}, 0, {224, -1208}, {127, 0, 0, 255} }},
	{{ {2956, -10017, -1291}, 0, {257, -1175}, {127, 0, 0, 255} }},
	{{ {2956, -9964, -1207}, 0, {95, -1434}, {127, 0, 0, 255} }},
	{{ {2956, -10017, -1291}, 0, {257, -1175}, {127, 0, 0, 255} }},
	{{ {2956, -10038, -1300}, 0, {319, -1146}, {127, 0, 0, 255} }},
	{{ {2956, -10038, -1300}, 0, {319, -1146}, {127, 0, 0, 255} }},
	{{ {2956, -10069, -1311}, 0, {417, -1113}, {127, 0, 0, 255} }},
	{{ {2956, -9964, -1207}, 0, {95, -1434}, {127, 0, 0, 255} }},
	{{ {2956, -10069, -1311}, 0, {417, -1113}, {127, 0, 0, 255} }},
	{{ {2956, -10152, -1300}, 0, {672, -1146}, {127, 0, 0, 255} }},
	{{ {2956, -9964, -1207}, 0, {95, -1434}, {127, 0, 0, 255} }},
	{{ {2956, -10152, -1300}, 0, {672, -1146}, {127, 0, 0, 255} }},
	{{ {2956, -10174, -1291}, 0, {738, -1175}, {127, 0, 0, 255} }},
	{{ {2956, -9964, -1207}, 0, {95, -1434}, {127, 0, 0, 255} }},
	{{ {2956, -10174, -1291}, 0, {738, -1175}, {127, 0, 0, 255} }},
	{{ {2956, -10184, -1280}, 0, {771, -1212}, {127, 0, 0, 255} }},
	{{ {2956, -9964, -1207}, 0, {95, -1434}, {127, 0, 0, 255} }},
	{{ {2956, -10184, -1280}, 0, {771, -1212}, {127, 0, 0, 255} }},
	{{ {2956, -10197, -1269}, 0, {808, -1245}, {127, 0, 0, 255} }},
	{{ {2956, -9964, -1207}, 0, {95, -1434}, {127, 0, 0, 255} }},
	{{ {2956, -10197, -1269}, 0, {808, -1245}, {127, 0, 0, 255} }},
	{{ {2956, -10205, -1259}, 0, {832, -1273}, {127, 0, 0, 255} }},
	{{ {2956, -9964, -1207}, 0, {95, -1434}, {127, 0, 0, 255} }},
	{{ {2956, -10205, -1259}, 0, {832, -1273}, {127, 0, 0, 255} }},
	{{ {2956, -10215, -1238}, 0, {865, -1339}, {127, 0, 0, 255} }},
	{{ {2956, -9964, -1207}, 0, {95, -1434}, {127, 0, 0, 255} }},
	{{ {2956, -10215, -1238}, 0, {865, -1339}, {127, 0, 0, 255} }},
	{{ {2956, -10225, -1207}, 0, {894, -1434}, {127, 0, 0, 255} }},
	{{ {2956, -9955, -1207}, 0, {66, -1434}, {0, 129, 0, 255} }},
	{{ {2956, -9964, -1207}, 0, {95, -1434}, {0, 129, 0, 255} }},
	{{ {2956, -10225, -1207}, 0, {894, -1434}, {0, 129, 0, 255} }},
	{{ {2956, -10225, -1207}, 0, {894, -1434}, {0, 129, 0, 255} }},
	{{ {2956, -10237, -1207}, 0, {931, -1434}, {0, 127, 0, 255} }},
	{{ {2956, -9512, -1207}, 0, {931, -1434}, {127, 0, 0, 255} }},
	{{ {2956, -9512, -1018}, 0, {931, -2013}, {127, 0, 0, 255} }},
	{{ {2956, -9230, -1018}, 0, {66, -2013}, {127, 0, 0, 255} }},
	{{ {2956, -9512, -1207}, 0, {931, -1434}, {127, 0, 0, 255} }},
	{{ {2956, -9230, -1018}, 0, {66, -2013}, {127, 0, 0, 255} }},
	{{ {2956, -9230, -1207}, 0, {66, -1434}, {127, 0, 0, 255} }},
	{{ {2956, -9239, -1207}, 0, {95, -1434}, {127, 0, 0, 255} }},
	{{ {2956, -9239, -1239}, 0, {95, -1335}, {127, 0, 0, 255} }},
	{{ {2956, -9250, -1239}, 0, {128, -1335}, {127, 0, 0, 255} }},
	{{ {2956, -9250, -1239}, 0, {128, -1335}, {127, 0, 0, 255} }},
	{{ {2956, -9250, -1259}, 0, {128, -1273}, {127, 0, 0, 255} }},
	{{ {2956, -9260, -1259}, 0, {159, -1273}, {127, 0, 0, 255} }},
	{{ {2956, -9260, -1259}, 0, {159, -1273}, {0, 0, 127, 255} }},
	{{ {2956, -9260, -1261}, 0, {159, -1269}, {0, 0, 127, 255} }},
	{{ {2956, -9260, -1270}, 0, {159, -1241}, {0, 0, 127, 255} }},
	{{ {2956, -9260, -1259}, 0, {159, -1273}, {127, 0, 0, 255} }},
	{{ {2956, -9260, -1270}, 0, {159, -1241}, {127, 0, 0, 255} }},
	{{ {2956, -9271, -1270}, 0, {192, -1241}, {127, 0, 0, 255} }},
	{{ {2956, -9271, -1270}, 0, {192, -1241}, {127, 0, 0, 255} }},
	{{ {2956, -9271, -1281}, 0, {192, -1208}, {127, 0, 0, 255} }},
	{{ {2956, -9281, -1281}, 0, {224, -1208}, {127, 0, 0, 255} }},
	{{ {2956, -9281, -1281}, 0, {224, -1208}, {127, 0, 0, 255} }},
	{{ {2956, -9281, -1291}, 0, {224, -1175}, {127, 0, 0, 255} }},
	{{ {2956, -9292, -1291}, 0, {257, -1175}, {127, 0, 0, 255} }},
	{{ {2956, -9292, -1291}, 0, {257, -1175}, {127, 0, 0, 255} }},
	{{ {2956, -9292, -1300}, 0, {257, -1146}, {127, 0, 0, 255} }},
	{{ {2956, -9312, -1300}, 0, {319, -1146}, {127, 0, 0, 255} }},
	{{ {2956, -9312, -1300}, 0, {319, -1146}, {0, 0, 127, 255} }},
	{{ {2956, -9312, -1301}, 0, {319, -1142}, {0, 0, 127, 255} }},
	{{ {2956, -9312, -1311}, 0, {319, -1113}, {0, 0, 129, 255} }},
	{{ {2956, -9312, -1300}, 0, {319, -1146}, {127, 0, 0, 255} }},
	{{ {2956, -9312, -1311}, 0, {319, -1113}, {127, 0, 0, 255} }},
	{{ {2956, -9344, -1311}, 0, {417, -1113}, {127, 0, 0, 255} }},
	{{ {2956, -9344, -1311}, 0, {417, -1113}, {127, 0, 0, 255} }},
	{{ {2956, -9344, -1320}, 0, {417, -1085}, {127, 0, 0, 255} }},
	{{ {2956, -9397, -1320}, 0, {578, -1085}, {127, 0, 0, 255} }},
	{{ {2956, -9344, -1311}, 0, {417, -1113}, {127, 0, 0, 255} }},
	{{ {2956, -9397, -1320}, 0, {578, -1085}, {127, 0, 0, 255} }},
	{{ {2956, -9397, -1311}, 0, {578, -1113}, {127, 0, 0, 255} }},
	{{ {2956, -9344, -1311}, 0, {417, -1113}, {0, 129, 0, 255} }},
	{{ {2956, -9397, -1311}, 0, {578, -1113}, {0, 127, 0, 255} }},
	{{ {2956, -9428, -1311}, 0, {672, -1113}, {0, 127, 0, 255} }},
	{{ {2956, -9344, -1311}, 0, {417, -1113}, {127, 0, 0, 255} }},
	{{ {2956, -9428, -1311}, 0, {672, -1113}, {127, 0, 0, 255} }},
	{{ {2956, -9428, -1300}, 0, {672, -1146}, {127, 0, 0, 255} }},
	{{ {2956, -9428, -1300}, 0, {672, -1146}, {0, 129, 0, 255} }},
	{{ {2956, -9429, -1300}, 0, {676, -1146}, {0, 127, 0, 255} }},
	{{ {2956, -9449, -1300}, 0, {738, -1146}, {0, 127, 0, 255} }},
	{{ {2956, -9428, -1300}, 0, {672, -1146}, {127, 0, 0, 255} }},
	{{ {2956, -9449, -1300}, 0, {738, -1146}, {127, 0, 0, 255} }},
	{{ {2956, -9449, -1291}, 0, {738, -1175}, {127, 0, 0, 255} }},
	{{ {2956, -9449, -1291}, 0, {738, -1175}, {127, 0, 0, 255} }},
	{{ {2956, -9460, -1291}, 0, {771, -1175}, {127, 0, 0, 255} }},
	{{ {2956, -9460, -1289}, 0, {771, -1179}, {127, 0, 0, 255} }},
	{{ {2956, -9449, -1291}, 0, {738, -1175}, {127, 0, 0, 255} }},
	{{ {2956, -9460, -1289}, 0, {771, -1179}, {127, 0, 0, 255} }},
	{{ {2956, -9460, -1280}, 0, {771, -1212}, {127, 0, 0, 255} }},
	{{ {2956, -9460, -1280}, 0, {771, -1212}, {0, 129, 0, 255} }},
	{{ {2956, -9463, -1280}, 0, {779, -1212}, {0, 0, 127, 255} }},
	{{ {2956, -9472, -1280}, 0, {808, -1212}, {0, 127, 0, 255} }},
	{{ {2956, -9460, -1280}, 0, {771, -1212}, {127, 0, 0, 255} }},
	{{ {2956, -9472, -1280}, 0, {808, -1212}, {127, 0, 0, 255} }},
	{{ {2956, -9472, -1269}, 0, {808, -1245}, {127, 0, 0, 255} }},
	{{ {2956, -9472, -1269}, 0, {808, -1245}, {127, 0, 0, 255} }},
	{{ {2956, -9480, -1269}, 0, {832, -1245}, {127, 0, 0, 255} }},
	{{ {2956, -9480, -1259}, 0, {832, -1273}, {127, 0, 0, 255} }},
	{{ {2956, -9480, -1259}, 0, {832, -1273}, {127, 0, 0, 255} }},
	{{ {2956, -9491, -1259}, 0, {865, -1273}, {127, 0, 0, 255} }},
	{{ {2956, -9491, -1238}, 0, {865, -1339}, {127, 0, 0, 255} }},
	{{ {2956, -9491, -1238}, 0, {865, -1339}, {127, 0, 0, 255} }},
	{{ {2956, -9500, -1238}, 0, {894, -1339}, {127, 0, 0, 255} }},
	{{ {2956, -9500, -1207}, 0, {894, -1434}, {127, 0, 0, 255} }},
	{{ {2956, -9500, -1207}, 0, {894, -1434}, {0, 127, 0, 255} }},
	{{ {2956, -9512, -1207}, 0, {931, -1434}, {0, 127, 0, 255} }},
	{{ {2956, -9230, -1207}, 0, {66, -1434}, {0, 127, 0, 255} }},
	{{ {2956, -9239, -1207}, 0, {95, -1434}, {127, 0, 0, 255} }},
	{{ {2956, -9250, -1239}, 0, {128, -1335}, {127, 0, 0, 255} }},
	{{ {2956, -9260, -1259}, 0, {159, -1273}, {127, 0, 0, 255} }},
	{{ {2956, -9239, -1207}, 0, {95, -1434}, {127, 0, 0, 255} }},
	{{ {2956, -9260, -1259}, 0, {159, -1273}, {127, 0, 0, 255} }},
	{{ {2956, -9271, -1270}, 0, {192, -1241}, {127, 0, 0, 255} }},
	{{ {2956, -9239, -1207}, 0, {95, -1434}, {127, 0, 0, 255} }},
	{{ {2956, -9271, -1270}, 0, {192, -1241}, {127, 0, 0, 255} }},
	{{ {2956, -9281, -1281}, 0, {224, -1208}, {127, 0, 0, 255} }},
	{{ {2956, -9239, -1207}, 0, {95, -1434}, {127, 0, 0, 255} }},
	{{ {2956, -9281, -1281}, 0, {224, -1208}, {127, 0, 0, 255} }},
	{{ {2956, -9292, -1291}, 0, {257, -1175}, {127, 0, 0, 255} }},
	{{ {2956, -9239, -1207}, 0, {95, -1434}, {127, 0, 0, 255} }},
	{{ {2956, -9292, -1291}, 0, {257, -1175}, {127, 0, 0, 255} }},
	{{ {2956, -9312, -1300}, 0, {319, -1146}, {127, 0, 0, 255} }},
	{{ {2956, -9312, -1300}, 0, {319, -1146}, {127, 0, 0, 255} }},
	{{ {2956, -9344, -1311}, 0, {417, -1113}, {127, 0, 0, 255} }},
	{{ {2956, -9344, -1311}, 0, {417, -1113}, {127, 0, 0, 255} }},
	{{ {2956, -9428, -1300}, 0, {672, -1146}, {127, 0, 0, 255} }},
	{{ {2956, -9239, -1207}, 0, {95, -1434}, {127, 0, 0, 255} }},
	{{ {2956, -9428, -1300}, 0, {672, -1146}, {127, 0, 0, 255} }},
	{{ {2956, -9449, -1291}, 0, {738, -1175}, {127, 0, 0, 255} }},
	{{ {2956, -9449, -1291}, 0, {738, -1175}, {127, 0, 0, 255} }},
	{{ {2956, -9460, -1280}, 0, {771, -1212}, {127, 0, 0, 255} }},
	{{ {2956, -9460, -1280}, 0, {771, -1212}, {127, 0, 0, 255} }},
	{{ {2956, -9472, -1269}, 0, {808, -1245}, {127, 0, 0, 255} }},
	{{ {2956, -9239, -1207}, 0, {95, -1434}, {127, 0, 0, 255} }},
	{{ {2956, -9472, -1269}, 0, {808, -1245}, {127, 0, 0, 255} }},
	{{ {2956, -9480, -1259}, 0, {832, -1273}, {127, 0, 0, 255} }},
	{{ {2956, -9480, -1259}, 0, {832, -1273}, {127, 0, 0, 255} }},
	{{ {2956, -9491, -1238}, 0, {865, -1339}, {127, 0, 0, 255} }},
	{{ {2956, -9239, -1207}, 0, {95, -1434}, {127, 0, 0, 255} }},
	{{ {2956, -9491, -1238}, 0, {865, -1339}, {127, 0, 0, 255} }},
	{{ {2956, -9500, -1207}, 0, {894, -1434}, {127, 0, 0, 255} }},
	{{ {2956, -9230, -1207}, 0, {66, -1434}, {0, 127, 0, 255} }},
	{{ {2956, -9239, -1207}, 0, {95, -1434}, {0, 127, 0, 255} }},
	{{ {2956, -9500, -1207}, 0, {894, -1434}, {0, 127, 0, 255} }},
	{{ {-3567, -2519, -1952}, 0, {-16, -1035}, {111, 62, 0, 255} }},
	{{ {-3567, -2519, -1628}, 0, {-16, -2025}, {111, 62, 0, 255} }},
	{{ {-3321, -2311, -1628}, 0, {974, -2025}, {111, 62, 0, 255} }},
	{{ {-3567, -2519, -1952}, 0, {-16, -1035}, {111, 62, 0, 255} }},
	{{ {-3321, -2311, -1628}, 0, {974, -2025}, {111, 62, 0, 255} }},
	{{ {-3321, -2311, -1952}, 0, {974, -1035}, {111, 62, 0, 255} }},
	{{ {2517, -2115, -1952}, 0, {974, -1035}, {0, 127, 0, 255} }},
	{{ {2517, -2115, -1628}, 0, {974, -2025}, {0, 127, 0, 255} }},
	{{ {2840, -2115, -1628}, 0, {-16, -2025}, {0, 127, 0, 255} }},
	{{ {2840, -2115, -1952}, 0, {-16, -1035}, {0, 127, 0, 255} }},
	{{ {1692, -6242, -1492}, 0, {974, -1035}, {0, 127, 0, 255} }},
	{{ {1692, -6242, -1168}, 0, {974, -2025}, {0, 127, 0, 255} }},
	{{ {1368, -6242, -1168}, 0, {-16, -2025}, {0, 127, 0, 255} }},
	{{ {1692, -6242, -1492}, 0, {974, -1035}, {0, 127, 0, 255} }},
	{{ {1368, -6242, -1168}, 0, {-16, -2025}, {0, 127, 0, 255} }},
	{{ {1368, -6242, -1492}, 0, {-16, -1035}, {0, 127, 0, 255} }},
	{{ {-1352, -6242, -1492}, 0, {974, -1035}, {0, 127, 0, 255} }},
	{{ {-1352, -6242, -1168}, 0, {974, -2025}, {0, 127, 0, 255} }},
	{{ {-1676, -6242, -1168}, 0, {-16, -2025}, {0, 127, 0, 255} }},
	{{ {-1352, -6242, -1492}, 0, {974, -1035}, {0, 127, 0, 255} }},
	{{ {-1676, -6242, -1168}, 0, {-16, -2025}, {0, 127, 0, 255} }},
	{{ {-1676, -6242, -1492}, 0, {-16, -1035}, {0, 127, 0, 255} }},
	{{ {-1897, -12020, -1331}, 0, {98, -1431}, {0, 127, 0, 255} }},
	{{ {-1897, -12020, -1362}, 0, {98, -1337}, {0, 127, 0, 255} }},
	{{ {-1907, -12020, -1362}, 0, {127, -1337}, {0, 127, 0, 255} }},
	{{ {-1907, -12020, -1384}, 0, {127, -1272}, {0, 127, 0, 255} }},
	{{ {-1917, -12020, -1384}, 0, {160, -1272}, {0, 127, 0, 255} }},
	{{ {-1917, -12020, -1394}, 0, {160, -1239}, {0, 127, 0, 255} }},
	{{ {-1928, -12020, -1394}, 0, {193, -1239}, {0, 127, 0, 255} }},
	{{ {-1928, -12020, -1405}, 0, {193, -1206}, {0, 127, 0, 255} }},
	{{ {-1939, -12020, -1405}, 0, {226, -1206}, {0, 127, 0, 255} }},
	{{ {-1939, -12020, -1413}, 0, {226, -1181}, {0, 127, 0, 255} }},
	{{ {-1948, -12020, -1413}, 0, {254, -1181}, {0, 127, 0, 255} }},
	{{ {-1948, -12020, -1428}, 0, {254, -1136}, {0, 127, 0, 255} }},
	{{ {-1966, -12020, -1428}, 0, {308, -1136}, {0, 127, 0, 255} }},
	{{ {-1966, -12020, -1428}, 0, {308, -1136}, {0, 127, 0, 255} }},
	{{ {-1966, -12020, -1437}, 0, {308, -1108}, {0, 127, 0, 255} }},
	{{ {-1998, -12020, -1437}, 0, {406, -1108}, {0, 127, 0, 255} }},
	{{ {-1998, -12020, -1437}, 0, {406, -1108}, {0, 0, 127, 255} }},
	{{ {-2056, -12020, -1437}, 0, {583, -1108}, {0, 0, 127, 255} }},
	{{ {-2085, -12020, -1437}, 0, {673, -1108}, {0, 0, 127, 255} }},
	{{ {-2085, -12020, -1437}, 0, {673, -1108}, {0, 127, 0, 255} }},
	{{ {-2085, -12020, -1427}, 0, {673, -1141}, {0, 127, 0, 255} }},
	{{ {-2106, -12020, -1427}, 0, {735, -1141}, {0, 127, 0, 255} }},
	{{ {-2106, -12020, -1416}, 0, {735, -1173}, {0, 127, 0, 255} }},
	{{ {-2118, -12020, -1416}, 0, {772, -1173}, {0, 127, 0, 255} }},
	{{ {-2118, -12020, -1405}, 0, {772, -1206}, {0, 127, 0, 255} }},
	{{ {-2126, -12020, -1405}, 0, {797, -1206}, {0, 127, 0, 255} }},
	{{ {-2126, -12020, -1393}, 0, {797, -1243}, {0, 127, 0, 255} }},
	{{ {-2138, -12020, -1393}, 0, {833, -1243}, {0, 127, 0, 255} }},
	{{ {-2138, -12020, -1385}, 0, {833, -1267}, {0, 127, 0, 255} }},
	{{ {-2149, -12020, -1385}, 0, {866, -1267}, {0, 127, 0, 255} }},
	{{ {-2149, -12020, -1365}, 0, {866, -1329}, {0, 127, 0, 255} }},
	{{ {-2149, -12020, -1362}, 0, {866, -1337}, {0, 127, 0, 255} }},
	{{ {-2159, -12020, -1331}, 0, {899, -1431}, {0, 0, 127, 255} }},
	{{ {-2170, -12020, -1331}, 0, {932, -1431}, {0, 0, 127, 255} }},
	{{ {-1887, -12020, -1331}, 0, {65, -1431}, {0, 0, 127, 255} }},
	{{ {-1897, -12020, -1331}, 0, {98, -1431}, {0, 127, 0, 255} }},
	{{ {-1907, -12020, -1362}, 0, {127, -1337}, {0, 127, 0, 255} }},
	{{ {-1917, -12020, -1384}, 0, {160, -1272}, {0, 127, 0, 255} }},
	{{ {-1897, -12020, -1331}, 0, {98, -1431}, {0, 127, 0, 255} }},
	{{ {-1917, -12020, -1384}, 0, {160, -1272}, {0, 127, 0, 255} }},
	{{ {-1928, -12020, -1394}, 0, {193, -1239}, {0, 127, 0, 255} }},
	{{ {-1897, -12020, -1331}, 0, {98, -1431}, {0, 127, 0, 255} }},
	{{ {-1948, -12020, -1413}, 0, {254, -1181}, {0, 127, 0, 255} }},
	{{ {-1966, -12020, -1428}, 0, {308, -1136}, {0, 127, 0, 255} }},
	{{ {-1897, -12020, -1331}, 0, {98, -1431}, {0, 127, 0, 255} }},
	{{ {-1966, -12020, -1428}, 0, {308, -1136}, {0, 127, 0, 255} }},
	{{ {-1998, -12020, -1437}, 0, {406, -1108}, {0, 127, 0, 255} }},
	{{ {-1897, -12020, -1331}, 0, {98, -1431}, {0, 127, 0, 255} }},
	{{ {-1998, -12020, -1437}, 0, {406, -1108}, {0, 127, 0, 255} }},
	{{ {-2085, -12020, -1427}, 0, {673, -1141}, {0, 127, 0, 255} }},
	{{ {-1897, -12020, -1331}, 0, {98, -1431}, {0, 127, 0, 255} }},
	{{ {-2085, -12020, -1427}, 0, {673, -1141}, {0, 127, 0, 255} }},
	{{ {-2106, -12020, -1416}, 0, {735, -1173}, {0, 127, 0, 255} }},
	{{ {-1897, -12020, -1331}, 0, {98, -1431}, {0, 127, 0, 255} }},
	{{ {-2106, -12020, -1416}, 0, {735, -1173}, {0, 127, 0, 255} }},
	{{ {-2118, -12020, -1405}, 0, {772, -1206}, {0, 127, 0, 255} }},
	{{ {-1897, -12020, -1331}, 0, {98, -1431}, {0, 127, 0, 255} }},
	{{ {-2118, -12020, -1405}, 0, {772, -1206}, {0, 127, 0, 255} }},
	{{ {-2126, -12020, -1393}, 0, {797, -1243}, {0, 127, 0, 255} }},
	{{ {-1897, -12020, -1331}, 0, {98, -1431}, {0, 127, 0, 255} }},
	{{ {-2126, -12020, -1393}, 0, {797, -1243}, {0, 127, 0, 255} }},
	{{ {-2138, -12020, -1385}, 0, {833, -1267}, {0, 127, 0, 255} }},
	{{ {-2138, -12020, -1385}, 0, {833, -1267}, {0, 127, 0, 255} }},
	{{ {-2149, -12020, -1362}, 0, {866, -1337}, {0, 127, 0, 255} }},
	{{ {-1897, -12020, -1331}, 0, {98, -1431}, {0, 127, 0, 255} }},
	{{ {-2149, -12020, -1362}, 0, {866, -1337}, {0, 127, 0, 255} }},
	{{ {-2159, -12020, -1331}, 0, {899, -1431}, {0, 127, 0, 255} }},
	{{ {-1887, -12020, -1331}, 0, {65, -1431}, {0, 0, 127, 255} }},
	{{ {-1897, -12020, -1331}, 0, {98, -1431}, {0, 0, 127, 255} }},
	{{ {-2159, -12020, -1331}, 0, {899, -1431}, {0, 0, 127, 255} }},
	{{ {2140, -12020, -1327}, 0, {98, -1431}, {0, 127, 0, 255} }},
	{{ {2140, -12020, -1357}, 0, {98, -1337}, {0, 127, 0, 255} }},
	{{ {2131, -12020, -1357}, 0, {127, -1337}, {0, 127, 0, 255} }},
	{{ {2131, -12020, -1379}, 0, {127, -1272}, {0, 127, 0, 255} }},
	{{ {2120, -12020, -1379}, 0, {160, -1272}, {0, 127, 0, 255} }},
	{{ {2120, -12020, -1379}, 0, {160, -1272}, {0, 127, 0, 255} }},
	{{ {2120, -12020, -1390}, 0, {160, -1239}, {0, 127, 0, 255} }},
	{{ {2109, -12020, -1390}, 0, {193, -1239}, {0, 127, 0, 255} }},
	{{ {2109, -12020, -1400}, 0, {193, -1206}, {0, 127, 0, 255} }},
	{{ {2098, -12020, -1400}, 0, {226, -1206}, {0, 127, 0, 255} }},
	{{ {2098, -12020, -1408}, 0, {226, -1181}, {0, 127, 0, 255} }},
	{{ {2089, -12020, -1408}, 0, {254, -1181}, {0, 127, 0, 255} }},
	{{ {2089, -12020, -1423}, 0, {254, -1136}, {0, 127, 0, 255} }},
	{{ {2072, -12020, -1423}, 0, {308, -1136}, {0, 127, 0, 255} }},
	{{ {2072, -12020, -1433}, 0, {308, -1108}, {0, 127, 0, 255} }},
	{{ {2039, -12020, -1433}, 0, {406, -1108}, {0, 127, 0, 255} }},
	{{ {2039, -12020, -1433}, 0, {406, -1108}, {0, 0, 127, 255} }},
	{{ {1982, -12020, -1433}, 0, {583, -1108}, {0, 0, 127, 255} }},
	{{ {1952, -12020, -1433}, 0, {673, -1108}, {0, 0, 127, 255} }},
	{{ {1952, -12020, -1433}, 0, {673, -1108}, {0, 127, 0, 255} }},
	{{ {1952, -12020, -1422}, 0, {673, -1141}, {0, 127, 0, 255} }},
	{{ {1932, -12020, -1422}, 0, {735, -1141}, {0, 127, 0, 255} }},
	{{ {1932, -12020, -1411}, 0, {735, -1173}, {0, 127, 0, 255} }},
	{{ {1920, -12020, -1411}, 0, {772, -1173}, {0, 127, 0, 255} }},
	{{ {1920, -12020, -1400}, 0, {772, -1206}, {0, 127, 0, 255} }},
	{{ {1912, -12020, -1400}, 0, {797, -1206}, {0, 127, 0, 255} }},
	{{ {1912, -12020, -1388}, 0, {797, -1243}, {0, 127, 0, 255} }},
	{{ {1900, -12020, -1388}, 0, {833, -1243}, {0, 127, 0, 255} }},
	{{ {1900, -12020, -1380}, 0, {833, -1267}, {0, 127, 0, 255} }},
	{{ {1878, -12020, -1327}, 0, {899, -1431}, {0, 0, 127, 255} }},
	{{ {1867, -12020, -1327}, 0, {932, -1431}, {0, 0, 127, 255} }},
	{{ {2151, -12020, -1327}, 0, {65, -1431}, {0, 0, 127, 255} }},
	{{ {2140, -12020, -1327}, 0, {98, -1431}, {0, 127, 0, 255} }},
	{{ {2131, -12020, -1357}, 0, {127, -1337}, {0, 127, 0, 255} }},
	{{ {2140, -12020, -1327}, 0, {98, -1431}, {0, 127, 0, 255} }},
	{{ {2120, -12020, -1379}, 0, {160, -1272}, {0, 127, 0, 255} }},
	{{ {2109, -12020, -1390}, 0, {193, -1239}, {0, 127, 0, 255} }},
	{{ {2140, -12020, -1327}, 0, {98, -1431}, {0, 127, 0, 255} }},
	{{ {2109, -12020, -1390}, 0, {193, -1239}, {0, 127, 0, 255} }},
	{{ {2098, -12020, -1400}, 0, {226, -1206}, {0, 127, 0, 255} }},
	{{ {2140, -12020, -1327}, 0, {98, -1431}, {0, 127, 0, 255} }},
	{{ {2098, -12020, -1400}, 0, {226, -1206}, {0, 127, 0, 255} }},
	{{ {2089, -12020, -1408}, 0, {254, -1181}, {0, 127, 0, 255} }},
	{{ {2140, -12020, -1327}, 0, {98, -1431}, {0, 127, 0, 255} }},
	{{ {2089, -12020, -1408}, 0, {254, -1181}, {0, 127, 0, 255} }},
	{{ {2072, -12020, -1423}, 0, {308, -1136}, {0, 127, 0, 255} }},
	{{ {2140, -12020, -1327}, 0, {98, -1431}, {0, 127, 0, 255} }},
	{{ {2072, -12020, -1423}, 0, {308, -1136}, {0, 127, 0, 255} }},
	{{ {2039, -12020, -1433}, 0, {406, -1108}, {0, 127, 0, 255} }},
	{{ {2140, -12020, -1327}, 0, {98, -1431}, {0, 127, 0, 255} }},
	{{ {2039, -12020, -1433}, 0, {406, -1108}, {0, 127, 0, 255} }},
	{{ {1952, -12020, -1422}, 0, {673, -1141}, {0, 127, 0, 255} }},
	{{ {2140, -12020, -1327}, 0, {98, -1431}, {0, 127, 0, 255} }},
	{{ {1952, -12020, -1422}, 0, {673, -1141}, {0, 127, 0, 255} }},
	{{ {1932, -12020, -1411}, 0, {735, -1173}, {0, 127, 0, 255} }},
	{{ {2140, -12020, -1327}, 0, {98, -1431}, {0, 127, 0, 255} }},
	{{ {1932, -12020, -1411}, 0, {735, -1173}, {0, 127, 0, 255} }},
	{{ {1920, -12020, -1400}, 0, {772, -1206}, {0, 127, 0, 255} }},
	{{ {2140, -12020, -1327}, 0, {98, -1431}, {0, 127, 0, 255} }},
	{{ {1920, -12020, -1400}, 0, {772, -1206}, {0, 127, 0, 255} }},
	{{ {1912, -12020, -1388}, 0, {797, -1243}, {0, 127, 0, 255} }},
	{{ {2140, -12020, -1327}, 0, {98, -1431}, {0, 127, 0, 255} }},
	{{ {1912, -12020, -1388}, 0, {797, -1243}, {0, 127, 0, 255} }},
	{{ {1900, -12020, -1380}, 0, {833, -1267}, {0, 127, 0, 255} }},
	{{ {1900, -12020, -1380}, 0, {833, -1267}, {0, 127, 0, 255} }},
	{{ {1889, -12020, -1357}, 0, {866, -1337}, {0, 127, 0, 255} }},
	{{ {1889, -12020, -1357}, 0, {866, -1337}, {0, 127, 0, 255} }},
	{{ {1878, -12020, -1327}, 0, {899, -1431}, {0, 127, 0, 255} }},
	{{ {2151, -12020, -1327}, 0, {65, -1431}, {0, 0, 127, 255} }},
	{{ {2140, -12020, -1327}, 0, {98, -1431}, {0, 0, 127, 255} }},
	{{ {1878, -12020, -1327}, 0, {899, -1431}, {0, 0, 127, 255} }},
	{{ {-2955, -9204, -1212}, 0, {931, -1434}, {127, 0, 0, 255} }},
	{{ {-2955, -9204, -1022}, 0, {931, -2013}, {127, 0, 0, 255} }},
	{{ {-2955, -9487, -1022}, 0, {66, -2013}, {127, 0, 0, 255} }},
	{{ {-2955, -9487, -1212}, 0, {66, -1434}, {127, 0, 0, 255} }},
	{{ {-2955, -9478, -1212}, 0, {95, -1434}, {127, 0, 0, 255} }},
	{{ {-2955, -9478, -1244}, 0, {95, -1335}, {127, 0, 0, 255} }},
	{{ {-2955, -9467, -1244}, 0, {128, -1335}, {127, 0, 0, 255} }},
	{{ {-2955, -9467, -1264}, 0, {128, -1273}, {127, 0, 0, 255} }},
	{{ {-2955, -9457, -1264}, 0, {159, -1273}, {127, 0, 0, 255} }},
	{{ {-2955, -9457, -1264}, 0, {159, -1273}, {0, 0, 127, 255} }},
	{{ {-2955, -9457, -1266}, 0, {159, -1269}, {0, 0, 127, 255} }},
	{{ {-2955, -9457, -1275}, 0, {159, -1241}, {0, 0, 127, 255} }},
	{{ {-2955, -9457, -1275}, 0, {159, -1241}, {127, 0, 0, 255} }},
	{{ {-2955, -9446, -1275}, 0, {192, -1241}, {127, 0, 0, 255} }},
	{{ {-2955, -9446, -1286}, 0, {192, -1208}, {127, 0, 0, 255} }},
	{{ {-2955, -9436, -1286}, 0, {224, -1208}, {127, 0, 0, 255} }},
	{{ {-2955, -9436, -1296}, 0, {224, -1175}, {127, 0, 0, 255} }},
	{{ {-2955, -9425, -1296}, 0, {257, -1175}, {127, 0, 0, 255} }},
	{{ {-2955, -9425, -1305}, 0, {257, -1146}, {127, 0, 0, 255} }},
	{{ {-2955, -9405, -1305}, 0, {319, -1146}, {127, 0, 0, 255} }},
	{{ {-2955, -9405, -1305}, 0, {319, -1146}, {0, 0, 127, 255} }},
	{{ {-2955, -9405, -1306}, 0, {319, -1142}, {0, 0, 127, 255} }},
	{{ {-2955, -9405, -1316}, 0, {319, -1113}, {0, 0, 127, 255} }},
	{{ {-2955, -9405, -1316}, 0, {319, -1113}, {127, 0, 0, 255} }},
	{{ {-2955, -9372, -1316}, 0, {417, -1113}, {127, 0, 0, 255} }},
	{{ {-2955, -9372, -1316}, 0, {417, -1113}, {0, 127, 0, 255} }},
	{{ {-2955, -9320, -1316}, 0, {578, -1113}, {0, 127, 0, 255} }},
	{{ {-2955, -9289, -1316}, 0, {672, -1113}, {0, 127, 0, 255} }},
	{{ {-2955, -9372, -1316}, 0, {417, -1113}, {127, 0, 0, 255} }},
	{{ {-2955, -9289, -1316}, 0, {672, -1113}, {127, 0, 0, 255} }},
	{{ {-2955, -9289, -1305}, 0, {672, -1146}, {127, 0, 0, 255} }},
	{{ {-2955, -9289, -1305}, 0, {672, -1146}, {0, 129, 0, 255} }},
	{{ {-2955, -9288, -1305}, 0, {676, -1146}, {0, 127, 0, 255} }},
	{{ {-2955, -9268, -1305}, 0, {738, -1146}, {0, 127, 0, 255} }},
	{{ {-2955, -9268, -1305}, 0, {738, -1146}, {127, 0, 0, 255} }},
	{{ {-2955, -9268, -1296}, 0, {738, -1175}, {127, 0, 0, 255} }},
	{{ {-2955, -9257, -1285}, 0, {771, -1212}, {0, 129, 0, 255} }},
	{{ {-2955, -9254, -1285}, 0, {779, -1212}, {0, 0, 127, 255} }},
	{{ {-2955, -9245, -1285}, 0, {808, -1212}, {0, 129, 0, 255} }},
	{{ {-2955, -9257, -1285}, 0, {771, -1212}, {127, 0, 0, 255} }},
	{{ {-2955, -9245, -1285}, 0, {808, -1212}, {127, 0, 0, 255} }},
	{{ {-2955, -9245, -1274}, 0, {808, -1245}, {127, 0, 0, 255} }},
	{{ {-2955, -9237, -1274}, 0, {832, -1245}, {127, 0, 0, 255} }},
	{{ {-2955, -9237, -1264}, 0, {832, -1273}, {127, 0, 0, 255} }},
	{{ {-2955, -9226, -1264}, 0, {865, -1273}, {127, 0, 0, 255} }},
	{{ {-2955, -9226, -1243}, 0, {865, -1339}, {127, 0, 0, 255} }},
	{{ {-2955, -9217, -1243}, 0, {894, -1339}, {127, 0, 0, 255} }},
	{{ {-2955, -9217, -1212}, 0, {894, -1434}, {127, 0, 0, 255} }},
	{{ {-2955, -9478, -1212}, 0, {95, -1434}, {127, 0, 0, 255} }},
	{{ {-2955, -9467, -1244}, 0, {128, -1335}, {127, 0, 0, 255} }},
	{{ {-2955, -9457, -1264}, 0, {159, -1273}, {127, 0, 0, 255} }},
	{{ {-2955, -9478, -1212}, 0, {95, -1434}, {127, 0, 0, 255} }},
	{{ {-2955, -9457, -1264}, 0, {159, -1273}, {127, 0, 0, 255} }},
	{{ {-2955, -9446, -1275}, 0, {192, -1241}, {127, 0, 0, 255} }},
	{{ {-2955, -9478, -1212}, 0, {95, -1434}, {127, 0, 0, 255} }},
	{{ {-2955, -9446, -1275}, 0, {192, -1241}, {127, 0, 0, 255} }},
	{{ {-2955, -9436, -1286}, 0, {224, -1208}, {127, 0, 0, 255} }},
	{{ {-2955, -9478, -1212}, 0, {95, -1434}, {127, 0, 0, 255} }},
	{{ {-2955, -9436, -1286}, 0, {224, -1208}, {127, 0, 0, 255} }},
	{{ {-2955, -9425, -1296}, 0, {257, -1175}, {127, 0, 0, 255} }},
	{{ {-2955, -9478, -1212}, 0, {95, -1434}, {127, 0, 0, 255} }},
	{{ {-2955, -9226, -1243}, 0, {865, -1339}, {127, 0, 0, 255} }},
	{{ {-2955, -9217, -1212}, 0, {894, -1434}, {127, 0, 0, 255} }},
	{{ {-2955, -9487, -1212}, 0, {66, -1434}, {0, 129, 0, 255} }},
	{{ {-2955, -9478, -1212}, 0, {95, -1434}, {0, 129, 0, 255} }},
	{{ {-2955, -9217, -1212}, 0, {894, -1434}, {0, 127, 0, 255} }},
	{{ {-2955, -9487, -1212}, 0, {66, -1434}, {0, 127, 0, 255} }},
	{{ {-2955, -9217, -1212}, 0, {894, -1434}, {0, 127, 0, 255} }},
	{{ {-2955, -9204, -1212}, 0, {931, -1434}, {0, 129, 0, 255} }},
	{{ {-2954, -10206, -1207}, 0, {95, -1434}, {127, 0, 0, 255} }},
	{{ {-2954, -10206, -1239}, 0, {95, -1335}, {127, 0, 0, 255} }},
	{{ {-2954, -10195, -1239}, 0, {128, -1335}, {127, 0, 0, 255} }},
	{{ {-2954, -10195, -1259}, 0, {128, -1273}, {127, 0, 0, 255} }},
	{{ {-2954, -10185, -1259}, 0, {159, -1273}, {127, 0, 0, 255} }},
	{{ {-2954, -10185, -1259}, 0, {159, -1273}, {0, 0, 127, 255} }},
	{{ {-2954, -10185, -1261}, 0, {159, -1269}, {0, 0, 127, 255} }},
	{{ {-2954, -10185, -1270}, 0, {159, -1241}, {0, 0, 127, 255} }},
	{{ {-2954, -10185, -1270}, 0, {159, -1241}, {127, 0, 0, 255} }},
	{{ {-2954, -10175, -1270}, 0, {192, -1241}, {127, 0, 0, 255} }},
	{{ {-2954, -10175, -1281}, 0, {192, -1208}, {127, 0, 0, 255} }},
	{{ {-2954, -10164, -1281}, 0, {224, -1208}, {127, 0, 0, 255} }},
	{{ {-2954, -10164, -1291}, 0, {224, -1175}, {127, 0, 0, 255} }},
	{{ {-2954, -10153, -1291}, 0, {257, -1175}, {127, 0, 0, 255} }},
	{{ {-2954, -10153, -1300}, 0, {257, -1146}, {127, 0, 0, 255} }},
	{{ {-2954, -10133, -1300}, 0, {319, -1146}, {127, 0, 0, 255} }},
	{{ {-2954, -10133, -1300}, 0, {319, -1146}, {0, 0, 127, 255} }},
	{{ {-2954, -10133, -1301}, 0, {319, -1142}, {0, 0, 127, 255} }},
	{{ {-2954, -10133, -1311}, 0, {319, -1113}, {0, 0, 129, 255} }},
	{{ {-2954, -10133, -1311}, 0, {319, -1113}, {127, 0, 0, 255} }},
	{{ {-2954, -10101, -1311}, 0, {417, -1113}, {127, 0, 0, 255} }},
	{{ {-2954, -10101, -1320}, 0, {417, -1085}, {127, 0, 0, 255} }},
	{{ {-2954, -10048, -1320}, 0, {578, -1085}, {127, 0, 0, 255} }},
	{{ {-2954, -10101, -1311}, 0, {417, -1113}, {127, 0, 0, 255} }},
	{{ {-2954, -10048, -1320}, 0, {578, -1085}, {127, 0, 0, 255} }},
	{{ {-2954, -10048, -1311}, 0, {578, -1113}, {127, 0, 0, 255} }},
	{{ {-2954, -10101, -1311}, 0, {417, -1113}, {0, 127, 0, 255} }},
	{{ {-2954, -10048, -1311}, 0, {578, -1113}, {0, 127, 0, 255} }},
	{{ {-2954, -10018, -1311}, 0, {672, -1113}, {0, 129, 0, 255} }},
	{{ {-2954, -10018, -1311}, 0, {672, -1113}, {127, 0, 0, 255} }},
	{{ {-2954, -10018, -1300}, 0, {672, -1146}, {127, 0, 0, 255} }},
	{{ {-2954, -10018, -1300}, 0, {672, -1146}, {0, 127, 0, 255} }},
	{{ {-2954, -10017, -1300}, 0, {676, -1146}, {0, 127, 0, 255} }},
	{{ {-2954, -9997, -1300}, 0, {738, -1146}, {0, 129, 0, 255} }},
	{{ {-2954, -9997, -1300}, 0, {738, -1146}, {127, 0, 0, 255} }},
	{{ {-2954, -9997, -1291}, 0, {738, -1175}, {127, 0, 0, 255} }},
	{{ {-2954, -9986, -1280}, 0, {771, -1212}, {0, 127, 0, 255} }},
	{{ {-2954, -9983, -1280}, 0, {779, -1212}, {0, 0, 127, 255} }},
	{{ {-2954, -9974, -1280}, 0, {808, -1212}, {0, 129, 0, 255} }},
	{{ {-2954, -9986, -1280}, 0, {771, -1212}, {127, 0, 0, 255} }},
	{{ {-2954, -9974, -1280}, 0, {808, -1212}, {127, 0, 0, 255} }},
	{{ {-2954, -9974, -1269}, 0, {808, -1245}, {127, 0, 0, 255} }},
	{{ {-2954, -9966, -1269}, 0, {832, -1245}, {127, 0, 0, 255} }},
	{{ {-2954, -9966, -1259}, 0, {832, -1273}, {127, 0, 0, 255} }},
	{{ {-2954, -9955, -1259}, 0, {865, -1273}, {127, 0, 0, 255} }},
	{{ {-2954, -9955, -1238}, 0, {865, -1339}, {127, 0, 0, 255} }},
	{{ {-2954, -9946, -1238}, 0, {894, -1339}, {127, 0, 0, 255} }},
	{{ {-2954, -9946, -1207}, 0, {894, -1434}, {127, 0, 0, 255} }},
	{{ {-2954, -10206, -1207}, 0, {95, -1434}, {127, 0, 0, 255} }},
	{{ {-2954, -10195, -1239}, 0, {128, -1335}, {127, 0, 0, 255} }},
	{{ {-2954, -10185, -1259}, 0, {159, -1273}, {127, 0, 0, 255} }},
	{{ {-2954, -10206, -1207}, 0, {95, -1434}, {127, 0, 0, 255} }},
	{{ {-2954, -10185, -1259}, 0, {159, -1273}, {127, 0, 0, 255} }},
	{{ {-2954, -10175, -1270}, 0, {192, -1241}, {127, 0, 0, 255} }},
	{{ {-2954, -10206, -1207}, 0, {95, -1434}, {127, 0, 0, 255} }},
	{{ {-2954, -10175, -1270}, 0, {192, -1241}, {127, 0, 0, 255} }},
	{{ {-2954, -10164, -1281}, 0, {224, -1208}, {127, 0, 0, 255} }},
	{{ {-2954, -10206, -1207}, 0, {95, -1434}, {127, 0, 0, 255} }},
	{{ {-2954, -10164, -1281}, 0, {224, -1208}, {127, 0, 0, 255} }},
	{{ {-2954, -10153, -1291}, 0, {257, -1175}, {127, 0, 0, 255} }},
	{{ {-2954, -10206, -1207}, 0, {95, -1434}, {127, 0, 0, 255} }},
	{{ {-2954, -10153, -1291}, 0, {257, -1175}, {127, 0, 0, 255} }},
	{{ {-2954, -10133, -1300}, 0, {319, -1146}, {127, 0, 0, 255} }},
	{{ {-2954, -10206, -1207}, 0, {95, -1434}, {127, 0, 0, 255} }},
	{{ {-2954, -10133, -1300}, 0, {319, -1146}, {127, 0, 0, 255} }},
	{{ {-2954, -10101, -1311}, 0, {417, -1113}, {127, 0, 0, 255} }},
	{{ {-2954, -10216, -1207}, 0, {66, -1434}, {0, 127, 0, 255} }},
	{{ {-2954, -10206, -1207}, 0, {95, -1434}, {0, 127, 0, 255} }},
	{{ {-2954, -9946, -1207}, 0, {894, -1434}, {0, 129, 0, 255} }},
	{{ {-2954, -10216, -1207}, 0, {66, -1434}, {0, 129, 0, 255} }},
	{{ {-2954, -9946, -1207}, 0, {894, -1434}, {0, 127, 0, 255} }},
	{{ {-2954, -9934, -1207}, 0, {931, -1434}, {0, 127, 0, 255} }},
	{{ {-2954, -10932, -1207}, 0, {95, -1434}, {127, 0, 0, 255} }},
	{{ {-2954, -10932, -1239}, 0, {95, -1335}, {127, 0, 0, 255} }},
	{{ {-2954, -10921, -1239}, 0, {128, -1335}, {127, 0, 0, 255} }},
	{{ {-2954, -10921, -1259}, 0, {128, -1273}, {127, 0, 0, 255} }},
	{{ {-2954, -10911, -1259}, 0, {159, -1273}, {127, 0, 0, 255} }},
	{{ {-2954, -10900, -1270}, 0, {192, -1241}, {127, 0, 0, 255} }},
	{{ {-2954, -10900, -1281}, 0, {192, -1208}, {127, 0, 0, 255} }},
	{{ {-2954, -10889, -1281}, 0, {224, -1208}, {127, 0, 0, 255} }},
	{{ {-2954, -10889, -1291}, 0, {224, -1175}, {127, 0, 0, 255} }},
	{{ {-2954, -10879, -1291}, 0, {257, -1175}, {127, 0, 0, 255} }},
	{{ {-2954, -10879, -1300}, 0, {257, -1146}, {127, 0, 0, 255} }},
	{{ {-2954, -10858, -1300}, 0, {319, -1146}, {127, 0, 0, 255} }},
	{{ {-2954, -10858, -1300}, 0, {319, -1146}, {0, 0, 127, 255} }},
	{{ {-2954, -10858, -1301}, 0, {319, -1142}, {0, 0, 127, 255} }},
	{{ {-2954, -10858, -1311}, 0, {319, -1113}, {0, 0, 129, 255} }},
	{{ {-2954, -10858, -1300}, 0, {319, -1146}, {127, 0, 0, 255} }},
	{{ {-2954, -10858, -1311}, 0, {319, -1113}, {127, 0, 0, 255} }},
	{{ {-2954, -10826, -1311}, 0, {417, -1113}, {127, 0, 0, 255} }},
	{{ {-2954, -10826, -1311}, 0, {417, -1113}, {0, 129, 0, 255} }},
	{{ {-2954, -10774, -1311}, 0, {578, -1113}, {0, 127, 0, 255} }},
	{{ {-2954, -10743, -1311}, 0, {672, -1113}, {0, 127, 0, 255} }},
	{{ {-2954, -10743, -1311}, 0, {672, -1113}, {127, 0, 0, 255} }},
	{{ {-2954, -10743, -1300}, 0, {672, -1146}, {127, 0, 0, 255} }},
	{{ {-2954, -10743, -1300}, 0, {672, -1146}, {0, 129, 0, 255} }},
	{{ {-2954, -10742, -1300}, 0, {676, -1146}, {0, 127, 0, 255} }},
	{{ {-2954, -10721, -1300}, 0, {738, -1146}, {0, 127, 0, 255} }},
	{{ {-2954, -10721, -1300}, 0, {738, -1146}, {127, 0, 0, 255} }},
	{{ {-2954, -10721, -1291}, 0, {738, -1175}, {127, 0, 0, 255} }},
	{{ {-2954, -10711, -1291}, 0, {771, -1175}, {127, 0, 0, 255} }},
	{{ {-2954, -10711, -1289}, 0, {771, -1179}, {127, 0, 0, 255} }},
	{{ {-2954, -10711, -1280}, 0, {771, -1212}, {127, 0, 0, 255} }},
	{{ {-2954, -10711, -1280}, 0, {771, -1212}, {0, 129, 0, 255} }},
	{{ {-2954, -10708, -1280}, 0, {779, -1212}, {0, 0, 127, 255} }},
	{{ {-2954, -10699, -1280}, 0, {808, -1212}, {0, 127, 0, 255} }},
	{{ {-2954, -10699, -1280}, 0, {808, -1212}, {127, 0, 0, 255} }},
	{{ {-2954, -10699, -1269}, 0, {808, -1245}, {127, 0, 0, 255} }},
	{{ {-2954, -10690, -1269}, 0, {832, -1245}, {127, 0, 0, 255} }},
	{{ {-2954, -10690, -1259}, 0, {832, -1273}, {127, 0, 0, 255} }},
	{{ {-2954, -10680, -1259}, 0, {865, -1273}, {127, 0, 0, 255} }},
	{{ {-2954, -10680, -1238}, 0, {865, -1339}, {127, 0, 0, 255} }},
	{{ {-2954, -10670, -1238}, 0, {894, -1339}, {127, 0, 0, 255} }},
	{{ {-2954, -10670, -1207}, 0, {894, -1434}, {127, 0, 0, 255} }},
	{{ {-2954, -10932, -1207}, 0, {95, -1434}, {127, 0, 0, 255} }},
	{{ {-2954, -10921, -1239}, 0, {128, -1335}, {127, 0, 0, 255} }},
	{{ {-2954, -10911, -1259}, 0, {159, -1273}, {127, 0, 0, 255} }},
	{{ {-2954, -10932, -1207}, 0, {95, -1434}, {127, 0, 0, 255} }},
	{{ {-2954, -10911, -1259}, 0, {159, -1273}, {127, 0, 0, 255} }},
	{{ {-2954, -10900, -1270}, 0, {192, -1241}, {127, 0, 0, 255} }},
	{{ {-2954, -10932, -1207}, 0, {95, -1434}, {127, 0, 0, 255} }},
	{{ {-2954, -10900, -1270}, 0, {192, -1241}, {127, 0, 0, 255} }},
	{{ {-2954, -10889, -1281}, 0, {224, -1208}, {127, 0, 0, 255} }},
	{{ {-2954, -10889, -1281}, 0, {224, -1208}, {127, 0, 0, 255} }},
	{{ {-2954, -10879, -1291}, 0, {257, -1175}, {127, 0, 0, 255} }},
	{{ {-2954, -10932, -1207}, 0, {95, -1434}, {127, 0, 0, 255} }},
	{{ {-2954, -10879, -1291}, 0, {257, -1175}, {127, 0, 0, 255} }},
	{{ {-2954, -10858, -1300}, 0, {319, -1146}, {127, 0, 0, 255} }},
	{{ {-2954, -10932, -1207}, 0, {95, -1434}, {127, 0, 0, 255} }},
	{{ {-2954, -10858, -1300}, 0, {319, -1146}, {127, 0, 0, 255} }},
	{{ {-2954, -10826, -1311}, 0, {417, -1113}, {127, 0, 0, 255} }},
	{{ {-2954, -10941, -1207}, 0, {66, -1434}, {0, 129, 0, 255} }},
	{{ {-2954, -10932, -1207}, 0, {95, -1434}, {0, 129, 0, 255} }},
	{{ {-2954, -10670, -1207}, 0, {894, -1434}, {0, 127, 0, 255} }},
	{{ {-2954, -10941, -1207}, 0, {66, -1434}, {0, 127, 0, 255} }},
	{{ {-2954, -10670, -1207}, 0, {894, -1434}, {0, 127, 0, 255} }},
	{{ {-2954, -10658, -1207}, 0, {931, -1434}, {0, 129, 0, 255} }},
	{{ {987, -6544, -1428}, 0, {974, -1035}, {0, 127, 0, 255} }},
	{{ {987, -6544, -1104}, 0, {974, -2025}, {0, 127, 0, 255} }},
	{{ {664, -6544, -1104}, 0, {-16, -2025}, {0, 127, 0, 255} }},
	{{ {987, -6544, -1428}, 0, {974, -1035}, {0, 127, 0, 255} }},
	{{ {664, -6544, -1104}, 0, {-16, -2025}, {0, 127, 0, 255} }},
	{{ {664, -6544, -1428}, 0, {-16, -1035}, {0, 127, 0, 255} }},
	{{ {-1385, -6544, -1428}, 0, {974, -1035}, {0, 127, 0, 255} }},
	{{ {-1385, -6544, -1104}, 0, {974, -2025}, {0, 127, 0, 255} }},
	{{ {-1709, -6544, -1104}, 0, {-16, -2025}, {0, 127, 0, 255} }},
	{{ {-1385, -6544, -1428}, 0, {974, -1035}, {0, 127, 0, 255} }},
	{{ {-1709, -6544, -1104}, 0, {-16, -2025}, {0, 127, 0, 255} }},
	{{ {-1709, -6544, -1428}, 0, {-16, -1035}, {0, 127, 0, 255} }},
	{{ {1660, -6544, -1428}, 0, {974, -1035}, {0, 127, 0, 255} }},
	{{ {1660, -6544, -1104}, 0, {974, -2025}, {0, 127, 0, 255} }},
	{{ {1336, -6544, -1104}, 0, {-16, -2025}, {0, 127, 0, 255} }},
	{{ {1660, -6544, -1428}, 0, {974, -1035}, {0, 127, 0, 255} }},
	{{ {1336, -6544, -1104}, 0, {-16, -2025}, {0, 127, 0, 255} }},
	{{ {1336, -6544, -1428}, 0, {-16, -1035}, {0, 127, 0, 255} }},
	{{ {-713, -6544, -1428}, 0, {974, -1035}, {0, 127, 0, 255} }},
	{{ {-713, -6544, -1104}, 0, {974, -2025}, {0, 127, 0, 255} }},
	{{ {-1036, -6544, -1104}, 0, {-16, -2025}, {0, 127, 0, 255} }},
	{{ {-713, -6544, -1428}, 0, {974, -1035}, {0, 127, 0, 255} }},
	{{ {-1036, -6544, -1104}, 0, {-16, -2025}, {0, 127, 0, 255} }},
	{{ {-1036, -6544, -1428}, 0, {-16, -1035}, {0, 127, 0, 255} }},
	{{ {-3534, -3892, -1954}, 0, {974, -1035}, {127, 0, 0, 255} }},
	{{ {-3534, -3892, -1631}, 0, {974, -2025}, {127, 0, 0, 255} }},
	{{ {-3534, -3568, -1631}, 0, {-16, -2025}, {127, 0, 0, 255} }},
	{{ {-3534, -3892, -1954}, 0, {974, -1035}, {127, 0, 0, 255} }},
	{{ {-3534, -3568, -1631}, 0, {-16, -2025}, {127, 0, 0, 255} }},
	{{ {-3534, -3568, -1954}, 0, {-16, -1035}, {127, 0, 0, 255} }},
	{{ {-3534, -4622, -1951}, 0, {974, -1035}, {127, 0, 0, 255} }},
	{{ {-3534, -4622, -1628}, 0, {974, -2025}, {127, 0, 0, 255} }},
	{{ {-3534, -4298, -1628}, 0, {-16, -2025}, {127, 0, 0, 255} }},
	{{ {-3534, -4622, -1951}, 0, {974, -1035}, {127, 0, 0, 255} }},
	{{ {-3534, -4298, -1628}, 0, {-16, -2025}, {127, 0, 0, 255} }},
	{{ {-3534, -4298, -1951}, 0, {-16, -1035}, {127, 0, 0, 255} }},
	{{ {-3534, -5346, -1954}, 0, {974, -1035}, {127, 0, 0, 255} }},
	{{ {-3534, -5346, -1630}, 0, {974, -2025}, {127, 0, 0, 255} }},
	{{ {-3534, -5021, -1630}, 0, {-16, -2025}, {127, 0, 0, 255} }},
	{{ {-3534, -5346, -1954}, 0, {974, -1035}, {127, 0, 0, 255} }},
	{{ {-3534, -5021, -1630}, 0, {-16, -2025}, {127, 0, 0, 255} }},
	{{ {-3534, -5021, -1954}, 0, {-16, -1035}, {127, 0, 0, 255} }},
	{{ {3542, -4621, -1629}, 0, {-16, -2025}, {127, 0, 0, 255} }},
	{{ {3542, -4621, -1953}, 0, {-16, -1035}, {127, 0, 0, 255} }},
	{{ {3542, -4297, -1953}, 0, {974, -1035}, {127, 0, 0, 255} }},
	{{ {3542, -4297, -1629}, 0, {974, -2025}, {127, 0, 0, 255} }},
	{{ {3542, -5022, -1952}, 0, {974, -1035}, {127, 0, 0, 255} }},
	{{ {3542, -5022, -1629}, 0, {974, -2025}, {127, 0, 0, 255} }},
	{{ {3542, -5347, -1629}, 0, {-16, -2025}, {127, 0, 0, 255} }},
	{{ {3542, -5347, -1952}, 0, {-16, -1035}, {127, 0, 0, 255} }},
	{{ {-2150, -2115, -1952}, 0, {974, -1035}, {0, 127, 0, 255} }},
	{{ {-2150, -2115, -1628}, 0, {974, -2025}, {0, 127, 0, 255} }},
	{{ {-1826, -2115, -1628}, 0, {-16, -2025}, {0, 127, 0, 255} }},
	{{ {-1826, -2115, -1952}, 0, {-16, -1035}, {0, 127, 0, 255} }},
	{{ {1845, -2115, -1366}, 0, {974, -1035}, {0, 127, 0, 255} }},
	{{ {1845, -2115, -1042}, 0, {974, -2025}, {0, 127, 0, 255} }},
	{{ {2169, -2115, -1042}, 0, {-16, -2025}, {0, 127, 0, 255} }},
	{{ {2169, -2115, -1366}, 0, {-16, -1035}, {0, 127, 0, 255} }},
	{{ {3328, -2311, -1952}, 0, {974, -1035}, {82, 97, 0, 255} }},
	{{ {3328, -2311, -1628}, 0, {974, -2025}, {82, 97, 0, 255} }},
	{{ {3575, -2519, -1628}, 0, {-16, -2025}, {82, 97, 0, 255} }},
	{{ {3575, -2519, -1952}, 0, {-16, -1035}, {82, 97, 0, 255} }},
	{{ {-2822, -2115, -1366}, 0, {974, -1035}, {0, 127, 0, 255} }},
	{{ {-2822, -2115, -1042}, 0, {974, -2025}, {0, 127, 0, 255} }},
	{{ {-2498, -2115, -1042}, 0, {-16, -2025}, {0, 127, 0, 255} }},
	{{ {-2498, -2115, -1366}, 0, {-16, -1035}, {0, 127, 0, 255} }},
	{{ {-163, -2581, -4552}, 0, {974, -1035}, {0, 127, 0, 255} }},
	{{ {-163, -2581, -4229}, 0, {974, -2025}, {0, 127, 0, 255} }},
	{{ {161, -2581, -4229}, 0, {-16, -2025}, {0, 127, 0, 255} }},
	{{ {161, -2581, -4552}, 0, {-16, -1035}, {0, 127, 0, 255} }},
	{{ {2517, -2115, -1366}, 0, {974, -1035}, {0, 127, 0, 255} }},
	{{ {2517, -2115, -1042}, 0, {974, -2025}, {0, 127, 0, 255} }},
	{{ {2840, -2115, -1042}, 0, {-16, -2025}, {0, 127, 0, 255} }},
	{{ {2840, -2115, -1366}, 0, {-16, -1035}, {0, 127, 0, 255} }},
	{{ {-2822, -2115, -1952}, 0, {974, -1035}, {0, 127, 0, 255} }},
	{{ {-2822, -2115, -1628}, 0, {974, -2025}, {0, 127, 0, 255} }},
	{{ {-2498, -2115, -1628}, 0, {-16, -2025}, {0, 127, 0, 255} }},
	{{ {-2498, -2115, -1952}, 0, {-16, -1035}, {0, 127, 0, 255} }},
	{{ {-2150, -2115, -1366}, 0, {974, -1035}, {0, 127, 0, 255} }},
	{{ {-2150, -2115, -1042}, 0, {974, -2025}, {0, 127, 0, 255} }},
	{{ {-1826, -2115, -1042}, 0, {-16, -2025}, {0, 127, 0, 255} }},
	{{ {-1826, -2115, -1366}, 0, {-16, -1035}, {0, 127, 0, 255} }},
	{{ {1845, -2115, -1952}, 0, {974, -1035}, {0, 127, 0, 255} }},
	{{ {1845, -2115, -1628}, 0, {974, -2025}, {0, 127, 0, 255} }},
	{{ {2169, -2115, -1628}, 0, {-16, -2025}, {0, 127, 0, 255} }},
	{{ {2169, -2115, -1952}, 0, {-16, -1035}, {0, 127, 0, 255} }},
	{{ {-2170, -12020, -1331}, 0, {932, -1431}, {0, 127, 0, 255} }},
	{{ {-2170, -12020, -1142}, 0, {932, -2011}, {0, 127, 0, 255} }},
	{{ {-1887, -12020, -1144}, 0, {65, -2005}, {0, 127, 0, 255} }},
	{{ {-1887, -12020, -1331}, 0, {65, -1431}, {0, 127, 0, 255} }},
	{{ {-1998, -12020, -1437}, 0, {406, -1108}, {0, 127, 0, 255} }},
	{{ {-1998, -12020, -1447}, 0, {406, -1079}, {0, 127, 0, 255} }},
	{{ {-2056, -12020, -1447}, 0, {583, -1079}, {0, 127, 0, 255} }},
	{{ {-2056, -12020, -1437}, 0, {583, -1108}, {0, 127, 0, 255} }},
	{{ {-2149, -12020, -1362}, 0, {866, -1337}, {0, 127, 0, 255} }},
	{{ {-2159, -12020, -1362}, 0, {899, -1337}, {0, 127, 0, 255} }},
	{{ {-2159, -12020, -1333}, 0, {899, -1427}, {0, 127, 0, 255} }},
	{{ {-2159, -12020, -1331}, 0, {899, -1431}, {0, 127, 0, 255} }},
	{{ {-1897, -12020, -1331}, 0, {98, -1431}, {0, 127, 0, 255} }},
	{{ {-1928, -12020, -1394}, 0, {193, -1239}, {0, 127, 0, 255} }},
	{{ {-1939, -12020, -1405}, 0, {226, -1206}, {0, 127, 0, 255} }},
	{{ {-1948, -12020, -1413}, 0, {254, -1181}, {0, 127, 0, 255} }},
	{{ {1867, -12020, -1327}, 0, {932, -1431}, {0, 127, 0, 255} }},
	{{ {1867, -12020, -1137}, 0, {932, -2011}, {0, 127, 0, 255} }},
	{{ {2151, -12020, -1139}, 0, {65, -2005}, {0, 127, 0, 255} }},
	{{ {2151, -12020, -1327}, 0, {65, -1431}, {0, 127, 0, 255} }},
	{{ {2039, -12020, -1433}, 0, {406, -1108}, {0, 127, 0, 255} }},
	{{ {2039, -12020, -1442}, 0, {406, -1079}, {0, 127, 0, 255} }},
	{{ {1982, -12020, -1442}, 0, {583, -1079}, {0, 127, 0, 255} }},
	{{ {1982, -12020, -1433}, 0, {583, -1108}, {0, 127, 0, 255} }},
	{{ {1900, -12020, -1380}, 0, {833, -1267}, {0, 127, 0, 255} }},
	{{ {1889, -12020, -1380}, 0, {866, -1267}, {0, 127, 0, 255} }},
	{{ {1889, -12020, -1360}, 0, {866, -1329}, {0, 127, 0, 255} }},
	{{ {1889, -12020, -1357}, 0, {866, -1337}, {0, 127, 0, 255} }},
	{{ {1878, -12020, -1357}, 0, {899, -1337}, {0, 127, 0, 255} }},
	{{ {1878, -12020, -1328}, 0, {899, -1427}, {0, 127, 0, 255} }},
	{{ {1878, -12020, -1327}, 0, {899, -1431}, {0, 127, 0, 255} }},
	{{ {-2955, -9372, -1316}, 0, {417, -1113}, {127, 0, 0, 255} }},
	{{ {-2955, -9372, -1325}, 0, {417, -1085}, {127, 0, 0, 255} }},
	{{ {-2955, -9320, -1325}, 0, {578, -1085}, {127, 0, 0, 255} }},
	{{ {-2955, -9320, -1316}, 0, {578, -1113}, {127, 0, 0, 255} }},
	{{ {-2955, -9268, -1296}, 0, {738, -1175}, {127, 0, 0, 255} }},
	{{ {-2955, -9257, -1296}, 0, {771, -1175}, {127, 0, 0, 255} }},
	{{ {-2955, -9257, -1294}, 0, {771, -1179}, {127, 0, 0, 255} }},
	{{ {-2955, -9257, -1285}, 0, {771, -1212}, {127, 0, 0, 255} }},
	{{ {-2955, -9478, -1212}, 0, {95, -1434}, {127, 0, 0, 255} }},
	{{ {-2955, -9425, -1296}, 0, {257, -1175}, {127, 0, 0, 255} }},
	{{ {-2955, -9405, -1305}, 0, {319, -1146}, {127, 0, 0, 255} }},
	{{ {-2955, -9289, -1305}, 0, {672, -1146}, {127, 0, 0, 255} }},
	{{ {-2955, -9245, -1274}, 0, {808, -1245}, {127, 0, 0, 255} }},
	{{ {-2955, -9237, -1264}, 0, {832, -1273}, {127, 0, 0, 255} }},
	{{ {-2955, -9226, -1243}, 0, {865, -1339}, {127, 0, 0, 255} }},
	{{ {-2954, -9934, -1207}, 0, {931, -1434}, {127, 0, 0, 255} }},
	{{ {-2954, -9934, -1018}, 0, {931, -2013}, {127, 0, 0, 255} }},
	{{ {-2954, -10216, -1018}, 0, {66, -2013}, {127, 0, 0, 255} }},
	{{ {-2954, -10216, -1207}, 0, {66, -1434}, {127, 0, 0, 255} }},
	{{ {-2954, -9997, -1291}, 0, {738, -1175}, {127, 0, 0, 255} }},
	{{ {-2954, -9986, -1291}, 0, {771, -1175}, {127, 0, 0, 255} }},
	{{ {-2954, -9986, -1289}, 0, {771, -1179}, {127, 0, 0, 255} }},
	{{ {-2954, -9986, -1280}, 0, {771, -1212}, {127, 0, 0, 255} }},
	{{ {-2954, -10206, -1207}, 0, {95, -1434}, {127, 0, 0, 255} }},
	{{ {-2954, -10101, -1311}, 0, {417, -1113}, {127, 0, 0, 255} }},
	{{ {-2954, -10018, -1300}, 0, {672, -1146}, {127, 0, 0, 255} }},
	{{ {-2954, -9974, -1269}, 0, {808, -1245}, {127, 0, 0, 255} }},
	{{ {-2954, -9966, -1259}, 0, {832, -1273}, {127, 0, 0, 255} }},
	{{ {-2954, -9955, -1238}, 0, {865, -1339}, {127, 0, 0, 255} }},
	{{ {-2954, -9946, -1207}, 0, {894, -1434}, {127, 0, 0, 255} }},
	{{ {-2954, -10658, -1207}, 0, {931, -1434}, {127, 0, 0, 255} }},
	{{ {-2954, -10658, -1018}, 0, {931, -2013}, {127, 0, 0, 255} }},
	{{ {-2954, -10941, -1018}, 0, {66, -2013}, {127, 0, 0, 255} }},
	{{ {-2954, -10941, -1207}, 0, {66, -1434}, {127, 0, 0, 255} }},
	{{ {-2954, -10911, -1259}, 0, {159, -1273}, {127, 0, 0, 255} }},
	{{ {-2954, -10911, -1261}, 0, {159, -1269}, {127, 0, 0, 255} }},
	{{ {-2954, -10911, -1270}, 0, {159, -1241}, {127, 0, 0, 255} }},
	{{ {-2954, -10900, -1270}, 0, {192, -1241}, {127, 0, 0, 255} }},
	{{ {-2954, -10826, -1311}, 0, {417, -1113}, {127, 0, 0, 255} }},
	{{ {-2954, -10826, -1320}, 0, {417, -1085}, {127, 0, 0, 255} }},
	{{ {-2954, -10774, -1320}, 0, {578, -1085}, {127, 0, 0, 255} }},
	{{ {-2954, -10774, -1311}, 0, {578, -1113}, {127, 0, 0, 255} }},
	{{ {-2954, -10932, -1207}, 0, {95, -1434}, {127, 0, 0, 255} }},
	{{ {-2954, -10743, -1300}, 0, {672, -1146}, {127, 0, 0, 255} }},
	{{ {-2954, -10721, -1291}, 0, {738, -1175}, {127, 0, 0, 255} }},
	{{ {-2954, -10711, -1280}, 0, {771, -1212}, {127, 0, 0, 255} }},
	{{ {-2954, -10699, -1269}, 0, {808, -1245}, {127, 0, 0, 255} }},
	{{ {-2954, -10932, -1207}, 0, {95, -1434}, {127, 0, 0, 255} }},
	{{ {-2954, -10699, -1269}, 0, {808, -1245}, {127, 0, 0, 255} }},
	{{ {-2954, -10690, -1259}, 0, {832, -1273}, {127, 0, 0, 255} }},
	{{ {-2954, -10680, -1238}, 0, {865, -1339}, {127, 0, 0, 255} }},
	{{ {-2954, -10670, -1207}, 0, {894, -1434}, {127, 0, 0, 255} }},
	{{ {-147, -2976, -6201}, 0, {974, -1035}, {0, 127, 252, 255} }},
	{{ {-147, -2965, -5890}, 0, {974, -2025}, {0, 127, 252, 255} }},
	{{ {164, -2965, -5890}, 0, {-16, -2025}, {0, 127, 252, 255} }},
	{{ {164, -2976, -6201}, 0, {-16, -1035}, {0, 127, 252, 255} }},
};

Gfx castle_grounds_dl_shujacg_mesh_layer_4_tri_0[] = {
	gsSPVertex(castle_grounds_dl_shujacg_mesh_layer_4_vtx_0 + 0, 32, 0),
	gsSP2Triangles(0, 1, 2, 0, 0, 2, 3, 0),
	gsSP2Triangles(4, 5, 6, 0, 4, 6, 7, 0),
	gsSP2Triangles(8, 9, 10, 0, 11, 12, 13, 0),
	gsSP2Triangles(14, 15, 16, 0, 17, 18, 19, 0),
	gsSP2Triangles(20, 21, 22, 0, 23, 24, 25, 0),
	gsSP2Triangles(26, 27, 28, 0, 29, 30, 31, 0),
	gsSPVertex(castle_grounds_dl_shujacg_mesh_layer_4_vtx_0 + 32, 30, 0),
	gsSP2Triangles(0, 1, 2, 0, 3, 4, 5, 0),
	gsSP2Triangles(6, 7, 8, 0, 9, 10, 11, 0),
	gsSP2Triangles(12, 13, 14, 0, 15, 16, 17, 0),
	gsSP2Triangles(18, 19, 20, 0, 21, 22, 23, 0),
	gsSP2Triangles(24, 25, 26, 0, 27, 28, 29, 0),
	gsSPVertex(castle_grounds_dl_shujacg_mesh_layer_4_vtx_0 + 62, 30, 0),
	gsSP2Triangles(0, 1, 2, 0, 3, 4, 5, 0),
	gsSP2Triangles(6, 7, 8, 0, 9, 10, 11, 0),
	gsSP2Triangles(12, 13, 14, 0, 15, 16, 17, 0),
	gsSP2Triangles(18, 19, 20, 0, 21, 22, 23, 0),
	gsSP2Triangles(24, 25, 26, 0, 27, 28, 29, 0),
	gsSPVertex(castle_grounds_dl_shujacg_mesh_layer_4_vtx_0 + 92, 32, 0),
	gsSP2Triangles(0, 1, 2, 0, 3, 4, 5, 0),
	gsSP2Triangles(6, 7, 8, 0, 9, 10, 11, 0),
	gsSP2Triangles(12, 13, 14, 0, 15, 16, 17, 0),
	gsSP2Triangles(9, 18, 19, 0, 20, 21, 22, 0),
	gsSP2Triangles(23, 24, 25, 0, 26, 27, 28, 0),
	gsSP1Triangle(29, 30, 31, 0),
	gsSPVertex(castle_grounds_dl_shujacg_mesh_layer_4_vtx_0 + 124, 32, 0),
	gsSP2Triangles(0, 1, 2, 0, 3, 4, 5, 0),
	gsSP2Triangles(0, 6, 7, 0, 8, 9, 10, 0),
	gsSP2Triangles(11, 12, 13, 0, 14, 15, 16, 0),
	gsSP2Triangles(17, 18, 19, 0, 20, 21, 22, 0),
	gsSP2Triangles(23, 24, 25, 0, 26, 27, 28, 0),
	gsSP1Triangle(29, 30, 31, 0),
	gsSPVertex(castle_grounds_dl_shujacg_mesh_layer_4_vtx_0 + 156, 30, 0),
	gsSP2Triangles(0, 1, 2, 0, 3, 4, 5, 0),
	gsSP2Triangles(6, 7, 8, 0, 9, 10, 11, 0),
	gsSP2Triangles(12, 13, 14, 0, 15, 16, 17, 0),
	gsSP2Triangles(18, 19, 20, 0, 21, 22, 23, 0),
	gsSP2Triangles(24, 25, 26, 0, 27, 28, 29, 0),
	gsSPVertex(castle_grounds_dl_shujacg_mesh_layer_4_vtx_0 + 186, 30, 0),
	gsSP2Triangles(0, 1, 2, 0, 3, 4, 5, 0),
	gsSP2Triangles(6, 7, 8, 0, 9, 10, 11, 0),
	gsSP2Triangles(12, 13, 14, 0, 15, 16, 17, 0),
	gsSP2Triangles(18, 19, 20, 0, 21, 22, 23, 0),
	gsSP2Triangles(24, 25, 26, 0, 27, 28, 29, 0),
	gsSPVertex(castle_grounds_dl_shujacg_mesh_layer_4_vtx_0 + 216, 32, 0),
	gsSP2Triangles(0, 1, 2, 0, 3, 4, 5, 0),
	gsSP2Triangles(6, 7, 8, 0, 9, 10, 11, 0),
	gsSP2Triangles(6, 12, 13, 0, 14, 15, 16, 0),
	gsSP2Triangles(17, 18, 19, 0, 20, 21, 22, 0),
	gsSP2Triangles(23, 24, 25, 0, 26, 27, 28, 0),
	gsSP1Triangle(29, 30, 31, 0),
	gsSPVertex(castle_grounds_dl_shujacg_mesh_layer_4_vtx_0 + 248, 32, 0),
	gsSP2Triangles(0, 1, 2, 0, 3, 4, 5, 0),
	gsSP2Triangles(3, 6, 7, 0, 8, 9, 10, 0),
	gsSP2Triangles(11, 12, 13, 0, 14, 15, 16, 0),
	gsSP2Triangles(17, 18, 19, 0, 20, 21, 22, 0),
	gsSP2Triangles(23, 24, 25, 0, 26, 27, 28, 0),
	gsSP1Triangle(29, 30, 31, 0),
	gsSPVertex(castle_grounds_dl_shujacg_mesh_layer_4_vtx_0 + 280, 30, 0),
	gsSP2Triangles(0, 1, 2, 0, 3, 4, 5, 0),
	gsSP2Triangles(6, 7, 8, 0, 9, 10, 11, 0),
	gsSP2Triangles(12, 13, 14, 0, 15, 16, 17, 0),
	gsSP2Triangles(18, 19, 20, 0, 21, 22, 23, 0),
	gsSP2Triangles(24, 25, 26, 0, 27, 28, 29, 0),
	gsSPVertex(castle_grounds_dl_shujacg_mesh_layer_4_vtx_0 + 310, 30, 0),
	gsSP2Triangles(0, 1, 2, 0, 3, 4, 5, 0),
	gsSP2Triangles(6, 7, 8, 0, 9, 10, 11, 0),
	gsSP2Triangles(12, 13, 14, 0, 15, 16, 17, 0),
	gsSP2Triangles(18, 19, 20, 0, 21, 22, 23, 0),
	gsSP2Triangles(24, 25, 26, 0, 27, 28, 29, 0),
	gsSPVertex(castle_grounds_dl_shujacg_mesh_layer_4_vtx_0 + 340, 31, 0),
	gsSP2Triangles(0, 1, 2, 0, 3, 4, 5, 0),
	gsSP2Triangles(0, 6, 7, 0, 0, 8, 9, 0),
	gsSP2Triangles(10, 11, 12, 0, 10, 13, 14, 0),
	gsSP2Triangles(10, 15, 16, 0, 17, 18, 19, 0),
	gsSP2Triangles(10, 20, 21, 0, 22, 23, 24, 0),
	gsSP2Triangles(25, 26, 27, 0, 28, 29, 30, 0),
	gsSPVertex(castle_grounds_dl_shujacg_mesh_layer_4_vtx_0 + 371, 32, 0),
	gsSP2Triangles(0, 1, 2, 0, 3, 4, 5, 0),
	gsSP2Triangles(3, 5, 6, 0, 7, 8, 9, 0),
	gsSP2Triangles(10, 11, 12, 0, 13, 14, 15, 0),
	gsSP2Triangles(16, 17, 18, 0, 19, 20, 21, 0),
	gsSP2Triangles(21, 22, 23, 0, 23, 24, 25, 0),
	gsSP2Triangles(25, 26, 27, 0, 27, 28, 29, 0),
	gsSP1Triangle(29, 30, 31, 0),
	gsSPVertex(castle_grounds_dl_shujacg_mesh_layer_4_vtx_0 + 403, 31, 0),
	gsSP2Triangles(0, 1, 2, 0, 3, 4, 5, 0),
	gsSP2Triangles(2, 6, 7, 0, 7, 8, 9, 0),
	gsSP2Triangles(9, 10, 11, 0, 11, 12, 13, 0),
	gsSP2Triangles(13, 14, 15, 0, 15, 16, 17, 0),
	gsSP2Triangles(15, 17, 18, 0, 19, 20, 21, 0),
	gsSP2Triangles(22, 23, 24, 0, 25, 26, 27, 0),
	gsSP1Triangle(28, 29, 30, 0),
	gsSPVertex(castle_grounds_dl_shujacg_mesh_layer_4_vtx_0 + 434, 31, 0),
	gsSP2Triangles(0, 1, 2, 0, 3, 4, 5, 0),
	gsSP2Triangles(6, 7, 8, 0, 9, 10, 11, 0),
	gsSP2Triangles(12, 13, 14, 0, 15, 16, 17, 0),
	gsSP2Triangles(3, 18, 19, 0, 20, 21, 22, 0),
	gsSP2Triangles(23, 24, 25, 0, 26, 27, 28, 0),
	gsSP1Triangle(28, 29, 30, 0),
	gsSPVertex(castle_grounds_dl_shujacg_mesh_layer_4_vtx_0 + 465, 32, 0),
	gsSP2Triangles(0, 1, 2, 0, 2, 3, 4, 0),
	gsSP2Triangles(4, 5, 6, 0, 6, 7, 8, 0),
	gsSP2Triangles(8, 9, 10, 0, 11, 12, 13, 0),
	gsSP2Triangles(10, 14, 15, 0, 15, 16, 17, 0),
	gsSP2Triangles(17, 18, 19, 0, 19, 20, 21, 0),
	gsSP2Triangles(21, 22, 23, 0, 24, 25, 26, 0),
	gsSP2Triangles(27, 28, 0, 0, 29, 30, 31, 0),
	gsSPVertex(castle_grounds_dl_shujacg_mesh_layer_4_vtx_0 + 497, 31, 0),
	gsSP2Triangles(0, 1, 2, 0, 3, 4, 5, 0),
	gsSP2Triangles(6, 7, 8, 0, 9, 10, 11, 0),
	gsSP2Triangles(12, 13, 14, 0, 15, 16, 17, 0),
	gsSP2Triangles(18, 19, 20, 0, 21, 22, 23, 0),
	gsSP2Triangles(24, 25, 26, 0, 12, 27, 28, 0),
	gsSP1Triangle(0, 29, 30, 0),
	gsSPVertex(castle_grounds_dl_shujacg_mesh_layer_4_vtx_0 + 528, 31, 0),
	gsSP2Triangles(0, 1, 2, 0, 3, 4, 5, 0),
	gsSP2Triangles(3, 5, 6, 0, 7, 8, 9, 0),
	gsSP2Triangles(9, 10, 11, 0, 12, 13, 14, 0),
	gsSP2Triangles(11, 15, 16, 0, 16, 17, 18, 0),
	gsSP2Triangles(18, 19, 20, 0, 20, 21, 22, 0),
	gsSP2Triangles(23, 24, 25, 0, 22, 26, 27, 0),
	gsSP1Triangle(28, 29, 30, 0),
	gsSPVertex(castle_grounds_dl_shujacg_mesh_layer_4_vtx_0 + 559, 32, 0),
	gsSP2Triangles(0, 1, 2, 0, 3, 4, 5, 0),
	gsSP2Triangles(2, 6, 7, 0, 8, 9, 10, 0),
	gsSP2Triangles(11, 12, 13, 0, 13, 14, 15, 0),
	gsSP2Triangles(15, 16, 17, 0, 17, 18, 19, 0),
	gsSP2Triangles(20, 21, 22, 0, 23, 24, 25, 0),
	gsSP2Triangles(26, 27, 28, 0, 29, 30, 31, 0),
	gsSPVertex(castle_grounds_dl_shujacg_mesh_layer_4_vtx_0 + 591, 32, 0),
	gsSP2Triangles(0, 1, 2, 0, 3, 4, 5, 0),
	gsSP2Triangles(6, 7, 8, 0, 9, 10, 11, 0),
	gsSP2Triangles(11, 12, 13, 0, 14, 15, 16, 0),
	gsSP2Triangles(13, 17, 18, 0, 18, 19, 20, 0),
	gsSP2Triangles(20, 21, 22, 0, 22, 23, 24, 0),
	gsSP2Triangles(25, 26, 27, 0, 24, 28, 29, 0),
	gsSP1Triangle(29, 30, 31, 0),
	gsSPVertex(castle_grounds_dl_shujacg_mesh_layer_4_vtx_0 + 623, 31, 0),
	gsSP2Triangles(0, 1, 2, 0, 3, 4, 5, 0),
	gsSP2Triangles(0, 6, 7, 0, 8, 9, 10, 0),
	gsSP2Triangles(7, 11, 12, 0, 13, 14, 15, 0),
	gsSP2Triangles(16, 17, 18, 0, 18, 19, 20, 0),
	gsSP2Triangles(20, 21, 22, 0, 22, 23, 24, 0),
	gsSP2Triangles(25, 26, 27, 0, 28, 29, 30, 0),
	gsSPVertex(castle_grounds_dl_shujacg_mesh_layer_4_vtx_0 + 654, 30, 0),
	gsSP2Triangles(0, 1, 2, 0, 3, 4, 5, 0),
	gsSP2Triangles(6, 7, 8, 0, 9, 10, 11, 0),
	gsSP2Triangles(12, 13, 14, 0, 15, 16, 17, 0),
	gsSP2Triangles(18, 19, 20, 0, 20, 21, 22, 0),
	gsSP2Triangles(23, 24, 25, 0, 25, 26, 27, 0),
	gsSP1Triangle(27, 28, 29, 0),
	gsSPVertex(castle_grounds_dl_shujacg_mesh_layer_4_vtx_0 + 684, 30, 0),
	gsSP2Triangles(0, 1, 2, 0, 3, 4, 5, 0),
	gsSP2Triangles(6, 7, 8, 0, 5, 9, 10, 0),
	gsSP2Triangles(11, 12, 13, 0, 10, 14, 15, 0),
	gsSP2Triangles(15, 16, 17, 0, 15, 17, 18, 0),
	gsSP2Triangles(19, 20, 21, 0, 18, 22, 23, 0),
	gsSP2Triangles(23, 24, 25, 0, 25, 26, 27, 0),
	gsSP1Triangle(27, 28, 29, 0),
	gsSPVertex(castle_grounds_dl_shujacg_mesh_layer_4_vtx_0 + 714, 32, 0),
	gsSP2Triangles(0, 1, 2, 0, 3, 4, 5, 0),
	gsSP2Triangles(6, 7, 8, 0, 3, 9, 10, 0),
	gsSP2Triangles(11, 12, 13, 0, 14, 15, 16, 0),
	gsSP2Triangles(17, 18, 19, 0, 20, 21, 22, 0),
	gsSP2Triangles(23, 24, 25, 0, 26, 27, 28, 0),
	gsSP1Triangle(29, 30, 31, 0),
	gsSPVertex(castle_grounds_dl_shujacg_mesh_layer_4_vtx_0 + 746, 30, 0),
	gsSP2Triangles(0, 1, 2, 0, 3, 4, 5, 0),
	gsSP2Triangles(6, 7, 8, 0, 9, 10, 11, 0),
	gsSP2Triangles(12, 13, 14, 0, 15, 16, 17, 0),
	gsSP2Triangles(18, 19, 20, 0, 21, 22, 23, 0),
	gsSP2Triangles(24, 25, 26, 0, 27, 28, 29, 0),
	gsSPVertex(castle_grounds_dl_shujacg_mesh_layer_4_vtx_0 + 776, 31, 0),
	gsSP2Triangles(0, 1, 2, 0, 3, 4, 5, 0),
	gsSP2Triangles(3, 5, 6, 0, 7, 8, 9, 0),
	gsSP2Triangles(7, 9, 10, 0, 11, 12, 13, 0),
	gsSP2Triangles(11, 13, 14, 0, 15, 16, 17, 0),
	gsSP2Triangles(15, 17, 18, 0, 19, 20, 21, 0),
	gsSP2Triangles(19, 21, 22, 0, 23, 24, 25, 0),
	gsSP2Triangles(23, 25, 26, 0, 27, 28, 29, 0),
	gsSP1Triangle(27, 29, 30, 0),
	gsSPVertex(castle_grounds_dl_shujacg_mesh_layer_4_vtx_0 + 807, 32, 0),
	gsSP2Triangles(0, 1, 2, 0, 0, 2, 3, 0),
	gsSP2Triangles(4, 5, 6, 0, 4, 6, 7, 0),
	gsSP2Triangles(8, 9, 10, 0, 8, 10, 11, 0),
	gsSP2Triangles(12, 13, 14, 0, 12, 14, 15, 0),
	gsSP2Triangles(16, 17, 18, 0, 16, 18, 19, 0),
	gsSP2Triangles(20, 21, 22, 0, 20, 22, 23, 0),
	gsSP2Triangles(24, 25, 26, 0, 24, 26, 27, 0),
	gsSP2Triangles(28, 29, 30, 0, 28, 30, 31, 0),
	gsSPVertex(castle_grounds_dl_shujacg_mesh_layer_4_vtx_0 + 839, 30, 0),
	gsSP2Triangles(0, 1, 2, 0, 0, 2, 3, 0),
	gsSP2Triangles(4, 5, 6, 0, 4, 6, 7, 0),
	gsSP2Triangles(8, 9, 10, 0, 8, 10, 11, 0),
	gsSP2Triangles(11, 12, 13, 0, 11, 13, 14, 0),
	gsSP2Triangles(15, 16, 17, 0, 15, 17, 18, 0),
	gsSP2Triangles(19, 20, 21, 0, 19, 21, 22, 0),
	gsSP2Triangles(23, 24, 25, 0, 23, 25, 15, 0),
	gsSP2Triangles(23, 15, 26, 0, 23, 26, 19, 0),
	gsSP2Triangles(23, 19, 22, 0, 23, 22, 27, 0),
	gsSP2Triangles(23, 27, 28, 0, 23, 28, 29, 0),
	gsSPVertex(castle_grounds_dl_shujacg_mesh_layer_4_vtx_0 + 869, 32, 0),
	gsSP2Triangles(0, 1, 2, 0, 0, 2, 3, 0),
	gsSP2Triangles(4, 5, 6, 0, 4, 6, 7, 0),
	gsSP2Triangles(8, 9, 10, 0, 8, 10, 4, 0),
	gsSP2Triangles(8, 4, 7, 0, 8, 7, 11, 0),
	gsSP2Triangles(8, 11, 12, 0, 8, 12, 13, 0),
	gsSP2Triangles(8, 13, 14, 0, 15, 16, 17, 0),
	gsSP2Triangles(15, 17, 18, 0, 19, 20, 21, 0),
	gsSP2Triangles(19, 21, 22, 0, 23, 24, 25, 0),
	gsSP2Triangles(23, 25, 26, 0, 27, 23, 28, 0),
	gsSP2Triangles(27, 28, 29, 0, 27, 29, 30, 0),
	gsSP1Triangle(27, 30, 31, 0),
	gsSPVertex(castle_grounds_dl_shujacg_mesh_layer_4_vtx_0 + 901, 9, 0),
	gsSP2Triangles(0, 1, 2, 0, 0, 2, 3, 0),
	gsSP2Triangles(0, 3, 4, 0, 5, 6, 7, 0),
	gsSP1Triangle(5, 7, 8, 0),
	gsSPEndDisplayList(),
};

Vtx castle_grounds_dl_shujacg_mesh_layer_4_vtx_1[48] = {
	{{ {-4730, -2133, -587}, 0, {5339, 991}, {127, 3, 0, 255} }},
	{{ {-4759, -3266, -710}, 0, {-3314, 991}, {127, 3, 0, 255} }},
	{{ {-4759, -3266, -577}, 0, {-3205, -11}, {127, 3, 0, 255} }},
	{{ {-4730, -2133, -587}, 0, {3291, 991}, {127, 3, 0, 255} }},
	{{ {-4759, -3266, -577}, 0, {-5253, -11}, {127, 3, 0, 255} }},
	{{ {-4730, -2133, -454}, 0, {3399, -11}, {127, 3, 0, 255} }},
	{{ {-4857, -1181, -570}, 0, {4525, 997}, {61, 112, 0, 255} }},
	{{ {-4730, -2133, -587}, 0, {-2763, 997}, {61, 112, 0, 255} }},
	{{ {-4730, -2133, -454}, 0, {-2745, -11}, {61, 112, 0, 255} }},
	{{ {-4857, -1181, -570}, 0, {4525, 997}, {61, 112, 0, 255} }},
	{{ {-4857, -1181, -437}, 0, {4543, -11}, {61, 112, 0, 255} }},
	{{ {-4184, -123, -535}, 0, {5844, 997}, {116, 53, 0, 255} }},
	{{ {-4857, -1181, -570}, 0, {-3677, 997}, {116, 53, 0, 255} }},
	{{ {-4857, -1181, -437}, 0, {-3649, -11}, {116, 53, 0, 255} }},
	{{ {-4857, -1181, -437}, 0, {-3649, -11}, {116, 53, 0, 255} }},
	{{ {-4184, -123, -402}, 0, {5872, -11}, {116, 53, 0, 255} }},
	{{ {-4759, -3266, -710}, 0, {2939, 997}, {120, 43, 0, 255} }},
	{{ {-4990, -3803, -710}, 0, {-1499, 997}, {120, 43, 0, 255} }},
	{{ {-4990, -3803, -577}, 0, {-1499, -11}, {120, 43, 0, 255} }},
	{{ {-4759, -3266, -710}, 0, {2939, 997}, {120, 43, 0, 255} }},
	{{ {-4759, -3266, -577}, 0, {2939, -11}, {120, 43, 0, 255} }},
	{{ {-4990, -3803, -710}, 0, {2597, 997}, {112, 60, 0, 255} }},
	{{ {-5858, -3971, -710}, 0, {-4112, 997}, {112, 60, 0, 255} }},
	{{ {-5858, -3971, -577}, 0, {-4112, -11}, {112, 60, 0, 255} }},
	{{ {-4990, -3803, -710}, 0, {2597, 997}, {112, 60, 0, 255} }},
	{{ {-5858, -3971, -577}, 0, {-4112, -11}, {112, 60, 0, 255} }},
	{{ {-4990, -3803, -577}, 0, {2597, -11}, {112, 60, 0, 255} }},
	{{ {4858, -45, -570}, 0, {2687, 997}, {108, 67, 0, 255} }},
	{{ {5322, -198, -561}, 0, {-1023, 997}, {108, 67, 0, 255} }},
	{{ {5322, -198, -428}, 0, {-1040, -11}, {108, 67, 0, 255} }},
	{{ {4858, -45, -570}, 0, {2687, 997}, {108, 67, 0, 255} }},
	{{ {5322, -198, -428}, 0, {-1040, -11}, {108, 67, 0, 255} }},
	{{ {4858, -45, -437}, 0, {2670, -11}, {108, 67, 0, 255} }},
	{{ {5122, -1634, -535}, 0, {5318, -28}, {116, 51, 0, 255} }},
	{{ {4677, -620, -568}, 0, {-3091, -28}, {116, 51, 0, 255} }},
	{{ {4676, -617, -435}, 0, {-3091, -1035}, {116, 51, 0, 255} }},
	{{ {5122, -1634, -535}, 0, {5318, -28}, {116, 51, 0, 255} }},
	{{ {4676, -617, -435}, 0, {-3091, -1035}, {116, 51, 0, 255} }},
	{{ {5122, -1634, -402}, 0, {5348, -1035}, {116, 51, 0, 255} }},
	{{ {-4539, -5876, -537}, 0, {1790, -27}, {57, 113, 0, 255} }},
	{{ {-4423, -5784, -537}, 0, {670, -27}, {57, 113, 0, 255} }},
	{{ {-4423, -5784, -404}, 0, {670, -1035}, {57, 113, 0, 255} }},
	{{ {-4423, -5784, -537}, 0, {4766, -27}, {0, 127, 0, 255} }},
	{{ {-3524, -5784, -537}, 0, {-2064, -27}, {0, 127, 0, 255} }},
	{{ {-3524, -5784, -404}, 0, {-2064, -1035}, {0, 127, 0, 255} }},
	{{ {-4423, -5784, -537}, 0, {4766, -27}, {0, 127, 0, 255} }},
	{{ {-3524, -5784, -404}, 0, {-2064, -1035}, {0, 127, 0, 255} }},
	{{ {-4423, -5784, -404}, 0, {4766, -1035}, {0, 127, 0, 255} }},
};

Gfx castle_grounds_dl_shujacg_mesh_layer_4_tri_1[] = {
	gsSPVertex(castle_grounds_dl_shujacg_mesh_layer_4_vtx_1 + 0, 30, 0),
	gsSP2Triangles(0, 1, 2, 0, 3, 4, 5, 0),
	gsSP2Triangles(6, 7, 8, 0, 9, 8, 10, 0),
	gsSP2Triangles(11, 12, 13, 0, 11, 14, 15, 0),
	gsSP2Triangles(16, 17, 18, 0, 19, 18, 20, 0),
	gsSP2Triangles(21, 22, 23, 0, 24, 25, 26, 0),
	gsSP1Triangle(27, 28, 29, 0),
	gsSPVertex(castle_grounds_dl_shujacg_mesh_layer_4_vtx_1 + 30, 18, 0),
	gsSP2Triangles(0, 1, 2, 0, 3, 4, 5, 0),
	gsSP2Triangles(6, 7, 8, 0, 9, 10, 11, 0),
	gsSP2Triangles(12, 13, 14, 0, 15, 16, 17, 0),
	gsSPEndDisplayList(),
};

Vtx castle_grounds_dl_shujacg_mesh_layer_4_vtx_2[14] = {
	{{ {744, -13783, -206}, 0, {1852, -54}, {127, 0, 0, 255} }},
	{{ {744, -13783, -383}, 0, {1852, 1005}, {127, 0, 0, 255} }},
	{{ {744, -14737, -383}, 0, {-3837, 1005}, {127, 0, 0, 255} }},
	{{ {744, -13783, -206}, 0, {1852, -54}, {127, 0, 0, 255} }},
	{{ {744, -14737, -383}, 0, {-3837, 1005}, {127, 0, 0, 255} }},
	{{ {744, -14737, -206}, 0, {-3837, -54}, {127, 0, 0, 255} }},
	{{ {744, -14737, -206}, 0, {6099, -1082}, {0, 127, 0, 255} }},
	{{ {744, -14737, -383}, 0, {6099, -23}, {0, 127, 0, 255} }},
	{{ {-737, -14737, -383}, 0, {-2733, -23}, {0, 127, 0, 255} }},
	{{ {-737, -14737, -206}, 0, {-2733, -1082}, {0, 127, 0, 255} }},
	{{ {-737, -14737, -206}, 0, {4614, -1071}, {127, 0, 0, 255} }},
	{{ {-737, -14737, -383}, 0, {4614, -12}, {127, 0, 0, 255} }},
	{{ {-737, -13783, -383}, 0, {-1074, -12}, {127, 0, 0, 255} }},
	{{ {-737, -13783, -206}, 0, {-1074, -1071}, {127, 0, 0, 255} }},
};

Gfx castle_grounds_dl_shujacg_mesh_layer_4_tri_2[] = {
	gsSPVertex(castle_grounds_dl_shujacg_mesh_layer_4_vtx_2 + 0, 14, 0),
	gsSP2Triangles(0, 1, 2, 0, 3, 4, 5, 0),
	gsSP2Triangles(6, 7, 8, 0, 6, 8, 9, 0),
	gsSP2Triangles(10, 11, 12, 0, 10, 12, 13, 0),
	gsSPEndDisplayList(),
};

Vtx castle_grounds_dl_shujacg_mesh_layer_4_vtx_3[12] = {
	{{ {3154, -2764, -3389}, 0, {-16, -11}, {0, 127, 0, 255} }},
	{{ {3587, -2764, -3389}, 0, {1008, -11}, {0, 127, 0, 255} }},
	{{ {3587, -2764, -3824}, 0, {1008, -1035}, {0, 127, 0, 255} }},
	{{ {3154, -2764, -3824}, 0, {-16, -1035}, {0, 127, 0, 255} }},
	{{ {-3200, -2764, -3391}, 0, {-16, -11}, {0, 127, 0, 255} }},
	{{ {-2767, -2764, -3391}, 0, {1008, -11}, {0, 127, 0, 255} }},
	{{ {-2767, -2764, -3825}, 0, {1008, -1035}, {0, 127, 0, 255} }},
	{{ {-3200, -2764, -3825}, 0, {-16, -1035}, {0, 127, 0, 255} }},
	{{ {-27, -3648, -7712}, 0, {-14, -11}, {0, 127, 0, 255} }},
	{{ {406, -3648, -7712}, 0, {1006, -11}, {0, 127, 0, 255} }},
	{{ {406, -3648, -8147}, 0, {1006, -1035}, {0, 127, 0, 255} }},
	{{ {-27, -3648, -8147}, 0, {-14, -1035}, {0, 127, 0, 255} }},
};

Gfx castle_grounds_dl_shujacg_mesh_layer_4_tri_3[] = {
	gsSPVertex(castle_grounds_dl_shujacg_mesh_layer_4_vtx_3 + 0, 12, 0),
	gsSP2Triangles(0, 1, 2, 0, 0, 2, 3, 0),
	gsSP2Triangles(4, 5, 6, 0, 4, 6, 7, 0),
	gsSP2Triangles(8, 9, 10, 0, 8, 10, 11, 0),
	gsSPEndDisplayList(),
};

Vtx castle_grounds_dl_shujacg_mesh_layer_1_vtx_cull[8] = {
	{{ {-8297, -17481, 1840}, 0, {0, 0}, {0, 0, 0, 0} }},
	{{ {-8297, 7350, 1840}, 0, {0, 0}, {0, 0, 0, 0} }},
	{{ {-8297, 7350, -8147}, 0, {0, 0}, {0, 0, 0, 0} }},
	{{ {-8297, -17481, -8147}, 0, {0, 0}, {0, 0, 0, 0} }},
	{{ {8304, -17481, 1840}, 0, {0, 0}, {0, 0, 0, 0} }},
	{{ {8304, 7350, 1840}, 0, {0, 0}, {0, 0, 0, 0} }},
	{{ {8304, 7350, -8147}, 0, {0, 0}, {0, 0, 0, 0} }},
	{{ {8304, -17481, -8147}, 0, {0, 0}, {0, 0, 0, 0} }},
};

Vtx castle_grounds_dl_shujacg_mesh_layer_1_vtx_0[86] = {
	{{ {3537, -3259, -776}, 0, {1445, -656}, {62, 111, 0, 255} }},
	{{ {3537, -3259, -856}, 0, {1445, -365}, {62, 111, 0, 255} }},
	{{ {3758, -2680, -856}, 0, {-1017, -365}, {62, 111, 0, 255} }},
	{{ {3758, -2680, -783}, 0, {-1017, -629}, {62, 111, 0, 255} }},
	{{ {3537, -3259, -1465}, 0, {1445, -656}, {62, 111, 0, 255} }},
	{{ {3537, -3259, -1546}, 0, {1445, -365}, {62, 111, 0, 255} }},
	{{ {3758, -2680, -1546}, 0, {-1017, -365}, {62, 111, 0, 255} }},
	{{ {3537, -3259, -1465}, 0, {1445, -656}, {62, 111, 0, 255} }},
	{{ {3758, -2680, -1546}, 0, {-1017, -365}, {62, 111, 0, 255} }},
	{{ {3758, -2680, -1473}, 0, {-1017, -629}, {62, 111, 0, 255} }},
	{{ {1565, -2117, -1465}, 0, {2708, -651}, {79, 99, 0, 255} }},
	{{ {1565, -2117, -1546}, 0, {2708, -361}, {79, 99, 0, 255} }},
	{{ {1046, -1702, -1546}, 0, {-888, -361}, {79, 99, 0, 255} }},
	{{ {1565, -2117, -1465}, 0, {2708, -651}, {79, 99, 0, 255} }},
	{{ {1046, -1702, -1546}, 0, {-888, -361}, {79, 99, 0, 255} }},
	{{ {1046, -1702, -1465}, 0, {-888, -651}, {79, 99, 0, 255} }},
	{{ {-1042, -1702, -776}, 0, {-888, -651}, {111, 62, 0, 255} }},
	{{ {-1042, -1702, -856}, 0, {-888, -361}, {111, 62, 0, 255} }},
	{{ {-1561, -2117, -856}, 0, {2708, -361}, {111, 62, 0, 255} }},
	{{ {-1042, -1702, -776}, 0, {-888, -651}, {111, 62, 0, 255} }},
	{{ {-1561, -2117, -856}, 0, {2708, -361}, {111, 62, 0, 255} }},
	{{ {-1561, -2117, -776}, 0, {2708, -651}, {111, 62, 0, 255} }},
	{{ {-3754, -2680, -783}, 0, {-1017, -629}, {69, 107, 0, 255} }},
	{{ {-3754, -2680, -856}, 0, {-1017, -365}, {69, 107, 0, 255} }},
	{{ {-3533, -3259, -856}, 0, {1445, -365}, {69, 107, 0, 255} }},
	{{ {-3754, -2680, -783}, 0, {-1017, -629}, {69, 107, 0, 255} }},
	{{ {-3533, -3259, -856}, 0, {1445, -365}, {69, 107, 0, 255} }},
	{{ {-3533, -3259, -776}, 0, {1445, -656}, {69, 107, 255, 255} }},
	{{ {-3754, -2680, -1473}, 0, {-1017, -629}, {69, 107, 0, 255} }},
	{{ {-3754, -2680, -1546}, 0, {-1017, -365}, {69, 107, 0, 255} }},
	{{ {-3533, -3259, -1546}, 0, {1445, -365}, {69, 107, 0, 255} }},
	{{ {-3754, -2680, -1473}, 0, {-1017, -629}, {69, 107, 0, 255} }},
	{{ {-3533, -3259, -1546}, 0, {1445, -365}, {69, 107, 0, 255} }},
	{{ {-3533, -3259, -1465}, 0, {1445, -656}, {69, 107, 255, 255} }},
	{{ {-1042, -1702, -1465}, 0, {-888, -651}, {111, 62, 0, 255} }},
	{{ {-1042, -1702, -1546}, 0, {-888, -361}, {111, 62, 0, 255} }},
	{{ {-1561, -2117, -1546}, 0, {2708, -361}, {111, 62, 0, 255} }},
	{{ {-1042, -1702, -1465}, 0, {-888, -651}, {111, 62, 0, 255} }},
	{{ {-1561, -2117, -1546}, 0, {2708, -361}, {111, 62, 0, 255} }},
	{{ {-1561, -2117, -1465}, 0, {2708, -651}, {111, 62, 0, 255} }},
	{{ {-3116, -2117, -1465}, 0, {-12167, -619}, {111, 61, 0, 255} }},
	{{ {-3116, -2117, -1546}, 0, {-12167, -375}, {111, 61, 0, 255} }},
	{{ {-3754, -2680, -1546}, 0, {-14758, -375}, {111, 61, 0, 255} }},
	{{ {-3116, -2117, -1465}, 0, {-12167, -619}, {111, 61, 0, 255} }},
	{{ {-3754, -2680, -1546}, 0, {-14758, -375}, {111, 61, 0, 255} }},
	{{ {-3754, -2680, -1473}, 0, {-14758, -595}, {50, 27, 142, 255} }},
	{{ {3120, -2117, -776}, 0, {4431, -651}, {0, 127, 0, 255} }},
	{{ {3120, -2117, -856}, 0, {4431, -359}, {0, 127, 0, 255} }},
	{{ {1565, -2117, -856}, 0, {-2329, -359}, {0, 127, 0, 255} }},
	{{ {1565, -2117, -776}, 0, {-2329, -651}, {0, 127, 0, 255} }},
	{{ {1565, -2117, -776}, 0, {2708, -651}, {79, 99, 0, 255} }},
	{{ {1565, -2117, -856}, 0, {2708, -361}, {79, 99, 0, 255} }},
	{{ {1046, -1702, -856}, 0, {-888, -361}, {79, 99, 0, 255} }},
	{{ {1046, -1702, -776}, 0, {-888, -651}, {79, 99, 0, 255} }},
	{{ {3120, -2117, -1465}, 0, {4431, -651}, {0, 127, 0, 255} }},
	{{ {3120, -2117, -1546}, 0, {4431, -359}, {0, 127, 0, 255} }},
	{{ {1565, -2117, -1546}, 0, {-2329, -359}, {0, 127, 0, 255} }},
	{{ {1565, -2117, -1465}, 0, {-2329, -651}, {0, 127, 0, 255} }},
	{{ {-1561, -2117, -776}, 0, {-2329, -651}, {0, 127, 0, 255} }},
	{{ {-1561, -2117, -856}, 0, {-2329, -359}, {0, 127, 0, 255} }},
	{{ {-3116, -2117, -856}, 0, {4431, -359}, {0, 127, 0, 255} }},
	{{ {-3116, -2117, -776}, 0, {4431, -651}, {0, 127, 0, 255} }},
	{{ {-1561, -2117, -1465}, 0, {-2329, -651}, {0, 127, 0, 255} }},
	{{ {-1561, -2117, -1546}, 0, {-2329, -359}, {0, 127, 0, 255} }},
	{{ {-3116, -2117, -1546}, 0, {4431, -359}, {0, 127, 0, 255} }},
	{{ {-3116, -2117, -1465}, 0, {4431, -651}, {0, 127, 0, 255} }},
	{{ {1046, -1702, -776}, 0, {6064, -660}, {0, 127, 0, 255} }},
	{{ {1046, -1702, -856}, 0, {6064, -348}, {0, 127, 0, 255} }},
	{{ {570, -1702, -856}, 0, {3525, -348}, {0, 127, 0, 255} }},
	{{ {570, -1702, -776}, 0, {3525, -660}, {0, 127, 0, 255} }},
	{{ {-566, -1702, -776}, 0, {-2533, -660}, {0, 127, 0, 255} }},
	{{ {-566, -1702, -856}, 0, {-2533, -348}, {0, 127, 0, 255} }},
	{{ {-1042, -1702, -856}, 0, {-5072, -348}, {0, 127, 0, 255} }},
	{{ {-1042, -1702, -776}, 0, {-5072, -660}, {0, 127, 0, 255} }},
	{{ {1046, -1702, -1465}, 0, {6006, -618}, {0, 127, 0, 255} }},
	{{ {1046, -1702, -1546}, 0, {6006, -364}, {0, 127, 0, 255} }},
	{{ {570, -1702, -1546}, 0, {3494, -364}, {0, 127, 0, 255} }},
	{{ {570, -1702, -1466}, 0, {3494, -615}, {0, 127, 0, 255} }},
	{{ {-566, -1702, -1466}, 0, {-2502, -615}, {0, 127, 0, 255} }},
	{{ {-566, -1702, -1546}, 0, {-2502, -364}, {0, 127, 0, 255} }},
	{{ {-1042, -1702, -1546}, 0, {-5014, -364}, {0, 127, 0, 255} }},
	{{ {-1042, -1702, -1465}, 0, {-5014, -618}, {0, 127, 0, 255} }},
	{{ {3758, -2680, -1473}, 0, {15750, -595}, {84, 95, 0, 255} }},
	{{ {3758, -2680, -1546}, 0, {15750, -375}, {84, 95, 0, 255} }},
	{{ {3120, -2117, -1546}, 0, {13159, -375}, {84, 95, 0, 255} }},
	{{ {3120, -2117, -1465}, 0, {13159, -619}, {84, 95, 0, 255} }},
};

Gfx castle_grounds_dl_shujacg_mesh_layer_1_tri_0[] = {
	gsSPVertex(castle_grounds_dl_shujacg_mesh_layer_1_vtx_0 + 0, 31, 0),
	gsSP2Triangles(0, 1, 2, 0, 0, 2, 3, 0),
	gsSP2Triangles(4, 5, 6, 0, 7, 8, 9, 0),
	gsSP2Triangles(10, 11, 12, 0, 13, 14, 15, 0),
	gsSP2Triangles(16, 17, 18, 0, 19, 20, 21, 0),
	gsSP2Triangles(22, 23, 24, 0, 25, 26, 27, 0),
	gsSP1Triangle(28, 29, 30, 0),
	gsSPVertex(castle_grounds_dl_shujacg_mesh_layer_1_vtx_0 + 31, 31, 0),
	gsSP2Triangles(0, 1, 2, 0, 3, 4, 5, 0),
	gsSP2Triangles(6, 7, 8, 0, 9, 10, 11, 0),
	gsSP2Triangles(12, 13, 14, 0, 15, 16, 17, 0),
	gsSP2Triangles(15, 17, 18, 0, 19, 20, 21, 0),
	gsSP2Triangles(19, 21, 22, 0, 23, 24, 25, 0),
	gsSP2Triangles(23, 25, 26, 0, 27, 28, 29, 0),
	gsSP1Triangle(27, 29, 30, 0),
	gsSPVertex(castle_grounds_dl_shujacg_mesh_layer_1_vtx_0 + 62, 24, 0),
	gsSP2Triangles(0, 1, 2, 0, 0, 2, 3, 0),
	gsSP2Triangles(4, 5, 6, 0, 4, 6, 7, 0),
	gsSP2Triangles(8, 9, 10, 0, 8, 10, 11, 0),
	gsSP2Triangles(12, 13, 14, 0, 12, 14, 15, 0),
	gsSP2Triangles(16, 17, 18, 0, 16, 18, 19, 0),
	gsSP2Triangles(20, 21, 22, 0, 20, 22, 23, 0),
	gsSPEndDisplayList(),
};

Vtx castle_grounds_dl_shujacg_mesh_layer_1_vtx_1[1057] = {
	{{ {3, -4369, -6404}, 0, {3308, 4925}, {47, 118, 0, 255} }},
	{{ {577, -4085, -6407}, 0, {-93, 4942}, {47, 118, 0, 255} }},
	{{ {577, -4085, -4874}, 0, {-93, -3203}, {47, 118, 0, 255} }},
	{{ {3, -4369, -6404}, 0, {3308, 4925}, {47, 118, 0, 255} }},
	{{ {577, -4085, -4874}, 0, {-93, -3203}, {47, 118, 0, 255} }},
	{{ {3, -4369, -4871}, 0, {3308, -3219}, {47, 118, 0, 255} }},
	{{ {577, -4085, -6407}, 0, {4003, 4942}, {57, 114, 254, 255} }},
	{{ {585, -3297, -6418}, 0, {-185, 5002}, {57, 114, 0, 255} }},
	{{ {585, -3297, -4886}, 0, {-185, -3142}, {57, 114, 0, 255} }},
	{{ {577, -4085, -6407}, 0, {4003, 4942}, {57, 114, 254, 255} }},
	{{ {585, -3297, -4886}, 0, {-185, -3142}, {57, 114, 0, 255} }},
	{{ {577, -4085, -4874}, 0, {4003, -3203}, {57, 114, 0, 255} }},
	{{ {-570, -4085, -6407}, 0, {2207, 4942}, {103, 74, 0, 255} }},
	{{ {3, -4369, -6404}, 0, {-1189, 4925}, {103, 74, 0, 255} }},
	{{ {3, -4369, -4871}, 0, {-1189, -3219}, {103, 74, 0, 255} }},
	{{ {-570, -4085, -6407}, 0, {2207, 4942}, {103, 74, 0, 255} }},
	{{ {3, -4369, -4871}, 0, {-1189, -3219}, {103, 74, 0, 255} }},
	{{ {-570, -4085, -4874}, 0, {2207, -3203}, {103, 74, 0, 255} }},
	{{ {-577, -3297, -6418}, 0, {2299, 5002}, {57, 113, 0, 255} }},
	{{ {-570, -4085, -6407}, 0, {-1889, 4942}, {57, 113, 0, 255} }},
	{{ {-570, -4085, -4874}, 0, {-1889, -3203}, {57, 113, 0, 255} }},
	{{ {-577, -3297, -6418}, 0, {2299, 5002}, {57, 113, 0, 255} }},
	{{ {-570, -4085, -4874}, 0, {-1889, -3203}, {57, 113, 0, 255} }},
	{{ {-577, -3297, -4886}, 0, {2299, -3142}, {57, 113, 0, 255} }},
	{{ {972, -4226, -2873}, 0, {4079, -5640}, {57, 114, 0, 255} }},
	{{ {972, -4226, -4685}, 0, {4079, 3983}, {57, 114, 0, 255} }},
	{{ {980, -3152, -4685}, 0, {-1626, 3983}, {57, 114, 0, 255} }},
	{{ {972, -4226, -2873}, 0, {4079, -5640}, {57, 114, 0, 255} }},
	{{ {980, -3152, -4685}, 0, {-1626, 3983}, {57, 114, 0, 255} }},
	{{ {980, -3152, -2873}, 0, {-1626, -5640}, {57, 114, 0, 255} }},
	{{ {972, -4226, -4685}, 0, {-2065, 3983}, {51, 116, 0, 255} }},
	{{ {972, -4226, -2873}, 0, {-2065, -5640}, {51, 116, 0, 255} }},
	{{ {3, -4785, -2873}, 0, {3881, -5640}, {51, 116, 0, 255} }},
	{{ {972, -4226, -4685}, 0, {-2065, 3983}, {51, 116, 0, 255} }},
	{{ {3, -4785, -2873}, 0, {3881, -5640}, {51, 116, 0, 255} }},
	{{ {3, -4785, -4685}, 0, {3881, 3983}, {51, 116, 0, 255} }},
	{{ {3, -4785, -4685}, 0, {-3811, 3983}, {101, 77, 0, 255} }},
	{{ {3, -4785, -2873}, 0, {-3811, -5640}, {101, 77, 0, 255} }},
	{{ {-965, -4226, -2873}, 0, {2131, -5640}, {101, 77, 0, 255} }},
	{{ {3, -4785, -4685}, 0, {-3811, 3983}, {101, 77, 0, 255} }},
	{{ {-965, -4226, -2873}, 0, {2131, -5640}, {101, 77, 0, 255} }},
	{{ {-965, -4226, -4685}, 0, {2131, 3983}, {101, 77, 0, 255} }},
	{{ {-973, -3152, -2873}, 0, {3740, -5640}, {57, 113, 0, 255} }},
	{{ {-973, -3152, -4685}, 0, {3740, 3983}, {57, 113, 0, 255} }},
	{{ {-965, -4226, -4685}, 0, {-1965, 3983}, {57, 113, 0, 255} }},
	{{ {-973, -3152, -2873}, 0, {3740, -5640}, {57, 113, 0, 255} }},
	{{ {-965, -4226, -4685}, 0, {-1965, 3983}, {57, 113, 0, 255} }},
	{{ {-965, -4226, -2873}, 0, {-1965, -5640}, {57, 113, 0, 255} }},
	{{ {-313, -2979, -6422}, 0, {2445, 5024}, {113, 58, 0, 255} }},
	{{ {-577, -3297, -6418}, 0, {251, 5002}, {113, 58, 0, 255} }},
	{{ {-577, -3297, -4886}, 0, {251, -3142}, {113, 58, 255, 255} }},
	{{ {-313, -2979, -6422}, 0, {2445, 5024}, {113, 58, 0, 255} }},
	{{ {-577, -3297, -4886}, 0, {251, -3142}, {113, 58, 255, 255} }},
	{{ {-313, -2979, -4890}, 0, {2445, -3120}, {113, 58, 0, 255} }},
	{{ {585, -3297, -6418}, 0, {1863, 5002}, {98, 81, 0, 255} }},
	{{ {320, -2979, -6422}, 0, {-331, 5024}, {98, 81, 0, 255} }},
	{{ {320, -2979, -4890}, 0, {-331, -3120}, {98, 81, 0, 255} }},
	{{ {320, -2979, -4890}, 0, {-331, -3120}, {98, 81, 0, 255} }},
	{{ {585, -3297, -4886}, 0, {1863, -3142}, {98, 81, 0, 255} }},
	{{ {-973, -3152, -2873}, 0, {-356, -5640}, {113, 59, 0, 255} }},
	{{ {-478, -2591, -2873}, 0, {3619, -5640}, {113, 59, 0, 255} }},
	{{ {-478, -2591, -4685}, 0, {3619, 3983}, {113, 59, 0, 255} }},
	{{ {-973, -3152, -2873}, 0, {-356, -5640}, {113, 59, 0, 255} }},
	{{ {-478, -2591, -4685}, 0, {3619, 3983}, {113, 59, 0, 255} }},
	{{ {-973, -3152, -4685}, 0, {-356, 3983}, {113, 59, 0, 255} }},
	{{ {485, -2591, -2873}, 0, {2591, -5640}, {0, 127, 0, 255} }},
	{{ {485, -2591, -4685}, 0, {2591, 3983}, {0, 127, 0, 255} }},
	{{ {-478, -2591, -4685}, 0, {-2525, 3983}, {0, 127, 0, 255} }},
	{{ {-478, -2591, -2873}, 0, {-2525, -5640}, {0, 127, 0, 255} }},
	{{ {980, -3152, -4685}, 0, {2470, 3983}, {95, 84, 0, 255} }},
	{{ {485, -2591, -4685}, 0, {-1505, 3983}, {95, 84, 0, 255} }},
	{{ {485, -2591, -2873}, 0, {-1505, -5640}, {95, 84, 0, 255} }},
	{{ {485, -2591, -2873}, 0, {-1505, -5640}, {95, 84, 0, 255} }},
	{{ {980, -3152, -2873}, 0, {2470, -5640}, {95, 84, 0, 255} }},
	{{ {-2855, -8362, -67}, 0, {-672, -5474}, {22, 125, 0, 255} }},
	{{ {-3574, -8496, -67}, 0, {1693, -5474}, {22, 125, 0, 255} }},
	{{ {-3574, -8496, -3071}, 0, {1693, 4245}, {22, 125, 0, 255} }},
	{{ {-2855, -8362, -67}, 0, {-672, -5474}, {22, 125, 0, 255} }},
	{{ {-3574, -8496, -3071}, 0, {1693, 4245}, {22, 125, 0, 255} }},
	{{ {-2855, -8362, -3071}, 0, {-672, 4245}, {22, 125, 0, 255} }},
	{{ {-3574, -8496, -67}, 0, {-355, -5474}, {86, 94, 0, 255} }},
	{{ {-4049, -7940, -67}, 0, {2010, -5474}, {86, 94, 0, 255} }},
	{{ {-4049, -7940, -3071}, 0, {2010, 4245}, {86, 94, 0, 255} }},
	{{ {-4049, -7940, -3071}, 0, {2010, 4245}, {86, 94, 0, 255} }},
	{{ {-3574, -8496, -3071}, 0, {-355, 4245}, {86, 94, 0, 255} }},
	{{ {-4049, -7940, -67}, 0, {109, -5474}, {121, 37, 0, 255} }},
	{{ {-3805, -7251, -67}, 0, {2474, -5474}, {121, 37, 0, 255} }},
	{{ {-3805, -7251, -3071}, 0, {2474, 4245}, {121, 37, 0, 255} }},
	{{ {-4049, -7940, -67}, 0, {109, -5474}, {121, 37, 0, 255} }},
	{{ {-4049, -7940, -3071}, 0, {109, 4245}, {121, 37, 0, 255} }},
	{{ {-3805, -7251, -67}, 0, {426, -5474}, {112, 60, 0, 255} }},
	{{ {-3086, -7117, -67}, 0, {2790, -5474}, {112, 60, 0, 255} }},
	{{ {-3086, -7117, -3071}, 0, {2790, 4245}, {112, 60, 0, 255} }},
	{{ {-3805, -7251, -67}, 0, {426, -5474}, {112, 60, 0, 255} }},
	{{ {-3086, -7117, -3071}, 0, {2790, 4245}, {112, 60, 0, 255} }},
	{{ {-3805, -7251, -3071}, 0, {426, 4245}, {112, 60, 0, 255} }},
	{{ {-2611, -7673, -67}, 0, {-989, -5474}, {62, 111, 0, 255} }},
	{{ {-2855, -8362, -67}, 0, {1376, -5474}, {62, 111, 0, 255} }},
	{{ {-2855, -8362, -3071}, 0, {1376, 4245}, {62, 111, 0, 255} }},
	{{ {-2611, -7673, -67}, 0, {-989, -5474}, {62, 111, 0, 255} }},
	{{ {-2855, -8362, -3071}, 0, {1376, 4245}, {62, 111, 0, 255} }},
	{{ {-2611, -7673, -3071}, 0, {-989, 4245}, {62, 111, 0, 255} }},
	{{ {-3805, -7251, -3071}, 0, {-1748, -46}, {0, 0, 129, 255} }},
	{{ {-3086, -7117, -3071}, 0, {195, -3410}, {0, 0, 129, 255} }},
	{{ {-2611, -7673, -3071}, 0, {4079, -3410}, {0, 0, 129, 255} }},
	{{ {-3805, -7251, -3071}, 0, {-3796, -46}, {0, 0, 129, 255} }},
	{{ {-2611, -7673, -3071}, 0, {2031, -3410}, {0, 0, 129, 255} }},
	{{ {-2855, -8362, -3071}, 0, {3973, -45}, {0, 0, 129, 255} }},
	{{ {-3805, -7251, -3071}, 0, {-3796, -2094}, {0, 0, 129, 255} }},
	{{ {-2855, -8362, -3071}, 0, {3973, -2093}, {0, 0, 129, 255} }},
	{{ {-3574, -8496, -3071}, 0, {2030, 1270}, {0, 0, 129, 255} }},
	{{ {-3574, -8496, -3071}, 0, {4078, 1270}, {0, 0, 129, 255} }},
	{{ {-4049, -7940, -3071}, 0, {194, 1270}, {0, 0, 129, 255} }},
	{{ {-3805, -7251, -3071}, 0, {-1748, -2094}, {0, 0, 129, 255} }},
	{{ {4959, -8770, -67}, 0, {-725, -5474}, {101, 77, 0, 255} }},
	{{ {4327, -8404, -67}, 0, {1640, -5474}, {101, 77, 0, 255} }},
	{{ {4327, -8404, -3071}, 0, {1640, 4245}, {101, 77, 0, 255} }},
	{{ {4959, -8770, -67}, 0, {-725, -5474}, {101, 77, 0, 255} }},
	{{ {4327, -8404, -3071}, 0, {1640, 4245}, {101, 77, 0, 255} }},
	{{ {4959, -8770, -3071}, 0, {-725, 4245}, {101, 77, 0, 255} }},
	{{ {4327, -8404, -67}, 0, {-408, -5474}, {127, 0, 0, 255} }},
	{{ {4327, -7673, -67}, 0, {1957, -5474}, {127, 0, 0, 255} }},
	{{ {4327, -7673, -3071}, 0, {1957, 4245}, {127, 0, 0, 255} }},
	{{ {4327, -8404, -67}, 0, {-408, -5474}, {127, 0, 0, 255} }},
	{{ {4327, -7673, -3071}, 0, {1957, 4245}, {127, 0, 0, 255} }},
	{{ {4327, -8404, -3071}, 0, {-408, 4245}, {127, 0, 0, 255} }},
	{{ {4327, -7673, -67}, 0, {-91, -5474}, {110, 63, 0, 255} }},
	{{ {4959, -7308, -67}, 0, {2273, -5474}, {110, 63, 0, 255} }},
	{{ {4959, -7308, -3071}, 0, {2273, 4245}, {110, 63, 0, 255} }},
	{{ {4327, -7673, -67}, 0, {-91, -5474}, {110, 63, 0, 255} }},
	{{ {4959, -7308, -3071}, 0, {2273, 4245}, {110, 63, 0, 255} }},
	{{ {4327, -7673, -3071}, 0, {-91, 4245}, {110, 63, 0, 255} }},
	{{ {5593, -8404, -67}, 0, {859, -5474}, {51, 116, 0, 255} }},
	{{ {4959, -8770, -67}, 0, {3224, -5474}, {51, 116, 0, 255} }},
	{{ {4959, -8770, -3071}, 0, {3224, 4245}, {51, 116, 0, 255} }},
	{{ {5593, -8404, -67}, 0, {859, -5474}, {51, 116, 0, 255} }},
	{{ {4959, -8770, -3071}, 0, {3224, 4245}, {51, 116, 0, 255} }},
	{{ {5593, -8404, -3071}, 0, {859, 4245}, {51, 116, 0, 255} }},
	{{ {-2223, -6540, -2072}, 0, {-2335, 4438}, {103, 74, 0, 255} }},
	{{ {-2222, -6540, -579}, 0, {-2336, -3498}, {103, 74, 0, 255} }},
	{{ {-2827, -6227, -579}, 0, {1285, -3498}, {103, 74, 0, 255} }},
	{{ {-2827, -6227, -1908}, 0, {1276, -533}, {103, 75, 0, 255} }},
	{{ {-2827, -6227, -2407}, 0, {1276, 2119}, {103, 75, 0, 255} }},
	{{ {-2223, -6540, -2072}, 0, {-2344, 338}, {103, 75, 0, 255} }},
	{{ {-2827, -6227, -1908}, 0, {1276, 3563}, {103, 75, 0, 255} }},
	{{ {-2223, -6540, -2072}, 0, {-2344, 4434}, {103, 75, 0, 255} }},
	{{ {-2827, -6227, -579}, 0, {1277, -3502}, {103, 75, 0, 255} }},
	{{ {-2827, -5967, -2407}, 0, {889, 2119}, {127, 0, 0, 255} }},
	{{ {-2827, -6227, -2407}, 0, {-486, 2119}, {127, 0, 0, 255} }},
	{{ {-2827, -6227, -1908}, 0, {-486, -532}, {127, 0, 0, 255} }},
	{{ {-2827, -5967, -2407}, 0, {889, 4167}, {127, 0, 0, 255} }},
	{{ {-2827, -6227, -1908}, 0, {-486, 1516}, {127, 0, 0, 255} }},
	{{ {-2827, -6227, -579}, 0, {-486, -5549}, {11, 127, 0, 255} }},
	{{ {-2827, -6227, -579}, 0, {-485, -5549}, {127, 0, 0, 255} }},
	{{ {-2827, -5967, -579}, 0, {889, -5549}, {127, 0, 0, 255} }},
	{{ {-2827, -5967, -2407}, 0, {889, 4167}, {127, 0, 0, 255} }},
	{{ {-2827, -5967, -2407}, 0, {-1229, 4168}, {0, 127, 0, 255} }},
	{{ {-2827, -5967, -579}, 0, {-1229, -5548}, {0, 127, 0, 255} }},
	{{ {-2938, -5967, -579}, 0, {-638, -5548}, {0, 127, 0, 255} }},
	{{ {-2827, -5967, -2407}, 0, {-1229, 4168}, {0, 127, 0, 255} }},
	{{ {-2938, -5967, -579}, 0, {-638, -5548}, {0, 127, 0, 255} }},
	{{ {-2938, -5967, -2396}, 0, {-638, 4112}, {0, 127, 0, 255} }},
	{{ {-2827, -5967, -2407}, 0, {-1229, 72}, {0, 127, 0, 255} }},
	{{ {-2938, -5967, -2396}, 0, {-638, 16}, {0, 127, 0, 255} }},
	{{ {-2828, -5967, -2407}, 0, {-1228, 72}, {0, 127, 0, 255} }},
	{{ {-2938, -5967, -579}, 0, {-1632, -3500}, {117, 50, 0, 255} }},
	{{ {-2827, -6227, -579}, 0, {-135, -3500}, {117, 50, 0, 255} }},
	{{ {-2827, -6227, -1908}, 0, {-135, 3565}, {117, 50, 0, 255} }},
	{{ {-2938, -5967, -579}, 0, {-1632, -5548}, {117, 50, 0, 255} }},
	{{ {-2827, -6227, -1908}, 0, {-135, 1517}, {117, 50, 0, 255} }},
	{{ {-2827, -6227, -2396}, 0, {-135, 4112}, {117, 50, 0, 255} }},
	{{ {-2827, -6227, -2396}, 0, {-135, 4112}, {117, 50, 0, 255} }},
	{{ {-2938, -5967, -2396}, 0, {-1632, 4112}, {117, 50, 0, 255} }},
	{{ {-2938, -5967, -579}, 0, {-1632, -5548}, {117, 50, 0, 255} }},
	{{ {-3524, -5784, -404}, 0, {-257, -4426}, {0, 0, 129, 255} }},
	{{ {-3524, -5784, -537}, 0, {-257, -3721}, {0, 0, 129, 255} }},
	{{ {-3524, -5784, -2396}, 0, {-257, 6160}, {0, 0, 129, 255} }},
	{{ {-3524, -5784, -404}, 0, {1791, -4426}, {100, 79, 0, 255} }},
	{{ {-3524, -5784, -2396}, 0, {1791, 6160}, {100, 79, 0, 255} }},
	{{ {-2827, -6227, -2396}, 0, {-2597, 6160}, {100, 79, 0, 255} }},
	{{ {-3524, -5784, -404}, 0, {1791, -4426}, {100, 79, 0, 255} }},
	{{ {-2827, -6227, -2396}, 0, {-2597, 6160}, {100, 79, 0, 255} }},
	{{ {-2827, -6227, -1908}, 0, {-2597, 3565}, {100, 79, 0, 255} }},
	{{ {-2827, -6227, -1908}, 0, {-2597, 3565}, {100, 79, 0, 255} }},
	{{ {-2827, -6227, -579}, 0, {-2597, -3500}, {100, 79, 0, 255} }},
	{{ {-3524, -5784, -404}, 0, {1791, -4426}, {100, 79, 0, 255} }},
	{{ {-3524, -5352, -446}, 0, {-580, -108}, {127, 0, 0, 255} }},
	{{ {-3524, -5353, -161}, 0, {-585, -1625}, {127, 0, 0, 255} }},
	{{ {-3524, -5245, -161}, 0, {-15, -1625}, {127, 0, 0, 255} }},
	{{ {-3524, -5245, -74}, 0, {2033, 4056}, {127, 0, 0, 255} }},
	{{ {-3524, -5784, -74}, 0, {-832, 4056}, {127, 0, 0, 255} }},
	{{ {-3524, -5784, 1218}, 0, {-832, -2807}, {127, 0, 0, 255} }},
	{{ {-3524, -5245, -74}, 0, {-4111, 4056}, {127, 0, 0, 255} }},
	{{ {-3524, -5784, 1218}, 0, {-6976, -2807}, {127, 0, 0, 255} }},
	{{ {-3524, -3266, 1218}, 0, {6410, -2807}, {127, 0, 0, 255} }},
	{{ {-3524, -5245, -74}, 0, {-6159, 2008}, {127, 0, 0, 255} }},
	{{ {-3524, -3266, 1218}, 0, {4362, -4855}, {127, 0, 0, 255} }},
	{{ {-3524, -3266, -840}, 0, {4362, 6081}, {127, 0, 0, 255} }},
	{{ {-3524, -5245, -74}, 0, {-6159, -6184}, {127, 0, 0, 255} }},
	{{ {-3524, -3266, -840}, 0, {4362, -2111}, {127, 0, 0, 255} }},
	{{ {-3524, -3266, -2396}, 0, {4362, 6160}, {127, 0, 0, 255} }},
	{{ {-3524, -3266, -2396}, 0, {6410, 4112}, {127, 0, 0, 255} }},
	{{ {-3524, -5784, -2396}, 0, {-6976, 4112}, {127, 0, 0, 255} }},
	{{ {-3524, -5784, -537}, 0, {-6976, -5769}, {127, 0, 0, 255} }},
	{{ {-3524, -5784, -537}, 0, {-832, 375}, {127, 0, 0, 255} }},
	{{ {-3524, -5784, -404}, 0, {-832, -330}, {127, 0, 0, 255} }},
	{{ {-3524, -5784, -161}, 0, {-832, -1625}, {127, 0, 0, 255} }},
	{{ {-3524, -5784, -537}, 0, {-832, 375}, {127, 0, 0, 255} }},
	{{ {-3524, -5784, -161}, 0, {-832, -1625}, {127, 0, 0, 255} }},
	{{ {-3524, -5724, -161}, 0, {-510, -1625}, {127, 0, 0, 255} }},
	{{ {-3524, -5245, -161}, 0, {-6159, -5721}, {127, 0, 0, 255} }},
	{{ {-3524, -5245, -74}, 0, {-6159, -6184}, {127, 0, 0, 255} }},
	{{ {-3524, -3266, -2396}, 0, {4362, 6160}, {127, 0, 0, 255} }},
	{{ {-3524, -5784, -537}, 0, {-832, 375}, {127, 0, 0, 255} }},
	{{ {-3524, -5724, -161}, 0, {-510, -1625}, {127, 0, 0, 255} }},
	{{ {-3524, -5724, -446}, 0, {-513, -108}, {127, 0, 0, 255} }},
	{{ {-3524, -5784, -537}, 0, {-832, 375}, {127, 0, 0, 255} }},
	{{ {-3524, -5724, -446}, 0, {-513, -108}, {127, 0, 0, 255} }},
	{{ {-3524, -5724, -447}, 0, {-510, -103}, {127, 0, 0, 255} }},
	{{ {-3524, -5784, -537}, 0, {-832, 375}, {127, 0, 0, 255} }},
	{{ {-3524, -5724, -447}, 0, {-510, -103}, {127, 0, 0, 255} }},
	{{ {-3524, -5631, -608}, 0, {-18, 750}, {127, 0, 0, 255} }},
	{{ {-3524, -5352, -446}, 0, {-4676, -4204}, {127, 0, 0, 255} }},
	{{ {-3524, -5245, -161}, 0, {-4111, -5721}, {127, 0, 0, 255} }},
	{{ {-3524, -3266, -2396}, 0, {6410, 6160}, {127, 0, 0, 255} }},
	{{ {-3524, -3266, -2396}, 0, {6410, 4112}, {127, 0, 0, 255} }},
	{{ {-3524, -5784, -537}, 0, {-6976, -5769}, {127, 0, 0, 255} }},
	{{ {-3524, -5631, -608}, 0, {-6162, -5394}, {127, 0, 0, 255} }},
	{{ {-3524, -3266, -2396}, 0, {6410, 4112}, {127, 0, 0, 255} }},
	{{ {-3524, -5631, -608}, 0, {-6162, -5394}, {127, 0, 0, 255} }},
	{{ {-3524, -5444, -608}, 0, {-5171, -5394}, {127, 0, 0, 255} }},
	{{ {-3524, -5444, -608}, 0, {-5171, -3346}, {127, 0, 0, 255} }},
	{{ {-3524, -5352, -446}, 0, {-4676, -4204}, {127, 0, 0, 255} }},
	{{ {-3524, -3266, -2396}, 0, {6410, 6160}, {127, 0, 0, 255} }},
	{{ {2862, -5838, -2404}, 0, {-741, 4155}, {0, 127, 0, 255} }},
	{{ {2947, -5838, -2396}, 0, {-1191, 4112}, {0, 127, 0, 255} }},
	{{ {2945, -5838, -579}, 0, {-1184, -5548}, {0, 127, 0, 255} }},
	{{ {2831, -5838, -2407}, 0, {-575, 75}, {0, 127, 0, 255} }},
	{{ {2860, -5838, -2404}, 0, {-732, 60}, {0, 127, 0, 255} }},
	{{ {2862, -5838, -2404}, 0, {-741, 59}, {0, 127, 0, 255} }},
	{{ {2862, -5838, -2404}, 0, {-741, 59}, {0, 127, 0, 255} }},
	{{ {2860, -5838, -2407}, 0, {-732, 75}, {0, 127, 0, 255} }},
	{{ {2831, -5838, -2407}, 0, {-575, 75}, {0, 127, 0, 255} }},
	{{ {2862, -6227, -2404}, 0, {-486, -497}, {112, 0, 196, 255} }},
	{{ {2947, -6227, -2396}, 0, {-486, -950}, {112, 0, 196, 255} }},
	{{ {2947, -5838, -2396}, 0, {1581, -950}, {112, 0, 196, 255} }},
	{{ {2862, -6227, -2404}, 0, {-486, -497}, {112, 0, 196, 255} }},
	{{ {2947, -5838, -2396}, 0, {1581, -950}, {112, 0, 196, 255} }},
	{{ {2862, -5838, -2404}, 0, {1581, -497}, {112, 0, 196, 255} }},
	{{ {2862, -5838, -2404}, 0, {1581, -497}, {112, 0, 196, 255} }},
	{{ {2860, -5838, -2404}, 0, {1581, -489}, {112, 0, 196, 255} }},
	{{ {2862, -6227, -2404}, 0, {-486, -497}, {112, 0, 196, 255} }},
	{{ {2947, -6227, -2404}, 0, {-731, 842}, {0, 0, 129, 255} }},
	{{ {2862, -6227, -2404}, 0, {-633, 402}, {0, 0, 129, 255} }},
	{{ {2860, -5838, -2404}, 0, {1386, 842}, {0, 0, 129, 255} }},
	{{ {-3104, -5459, -420}, 0, {-406, 215}, {0, 0, 129, 255} }},
	{{ {-3355, -5459, -420}, 0, {927, 215}, {0, 0, 129, 255} }},
	{{ {-3355, -5615, -420}, 0, {927, 1041}, {0, 0, 129, 255} }},
	{{ {-3104, -5459, -420}, 0, {-406, 215}, {0, 0, 129, 255} }},
	{{ {-3355, -5615, -420}, 0, {927, 1041}, {0, 0, 129, 255} }},
	{{ {-3104, -5615, -420}, 0, {-406, 1041}, {0, 0, 129, 255} }},
	{{ {-3104, -5459, -161}, 0, {-406, -1625}, {0, 127, 0, 255} }},
	{{ {-3355, -5459, -161}, 0, {927, -1625}, {0, 127, 0, 255} }},
	{{ {-3355, -5459, -420}, 0, {927, -246}, {0, 127, 0, 255} }},
	{{ {-3104, -5459, -161}, 0, {-406, -1625}, {0, 127, 0, 255} }},
	{{ {-3355, -5459, -420}, 0, {927, -246}, {0, 127, 0, 255} }},
	{{ {-3104, -5459, -420}, 0, {-406, -246}, {0, 127, 0, 255} }},
	{{ {-2827, -6227, -2396}, 0, {-135, 685}, {117, 50, 253, 255} }},
	{{ {-2828, -6227, -2407}, 0, {-136, 742}, {117, 50, 253, 255} }},
	{{ {-2938, -5967, -2396}, 0, {-1632, 685}, {117, 50, 253, 255} }},
	{{ {-2828, -5967, -2407}, 0, {-733, -401}, {12, 0, 130, 255} }},
	{{ {-2938, -5967, -2396}, 0, {-733, -993}, {12, 0, 130, 255} }},
	{{ {-2828, -6227, -2407}, 0, {642, -401}, {12, 0, 130, 255} }},
	{{ {-2827, -6227, -2407}, 0, {-486, -450}, {115, 0, 202, 255} }},
	{{ {-2828, -6227, -2407}, 0, {-486, -453}, {115, 0, 202, 255} }},
	{{ {-2828, -5967, -2407}, 0, {889, -453}, {115, 0, 202, 255} }},
	{{ {-2827, -6227, -2407}, 0, {-486, -450}, {115, 0, 202, 255} }},
	{{ {-2828, -5967, -2407}, 0, {889, -453}, {115, 0, 202, 255} }},
	{{ {-2827, -5967, -2407}, 0, {889, -450}, {115, 0, 202, 255} }},
	{{ {-2827, -6227, -2407}, 0, {642, -399}, {12, 0, 130, 255} }},
	{{ {-2823, -6227, -2407}, 0, {642, -374}, {12, 0, 130, 255} }},
	{{ {-2823, -5967, -2407}, 0, {-733, -374}, {12, 0, 130, 255} }},
	{{ {-2827, -6227, -2407}, 0, {642, -399}, {12, 0, 130, 255} }},
	{{ {-2827, -5967, -2407}, 0, {-733, -399}, {12, 0, 130, 255} }},
	{{ {425, -6311, -579}, 0, {933, -1452}, {127, 0, 0, 255} }},
	{{ {425, -6311, -1014}, 0, {933, 862}, {127, 0, 0, 255} }},
	{{ {425, -6540, -1014}, 0, {-286, 862}, {127, 0, 0, 255} }},
	{{ {425, -6311, -579}, 0, {933, -1452}, {127, 0, 0, 255} }},
	{{ {425, -6540, -1014}, 0, {-286, 862}, {127, 0, 0, 255} }},
	{{ {425, -6540, -579}, 0, {-286, -1452}, {127, 0, 0, 255} }},
	{{ {425, -6311, -1014}, 0, {933, -1022}, {67, 0, 148, 255} }},
	{{ {367, -6311, -1190}, 0, {933, -39}, {67, 0, 148, 255} }},
	{{ {367, -6540, -1190}, 0, {-286, -39}, {67, 0, 148, 255} }},
	{{ {425, -6311, -1014}, 0, {933, -1022}, {67, 0, 148, 255} }},
	{{ {367, -6540, -1190}, 0, {-286, -39}, {67, 0, 148, 255} }},
	{{ {425, -6540, -1014}, 0, {-286, -1022}, {67, 0, 148, 255} }},
	{{ {367, -6311, -1190}, 0, {933, -39}, {67, 0, 148, 255} }},
	{{ {344, -6311, -1262}, 0, {933, 361}, {67, 0, 148, 255} }},
	{{ {344, -6540, -1262}, 0, {-286, 361}, {67, 0, 148, 255} }},
	{{ {367, -6311, -1190}, 0, {933, -39}, {67, 0, 148, 255} }},
	{{ {367, -6540, -1190}, 0, {-286, -39}, {67, 0, 148, 255} }},
	{{ {344, -6311, -1262}, 0, {933, -1008}, {97, 0, 174, 255} }},
	{{ {134, -6311, -1414}, 0, {933, 375}, {97, 0, 174, 255} }},
	{{ {134, -6540, -1414}, 0, {-286, 375}, {97, 0, 174, 255} }},
	{{ {344, -6311, -1262}, 0, {933, -1008}, {97, 0, 174, 255} }},
	{{ {134, -6540, -1414}, 0, {-286, 375}, {97, 0, 174, 255} }},
	{{ {344, -6540, -1262}, 0, {-286, -1008}, {97, 0, 174, 255} }},
	{{ {134, -6311, -1414}, 0, {-579, -934}, {0, 0, 129, 255} }},
	{{ {4, -6311, -1414}, 0, {113, -934}, {0, 0, 129, 255} }},
	{{ {4, -6540, -1414}, 0, {113, 285}, {0, 0, 129, 255} }},
	{{ {134, -6311, -1414}, 0, {-579, -934}, {0, 0, 129, 255} }},
	{{ {4, -6540, -1414}, 0, {113, 285}, {0, 0, 129, 255} }},
	{{ {134, -6540, -1414}, 0, {-579, 285}, {0, 0, 129, 255} }},
	{{ {4, -6311, -1414}, 0, {113, -934}, {0, 0, 129, 255} }},
	{{ {-127, -6311, -1414}, 0, {804, -934}, {0, 0, 129, 255} }},
	{{ {-127, -6540, -1414}, 0, {804, 285}, {0, 0, 129, 255} }},
	{{ {4, -6311, -1414}, 0, {113, -934}, {0, 0, 129, 255} }},
	{{ {-127, -6540, -1414}, 0, {804, 285}, {0, 0, 129, 255} }},
	{{ {4, -6540, -1414}, 0, {113, 285}, {0, 0, 129, 255} }},
	{{ {-127, -6311, -1414}, 0, {282, 784}, {56, 0, 142, 255} }},
	{{ {-337, -6311, -1262}, 0, {282, -599}, {56, 0, 142, 255} }},
	{{ {-337, -6540, -1262}, 0, {1501, -599}, {56, 0, 142, 255} }},
	{{ {-127, -6311, -1414}, 0, {282, 784}, {56, 0, 142, 255} }},
	{{ {-337, -6540, -1262}, 0, {1501, -599}, {56, 0, 142, 255} }},
	{{ {-127, -6540, -1414}, 0, {1501, 784}, {56, 0, 142, 255} }},
	{{ {-337, -6311, -1262}, 0, {282, -749}, {62, 0, 145, 255} }},
	{{ {-360, -6311, -1190}, 0, {282, -1148}, {62, 0, 145, 255} }},
	{{ {-360, -6540, -1190}, 0, {1501, -1148}, {62, 0, 145, 255} }},
	{{ {-360, -6540, -1190}, 0, {1501, -1148}, {62, 0, 145, 255} }},
	{{ {-337, -6540, -1262}, 0, {1501, -749}, {62, 0, 145, 255} }},
	{{ {2860, -5838, -2404}, 0, {-1230, 4161}, {124, 28, 0, 255} }},
	{{ {2859, -5838, -579}, 0, {-1232, -5543}, {124, 28, 0, 255} }},
	{{ {2945, -6227, -579}, 0, {885, -5543}, {124, 28, 0, 255} }},
	{{ {2860, -5838, -2404}, 0, {-1230, 4161}, {124, 28, 0, 255} }},
	{{ {2945, -6227, -579}, 0, {885, -5543}, {124, 28, 0, 255} }},
	{{ {2947, -6227, -2396}, 0, {887, 4117}, {124, 28, 0, 255} }},
	{{ {2947, -6227, -2396}, 0, {887, 21}, {124, 28, 0, 255} }},
	{{ {2947, -6227, -2404}, 0, {887, 65}, {124, 28, 0, 255} }},
	{{ {2860, -5838, -2404}, 0, {-1230, 65}, {124, 28, 0, 255} }},
	{{ {-417, -6540, -1014}, 0, {-3793, 862}, {0, 127, 0, 255} }},
	{{ {-417, -6540, -579}, 0, {-3793, -1452}, {0, 127, 0, 255} }},
	{{ {-2222, -6540, -579}, 0, {5797, -1452}, {0, 127, 0, 255} }},
	{{ {-417, -6540, -1014}, 0, {-3793, -1186}, {0, 127, 0, 255} }},
	{{ {-2222, -6540, -579}, 0, {5797, -3500}, {0, 127, 0, 255} }},
	{{ {-2223, -6540, -2072}, 0, {5798, 4436}, {0, 127, 0, 255} }},
	{{ {2087, -6540, -2072}, 0, {-4811, 4436}, {0, 127, 0, 255} }},
	{{ {2085, -6540, -579}, 0, {-4805, -3500}, {0, 127, 0, 255} }},
	{{ {425, -6540, -579}, 0, {4019, -3500}, {0, 127, 0, 255} }},
	{{ {2087, -6540, -2072}, 0, {-4811, 4436}, {0, 127, 0, 255} }},
	{{ {425, -6540, -579}, 0, {4019, -3500}, {0, 127, 0, 255} }},
	{{ {425, -6540, -1014}, 0, {4019, -1186}, {0, 127, 0, 255} }},
	{{ {2087, -6540, -2072}, 0, {-4811, 2388}, {0, 127, 0, 255} }},
	{{ {425, -6540, -1014}, 0, {4019, -3234}, {0, 127, 0, 255} }},
	{{ {367, -6540, -1190}, 0, {4323, -2298}, {0, 127, 0, 255} }},
	{{ {2087, -6540, -2072}, 0, {-4811, 2388}, {0, 127, 0, 255} }},
	{{ {367, -6540, -1190}, 0, {4323, -2298}, {0, 127, 0, 255} }},
	{{ {344, -6540, -1262}, 0, {4446, -1919}, {0, 127, 0, 255} }},
	{{ {2087, -6540, -2072}, 0, {-4811, 2388}, {0, 127, 0, 255} }},
	{{ {344, -6540, -1262}, 0, {4446, -1919}, {0, 127, 0, 255} }},
	{{ {134, -6540, -1414}, 0, {5565, -1106}, {0, 127, 0, 255} }},
	{{ {134, -6540, -1414}, 0, {5565, -1106}, {0, 127, 0, 255} }},
	{{ {4, -6540, -1414}, 0, {6257, -1106}, {0, 127, 0, 255} }},
	{{ {2087, -6540, -2072}, 0, {-6859, 2388}, {0, 127, 0, 255} }},
	{{ {4, -6540, -1414}, 0, {4209, -1106}, {0, 127, 0, 255} }},
	{{ {-127, -6540, -1414}, 0, {4900, -1106}, {0, 127, 0, 255} }},
	{{ {-360, -6540, -1190}, 0, {-4097, -2298}, {0, 127, 0, 255} }},
	{{ {-417, -6540, -1014}, 0, {-3793, -3234}, {0, 127, 0, 255} }},
	{{ {-2223, -6540, -2072}, 0, {5798, 2388}, {0, 127, 0, 255} }},
	{{ {-2223, -6540, -2072}, 0, {11942, 2388}, {0, 127, 0, 255} }},
	{{ {2087, -6540, -2072}, 0, {-10955, 2388}, {0, 127, 0, 255} }},
	{{ {-127, -6540, -1414}, 0, {804, -1106}, {0, 127, 0, 255} }},
	{{ {-2223, -6540, -2072}, 0, {5798, 2388}, {0, 127, 0, 255} }},
	{{ {-127, -6540, -1414}, 0, {-5340, -1106}, {0, 127, 0, 255} }},
	{{ {-337, -6540, -1262}, 0, {-4221, -1919}, {0, 127, 0, 255} }},
	{{ {-337, -6540, -1262}, 0, {-4221, -1919}, {0, 127, 0, 255} }},
	{{ {-360, -6540, -1190}, 0, {-4097, -2298}, {0, 127, 0, 255} }},
	{{ {2831, -6227, -2407}, 0, {-2623, 552}, {0, 112, 196, 255} }},
	{{ {2860, -6227, -2407}, 0, {-2780, 552}, {0, 112, 196, 255} }},
	{{ {2087, -6540, -2072}, 0, {1333, -1889}, {0, 112, 196, 255} }},
	{{ {2831, -6227, -2407}, 0, {-12863, 552}, {0, 112, 196, 255} }},
	{{ {2087, -6540, -2072}, 0, {-8907, -1889}, {0, 112, 196, 255} }},
	{{ {-2223, -6540, -2072}, 0, {13990, -1889}, {0, 112, 196, 255} }},
	{{ {2831, -6227, -2407}, 0, {-14911, 552}, {0, 112, 196, 255} }},
	{{ {-2223, -6540, -2072}, 0, {11942, -1889}, {0, 112, 196, 255} }},
	{{ {-2827, -6227, -2407}, 0, {15155, 552}, {0, 112, 196, 255} }},
	{{ {2831, -6227, -2407}, 0, {-14911, -1496}, {127, 0, 0, 255} }},
	{{ {-2827, -6227, -2407}, 0, {15155, -1496}, {129, 0, 0, 255} }},
	{{ {-2823, -6227, -2407}, 0, {15129, -1496}, {127, 0, 0, 255} }},
	{{ {2831, -6227, -2407}, 0, {-575, 75}, {0, 127, 0, 255} }},
	{{ {2860, -6227, -2407}, 0, {-732, 75}, {0, 127, 0, 255} }},
	{{ {2860, -6227, -2406}, 0, {-734, 71}, {0, 127, 0, 255} }},
	{{ {2860, -6227, -2407}, 0, {-15068, 75}, {0, 0, 127, 255} }},
	{{ {2831, -6227, -2407}, 0, {-14911, 75}, {0, 0, 127, 255} }},
	{{ {-2823, -6227, -2407}, 0, {15129, 75}, {0, 0, 127, 255} }},
	{{ {-2823, -6227, -2407}, 0, {15129, 75}, {0, 127, 0, 255} }},
	{{ {4, -6227, -2680}, 0, {109, 1519}, {0, 127, 0, 255} }},
	{{ {2831, -6227, -2407}, 0, {-14911, 75}, {0, 127, 0, 255} }},
	{{ {-2823, -6227, -2407}, 0, {15129, 75}, {0, 127, 0, 255} }},
	{{ {2831, -6227, -2407}, 0, {-14911, 75}, {0, 127, 0, 255} }},
	{{ {2860, -6227, -2406}, 0, {-15070, 71}, {0, 127, 0, 255} }},
	{{ {-2827, -6227, -2407}, 0, {15155, 72}, {0, 127, 0, 255} }},
	{{ {-2823, -6227, -2407}, 0, {15129, 75}, {0, 127, 0, 255} }},
	{{ {2860, -6227, -2406}, 0, {-15070, 71}, {0, 127, 0, 255} }},
	{{ {-2828, -6227, -2407}, 0, {15156, 72}, {0, 127, 0, 255} }},
	{{ {-3745, -2687, -845}, 0, {-2588, -4129}, {50, 27, 142, 255} }},
	{{ {-3108, -2123, -840}, 0, {1932, -4159}, {111, 61, 0, 255} }},
	{{ {-3108, -2123, -2396}, 0, {1932, 4112}, {111, 61, 0, 255} }},
	{{ {-3745, -2687, -845}, 0, {-2588, -4129}, {50, 27, 142, 255} }},
	{{ {-3108, -2123, -2396}, 0, {1932, 4112}, {111, 61, 0, 255} }},
	{{ {-3745, -2687, -2396}, 0, {-2588, 4112}, {111, 61, 0, 255} }},
	{{ {-3108, -2123, -840}, 0, {2323, -22}, {77, 39, 163, 255} }},
	{{ {-3745, -2687, -845}, 0, {-2195, 80}, {77, 39, 163, 255} }},
	{{ {-3626, -2744, -493}, 0, {-1956, -1903}, {77, 39, 163, 255} }},
	{{ {-3745, -2687, -845}, 0, {1507, 39}, {53, 79, 172, 255} }},
	{{ {-3524, -3266, -840}, 0, {-1782, -63}, {53, 79, 172, 255} }},
	{{ {-3626, -2744, -493}, 0, {1043, -1905}, {53, 79, 172, 255} }},
	{{ {-3524, -3266, -2396}, 0, {-1782, 4112}, {69, 107, 0, 255} }},
	{{ {-3524, -3266, -840}, 0, {-1782, -4159}, {69, 107, 255, 255} }},
	{{ {-3745, -2687, -845}, 0, {1508, -4129}, {69, 107, 0, 255} }},
	{{ {-3524, -3266, -2396}, 0, {-1782, 4112}, {69, 107, 0, 255} }},
	{{ {-3745, -2687, -845}, 0, {1508, -4129}, {69, 107, 0, 255} }},
	{{ {-3745, -2687, -2396}, 0, {1508, 4112}, {69, 107, 0, 255} }},
	{{ {-3626, -2744, -493}, 0, {1043, 4239}, {62, 111, 0, 255} }},
	{{ {-3524, -3266, -840}, 0, {-1782, 6081}, {62, 111, 0, 255} }},
	{{ {-3524, -3266, 1218}, 0, {-1782, -4855}, {62, 111, 0, 255} }},
	{{ {-3524, -3266, 1218}, 0, {-1782, -4855}, {63, 110, 0, 255} }},
	{{ {-3627, -2747, 491}, 0, {1029, -994}, {63, 110, 0, 255} }},
	{{ {-3626, -2744, -493}, 0, {1043, 4239}, {63, 110, 0, 255} }},
	{{ {-254, -1998, 491}, 0, {-1332, -994}, {0, 127, 0, 255} }},
	{{ {269, -1998, 491}, 0, {1447, -994}, {0, 127, 0, 255} }},
	{{ {269, -1998, 74}, 0, {1447, 1225}, {0, 127, 0, 255} }},
	{{ {-254, -1998, 74}, 0, {-1332, 1225}, {0, 127, 0, 255} }},
	{{ {269, -1998, 74}, 0, {-601, -823}, {0, 127, 0, 255} }},
	{{ {571, -1998, 80}, 0, {1000, -854}, {0, 127, 0, 255} }},
	{{ {463, -1998, -254}, 0, {424, 918}, {0, 127, 0, 255} }},
	{{ {463, -1998, -254}, 0, {2472, -1130}, {0, 127, 0, 255} }},
	{{ {179, -1998, -460}, 0, {965, -35}, {0, 127, 0, 255} }},
	{{ {4, -1998, -460}, 0, {33, -35}, {0, 127, 0, 255} }},
	{{ {-455, -1998, -254}, 0, {-358, 2966}, {0, 127, 0, 255} }},
	{{ {-254, -1998, 491}, 0, {716, -994}, {0, 127, 0, 255} }},
	{{ {-254, -1998, 74}, 0, {716, 1225}, {0, 127, 0, 255} }},
	{{ {-455, -1998, -254}, 0, {-358, 918}, {0, 127, 0, 255} }},
	{{ {-254, -1998, 74}, 0, {716, -823}, {0, 127, 0, 255} }},
	{{ {-254, -1998, -250}, 0, {716, 895}, {0, 127, 0, 255} }},
	{{ {-455, -1998, -254}, 0, {-358, 918}, {0, 127, 0, 255} }},
	{{ {-254, -1998, -250}, 0, {716, 895}, {0, 127, 0, 255} }},
	{{ {269, -1998, -250}, 0, {3495, 895}, {0, 127, 0, 255} }},
	{{ {269, -1998, -250}, 0, {1447, 895}, {0, 127, 0, 255} }},
	{{ {269, -1998, 74}, 0, {1447, -823}, {0, 127, 0, 255} }},
	{{ {463, -1998, -254}, 0, {2472, 918}, {0, 127, 0, 255} }},
	{{ {269, -1998, -250}, 0, {1447, 895}, {0, 127, 0, 255} }},
	{{ {463, -1998, -254}, 0, {2472, 918}, {0, 127, 0, 255} }},
	{{ {-455, -1998, -254}, 0, {-2406, 918}, {0, 127, 0, 255} }},
	{{ {269, -1998, 74}, 0, {2416, -823}, {127, 0, 0, 255} }},
	{{ {269, -1998, -250}, 0, {2416, 895}, {127, 0, 0, 255} }},
	{{ {269, -2680, -250}, 0, {-1205, 895}, {127, 0, 0, 255} }},
	{{ {269, -1998, 74}, 0, {2416, -823}, {127, 0, 0, 255} }},
	{{ {269, -2680, -250}, 0, {-1205, 895}, {127, 0, 0, 255} }},
	{{ {269, -2680, 74}, 0, {-1205, -823}, {127, 0, 0, 255} }},
	{{ {269, -1998, -250}, 0, {-208, -1324}, {0, 0, 129, 255} }},
	{{ {-254, -1998, -250}, 0, {2571, -1324}, {0, 0, 129, 255} }},
	{{ {-254, -2680, -250}, 0, {2571, 2297}, {0, 0, 129, 255} }},
	{{ {269, -1998, -250}, 0, {-208, -1324}, {0, 0, 129, 255} }},
	{{ {-254, -2680, -250}, 0, {2571, 2297}, {0, 0, 129, 255} }},
	{{ {269, -2680, -250}, 0, {-208, 2297}, {0, 0, 129, 255} }},
	{{ {-254, -1998, 74}, 0, {830, -1324}, {0, 0, 129, 255} }},
	{{ {-98, -2130, 74}, 0, {1656, -628}, {0, 0, 129, 255} }},
	{{ {-254, -2680, 74}, 0, {830, 2297}, {0, 0, 129, 255} }},
	{{ {-98, -2496, 74}, 0, {1656, 1321}, {0, 0, 129, 255} }},
	{{ {-98, -2130, 74}, 0, {1745, 1225}, {0, 127, 0, 255} }},
	{{ {129, -2130, 74}, 0, {540, 1225}, {0, 127, 0, 255} }},
	{{ {129, -2130, 210}, 0, {540, 505}, {0, 127, 0, 255} }},
	{{ {-98, -2130, 74}, 0, {1745, 1225}, {0, 127, 0, 255} }},
	{{ {129, -2130, 210}, 0, {540, 505}, {0, 127, 0, 255} }},
	{{ {-98, -2130, 210}, 0, {1745, 505}, {0, 127, 0, 255} }},
	{{ {129, -2130, 74}, 0, {1720, 1225}, {127, 0, 0, 255} }},
	{{ {129, -2496, 74}, 0, {-229, 1225}, {127, 0, 0, 255} }},
	{{ {129, -2496, 210}, 0, {-229, 505}, {127, 0, 0, 255} }},
	{{ {129, -2130, 74}, 0, {1720, 1225}, {127, 0, 0, 255} }},
	{{ {129, -2496, 210}, 0, {-229, 505}, {127, 0, 0, 255} }},
	{{ {129, -2130, 210}, 0, {1720, 505}, {127, 0, 0, 255} }},
	{{ {129, -2496, 74}, 0, {813, 1225}, {0, 127, 0, 255} }},
	{{ {-98, -2496, 74}, 0, {-392, 1225}, {0, 127, 0, 255} }},
	{{ {-98, -2496, 210}, 0, {-392, 505}, {0, 127, 0, 255} }},
	{{ {129, -2496, 210}, 0, {813, 505}, {0, 127, 0, 255} }},
	{{ {571, -1709, 491}, 0, {1000, -994}, {127, 0, 0, 255} }},
	{{ {571, -1709, 80}, 0, {1000, 1194}, {127, 0, 0, 255} }},
	{{ {571, -1998, 80}, 0, {-540, 1194}, {127, 0, 0, 255} }},
	{{ {571, -1709, 491}, 0, {1000, -994}, {127, 0, 0, 255} }},
	{{ {571, -1998, 80}, 0, {-540, 1194}, {127, 0, 0, 255} }},
	{{ {571, -1998, 491}, 0, {-540, -994}, {127, 0, 0, 255} }},
	{{ {571, -1709, 80}, 0, {-1048, 1194}, {0, 127, 0, 255} }},
	{{ {571, -1709, 491}, 0, {-1048, -994}, {0, 127, 0, 255} }},
	{{ {1041, -1709, 491}, 0, {1448, -994}, {0, 127, 0, 255} }},
	{{ {1041, -1709, -254}, 0, {3496, -1130}, {0, 127, 0, 255} }},
	{{ {1041, -1709, -668}, 0, {3496, 1072}, {0, 127, 0, 255} }},
	{{ {463, -1709, -254}, 0, {424, -1130}, {0, 127, 0, 255} }},
	{{ {1041, -1709, -254}, 0, {-600, 2966}, {90, 90, 0, 255} }},
	{{ {1041, -1709, 491}, 0, {-600, -994}, {90, 90, 0, 255} }},
	{{ {1560, -2228, 491}, 0, {3299, -994}, {90, 90, 0, 255} }},
	{{ {1041, -1709, -254}, 0, {-600, 918}, {90, 90, 0, 255} }},
	{{ {1560, -2228, 491}, 0, {3299, -3042}, {90, 90, 0, 255} }},
	{{ {1560, -2228, -493}, 0, {3299, 2191}, {90, 90, 0, 255} }},
	{{ {1041, -1709, -254}, 0, {-600, -1130}, {90, 90, 0, 255} }},
	{{ {1560, -2228, -493}, 0, {3299, 143}, {90, 90, 0, 255} }},
	{{ {1041, -1709, -840}, 0, {-600, 1985}, {90, 90, 0, 255} }},
	{{ {1041, -1709, -840}, 0, {1448, 1985}, {0, 0, 129, 255} }},
	{{ {1041, -1709, -668}, 0, {1448, 1072}, {0, 0, 129, 255} }},
	{{ {1041, -1709, -254}, 0, {1448, -1130}, {0, 0, 127, 255} }},
	{{ {3116, -2228, 491}, 0, {-1860, -3042}, {90, 90, 0, 255} }},
	{{ {3634, -2744, -493}, 0, {2022, 2193}, {90, 90, 0, 255} }},
	{{ {3115, -2228, -493}, 0, {-1866, 2191}, {90, 90, 0, 255} }},
	{{ {3634, -2744, -493}, 0, {2022, 2193}, {90, 90, 0, 255} }},
	{{ {3116, -2228, 491}, 0, {-1860, -3042}, {90, 90, 0, 255} }},
	{{ {3635, -2747, 491}, 0, {2038, -3041}, {90, 90, 0, 255} }},
	{{ {3531, -3266, 491}, 0, {1849, -3042}, {60, 112, 0, 255} }},
	{{ {3634, -2744, -493}, 0, {-977, 2191}, {60, 112, 0, 255} }},
	{{ {3635, -2747, 491}, 0, {-963, -3042}, {60, 112, 0, 255} }},
	{{ {3531, -3266, -840}, 0, {1849, 4033}, {60, 112, 0, 255} }},
	{{ {3634, -2744, -493}, 0, {-977, 2191}, {60, 112, 0, 255} }},
	{{ {3531, -3266, 491}, 0, {1849, -3042}, {60, 112, 0, 255} }},
	{{ {3531, -3266, -840}, 0, {1849, -63}, {44, 82, 170, 255} }},
	{{ {3752, -2687, -845}, 0, {-1441, 39}, {44, 82, 170, 255} }},
	{{ {3634, -2744, -493}, 0, {-977, -1905}, {44, 82, 170, 255} }},
	{{ {3752, -2687, -2396}, 0, {-1442, 4112}, {62, 111, 0, 255} }},
	{{ {3752, -2687, -845}, 0, {-1442, -4129}, {62, 111, 0, 255} }},
	{{ {3531, -3266, -840}, 0, {1849, -4159}, {62, 111, 0, 255} }},
	{{ {3531, -3266, -840}, 0, {1849, -4159}, {62, 111, 0, 255} }},
	{{ {3531, -3266, -2396}, 0, {1849, 4112}, {62, 111, 0, 255} }},
	{{ {2597, -2123, -2396}, 0, {3575, 4112}, {0, 127, 0, 255} }},
	{{ {1560, -2123, -2396}, 0, {-1939, 4112}, {0, 127, 0, 255} }},
	{{ {1560, -2123, -840}, 0, {-1939, -4159}, {0, 127, 0, 255} }},
	{{ {2597, -2123, -2396}, 0, {1527, 4112}, {0, 127, 0, 255} }},
	{{ {1560, -2123, -840}, 0, {-3987, -4159}, {0, 127, 0, 255} }},
	{{ {3115, -2123, -840}, 0, {4278, -4159}, {0, 127, 0, 255} }},
	{{ {3115, -2123, -840}, 0, {2230, -4159}, {0, 127, 0, 255} }},
	{{ {3115, -2123, -2396}, 0, {2230, 4112}, {0, 127, 0, 255} }},
	{{ {2597, -2123, -2396}, 0, {-521, 4112}, {0, 127, 0, 255} }},
	{{ {1560, -2123, -2396}, 0, {2929, 16}, {79, 99, 0, 255} }},
	{{ {1165, -1807, -2496}, 0, {241, 547}, {79, 99, 0, 255} }},
	{{ {1041, -1709, -2527}, 0, {-600, 711}, {79, 99, 0, 255} }},
	{{ {1560, -2123, -2396}, 0, {2929, 2064}, {79, 99, 0, 255} }},
	{{ {1041, -1709, -2527}, 0, {-600, 2759}, {79, 99, 0, 255} }},
	{{ {1041, -1709, -1145}, 0, {-600, -4585}, {79, 99, 0, 255} }},
	{{ {1560, -2123, -2396}, 0, {2929, 4112}, {79, 99, 0, 255} }},
	{{ {1041, -1709, -1145}, 0, {-600, -2537}, {79, 99, 0, 255} }},
	{{ {1041, -1709, -892}, 0, {-600, -3880}, {79, 99, 0, 255} }},
	{{ {1045, -1709, -2527}, 0, {1469, 4}, {0, 34, 134, 255} }},
	{{ {1041, -1709, -2527}, 0, {1448, 4}, {0, 34, 134, 255} }},
	{{ {1165, -1807, -2496}, 0, {2105, -546}, {0, 34, 134, 255} }},
	{{ {3533, -5784, -2396}, 0, {898, 4112}, {57, 114, 0, 255} }},
	{{ {3531, -5784, -579}, 0, {899, -5548}, {56, 114, 0, 255} }},
	{{ {3523, -5790, -579}, 0, {952, -5548}, {57, 114, 0, 255} }},
	{{ {3533, -5784, -2396}, 0, {-1150, 4112}, {57, 114, 0, 255} }},
	{{ {3523, -5790, -579}, 0, {-1096, -5548}, {57, 114, 0, 255} }},
	{{ {2945, -6227, -579}, 0, {2753, -5550}, {57, 114, 0, 255} }},
	{{ {2945, -6227, -579}, 0, {2753, -5550}, {57, 114, 0, 255} }},
	{{ {2947, -6227, -2396}, 0, {2752, 4110}, {56, 114, 0, 255} }},
	{{ {3533, -5784, -2396}, 0, {-1150, 4112}, {57, 114, 0, 255} }},
	{{ {2860, -6227, -2407}, 0, {-1159, 75}, {0, 127, 0, 255} }},
	{{ {2860, -6227, -2406}, 0, {-1157, 71}, {0, 127, 0, 255} }},
	{{ {2947, -6227, -2404}, 0, {-700, 60}, {0, 127, 0, 255} }},
	{{ {2862, -6227, -2404}, 0, {642, -664}, {112, 0, 197, 255} }},
	{{ {2860, -6227, -2406}, 0, {642, -650}, {112, 0, 197, 255} }},
	{{ {2860, -6227, -2407}, 0, {642, -646}, {112, 0, 197, 255} }},
	{{ {2862, -6227, -2404}, 0, {642, -664}, {112, 0, 197, 255} }},
	{{ {2860, -6227, -2407}, 0, {642, -646}, {112, 0, 197, 255} }},
	{{ {2860, -5838, -2407}, 0, {-1424, -646}, {112, 0, 197, 255} }},
	{{ {2860, -5838, -2407}, 0, {-1424, -646}, {112, 0, 197, 255} }},
	{{ {2862, -5838, -2404}, 0, {-1424, -664}, {112, 0, 197, 255} }},
	{{ {2862, -6227, -2404}, 0, {642, -664}, {112, 0, 197, 255} }},
	{{ {2831, -6227, -2407}, 0, {-486, -855}, {113, 0, 198, 255} }},
	{{ {2860, -6227, -2406}, 0, {-486, -1014}, {113, 0, 198, 255} }},
	{{ {2947, -6227, -2404}, 0, {-486, -1471}, {113, 0, 198, 255} }},
	{{ {2831, -6227, -2407}, 0, {-486, -855}, {113, 0, 198, 255} }},
	{{ {2947, -6227, -2404}, 0, {-486, -1471}, {113, 0, 198, 255} }},
	{{ {2831, -5838, -2407}, 0, {1581, -855}, {113, 0, 198, 255} }},
	{{ {2860, -5838, -2404}, 0, {1386, -885}, {83, 86, 212, 255} }},
	{{ {2831, -5838, -2407}, 0, {1421, -731}, {83, 86, 212, 255} }},
	{{ {2947, -6227, -2404}, 0, {-731, -885}, {83, 86, 212, 255} }},
	{{ {2860, -6227, -2407}, 0, {-2083, 875}, {2, 113, 198, 255} }},
	{{ {2947, -6227, -2404}, 0, {-2542, 855}, {2, 113, 198, 255} }},
	{{ {2087, -6540, -2072}, 0, {2076, -1487}, {2, 113, 198, 255} }},
	{{ {2945, -6227, -579}, 0, {-3418, -3485}, {39, 121, 0, 255} }},
	{{ {2085, -6540, -579}, 0, {1447, -3485}, {39, 121, 0, 255} }},
	{{ {2087, -6540, -2072}, 0, {1441, 4451}, {39, 121, 0, 255} }},
	{{ {2087, -6540, -2072}, 0, {1441, -1693}, {39, 121, 0, 255} }},
	{{ {2947, -6227, -2404}, 0, {-3426, 75}, {39, 121, 0, 255} }},
	{{ {2947, -6227, -2396}, 0, {-3425, 31}, {39, 121, 0, 255} }},
	{{ {2087, -6540, -2072}, 0, {1441, 2403}, {39, 121, 0, 255} }},
	{{ {2947, -6227, -2396}, 0, {-3425, 4127}, {39, 121, 0, 255} }},
	{{ {2945, -6227, -579}, 0, {-3418, -5533}, {39, 121, 0, 255} }},
	{{ {565, -1709, -1157}, 0, {965, -429}, {0, 0, 129, 255} }},
	{{ {565, -1709, -1397}, 0, {965, 850}, {0, 0, 129, 255} }},
	{{ {565, -1709, -1533}, 0, {965, 1572}, {0, 0, 129, 255} }},
	{{ {565, -1709, -1533}, 0, {3013, 1572}, {127, 0, 0, 255} }},
	{{ {565, -2699, -840}, 0, {-2247, -2111}, {127, 0, 0, 255} }},
	{{ {565, -1812, -840}, 0, {2464, -2111}, {127, 0, 0, 255} }},
	{{ {565, -1812, -840}, 0, {416, -63}, {127, 0, 0, 255} }},
	{{ {565, -1709, -996}, 0, {965, 766}, {127, 0, 0, 255} }},
	{{ {565, -1709, -1157}, 0, {965, 1619}, {127, 0, 0, 255} }},
	{{ {565, -1709, -1533}, 0, {965, 1572}, {127, 0, 0, 255} }},
	{{ {565, -1812, -840}, 0, {416, -2111}, {127, 0, 0, 255} }},
	{{ {565, -1709, -1157}, 0, {965, -429}, {127, 0, 0, 255} }},
	{{ {565, -1709, -1533}, 0, {-1083, 1572}, {0, 127, 0, 255} }},
	{{ {565, -1709, -1397}, 0, {-1083, 850}, {0, 127, 0, 255} }},
	{{ {1041, -1709, -1145}, 0, {1448, -489}, {0, 127, 0, 255} }},
	{{ {565, -1709, -1533}, 0, {-1083, -2524}, {0, 127, 0, 255} }},
	{{ {1041, -1709, -1145}, 0, {1448, -4585}, {0, 127, 0, 255} }},
	{{ {1041, -1709, -2527}, 0, {1448, 2759}, {0, 127, 0, 255} }},
	{{ {-1029, -1709, -2527}, 0, {687, 4807}, {0, 127, 0, 255} }},
	{{ {-1033, -1709, -2533}, 0, {666, 4839}, {0, 127, 0, 255} }},
	{{ {-1033, -1709, -840}, 0, {666, -4159}, {0, 127, 0, 255} }},
	{{ {-172, -1709, -460}, 0, {-899, -35}, {0, 0, 127, 255} }},
	{{ {4, -1709, -460}, 0, {33, -35}, {0, 0, 127, 255} }},
	{{ {179, -1709, -460}, 0, {965, -35}, {0, 0, 127, 255} }},
	{{ {-172, -1709, -460}, 0, {-2947, -35}, {0, 127, 0, 255} }},
	{{ {179, -1709, -460}, 0, {-1083, -35}, {0, 127, 0, 255} }},
	{{ {1041, -1709, -668}, 0, {3496, 1072}, {0, 127, 0, 255} }},
	{{ {1041, -1709, -668}, 0, {1448, -976}, {0, 127, 0, 255} }},
	{{ {1041, -1709, -840}, 0, {1448, -63}, {0, 127, 0, 255} }},
	{{ {565, -1709, -840}, 0, {-1083, -61}, {0, 127, 0, 255} }},
	{{ {565, -1709, -840}, 0, {-1083, -63}, {0, 127, 0, 255} }},
	{{ {565, -1709, -640}, 0, {-1083, -1129}, {0, 127, 0, 255} }},
	{{ {357, -1709, -1741}, 0, {-138, -1420}, {0, 127, 0, 255} }},
	{{ {565, -1709, -1533}, 0, {965, -2524}, {0, 127, 0, 255} }},
	{{ {1041, -1709, -2527}, 0, {3496, 2759}, {0, 127, 0, 255} }},
	{{ {357, -1709, -1741}, 0, {1910, -1420}, {0, 127, 0, 255} }},
	{{ {1041, -1709, -2527}, 0, {5544, 2759}, {0, 127, 0, 255} }},
	{{ {-1029, -1709, -2527}, 0, {-5457, 2759}, {0, 127, 0, 255} }},
	{{ {565, -1709, -640}, 0, {965, 919}, {0, 127, 0, 255} }},
	{{ {-172, -1709, -460}, 0, {-899, -35}, {0, 127, 0, 255} }},
	{{ {565, -1709, -640}, 0, {3013, 919}, {0, 127, 0, 255} }},
	{{ {323, -1709, -639}, 0, {1732, 918}, {0, 127, 0, 255} }},
	{{ {-349, -1709, -1741}, 0, {205, -1420}, {0, 127, 0, 255} }},
	{{ {357, -1709, -1741}, 0, {3958, -1420}, {0, 127, 0, 255} }},
	{{ {-1029, -1709, -2527}, 0, {-3409, 2759}, {0, 127, 0, 255} }},
	{{ {-557, -1709, -1533}, 0, {1149, -2524}, {0, 127, 0, 255} }},
	{{ {-349, -1709, -1741}, 0, {2253, -1420}, {0, 127, 0, 255} }},
	{{ {-1029, -1709, -2527}, 0, {-1361, 2759}, {0, 127, 0, 255} }},
	{{ {-557, -1709, -1533}, 0, {3197, 1572}, {0, 127, 0, 255} }},
	{{ {-1029, -1709, -2527}, 0, {687, 6855}, {0, 127, 0, 255} }},
	{{ {-564, -1709, 80}, 0, {3162, -6998}, {0, 127, 0, 255} }},
	{{ {-557, -1709, -996}, 0, {1149, 766}, {0, 127, 0, 255} }},
	{{ {-557, -1709, -1533}, 0, {1149, 3620}, {0, 127, 0, 255} }},
	{{ {-564, -1709, 80}, 0, {1114, -4950}, {0, 127, 0, 255} }},
	{{ {-564, -1709, 80}, 0, {1114, -2902}, {0, 127, 0, 255} }},
	{{ {-557, -1709, -840}, 0, {1149, 1985}, {0, 127, 0, 255} }},
	{{ {-557, -1709, -996}, 0, {1149, 2814}, {0, 127, 0, 255} }},
	{{ {565, -1709, -1157}, 0, {-1083, -429}, {0, 127, 0, 255} }},
	{{ {1041, -1709, -1145}, 0, {1448, -489}, {0, 127, 0, 255} }},
	{{ {565, -1709, -1397}, 0, {-1083, 850}, {0, 127, 0, 255} }},
	{{ {565, -1709, -1157}, 0, {965, 1619}, {0, 0, 129, 255} }},
	{{ {565, -1709, -996}, 0, {965, 766}, {0, 0, 129, 255} }},
	{{ {565, -1709, -840}, 0, {965, -61}, {0, 0, 129, 255} }},
	{{ {160, -2699, -1100}, 0, {1743, 1315}, {127, 0, 0, 255} }},
	{{ {160, -2803, -1100}, 0, {1194, 1315}, {127, 0, 0, 255} }},
	{{ {160, -2803, -840}, 0, {1194, -63}, {127, 0, 0, 255} }},
	{{ {160, -2699, -1100}, 0, {1743, 1315}, {127, 0, 0, 255} }},
	{{ {160, -2803, -840}, 0, {1194, -63}, {127, 0, 0, 255} }},
	{{ {160, -2751, -840}, 0, {1468, -63}, {127, 0, 0, 255} }},
	{{ {160, -2751, -840}, 0, {1468, -63}, {127, 0, 0, 255} }},
	{{ {160, -2699, -840}, 0, {1743, -63}, {127, 0, 0, 255} }},
	{{ {-1719, -12032, -87}, 0, {2588, -617}, {127, 0, 0, 255} }},
	{{ {-1719, -11430, -87}, 0, {-613, -617}, {127, 0, 0, 255} }},
	{{ {-1719, -11430, -206}, 0, {-613, -1252}, {127, 0, 0, 255} }},
	{{ {-1719, -12032, -87}, 0, {2588, -617}, {127, 0, 0, 255} }},
	{{ {-1719, -11430, -206}, 0, {-613, -1252}, {127, 0, 0, 255} }},
	{{ {-1719, -12032, -206}, 0, {2588, -1251}, {127, 0, 0, 255} }},
	{{ {-152, -2803, -1100}, 0, {90, -1282}, {0, 0, 129, 255} }},
	{{ {160, -2803, -1100}, 0, {1743, -1282}, {0, 0, 129, 255} }},
	{{ {160, -2699, -1100}, 0, {1743, -733}, {0, 0, 129, 255} }},
	{{ {-152, -2803, -1100}, 0, {90, -1282}, {0, 0, 129, 255} }},
	{{ {160, -2699, -1100}, 0, {1743, -733}, {0, 0, 129, 255} }},
	{{ {-152, -2699, -1100}, 0, {90, -733}, {0, 0, 129, 255} }},
	{{ {-1029, -1709, -2527}, 0, {398, 1036}, {48, 113, 224, 255} }},
	{{ {-1552, -2123, -2396}, 0, {-342, -2500}, {48, 113, 224, 255} }},
	{{ {-1033, -1709, -2533}, 0, {433, 1019}, {48, 113, 224, 255} }},
	{{ {-2590, -2123, -2396}, 0, {587, 4112}, {0, 127, 0, 255} }},
	{{ {-3108, -2123, -2396}, 0, {-2164, 4112}, {0, 127, 0, 255} }},
	{{ {-3108, -2123, -840}, 0, {-2164, -4159}, {0, 127, 0, 255} }},
	{{ {-2590, -2123, -2396}, 0, {-1461, 4112}, {0, 127, 0, 255} }},
	{{ {-3108, -2123, -840}, 0, {-4212, -4159}, {0, 127, 0, 255} }},
	{{ {-1552, -2123, -840}, 0, {4053, -4159}, {0, 127, 0, 255} }},
	{{ {-1552, -2123, -840}, 0, {2005, -4159}, {0, 127, 0, 255} }},
	{{ {-1552, -2123, -2396}, 0, {2005, 4112}, {0, 127, 0, 255} }},
	{{ {-2590, -2123, -2396}, 0, {-3509, 4112}, {0, 127, 0, 255} }},
	{{ {-3108, -2123, -840}, 0, {-4212, 19}, {0, 62, 145, 255} }},
	{{ {-3108, -2228, -493}, 0, {-4212, -1905}, {0, 62, 145, 255} }},
	{{ {-1552, -2123, -840}, 0, {4053, 19}, {0, 62, 145, 255} }},
	{{ {-3108, -2123, -840}, 0, {2323, -22}, {72, 38, 158, 255} }},
	{{ {-3626, -2744, -493}, 0, {-1956, -1903}, {72, 38, 158, 255} }},
	{{ {-3108, -2228, -493}, 0, {1932, -1905}, {72, 38, 158, 255} }},
	{{ {-3626, -2744, -493}, 0, {-1956, 2193}, {112, 61, 0, 255} }},
	{{ {-3109, -2228, 491}, 0, {1926, -3042}, {112, 61, 0, 255} }},
	{{ {-3108, -2228, -493}, 0, {1932, 2191}, {112, 61, 0, 255} }},
	{{ {-3529, -2648, 491}, 0, {-1235, -3041}, {112, 61, 0, 255} }},
	{{ {-3109, -2228, 491}, 0, {1926, -3042}, {112, 61, 0, 255} }},
	{{ {-3626, -2744, -493}, 0, {-1956, 2193}, {112, 61, 0, 255} }},
	{{ {-3529, -2648, 491}, 0, {813, -3041}, {112, 61, 0, 255} }},
	{{ {-3626, -2744, -493}, 0, {92, 2193}, {112, 61, 0, 255} }},
	{{ {-3627, -2747, 491}, 0, {76, -3041}, {112, 61, 0, 255} }},
	{{ {-3627, -2747, 491}, 0, {76, -993}, {112, 61, 0, 255} }},
	{{ {-3560, -2679, 491}, 0, {585, -993}, {112, 61, 0, 255} }},
	{{ {-3529, -2648, 491}, 0, {813, -993}, {112, 61, 0, 255} }},
	{{ {-1552, -2228, 491}, 0, {-1185, -3042}, {112, 61, 0, 255} }},
	{{ {-1033, -1709, 491}, 0, {2714, -3042}, {112, 61, 0, 255} }},
	{{ {-1033, -1709, -840}, 0, {2714, 4033}, {112, 61, 0, 255} }},
	{{ {-1552, -2228, 491}, 0, {-1185, -3042}, {112, 61, 0, 255} }},
	{{ {-1033, -1709, -840}, 0, {2714, 4033}, {112, 61, 0, 255} }},
	{{ {-1552, -2228, -493}, 0, {-1185, 2191}, {112, 61, 0, 255} }},
	{{ {-1552, -2123, -840}, 0, {-814, -17}, {75, 40, 161, 255} }},
	{{ {-1552, -2228, -493}, 0, {-1185, -1905}, {75, 40, 161, 255} }},
	{{ {-1033, -1709, -840}, 0, {2714, -63}, {75, 40, 161, 255} }},
	{{ {-1552, -2228, -493}, 0, {4053, -1905}, {0, 62, 145, 255} }},
	{{ {-1552, -2123, -840}, 0, {4053, 19}, {0, 62, 145, 255} }},
	{{ {-3108, -2228, -493}, 0, {-4212, -1905}, {0, 62, 145, 255} }},
	{{ {-1033, -1709, -840}, 0, {2714, -4159}, {111, 62, 0, 255} }},
	{{ {-1033, -1709, -2533}, 0, {2714, 4839}, {111, 62, 0, 255} }},
	{{ {-1552, -2123, -2396}, 0, {-815, 4112}, {111, 62, 0, 255} }},
	{{ {-1033, -1709, -840}, 0, {2714, -4159}, {111, 62, 0, 255} }},
	{{ {-1552, -2123, -2396}, 0, {-815, 4112}, {111, 62, 0, 255} }},
	{{ {-1552, -2123, -840}, 0, {-815, -4159}, {111, 62, 0, 255} }},
	{{ {-564, -1709, 80}, 0, {1114, 1194}, {127, 0, 0, 255} }},
	{{ {-564, -1709, 491}, 0, {1114, -994}, {127, 0, 0, 255} }},
	{{ {-564, -1998, 491}, 0, {2654, -994}, {127, 0, 0, 255} }},
	{{ {-564, -1998, 80}, 0, {2654, 1194}, {127, 0, 0, 255} }},
	{{ {-455, -1709, -254}, 0, {1114, 1009}, {62, 0, 145, 255} }},
	{{ {-564, -1709, 80}, 0, {1114, -854}, {62, 0, 145, 255} }},
	{{ {-564, -1998, 80}, 0, {2654, -854}, {62, 0, 145, 255} }},
	{{ {-455, -1709, -254}, 0, {1114, 1009}, {62, 0, 145, 255} }},
	{{ {-564, -1998, 80}, 0, {2654, -854}, {62, 0, 145, 255} }},
	{{ {-455, -1998, -254}, 0, {2654, 1009}, {62, 0, 145, 255} }},
	{{ {-172, -1709, -460}, 0, {1114, 824}, {56, 0, 142, 255} }},
	{{ {-455, -1709, -254}, 0, {1114, -1039}, {56, 0, 142, 255} }},
	{{ {-455, -1998, -254}, 0, {2654, -1039}, {56, 0, 142, 255} }},
	{{ {-172, -1709, -460}, 0, {1114, 824}, {56, 0, 142, 255} }},
	{{ {-172, -1998, -460}, 0, {2654, 824}, {56, 0, 142, 255} }},
	{{ {179, -1998, -460}, 0, {965, -1575}, {0, 0, 129, 255} }},
	{{ {179, -1709, -460}, 0, {965, -35}, {0, 0, 129, 255} }},
	{{ {4, -1709, -460}, 0, {33, -35}, {0, 0, 129, 255} }},
	{{ {179, -1998, -460}, 0, {965, -1575}, {0, 0, 129, 255} }},
	{{ {4, -1709, -460}, 0, {33, -35}, {0, 0, 129, 255} }},
	{{ {-172, -1709, -460}, 0, {-899, -35}, {0, 0, 129, 255} }},
	{{ {179, -1998, -460}, 0, {965, -1575}, {0, 0, 129, 255} }},
	{{ {-172, -1709, -460}, 0, {-899, -35}, {0, 0, 129, 255} }},
	{{ {-172, -1998, -460}, 0, {-899, -1575}, {0, 0, 129, 255} }},
	{{ {-172, -1998, -460}, 0, {-899, 473}, {129, 0, 0, 255} }},
	{{ {4, -1998, -460}, 0, {33, 473}, {127, 0, 0, 255} }},
	{{ {179, -1998, -460}, 0, {965, 473}, {127, 0, 0, 255} }},
	{{ {463, -1709, -254}, 0, {1000, -1039}, {97, 0, 174, 255} }},
	{{ {179, -1709, -460}, 0, {1000, 824}, {97, 0, 174, 255} }},
	{{ {179, -1998, -460}, 0, {-540, 824}, {97, 0, 174, 255} }},
	{{ {463, -1709, -254}, 0, {1000, -1039}, {97, 0, 174, 255} }},
	{{ {463, -1998, -254}, 0, {-540, -1039}, {97, 0, 174, 255} }},
	{{ {463, -1709, -254}, 0, {424, -1130}, {0, 127, 0, 255} }},
	{{ {1041, -1709, -668}, 0, {3496, 1072}, {0, 127, 0, 255} }},
	{{ {179, -1709, -460}, 0, {-1083, -35}, {0, 127, 0, 255} }},
	{{ {571, -1709, 80}, 0, {1000, -854}, {67, 0, 148, 255} }},
	{{ {463, -1709, -254}, 0, {1000, 1009}, {67, 0, 148, 255} }},
	{{ {463, -1998, -254}, 0, {-540, 1009}, {67, 0, 148, 255} }},
	{{ {571, -1709, 80}, 0, {1000, -854}, {67, 0, 148, 255} }},
	{{ {571, -1998, 80}, 0, {-540, -854}, {67, 0, 148, 255} }},
	{{ {3531, -3266, 491}, 0, {-4295, -7138}, {57, 114, 0, 255} }},
	{{ {3517, -5064, -579}, 0, {5262, -1452}, {57, 114, 0, 255} }},
	{{ {3531, -3266, -2396}, 0, {-4295, 8208}, {57, 114, 0, 255} }},
	{{ {3531, -3266, 491}, 0, {1849, -7138}, {127, 0, 0, 255} }},
	{{ {3531, -3266, -2396}, 0, {1849, 8208}, {127, 0, 0, 255} }},
	{{ {3531, -3266, -840}, 0, {1849, -63}, {127, 0, 0, 255} }},
	{{ {3533, -5784, -2396}, 0, {7042, 16}, {126, 0, 14, 255} }},
	{{ {3532, -4524, -2396}, 0, {349, 16}, {126, 0, 14, 255} }},
	{{ {3531, -3266, -2396}, 0, {-6343, 16}, {126, 0, 14, 255} }},
	{{ {3533, -5784, -2396}, 0, {7042, 4112}, {57, 0, 142, 255} }},
	{{ {3531, -3266, -2396}, 0, {-6343, 4112}, {57, 0, 142, 255} }},
	{{ {3517, -5064, -579}, 0, {3214, -5548}, {57, 0, 142, 255} }},
	{{ {3533, -5784, -2396}, 0, {4995, -1773}, {103, 0, 181, 255} }},
	{{ {3271, -4516, -2756}, 0, {-1745, 586}, {103, 0, 181, 255} }},
	{{ {3532, -4524, -2396}, 0, {-1698, -1773}, {103, 0, 181, 255} }},
	{{ {3531, -3266, -2396}, 0, {-2247, -1773}, {103, 0, 181, 255} }},
	{{ {3532, -4524, -2396}, 0, {4446, -1773}, {103, 0, 181, 255} }},
	{{ {3271, -4516, -2756}, 0, {4399, 586}, {103, 0, 181, 255} }},
	{{ {3517, -5064, -579}, 0, {-882, -5548}, {127, 3, 0, 255} }},
	{{ {3531, -5784, -579}, 0, {2947, -5548}, {127, 3, 0, 255} }},
	{{ {3533, -5784, -2396}, 0, {2946, 4112}, {127, 3, 0, 255} }},
	{{ {1854, -10341, -87}, 0, {5895, 242}, {0, 0, 129, 255} }},
	{{ {1854, -9119, -87}, 0, {-596, 241}, {0, 0, 129, 255} }},
	{{ {2151, -8814, -87}, 0, {-2219, -1336}, {0, 0, 129, 255} }},
	{{ {1854, -10341, -87}, 0, {1799, 2290}, {0, 0, 129, 255} }},
	{{ {2965, -9816, -87}, 0, {-989, -3614}, {0, 0, 129, 255} }},
	{{ {2965, -9874, -87}, 0, {-686, -3614}, {0, 0, 129, 255} }},
	{{ {1854, -10341, -87}, 0, {-2297, 2290}, {0, 0, 129, 255} }},
	{{ {2965, -10377, -87}, 0, {-2109, -3614}, {0, 0, 129, 255} }},
	{{ {2965, -11297, -87}, 0, {2784, -3613}, {0, 0, 129, 255} }},
	{{ {2965, -11297, -87}, 0, {736, -3613}, {0, 0, 129, 255} }},
	{{ {1726, -11430, -87}, 0, {1437, 2974}, {0, 0, 129, 255} }},
	{{ {2151, -11004, -87}, 0, {-823, 713}, {0, 0, 129, 255} }},
	{{ {-1847, -9119, -87}, 0, {-2647, -569}, {0, 0, 129, 255} }},
	{{ {-1847, -10341, -87}, 0, {3844, -568}, {0, 0, 129, 255} }},
	{{ {-2144, -10646, -87}, 0, {5467, 1009}, {0, 0, 129, 255} }},
	{{ {-2144, -11004, -87}, 0, {-826, -3087}, {0, 0, 129, 255} }},
	{{ {-2325, -12032, -87}, 0, {4636, -2120}, {0, 0, 129, 255} }},
	{{ {-2958, -11297, -87}, 0, {732, 1240}, {0, 0, 129, 255} }},
	{{ {-2144, -11004, -87}, 0, {5318, -3087}, {0, 0, 129, 255} }},
	{{ {-2958, -11297, -87}, 0, {6876, 1240}, {0, 0, 129, 255} }},
	{{ {-2958, -8814, -87}, 0, {-6318, 1238}, {0, 0, 129, 255} }},
	{{ {-2144, -11004, -87}, 0, {7366, -3087}, {0, 0, 129, 255} }},
	{{ {-2958, -8814, -87}, 0, {-4270, 1238}, {0, 0, 129, 255} }},
	{{ {-2144, -8814, -87}, 0, {-4270, -3088}, {0, 0, 129, 255} }},
	{{ {-2144, -8814, -87}, 0, {-4270, 1008}, {0, 0, 129, 255} }},
	{{ {-1847, -9119, -87}, 0, {-2647, -569}, {0, 0, 129, 255} }},
	{{ {-2144, -10646, -87}, 0, {5467, 1009}, {0, 0, 129, 255} }},
	{{ {-2144, -10646, -87}, 0, {5467, 1009}, {0, 129, 0, 255} }},
	{{ {-2144, -11004, -87}, 0, {7366, 1009}, {0, 127, 0, 255} }},
	{{ {-2144, -8814, -87}, 0, {-4270, 1008}, {0, 129, 0, 255} }},
	{{ {744, -12355, -206}, 0, {-5932, 0}, {0, 127, 0, 255} }},
	{{ {744, -13783, -206}, 0, {1659, 1}, {0, 127, 0, 255} }},
	{{ {744, -14737, -206}, 0, {6726, 1}, {0, 127, 0, 255} }},
	{{ {744, -12355, -206}, 0, {-5932, -4096}, {0, 0, 129, 255} }},
	{{ {744, -14737, -206}, 0, {6726, -4095}, {0, 0, 129, 255} }},
	{{ {-737, -14737, -206}, 0, {6725, 3774}, {0, 0, 129, 255} }},
	{{ {-737, -13783, -206}, 0, {1658, 3773}, {0, 0, 129, 255} }},
	{{ {744, -12355, -206}, 0, {-1836, -4096}, {0, 0, 129, 255} }},
	{{ {-737, -13783, -206}, 0, {5754, 3773}, {0, 0, 129, 255} }},
	{{ {-737, -12355, -206}, 0, {-1837, 3772}, {0, 0, 129, 255} }},
	{{ {744, -12355, -206}, 0, {212, -6144}, {0, 0, 129, 255} }},
	{{ {-737, -12355, -206}, 0, {211, 1724}, {0, 0, 129, 255} }},
	{{ {-1292, -12310, -206}, 0, {-30, 4680}, {0, 0, 129, 255} }},
	{{ {744, -12355, -206}, 0, {2260, -6144}, {0, 0, 129, 255} }},
	{{ {-1292, -12310, -206}, 0, {2018, 4680}, {0, 0, 129, 255} }},
	{{ {-1719, -12032, -206}, 0, {540, 6941}, {0, 0, 129, 255} }},
	{{ {-1719, -12032, -206}, 0, {2588, 797}, {0, 0, 129, 255} }},
	{{ {-1719, -11430, -206}, 0, {-613, 796}, {0, 0, 129, 255} }},
	{{ {-1292, -11855, -206}, 0, {1649, -1464}, {0, 0, 129, 255} }},
	{{ {-1292, -11855, -206}, 0, {-399, 2632}, {0, 0, 129, 255} }},
	{{ {-331, -11912, -206}, 0, {-96, -2477}, {0, 0, 129, 255} }},
	{{ {4, -12190, -206}, 0, {1386, -4258}, {0, 0, 129, 255} }},
	{{ {1300, -11855, -206}, 0, {1650, 1140}, {0, 0, 129, 255} }},
	{{ {1726, -11430, -206}, 0, {-611, -1122}, {0, 0, 129, 255} }},
	{{ {1726, -12032, -206}, 0, {2591, -1121}, {0, 0, 129, 255} }},
	{{ {1300, -11855, -206}, 0, {-398, 1140}, {0, 0, 129, 255} }},
	{{ {1726, -12032, -206}, 0, {543, -1121}, {0, 0, 129, 255} }},
	{{ {1300, -12310, -206}, 0, {2020, 1140}, {0, 0, 129, 255} }},
	{{ {1300, -11855, -206}, 0, {-398, -908}, {0, 0, 129, 255} }},
	{{ {1300, -12310, -206}, 0, {2020, -908}, {0, 0, 129, 255} }},
	{{ {744, -12355, -206}, 0, {2260, 2048}, {0, 0, 129, 255} }},
	{{ {-1719, -12032, -206}, 0, {540, 4893}, {0, 0, 129, 255} }},
	{{ {4, -12190, -206}, 0, {1386, 3934}, {0, 0, 129, 255} }},
	{{ {339, -11912, -206}, 0, {-96, 2152}, {0, 0, 129, 255} }},
	{{ {1300, -11855, -206}, 0, {-398, -2956}, {0, 0, 129, 255} }},
	{{ {744, -12355, -206}, 0, {2260, 0}, {0, 0, 129, 255} }},
	{{ {-1719, -12032, -206}, 0, {540, 6941}, {0, 0, 129, 255} }},
	{{ {4, -12190, -206}, 0, {1386, -2210}, {0, 0, 129, 255} }},
	{{ {744, -12355, -206}, 0, {2260, -6144}, {0, 0, 129, 255} }},
	{{ {-1847, -9119, -206}, 0, {-599, 1479}, {0, 0, 129, 255} }},
	{{ {-1550, -9425, -206}, 0, {1024, -98}, {0, 0, 129, 255} }},
	{{ {-1550, -10036, -206}, 0, {4270, -97}, {0, 0, 129, 255} }},
	{{ {-1847, -9119, -206}, 0, {-2647, 1479}, {0, 0, 129, 255} }},
	{{ {-1550, -10036, -206}, 0, {2222, -97}, {0, 0, 129, 255} }},
	{{ {-1847, -10341, -206}, 0, {3844, 1480}, {0, 0, 129, 255} }},
	{{ {1726, -11430, -87}, 0, {-611, -1122}, {127, 0, 0, 255} }},
	{{ {1726, -12032, -87}, 0, {2591, -1121}, {127, 0, 0, 255} }},
	{{ {1726, -12032, -206}, 0, {2590, -487}, {127, 0, 0, 255} }},
	{{ {1726, -11430, -87}, 0, {-611, -1122}, {127, 0, 0, 255} }},
	{{ {1726, -12032, -206}, 0, {2590, -487}, {127, 0, 0, 255} }},
	{{ {1726, -11430, -206}, 0, {-611, -487}, {127, 0, 0, 255} }},
	{{ {1560, -2228, -493}, 0, {3299, -1905}, {38, 48, 145, 255} }},
	{{ {1560, -2123, -840}, 0, {2928, -17}, {38, 48, 145, 255} }},
	{{ {1041, -1709, -840}, 0, {-600, -63}, {38, 48, 145, 255} }},
	{{ {1560, -2123, -840}, 0, {-3987, 19}, {0, 62, 145, 255} }},
	{{ {1560, -2228, -493}, 0, {-3987, -1905}, {0, 62, 145, 255} }},
	{{ {3115, -2228, -493}, 0, {4278, -1905}, {0, 62, 145, 255} }},
	{{ {3115, -2123, -840}, 0, {4278, 19}, {0, 62, 145, 255} }},
	{{ {1560, -2123, -840}, 0, {-3987, 19}, {0, 62, 145, 255} }},
	{{ {3634, -2744, -493}, 0, {4070, -1903}, {43, 43, 144, 255} }},
	{{ {3115, -2123, -840}, 0, {-209, -22}, {43, 43, 144, 255} }},
	{{ {3115, -2228, -493}, 0, {182, -1905}, {43, 43, 144, 255} }},
	{{ {3752, -2687, -845}, 0, {2261, 80}, {41, 46, 145, 255} }},
	{{ {3115, -2123, -840}, 0, {-2257, -22}, {41, 46, 145, 255} }},
	{{ {3634, -2744, -493}, 0, {2022, -1903}, {41, 46, 145, 255} }},
	{{ {-3524, -3266, -2396}, 0, {6410, -2032}, {114, 0, 200, 255} }},
	{{ {-3263, -4533, -2756}, 0, {-330, 327}, {114, 0, 200, 255} }},
	{{ {-3524, -5784, -2396}, 0, {-6976, -2032}, {114, 0, 200, 255} }},
	{{ {-360, -6311, -1190}, 0, {282, 900}, {62, 0, 145, 255} }},
	{{ {-417, -6311, -1014}, 0, {282, -84}, {62, 0, 145, 255} }},
	{{ {-417, -6540, -1014}, 0, {1501, -84}, {62, 0, 145, 255} }},
	{{ {-360, -6311, -1190}, 0, {282, 900}, {62, 0, 145, 255} }},
	{{ {-417, -6540, -1014}, 0, {1501, -84}, {62, 0, 145, 255} }},
	{{ {-360, -6540, -1190}, 0, {1501, 900}, {62, 0, 145, 255} }},
	{{ {320, -2979, -4890}, 0, {1717, -3120}, {0, 127, 0, 255} }},
	{{ {320, -2979, -6422}, 0, {1717, 5024}, {0, 127, 0, 255} }},
	{{ {-313, -2979, -6422}, 0, {-1651, 5024}, {0, 127, 0, 255} }},
	{{ {-313, -2979, -4890}, 0, {-1651, -3120}, {0, 127, 0, 255} }},
	{{ {-3086, -7117, -67}, 0, {742, -5474}, {97, 82, 0, 255} }},
	{{ {-2611, -7673, -67}, 0, {3107, -5474}, {97, 82, 0, 255} }},
	{{ {-2611, -7673, -3071}, 0, {3107, 4245}, {97, 82, 0, 255} }},
	{{ {-3086, -7117, -3071}, 0, {742, 4245}, {97, 82, 0, 255} }},
	{{ {4959, -7308, -67}, 0, {225, -5474}, {64, 110, 0, 255} }},
	{{ {5593, -7673, -67}, 0, {2590, -5474}, {64, 110, 0, 255} }},
	{{ {5593, -7673, -3071}, 0, {2590, 4245}, {64, 110, 0, 255} }},
	{{ {4959, -7308, -3071}, 0, {225, 4245}, {64, 110, 0, 255} }},
	{{ {5593, -7673, -67}, 0, {542, -5474}, {127, 0, 0, 255} }},
	{{ {5593, -8404, -67}, 0, {2907, -5474}, {127, 0, 0, 255} }},
	{{ {5593, -8404, -3071}, 0, {2907, 4245}, {127, 0, 0, 255} }},
	{{ {5593, -7673, -3071}, 0, {542, 4245}, {127, 0, 0, 255} }},
	{{ {4959, -7308, -3071}, 0, {-86, -3547}, {0, 0, 129, 255} }},
	{{ {5593, -7673, -3071}, 0, {3278, -1605}, {0, 0, 129, 255} }},
	{{ {5593, -8404, -3071}, 0, {3278, 2279}, {0, 0, 129, 255} }},
	{{ {4959, -8770, -3071}, 0, {-86, 4221}, {0, 0, 129, 255} }},
	{{ {4959, -7308, -3071}, 0, {1962, -3547}, {0, 0, 129, 255} }},
	{{ {4959, -8770, -3071}, 0, {1962, 4221}, {0, 0, 129, 255} }},
	{{ {4327, -8404, -3071}, 0, {-1402, 2279}, {0, 0, 129, 255} }},
	{{ {4327, -7673, -3071}, 0, {-1402, -1605}, {0, 0, 129, 255} }},
	{{ {2862, -5838, -2404}, 0, {-741, 4155}, {0, 127, 0, 255} }},
	{{ {2945, -5838, -579}, 0, {-1184, -5548}, {0, 127, 0, 255} }},
	{{ {2859, -5838, -579}, 0, {-725, -5548}, {0, 127, 0, 255} }},
	{{ {2860, -5838, -2404}, 0, {-732, 4156}, {0, 127, 0, 255} }},
	{{ {-3104, -5615, -420}, 0, {1310, -246}, {0, 127, 0, 255} }},
	{{ {-3355, -5615, -420}, 0, {-23, -246}, {0, 127, 0, 255} }},
	{{ {-3355, -5615, -161}, 0, {-23, -1625}, {0, 127, 0, 255} }},
	{{ {-3104, -5615, -161}, 0, {1310, -1625}, {0, 127, 0, 255} }},
	{{ {-2828, -6227, -2407}, 0, {642, -401}, {12, 0, 130, 255} }},
	{{ {-2827, -6227, -2407}, 0, {642, -399}, {12, 0, 130, 255} }},
	{{ {-2827, -5967, -2407}, 0, {-733, -399}, {12, 0, 130, 255} }},
	{{ {-2828, -5967, -2407}, 0, {-733, -401}, {12, 0, 130, 255} }},
	{{ {-2823, -6227, -2407}, 0, {-637, 197}, {0, 0, 129, 255} }},
	{{ {-2827, -6227, -2407}, 0, {-662, 197}, {0, 0, 129, 255} }},
	{{ {-2827, -5967, -2407}, 0, {-662, -1178}, {0, 0, 129, 255} }},
	{{ {-2823, -5967, -2407}, 0, {-637, -1178}, {0, 0, 129, 255} }},
	{{ {2947, -6227, -2396}, 0, {-486, 4122}, {127, 0, 0, 255} }},
	{{ {2945, -6227, -579}, 0, {-486, -5538}, {127, 0, 0, 255} }},
	{{ {2945, -5838, -579}, 0, {1581, -5538}, {127, 0, 0, 255} }},
	{{ {2947, -5838, -2396}, 0, {1581, 4122}, {127, 0, 0, 255} }},
	{{ {269, -1998, 74}, 0, {-601, 1225}, {0, 127, 0, 255} }},
	{{ {269, -1998, 491}, 0, {-601, -994}, {0, 127, 0, 255} }},
	{{ {571, -1998, 491}, 0, {1000, -994}, {0, 127, 0, 255} }},
	{{ {571, -1998, 80}, 0, {1000, 1194}, {0, 127, 0, 255} }},
	{{ {463, -1998, -254}, 0, {2472, -1130}, {0, 127, 0, 255} }},
	{{ {4, -1998, -460}, 0, {33, -35}, {0, 127, 0, 255} }},
	{{ {-172, -1998, -460}, 0, {-899, -35}, {0, 127, 0, 255} }},
	{{ {-455, -1998, -254}, 0, {-2406, -1130}, {0, 127, 0, 255} }},
	{{ {-455, -1998, -254}, 0, {1690, 2966}, {0, 127, 0, 255} }},
	{{ {-564, -1998, 80}, 0, {1114, 1194}, {0, 127, 0, 255} }},
	{{ {-564, -1998, 491}, 0, {1114, -994}, {0, 127, 0, 255} }},
	{{ {-254, -1998, 491}, 0, {2764, -994}, {0, 127, 0, 255} }},
	{{ {-254, -1998, -250}, 0, {-1063, 895}, {127, 0, 0, 255} }},
	{{ {-254, -1998, 74}, 0, {-1063, -823}, {127, 0, 0, 255} }},
	{{ {-254, -2680, 74}, 0, {2558, -823}, {127, 0, 0, 255} }},
	{{ {-254, -2680, -250}, 0, {2558, 895}, {127, 0, 0, 255} }},
	{{ {-98, -2130, 74}, 0, {-392, -628}, {0, 0, 129, 255} }},
	{{ {-254, -1998, 74}, 0, {-1218, -1324}, {0, 0, 129, 255} }},
	{{ {269, -1998, 74}, 0, {1561, -1324}, {0, 0, 129, 255} }},
	{{ {129, -2130, 74}, 0, {813, -628}, {0, 0, 129, 255} }},
	{{ {129, -2496, 74}, 0, {813, 1321}, {0, 0, 129, 255} }},
	{{ {269, -2680, 74}, 0, {1561, 2297}, {0, 0, 129, 255} }},
	{{ {269, -2680, 74}, 0, {1561, 249}, {0, 0, 129, 255} }},
	{{ {-98, -2496, 74}, 0, {-392, -727}, {0, 0, 129, 255} }},
	{{ {129, -2496, 74}, 0, {813, -727}, {0, 0, 129, 255} }},
	{{ {-254, -2680, 74}, 0, {-1218, 249}, {0, 0, 129, 255} }},
	{{ {-98, -2496, 74}, 0, {1582, 1225}, {127, 0, 0, 255} }},
	{{ {-98, -2130, 74}, 0, {-367, 1225}, {127, 0, 0, 255} }},
	{{ {-98, -2130, 210}, 0, {-367, 505}, {127, 0, 0, 255} }},
	{{ {-98, -2496, 210}, 0, {1582, 505}, {127, 0, 0, 255} }},
	{{ {269, -2680, -250}, 0, {1561, 895}, {0, 127, 0, 255} }},
	{{ {-254, -2680, -250}, 0, {-1218, 895}, {0, 127, 0, 255} }},
	{{ {-254, -2680, 74}, 0, {-1218, -823}, {0, 127, 0, 255} }},
	{{ {269, -2680, 74}, 0, {1561, -823}, {0, 127, 0, 255} }},
	{{ {571, -1709, 80}, 0, {1000, 1194}, {0, 127, 0, 255} }},
	{{ {1041, -1709, 491}, 0, {3496, -994}, {0, 127, 0, 255} }},
	{{ {463, -1709, -254}, 0, {424, 2966}, {0, 127, 0, 255} }},
	{{ {1041, -1709, -254}, 0, {3496, 2966}, {0, 127, 0, 255} }},
	{{ {1560, -2228, -493}, 0, {-3987, 2191}, {0, 127, 0, 255} }},
	{{ {1560, -2228, 491}, 0, {-3987, -3042}, {0, 127, 0, 255} }},
	{{ {3116, -2228, 491}, 0, {4284, -3042}, {0, 127, 0, 255} }},
	{{ {3115, -2228, -493}, 0, {4278, 2191}, {0, 127, 0, 255} }},
	{{ {3115, -2123, -2396}, 0, {-1866, 4112}, {84, 95, 0, 255} }},
	{{ {3115, -2123, -840}, 0, {-1866, -4159}, {84, 95, 0, 255} }},
	{{ {3752, -2687, -845}, 0, {2654, -4129}, {84, 95, 0, 255} }},
	{{ {3752, -2687, -2396}, 0, {2654, 4112}, {84, 95, 0, 255} }},
	{{ {1560, -2123, -2396}, 0, {2929, 4112}, {79, 99, 0, 255} }},
	{{ {1041, -1709, -892}, 0, {-600, -3880}, {79, 99, 0, 255} }},
	{{ {1041, -1709, -840}, 0, {-600, -4159}, {79, 99, 0, 255} }},
	{{ {1560, -2123, -840}, 0, {2929, -4159}, {79, 99, 0, 255} }},
	{{ {2860, -6227, -2407}, 0, {889, 197}, {0, 0, 129, 255} }},
	{{ {2831, -6227, -2407}, 0, {731, 197}, {0, 0, 129, 255} }},
	{{ {2831, -5838, -2407}, 0, {731, -1870}, {0, 0, 129, 255} }},
	{{ {2860, -5838, -2407}, 0, {889, -1870}, {0, 0, 129, 255} }},
	{{ {-1029, -1709, -2527}, 0, {687, 8903}, {0, 127, 0, 255} }},
	{{ {-1033, -1709, -840}, 0, {666, -63}, {0, 127, 0, 255} }},
	{{ {-1033, -1709, 491}, 0, {666, -7138}, {0, 127, 0, 255} }},
	{{ {-564, -1709, 491}, 0, {3162, -7138}, {0, 127, 0, 255} }},
	{{ {-564, -1709, 80}, 0, {3162, -4950}, {0, 127, 0, 255} }},
	{{ {-172, -1709, -460}, 0, {1149, -35}, {0, 127, 0, 255} }},
	{{ {323, -1709, -639}, 0, {3780, 918}, {0, 127, 0, 255} }},
	{{ {-557, -1709, -639}, 0, {-899, 913}, {0, 127, 0, 255} }},
	{{ {-455, -1709, -254}, 0, {-358, -1130}, {0, 127, 0, 255} }},
	{{ {-564, -1709, 80}, 0, {1114, -2902}, {0, 127, 0, 255} }},
	{{ {-455, -1709, -254}, 0, {1690, -1130}, {0, 127, 0, 255} }},
	{{ {-557, -1709, -639}, 0, {1149, 913}, {0, 127, 0, 255} }},
	{{ {-557, -1709, -840}, 0, {1149, 1985}, {0, 127, 0, 255} }},
	{{ {1041, -1709, -1145}, 0, {1448, 1559}, {0, 127, 0, 255} }},
	{{ {565, -1709, -1157}, 0, {-1083, 1619}, {0, 127, 0, 255} }},
	{{ {1041, -1709, -892}, 0, {1448, 216}, {0, 127, 0, 255} }},
	{{ {565, -1709, -840}, 0, {-1083, -61}, {0, 127, 0, 255} }},
	{{ {1041, -1709, -840}, 0, {1448, -63}, {0, 127, 0, 255} }},
	{{ {-152, -2803, -1100}, 0, {639, 1315}, {127, 0, 0, 255} }},
	{{ {-152, -2699, -1100}, 0, {90, 1315}, {127, 0, 0, 255} }},
	{{ {-152, -2699, -840}, 0, {90, -63}, {127, 0, 0, 255} }},
	{{ {-152, -2751, -840}, 0, {364, -63}, {127, 0, 0, 255} }},
	{{ {-152, -2803, -840}, 0, {639, -63}, {127, 0, 0, 255} }},
	{{ {-1552, -2228, 491}, 0, {4053, -3042}, {0, 127, 0, 255} }},
	{{ {-1552, -2228, -493}, 0, {4053, 2191}, {0, 127, 0, 255} }},
	{{ {-3108, -2228, -493}, 0, {-4212, 2191}, {0, 127, 0, 255} }},
	{{ {-3109, -2228, 491}, 0, {-4218, -3042}, {0, 127, 0, 255} }},
	{{ {1854, -10341, -87}, 0, {5895, 2290}, {0, 0, 129, 255} }},
	{{ {2151, -8814, -87}, 0, {-2219, 712}, {0, 0, 129, 255} }},
	{{ {2965, -8814, -87}, 0, {-2218, -3615}, {0, 0, 129, 255} }},
	{{ {2965, -9816, -87}, 0, {3107, -3614}, {0, 0, 129, 255} }},
	{{ {1854, -10341, -87}, 0, {1799, 2290}, {0, 0, 129, 255} }},
	{{ {2965, -9874, -87}, 0, {-686, -3614}, {0, 0, 129, 255} }},
	{{ {2965, -10319, -87}, 0, {1684, -3614}, {0, 0, 129, 255} }},
	{{ {2965, -10377, -87}, 0, {1987, -3614}, {0, 0, 129, 255} }},
	{{ {2965, -11297, -87}, 0, {-1312, -3613}, {0, 0, 129, 255} }},
	{{ {2332, -12032, -87}, 0, {2591, -252}, {0, 0, 129, 255} }},
	{{ {1726, -12032, -87}, 0, {2591, 2975}, {0, 0, 129, 255} }},
	{{ {1726, -11430, -87}, 0, {-611, 2974}, {0, 0, 129, 255} }},
	{{ {2965, -11297, -87}, 0, {2784, -3613}, {0, 0, 129, 255} }},
	{{ {2151, -11004, -87}, 0, {1225, 713}, {0, 0, 129, 255} }},
	{{ {2151, -10646, -87}, 0, {-674, 713}, {0, 0, 129, 255} }},
	{{ {1854, -10341, -87}, 0, {-2297, 2290}, {0, 0, 129, 255} }},
	{{ {-1847, -9119, -206}, 0, {-2647, -1203}, {127, 0, 0, 255} }},
	{{ {-1847, -10341, -206}, 0, {3844, -1202}, {127, 0, 0, 255} }},
	{{ {-1847, -10341, -87}, 0, {3844, -568}, {127, 0, 0, 255} }},
	{{ {-1847, -9119, -87}, 0, {-2647, -569}, {127, 0, 0, 255} }},
	{{ {-2144, -11004, -87}, 0, {-826, 1009}, {0, 0, 129, 255} }},
	{{ {-1719, -11430, -87}, 0, {1435, -1252}, {0, 0, 129, 255} }},
	{{ {-1719, -12032, -87}, 0, {4636, -1251}, {0, 0, 129, 255} }},
	{{ {-2325, -12032, -87}, 0, {4636, 1976}, {0, 0, 129, 255} }},
	{{ {-1292, -11855, -206}, 0, {1649, 2632}, {0, 0, 129, 255} }},
	{{ {-996, -11550, -206}, 0, {26, 1054}, {0, 0, 129, 255} }},
	{{ {-331, -11550, -206}, 0, {26, -2477}, {0, 0, 129, 255} }},
	{{ {-331, -11912, -206}, 0, {1952, -2477}, {0, 0, 129, 255} }},
	{{ {339, -11912, -206}, 0, {1952, 2152}, {0, 0, 129, 255} }},
	{{ {339, -11550, -206}, 0, {27, 2152}, {0, 0, 129, 255} }},
	{{ {1003, -11550, -206}, 0, {27, -1379}, {0, 0, 129, 255} }},
	{{ {1300, -11855, -206}, 0, {1650, -2956}, {0, 0, 129, 255} }},
	{{ {1558, -9425, -206}, 0, {-1022, 404}, {0, 0, 129, 255} }},
	{{ {1854, -9119, -206}, 0, {-2644, -1173}, {0, 0, 129, 255} }},
	{{ {1854, -10341, -206}, 0, {3847, -1172}, {0, 0, 129, 255} }},
	{{ {1558, -10036, -206}, 0, {2224, 405}, {0, 0, 129, 255} }},
	{{ {1854, -10341, -206}, 0, {3847, 876}, {127, 0, 0, 255} }},
	{{ {1854, -9119, -206}, 0, {-2644, 875}, {127, 0, 0, 255} }},
	{{ {1854, -9119, -87}, 0, {-2644, 241}, {127, 0, 0, 255} }},
	{{ {1854, -10341, -87}, 0, {3847, 242}, {127, 0, 0, 255} }},
	{{ {-417, -6311, -1014}, 0, {282, 862}, {127, 0, 0, 255} }},
	{{ {-417, -6311, -579}, 0, {282, -1452}, {127, 0, 0, 255} }},
	{{ {-417, -6540, -579}, 0, {1501, -1452}, {127, 0, 0, 255} }},
	{{ {-417, -6540, -1014}, 0, {1501, 862}, {127, 0, 0, 255} }},
};

Gfx castle_grounds_dl_shujacg_mesh_layer_1_tri_1[] = {
	gsSPVertex(castle_grounds_dl_shujacg_mesh_layer_1_vtx_1 + 0, 30, 0),
	gsSP2Triangles(0, 1, 2, 0, 3, 4, 5, 0),
	gsSP2Triangles(6, 7, 8, 0, 9, 10, 11, 0),
	gsSP2Triangles(12, 13, 14, 0, 15, 16, 17, 0),
	gsSP2Triangles(18, 19, 20, 0, 21, 22, 23, 0),
	gsSP2Triangles(24, 25, 26, 0, 27, 28, 29, 0),
	gsSPVertex(castle_grounds_dl_shujacg_mesh_layer_1_vtx_1 + 30, 32, 0),
	gsSP2Triangles(0, 1, 2, 0, 3, 4, 5, 0),
	gsSP2Triangles(6, 7, 8, 0, 9, 10, 11, 0),
	gsSP2Triangles(12, 13, 14, 0, 15, 16, 17, 0),
	gsSP2Triangles(18, 19, 20, 0, 21, 22, 23, 0),
	gsSP2Triangles(24, 25, 26, 0, 24, 27, 28, 0),
	gsSP1Triangle(29, 30, 31, 0),
	gsSPVertex(castle_grounds_dl_shujacg_mesh_layer_1_vtx_1 + 62, 31, 0),
	gsSP2Triangles(0, 1, 2, 0, 3, 4, 5, 0),
	gsSP2Triangles(3, 5, 6, 0, 7, 8, 9, 0),
	gsSP2Triangles(7, 10, 11, 0, 12, 13, 14, 0),
	gsSP2Triangles(15, 16, 17, 0, 18, 19, 20, 0),
	gsSP2Triangles(18, 21, 22, 0, 23, 24, 25, 0),
	gsSP2Triangles(26, 25, 27, 0, 28, 29, 30, 0),
	gsSPVertex(castle_grounds_dl_shujacg_mesh_layer_1_vtx_1 + 93, 30, 0),
	gsSP2Triangles(0, 1, 2, 0, 3, 4, 5, 0),
	gsSP2Triangles(6, 7, 8, 0, 9, 10, 11, 0),
	gsSP2Triangles(12, 13, 14, 0, 15, 16, 17, 0),
	gsSP2Triangles(18, 19, 20, 0, 21, 22, 23, 0),
	gsSP2Triangles(24, 25, 26, 0, 27, 28, 29, 0),
	gsSPVertex(castle_grounds_dl_shujacg_mesh_layer_1_vtx_1 + 123, 30, 0),
	gsSP2Triangles(0, 1, 2, 0, 3, 4, 5, 0),
	gsSP2Triangles(6, 7, 8, 0, 9, 10, 11, 0),
	gsSP2Triangles(12, 13, 14, 0, 15, 16, 17, 0),
	gsSP2Triangles(18, 19, 20, 0, 21, 22, 23, 0),
	gsSP2Triangles(24, 25, 26, 0, 27, 28, 29, 0),
	gsSPVertex(castle_grounds_dl_shujacg_mesh_layer_1_vtx_1 + 153, 30, 0),
	gsSP2Triangles(0, 1, 2, 0, 3, 4, 5, 0),
	gsSP2Triangles(6, 7, 8, 0, 9, 10, 11, 0),
	gsSP2Triangles(12, 13, 14, 0, 15, 16, 17, 0),
	gsSP2Triangles(18, 19, 20, 0, 21, 22, 23, 0),
	gsSP2Triangles(24, 25, 26, 0, 27, 28, 29, 0),
	gsSPVertex(castle_grounds_dl_shujacg_mesh_layer_1_vtx_1 + 183, 30, 0),
	gsSP2Triangles(0, 1, 2, 0, 3, 4, 5, 0),
	gsSP2Triangles(6, 7, 8, 0, 9, 10, 11, 0),
	gsSP2Triangles(12, 13, 14, 0, 15, 16, 17, 0),
	gsSP2Triangles(18, 19, 20, 0, 21, 22, 23, 0),
	gsSP2Triangles(24, 25, 26, 0, 27, 28, 29, 0),
	gsSPVertex(castle_grounds_dl_shujacg_mesh_layer_1_vtx_1 + 213, 30, 0),
	gsSP2Triangles(0, 1, 2, 0, 3, 4, 5, 0),
	gsSP2Triangles(6, 7, 8, 0, 9, 10, 11, 0),
	gsSP2Triangles(12, 13, 14, 0, 15, 16, 17, 0),
	gsSP2Triangles(18, 19, 20, 0, 21, 22, 23, 0),
	gsSP2Triangles(24, 25, 26, 0, 27, 28, 29, 0),
	gsSPVertex(castle_grounds_dl_shujacg_mesh_layer_1_vtx_1 + 243, 30, 0),
	gsSP2Triangles(0, 1, 2, 0, 3, 4, 5, 0),
	gsSP2Triangles(6, 7, 8, 0, 9, 10, 11, 0),
	gsSP2Triangles(12, 13, 14, 0, 15, 16, 17, 0),
	gsSP2Triangles(18, 19, 20, 0, 21, 22, 23, 0),
	gsSP2Triangles(24, 25, 26, 0, 27, 28, 29, 0),
	gsSPVertex(castle_grounds_dl_shujacg_mesh_layer_1_vtx_1 + 273, 31, 0),
	gsSP2Triangles(0, 1, 2, 0, 3, 4, 5, 0),
	gsSP2Triangles(6, 7, 8, 0, 9, 8, 10, 0),
	gsSP2Triangles(11, 12, 13, 0, 14, 15, 16, 0),
	gsSP2Triangles(17, 18, 19, 0, 20, 21, 22, 0),
	gsSP2Triangles(23, 24, 25, 0, 26, 25, 27, 0),
	gsSP1Triangle(28, 29, 30, 0),
	gsSPVertex(castle_grounds_dl_shujacg_mesh_layer_1_vtx_1 + 304, 32, 0),
	gsSP2Triangles(0, 1, 2, 0, 3, 4, 5, 0),
	gsSP2Triangles(6, 7, 8, 0, 9, 10, 11, 0),
	gsSP2Triangles(12, 13, 14, 0, 15, 16, 17, 0),
	gsSP2Triangles(18, 19, 20, 0, 21, 22, 23, 0),
	gsSP2Triangles(21, 24, 25, 0, 26, 27, 28, 0),
	gsSP1Triangle(29, 30, 31, 0),
	gsSPVertex(castle_grounds_dl_shujacg_mesh_layer_1_vtx_1 + 336, 32, 0),
	gsSP2Triangles(0, 1, 2, 0, 3, 4, 5, 0),
	gsSP2Triangles(6, 7, 8, 0, 9, 10, 11, 0),
	gsSP2Triangles(12, 13, 14, 0, 15, 16, 17, 0),
	gsSP2Triangles(18, 19, 20, 0, 21, 22, 23, 0),
	gsSP2Triangles(18, 24, 25, 0, 26, 27, 28, 0),
	gsSP1Triangle(29, 30, 31, 0),
	gsSPVertex(castle_grounds_dl_shujacg_mesh_layer_1_vtx_1 + 368, 32, 0),
	gsSP2Triangles(0, 1, 2, 0, 3, 4, 5, 0),
	gsSP2Triangles(3, 6, 7, 0, 8, 9, 10, 0),
	gsSP2Triangles(11, 12, 13, 0, 14, 15, 16, 0),
	gsSP2Triangles(17, 18, 19, 0, 20, 21, 22, 0),
	gsSP2Triangles(23, 24, 25, 0, 26, 27, 28, 0),
	gsSP1Triangle(29, 30, 31, 0),
	gsSPVertex(castle_grounds_dl_shujacg_mesh_layer_1_vtx_1 + 400, 32, 0),
	gsSP2Triangles(0, 1, 2, 0, 3, 0, 2, 0),
	gsSP2Triangles(4, 5, 6, 0, 7, 8, 9, 0),
	gsSP2Triangles(10, 11, 12, 0, 13, 14, 15, 0),
	gsSP2Triangles(16, 17, 18, 0, 19, 20, 21, 0),
	gsSP2Triangles(22, 23, 24, 0, 25, 26, 27, 0),
	gsSP2Triangles(28, 29, 30, 0, 28, 30, 31, 0),
	gsSPVertex(castle_grounds_dl_shujacg_mesh_layer_1_vtx_1 + 432, 30, 0),
	gsSP2Triangles(0, 1, 2, 0, 3, 4, 5, 0),
	gsSP2Triangles(6, 7, 8, 0, 9, 10, 11, 0),
	gsSP2Triangles(12, 13, 14, 0, 15, 16, 17, 0),
	gsSP2Triangles(18, 19, 20, 0, 21, 22, 23, 0),
	gsSP2Triangles(24, 25, 26, 0, 27, 28, 29, 0),
	gsSPVertex(castle_grounds_dl_shujacg_mesh_layer_1_vtx_1 + 462, 32, 0),
	gsSP2Triangles(0, 1, 2, 0, 3, 4, 5, 0),
	gsSP2Triangles(6, 5, 4, 0, 7, 8, 9, 0),
	gsSP2Triangles(10, 11, 12, 0, 13, 14, 15, 0),
	gsSP2Triangles(16, 17, 18, 0, 19, 20, 21, 0),
	gsSP2Triangles(19, 21, 22, 0, 23, 24, 25, 0),
	gsSP2Triangles(26, 27, 28, 0, 29, 30, 31, 0),
	gsSPVertex(castle_grounds_dl_shujacg_mesh_layer_1_vtx_1 + 494, 30, 0),
	gsSP2Triangles(0, 1, 2, 0, 3, 4, 5, 0),
	gsSP2Triangles(6, 7, 8, 0, 9, 10, 11, 0),
	gsSP2Triangles(12, 13, 14, 0, 15, 16, 17, 0),
	gsSP2Triangles(18, 19, 20, 0, 21, 22, 23, 0),
	gsSP2Triangles(24, 25, 26, 0, 27, 28, 29, 0),
	gsSPVertex(castle_grounds_dl_shujacg_mesh_layer_1_vtx_1 + 524, 32, 0),
	gsSP2Triangles(0, 1, 2, 0, 0, 3, 4, 0),
	gsSP2Triangles(5, 6, 7, 0, 8, 9, 10, 0),
	gsSP2Triangles(11, 12, 13, 0, 14, 15, 16, 0),
	gsSP2Triangles(17, 18, 19, 0, 20, 21, 22, 0),
	gsSP2Triangles(23, 24, 25, 0, 26, 27, 28, 0),
	gsSP1Triangle(29, 30, 31, 0),
	gsSPVertex(castle_grounds_dl_shujacg_mesh_layer_1_vtx_1 + 556, 30, 0),
	gsSP2Triangles(0, 1, 2, 0, 3, 4, 5, 0),
	gsSP2Triangles(6, 7, 8, 0, 9, 10, 11, 0),
	gsSP2Triangles(12, 13, 14, 0, 15, 16, 17, 0),
	gsSP2Triangles(18, 19, 20, 0, 21, 22, 23, 0),
	gsSP2Triangles(24, 25, 26, 0, 27, 28, 29, 0),
	gsSPVertex(castle_grounds_dl_shujacg_mesh_layer_1_vtx_1 + 586, 30, 0),
	gsSP2Triangles(0, 1, 2, 0, 3, 4, 5, 0),
	gsSP2Triangles(6, 7, 8, 0, 9, 10, 11, 0),
	gsSP2Triangles(12, 13, 14, 0, 15, 16, 17, 0),
	gsSP2Triangles(18, 19, 20, 0, 21, 22, 23, 0),
	gsSP2Triangles(24, 25, 26, 0, 27, 28, 29, 0),
	gsSPVertex(castle_grounds_dl_shujacg_mesh_layer_1_vtx_1 + 616, 30, 0),
	gsSP2Triangles(0, 1, 2, 0, 3, 4, 5, 0),
	gsSP2Triangles(3, 6, 7, 0, 8, 9, 10, 0),
	gsSP2Triangles(11, 12, 13, 0, 0, 2, 14, 0),
	gsSP2Triangles(15, 16, 17, 0, 18, 19, 20, 0),
	gsSP2Triangles(21, 22, 23, 0, 24, 25, 26, 0),
	gsSP1Triangle(27, 28, 29, 0),
	gsSPVertex(castle_grounds_dl_shujacg_mesh_layer_1_vtx_1 + 646, 32, 0),
	gsSP2Triangles(0, 1, 2, 0, 3, 4, 5, 0),
	gsSP2Triangles(6, 7, 8, 0, 9, 10, 11, 0),
	gsSP2Triangles(12, 13, 14, 0, 15, 16, 12, 0),
	gsSP2Triangles(17, 18, 19, 0, 20, 21, 22, 0),
	gsSP2Triangles(23, 24, 25, 0, 26, 27, 28, 0),
	gsSP1Triangle(29, 30, 31, 0),
	gsSPVertex(castle_grounds_dl_shujacg_mesh_layer_1_vtx_1 + 678, 30, 0),
	gsSP2Triangles(0, 1, 2, 0, 3, 4, 5, 0),
	gsSP2Triangles(6, 7, 8, 0, 9, 10, 11, 0),
	gsSP2Triangles(12, 13, 14, 0, 15, 16, 17, 0),
	gsSP2Triangles(18, 19, 20, 0, 21, 22, 23, 0),
	gsSP2Triangles(24, 25, 26, 0, 27, 28, 29, 0),
	gsSPVertex(castle_grounds_dl_shujacg_mesh_layer_1_vtx_1 + 708, 30, 0),
	gsSP2Triangles(0, 1, 2, 0, 3, 4, 5, 0),
	gsSP2Triangles(6, 7, 8, 0, 9, 10, 11, 0),
	gsSP2Triangles(12, 13, 14, 0, 15, 16, 17, 0),
	gsSP2Triangles(15, 17, 18, 0, 19, 20, 21, 0),
	gsSP2Triangles(22, 23, 24, 0, 25, 26, 27, 0),
	gsSP1Triangle(28, 27, 29, 0),
	gsSPVertex(castle_grounds_dl_shujacg_mesh_layer_1_vtx_1 + 738, 31, 0),
	gsSP2Triangles(0, 1, 2, 0, 3, 4, 5, 0),
	gsSP2Triangles(6, 7, 8, 0, 9, 10, 11, 0),
	gsSP2Triangles(12, 13, 14, 0, 15, 14, 16, 0),
	gsSP2Triangles(17, 18, 19, 0, 20, 21, 22, 0),
	gsSP2Triangles(23, 22, 24, 0, 25, 26, 27, 0),
	gsSP1Triangle(28, 29, 30, 0),
	gsSPVertex(castle_grounds_dl_shujacg_mesh_layer_1_vtx_1 + 769, 30, 0),
	gsSP2Triangles(0, 1, 2, 0, 3, 4, 5, 0),
	gsSP2Triangles(6, 7, 8, 0, 9, 10, 11, 0),
	gsSP2Triangles(12, 13, 14, 0, 15, 16, 17, 0),
	gsSP2Triangles(18, 19, 20, 0, 21, 22, 23, 0),
	gsSP2Triangles(24, 25, 26, 0, 27, 28, 29, 0),
	gsSPVertex(castle_grounds_dl_shujacg_mesh_layer_1_vtx_1 + 799, 31, 0),
	gsSP2Triangles(0, 1, 2, 0, 3, 4, 5, 0),
	gsSP2Triangles(6, 7, 8, 0, 9, 10, 11, 0),
	gsSP2Triangles(12, 13, 14, 0, 15, 16, 17, 0),
	gsSP2Triangles(18, 19, 20, 0, 18, 20, 21, 0),
	gsSP2Triangles(22, 23, 24, 0, 25, 26, 27, 0),
	gsSP1Triangle(28, 29, 30, 0),
	gsSPVertex(castle_grounds_dl_shujacg_mesh_layer_1_vtx_1 + 830, 32, 0),
	gsSP2Triangles(0, 1, 2, 0, 3, 4, 5, 0),
	gsSP2Triangles(6, 7, 8, 0, 9, 10, 11, 0),
	gsSP2Triangles(12, 13, 14, 0, 15, 3, 5, 0),
	gsSP2Triangles(16, 17, 18, 0, 16, 18, 19, 0),
	gsSP2Triangles(20, 21, 22, 0, 23, 24, 25, 0),
	gsSP2Triangles(26, 27, 28, 0, 29, 30, 31, 0),
	gsSPVertex(castle_grounds_dl_shujacg_mesh_layer_1_vtx_1 + 862, 30, 0),
	gsSP2Triangles(0, 1, 2, 0, 3, 4, 5, 0),
	gsSP2Triangles(6, 7, 8, 0, 8, 9, 10, 0),
	gsSP2Triangles(11, 12, 13, 0, 14, 15, 16, 0),
	gsSP2Triangles(17, 18, 19, 0, 20, 21, 22, 0),
	gsSP2Triangles(23, 24, 25, 0, 26, 27, 28, 0),
	gsSP1Triangle(26, 28, 29, 0),
	gsSPVertex(castle_grounds_dl_shujacg_mesh_layer_1_vtx_1 + 892, 32, 0),
	gsSP2Triangles(0, 1, 2, 0, 0, 2, 3, 0),
	gsSP2Triangles(4, 5, 6, 0, 4, 6, 7, 0),
	gsSP2Triangles(8, 9, 10, 0, 8, 10, 11, 0),
	gsSP2Triangles(12, 13, 14, 0, 12, 14, 15, 0),
	gsSP2Triangles(16, 17, 18, 0, 18, 19, 16, 0),
	gsSP2Triangles(20, 21, 22, 0, 20, 22, 23, 0),
	gsSP2Triangles(24, 25, 26, 0, 24, 26, 27, 0),
	gsSP2Triangles(28, 29, 30, 0, 28, 30, 31, 0),
	gsSPVertex(castle_grounds_dl_shujacg_mesh_layer_1_vtx_1 + 924, 30, 0),
	gsSP2Triangles(0, 1, 2, 0, 0, 2, 3, 0),
	gsSP2Triangles(4, 5, 6, 0, 4, 6, 7, 0),
	gsSP2Triangles(8, 9, 10, 0, 8, 10, 11, 0),
	gsSP2Triangles(12, 13, 14, 0, 12, 14, 15, 0),
	gsSP2Triangles(16, 17, 18, 0, 16, 18, 19, 0),
	gsSP2Triangles(20, 21, 22, 0, 20, 22, 23, 0),
	gsSP2Triangles(24, 25, 26, 0, 24, 26, 27, 0),
	gsSP2Triangles(27, 26, 28, 0, 29, 28, 26, 0),
	gsSPVertex(castle_grounds_dl_shujacg_mesh_layer_1_vtx_1 + 954, 32, 0),
	gsSP2Triangles(0, 1, 2, 0, 3, 1, 0, 0),
	gsSP2Triangles(4, 5, 6, 0, 4, 6, 7, 0),
	gsSP2Triangles(8, 9, 10, 0, 8, 10, 11, 0),
	gsSP2Triangles(12, 13, 14, 0, 15, 14, 13, 0),
	gsSP2Triangles(16, 17, 18, 0, 16, 18, 19, 0),
	gsSP2Triangles(20, 21, 22, 0, 20, 22, 23, 0),
	gsSP2Triangles(24, 25, 26, 0, 26, 27, 24, 0),
	gsSP2Triangles(28, 29, 30, 0, 28, 30, 31, 0),
	gsSPVertex(castle_grounds_dl_shujacg_mesh_layer_1_vtx_1 + 986, 31, 0),
	gsSP2Triangles(0, 1, 2, 0, 0, 2, 3, 0),
	gsSP2Triangles(0, 3, 4, 0, 5, 6, 7, 0),
	gsSP2Triangles(8, 5, 7, 0, 9, 10, 11, 0),
	gsSP2Triangles(9, 11, 12, 0, 13, 14, 15, 0),
	gsSP2Triangles(16, 15, 14, 0, 16, 17, 15, 0),
	gsSP2Triangles(18, 19, 20, 0, 18, 20, 21, 0),
	gsSP2Triangles(21, 22, 18, 0, 23, 24, 25, 0),
	gsSP2Triangles(23, 25, 26, 0, 27, 28, 29, 0),
	gsSP1Triangle(27, 29, 30, 0),
	gsSPVertex(castle_grounds_dl_shujacg_mesh_layer_1_vtx_1 + 1017, 32, 0),
	gsSP2Triangles(0, 1, 2, 0, 0, 2, 3, 0),
	gsSP2Triangles(4, 5, 6, 0, 4, 6, 7, 0),
	gsSP2Triangles(8, 9, 10, 0, 8, 10, 11, 0),
	gsSP2Triangles(12, 13, 14, 0, 12, 14, 15, 0),
	gsSP2Triangles(16, 17, 18, 0, 16, 18, 19, 0),
	gsSP2Triangles(20, 21, 22, 0, 20, 22, 23, 0),
	gsSP2Triangles(24, 25, 26, 0, 24, 26, 27, 0),
	gsSP2Triangles(28, 29, 30, 0, 28, 30, 31, 0),
	gsSPVertex(castle_grounds_dl_shujacg_mesh_layer_1_vtx_1 + 1049, 8, 0),
	gsSP2Triangles(0, 1, 2, 0, 0, 2, 3, 0),
	gsSP2Triangles(4, 5, 6, 0, 4, 6, 7, 0),
	gsSPEndDisplayList(),
};

Vtx castle_grounds_dl_shujacg_mesh_layer_1_vtx_2[418] = {
	{{ {577, -4085, -4874}, 0, {2607, -64}, {18, 110, 196, 255} }},
	{{ {972, -4226, -4685}, 0, {3331, 804}, {18, 110, 196, 255} }},
	{{ {3, -4785, -4685}, 0, {588, 978}, {18, 110, 196, 255} }},
	{{ {577, -4085, -4874}, 0, {1999, 1039}, {24, 114, 205, 255} }},
	{{ {585, -3297, -4886}, 0, {66, 1049}, {24, 114, 205, 255} }},
	{{ {972, -4226, -4685}, 0, {2336, -37}, {24, 114, 205, 255} }},
	{{ {-367, -3937, -6661}, 0, {388, 1120}, {65, 104, 223, 255} }},
	{{ {-570, -4085, -6407}, 0, {36, 317}, {65, 104, 223, 255} }},
	{{ {-577, -3297, -6418}, 0, {1968, 353}, {64, 104, 223, 255} }},
	{{ {-356, -3387, -6668}, 0, {1734, 1168}, {113, 1, 197, 255} }},
	{{ {-367, -3937, -6661}, 0, {388, 1120}, {113, 1, 197, 255} }},
	{{ {-577, -3297, -6418}, 0, {1968, 353}, {113, 1, 197, 255} }},
	{{ {-356, -3387, -6668}, 0, {678, 463}, {110, 35, 204, 255} }},
	{{ {-577, -3297, -6418}, 0, {607, -383}, {110, 35, 204, 255} }},
	{{ {-205, -3198, -6671}, 0, {1273, 534}, {110, 35, 204, 255} }},
	{{ {-205, -3198, -6671}, 0, {-775, 534}, {111, 36, 205, 255} }},
	{{ {-577, -3297, -6418}, 0, {-1441, -383}, {111, 36, 205, 255} }},
	{{ {-313, -2979, -6422}, 0, {-435, -252}, {111, 36, 205, 255} }},
	{{ {212, -3198, -6671}, 0, {-48, 953}, {73, 60, 172, 255} }},
	{{ {320, -2979, -6422}, 0, {-198, 110}, {73, 60, 172, 255} }},
	{{ {585, -3297, -6418}, 0, {810, 214}, {73, 60, 172, 255} }},
	{{ {212, -3198, -6671}, 0, {694, -391}, {0, 96, 172, 255} }},
	{{ {-205, -3198, -6671}, 0, {-332, -394}, {0, 96, 172, 255} }},
	{{ {-313, -2979, -6422}, 0, {-598, -1211}, {0, 96, 172, 255} }},
	{{ {212, -3198, -6671}, 0, {694, -391}, {0, 96, 172, 255} }},
	{{ {-313, -2979, -6422}, 0, {-598, -1211}, {0, 96, 172, 255} }},
	{{ {320, -2979, -6422}, 0, {964, -1207}, {0, 96, 172, 255} }},
	{{ {585, -3297, -4886}, 0, {976, -421}, {45, 36, 143, 255} }},
	{{ {320, -2979, -4890}, 0, {-29, -561}, {45, 36, 143, 255} }},
	{{ {980, -3152, -4685}, 0, {1477, -1454}, {45, 36, 143, 255} }},
	{{ {585, -3297, -4886}, 0, {66, 1049}, {58, 0, 143, 255} }},
	{{ {980, -3152, -4685}, 0, {-296, -37}, {58, 0, 143, 255} }},
	{{ {972, -4226, -4685}, 0, {2336, -37}, {58, 0, 143, 255} }},
	{{ {374, -3937, -6661}, 0, {2252, -917}, {28, 111, 202, 255} }},
	{{ {577, -4085, -6407}, 0, {2538, -87}, {28, 111, 202, 255} }},
	{{ {3, -4369, -6404}, 0, {965, -81}, {28, 111, 202, 255} }},
	{{ {374, -3937, -6661}, 0, {1664, -50}, {44, 114, 220, 255} }},
	{{ {585, -3297, -6418}, 0, {98, -844}, {44, 114, 220, 255} }},
	{{ {577, -4085, -6407}, 0, {2030, -845}, {44, 114, 220, 255} }},
	{{ {364, -3387, -6668}, 0, {317, -26}, {95, 1, 172, 255} }},
	{{ {585, -3297, -6418}, 0, {98, -844}, {95, 1, 172, 255} }},
	{{ {374, -3937, -6661}, 0, {1664, -50}, {95, 1, 172, 255} }},
	{{ {364, -3387, -6668}, 0, {546, 1021}, {74, 58, 170, 255} }},
	{{ {212, -3198, -6671}, 0, {-48, 953}, {74, 58, 170, 255} }},
	{{ {585, -3297, -6418}, 0, {810, 214}, {74, 58, 170, 255} }},
	{{ {3, -3648, -7777}, 0, {126, 1879}, {92, 73, 209, 255} }},
	{{ {212, -3198, -6671}, 0, {-48, -1095}, {92, 73, 209, 255} }},
	{{ {364, -3387, -6668}, 0, {546, -1027}, {92, 73, 209, 255} }},
	{{ {3, -3648, -7777}, 0, {172, 500}, {0, 118, 208, 255} }},
	{{ {-205, -3198, -6671}, 0, {-332, -2442}, {0, 118, 208, 255} }},
	{{ {212, -3198, -6671}, 0, {694, -2439}, {0, 118, 208, 255} }},
	{{ {3, -3648, -7777}, 0, {416, 1338}, {112, 50, 224, 255} }},
	{{ {-356, -3387, -6668}, 0, {678, -1585}, {112, 50, 224, 255} }},
	{{ {-205, -3198, -6671}, 0, {1273, -1514}, {112, 50, 224, 255} }},
	{{ {3, -3648, -7777}, 0, {1045, 1966}, {122, 2, 220, 255} }},
	{{ {-367, -3937, -6661}, 0, {388, -928}, {122, 2, 220, 255} }},
	{{ {-356, -3387, -6668}, 0, {1734, -880}, {122, 2, 220, 255} }},
	{{ {3, -3668, -7729}, 0, {906, 1073}, {101, 74, 234, 255} }},
	{{ {3, -4114, -6659}, 0, {413, -1730}, {101, 74, 234, 255} }},
	{{ {-367, -3937, -6661}, 0, {1526, -1724}, {101, 74, 234, 255} }},
	{{ {3, -3668, -7729}, 0, {-1142, 1073}, {101, 74, 234, 255} }},
	{{ {-367, -3937, -6661}, 0, {-522, -1724}, {101, 74, 234, 255} }},
	{{ {3, -3648, -7777}, 0, {-1120, 1197}, {101, 74, 234, 255} }},
	{{ {3, -3668, -7729}, 0, {1712, 1891}, {40, 115, 221, 255} }},
	{{ {3, -3648, -7777}, 0, {1733, 2016}, {40, 115, 221, 255} }},
	{{ {374, -3937, -6661}, 0, {2252, -917}, {40, 115, 221, 255} }},
	{{ {3, -3668, -7729}, 0, {1712, 1891}, {40, 115, 221, 255} }},
	{{ {374, -3937, -6661}, 0, {2252, -917}, {40, 115, 221, 255} }},
	{{ {3, -4114, -6659}, 0, {1242, -923}, {40, 115, 221, 255} }},
	{{ {3, -3648, -7777}, 0, {954, 785}, {121, 2, 216, 255} }},
	{{ {364, -3387, -6668}, 0, {317, -2074}, {121, 2, 216, 255} }},
	{{ {374, -3937, -6661}, 0, {1664, -2098}, {121, 2, 216, 255} }},
	{{ {3, -4114, -6659}, 0, {1242, -923}, {26, 111, 201, 255} }},
	{{ {374, -3937, -6661}, 0, {2252, -917}, {26, 111, 201, 255} }},
	{{ {3, -4369, -6404}, 0, {965, -81}, {26, 111, 201, 255} }},
	{{ {3, -4114, -6659}, 0, {318, -429}, {95, 75, 219, 255} }},
	{{ {3, -4369, -6404}, 0, {-14, -1315}, {95, 75, 219, 255} }},
	{{ {-367, -3937, -6661}, 0, {1394, -478}, {95, 75, 219, 255} }},
	{{ {-367, -3937, -6661}, 0, {1394, -478}, {95, 76, 219, 255} }},
	{{ {3, -4369, -6404}, 0, {-14, -1315}, {95, 76, 219, 255} }},
	{{ {-570, -4085, -6407}, 0, {1720, -1305}, {95, 76, 219, 255} }},
	{{ {320, -2979, -4890}, 0, {-29, -561}, {45, 40, 144, 255} }},
	{{ {485, -2591, -4685}, 0, {-349, -1667}, {45, 40, 144, 255} }},
	{{ {980, -3152, -4685}, 0, {1477, -1454}, {45, 40, 144, 255} }},
	{{ {-313, -2979, -4890}, 0, {-588, 1203}, {0, 59, 144, 255} }},
	{{ {-478, -2591, -4685}, 0, {-990, 121}, {0, 59, 144, 255} }},
	{{ {485, -2591, -4685}, 0, {1382, 128}, {0, 59, 144, 255} }},
	{{ {485, -2591, -4685}, 0, {1382, 128}, {0, 59, 144, 255} }},
	{{ {320, -2979, -4890}, 0, {974, 1207}, {0, 59, 144, 255} }},
	{{ {-313, -2979, -4890}, 0, {517, -628}, {111, 21, 197, 255} }},
	{{ {-973, -3152, -4685}, 0, {-742, -1843}, {111, 21, 197, 255} }},
	{{ {-478, -2591, -4685}, 0, {1084, -1630}, {111, 21, 197, 255} }},
	{{ {-577, -3297, -4886}, 0, {-493, -723}, {110, 19, 196, 255} }},
	{{ {-973, -3152, -4685}, 0, {-742, -1843}, {110, 19, 196, 255} }},
	{{ {-313, -2979, -4890}, 0, {517, -628}, {110, 19, 196, 255} }},
	{{ {-577, -3297, -4886}, 0, {1955, 250}, {110, 0, 193, 255} }},
	{{ {-965, -4226, -4685}, 0, {-314, -836}, {110, 0, 193, 255} }},
	{{ {-973, -3152, -4685}, 0, {2318, -836}, {110, 0, 193, 255} }},
	{{ {-570, -4085, -4874}, 0, {23, 240}, {75, 94, 214, 255} }},
	{{ {-965, -4226, -4685}, 0, {-314, -836}, {75, 94, 214, 255} }},
	{{ {-577, -3297, -4886}, 0, {1955, 250}, {75, 94, 214, 255} }},
	{{ {-570, -4085, -4874}, 0, {479, -959}, {89, 80, 213, 255} }},
	{{ {3, -4785, -4685}, 0, {-1809, -1869}, {89, 80, 213, 255} }},
	{{ {-965, -4226, -4685}, 0, {1224, -1869}, {89, 80, 213, 255} }},
	{{ {3, -4369, -4871}, 0, {-1217, -806}, {89, 79, 212, 255} }},
	{{ {3, -4785, -4685}, 0, {-1809, -1869}, {89, 79, 212, 255} }},
	{{ {-570, -4085, -4874}, 0, {479, -959}, {89, 79, 212, 255} }},
	{{ {3, -4369, -4871}, 0, {1035, -51}, {13, 110, 195, 255} }},
	{{ {577, -4085, -4874}, 0, {2607, -64}, {13, 110, 195, 255} }},
	{{ {3, -4785, -4685}, 0, {588, 978}, {13, 110, 195, 255} }},
	{{ {-3524, -5784, -2396}, 0, {-93, -859}, {81, 87, 212, 255} }},
	{{ {-3263, -4533, -2756}, 0, {3040, 20}, {81, 87, 212, 255} }},
	{{ {-2903, -5245, -2724}, 0, {1262, 836}, {81, 87, 212, 255} }},
	{{ {-3318, -5607, -2505}, 0, {269, -2107}, {81, 87, 212, 255} }},
	{{ {-3524, -5784, -2396}, 0, {-182, -2667}, {81, 87, 212, 255} }},
	{{ {-2903, -5245, -2724}, 0, {1188, -986}, {81, 87, 212, 255} }},
	{{ {2831, -6227, -2407}, 0, {-436, -78}, {0, 127, 0, 255} }},
	{{ {2862, -6227, -2404}, 0, {-510, -57}, {0, 127, 0, 255} }},
	{{ {2860, -6227, -2406}, 0, {-508, -63}, {0, 127, 0, 255} }},
	{{ {2831, -6227, -2407}, 0, {5155, 1536}, {6, 111, 194, 255} }},
	{{ {4, -6227, -2680}, 0, {-1832, 1267}, {6, 111, 194, 255} }},
	{{ {2703, -5425, -2820}, 0, {4830, -680}, {6, 111, 194, 255} }},
	{{ {2831, -6227, -2407}, 0, {1059, 1536}, {6, 111, 194, 255} }},
	{{ {2703, -5425, -2820}, 0, {734, -680}, {6, 111, 194, 255} }},
	{{ {2947, -6227, -2396}, 0, {1346, 1547}, {6, 111, 194, 255} }},
	{{ {2947, -6227, -2396}, 0, {1346, -501}, {6, 110, 192, 255} }},
	{{ {2862, -6227, -2404}, 0, {1137, -509}, {6, 110, 193, 255} }},
	{{ {2831, -6227, -2407}, 0, {1059, -512}, {6, 110, 193, 255} }},
	{{ {4, -6227, -2680}, 0, {-1832, 1267}, {8, 110, 194, 255} }},
	{{ {5, -5322, -3243}, 0, {-1865, -1358}, {8, 110, 194, 255} }},
	{{ {2703, -5425, -2820}, 0, {4830, -680}, {8, 110, 194, 255} }},
	{{ {5, -5322, -3243}, 0, {4279, -1358}, {95, 74, 214, 255} }},
	{{ {4, -6227, -2680}, 0, {4223, 1267}, {95, 74, 214, 255} }},
	{{ {-2694, -5425, -2820}, 0, {-2423, -727}, {95, 74, 214, 255} }},
	{{ {-2827, -6227, -2407}, 0, {-729, 1488}, {93, 76, 213, 255} }},
	{{ {-2828, -6227, -2407}, 0, {-730, 1488}, {93, 76, 213, 255} }},
	{{ {-2694, -5425, -2820}, 0, {-375, -727}, {93, 76, 213, 255} }},
	{{ {-2694, -5425, -2820}, 0, {-2423, -727}, {93, 76, 213, 255} }},
	{{ {4, -6227, -2680}, 0, {4223, 1267}, {93, 76, 213, 255} }},
	{{ {-2823, -6227, -2407}, 0, {-2765, 1488}, {93, 76, 213, 255} }},
	{{ {-2694, -5425, -2820}, 0, {-375, -727}, {93, 76, 213, 255} }},
	{{ {-2823, -6227, -2407}, 0, {-717, 1488}, {93, 76, 213, 255} }},
	{{ {-2827, -6227, -2407}, 0, {-729, 1488}, {93, 76, 213, 255} }},
	{{ {-2827, -6227, -2396}, 0, {2295, -783}, {58, 10, 144, 255} }},
	{{ {-2694, -5425, -2820}, 0, {516, -2169}, {58, 10, 144, 255} }},
	{{ {-2828, -6227, -2407}, 0, {2300, -809}, {58, 10, 144, 255} }},
	{{ {-2694, -5425, -2820}, 0, {927, -1515}, {88, 80, 212, 255} }},
	{{ {-2827, -6227, -2396}, 0, {368, 670}, {88, 80, 212, 255} }},
	{{ {-3524, -5784, -2396}, 0, {-1306, -484}, {88, 80, 212, 255} }},
	{{ {-2903, -5245, -2724}, 0, {1256, -2071}, {75, 93, 213, 255} }},
	{{ {-1863, -5067, -3243}, 0, {1726, 788}, {75, 93, 213, 255} }},
	{{ {-2694, -5425, -2820}, 0, {817, -1498}, {75, 93, 213, 255} }},
	{{ {-2903, -5245, -2724}, 0, {1256, -23}, {75, 93, 213, 255} }},
	{{ {-2694, -5425, -2820}, 0, {817, 550}, {75, 93, 213, 255} }},
	{{ {-3524, -5784, -2396}, 0, {-92, -1737}, {75, 93, 213, 255} }},
	{{ {-2903, -5245, -2724}, 0, {-792, -2071}, {110, 0, 193, 255} }},
	{{ {-1863, -4481, -3243}, 0, {1114, 788}, {110, 0, 193, 255} }},
	{{ {-1863, -5067, -3243}, 0, {-322, 788}, {110, 0, 193, 255} }},
	{{ {-2903, -5245, -2724}, 0, {-860, -986}, {81, 87, 212, 255} }},
	{{ {-2605, -5025, -2872}, 0, {-299, -184}, {81, 87, 212, 255} }},
	{{ {-1863, -4481, -3243}, 0, {1089, 1813}, {81, 87, 212, 255} }},
	{{ {-3263, -4533, -2756}, 0, {994, -2022}, {81, 87, 212, 255} }},
	{{ {-1863, -4481, -3243}, 0, {1138, 1611}, {81, 87, 212, 255} }},
	{{ {-2903, -5245, -2724}, 0, {-784, -1206}, {81, 87, 212, 255} }},
	{{ {-2274, -4202, -3038}, 0, {1805, 506}, {111, 13, 195, 255} }},
	{{ {-1863, -4481, -3243}, 0, {1111, 1625}, {111, 13, 195, 255} }},
	{{ {-3263, -4533, -2756}, 0, {966, -2009}, {111, 13, 195, 255} }},
	{{ {-2274, -4202, -3038}, 0, {1805, 506}, {111, 13, 195, 255} }},
	{{ {-3263, -4533, -2756}, 0, {966, -2009}, {111, 13, 195, 255} }},
	{{ {-2901, -3769, -2724}, 0, {2880, -1207}, {111, 13, 195, 255} }},
	{{ {-3524, -3266, -2396}, 0, {2084, -870}, {111, 13, 195, 255} }},
	{{ {-2901, -3769, -2724}, 0, {831, 842}, {111, 13, 195, 255} }},
	{{ {-3263, -4533, -2756}, 0, {-1083, 40}, {111, 13, 195, 255} }},
	{{ {-2900, -2954, -2724}, 0, {2767, 10}, {110, 0, 193, 255} }},
	{{ {-2901, -3769, -2724}, 0, {771, 10}, {110, 0, 193, 255} }},
	{{ {-3524, -3266, -2396}, 0, {2003, -1714}, {110, 0, 193, 255} }},
	{{ {-2901, -3769, -2724}, 0, {771, -2038}, {110, 0, 193, 255} }},
	{{ {-2900, -2954, -2724}, 0, {2767, -2038}, {110, 0, 193, 255} }},
	{{ {-2274, -4202, -3038}, 0, {-268, -310}, {110, 0, 193, 255} }},
	{{ {-2274, -4202, -3038}, 0, {-268, -310}, {110, 0, 193, 255} }},
	{{ {-2900, -2954, -2724}, 0, {2767, -2038}, {110, 0, 193, 255} }},
	{{ {-1863, -3184, -3243}, 0, {2240, 815}, {110, 0, 193, 255} }},
	{{ {-2900, -2954, -2724}, 0, {-2955, -1579}, {112, 42, 213, 255} }},
	{{ {-905, -2591, -2931}, 0, {1956, -567}, {112, 42, 213, 255} }},
	{{ {-1863, -3184, -3243}, 0, {-764, 339}, {112, 42, 213, 255} }},
	{{ {-905, -2591, -2931}, 0, {1956, -567}, {112, 25, 202, 255} }},
	{{ {-2900, -2954, -2724}, 0, {-2955, -1579}, {112, 25, 202, 255} }},
	{{ {-2590, -2123, -2396}, 0, {-1524, -3414}, {112, 25, 202, 255} }},
	{{ {-2900, -2954, -2724}, 0, {-51, -835}, {55, 112, 232, 255} }},
	{{ {-3175, -2764, -3419}, 0, {868, 937}, {55, 112, 232, 255} }},
	{{ {-2590, -2123, -2396}, 0, {2032, -1828}, {55, 112, 232, 255} }},
	{{ {-3524, -3266, -2396}, 0, {-271, -1606}, {28, 118, 219, 255} }},
	{{ {-3175, -2764, -3419}, 0, {955, 1785}, {28, 118, 219, 255} }},
	{{ {-2900, -2954, -2724}, 0, {1760, -531}, {28, 118, 219, 255} }},
	{{ {-3745, -2687, -2396}, 0, {-374, -978}, {71, 102, 229, 255} }},
	{{ {-3175, -2764, -3419}, 0, {268, 1829}, {71, 102, 229, 255} }},
	{{ {-3524, -3266, -2396}, 0, {1121, -978}, {71, 102, 229, 255} }},
	{{ {-3745, -2687, -2396}, 0, {506, -848}, {111, 54, 225, 255} }},
	{{ {-3108, -2123, -2396}, 0, {-1311, -848}, {111, 54, 225, 255} }},
	{{ {-3175, -2764, -3419}, 0, {-155, 1889}, {111, 54, 225, 255} }},
	{{ {1041, -1709, -2527}, 0, {715, -2631}, {0, 53, 141, 255} }},
	{{ {1045, -1709, -2527}, 0, {725, -2631}, {0, 53, 141, 255} }},
	{{ {913, -2591, -2931}, 0, {394, -241}, {0, 53, 141, 255} }},
	{{ {913, -2591, -2931}, 0, {-1340, -107}, {59, 40, 151, 255} }},
	{{ {1045, -1709, -2527}, 0, {-1574, -2503}, {59, 40, 151, 255} }},
	{{ {1560, -2123, -2396}, 0, {16, -2041}, {59, 40, 151, 255} }},
	{{ {913, -2591, -2931}, 0, {-1192, -221}, {0, 96, 172, 255} }},
	{{ {1560, -2123, -2396}, 0, {67, -2218}, {0, 96, 172, 255} }},
	{{ {2597, -2123, -2396}, 0, {2578, -2663}, {0, 96, 172, 255} }},
	{{ {2751, -3030, -2807}, 0, {3460, -352}, {21, 55, 143, 255} }},
	{{ {913, -2591, -2931}, 0, {-1192, -221}, {21, 55, 143, 255} }},
	{{ {2597, -2123, -2396}, 0, {2578, -2663}, {21, 55, 143, 255} }},
	{{ {913, -2591, -2931}, 0, {-1192, -221}, {27, 91, 171, 255} }},
	{{ {2751, -3030, -2807}, 0, {3460, -352}, {27, 91, 171, 255} }},
	{{ {1873, -3172, -3243}, 0, {1419, 963}, {27, 91, 171, 255} }},
	{{ {2751, -3030, -2807}, 0, {-1666, -1581}, {57, 0, 142, 255} }},
	{{ {2282, -4193, -3038}, 0, {1196, -293}, {57, 0, 142, 255} }},
	{{ {1873, -3172, -3243}, 0, {-1316, 831}, {57, 0, 142, 255} }},
	{{ {2899, -3769, -2729}, 0, {154, -1994}, {57, 0, 143, 255} }},
	{{ {2282, -4193, -3038}, 0, {1196, -293}, {57, 0, 143, 255} }},
	{{ {2751, -3030, -2807}, 0, {-1666, -1581}, {57, 0, 143, 255} }},
	{{ {3271, -4516, -2756}, 0, {1955, -1726}, {42, 25, 139, 255} }},
	{{ {1873, -4469, -3243}, 0, {1894, 1903}, {42, 25, 139, 255} }},
	{{ {2282, -4193, -3038}, 0, {1185, 803}, {42, 25, 139, 255} }},
	{{ {3271, -4516, -2756}, 0, {1955, -1726}, {42, 25, 139, 255} }},
	{{ {2282, -4193, -3038}, 0, {1185, 803}, {42, 25, 139, 255} }},
	{{ {2899, -3769, -2729}, 0, {100, -862}, {42, 25, 139, 255} }},
	{{ {2899, -3769, -2729}, 0, {100, 1186}, {42, 25, 139, 255} }},
	{{ {3531, -3266, -2396}, 0, {-1186, -526}, {42, 25, 139, 255} }},
	{{ {3271, -4516, -2756}, 0, {1955, 322}, {42, 25, 139, 255} }},
	{{ {1873, -3172, -3243}, 0, {-1316, 831}, {57, 0, 142, 255} }},
	{{ {2282, -4193, -3038}, 0, {1196, -293}, {57, 0, 142, 255} }},
	{{ {1873, -4469, -3243}, 0, {1877, 831}, {57, 0, 142, 255} }},
	{{ {961, -3175, -3243}, 0, {4602, -2539}, {0, 0, 129, 255} }},
	{{ {-1863, -4481, -3243}, 0, {-2363, 653}, {0, 0, 129, 255} }},
	{{ {-1863, -3184, -3243}, 0, {-2352, -2541}, {0, 0, 129, 255} }},
	{{ {-1863, -3184, -3243}, 0, {-4400, -493}, {0, 59, 144, 255} }},
	{{ {-905, -2591, -2931}, 0, {-2038, -2133}, {0, 59, 144, 255} }},
	{{ {1873, -3172, -3243}, 0, {4802, -491}, {0, 59, 144, 255} }},
	{{ {-1863, -3184, -3243}, 0, {-4400, -493}, {0, 58, 143, 255} }},
	{{ {1873, -3172, -3243}, 0, {4802, -491}, {0, 58, 143, 255} }},
	{{ {961, -3175, -3243}, 0, {2554, -491}, {0, 58, 143, 255} }},
	{{ {-905, -2591, -2931}, 0, {-2038, -2133}, {0, 60, 144, 255} }},
	{{ {913, -2591, -2931}, 0, {2442, -2121}, {0, 60, 144, 255} }},
	{{ {1873, -3172, -3243}, 0, {4802, -491}, {0, 60, 144, 255} }},
	{{ {1873, -4469, -3243}, 0, {-171, 826}, {57, 0, 142, 255} }},
	{{ {2879, -5217, -2741}, 0, {1670, -1941}, {57, 0, 142, 255} }},
	{{ {1873, -5067, -3243}, 0, {1302, 826}, {57, 0, 142, 255} }},
	{{ {2613, -5020, -2872}, 0, {1194, -126}, {19, 112, 199, 255} }},
	{{ {1873, -4469, -3243}, 0, {-154, 1903}, {19, 112, 199, 255} }},
	{{ {2879, -5217, -2741}, 0, {1673, -856}, {19, 112, 199, 255} }},
	{{ {2879, -5217, -2741}, 0, {1673, -856}, {19, 112, 199, 255} }},
	{{ {1873, -4469, -3243}, 0, {-154, 1903}, {19, 112, 199, 255} }},
	{{ {3271, -4516, -2756}, 0, {-93, -1726}, {19, 112, 199, 255} }},
	{{ {2879, -5217, -2741}, 0, {1673, 1192}, {19, 112, 199, 255} }},
	{{ {3271, -4516, -2756}, 0, {-93, 322}, {19, 112, 199, 255} }},
	{{ {3533, -5784, -2396}, 0, {3065, -619}, {19, 112, 199, 255} }},
	{{ {3533, -5784, -2396}, 0, {1028, -1248}, {107, 12, 188, 255} }},
	{{ {2879, -5217, -2741}, 0, {-377, 1138}, {107, 12, 188, 255} }},
	{{ {3257, -5545, -2541}, 0, {433, -243}, {107, 12, 188, 255} }},
	{{ {1873, -5067, -3243}, 0, {-746, 826}, {25, 113, 205, 255} }},
	{{ {2879, -5217, -2741}, 0, {-378, -1941}, {25, 113, 205, 255} }},
	{{ {3533, -5784, -2396}, 0, {1020, -3759}, {25, 113, 205, 255} }},
	{{ {1873, -5067, -3243}, 0, {-746, 826}, {25, 114, 205, 255} }},
	{{ {3533, -5784, -2396}, 0, {1020, -3759}, {25, 113, 205, 255} }},
	{{ {2703, -5425, -2820}, 0, {137, -1467}, {25, 114, 205, 255} }},
	{{ {2947, -6227, -2396}, 0, {1382, 1537}, {19, 110, 196, 255} }},
	{{ {2703, -5425, -2820}, 0, {734, -680}, {19, 110, 196, 255} }},
	{{ {3533, -5784, -2396}, 0, {2878, 522}, {19, 110, 196, 255} }},
	{{ {-1029, -1709, -2527}, 0, {493, -2664}, {110, 22, 197, 255} }},
	{{ {-905, -2591, -2931}, 0, {0, -308}, {110, 22, 197, 255} }},
	{{ {-1552, -2123, -2396}, 0, {-1153, -2371}, {110, 22, 197, 255} }},
	{{ {-1552, -2123, -2396}, 0, {924, -2693}, {0, 96, 172, 255} }},
	{{ {-905, -2591, -2931}, 0, {1956, -567}, {0, 96, 172, 255} }},
	{{ {-2590, -2123, -2396}, 0, {-1524, -3414}, {0, 96, 172, 255} }},
	{{ {2703, -5425, -2820}, 0, {4830, 1368}, {7, 111, 195, 255} }},
	{{ {5, -5322, -3243}, 0, {-1865, 690}, {7, 111, 195, 255} }},
	{{ {1873, -5067, -3243}, 0, {2738, 80}, {7, 111, 195, 255} }},
	{{ {5, -5322, -3243}, 0, {4279, 690}, {99, 70, 218, 255} }},
	{{ {-2694, -5425, -2820}, 0, {-2423, 1321}, {99, 70, 218, 255} }},
	{{ {-1863, -5067, -3243}, 0, {-320, 48}, {99, 70, 218, 255} }},
	{{ {-1863, -3184, -3243}, 0, {2244, 785}, {110, 0, 193, 255} }},
	{{ {-1863, -4481, -3243}, 0, {-934, 785}, {110, 0, 193, 255} }},
	{{ {-2274, -4202, -3038}, 0, {-263, -342}, {110, 0, 193, 255} }},
	{{ {2751, -3030, -2807}, 0, {-1666, 467}, {59, 0, 144, 255} }},
	{{ {3531, -3266, -2396}, 0, {-1087, -1703}, {59, 0, 144, 255} }},
	{{ {2899, -3769, -2729}, 0, {154, 54}, {59, 0, 144, 255} }},
	{{ {3182, -2764, -3419}, 0, {1371, 762}, {109, 61, 233, 255} }},
	{{ {3531, -3266, -2396}, 0, {464, -2752}, {109, 61, 233, 255} }},
	{{ {2751, -3030, -2807}, 0, {2798, -1356}, {109, 61, 233, 255} }},
	{{ {3182, -2764, -3419}, 0, {268, 1829}, {55, 111, 227, 255} }},
	{{ {3752, -2687, -2396}, 0, {-374, -978}, {55, 111, 227, 255} }},
	{{ {3531, -3266, -2396}, 0, {1121, -978}, {55, 111, 227, 255} }},
	{{ {3115, -2123, -2396}, 0, {-1311, -848}, {77, 88, 206, 255} }},
	{{ {3752, -2687, -2396}, 0, {506, -848}, {77, 88, 206, 255} }},
	{{ {3182, -2764, -3419}, 0, {-155, 1889}, {77, 88, 206, 255} }},
	{{ {3182, -2764, -3419}, 0, {2655, 545}, {0, 108, 189, 255} }},
	{{ {2597, -2123, -2396}, 0, {1250, -2425}, {0, 108, 189, 255} }},
	{{ {3115, -2123, -2396}, 0, {2502, -2425}, {0, 108, 189, 255} }},
	{{ {3182, -2764, -3419}, 0, {1793, 1057}, {115, 10, 203, 255} }},
	{{ {2751, -3030, -2807}, 0, {405, -611}, {115, 10, 203, 255} }},
	{{ {2597, -2123, -2396}, 0, {2407, -1912}, {115, 10, 203, 255} }},
	{{ {-2590, -2123, -2396}, 0, {1250, -2425}, {0, 108, 189, 255} }},
	{{ {-3175, -2764, -3419}, 0, {2655, 545}, {0, 108, 189, 255} }},
	{{ {-3108, -2123, -2396}, 0, {2502, -2425}, {0, 108, 189, 255} }},
	{{ {2947, -6227, -2404}, 0, {-716, -21}, {0, 127, 0, 255} }},
	{{ {2860, -6227, -2406}, 0, {-508, -63}, {0, 127, 0, 255} }},
	{{ {2862, -6227, -2404}, 0, {-510, -57}, {0, 127, 0, 255} }},
	{{ {3768, -9874, -87}, 0, {2032, -11}, {127, 0, 0, 255} }},
	{{ {3768, -9816, -87}, 0, {2032, -11}, {127, 0, 0, 255} }},
	{{ {3768, -9816, -376}, 0, {2032, -11}, {127, 0, 0, 255} }},
	{{ {3768, -9874, -87}, 0, {2032, -11}, {127, 0, 0, 255} }},
	{{ {3768, -9816, -376}, 0, {2032, -11}, {127, 0, 0, 255} }},
	{{ {3768, -9855, -493}, 0, {2032, -11}, {127, 0, 0, 255} }},
	{{ {3768, -9874, -87}, 0, {2032, -11}, {127, 0, 0, 255} }},
	{{ {3768, -9855, -493}, 0, {2032, -11}, {127, 0, 0, 255} }},
	{{ {3768, -9870, -541}, 0, {2032, -11}, {127, 0, 0, 255} }},
	{{ {3768, -9870, -541}, 0, {2032, -11}, {127, 0, 0, 255} }},
	{{ {3768, -10010, -643}, 0, {2032, -11}, {127, 0, 0, 255} }},
	{{ {3768, -9874, -87}, 0, {2032, -11}, {127, 0, 0, 255} }},
	{{ {3768, -10010, -643}, 0, {2032, -11}, {127, 0, 0, 255} }},
	{{ {3768, -10096, -643}, 0, {2032, -11}, {127, 0, 0, 255} }},
	{{ {3768, -10096, -643}, 0, {2032, -11}, {127, 0, 0, 255} }},
	{{ {3768, -10183, -643}, 0, {2032, -11}, {127, 0, 0, 255} }},
	{{ {3768, -9874, -87}, 0, {2032, -11}, {127, 0, 0, 255} }},
	{{ {3768, -10183, -643}, 0, {2032, -11}, {127, 0, 0, 255} }},
	{{ {3768, -10323, -541}, 0, {2032, -11}, {127, 0, 0, 255} }},
	{{ {3768, -9874, -87}, 0, {2032, -11}, {127, 0, 0, 255} }},
	{{ {3768, -10323, -541}, 0, {2032, -11}, {127, 0, 0, 255} }},
	{{ {3768, -10338, -493}, 0, {2032, -11}, {127, 0, 0, 255} }},
	{{ {3768, -9874, -87}, 0, {2032, -11}, {127, 0, 0, 255} }},
	{{ {3768, -10338, -493}, 0, {2032, -11}, {127, 0, 0, 255} }},
	{{ {3768, -10377, -376}, 0, {2032, -11}, {127, 0, 0, 255} }},
	{{ {3768, -9874, -87}, 0, {2032, -11}, {127, 0, 0, 255} }},
	{{ {3768, -10377, -376}, 0, {2032, -11}, {127, 0, 0, 255} }},
	{{ {3768, -10377, -87}, 0, {2032, -11}, {127, 0, 0, 255} }},
	{{ {3768, -9874, -87}, 0, {2032, -11}, {0, 129, 0, 255} }},
	{{ {3768, -10377, -87}, 0, {2032, -11}, {0, 127, 0, 255} }},
	{{ {3768, -10319, -87}, 0, {2032, -11}, {0, 127, 0, 255} }},
	{{ {2965, -9816, -87}, 0, {2032, -11}, {0, 127, 0, 255} }},
	{{ {2965, -9816, -376}, 0, {2032, -11}, {0, 127, 0, 255} }},
	{{ {3768, -9816, -376}, 0, {2032, -11}, {0, 127, 0, 255} }},
	{{ {2965, -9816, -87}, 0, {2032, -11}, {0, 127, 0, 255} }},
	{{ {3768, -9816, -376}, 0, {2032, -11}, {0, 127, 0, 255} }},
	{{ {3768, -9816, -87}, 0, {2032, -11}, {0, 127, 0, 255} }},
	{{ {2965, -9816, -376}, 0, {2032, -11}, {0, 67, 148, 255} }},
	{{ {2965, -9855, -493}, 0, {2032, -11}, {0, 67, 148, 255} }},
	{{ {3768, -9855, -493}, 0, {2032, -11}, {0, 67, 148, 255} }},
	{{ {2965, -9816, -376}, 0, {2032, -11}, {0, 67, 148, 255} }},
	{{ {3768, -9855, -493}, 0, {2032, -11}, {0, 67, 148, 255} }},
	{{ {3768, -9816, -376}, 0, {2032, -11}, {0, 67, 148, 255} }},
	{{ {2965, -9855, -493}, 0, {2032, -11}, {0, 67, 148, 255} }},
	{{ {2965, -9870, -541}, 0, {2032, -11}, {0, 67, 148, 255} }},
	{{ {3768, -9870, -541}, 0, {2032, -11}, {0, 67, 148, 255} }},
	{{ {2965, -9855, -493}, 0, {2032, -11}, {0, 67, 148, 255} }},
	{{ {3768, -9870, -541}, 0, {2032, -11}, {0, 67, 148, 255} }},
	{{ {3768, -9855, -493}, 0, {2032, -11}, {0, 67, 148, 255} }},
	{{ {2965, -9870, -541}, 0, {2032, -11}, {0, 97, 174, 255} }},
	{{ {2965, -10010, -643}, 0, {2032, -11}, {0, 97, 174, 255} }},
	{{ {3768, -10010, -643}, 0, {2032, -11}, {0, 97, 174, 255} }},
	{{ {2965, -9870, -541}, 0, {2032, -11}, {0, 97, 174, 255} }},
	{{ {3768, -10010, -643}, 0, {2032, -11}, {0, 97, 174, 255} }},
	{{ {3768, -9870, -541}, 0, {2032, -11}, {0, 97, 174, 255} }},
	{{ {2965, -10010, -643}, 0, {2032, -11}, {0, 0, 129, 255} }},
	{{ {3768, -10096, -643}, 0, {2032, -11}, {0, 0, 129, 255} }},
	{{ {3768, -10010, -643}, 0, {2032, -11}, {0, 0, 129, 255} }},
	{{ {2965, -10096, -643}, 0, {2032, -11}, {0, 0, 129, 255} }},
	{{ {2965, -10183, -643}, 0, {2032, -11}, {0, 0, 129, 255} }},
	{{ {3768, -10183, -643}, 0, {2032, -11}, {0, 0, 129, 255} }},
	{{ {2965, -10183, -643}, 0, {2032, -11}, {0, 56, 142, 255} }},
	{{ {2965, -10323, -541}, 0, {2032, -11}, {0, 56, 142, 255} }},
	{{ {3768, -10323, -541}, 0, {2032, -11}, {0, 56, 142, 255} }},
	{{ {2965, -10183, -643}, 0, {2032, -11}, {0, 56, 142, 255} }},
	{{ {3768, -10323, -541}, 0, {2032, -11}, {0, 56, 142, 255} }},
	{{ {3768, -10183, -643}, 0, {2032, -11}, {0, 56, 142, 255} }},
	{{ {2965, -10323, -541}, 0, {2032, -11}, {0, 62, 145, 255} }},
	{{ {2965, -10338, -493}, 0, {2032, -11}, {0, 62, 145, 255} }},
	{{ {3768, -10338, -493}, 0, {2032, -11}, {0, 62, 145, 255} }},
	{{ {2965, -10323, -541}, 0, {2032, -11}, {0, 62, 145, 255} }},
	{{ {3768, -10338, -493}, 0, {2032, -11}, {0, 62, 145, 255} }},
	{{ {3768, -10323, -541}, 0, {2032, -11}, {0, 62, 145, 255} }},
	{{ {2965, -10338, -493}, 0, {2032, -11}, {0, 62, 145, 255} }},
	{{ {2965, -10377, -376}, 0, {2032, -11}, {0, 62, 145, 255} }},
	{{ {3768, -10377, -376}, 0, {2032, -11}, {0, 62, 145, 255} }},
	{{ {2965, -10338, -493}, 0, {2032, -11}, {0, 62, 145, 255} }},
	{{ {3768, -10377, -376}, 0, {2032, -11}, {0, 62, 145, 255} }},
	{{ {3768, -10338, -493}, 0, {2032, -11}, {0, 62, 145, 255} }},
	{{ {-149, -5943, -838}, 0, {2032, -11}, {0, 127, 0, 255} }},
	{{ {163, -5943, -838}, 0, {2032, -11}, {0, 127, 0, 255} }},
	{{ {163, -5943, -579}, 0, {2032, -11}, {0, 127, 0, 255} }},
	{{ {-149, -5943, -838}, 0, {2032, -11}, {0, 127, 0, 255} }},
	{{ {163, -5943, -579}, 0, {2032, -11}, {0, 127, 0, 255} }},
	{{ {-149, -5943, -579}, 0, {2032, -11}, {0, 127, 0, 255} }},
	{{ {1041, -1709, -2527}, 0, {2763, -2631}, {0, 53, 141, 255} }},
	{{ {913, -2591, -2931}, 0, {2442, -241}, {0, 53, 141, 255} }},
	{{ {-905, -2591, -2931}, 0, {-2038, -253}, {0, 53, 141, 255} }},
	{{ {-1029, -1709, -2527}, 0, {-2336, -2645}, {0, 53, 141, 255} }},
	{{ {961, -3175, -3243}, 0, {506, -2539}, {0, 0, 129, 255} }},
	{{ {1873, -3172, -3243}, 0, {2754, -2539}, {0, 0, 129, 255} }},
	{{ {1873, -4469, -3243}, 0, {2743, 655}, {0, 0, 129, 255} }},
	{{ {1873, -5067, -3243}, 0, {2738, 2128}, {0, 0, 129, 255} }},
	{{ {5, -5322, -3243}, 0, {-1865, 2738}, {0, 0, 129, 255} }},
	{{ {961, -3175, -3243}, 0, {4602, -2539}, {0, 0, 129, 255} }},
	{{ {5, -5322, -3243}, 0, {2231, 2738}, {0, 0, 129, 255} }},
	{{ {-1863, -5067, -3243}, 0, {-2368, 2096}, {0, 0, 129, 255} }},
	{{ {-1863, -4481, -3243}, 0, {-2363, 653}, {0, 0, 129, 255} }},
	{{ {-98, -2496, 210}, 0, {2032, -11}, {0, 0, 129, 255} }},
	{{ {-98, -2130, 210}, 0, {2032, -11}, {0, 0, 129, 255} }},
	{{ {129, -2130, 210}, 0, {2032, -11}, {0, 0, 129, 255} }},
	{{ {129, -2496, 210}, 0, {2032, -11}, {0, 0, 129, 255} }},
	{{ {2965, -10010, -643}, 0, {2032, -11}, {0, 0, 129, 255} }},
	{{ {2965, -10096, -643}, 0, {2032, -11}, {0, 0, 129, 255} }},
	{{ {3768, -10096, -643}, 0, {2032, -11}, {0, 0, 129, 255} }},
	{{ {3768, -10183, -643}, 0, {2032, -11}, {0, 0, 129, 255} }},
	{{ {2965, -10377, -376}, 0, {2032, -11}, {0, 127, 0, 255} }},
	{{ {2965, -10377, -87}, 0, {2032, -11}, {0, 127, 0, 255} }},
	{{ {3768, -10377, -87}, 0, {2032, -11}, {0, 127, 0, 255} }},
	{{ {3768, -10377, -376}, 0, {2032, -11}, {0, 127, 0, 255} }},
};

Gfx castle_grounds_dl_shujacg_mesh_layer_1_tri_2[] = {
	gsSPVertex(castle_grounds_dl_shujacg_mesh_layer_1_vtx_2 + 0, 30, 0),
	gsSP2Triangles(0, 1, 2, 0, 3, 4, 5, 0),
	gsSP2Triangles(6, 7, 8, 0, 9, 10, 11, 0),
	gsSP2Triangles(12, 13, 14, 0, 15, 16, 17, 0),
	gsSP2Triangles(18, 19, 20, 0, 21, 22, 23, 0),
	gsSP2Triangles(24, 25, 26, 0, 27, 28, 29, 0),
	gsSPVertex(castle_grounds_dl_shujacg_mesh_layer_1_vtx_2 + 30, 30, 0),
	gsSP2Triangles(0, 1, 2, 0, 3, 4, 5, 0),
	gsSP2Triangles(6, 7, 8, 0, 9, 10, 11, 0),
	gsSP2Triangles(12, 13, 14, 0, 15, 16, 17, 0),
	gsSP2Triangles(18, 19, 20, 0, 21, 22, 23, 0),
	gsSP2Triangles(24, 25, 26, 0, 27, 28, 29, 0),
	gsSPVertex(castle_grounds_dl_shujacg_mesh_layer_1_vtx_2 + 60, 32, 0),
	gsSP2Triangles(0, 1, 2, 0, 3, 4, 5, 0),
	gsSP2Triangles(6, 7, 8, 0, 9, 10, 11, 0),
	gsSP2Triangles(12, 13, 14, 0, 15, 16, 17, 0),
	gsSP2Triangles(18, 19, 20, 0, 21, 22, 23, 0),
	gsSP2Triangles(24, 25, 26, 0, 24, 27, 28, 0),
	gsSP1Triangle(29, 30, 31, 0),
	gsSPVertex(castle_grounds_dl_shujacg_mesh_layer_1_vtx_2 + 92, 30, 0),
	gsSP2Triangles(0, 1, 2, 0, 3, 4, 5, 0),
	gsSP2Triangles(6, 7, 8, 0, 9, 10, 11, 0),
	gsSP2Triangles(12, 13, 14, 0, 15, 16, 17, 0),
	gsSP2Triangles(18, 19, 20, 0, 21, 22, 23, 0),
	gsSP2Triangles(24, 25, 26, 0, 27, 28, 29, 0),
	gsSPVertex(castle_grounds_dl_shujacg_mesh_layer_1_vtx_2 + 122, 30, 0),
	gsSP2Triangles(0, 1, 2, 0, 3, 4, 5, 0),
	gsSP2Triangles(6, 7, 8, 0, 9, 10, 11, 0),
	gsSP2Triangles(12, 13, 14, 0, 15, 16, 17, 0),
	gsSP2Triangles(18, 19, 20, 0, 21, 22, 23, 0),
	gsSP2Triangles(24, 25, 26, 0, 27, 28, 29, 0),
	gsSPVertex(castle_grounds_dl_shujacg_mesh_layer_1_vtx_2 + 152, 30, 0),
	gsSP2Triangles(0, 1, 2, 0, 3, 4, 5, 0),
	gsSP2Triangles(6, 7, 8, 0, 9, 10, 11, 0),
	gsSP2Triangles(12, 13, 14, 0, 15, 16, 17, 0),
	gsSP2Triangles(18, 19, 20, 0, 21, 22, 23, 0),
	gsSP2Triangles(24, 25, 26, 0, 27, 28, 29, 0),
	gsSPVertex(castle_grounds_dl_shujacg_mesh_layer_1_vtx_2 + 182, 30, 0),
	gsSP2Triangles(0, 1, 2, 0, 3, 4, 5, 0),
	gsSP2Triangles(6, 7, 8, 0, 9, 10, 11, 0),
	gsSP2Triangles(12, 13, 14, 0, 15, 16, 17, 0),
	gsSP2Triangles(18, 19, 20, 0, 21, 22, 23, 0),
	gsSP2Triangles(24, 25, 26, 0, 27, 28, 29, 0),
	gsSPVertex(castle_grounds_dl_shujacg_mesh_layer_1_vtx_2 + 212, 30, 0),
	gsSP2Triangles(0, 1, 2, 0, 3, 4, 5, 0),
	gsSP2Triangles(6, 7, 8, 0, 9, 10, 11, 0),
	gsSP2Triangles(12, 13, 14, 0, 15, 16, 17, 0),
	gsSP2Triangles(18, 19, 20, 0, 21, 22, 23, 0),
	gsSP2Triangles(24, 25, 26, 0, 27, 28, 29, 0),
	gsSPVertex(castle_grounds_dl_shujacg_mesh_layer_1_vtx_2 + 242, 30, 0),
	gsSP2Triangles(0, 1, 2, 0, 3, 4, 5, 0),
	gsSP2Triangles(6, 7, 8, 0, 9, 10, 11, 0),
	gsSP2Triangles(12, 13, 14, 0, 15, 16, 17, 0),
	gsSP2Triangles(18, 19, 20, 0, 21, 22, 23, 0),
	gsSP2Triangles(24, 25, 26, 0, 27, 28, 29, 0),
	gsSPVertex(castle_grounds_dl_shujacg_mesh_layer_1_vtx_2 + 272, 30, 0),
	gsSP2Triangles(0, 1, 2, 0, 3, 4, 5, 0),
	gsSP2Triangles(6, 7, 8, 0, 9, 10, 11, 0),
	gsSP2Triangles(12, 13, 14, 0, 15, 16, 17, 0),
	gsSP2Triangles(18, 19, 20, 0, 21, 22, 23, 0),
	gsSP2Triangles(24, 25, 26, 0, 27, 28, 29, 0),
	gsSPVertex(castle_grounds_dl_shujacg_mesh_layer_1_vtx_2 + 302, 31, 0),
	gsSP2Triangles(0, 1, 2, 0, 3, 4, 5, 0),
	gsSP2Triangles(6, 7, 8, 0, 9, 10, 11, 0),
	gsSP2Triangles(12, 13, 14, 0, 12, 15, 16, 0),
	gsSP2Triangles(17, 18, 19, 0, 17, 20, 21, 0),
	gsSP2Triangles(22, 23, 24, 0, 25, 26, 27, 0),
	gsSP1Triangle(28, 29, 30, 0),
	gsSPVertex(castle_grounds_dl_shujacg_mesh_layer_1_vtx_2 + 333, 30, 0),
	gsSP2Triangles(0, 1, 2, 0, 3, 4, 5, 0),
	gsSP2Triangles(6, 7, 8, 0, 9, 10, 11, 0),
	gsSP2Triangles(12, 13, 14, 0, 15, 16, 17, 0),
	gsSP2Triangles(18, 19, 20, 0, 21, 22, 23, 0),
	gsSP2Triangles(24, 25, 26, 0, 27, 28, 29, 0),
	gsSPVertex(castle_grounds_dl_shujacg_mesh_layer_1_vtx_2 + 363, 30, 0),
	gsSP2Triangles(0, 1, 2, 0, 3, 4, 5, 0),
	gsSP2Triangles(6, 7, 8, 0, 9, 10, 11, 0),
	gsSP2Triangles(12, 13, 14, 0, 15, 16, 17, 0),
	gsSP2Triangles(18, 19, 20, 0, 21, 22, 23, 0),
	gsSP2Triangles(24, 25, 26, 0, 27, 28, 29, 0),
	gsSPVertex(castle_grounds_dl_shujacg_mesh_layer_1_vtx_2 + 393, 25, 0),
	gsSP2Triangles(0, 1, 2, 0, 2, 3, 0, 0),
	gsSP2Triangles(4, 5, 6, 0, 4, 6, 7, 0),
	gsSP2Triangles(4, 7, 8, 0, 9, 10, 11, 0),
	gsSP2Triangles(9, 11, 12, 0, 13, 14, 15, 0),
	gsSP2Triangles(13, 15, 16, 0, 17, 18, 19, 0),
	gsSP2Triangles(18, 20, 19, 0, 21, 22, 23, 0),
	gsSP1Triangle(21, 23, 24, 0),
	gsSPEndDisplayList(),
};

Vtx castle_grounds_dl_shujacg_mesh_layer_1_vtx_3[10] = {
	{{ {175, -6544, -1734}, 0, {2032, -22}, {0, 127, 0, 255} }},
	{{ {-178, -6544, -1734}, 0, {-16, -22}, {0, 127, 0, 255} }},
	{{ {-178, -6544, -1910}, 0, {-16, -1035}, {0, 127, 0, 255} }},
	{{ {175, -6544, -1734}, 0, {2032, -22}, {0, 127, 0, 255} }},
	{{ {-178, -6544, -1910}, 0, {-16, -1035}, {0, 127, 0, 255} }},
	{{ {175, -6544, -1910}, 0, {2032, -1035}, {0, 127, 0, 255} }},
	{{ {-286, -1681, -1868}, 0, {-16, -1035}, {0, 127, 0, 255} }},
	{{ {282, -1681, -1868}, 0, {2032, -1035}, {0, 127, 0, 255} }},
	{{ {282, -1681, -2153}, 0, {2032, -22}, {0, 127, 0, 255} }},
	{{ {-286, -1681, -2153}, 0, {-16, -22}, {0, 127, 0, 255} }},
};

Gfx castle_grounds_dl_shujacg_mesh_layer_1_tri_3[] = {
	gsSPVertex(castle_grounds_dl_shujacg_mesh_layer_1_vtx_3 + 0, 10, 0),
	gsSP2Triangles(0, 1, 2, 0, 3, 4, 5, 0),
	gsSP2Triangles(6, 7, 8, 0, 6, 8, 9, 0),
	gsSPEndDisplayList(),
};

Vtx castle_grounds_dl_shujacg_mesh_layer_1_vtx_4[235] = {
	{{ {322, -1673, -2153}, 0, {-801, 527}, {112, 60, 0, 255} }},
	{{ {322, -1673, -2437}, 0, {-801, 1467}, {112, 60, 0, 255} }},
	{{ {282, -1681, -2437}, 0, {-934, 1467}, {112, 60, 0, 255} }},
	{{ {322, -1673, -2153}, 0, {-801, 527}, {112, 60, 0, 255} }},
	{{ {282, -1681, -2437}, 0, {-934, 1467}, {112, 60, 0, 255} }},
	{{ {282, -1681, -2153}, 0, {-934, 527}, {112, 60, 0, 255} }},
	{{ {-329, -1673, -2437}, 0, {-192, 1456}, {0, 127, 0, 255} }},
	{{ {-403, -1673, -2416}, 0, {-405, 1388}, {0, 127, 0, 255} }},
	{{ {-403, -1673, -1888}, 0, {-405, -356}, {0, 127, 0, 255} }},
	{{ {322, -1673, -2437}, 0, {1688, 1456}, {0, 127, 0, 255} }},
	{{ {395, -1673, -1888}, 0, {1901, -356}, {0, 127, 0, 255} }},
	{{ {395, -1673, -2416}, 0, {1901, 1388}, {0, 127, 0, 255} }},
	{{ {395, -1673, -2416}, 0, {112, 532}, {19, 124, 235, 255} }},
	{{ {347, -1681, -2416}, 0, {276, 532}, {19, 124, 235, 255} }},
	{{ {298, -1673, -2501}, 0, {429, 817}, {19, 124, 235, 255} }},
	{{ {262, -1681, -2501}, 0, {652, 749}, {24, 122, 232, 255} }},
	{{ {298, -1673, -2501}, 0, {528, 749}, {24, 122, 232, 255} }},
	{{ {347, -1681, -2416}, 0, {378, 463}, {24, 122, 232, 255} }},
	{{ {-265, -1681, -2501}, 0, {-468, -210}, {109, 63, 244, 255} }},
	{{ {-350, -1681, -2416}, 0, {-193, -496}, {109, 63, 244, 255} }},
	{{ {-305, -1673, -2501}, 0, {-333, -210}, {109, 63, 244, 255} }},
	{{ {-403, -1673, -2416}, 0, {91, -409}, {111, 62, 246, 255} }},
	{{ {-305, -1673, -2501}, 0, {-226, -125}, {111, 62, 246, 255} }},
	{{ {-350, -1681, -2416}, 0, {-84, -409}, {111, 62, 246, 255} }},
	{{ {-403, -1673, -2416}, 0, {91, 1400}, {111, 61, 0, 255} }},
	{{ {-350, -1681, -2416}, 0, {-84, 1400}, {111, 61, 0, 255} }},
	{{ {-350, -1681, -1888}, 0, {-84, -345}, {111, 61, 0, 255} }},
	{{ {-403, -1673, -2416}, 0, {91, 1400}, {111, 61, 0, 255} }},
	{{ {-350, -1681, -1888}, 0, {-84, -345}, {111, 61, 0, 255} }},
	{{ {-403, -1673, -1888}, 0, {91, -345}, {111, 61, 0, 255} }},
	{{ {-350, -1681, -1888}, 0, {-84, -467}, {84, 47, 172, 255} }},
	{{ {-265, -1681, -1803}, 0, {-361, -751}, {84, 47, 172, 255} }},
	{{ {-403, -1673, -1888}, 0, {91, -467}, {84, 47, 173, 255} }},
	{{ {-305, -1673, -1803}, 0, {-333, -600}, {84, 49, 174, 255} }},
	{{ {-403, -1673, -1888}, 0, {-18, -313}, {84, 49, 174, 255} }},
	{{ {-265, -1681, -1803}, 0, {-468, -600}, {84, 49, 174, 255} }},
	{{ {262, -1681, -1803}, 0, {652, 414}, {13, 64, 147, 255} }},
	{{ {347, -1681, -1888}, 0, {378, 701}, {13, 64, 147, 255} }},
	{{ {298, -1673, -1803}, 0, {528, 414}, {13, 64, 147, 255} }},
	{{ {395, -1673, -1888}, 0, {112, 668}, {9, 63, 146, 255} }},
	{{ {298, -1673, -1803}, 0, {429, 383}, {9, 63, 146, 255} }},
	{{ {347, -1681, -1888}, 0, {276, 668}, {9, 63, 146, 255} }},
	{{ {322, -1673, -1868}, 0, {-801, -413}, {112, 60, 0, 255} }},
	{{ {322, -1673, -2153}, 0, {-801, 527}, {112, 60, 0, 255} }},
	{{ {282, -1681, -2153}, 0, {-934, 527}, {112, 60, 0, 255} }},
	{{ {322, -1673, -1868}, 0, {-801, -413}, {112, 60, 0, 255} }},
	{{ {282, -1681, -2153}, 0, {-934, 527}, {112, 60, 0, 255} }},
	{{ {282, -1681, -1868}, 0, {-934, -413}, {112, 60, 0, 255} }},
	{{ {-329, -1673, -1868}, 0, {1896, -413}, {23, 125, 0, 255} }},
	{{ {-286, -1681, -1868}, 0, {2040, -413}, {23, 125, 0, 255} }},
	{{ {-286, -1681, -2153}, 0, {2040, 527}, {23, 125, 0, 255} }},
	{{ {-329, -1673, -1868}, 0, {1896, -413}, {23, 125, 0, 255} }},
	{{ {-286, -1681, -2153}, 0, {2040, 527}, {23, 125, 0, 255} }},
	{{ {-329, -1673, -2153}, 0, {1896, 527}, {23, 125, 0, 255} }},
	{{ {-329, -1673, -2153}, 0, {1896, 527}, {23, 125, 0, 255} }},
	{{ {-286, -1681, -2153}, 0, {2040, 527}, {23, 125, 0, 255} }},
	{{ {-286, -1681, -2437}, 0, {2040, 1467}, {23, 125, 0, 255} }},
	{{ {-329, -1673, -2153}, 0, {1896, 527}, {23, 125, 0, 255} }},
	{{ {-286, -1681, -2437}, 0, {2040, 1467}, {23, 125, 0, 255} }},
	{{ {-329, -1673, -2437}, 0, {1896, 1467}, {23, 125, 0, 255} }},
	{{ {175, -6544, -1558}, 0, {-248, 1467}, {111, 62, 0, 255} }},
	{{ {175, -6544, -1734}, 0, {-248, 527}, {111, 62, 0, 255} }},
	{{ {201, -6549, -1742}, 0, {-105, 488}, {111, 62, 0, 255} }},
	{{ {175, -6544, -1558}, 0, {-248, -581}, {111, 62, 0, 255} }},
	{{ {201, -6549, -1742}, 0, {-105, -1560}, {111, 62, 0, 255} }},
	{{ {201, -6549, -1536}, 0, {-105, -464}, {111, 62, 0, 255} }},
	{{ {175, -6544, -1734}, 0, {-248, 527}, {111, 62, 0, 255} }},
	{{ {175, -6544, -1910}, 0, {-248, -413}, {111, 62, 0, 255} }},
	{{ {201, -6549, -1947}, 0, {-105, -608}, {111, 62, 0, 255} }},
	{{ {175, -6544, -1734}, 0, {-248, 527}, {111, 62, 0, 255} }},
	{{ {201, -6549, -1947}, 0, {-105, -608}, {111, 62, 0, 255} }},
	{{ {201, -6549, -1742}, 0, {-105, 488}, {111, 62, 0, 255} }},
	{{ {-178, -6544, -1910}, 0, {-184, 85}, {0, 61, 144, 255} }},
	{{ {-215, -6549, -1947}, 0, {-377, -112}, {0, 61, 144, 255} }},
	{{ {201, -6549, -1947}, 0, {1836, -112}, {0, 61, 144, 255} }},
	{{ {-178, -6544, -1910}, 0, {-184, 85}, {0, 61, 144, 255} }},
	{{ {201, -6549, -1947}, 0, {1836, -112}, {0, 61, 144, 255} }},
	{{ {175, -6544, -1910}, 0, {1696, 85}, {0, 61, 144, 255} }},
	{{ {-178, -6544, -1734}, 0, {1232, 527}, {16, 126, 0, 255} }},
	{{ {-215, -6549, -1742}, 0, {1037, 488}, {16, 126, 0, 255} }},
	{{ {-215, -6549, -1947}, 0, {1037, -608}, {16, 126, 0, 255} }},
	{{ {-178, -6544, -1734}, 0, {1232, 527}, {16, 126, 0, 255} }},
	{{ {-215, -6549, -1947}, 0, {1037, -608}, {16, 126, 0, 255} }},
	{{ {-178, -6544, -1910}, 0, {1232, -413}, {16, 126, 0, 255} }},
	{{ {-178, -6544, -1558}, 0, {1232, -581}, {16, 126, 0, 255} }},
	{{ {-215, -6549, -1536}, 0, {1037, -464}, {16, 126, 0, 255} }},
	{{ {-215, -6549, -1742}, 0, {1037, -1560}, {16, 126, 0, 255} }},
	{{ {-178, -6544, -1558}, 0, {1232, 1467}, {16, 126, 0, 255} }},
	{{ {-215, -6549, -1536}, 0, {-360, 158}, {0, 124, 230, 255} }},
	{{ {-178, -6544, -1558}, 0, {-167, 38}, {0, 124, 230, 255} }},
	{{ {175, -6544, -1558}, 0, {1713, 38}, {0, 124, 230, 255} }},
	{{ {-215, -6549, -1536}, 0, {-360, 158}, {0, 124, 230, 255} }},
	{{ {175, -6544, -1558}, 0, {1713, 38}, {0, 124, 230, 255} }},
	{{ {201, -6549, -1536}, 0, {1853, 158}, {0, 124, 230, 255} }},
	{{ {201, -6549, -1536}, 0, {1688, -592}, {0, 127, 0, 255} }},
	{{ {186, -6549, -1489}, 0, {1621, -379}, {0, 127, 0, 255} }},
	{{ {-215, -6549, -1536}, 0, {-192, -592}, {0, 127, 0, 255} }},
	{{ {186, -6549, -1489}, 0, {1621, -379}, {0, 127, 0, 255} }},
	{{ {201, -6549, -1536}, 0, {1688, -592}, {0, 127, 0, 255} }},
	{{ {248, -6549, -1551}, 0, {1901, -660}, {0, 127, 0, 255} }},
	{{ {248, -6549, -1551}, 0, {1901, 1388}, {0, 127, 0, 255} }},
	{{ {201, -6549, -1536}, 0, {1688, 1456}, {0, 127, 0, 255} }},
	{{ {201, -6549, -1742}, 0, {1688, 516}, {0, 127, 0, 255} }},
	{{ {248, -6549, -1551}, 0, {1901, 1388}, {0, 127, 0, 255} }},
	{{ {201, -6549, -1742}, 0, {1688, 516}, {0, 127, 0, 255} }},
	{{ {248, -6549, -1932}, 0, {1901, -356}, {0, 127, 0, 255} }},
	{{ {248, -6549, -1932}, 0, {1901, -356}, {0, 127, 0, 255} }},
	{{ {201, -6549, -1742}, 0, {1688, 516}, {0, 127, 0, 255} }},
	{{ {201, -6549, -1947}, 0, {1688, -424}, {0, 127, 0, 255} }},
	{{ {248, -6549, -1932}, 0, {1901, -356}, {0, 127, 0, 255} }},
	{{ {201, -6549, -1947}, 0, {1688, -424}, {0, 127, 0, 255} }},
	{{ {186, -6549, -1993}, 0, {1621, -637}, {0, 127, 0, 255} }},
	{{ {186, -6549, -1993}, 0, {1621, -637}, {0, 127, 0, 255} }},
	{{ {201, -6549, -1947}, 0, {1688, -424}, {0, 127, 0, 255} }},
	{{ {-215, -6549, -1947}, 0, {-192, -424}, {0, 127, 0, 255} }},
	{{ {186, -6549, -1993}, 0, {1621, -637}, {0, 127, 0, 255} }},
	{{ {-215, -6549, -1947}, 0, {-192, -424}, {0, 127, 0, 255} }},
	{{ {-200, -6549, -1993}, 0, {-124, -637}, {0, 127, 0, 255} }},
	{{ {-215, -6549, -1947}, 0, {-192, -424}, {0, 127, 0, 255} }},
	{{ {-261, -6549, -1932}, 0, {-405, -356}, {0, 127, 0, 255} }},
	{{ {-200, -6549, -1993}, 0, {-124, -637}, {0, 127, 0, 255} }},
	{{ {-215, -6549, -1742}, 0, {-192, 516}, {0, 127, 0, 255} }},
	{{ {-261, -6549, -1932}, 0, {-405, -356}, {0, 127, 0, 255} }},
	{{ {-215, -6549, -1947}, 0, {-192, -424}, {0, 127, 0, 255} }},
	{{ {-215, -6549, -1742}, 0, {-192, 516}, {0, 127, 0, 255} }},
	{{ {-261, -6549, -1551}, 0, {-405, 1388}, {0, 127, 0, 255} }},
	{{ {-261, -6549, -1932}, 0, {-405, -356}, {0, 127, 0, 255} }},
	{{ {-215, -6549, -1536}, 0, {-192, 1456}, {0, 127, 0, 255} }},
	{{ {-261, -6549, -1551}, 0, {-405, 1388}, {0, 127, 0, 255} }},
	{{ {-215, -6549, -1742}, 0, {-192, 516}, {0, 127, 0, 255} }},
	{{ {-215, -6549, -1536}, 0, {-192, -592}, {0, 127, 0, 255} }},
	{{ {-200, -6549, -1489}, 0, {-124, -379}, {0, 127, 0, 255} }},
	{{ {-261, -6549, -1551}, 0, {-405, -660}, {0, 127, 0, 255} }},
	{{ {-200, -6549, -1489}, 0, {-124, -379}, {0, 127, 0, 255} }},
	{{ {-215, -6549, -1536}, 0, {-192, -592}, {0, 127, 0, 255} }},
	{{ {186, -6549, -1489}, 0, {1621, -379}, {0, 127, 0, 255} }},
	{{ {-200, -6549, -1489}, 0, {1951, 986}, {0, 60, 144, 255} }},
	{{ {186, -6549, -1489}, 0, {-103, 986}, {0, 60, 144, 255} }},
	{{ {162, -6544, -1518}, 0, {25, 832}, {0, 60, 144, 255} }},
	{{ {-200, -6549, -1489}, 0, {1951, 986}, {0, 60, 144, 255} }},
	{{ {162, -6544, -1518}, 0, {25, 832}, {0, 60, 144, 255} }},
	{{ {-166, -6544, -1518}, 0, {1770, 832}, {0, 60, 144, 255} }},
	{{ {186, -6549, -1489}, 0, {462, -320}, {6, 58, 143, 255} }},
	{{ {248, -6549, -1551}, 0, {134, -648}, {6, 58, 143, 255} }},
	{{ {162, -6544, -1518}, 0, {592, -473}, {6, 58, 143, 255} }},
	{{ {215, -6544, -1570}, 0, {328, -795}, {6, 58, 143, 255} }},
	{{ {162, -6544, -1518}, 0, {608, -514}, {6, 58, 143, 255} }},
	{{ {248, -6549, -1551}, 0, {149, -689}, {6, 58, 143, 255} }},
	{{ {215, -6544, -1570}, 0, {786, 1400}, {19, 126, 0, 255} }},
	{{ {248, -6549, -1551}, 0, {607, 1505}, {19, 126, 0, 255} }},
	{{ {248, -6549, -1932}, 0, {607, -529}, {19, 126, 0, 255} }},
	{{ {215, -6544, -1570}, 0, {786, 1400}, {19, 126, 0, 255} }},
	{{ {248, -6549, -1932}, 0, {607, -529}, {19, 126, 0, 255} }},
	{{ {215, -6544, -1897}, 0, {786, -345}, {19, 126, 0, 255} }},
	{{ {248, -6549, -1932}, 0, {745, 880}, {9, 126, 247, 255} }},
	{{ {186, -6549, -1993}, 0, {1074, 552}, {9, 126, 247, 255} }},
	{{ {215, -6544, -1897}, 0, {924, 1064}, {9, 126, 247, 255} }},
	{{ {162, -6544, -1950}, 0, {1176, 775}, {9, 126, 247, 255} }},
	{{ {215, -6544, -1897}, 0, {896, 1056}, {9, 126, 247, 255} }},
	{{ {186, -6549, -1993}, 0, {1046, 544}, {9, 126, 247, 255} }},
	{{ {162, -6544, -1950}, 0, {42, 454}, {0, 126, 241, 255} }},
	{{ {186, -6549, -1993}, 0, {-86, 222}, {0, 126, 241, 255} }},
	{{ {-200, -6549, -1993}, 0, {1968, 222}, {0, 126, 241, 255} }},
	{{ {162, -6544, -1950}, 0, {42, 454}, {0, 126, 241, 255} }},
	{{ {-200, -6549, -1993}, 0, {1968, 222}, {0, 126, 241, 255} }},
	{{ {-166, -6544, -1950}, 0, {1787, 454}, {0, 126, 241, 255} }},
	{{ {-166, -6544, -1950}, 0, {350, 826}, {113, 58, 252, 255} }},
	{{ {-200, -6549, -1993}, 0, {533, 595}, {113, 58, 252, 255} }},
	{{ {-218, -6544, -1897}, 0, {630, 1107}, {113, 58, 252, 255} }},
	{{ {-261, -6549, -1932}, 0, {840, 926}, {113, 58, 252, 255} }},
	{{ {-218, -6544, -1897}, 0, {609, 1111}, {113, 58, 252, 255} }},
	{{ {-200, -6549, -1993}, 0, {511, 599}, {113, 58, 252, 255} }},
	{{ {-218, -6544, -1570}, 0, {19, 1400}, {113, 59, 0, 255} }},
	{{ {-218, -6544, -1897}, 0, {19, -345}, {113, 59, 0, 255} }},
	{{ {-261, -6549, -1932}, 0, {251, -529}, {113, 59, 0, 255} }},
	{{ {-218, -6544, -1570}, 0, {19, 1400}, {113, 59, 0, 255} }},
	{{ {-261, -6549, -1551}, 0, {251, 1505}, {113, 59, 0, 255} }},
	{{ {-261, -6549, -1551}, 0, {-780, -885}, {84, 43, 172, 255} }},
	{{ {-200, -6549, -1489}, 0, {-1109, -557}, {84, 43, 172, 255} }},
	{{ {-218, -6544, -1570}, 0, {-1012, -991}, {84, 43, 172, 255} }},
	{{ {-166, -6544, -1518}, 0, {784, -704}, {84, 43, 172, 255} }},
	{{ {-218, -6544, -1570}, 0, {1064, -985}, {84, 43, 172, 255} }},
	{{ {-200, -6549, -1489}, 0, {967, -551}, {84, 43, 172, 255} }},
	{{ {-3923, -5784, -161}, 0, {-1045, 778}, {127, 0, 0, 255} }},
	{{ {-3923, -5784, -74}, 0, {-1045, 431}, {127, 0, 0, 255} }},
	{{ {-3923, -5245, -74}, 0, {1099, 431}, {127, 0, 0, 255} }},
	{{ {-3923, -5784, -161}, 0, {-1045, 778}, {127, 0, 0, 255} }},
	{{ {-3923, -5245, -74}, 0, {1099, 431}, {127, 0, 0, 255} }},
	{{ {-3923, -5245, -161}, 0, {1099, 778}, {127, 0, 0, 255} }},
	{{ {-3923, -5784, -74}, 0, {1027, 2042}, {0, 0, 129, 255} }},
	{{ {-3524, -5784, -74}, 0, {-563, 2042}, {0, 0, 129, 255} }},
	{{ {-3524, -5245, -74}, 0, {-563, -102}, {0, 0, 129, 255} }},
	{{ {-3923, -5784, -74}, 0, {1027, 2042}, {0, 0, 129, 255} }},
	{{ {-3524, -5245, -74}, 0, {-563, -102}, {0, 0, 129, 255} }},
	{{ {-3923, -5245, -74}, 0, {1027, -102}, {0, 0, 129, 255} }},
	{{ {322, -1673, -2153}, 0, {1688, 516}, {0, 127, 0, 255} }},
	{{ {395, -1673, -1888}, 0, {1901, -356}, {0, 127, 0, 255} }},
	{{ {322, -1673, -2437}, 0, {1688, 1456}, {0, 127, 0, 255} }},
	{{ {322, -1673, -1868}, 0, {1688, -424}, {0, 127, 0, 255} }},
	{{ {298, -1673, -1803}, 0, {1621, -637}, {0, 127, 0, 255} }},
	{{ {-305, -1673, -1803}, 0, {-124, -637}, {0, 127, 0, 255} }},
	{{ {-329, -1673, -1868}, 0, {-192, -424}, {0, 127, 0, 255} }},
	{{ {-403, -1673, -1888}, 0, {-405, -356}, {0, 127, 0, 255} }},
	{{ {-329, -1673, -2153}, 0, {-192, 516}, {0, 127, 0, 255} }},
	{{ {-329, -1673, -2437}, 0, {-192, 1456}, {0, 127, 0, 255} }},
	{{ {-403, -1673, -2416}, 0, {-405, -660}, {0, 127, 0, 255} }},
	{{ {-329, -1673, -2437}, 0, {-192, -592}, {0, 127, 0, 255} }},
	{{ {-305, -1673, -2501}, 0, {-124, -379}, {0, 127, 0, 255} }},
	{{ {322, -1673, -2437}, 0, {1688, -592}, {0, 127, 0, 255} }},
	{{ {-286, -1681, -2437}, 0, {1855, -578}, {0, 0, 129, 255} }},
	{{ {282, -1681, -2437}, 0, {-25, -578}, {0, 0, 129, 255} }},
	{{ {322, -1673, -2437}, 0, {-156, -605}, {0, 0, 129, 255} }},
	{{ {-329, -1673, -2437}, 0, {1996, -605}, {0, 0, 129, 255} }},
	{{ {298, -1673, -2501}, 0, {1621, -379}, {0, 127, 0, 255} }},
	{{ {395, -1673, -2416}, 0, {1901, -660}, {0, 127, 0, 255} }},
	{{ {347, -1681, -1888}, 0, {276, -345}, {20, 125, 0, 255} }},
	{{ {347, -1681, -2416}, 0, {276, 1400}, {20, 125, 0, 255} }},
	{{ {395, -1673, -2416}, 0, {112, 1400}, {20, 125, 0, 255} }},
	{{ {395, -1673, -1888}, 0, {112, -345}, {20, 125, 0, 255} }},
	{{ {-265, -1681, -2501}, 0, {-116, -578}, {0, 0, 129, 255} }},
	{{ {-305, -1673, -2501}, 0, {-249, -605}, {0, 0, 129, 255} }},
	{{ {298, -1673, -2501}, 0, {1749, -605}, {0, 0, 129, 255} }},
	{{ {262, -1681, -2501}, 0, {1628, -578}, {0, 0, 129, 255} }},
	{{ {-265, -1681, -1803}, 0, {1787, -578}, {0, 0, 129, 255} }},
	{{ {262, -1681, -1803}, 0, {42, -578}, {0, 0, 129, 255} }},
	{{ {298, -1673, -1803}, 0, {-79, -605}, {0, 0, 129, 255} }},
	{{ {-305, -1673, -1803}, 0, {1919, -605}, {0, 0, 129, 255} }},
	{{ {-286, -1681, -1868}, 0, {-184, -578}, {0, 0, 129, 255} }},
	{{ {-329, -1673, -1868}, 0, {-326, -605}, {0, 0, 129, 255} }},
	{{ {322, -1673, -1868}, 0, {1827, -605}, {0, 0, 129, 255} }},
	{{ {282, -1681, -1868}, 0, {1696, -578}, {0, 0, 129, 255} }},
	{{ {-3524, -5245, -161}, 0, {2579, 778}, {0, 127, 0, 255} }},
	{{ {-3923, -5245, -161}, 0, {989, 778}, {0, 127, 0, 255} }},
	{{ {-3923, -5245, -74}, 0, {989, 431}, {0, 127, 0, 255} }},
	{{ {-3524, -5245, -74}, 0, {2579, 431}, {0, 127, 0, 255} }},
};

Gfx castle_grounds_dl_shujacg_mesh_layer_1_tri_4[] = {
	gsSPVertex(castle_grounds_dl_shujacg_mesh_layer_1_vtx_4 + 0, 30, 0),
	gsSP2Triangles(0, 1, 2, 0, 3, 4, 5, 0),
	gsSP2Triangles(6, 7, 8, 0, 9, 10, 11, 0),
	gsSP2Triangles(12, 13, 14, 0, 15, 16, 17, 0),
	gsSP2Triangles(18, 19, 20, 0, 21, 22, 23, 0),
	gsSP2Triangles(24, 25, 26, 0, 27, 28, 29, 0),
	gsSPVertex(castle_grounds_dl_shujacg_mesh_layer_1_vtx_4 + 30, 30, 0),
	gsSP2Triangles(0, 1, 2, 0, 3, 4, 5, 0),
	gsSP2Triangles(6, 7, 8, 0, 9, 10, 11, 0),
	gsSP2Triangles(12, 13, 14, 0, 15, 16, 17, 0),
	gsSP2Triangles(18, 19, 20, 0, 21, 22, 23, 0),
	gsSP2Triangles(24, 25, 26, 0, 27, 28, 29, 0),
	gsSPVertex(castle_grounds_dl_shujacg_mesh_layer_1_vtx_4 + 60, 31, 0),
	gsSP2Triangles(0, 1, 2, 0, 3, 4, 5, 0),
	gsSP2Triangles(6, 7, 8, 0, 9, 10, 11, 0),
	gsSP2Triangles(12, 13, 14, 0, 15, 16, 17, 0),
	gsSP2Triangles(18, 19, 20, 0, 21, 22, 23, 0),
	gsSP2Triangles(24, 25, 26, 0, 27, 19, 21, 0),
	gsSP1Triangle(28, 29, 30, 0),
	gsSPVertex(castle_grounds_dl_shujacg_mesh_layer_1_vtx_4 + 91, 30, 0),
	gsSP2Triangles(0, 1, 2, 0, 3, 4, 5, 0),
	gsSP2Triangles(6, 7, 8, 0, 9, 10, 11, 0),
	gsSP2Triangles(12, 13, 14, 0, 15, 16, 17, 0),
	gsSP2Triangles(18, 19, 20, 0, 21, 22, 23, 0),
	gsSP2Triangles(24, 25, 26, 0, 27, 28, 29, 0),
	gsSPVertex(castle_grounds_dl_shujacg_mesh_layer_1_vtx_4 + 121, 30, 0),
	gsSP2Triangles(0, 1, 2, 0, 3, 4, 5, 0),
	gsSP2Triangles(6, 7, 8, 0, 9, 10, 11, 0),
	gsSP2Triangles(12, 13, 14, 0, 15, 16, 17, 0),
	gsSP2Triangles(18, 19, 20, 0, 21, 22, 23, 0),
	gsSP2Triangles(24, 25, 26, 0, 27, 28, 29, 0),
	gsSPVertex(castle_grounds_dl_shujacg_mesh_layer_1_vtx_4 + 151, 32, 0),
	gsSP2Triangles(0, 1, 2, 0, 3, 4, 5, 0),
	gsSP2Triangles(6, 7, 8, 0, 9, 10, 11, 0),
	gsSP2Triangles(12, 13, 14, 0, 15, 16, 17, 0),
	gsSP2Triangles(18, 19, 20, 0, 21, 22, 23, 0),
	gsSP2Triangles(24, 23, 25, 0, 26, 27, 28, 0),
	gsSP1Triangle(29, 30, 31, 0),
	gsSPVertex(castle_grounds_dl_shujacg_mesh_layer_1_vtx_4 + 183, 32, 0),
	gsSP2Triangles(0, 1, 2, 0, 3, 4, 5, 0),
	gsSP2Triangles(6, 7, 8, 0, 9, 10, 11, 0),
	gsSP2Triangles(12, 13, 14, 0, 15, 13, 12, 0),
	gsSP2Triangles(15, 16, 13, 0, 15, 17, 16, 0),
	gsSP2Triangles(18, 17, 15, 0, 18, 19, 17, 0),
	gsSP2Triangles(19, 18, 20, 0, 21, 19, 20, 0),
	gsSP2Triangles(22, 23, 24, 0, 24, 23, 25, 0),
	gsSP2Triangles(26, 27, 28, 0, 26, 28, 29, 0),
	gsSP2Triangles(24, 25, 30, 0, 30, 25, 31, 0),
	gsSPVertex(castle_grounds_dl_shujacg_mesh_layer_1_vtx_4 + 215, 20, 0),
	gsSP2Triangles(0, 1, 2, 0, 0, 2, 3, 0),
	gsSP2Triangles(4, 5, 6, 0, 4, 6, 7, 0),
	gsSP2Triangles(8, 9, 10, 0, 8, 10, 11, 0),
	gsSP2Triangles(12, 13, 14, 0, 12, 14, 15, 0),
	gsSP2Triangles(16, 17, 18, 0, 16, 18, 19, 0),
	gsSPEndDisplayList(),
};

Vtx castle_grounds_dl_shujacg_mesh_layer_1_vtx_5[10] = {
	{{ {175, -6544, -1734}, 0, {2032, -1020}, {0, 127, 0, 255} }},
	{{ {175, -6544, -1558}, 0, {2032, -24}, {0, 127, 0, 255} }},
	{{ {-178, -6544, -1558}, 0, {-16, -24}, {0, 127, 0, 255} }},
	{{ {175, -6544, -1734}, 0, {2032, -1020}, {0, 127, 0, 255} }},
	{{ {-178, -6544, -1558}, 0, {-16, -24}, {0, 127, 0, 255} }},
	{{ {-178, -6544, -1734}, 0, {-16, -1020}, {0, 127, 0, 255} }},
	{{ {282, -1681, -2153}, 0, {2032, -1020}, {0, 127, 0, 255} }},
	{{ {282, -1681, -2437}, 0, {2032, -24}, {0, 127, 0, 255} }},
	{{ {-286, -1681, -2437}, 0, {-16, -24}, {0, 127, 0, 255} }},
	{{ {-286, -1681, -2153}, 0, {-16, -1020}, {0, 127, 0, 255} }},
};

Gfx castle_grounds_dl_shujacg_mesh_layer_1_tri_5[] = {
	gsSPVertex(castle_grounds_dl_shujacg_mesh_layer_1_vtx_5 + 0, 10, 0),
	gsSP2Triangles(0, 1, 2, 0, 3, 4, 5, 0),
	gsSP2Triangles(6, 7, 8, 0, 6, 8, 9, 0),
	gsSPEndDisplayList(),
};

Vtx castle_grounds_dl_shujacg_mesh_layer_1_vtx_6[741] = {
	{{ {-90, -9734, -701}, 0, {938, -461}, {42, 110, 209, 255} }},
	{{ {-117, -9793, -693}, 0, {971, -465}, {42, 110, 209, 255} }},
	{{ {-123, -9738, -728}, 0, {946, -448}, {42, 110, 209, 255} }},
	{{ {-109, -9807, -635}, 0, {975, -492}, {61, 110, 241, 255} }},
	{{ {-117, -9793, -693}, 0, {971, -465}, {61, 110, 241, 255} }},
	{{ {-90, -9734, -701}, 0, {938, -461}, {61, 110, 241, 255} }},
	{{ {-195, -9817, -637}, 0, {997, -490}, {15, 123, 228, 255} }},
	{{ {-117, -9793, -693}, 0, {971, -465}, {15, 123, 228, 255} }},
	{{ {-109, -9807, -635}, 0, {975, -492}, {15, 123, 228, 255} }},
	{{ {-117, -9793, -693}, 0, {971, -465}, {15, 123, 228, 255} }},
	{{ {-195, -9817, -637}, 0, {997, -490}, {15, 123, 228, 255} }},
	{{ {-187, -9802, -695}, 0, {988, -464}, {15, 123, 228, 255} }},
	{{ {-195, -9817, -637}, 0, {997, -490}, {85, 93, 238, 255} }},
	{{ {-248, -9754, -638}, 0, {978, -490}, {85, 93, 238, 255} }},
	{{ {-187, -9802, -695}, 0, {988, -464}, {85, 93, 238, 255} }},
	{{ {-195, -9817, -637}, 0, {997, -490}, {84, 85, 213, 255} }},
	{{ {-243, -9550, -634}, 0, {884, -492}, {84, 85, 213, 255} }},
	{{ {-248, -9754, -638}, 0, {978, -490}, {84, 85, 213, 255} }},
	{{ {-195, -9817, -637}, 0, {997, -490}, {84, 85, 213, 255} }},
	{{ {-73, -9733, -632}, 0, {935, -493}, {84, 85, 213, 255} }},
	{{ {-243, -9550, -634}, 0, {884, -492}, {84, 85, 213, 255} }},
	{{ {-73, -9733, -632}, 0, {935, -493}, {84, 85, 213, 255} }},
	{{ {-195, -9817, -637}, 0, {997, -490}, {84, 85, 213, 255} }},
	{{ {-109, -9807, -635}, 0, {975, -492}, {84, 85, 213, 255} }},
	{{ {-109, -9807, -635}, 0, {975, -492}, {61, 110, 242, 255} }},
	{{ {-90, -9734, -701}, 0, {938, -461}, {61, 110, 242, 255} }},
	{{ {-73, -9733, -632}, 0, {935, -493}, {61, 110, 242, 255} }},
	{{ {-90, -9734, -701}, 0, {938, -461}, {57, 113, 243, 255} }},
	{{ {-58, -9597, -630}, 0, {869, -494}, {57, 113, 243, 255} }},
	{{ {-73, -9733, -632}, 0, {935, -493}, {57, 113, 243, 255} }},
	{{ {-90, -9734, -701}, 0, {938, -461}, {57, 113, 242, 255} }},
	{{ {-80, -9612, -715}, 0, {880, -454}, {57, 113, 242, 255} }},
	{{ {-58, -9597, -630}, 0, {869, -494}, {57, 113, 242, 255} }},
	{{ {-80, -9612, -715}, 0, {880, -454}, {38, 112, 211, 255} }},
	{{ {-90, -9734, -701}, 0, {938, -461}, {38, 112, 211, 255} }},
	{{ {-123, -9738, -728}, 0, {946, -448}, {38, 112, 211, 255} }},
	{{ {-123, -9738, -728}, 0, {946, -448}, {46, 112, 217, 255} }},
	{{ {-124, -9627, -763}, 0, {896, -432}, {46, 112, 217, 255} }},
	{{ {-80, -9612, -715}, 0, {880, -454}, {46, 112, 217, 255} }},
	{{ {-193, -9747, -731}, 0, {964, -447}, {4, 111, 194, 255} }},
	{{ {-124, -9627, -763}, 0, {896, -432}, {4, 111, 194, 255} }},
	{{ {-123, -9738, -728}, 0, {946, -448}, {4, 111, 194, 255} }},
	{{ {-124, -9627, -763}, 0, {896, -432}, {4, 111, 194, 255} }},
	{{ {-193, -9747, -731}, 0, {964, -447}, {4, 111, 194, 255} }},
	{{ {-215, -9638, -766}, 0, {918, -430}, {4, 111, 194, 255} }},
	{{ {-193, -9747, -731}, 0, {964, -447}, {80, 89, 214, 255} }},
	{{ {-228, -9751, -705}, 0, {973, -459}, {80, 89, 214, 255} }},
	{{ {-215, -9638, -766}, 0, {918, -430}, {80, 89, 214, 255} }},
	{{ {-187, -9802, -695}, 0, {988, -464}, {87, 83, 216, 255} }},
	{{ {-228, -9751, -705}, 0, {973, -459}, {87, 83, 216, 255} }},
	{{ {-193, -9747, -731}, 0, {964, -447}, {87, 83, 216, 255} }},
	{{ {-187, -9802, -695}, 0, {988, -464}, {86, 92, 239, 255} }},
	{{ {-248, -9754, -638}, 0, {978, -490}, {86, 92, 239, 255} }},
	{{ {-228, -9751, -705}, 0, {973, -459}, {86, 92, 239, 255} }},
	{{ {-248, -9754, -638}, 0, {978, -490}, {69, 105, 238, 255} }},
	{{ {-264, -9634, -720}, 0, {926, -452}, {69, 105, 238, 255} }},
	{{ {-228, -9751, -705}, 0, {973, -459}, {69, 105, 238, 255} }},
	{{ {-248, -9754, -638}, 0, {978, -490}, {69, 105, 238, 255} }},
	{{ {-294, -9625, -637}, 0, {928, -490}, {69, 105, 238, 255} }},
	{{ {-264, -9634, -720}, 0, {926, -452}, {69, 105, 238, 255} }},
	{{ {-243, -9550, -634}, 0, {884, -492}, {84, 85, 213, 255} }},
	{{ {-294, -9625, -637}, 0, {928, -490}, {84, 85, 213, 255} }},
	{{ {-248, -9754, -638}, 0, {978, -490}, {84, 85, 213, 255} }},
	{{ {-264, -9634, -720}, 0, {926, -452}, {113, 49, 226, 255} }},
	{{ {-294, -9625, -637}, 0, {928, -490}, {113, 49, 226, 255} }},
	{{ {-243, -9550, -634}, 0, {884, -492}, {113, 49, 226, 255} }},
	{{ {-264, -9634, -720}, 0, {926, -452}, {116, 47, 232, 255} }},
	{{ {-243, -9550, -634}, 0, {884, -492}, {116, 47, 232, 255} }},
	{{ {-226, -9563, -718}, 0, {886, -453}, {116, 47, 232, 255} }},
	{{ {-243, -9550, -634}, 0, {884, -492}, {113, 58, 246, 255} }},
	{{ {-135, -9552, -715}, 0, {863, -454}, {113, 58, 246, 255} }},
	{{ {-226, -9563, -718}, 0, {886, -453}, {113, 58, 246, 255} }},
	{{ {-135, -9552, -715}, 0, {863, -454}, {113, 58, 246, 255} }},
	{{ {-243, -9550, -634}, 0, {884, -492}, {113, 58, 246, 255} }},
	{{ {-126, -9536, -631}, 0, {854, -493}, {113, 58, 246, 255} }},
	{{ {-58, -9597, -630}, 0, {869, -494}, {84, 85, 213, 255} }},
	{{ {-126, -9536, -631}, 0, {854, -493}, {84, 85, 213, 255} }},
	{{ {-243, -9550, -634}, 0, {884, -492}, {84, 85, 213, 255} }},
	{{ {-135, -9552, -715}, 0, {863, -454}, {83, 93, 230, 255} }},
	{{ {-126, -9536, -631}, 0, {854, -493}, {83, 93, 230, 255} }},
	{{ {-58, -9597, -630}, 0, {869, -494}, {83, 93, 230, 255} }},
	{{ {-80, -9612, -715}, 0, {880, -454}, {90, 82, 219, 255} }},
	{{ {-135, -9552, -715}, 0, {863, -454}, {90, 82, 219, 255} }},
	{{ {-58, -9597, -630}, 0, {869, -494}, {90, 82, 219, 255} }},
	{{ {-80, -9612, -715}, 0, {880, -454}, {71, 64, 172, 255} }},
	{{ {-124, -9627, -763}, 0, {896, -432}, {71, 64, 172, 255} }},
	{{ {-135, -9552, -715}, 0, {863, -454}, {71, 64, 172, 255} }},
	{{ {-215, -9638, -766}, 0, {918, -430}, {113, 31, 208, 255} }},
	{{ {-135, -9552, -715}, 0, {863, -454}, {113, 31, 208, 255} }},
	{{ {-124, -9627, -763}, 0, {896, -432}, {113, 31, 208, 255} }},
	{{ {-135, -9552, -715}, 0, {863, -454}, {113, 31, 208, 255} }},
	{{ {-215, -9638, -766}, 0, {918, -430}, {113, 31, 208, 255} }},
	{{ {-226, -9563, -718}, 0, {886, -453}, {113, 31, 208, 255} }},
	{{ {-215, -9638, -766}, 0, {918, -430}, {111, 29, 201, 255} }},
	{{ {-264, -9634, -720}, 0, {926, -452}, {111, 29, 201, 255} }},
	{{ {-226, -9563, -718}, 0, {886, -453}, {111, 29, 201, 255} }},
	{{ {-215, -9638, -766}, 0, {918, -430}, {75, 95, 218, 255} }},
	{{ {-228, -9751, -705}, 0, {973, -459}, {75, 95, 218, 255} }},
	{{ {-264, -9634, -720}, 0, {926, -452}, {75, 95, 218, 255} }},
	{{ {-58, -9597, -630}, 0, {869, -494}, {84, 85, 213, 255} }},
	{{ {-243, -9550, -634}, 0, {884, -492}, {84, 85, 213, 255} }},
	{{ {-73, -9733, -632}, 0, {935, -493}, {84, 85, 213, 255} }},
	{{ {-123, -9738, -728}, 0, {946, -448}, {6, 110, 193, 255} }},
	{{ {-187, -9802, -695}, 0, {988, -464}, {6, 110, 193, 255} }},
	{{ {-193, -9747, -731}, 0, {964, -447}, {6, 110, 193, 255} }},
	{{ {-187, -9802, -695}, 0, {988, -464}, {6, 110, 193, 255} }},
	{{ {-123, -9738, -728}, 0, {946, -448}, {6, 110, 193, 255} }},
	{{ {-117, -9793, -693}, 0, {971, -465}, {6, 110, 193, 255} }},
	{{ {-220, -9807, -777}, 0, {778, -590}, {70, 69, 176, 255} }},
	{{ {-125, -9889, -765}, 0, {714, -590}, {70, 69, 176, 255} }},
	{{ {-149, -9822, -698}, 0, {778, -526}, {70, 69, 176, 255} }},
	{{ {-110, -9857, -904}, 0, {778, -590}, {93, 85, 240, 255} }},
	{{ {-125, -9889, -765}, 0, {714, -590}, {93, 85, 240, 255} }},
	{{ {-220, -9807, -777}, 0, {778, -526}, {93, 85, 240, 255} }},
	{{ {-110, -9857, -904}, 0, {778, -526}, {0, 124, 230, 255} }},
	{{ {56, -9889, -765}, 0, {778, -590}, {0, 124, 230, 255} }},
	{{ {-125, -9889, -765}, 0, {714, -590}, {0, 124, 230, 255} }},
	{{ {-110, -9857, -904}, 0, {714, -590}, {0, 124, 230, 255} }},
	{{ {40, -9857, -904}, 0, {778, -526}, {0, 124, 230, 255} }},
	{{ {56, -9889, -765}, 0, {778, -590}, {0, 124, 230, 255} }},
	{{ {-88, -9790, -1021}, 0, {413, -242}, {0, 117, 206, 255} }},
	{{ {40, -9857, -904}, 0, {349, -242}, {0, 117, 206, 255} }},
	{{ {-110, -9857, -904}, 0, {413, -178}, {0, 117, 206, 255} }},
	{{ {-88, -9790, -1021}, 0, {413, -242}, {0, 117, 206, 255} }},
	{{ {19, -9790, -1021}, 0, {349, -242}, {0, 117, 206, 255} }},
	{{ {40, -9857, -904}, 0, {413, -178}, {0, 117, 206, 255} }},
	{{ {19, -9680, -1014}, 0, {349, -242}, {0, 8, 129, 255} }},
	{{ {19, -9790, -1021}, 0, {413, -178}, {0, 8, 129, 255} }},
	{{ {-88, -9790, -1021}, 0, {413, -242}, {0, 8, 129, 255} }},
	{{ {19, -9790, -1021}, 0, {413, -242}, {100, 5, 178, 255} }},
	{{ {19, -9680, -1014}, 0, {349, -242}, {100, 5, 178, 255} }},
	{{ {114, -9666, -892}, 0, {413, -178}, {100, 5, 178, 255} }},
	{{ {19, -9680, -1014}, 0, {413, -178}, {73, 80, 190, 255} }},
	{{ {40, -9595, -888}, 0, {413, -242}, {73, 80, 190, 255} }},
	{{ {114, -9666, -892}, 0, {349, -242}, {73, 80, 190, 255} }},
	{{ {19, -9680, -1014}, 0, {413, -242}, {0, 105, 185, 255} }},
	{{ {-109, -9595, -888}, 0, {349, -242}, {0, 105, 185, 255} }},
	{{ {40, -9595, -888}, 0, {413, -178}, {0, 105, 185, 255} }},
	{{ {-88, -9680, -1014}, 0, {349, -242}, {0, 105, 185, 255} }},
	{{ {-109, -9595, -888}, 0, {413, -178}, {0, 105, 185, 255} }},
	{{ {-88, -9680, -1014}, 0, {413, -178}, {110, 48, 216, 255} }},
	{{ {-183, -9666, -893}, 0, {413, -242}, {110, 48, 216, 255} }},
	{{ {-109, -9595, -888}, 0, {349, -242}, {110, 48, 216, 255} }},
	{{ {-183, -9792, -900}, 0, {349, -242}, {114, 4, 199, 255} }},
	{{ {-183, -9666, -893}, 0, {413, -178}, {114, 4, 199, 255} }},
	{{ {-88, -9680, -1014}, 0, {413, -242}, {114, 4, 199, 255} }},
	{{ {-220, -9807, -777}, 0, {778, -590}, {123, 2, 223, 255} }},
	{{ {-183, -9666, -893}, 0, {714, -590}, {123, 2, 223, 255} }},
	{{ {-183, -9792, -900}, 0, {778, -526}, {123, 2, 223, 255} }},
	{{ {-220, -9807, -777}, 0, {778, -590}, {59, 111, 239, 255} }},
	{{ {-220, -9665, -782}, 0, {714, -590}, {59, 111, 239, 255} }},
	{{ {-183, -9666, -893}, 0, {778, -526}, {59, 111, 239, 255} }},
	{{ {-149, -9822, -698}, 0, {778, -590}, {87, 2, 163, 255} }},
	{{ {-220, -9665, -782}, 0, {714, -590}, {87, 2, 163, 255} }},
	{{ {-220, -9807, -777}, 0, {778, -526}, {87, 2, 163, 255} }},
	{{ {-149, -9822, -698}, 0, {778, -590}, {57, 93, 190, 255} }},
	{{ {-149, -9647, -687}, 0, {714, -590}, {57, 93, 190, 255} }},
	{{ {-220, -9665, -782}, 0, {778, -526}, {57, 93, 190, 255} }},
	{{ {79, -9822, -698}, 0, {778, -590}, {0, 113, 197, 255} }},
	{{ {-149, -9647, -687}, 0, {714, -590}, {0, 113, 197, 255} }},
	{{ {-149, -9822, -698}, 0, {778, -526}, {0, 113, 197, 255} }},
	{{ {80, -9647, -687}, 0, {714, -590}, {0, 113, 197, 255} }},
	{{ {-149, -9647, -687}, 0, {778, -526}, {0, 113, 197, 255} }},
	{{ {79, -9822, -698}, 0, {778, -590}, {1, 113, 197, 255} }},
	{{ {56, -9571, -776}, 0, {778, -526}, {0, 62, 145, 255} }},
	{{ {-149, -9647, -687}, 0, {778, -590}, {0, 62, 145, 255} }},
	{{ {80, -9647, -687}, 0, {714, -590}, {0, 62, 145, 255} }},
	{{ {-125, -9570, -776}, 0, {778, -526}, {0, 62, 145, 255} }},
	{{ {-149, -9647, -687}, 0, {778, -590}, {0, 62, 145, 255} }},
	{{ {56, -9571, -776}, 0, {714, -590}, {0, 62, 145, 255} }},
	{{ {-220, -9665, -782}, 0, {714, -590}, {77, 37, 162, 255} }},
	{{ {-149, -9647, -687}, 0, {778, -526}, {77, 37, 162, 255} }},
	{{ {-125, -9570, -776}, 0, {778, -590}, {77, 37, 162, 255} }},
	{{ {-183, -9666, -893}, 0, {714, -590}, {111, 58, 236, 255} }},
	{{ {-220, -9665, -782}, 0, {778, -526}, {111, 58, 236, 255} }},
	{{ {-125, -9570, -776}, 0, {778, -590}, {111, 58, 236, 255} }},
	{{ {-183, -9666, -893}, 0, {778, -526}, {111, 58, 235, 255} }},
	{{ {-125, -9570, -776}, 0, {778, -590}, {111, 58, 235, 255} }},
	{{ {-109, -9595, -888}, 0, {714, -590}, {111, 58, 235, 255} }},
	{{ {-109, -9595, -888}, 0, {778, -526}, {0, 124, 228, 255} }},
	{{ {-125, -9570, -776}, 0, {778, -590}, {0, 124, 228, 255} }},
	{{ {40, -9595, -888}, 0, {714, -590}, {0, 124, 228, 255} }},
	{{ {40, -9595, -888}, 0, {778, -526}, {0, 124, 228, 255} }},
	{{ {-125, -9570, -776}, 0, {778, -590}, {0, 124, 228, 255} }},
	{{ {56, -9571, -776}, 0, {714, -590}, {0, 124, 228, 255} }},
	{{ {40, -9595, -888}, 0, {714, -590}, {86, 88, 224, 255} }},
	{{ {56, -9571, -776}, 0, {778, -526}, {86, 88, 224, 255} }},
	{{ {150, -9665, -782}, 0, {778, -590}, {86, 88, 224, 255} }},
	{{ {150, -9665, -782}, 0, {778, -590}, {45, 43, 145, 255} }},
	{{ {56, -9571, -776}, 0, {714, -590}, {45, 43, 145, 255} }},
	{{ {80, -9647, -687}, 0, {778, -526}, {45, 43, 145, 255} }},
	{{ {150, -9807, -777}, 0, {714, -590}, {62, 1, 145, 255} }},
	{{ {150, -9665, -782}, 0, {778, -526}, {62, 1, 145, 255} }},
	{{ {80, -9647, -687}, 0, {778, -590}, {62, 1, 145, 255} }},
	{{ {150, -9807, -777}, 0, {714, -590}, {54, 114, 240, 255} }},
	{{ {114, -9792, -900}, 0, {778, -526}, {54, 114, 240, 255} }},
	{{ {150, -9665, -782}, 0, {778, -590}, {54, 114, 240, 255} }},
	{{ {114, -9792, -900}, 0, {714, -590}, {54, 112, 232, 255} }},
	{{ {150, -9807, -777}, 0, {778, -526}, {54, 112, 232, 255} }},
	{{ {56, -9889, -765}, 0, {778, -590}, {54, 112, 232, 255} }},
	{{ {150, -9807, -777}, 0, {714, -590}, {37, 79, 164, 255} }},
	{{ {79, -9822, -698}, 0, {778, -526}, {37, 79, 164, 255} }},
	{{ {56, -9889, -765}, 0, {778, -590}, {37, 79, 164, 255} }},
	{{ {79, -9822, -698}, 0, {714, -590}, {38, 100, 187, 255} }},
	{{ {150, -9807, -777}, 0, {778, -526}, {38, 100, 187, 255} }},
	{{ {80, -9647, -687}, 0, {778, -590}, {38, 100, 187, 255} }},
	{{ {-125, -9889, -765}, 0, {714, -590}, {0, 90, 166, 255} }},
	{{ {56, -9889, -765}, 0, {778, -526}, {0, 90, 166, 255} }},
	{{ {79, -9822, -698}, 0, {778, -590}, {0, 90, 166, 255} }},
	{{ {-125, -9889, -765}, 0, {778, -526}, {0, 90, 166, 255} }},
	{{ {79, -9822, -698}, 0, {778, -590}, {0, 90, 166, 255} }},
	{{ {-149, -9822, -698}, 0, {714, -590}, {0, 90, 166, 255} }},
	{{ {40, -9857, -904}, 0, {714, -590}, {56, 112, 236, 255} }},
	{{ {114, -9792, -900}, 0, {778, -526}, {56, 112, 236, 255} }},
	{{ {56, -9889, -765}, 0, {778, -590}, {56, 112, 236, 255} }},
	{{ {19, -9790, -1021}, 0, {413, -178}, {48, 111, 217, 255} }},
	{{ {114, -9792, -900}, 0, {413, -242}, {48, 111, 217, 255} }},
	{{ {40, -9857, -904}, 0, {349, -242}, {48, 111, 217, 255} }},
	{{ {114, -9792, -900}, 0, {413, -178}, {100, 5, 178, 255} }},
	{{ {19, -9790, -1021}, 0, {413, -242}, {100, 5, 178, 255} }},
	{{ {114, -9666, -892}, 0, {349, -242}, {100, 5, 178, 255} }},
	{{ {114, -9792, -900}, 0, {714, -590}, {120, 2, 216, 255} }},
	{{ {114, -9666, -892}, 0, {778, -526}, {120, 2, 216, 255} }},
	{{ {150, -9665, -782}, 0, {778, -590}, {120, 2, 216, 255} }},
	{{ {114, -9666, -892}, 0, {714, -590}, {85, 90, 227, 255} }},
	{{ {40, -9595, -888}, 0, {778, -526}, {85, 90, 227, 255} }},
	{{ {150, -9665, -782}, 0, {778, -590}, {85, 90, 227, 255} }},
	{{ {-110, -9857, -904}, 0, {778, -590}, {91, 87, 237, 255} }},
	{{ {-220, -9807, -777}, 0, {714, -590}, {91, 87, 237, 255} }},
	{{ {-183, -9792, -900}, 0, {778, -526}, {91, 87, 237, 255} }},
	{{ {-88, -9790, -1021}, 0, {413, -178}, {89, 86, 226, 255} }},
	{{ {-110, -9857, -904}, 0, {413, -242}, {89, 86, 226, 255} }},
	{{ {-183, -9792, -900}, 0, {349, -242}, {89, 86, 226, 255} }},
	{{ {-183, -9792, -900}, 0, {413, -178}, {114, 4, 199, 255} }},
	{{ {-88, -9680, -1014}, 0, {413, -242}, {114, 4, 199, 255} }},
	{{ {-88, -9790, -1021}, 0, {349, -242}, {114, 4, 199, 255} }},
	{{ {19, -9680, -1014}, 0, {413, -178}, {0, 8, 129, 255} }},
	{{ {-88, -9790, -1021}, 0, {413, -242}, {0, 8, 129, 255} }},
	{{ {-88, -9680, -1014}, 0, {349, -242}, {0, 8, 129, 255} }},
	{{ {32, -9591, -917}, 0, {953, -558}, {79, 88, 210, 255} }},
	{{ {69, -9559, -791}, 0, {988, -526}, {79, 88, 210, 255} }},
	{{ {177, -9652, -784}, 0, {988, -558}, {79, 88, 210, 255} }},
	{{ {32, -9591, -917}, 0, {988, -526}, {66, 106, 232, 255} }},
	{{ {177, -9652, -784}, 0, {988, -558}, {66, 106, 232, 255} }},
	{{ {127, -9650, -912}, 0, {953, -558}, {66, 106, 232, 255} }},
	{{ {127, -9794, -921}, 0, {953, -558}, {118, 3, 210, 255} }},
	{{ {127, -9650, -912}, 0, {988, -526}, {118, 3, 210, 255} }},
	{{ {177, -9652, -784}, 0, {988, -558}, {118, 3, 210, 255} }},
	{{ {58, -9805, -1032}, 0, {988, -558}, {108, 4, 189, 255} }},
	{{ {127, -9650, -912}, 0, {953, -558}, {108, 4, 189, 255} }},
	{{ {127, -9794, -921}, 0, {988, -526}, {108, 4, 189, 255} }},
	{{ {58, -9805, -1032}, 0, {988, -558}, {99, 16, 178, 255} }},
	{{ {59, -9665, -1003}, 0, {953, -558}, {99, 16, 178, 255} }},
	{{ {127, -9650, -912}, 0, {988, -526}, {99, 16, 178, 255} }},
	{{ {59, -9665, -1003}, 0, {988, -526}, {60, 93, 194, 255} }},
	{{ {32, -9591, -917}, 0, {988, -558}, {60, 93, 194, 255} }},
	{{ {127, -9650, -912}, 0, {953, -558}, {60, 93, 194, 255} }},
	{{ {45, -9880, -926}, 0, {953, -558}, {55, 111, 228, 255} }},
	{{ {58, -9805, -1032}, 0, {988, -526}, {55, 111, 228, 255} }},
	{{ {127, -9794, -921}, 0, {988, -558}, {55, 111, 228, 255} }},
	{{ {-128, -9805, -1032}, 0, {988, -558}, {0, 114, 201, 255} }},
	{{ {58, -9805, -1032}, 0, {953, -558}, {0, 114, 201, 255} }},
	{{ {45, -9880, -926}, 0, {988, -526}, {0, 114, 201, 255} }},
	{{ {-128, -9805, -1032}, 0, {988, -558}, {0, 114, 201, 255} }},
	{{ {45, -9880, -926}, 0, {953, -558}, {0, 114, 201, 255} }},
	{{ {-115, -9880, -926}, 0, {988, -526}, {0, 114, 201, 255} }},
	{{ {-115, -9880, -926}, 0, {953, -558}, {0, 121, 219, 255} }},
	{{ {45, -9880, -926}, 0, {988, -526}, {0, 121, 219, 255} }},
	{{ {69, -9931, -782}, 0, {988, -558}, {0, 121, 219, 255} }},
	{{ {69, -9931, -782}, 0, {988, -558}, {56, 111, 229, 255} }},
	{{ {45, -9880, -926}, 0, {953, -558}, {56, 111, 229, 255} }},
	{{ {127, -9794, -921}, 0, {988, -526}, {56, 111, 229, 255} }},
	{{ {69, -9931, -782}, 0, {988, -558}, {59, 110, 235, 255} }},
	{{ {127, -9794, -921}, 0, {953, -558}, {59, 110, 235, 255} }},
	{{ {176, -9794, -782}, 0, {988, -526}, {59, 110, 235, 255} }},
	{{ {176, -9794, -782}, 0, {953, -558}, {53, 114, 237, 255} }},
	{{ {127, -9794, -921}, 0, {988, -526}, {53, 114, 237, 255} }},
	{{ {177, -9652, -784}, 0, {988, -558}, {53, 114, 237, 255} }},
	{{ {-115, -9880, -926}, 0, {988, -526}, {0, 121, 219, 255} }},
	{{ {69, -9931, -782}, 0, {988, -558}, {0, 121, 219, 255} }},
	{{ {-139, -9930, -782}, 0, {953, -558}, {0, 121, 219, 255} }},
	{{ {-139, -9930, -782}, 0, {953, -558}, {83, 93, 234, 255} }},
	{{ {-246, -9793, -782}, 0, {988, -526}, {83, 93, 234, 255} }},
	{{ {-115, -9880, -926}, 0, {988, -558}, {83, 93, 234, 255} }},
	{{ {-115, -9880, -926}, 0, {988, -558}, {87, 91, 239, 255} }},
	{{ {-246, -9793, -782}, 0, {953, -558}, {87, 91, 239, 255} }},
	{{ {-196, -9793, -921}, 0, {988, -526}, {87, 91, 239, 255} }},
	{{ {-246, -9793, -782}, 0, {988, -558}, {121, 3, 218, 255} }},
	{{ {-196, -9649, -913}, 0, {953, -558}, {121, 3, 218, 255} }},
	{{ {-196, -9793, -921}, 0, {988, -526}, {121, 3, 218, 255} }},
	{{ {-246, -9793, -782}, 0, {988, -558}, {120, 0, 216, 255} }},
	{{ {-246, -9651, -784}, 0, {953, -558}, {120, 0, 216, 255} }},
	{{ {-196, -9649, -913}, 0, {988, -526}, {120, 0, 216, 255} }},
	{{ {-196, -9649, -913}, 0, {953, -558}, {111, 59, 237, 255} }},
	{{ {-246, -9651, -784}, 0, {988, -526}, {111, 59, 237, 255} }},
	{{ {-138, -9559, -791}, 0, {988, -558}, {111, 59, 237, 255} }},
	{{ {-101, -9591, -917}, 0, {953, -558}, {110, 58, 231, 255} }},
	{{ {-196, -9649, -913}, 0, {988, -526}, {110, 58, 231, 255} }},
	{{ {-138, -9559, -791}, 0, {988, -558}, {110, 58, 231, 255} }},
	{{ {-128, -9665, -1003}, 0, {988, -526}, {110, 52, 221, 255} }},
	{{ {-196, -9649, -913}, 0, {988, -558}, {110, 52, 221, 255} }},
	{{ {-101, -9591, -917}, 0, {953, -558}, {110, 52, 221, 255} }},
	{{ {-196, -9793, -921}, 0, {953, -558}, {114, 4, 200, 255} }},
	{{ {-196, -9649, -913}, 0, {988, -526}, {114, 4, 200, 255} }},
	{{ {-128, -9665, -1003}, 0, {988, -558}, {114, 4, 200, 255} }},
	{{ {-128, -9805, -1032}, 0, {953, -558}, {115, 11, 204, 255} }},
	{{ {-196, -9793, -921}, 0, {988, -526}, {115, 11, 204, 255} }},
	{{ {-128, -9665, -1003}, 0, {988, -558}, {115, 11, 204, 255} }},
	{{ {-115, -9880, -926}, 0, {988, -558}, {86, 90, 233, 255} }},
	{{ {-196, -9793, -921}, 0, {953, -558}, {86, 90, 233, 255} }},
	{{ {-128, -9805, -1032}, 0, {988, -526}, {86, 90, 233, 255} }},
	{{ {223, -9625, -637}, 0, {928, -490}, {2, 113, 199, 255} }},
	{{ {171, -9550, -634}, 0, {884, -492}, {2, 113, 199, 255} }},
	{{ {176, -9754, -638}, 0, {978, -490}, {2, 113, 199, 255} }},
	{{ {193, -9634, -720}, 0, {926, -452}, {98, 69, 214, 255} }},
	{{ {171, -9550, -634}, 0, {884, -492}, {98, 69, 214, 255} }},
	{{ {223, -9625, -637}, 0, {928, -490}, {98, 69, 214, 255} }},
	{{ {193, -9634, -720}, 0, {926, -452}, {107, 60, 225, 255} }},
	{{ {154, -9563, -718}, 0, {886, -453}, {107, 60, 225, 255} }},
	{{ {171, -9550, -634}, 0, {884, -492}, {107, 60, 225, 255} }},
	{{ {193, -9634, -720}, 0, {926, -452}, {78, 46, 167, 255} }},
	{{ {144, -9638, -766}, 0, {918, -430}, {78, 46, 167, 255} }},
	{{ {154, -9563, -718}, 0, {886, -453}, {78, 46, 167, 255} }},
	{{ {193, -9634, -720}, 0, {926, -452}, {43, 111, 212, 255} }},
	{{ {156, -9751, -705}, 0, {973, -459}, {43, 111, 212, 255} }},
	{{ {144, -9638, -766}, 0, {918, -430}, {43, 111, 212, 255} }},
	{{ {176, -9754, -638}, 0, {978, -490}, {59, 111, 237, 255} }},
	{{ {156, -9751, -705}, 0, {973, -459}, {59, 111, 237, 255} }},
	{{ {193, -9634, -720}, 0, {926, -452}, {59, 111, 237, 255} }},
	{{ {116, -9802, -695}, 0, {988, -464}, {59, 111, 236, 255} }},
	{{ {156, -9751, -705}, 0, {973, -459}, {59, 111, 236, 255} }},
	{{ {176, -9754, -638}, 0, {978, -490}, {59, 111, 236, 255} }},
	{{ {156, -9751, -705}, 0, {973, -459}, {34, 110, 203, 255} }},
	{{ {116, -9802, -695}, 0, {988, -464}, {34, 110, 203, 255} }},
	{{ {121, -9747, -731}, 0, {964, -447}, {34, 110, 203, 255} }},
	{{ {116, -9802, -695}, 0, {988, -464}, {95, 73, 214, 255} }},
	{{ {51, -9738, -728}, 0, {946, -448}, {95, 73, 214, 255} }},
	{{ {121, -9747, -731}, 0, {964, -447}, {95, 73, 214, 255} }},
	{{ {51, -9738, -728}, 0, {946, -448}, {95, 73, 214, 255} }},
	{{ {116, -9802, -695}, 0, {988, -464}, {95, 73, 214, 255} }},
	{{ {45, -9793, -693}, 0, {971, -465}, {95, 73, 214, 255} }},
	{{ {123, -9817, -637}, 0, {997, -490}, {110, 62, 242, 255} }},
	{{ {45, -9793, -693}, 0, {971, -465}, {110, 62, 242, 255} }},
	{{ {116, -9802, -695}, 0, {988, -464}, {110, 62, 242, 255} }},
	{{ {45, -9793, -693}, 0, {971, -465}, {110, 62, 242, 255} }},
	{{ {123, -9817, -637}, 0, {997, -490}, {110, 62, 242, 255} }},
	{{ {38, -9807, -635}, 0, {975, -492}, {110, 62, 242, 255} }},
	{{ {171, -9550, -634}, 0, {884, -492}, {2, 113, 198, 255} }},
	{{ {38, -9807, -635}, 0, {975, -492}, {2, 113, 199, 255} }},
	{{ {123, -9817, -637}, 0, {997, -490}, {2, 113, 199, 255} }},
	{{ {171, -9550, -634}, 0, {884, -492}, {2, 113, 198, 255} }},
	{{ {1, -9733, -632}, 0, {935, -493}, {2, 113, 198, 255} }},
	{{ {171, -9550, -634}, 0, {884, -492}, {2, 113, 198, 255} }},
	{{ {-14, -9597, -630}, 0, {869, -494}, {2, 113, 199, 255} }},
	{{ {1, -9733, -632}, 0, {935, -493}, {2, 113, 198, 255} }},
	{{ {171, -9550, -634}, 0, {884, -492}, {2, 113, 198, 255} }},
	{{ {54, -9536, -631}, 0, {854, -493}, {2, 113, 199, 255} }},
	{{ {-14, -9597, -630}, 0, {869, -494}, {2, 113, 199, 255} }},
	{{ {171, -9550, -634}, 0, {884, -492}, {14, 124, 234, 255} }},
	{{ {63, -9552, -715}, 0, {863, -454}, {14, 124, 234, 255} }},
	{{ {54, -9536, -631}, 0, {854, -493}, {14, 124, 234, 255} }},
	{{ {63, -9552, -715}, 0, {863, -454}, {14, 124, 234, 255} }},
	{{ {171, -9550, -634}, 0, {884, -492}, {14, 124, 234, 255} }},
	{{ {154, -9563, -718}, 0, {886, -453}, {14, 124, 234, 255} }},
	{{ {144, -9638, -766}, 0, {918, -430}, {5, 68, 149, 255} }},
	{{ {63, -9552, -715}, 0, {863, -454}, {5, 68, 149, 255} }},
	{{ {154, -9563, -718}, 0, {886, -453}, {5, 68, 149, 255} }},
	{{ {63, -9552, -715}, 0, {863, -454}, {5, 68, 149, 255} }},
	{{ {144, -9638, -766}, 0, {918, -430}, {5, 68, 149, 255} }},
	{{ {52, -9627, -763}, 0, {896, -432}, {5, 68, 149, 255} }},
	{{ {121, -9747, -731}, 0, {964, -447}, {90, 79, 212, 255} }},
	{{ {52, -9627, -763}, 0, {896, -432}, {90, 79, 212, 255} }},
	{{ {144, -9638, -766}, 0, {918, -430}, {90, 79, 212, 255} }},
	{{ {52, -9627, -763}, 0, {896, -432}, {90, 79, 212, 255} }},
	{{ {121, -9747, -731}, 0, {964, -447}, {90, 79, 212, 255} }},
	{{ {51, -9738, -728}, 0, {946, -448}, {90, 79, 212, 255} }},
	{{ {51, -9738, -728}, 0, {946, -448}, {69, 101, 221, 255} }},
	{{ {8, -9612, -715}, 0, {880, -454}, {69, 101, 221, 255} }},
	{{ {52, -9627, -763}, 0, {896, -432}, {69, 101, 221, 255} }},
	{{ {51, -9738, -728}, 0, {946, -448}, {71, 97, 217, 255} }},
	{{ {18, -9734, -701}, 0, {938, -461}, {71, 97, 217, 255} }},
	{{ {8, -9612, -715}, 0, {880, -454}, {71, 97, 217, 255} }},
	{{ {51, -9738, -728}, 0, {946, -448}, {79, 92, 217, 255} }},
	{{ {45, -9793, -693}, 0, {971, -465}, {79, 92, 217, 255} }},
	{{ {18, -9734, -701}, 0, {938, -461}, {79, 92, 217, 255} }},
	{{ {38, -9807, -635}, 0, {975, -492}, {74, 102, 242, 255} }},
	{{ {18, -9734, -701}, 0, {938, -461}, {74, 102, 242, 255} }},
	{{ {45, -9793, -693}, 0, {971, -465}, {74, 102, 242, 255} }},
	{{ {38, -9807, -635}, 0, {975, -492}, {73, 103, 243, 255} }},
	{{ {1, -9733, -632}, 0, {935, -493}, {73, 103, 243, 255} }},
	{{ {18, -9734, -701}, 0, {938, -461}, {73, 103, 243, 255} }},
	{{ {18, -9734, -701}, 0, {938, -461}, {61, 111, 243, 255} }},
	{{ {1, -9733, -632}, 0, {935, -493}, {61, 111, 243, 255} }},
	{{ {-14, -9597, -630}, 0, {869, -494}, {61, 111, 243, 255} }},
	{{ {18, -9734, -701}, 0, {938, -461}, {61, 111, 242, 255} }},
	{{ {-14, -9597, -630}, 0, {869, -494}, {61, 111, 242, 255} }},
	{{ {8, -9612, -715}, 0, {880, -454}, {61, 111, 242, 255} }},
	{{ {8, -9612, -715}, 0, {880, -454}, {112, 55, 231, 255} }},
	{{ {-14, -9597, -630}, 0, {869, -494}, {112, 55, 231, 255} }},
	{{ {63, -9552, -715}, 0, {863, -454}, {112, 55, 231, 255} }},
	{{ {63, -9552, -715}, 0, {863, -454}, {111, 60, 239, 255} }},
	{{ {-14, -9597, -630}, 0, {869, -494}, {111, 60, 239, 255} }},
	{{ {54, -9536, -631}, 0, {854, -493}, {111, 60, 239, 255} }},
	{{ {63, -9552, -715}, 0, {863, -454}, {110, 38, 206, 255} }},
	{{ {52, -9627, -763}, 0, {896, -432}, {110, 38, 206, 255} }},
	{{ {8, -9612, -715}, 0, {880, -454}, {110, 38, 206, 255} }},
	{{ {156, -9751, -705}, 0, {973, -459}, {35, 111, 204, 255} }},
	{{ {121, -9747, -731}, 0, {964, -447}, {35, 110, 204, 255} }},
	{{ {144, -9638, -766}, 0, {918, -430}, {35, 111, 204, 255} }},
	{{ {176, -9754, -638}, 0, {978, -490}, {2, 113, 198, 255} }},
	{{ {171, -9550, -634}, 0, {884, -492}, {2, 113, 198, 255} }},
	{{ {123, -9817, -637}, 0, {997, -490}, {2, 113, 198, 255} }},
	{{ {123, -9817, -637}, 0, {997, -490}, {59, 111, 235, 255} }},
	{{ {116, -9802, -695}, 0, {988, -464}, {59, 111, 235, 255} }},
	{{ {176, -9754, -638}, 0, {978, -490}, {59, 111, 235, 255} }},
	{{ {176, -9754, -638}, 0, {978, -490}, {59, 111, 237, 255} }},
	{{ {193, -9634, -720}, 0, {926, -452}, {59, 111, 237, 255} }},
	{{ {223, -9625, -637}, 0, {928, -490}, {59, 111, 237, 255} }},
	{{ {-36, -9893, -1707}, 0, {581, -843}, {87, 82, 212, 255} }},
	{{ {-241, -9881, -1676}, 0, {433, -746}, {87, 82, 212, 255} }},
	{{ {-136, -9717, -1739}, 0, {611, -690}, {87, 82, 212, 255} }},
	{{ {-36, -9893, -1707}, 0, {581, -843}, {91, 78, 213, 255} }},
	{{ {-136, -10050, -1614}, 0, {389, -890}, {91, 78, 213, 255} }},
	{{ {-241, -9881, -1676}, 0, {433, -746}, {91, 78, 213, 255} }},
	{{ {66, -10050, -1614}, 0, {472, -712}, {0, 110, 193, 255} }},
	{{ {-136, -10050, -1614}, 0, {732, -719}, {0, 110, 193, 255} }},
	{{ {-36, -9893, -1707}, 0, {606, -886}, {0, 110, 193, 255} }},
	{{ {-136, -10050, -1614}, 0, {732, -719}, {0, 114, 200, 255} }},
	{{ {66, -10050, -1614}, 0, {472, -712}, {0, 114, 200, 255} }},
	{{ {150, -10153, -1479}, 0, {345, -563}, {0, 114, 200, 255} }},
	{{ {336, -9854, -1590}, 0, {100, -856}, {34, 110, 203, 255} }},
	{{ {150, -10153, -1479}, 0, {345, -563}, {34, 110, 203, 255} }},
	{{ {66, -10050, -1614}, 0, {472, -712}, {34, 110, 203, 255} }},
	{{ {150, -10153, -1479}, 0, {630, -634}, {58, 111, 232, 255} }},
	{{ {336, -9854, -1590}, 0, {758, -506}, {58, 111, 232, 255} }},
	{{ {425, -9806, -1468}, 0, {758, -634}, {58, 111, 232, 255} }},
	{{ {336, -9854, -1590}, 0, {598, -718}, {95, 28, 176, 255} }},
	{{ {198, -9434, -1609}, 0, {259, -820}, {95, 28, 176, 255} }},
	{{ {425, -9806, -1468}, 0, {532, -632}, {95, 28, 176, 255} }},
	{{ {336, -9854, -1590}, 0, {598, -718}, {94, 27, 175, 255} }},
	{{ {151, -9553, -1705}, 0, {378, -869}, {94, 27, 175, 255} }},
	{{ {198, -9434, -1609}, 0, {259, -820}, {94, 27, 175, 255} }},
	{{ {336, -9854, -1590}, 0, {598, -718}, {27, 113, 205, 255} }},
	{{ {171, -9885, -1677}, 0, {642, -818}, {27, 113, 205, 255} }},
	{{ {151, -9553, -1705}, 0, {378, -869}, {27, 113, 205, 255} }},
	{{ {336, -9854, -1590}, 0, {100, -856}, {35, 110, 204, 255} }},
	{{ {66, -10050, -1614}, 0, {472, -712}, {35, 110, 204, 255} }},
	{{ {171, -9885, -1677}, 0, {336, -874}, {35, 110, 204, 255} }},
	{{ {171, -9885, -1677}, 0, {336, -874}, {10, 110, 194, 255} }},
	{{ {66, -10050, -1614}, 0, {472, -712}, {10, 110, 194, 255} }},
	{{ {-36, -9893, -1707}, 0, {606, -886}, {10, 110, 194, 255} }},
	{{ {171, -9885, -1677}, 0, {630, -634}, {10, 111, 195, 255} }},
	{{ {-36, -9893, -1707}, 0, {758, -506}, {10, 111, 195, 255} }},
	{{ {66, -9720, -1740}, 0, {758, -634}, {10, 111, 195, 255} }},
	{{ {66, -9720, -1740}, 0, {630, -634}, {88, 81, 213, 255} }},
	{{ {-36, -9893, -1707}, 0, {758, -506}, {88, 81, 213, 255} }},
	{{ {-136, -9717, -1739}, 0, {758, -634}, {88, 81, 213, 255} }},
	{{ {66, -9720, -1740}, 0, {691, -821}, {0, 26, 132, 255} }},
	{{ {-136, -9717, -1739}, 0, {553, -888}, {0, 26, 132, 255} }},
	{{ {-219, -9552, -1705}, 0, {464, -869}, {0, 26, 132, 255} }},
	{{ {-136, -9717, -1739}, 0, {611, -690}, {74, 94, 214, 255} }},
	{{ {-405, -9850, -1590}, 0, {285, -650}, {74, 94, 214, 255} }},
	{{ {-219, -9552, -1705}, 0, {606, -548}, {74, 94, 214, 255} }},
	{{ {-136, -9717, -1739}, 0, {611, -690}, {74, 94, 214, 255} }},
	{{ {-241, -9881, -1676}, 0, {433, -746}, {74, 94, 214, 255} }},
	{{ {-405, -9850, -1590}, 0, {285, -650}, {74, 94, 214, 255} }},
	{{ {-220, -10150, -1479}, 0, {208, -910}, {88, 83, 217, 255} }},
	{{ {-405, -9850, -1590}, 0, {285, -650}, {88, 83, 217, 255} }},
	{{ {-241, -9881, -1676}, 0, {433, -746}, {88, 83, 217, 255} }},
	{{ {-266, -10179, -1332}, 0, {758, -634}, {83, 93, 233, 255} }},
	{{ {-405, -9850, -1590}, 0, {630, -634}, {83, 93, 233, 255} }},
	{{ {-220, -10150, -1479}, 0, {758, -506}, {83, 93, 233, 255} }},
	{{ {-266, -10179, -1332}, 0, {758, -634}, {83, 94, 234, 255} }},
	{{ {-494, -9805, -1471}, 0, {630, -634}, {83, 94, 234, 255} }},
	{{ {-405, -9850, -1590}, 0, {758, -506}, {83, 94, 234, 255} }},
	{{ {-266, -10179, -1332}, 0, {425, -952}, {55, 74, 168, 255} }},
	{{ {-266, -10128, -1196}, 0, {291, -877}, {55, 74, 168, 255} }},
	{{ {-494, -9805, -1471}, 0, {740, -653}, {55, 74, 168, 255} }},
	{{ {-266, -10179, -1332}, 0, {547, -635}, {0, 69, 149, 255} }},
	{{ {194, -10129, -1196}, 0, {187, -767}, {0, 69, 149, 255} }},
	{{ {-266, -10128, -1196}, 0, {465, -572}, {0, 69, 149, 255} }},
	{{ {-266, -10179, -1332}, 0, {547, -635}, {90, 49, 181, 255} }},
	{{ {194, -10180, -1329}, 0, {269, -830}, {90, 49, 181, 255} }},
	{{ {194, -10129, -1196}, 0, {187, -767}, {90, 49, 181, 255} }},
	{{ {-220, -10150, -1479}, 0, {609, -727}, {0, 125, 232, 255} }},
	{{ {194, -10180, -1329}, 0, {269, -830}, {0, 125, 232, 255} }},
	{{ {-266, -10179, -1332}, 0, {547, -635}, {0, 125, 232, 255} }},
	{{ {150, -10153, -1479}, 0, {385, -884}, {113, 58, 246, 255} }},
	{{ {194, -10180, -1329}, 0, {269, -830}, {113, 58, 246, 255} }},
	{{ {-220, -10150, -1479}, 0, {609, -727}, {113, 58, 246, 255} }},
	{{ {194, -10180, -1329}, 0, {630, -634}, {58, 110, 231, 255} }},
	{{ {150, -10153, -1479}, 0, {758, -506}, {58, 110, 231, 255} }},
	{{ {425, -9806, -1468}, 0, {758, -634}, {58, 110, 231, 255} }},
	{{ {194, -10180, -1329}, 0, {719, -690}, {43, 77, 164, 255} }},
	{{ {425, -9806, -1468}, 0, {395, -949}, {43, 77, 164, 255} }},
	{{ {425, -9757, -1337}, 0, {285, -872}, {43, 77, 164, 255} }},
	{{ {425, -9806, -1468}, 0, {532, -632}, {110, 59, 234, 255} }},
	{{ {198, -9383, -1476}, 0, {183, -766}, {110, 59, 234, 255} }},
	{{ {425, -9757, -1337}, 0, {457, -578}, {110, 59, 234, 255} }},
	{{ {425, -9806, -1468}, 0, {532, -632}, {110, 59, 233, 255} }},
	{{ {198, -9434, -1609}, 0, {259, -820}, {110, 59, 233, 255} }},
	{{ {198, -9383, -1476}, 0, {183, -766}, {110, 59, 233, 255} }},
	{{ {198, -9434, -1609}, 0, {634, -642}, {0, 119, 211, 255} }},
	{{ {-263, -9382, -1476}, 0, {248, -768}, {0, 119, 211, 255} }},
	{{ {198, -9383, -1476}, 0, {552, -576}, {0, 119, 211, 255} }},
	{{ {-263, -9433, -1610}, 0, {329, -834}, {0, 119, 211, 255} }},
	{{ {198, -9434, -1609}, 0, {634, -642}, {0, 119, 211, 255} }},
	{{ {-494, -9756, -1337}, 0, {257, -910}, {117, 47, 239, 255} }},
	{{ {-263, -9382, -1476}, 0, {629, -612}, {117, 47, 238, 255} }},
	{{ {-263, -9433, -1610}, 0, {738, -690}, {117, 47, 238, 255} }},
	{{ {-494, -9756, -1337}, 0, {257, -910}, {73, 34, 158, 255} }},
	{{ {-405, -9709, -1215}, 0, {175, -792}, {73, 34, 158, 255} }},
	{{ {-263, -9382, -1476}, 0, {629, -612}, {73, 34, 158, 255} }},
	{{ {-220, -10010, -1101}, 0, {200, -779}, {62, 88, 188, 255} }},
	{{ {-405, -9709, -1215}, 0, {453, -539}, {62, 88, 188, 255} }},
	{{ {-494, -9756, -1337}, 0, {605, -577}, {62, 88, 188, 255} }},
	{{ {-123, -9833, -1115}, 0, {152, -571}, {108, 13, 191, 255} }},
	{{ {-405, -9709, -1215}, 0, {251, -608}, {108, 13, 191, 255} }},
	{{ {-220, -10010, -1101}, 0, {125, -609}, {108, 13, 191, 255} }},
	{{ {-123, -9833, -1115}, 0, {152, -571}, {108, 13, 191, 255} }},
	{{ {-209, -9694, -1168}, 0, {212, -571}, {108, 13, 191, 255} }},
	{{ {-405, -9709, -1215}, 0, {251, -608}, {108, 13, 191, 255} }},
	{{ {-209, -9694, -1168}, 0, {212, -571}, {104, 27, 188, 255} }},
	{{ {-219, -9410, -1326}, 0, {302, -535}, {104, 27, 188, 255} }},
	{{ {-405, -9709, -1215}, 0, {251, -608}, {104, 27, 188, 255} }},
	{{ {-122, -9548, -1237}, 0, {236, -536}, {106, 27, 191, 255} }},
	{{ {-219, -9410, -1326}, 0, {302, -535}, {106, 27, 191, 255} }},
	{{ {-209, -9694, -1168}, 0, {212, -571}, {106, 27, 191, 255} }},
	{{ {151, -9413, -1326}, 0, {365, -833}, {1, 54, 141, 255} }},
	{{ {-219, -9410, -1326}, 0, {50, -977}, {1, 54, 141, 255} }},
	{{ {-122, -9548, -1237}, 0, {52, -831}, {1, 54, 141, 255} }},
	{{ {198, -9383, -1476}, 0, {559, -897}, {0, 60, 144, 255} }},
	{{ {-219, -9410, -1326}, 0, {50, -977}, {0, 60, 144, 255} }},
	{{ {151, -9413, -1326}, 0, {365, -833}, {0, 60, 144, 255} }},
	{{ {-263, -9382, -1476}, 0, {248, -768}, {0, 60, 144, 255} }},
	{{ {-219, -9410, -1326}, 0, {221, -698}, {0, 60, 144, 255} }},
	{{ {198, -9383, -1476}, 0, {552, -576}, {0, 60, 144, 255} }},
	{{ {-405, -9709, -1215}, 0, {175, -792}, {74, 34, 158, 255} }},
	{{ {-219, -9410, -1326}, 0, {473, -553}, {74, 34, 158, 255} }},
	{{ {-263, -9382, -1476}, 0, {629, -612}, {74, 34, 158, 255} }},
	{{ {425, -9757, -1337}, 0, {651, -559}, {49, 38, 145, 255} }},
	{{ {198, -9383, -1476}, 0, {559, -897}, {49, 38, 145, 255} }},
	{{ {151, -9413, -1326}, 0, {365, -833}, {49, 38, 145, 255} }},
	{{ {425, -9757, -1337}, 0, {651, -559}, {49, 38, 145, 255} }},
	{{ {151, -9413, -1326}, 0, {365, -833}, {49, 38, 145, 255} }},
	{{ {336, -9712, -1216}, 0, {440, -563}, {49, 38, 145, 255} }},
	{{ {336, -9712, -1216}, 0, {440, -563}, {20, 45, 139, 255} }},
	{{ {151, -9413, -1326}, 0, {365, -833}, {20, 45, 139, 255} }},
	{{ {54, -9548, -1237}, 0, {202, -762}, {20, 45, 139, 255} }},
	{{ {151, -9413, -1326}, 0, {365, -833}, {0, 54, 141, 255} }},
	{{ {-122, -9548, -1237}, 0, {52, -831}, {0, 54, 141, 255} }},
	{{ {54, -9548, -1237}, 0, {202, -762}, {0, 54, 141, 255} }},
	{{ {336, -9712, -1216}, 0, {100, -464}, {24, 51, 142, 255} }},
	{{ {54, -9548, -1237}, 0, {200, -501}, {24, 51, 142, 255} }},
	{{ {164, -9688, -1178}, 0, {138, -496}, {24, 51, 142, 255} }},
	{{ {336, -9712, -1216}, 0, {100, -464}, {27, 24, 134, 255} }},
	{{ {164, -9688, -1178}, 0, {138, -496}, {27, 24, 134, 255} }},
	{{ {150, -10010, -1101}, 0, {50, -537}, {27, 24, 134, 255} }},
	{{ {164, -9688, -1178}, 0, {138, -496}, {29, 24, 135, 255} }},
	{{ {53, -9834, -1115}, 0, {116, -537}, {29, 24, 135, 255} }},
	{{ {150, -10010, -1101}, 0, {50, -537}, {29, 24, 135, 255} }},
	{{ {-123, -9833, -1115}, 0, {152, -571}, {0, 10, 129, 255} }},
	{{ {150, -10010, -1101}, 0, {50, -537}, {0, 10, 129, 255} }},
	{{ {53, -9834, -1115}, 0, {116, -537}, {0, 10, 129, 255} }},
	{{ {150, -10010, -1101}, 0, {50, -537}, {0, 10, 129, 255} }},
	{{ {-123, -9833, -1115}, 0, {152, -571}, {0, 10, 129, 255} }},
	{{ {-220, -10010, -1101}, 0, {125, -609}, {0, 10, 129, 255} }},
	{{ {150, -10010, -1101}, 0, {758, -634}, {0, 95, 172, 255} }},
	{{ {-220, -10010, -1101}, 0, {630, -634}, {0, 95, 172, 255} }},
	{{ {-266, -10128, -1196}, 0, {758, -506}, {0, 95, 172, 255} }},
	{{ {-266, -10128, -1196}, 0, {291, -877}, {62, 88, 189, 255} }},
	{{ {-220, -10010, -1101}, 0, {200, -779}, {62, 88, 189, 255} }},
	{{ {-494, -9756, -1337}, 0, {605, -577}, {62, 88, 189, 255} }},
	{{ {-266, -10128, -1196}, 0, {291, -877}, {55, 74, 168, 255} }},
	{{ {-494, -9756, -1337}, 0, {605, -577}, {55, 74, 168, 255} }},
	{{ {-494, -9805, -1471}, 0, {740, -653}, {55, 74, 168, 255} }},
	{{ {-494, -9805, -1471}, 0, {366, -988}, {116, 48, 238, 255} }},
	{{ {-494, -9756, -1337}, 0, {257, -910}, {116, 48, 238, 255} }},
	{{ {-263, -9433, -1610}, 0, {738, -690}, {116, 48, 238, 255} }},
	{{ {-494, -9805, -1471}, 0, {366, -988}, {112, 20, 200, 255} }},
	{{ {-263, -9433, -1610}, 0, {738, -690}, {112, 20, 200, 255} }},
	{{ {-219, -9552, -1705}, 0, {778, -772}, {112, 20, 200, 255} }},
	{{ {151, -9553, -1705}, 0, {692, -729}, {0, 79, 157, 255} }},
	{{ {-219, -9552, -1705}, 0, {449, -883}, {0, 79, 157, 255} }},
	{{ {-263, -9433, -1610}, 0, {329, -834}, {0, 79, 157, 255} }},
	{{ {151, -9553, -1705}, 0, {712, -748}, {0, 26, 132, 255} }},
	{{ {66, -9720, -1740}, 0, {691, -821}, {0, 26, 132, 255} }},
	{{ {-219, -9552, -1705}, 0, {464, -869}, {0, 26, 132, 255} }},
	{{ {171, -9885, -1677}, 0, {642, -818}, {27, 113, 205, 255} }},
	{{ {66, -9720, -1740}, 0, {520, -902}, {27, 113, 205, 255} }},
	{{ {151, -9553, -1705}, 0, {378, -869}, {27, 113, 205, 255} }},
	{{ {198, -9434, -1609}, 0, {634, -642}, {0, 79, 157, 255} }},
	{{ {151, -9553, -1705}, 0, {692, -729}, {0, 79, 157, 255} }},
	{{ {-263, -9433, -1610}, 0, {329, -834}, {0, 79, 157, 255} }},
	{{ {-405, -9850, -1590}, 0, {335, -936}, {112, 19, 200, 255} }},
	{{ {-494, -9805, -1471}, 0, {222, -904}, {112, 19, 200, 255} }},
	{{ {-219, -9552, -1705}, 0, {464, -869}, {112, 19, 200, 255} }},
	{{ {194, -10129, -1196}, 0, {758, -506}, {0, 95, 172, 255} }},
	{{ {150, -10010, -1101}, 0, {758, -634}, {0, 95, 172, 255} }},
	{{ {-266, -10128, -1196}, 0, {630, -634}, {0, 95, 172, 255} }},
	{{ {194, -10129, -1196}, 0, {610, -614}, {39, 96, 182, 255} }},
	{{ {336, -9712, -1216}, 0, {201, -766}, {39, 96, 182, 255} }},
	{{ {150, -10010, -1101}, 0, {462, -558}, {39, 96, 182, 255} }},
	{{ {194, -10129, -1196}, 0, {610, -614}, {40, 95, 182, 255} }},
	{{ {425, -9757, -1337}, 0, {285, -872}, {40, 95, 182, 255} }},
	{{ {336, -9712, -1216}, 0, {201, -766}, {40, 95, 182, 255} }},
	{{ {194, -10180, -1329}, 0, {719, -690}, {43, 77, 165, 255} }},
	{{ {425, -9757, -1337}, 0, {285, -872}, {43, 77, 165, 255} }},
	{{ {194, -10129, -1196}, 0, {610, -614}, {43, 77, 165, 255} }},
	{{ {-136, -10050, -1614}, 0, {638, -830}, {105, 64, 225, 255} }},
	{{ {150, -10153, -1479}, 0, {385, -884}, {105, 64, 225, 255} }},
	{{ {-220, -10150, -1479}, 0, {609, -727}, {105, 64, 225, 255} }},
	{{ {-136, -10050, -1614}, 0, {389, -890}, {87, 83, 217, 255} }},
	{{ {-220, -10150, -1479}, 0, {208, -910}, {87, 83, 217, 255} }},
	{{ {-241, -9881, -1676}, 0, {433, -746}, {87, 83, 217, 255} }},
	{{ {-238, -9693, -1076}, 0, {422, -102}, {71, 27, 154, 255} }},
	{{ {-148, -9549, -1041}, 0, {551, -91}, {71, 27, 154, 255} }},
	{{ {-183, -9545, -1131}, 0, {466, -176}, {71, 27, 154, 255} }},
	{{ {-238, -9693, -1076}, 0, {422, -102}, {85, 20, 164, 255} }},
	{{ {-146, -9654, -986}, 0, {567, -58}, {85, 20, 164, 255} }},
	{{ {-148, -9549, -1041}, 0, {551, -91}, {85, 20, 164, 255} }},
	{{ {-112, -9748, -980}, 0, {252, -96}, {66, 89, 194, 255} }},
	{{ {-146, -9654, -986}, 0, {131, -92}, {66, 89, 194, 255} }},
	{{ {-238, -9693, -1076}, 0, {149, -179}, {66, 89, 194, 255} }},
	{{ {-36, -9584, -958}, 0, {50, -59}, {79, 88, 210, 255} }},
	{{ {-146, -9654, -986}, 0, {131, -92}, {79, 88, 210, 255} }},
	{{ {-112, -9748, -980}, 0, {252, -96}, {79, 88, 210, 255} }},
	{{ {-36, -9584, -958}, 0, {717, -75}, {98, 25, 179, 255} }},
	{{ {-148, -9549, -1041}, 0, {551, -91}, {98, 25, 179, 255} }},
	{{ {-146, -9654, -986}, 0, {567, -58}, {98, 25, 179, 255} }},
	{{ {-36, -9503, -1043}, 0, {685, -151}, {96, 38, 182, 255} }},
	{{ {-148, -9549, -1041}, 0, {551, -91}, {96, 38, 182, 255} }},
	{{ {-36, -9584, -958}, 0, {717, -75}, {96, 38, 182, 255} }},
	{{ {-36, -9480, -1156}, 0, {646, -242}, {79, 44, 167, 255} }},
	{{ {-148, -9549, -1041}, 0, {551, -91}, {79, 44, 167, 255} }},
	{{ {-36, -9503, -1043}, 0, {685, -151}, {79, 44, 167, 255} }},
	{{ {-36, -9480, -1156}, 0, {646, -242}, {79, 44, 167, 255} }},
	{{ {-183, -9545, -1131}, 0, {466, -176}, {79, 44, 167, 255} }},
	{{ {-148, -9549, -1041}, 0, {551, -91}, {79, 44, 167, 255} }},
	{{ {-36, -9476, -1224}, 0, {622, -299}, {76, 43, 164, 255} }},
	{{ {-183, -9545, -1131}, 0, {466, -176}, {76, 43, 164, 255} }},
	{{ {-36, -9480, -1156}, 0, {646, -242}, {76, 43, 164, 255} }},
	{{ {-183, -9534, -1256}, 0, {423, -278}, {77, 43, 165, 255} }},
	{{ {-183, -9545, -1131}, 0, {466, -176}, {77, 43, 165, 255} }},
	{{ {-36, -9476, -1224}, 0, {622, -299}, {77, 43, 165, 255} }},
	{{ {-261, -9725, -1196}, 0, {351, -187}, {60, 22, 146, 255} }},
	{{ {-183, -9545, -1131}, 0, {466, -176}, {60, 22, 146, 255} }},
	{{ {-183, -9534, -1256}, 0, {423, -278}, {60, 22, 146, 255} }},
	{{ {-261, -9725, -1196}, 0, {351, -187}, {62, 21, 147, 255} }},
	{{ {-238, -9693, -1076}, 0, {422, -102}, {62, 21, 147, 255} }},
	{{ {-183, -9545, -1131}, 0, {466, -176}, {62, 21, 147, 255} }},
	{{ {-183, -9811, -1046}, 0, {310, -164}, {53, 79, 172, 255} }},
	{{ {-238, -9693, -1076}, 0, {149, -179}, {53, 79, 172, 255} }},
	{{ {-261, -9725, -1196}, 0, {154, -293}, {53, 79, 172, 255} }},
	{{ {-112, -9748, -980}, 0, {252, -96}, {66, 91, 197, 255} }},
	{{ {-238, -9693, -1076}, 0, {149, -179}, {66, 91, 197, 255} }},
	{{ {-183, -9811, -1046}, 0, {310, -164}, {66, 91, 197, 255} }},
	{{ {-36, -9818, -968}, 0, {343, -94}, {77, 82, 197, 255} }},
	{{ {-112, -9748, -980}, 0, {252, -96}, {77, 82, 197, 255} }},
	{{ {-183, -9811, -1046}, 0, {310, -164}, {77, 82, 197, 255} }},
	{{ {-36, -9584, -958}, 0, {50, -59}, {80, 87, 211, 255} }},
	{{ {-112, -9748, -980}, 0, {252, -96}, {80, 87, 211, 255} }},
	{{ {-36, -9818, -968}, 0, {343, -94}, {80, 87, 211, 255} }},
	{{ {43, -9748, -980}, 0, {252, -96}, {10, 112, 197, 255} }},
	{{ {-36, -9584, -958}, 0, {50, -59}, {10, 112, 197, 255} }},
	{{ {-36, -9818, -968}, 0, {343, -94}, {10, 112, 197, 255} }},
	{{ {77, -9655, -986}, 0, {131, -92}, {13, 112, 198, 255} }},
	{{ {-36, -9584, -958}, 0, {50, -59}, {13, 112, 198, 255} }},
	{{ {43, -9748, -980}, 0, {252, -96}, {13, 112, 198, 255} }},
	{{ {80, -9550, -1041}, 0, {844, -153}, {42, 37, 142, 255} }},
	{{ {-36, -9584, -958}, 0, {717, -75}, {42, 37, 142, 255} }},
	{{ {77, -9655, -986}, 0, {855, -120}, {42, 37, 142, 255} }},
	{{ {-36, -9503, -1043}, 0, {685, -151}, {23, 57, 145, 255} }},
	{{ {-36, -9584, -958}, 0, {717, -75}, {23, 57, 145, 255} }},
	{{ {80, -9550, -1041}, 0, {844, -153}, {23, 57, 145, 255} }},
	{{ {-36, -9480, -1156}, 0, {646, -242}, {23, 55, 144, 255} }},
	{{ {-36, -9503, -1043}, 0, {685, -151}, {23, 55, 144, 255} }},
	{{ {80, -9550, -1041}, 0, {844, -153}, {23, 55, 144, 255} }},
	{{ {-36, -9480, -1156}, 0, {646, -242}, {23, 55, 144, 255} }},
	{{ {80, -9550, -1041}, 0, {844, -153}, {23, 55, 144, 255} }},
	{{ {114, -9546, -1130}, 0, {848, -257}, {23, 55, 144, 255} }},
	{{ {169, -9693, -1076}, 0, {942, -212}, {55, 29, 145, 255} }},
	{{ {114, -9546, -1130}, 0, {848, -257}, {55, 29, 145, 255} }},
	{{ {80, -9550, -1041}, 0, {844, -153}, {55, 29, 145, 255} }},
	{{ {192, -9725, -1196}, 0, {936, -311}, {54, 22, 143, 255} }},
	{{ {114, -9546, -1130}, 0, {848, -257}, {54, 22, 143, 255} }},
	{{ {169, -9693, -1076}, 0, {942, -212}, {54, 22, 143, 255} }},
	{{ {192, -9725, -1196}, 0, {936, -311}, {53, 22, 143, 255} }},
	{{ {114, -9535, -1256}, 0, {806, -359}, {53, 23, 143, 255} }},
	{{ {114, -9546, -1130}, 0, {848, -257}, {53, 22, 143, 255} }},
	{{ {114, -9535, -1256}, 0, {806, -359}, {22, 54, 143, 255} }},
	{{ {-36, -9476, -1224}, 0, {622, -299}, {22, 54, 143, 255} }},
	{{ {114, -9546, -1130}, 0, {848, -257}, {22, 54, 143, 255} }},
	{{ {-36, -9496, -1313}, 0, {592, -369}, {41, 117, 230, 255} }},
	{{ {-36, -9476, -1224}, 0, {622, -299}, {41, 117, 230, 255} }},
	{{ {114, -9535, -1256}, 0, {806, -359}, {41, 117, 230, 255} }},
	{{ {-36, -9496, -1313}, 0, {592, -369}, {111, 61, 243, 255} }},
	{{ {-183, -9534, -1256}, 0, {423, -278}, {111, 61, 243, 255} }},
	{{ {-36, -9476, -1224}, 0, {622, -299}, {111, 61, 243, 255} }},
	{{ {-36, -9476, -1224}, 0, {622, -299}, {23, 53, 143, 255} }},
	{{ {-36, -9480, -1156}, 0, {646, -242}, {23, 53, 143, 255} }},
	{{ {114, -9546, -1130}, 0, {848, -257}, {23, 53, 143, 255} }},
	{{ {127, -9865, -1140}, 0, {353, -257}, {44, 83, 170, 255} }},
	{{ {192, -9725, -1196}, 0, {154, -293}, {44, 83, 170, 255} }},
	{{ {169, -9693, -1076}, 0, {149, -179}, {44, 83, 170, 255} }},
	{{ {127, -9865, -1140}, 0, {353, -257}, {44, 84, 171, 255} }},
	{{ {169, -9693, -1076}, 0, {149, -179}, {44, 84, 171, 255} }},
	{{ {114, -9811, -1046}, 0, {310, -164}, {44, 84, 171, 255} }},
	{{ {169, -9693, -1076}, 0, {149, -179}, {35, 101, 187, 255} }},
	{{ {77, -9655, -986}, 0, {131, -92}, {35, 101, 187, 255} }},
	{{ {114, -9811, -1046}, 0, {310, -164}, {35, 101, 187, 255} }},
	{{ {169, -9693, -1076}, 0, {942, -212}, {57, 24, 145, 255} }},
	{{ {80, -9550, -1041}, 0, {844, -153}, {57, 24, 145, 255} }},
	{{ {77, -9655, -986}, 0, {855, -120}, {57, 24, 145, 255} }},
	{{ {114, -9811, -1046}, 0, {310, -164}, {33, 102, 188, 255} }},
	{{ {77, -9655, -986}, 0, {131, -92}, {33, 102, 188, 255} }},
	{{ {43, -9748, -980}, 0, {252, -96}, {33, 102, 188, 255} }},
	{{ {114, -9811, -1046}, 0, {310, -164}, {23, 99, 179, 255} }},
	{{ {43, -9748, -980}, 0, {252, -96}, {23, 99, 179, 255} }},
	{{ {-36, -9893, -1028}, 0, {422, -156}, {23, 99, 179, 255} }},
	{{ {43, -9748, -980}, 0, {252, -96}, {34, 90, 173, 255} }},
	{{ {-36, -9818, -968}, 0, {343, -94}, {34, 90, 173, 255} }},
	{{ {-36, -9893, -1028}, 0, {422, -156}, {34, 90, 173, 255} }},
	{{ {-36, -9818, -968}, 0, {343, -94}, {81, 73, 190, 255} }},
	{{ {-183, -9811, -1046}, 0, {310, -164}, {81, 73, 190, 255} }},
	{{ {-36, -9893, -1028}, 0, {422, -156}, {81, 73, 190, 255} }},
	{{ {-196, -9864, -1141}, 0, {353, -257}, {78, 65, 179, 255} }},
	{{ {-36, -9893, -1028}, 0, {422, -156}, {78, 65, 179, 255} }},
	{{ {-183, -9811, -1046}, 0, {310, -164}, {78, 65, 179, 255} }},
	{{ {-196, -9864, -1141}, 0, {353, -257}, {79, 60, 176, 255} }},
	{{ {-36, -9934, -1113}, 0, {447, -240}, {79, 60, 176, 255} }},
	{{ {-36, -9893, -1028}, 0, {422, -156}, {79, 60, 176, 255} }},
	{{ {-36, -9934, -1113}, 0, {447, -240}, {29, 74, 157, 255} }},
	{{ {114, -9811, -1046}, 0, {310, -164}, {29, 74, 157, 255} }},
	{{ {-36, -9893, -1028}, 0, {422, -156}, {29, 74, 157, 255} }},
	{{ {127, -9865, -1140}, 0, {353, -257}, {26, 79, 160, 255} }},
	{{ {114, -9811, -1046}, 0, {310, -164}, {26, 79, 160, 255} }},
	{{ {-36, -9934, -1113}, 0, {447, -240}, {26, 79, 160, 255} }},
	{{ {-196, -9864, -1141}, 0, {353, -257}, {53, 81, 174, 255} }},
	{{ {-183, -9811, -1046}, 0, {310, -164}, {53, 81, 174, 255} }},
	{{ {-261, -9725, -1196}, 0, {154, -293}, {53, 81, 174, 255} }},
};

Gfx castle_grounds_dl_shujacg_mesh_layer_1_tri_6[] = {
	gsSPVertex(castle_grounds_dl_shujacg_mesh_layer_1_vtx_6 + 0, 30, 0),
	gsSP2Triangles(0, 1, 2, 0, 3, 4, 5, 0),
	gsSP2Triangles(6, 7, 8, 0, 9, 10, 11, 0),
	gsSP2Triangles(12, 13, 14, 0, 15, 16, 17, 0),
	gsSP2Triangles(18, 19, 20, 0, 21, 22, 23, 0),
	gsSP2Triangles(24, 25, 26, 0, 27, 28, 29, 0),
	gsSPVertex(castle_grounds_dl_shujacg_mesh_layer_1_vtx_6 + 30, 30, 0),
	gsSP2Triangles(0, 1, 2, 0, 3, 4, 5, 0),
	gsSP2Triangles(6, 7, 8, 0, 9, 10, 11, 0),
	gsSP2Triangles(12, 13, 14, 0, 15, 16, 17, 0),
	gsSP2Triangles(18, 19, 20, 0, 21, 22, 23, 0),
	gsSP2Triangles(24, 25, 26, 0, 27, 28, 29, 0),
	gsSPVertex(castle_grounds_dl_shujacg_mesh_layer_1_vtx_6 + 60, 30, 0),
	gsSP2Triangles(0, 1, 2, 0, 3, 4, 5, 0),
	gsSP2Triangles(6, 7, 8, 0, 9, 10, 11, 0),
	gsSP2Triangles(12, 13, 14, 0, 15, 16, 17, 0),
	gsSP2Triangles(18, 19, 20, 0, 21, 22, 23, 0),
	gsSP2Triangles(24, 25, 26, 0, 27, 28, 29, 0),
	gsSPVertex(castle_grounds_dl_shujacg_mesh_layer_1_vtx_6 + 90, 30, 0),
	gsSP2Triangles(0, 1, 2, 0, 3, 4, 5, 0),
	gsSP2Triangles(6, 7, 8, 0, 9, 10, 11, 0),
	gsSP2Triangles(12, 13, 14, 0, 15, 16, 17, 0),
	gsSP2Triangles(18, 19, 20, 0, 21, 22, 23, 0),
	gsSP2Triangles(24, 25, 26, 0, 27, 28, 29, 0),
	gsSPVertex(castle_grounds_dl_shujacg_mesh_layer_1_vtx_6 + 120, 32, 0),
	gsSP2Triangles(0, 1, 2, 0, 3, 4, 5, 0),
	gsSP2Triangles(6, 7, 8, 0, 9, 10, 11, 0),
	gsSP2Triangles(12, 13, 14, 0, 15, 16, 17, 0),
	gsSP2Triangles(18, 19, 15, 0, 20, 21, 22, 0),
	gsSP2Triangles(23, 24, 25, 0, 26, 27, 28, 0),
	gsSP1Triangle(29, 30, 31, 0),
	gsSPVertex(castle_grounds_dl_shujacg_mesh_layer_1_vtx_6 + 152, 30, 0),
	gsSP2Triangles(0, 1, 2, 0, 3, 4, 5, 0),
	gsSP2Triangles(6, 7, 8, 0, 9, 10, 11, 0),
	gsSP2Triangles(12, 13, 14, 0, 15, 16, 17, 0),
	gsSP2Triangles(18, 19, 20, 0, 21, 22, 23, 0),
	gsSP2Triangles(24, 25, 26, 0, 27, 28, 29, 0),
	gsSPVertex(castle_grounds_dl_shujacg_mesh_layer_1_vtx_6 + 182, 30, 0),
	gsSP2Triangles(0, 1, 2, 0, 3, 4, 5, 0),
	gsSP2Triangles(6, 7, 8, 0, 9, 10, 11, 0),
	gsSP2Triangles(12, 13, 14, 0, 15, 16, 17, 0),
	gsSP2Triangles(18, 19, 20, 0, 21, 22, 23, 0),
	gsSP2Triangles(24, 25, 26, 0, 27, 28, 29, 0),
	gsSPVertex(castle_grounds_dl_shujacg_mesh_layer_1_vtx_6 + 212, 30, 0),
	gsSP2Triangles(0, 1, 2, 0, 3, 4, 5, 0),
	gsSP2Triangles(6, 7, 8, 0, 9, 10, 11, 0),
	gsSP2Triangles(12, 13, 14, 0, 15, 16, 17, 0),
	gsSP2Triangles(18, 19, 20, 0, 21, 22, 23, 0),
	gsSP2Triangles(24, 25, 26, 0, 27, 28, 29, 0),
	gsSPVertex(castle_grounds_dl_shujacg_mesh_layer_1_vtx_6 + 242, 30, 0),
	gsSP2Triangles(0, 1, 2, 0, 3, 4, 5, 0),
	gsSP2Triangles(6, 7, 8, 0, 9, 10, 11, 0),
	gsSP2Triangles(12, 13, 14, 0, 15, 16, 17, 0),
	gsSP2Triangles(18, 19, 20, 0, 21, 22, 23, 0),
	gsSP2Triangles(24, 25, 26, 0, 27, 28, 29, 0),
	gsSPVertex(castle_grounds_dl_shujacg_mesh_layer_1_vtx_6 + 272, 30, 0),
	gsSP2Triangles(0, 1, 2, 0, 3, 4, 5, 0),
	gsSP2Triangles(6, 7, 8, 0, 9, 10, 11, 0),
	gsSP2Triangles(12, 13, 14, 0, 15, 16, 17, 0),
	gsSP2Triangles(18, 19, 20, 0, 21, 22, 23, 0),
	gsSP2Triangles(24, 25, 26, 0, 27, 28, 29, 0),
	gsSPVertex(castle_grounds_dl_shujacg_mesh_layer_1_vtx_6 + 302, 30, 0),
	gsSP2Triangles(0, 1, 2, 0, 3, 4, 5, 0),
	gsSP2Triangles(6, 7, 8, 0, 9, 10, 11, 0),
	gsSP2Triangles(12, 13, 14, 0, 15, 16, 17, 0),
	gsSP2Triangles(18, 19, 20, 0, 21, 22, 23, 0),
	gsSP2Triangles(24, 25, 26, 0, 27, 28, 29, 0),
	gsSPVertex(castle_grounds_dl_shujacg_mesh_layer_1_vtx_6 + 332, 32, 0),
	gsSP2Triangles(0, 1, 2, 0, 3, 4, 5, 0),
	gsSP2Triangles(6, 7, 8, 0, 9, 10, 11, 0),
	gsSP2Triangles(12, 13, 14, 0, 15, 16, 17, 0),
	gsSP2Triangles(16, 18, 19, 0, 20, 21, 22, 0),
	gsSP2Triangles(23, 24, 25, 0, 26, 27, 28, 0),
	gsSP1Triangle(29, 30, 31, 0),
	gsSPVertex(castle_grounds_dl_shujacg_mesh_layer_1_vtx_6 + 364, 30, 0),
	gsSP2Triangles(0, 1, 2, 0, 3, 4, 5, 0),
	gsSP2Triangles(6, 7, 8, 0, 9, 10, 11, 0),
	gsSP2Triangles(12, 13, 14, 0, 15, 16, 17, 0),
	gsSP2Triangles(18, 19, 20, 0, 21, 22, 23, 0),
	gsSP2Triangles(24, 25, 26, 0, 27, 28, 29, 0),
	gsSPVertex(castle_grounds_dl_shujacg_mesh_layer_1_vtx_6 + 394, 30, 0),
	gsSP2Triangles(0, 1, 2, 0, 3, 4, 5, 0),
	gsSP2Triangles(6, 7, 8, 0, 9, 10, 11, 0),
	gsSP2Triangles(12, 13, 14, 0, 15, 16, 17, 0),
	gsSP2Triangles(18, 19, 20, 0, 21, 22, 23, 0),
	gsSP2Triangles(24, 25, 26, 0, 27, 28, 29, 0),
	gsSPVertex(castle_grounds_dl_shujacg_mesh_layer_1_vtx_6 + 424, 30, 0),
	gsSP2Triangles(0, 1, 2, 0, 3, 4, 5, 0),
	gsSP2Triangles(6, 7, 8, 0, 9, 10, 11, 0),
	gsSP2Triangles(12, 13, 14, 0, 15, 16, 17, 0),
	gsSP2Triangles(18, 19, 20, 0, 21, 22, 23, 0),
	gsSP2Triangles(24, 25, 26, 0, 27, 28, 29, 0),
	gsSPVertex(castle_grounds_dl_shujacg_mesh_layer_1_vtx_6 + 454, 30, 0),
	gsSP2Triangles(0, 1, 2, 0, 3, 4, 5, 0),
	gsSP2Triangles(6, 7, 8, 0, 9, 10, 11, 0),
	gsSP2Triangles(12, 13, 14, 0, 15, 16, 17, 0),
	gsSP2Triangles(18, 19, 20, 0, 21, 22, 23, 0),
	gsSP2Triangles(24, 25, 26, 0, 27, 28, 29, 0),
	gsSPVertex(castle_grounds_dl_shujacg_mesh_layer_1_vtx_6 + 484, 32, 0),
	gsSP2Triangles(0, 1, 2, 0, 3, 4, 5, 0),
	gsSP2Triangles(6, 7, 8, 0, 9, 10, 11, 0),
	gsSP2Triangles(12, 13, 14, 0, 15, 16, 17, 0),
	gsSP2Triangles(18, 19, 20, 0, 21, 19, 22, 0),
	gsSP2Triangles(23, 24, 25, 0, 26, 27, 28, 0),
	gsSP1Triangle(29, 30, 31, 0),
	gsSPVertex(castle_grounds_dl_shujacg_mesh_layer_1_vtx_6 + 516, 30, 0),
	gsSP2Triangles(0, 1, 2, 0, 3, 4, 5, 0),
	gsSP2Triangles(6, 7, 8, 0, 9, 10, 11, 0),
	gsSP2Triangles(12, 13, 14, 0, 15, 16, 17, 0),
	gsSP2Triangles(18, 19, 20, 0, 21, 22, 23, 0),
	gsSP2Triangles(24, 25, 26, 0, 27, 28, 29, 0),
	gsSPVertex(castle_grounds_dl_shujacg_mesh_layer_1_vtx_6 + 546, 30, 0),
	gsSP2Triangles(0, 1, 2, 0, 3, 4, 5, 0),
	gsSP2Triangles(6, 7, 8, 0, 9, 10, 11, 0),
	gsSP2Triangles(12, 13, 14, 0, 15, 16, 17, 0),
	gsSP2Triangles(18, 19, 20, 0, 21, 22, 23, 0),
	gsSP2Triangles(24, 25, 26, 0, 27, 28, 29, 0),
	gsSPVertex(castle_grounds_dl_shujacg_mesh_layer_1_vtx_6 + 576, 30, 0),
	gsSP2Triangles(0, 1, 2, 0, 3, 4, 5, 0),
	gsSP2Triangles(6, 7, 8, 0, 9, 10, 11, 0),
	gsSP2Triangles(12, 13, 14, 0, 15, 16, 17, 0),
	gsSP2Triangles(18, 19, 20, 0, 21, 22, 23, 0),
	gsSP2Triangles(24, 25, 26, 0, 27, 28, 29, 0),
	gsSPVertex(castle_grounds_dl_shujacg_mesh_layer_1_vtx_6 + 606, 30, 0),
	gsSP2Triangles(0, 1, 2, 0, 3, 4, 5, 0),
	gsSP2Triangles(6, 7, 8, 0, 9, 10, 11, 0),
	gsSP2Triangles(12, 13, 14, 0, 15, 16, 17, 0),
	gsSP2Triangles(18, 19, 20, 0, 21, 22, 23, 0),
	gsSP2Triangles(24, 25, 26, 0, 27, 28, 29, 0),
	gsSPVertex(castle_grounds_dl_shujacg_mesh_layer_1_vtx_6 + 636, 30, 0),
	gsSP2Triangles(0, 1, 2, 0, 3, 4, 5, 0),
	gsSP2Triangles(6, 7, 8, 0, 9, 10, 11, 0),
	gsSP2Triangles(12, 13, 14, 0, 15, 16, 17, 0),
	gsSP2Triangles(18, 19, 20, 0, 21, 22, 23, 0),
	gsSP2Triangles(24, 25, 26, 0, 27, 28, 29, 0),
	gsSPVertex(castle_grounds_dl_shujacg_mesh_layer_1_vtx_6 + 666, 30, 0),
	gsSP2Triangles(0, 1, 2, 0, 3, 4, 5, 0),
	gsSP2Triangles(6, 7, 8, 0, 9, 10, 11, 0),
	gsSP2Triangles(12, 13, 14, 0, 15, 16, 17, 0),
	gsSP2Triangles(18, 19, 20, 0, 21, 22, 23, 0),
	gsSP2Triangles(24, 25, 26, 0, 27, 28, 29, 0),
	gsSPVertex(castle_grounds_dl_shujacg_mesh_layer_1_vtx_6 + 696, 30, 0),
	gsSP2Triangles(0, 1, 2, 0, 3, 4, 5, 0),
	gsSP2Triangles(6, 7, 8, 0, 9, 10, 11, 0),
	gsSP2Triangles(12, 13, 14, 0, 15, 16, 17, 0),
	gsSP2Triangles(18, 19, 20, 0, 21, 22, 23, 0),
	gsSP2Triangles(24, 25, 26, 0, 27, 28, 29, 0),
	gsSPVertex(castle_grounds_dl_shujacg_mesh_layer_1_vtx_6 + 726, 15, 0),
	gsSP2Triangles(0, 1, 2, 0, 3, 4, 5, 0),
	gsSP2Triangles(6, 7, 8, 0, 9, 10, 11, 0),
	gsSP1Triangle(12, 13, 14, 0),
	gsSPEndDisplayList(),
};

Vtx castle_grounds_dl_shujacg_mesh_layer_1_vtx_7[19] = {
	{{ {163, -6311, -838}, 0, {-1692, 214}, {127, 0, 0, 255} }},
	{{ {163, -6311, -579}, 0, {-1692, -1296}, {127, 0, 0, 255} }},
	{{ {163, -5943, -579}, 0, {446, -1296}, {127, 0, 0, 255} }},
	{{ {163, -6311, -838}, 0, {-1692, 214}, {127, 0, 0, 255} }},
	{{ {163, -5943, -579}, 0, {446, -1296}, {127, 0, 0, 255} }},
	{{ {163, -5943, -838}, 0, {446, 214}, {127, 0, 0, 255} }},
	{{ {-149, -5943, -838}, 0, {-328, -1497}, {0, 0, 129, 255} }},
	{{ {-149, -6311, -838}, 0, {-328, 641}, {0, 0, 129, 255} }},
	{{ {7, -6311, -838}, 0, {-1233, 641}, {0, 0, 129, 255} }},
	{{ {-149, -5943, -838}, 0, {1720, -1497}, {0, 0, 129, 255} }},
	{{ {7, -6311, -838}, 0, {815, 641}, {0, 0, 129, 255} }},
	{{ {163, -6311, -838}, 0, {-90, 641}, {0, 0, 129, 255} }},
	{{ {163, -6311, -838}, 0, {-90, 641}, {0, 0, 129, 255} }},
	{{ {163, -5943, -838}, 0, {-90, -1497}, {0, 0, 129, 255} }},
	{{ {-149, -5943, -838}, 0, {1720, -1497}, {0, 0, 129, 255} }},
	{{ {-149, -6311, -579}, 0, {1660, -1296}, {127, 0, 0, 255} }},
	{{ {-149, -6311, -838}, 0, {1660, 214}, {127, 0, 0, 255} }},
	{{ {-149, -5943, -838}, 0, {-478, 214}, {127, 0, 0, 255} }},
	{{ {-149, -5943, -579}, 0, {-478, -1296}, {127, 0, 0, 255} }},
};

Gfx castle_grounds_dl_shujacg_mesh_layer_1_tri_7[] = {
	gsSPVertex(castle_grounds_dl_shujacg_mesh_layer_1_vtx_7 + 0, 19, 0),
	gsSP2Triangles(0, 1, 2, 0, 3, 4, 5, 0),
	gsSP2Triangles(6, 7, 8, 0, 9, 10, 11, 0),
	gsSP2Triangles(12, 13, 14, 0, 15, 16, 17, 0),
	gsSP1Triangle(15, 17, 18, 0),
	gsSPEndDisplayList(),
};

Vtx castle_grounds_dl_shujacg_mesh_layer_1_vtx_8[179] = {
	{{ {614, -8917, -325}, 0, {3172, -724}, {0, 0, 129, 255} }},
	{{ {-606, -8917, -325}, 0, {-3978, -724}, {0, 0, 129, 255} }},
	{{ {-331, -8917, -325}, 0, {-2369, -724}, {127, 0, 0, 255} }},
	{{ {339, -8917, -325}, 0, {1563, -724}, {127, 0, 0, 255} }},
	{{ {614, -8917, -325}, 0, {3172, -724}, {127, 0, 0, 255} }},
	{{ {-259, -9119, -536}, 0, {1849, 35}, {0, 0, 129, 255} }},
	{{ {-606, -8917, -536}, 0, {3883, 1224}, {0, 0, 129, 255} }},
	{{ {614, -8917, -536}, 0, {-3267, 1224}, {0, 0, 129, 255} }},
	{{ {-606, -8917, -536}, 0, {1835, 1224}, {0, 0, 129, 255} }},
	{{ {-259, -9119, -536}, 0, {-199, 35}, {0, 0, 129, 255} }},
	{{ {-606, -9468, -536}, 0, {1835, -2005}, {0, 0, 129, 255} }},
	{{ {-259, -9119, -630}, 0, {422, 1061}, {112, 61, 0, 255} }},
	{{ {-606, -9468, -630}, 0, {-2458, 1061}, {112, 61, 0, 255} }},
	{{ {-606, -9468, -536}, 0, {-2458, 515}, {112, 61, 0, 255} }},
	{{ {-259, -9119, -630}, 0, {422, 1061}, {112, 61, 0, 255} }},
	{{ {-606, -9468, -536}, 0, {-2458, 515}, {112, 61, 0, 255} }},
	{{ {-259, -9119, -536}, 0, {422, 515}, {112, 61, 0, 255} }},
	{{ {266, -9119, -536}, 0, {814, 35}, {0, 0, 129, 255} }},
	{{ {614, -8917, -536}, 0, {-1219, 1224}, {0, 0, 129, 255} }},
	{{ {614, -9468, -536}, 0, {-1219, -2005}, {0, 0, 129, 255} }},
	{{ {266, -9119, -536}, 0, {-1234, 35}, {0, 0, 129, 255} }},
	{{ {266, -9119, -630}, 0, {612, 1061}, {0, 127, 0, 255} }},
	{{ {-259, -9119, -630}, 0, {-2472, 1061}, {0, 127, 0, 255} }},
	{{ {-259, -9119, -536}, 0, {-2472, 515}, {0, 127, 0, 255} }},
	{{ {266, -9119, -536}, 0, {612, 515}, {0, 127, 0, 255} }},
	{{ {614, -9468, -536}, 0, {829, -2005}, {0, 0, 129, 255} }},
	{{ {614, -8917, -536}, 0, {829, 1224}, {0, 0, 129, 255} }},
	{{ {817, -9119, -536}, 0, {-366, 35}, {0, 0, 129, 255} }},
	{{ {817, -9119, -536}, 0, {761, 515}, {90, 90, 0, 255} }},
	{{ {614, -8917, -536}, 0, {-924, 515}, {90, 90, 0, 255} }},
	{{ {614, -8917, -325}, 0, {-924, -724}, {90, 90, 0, 255} }},
	{{ {817, -9119, -536}, 0, {761, 515}, {90, 90, 0, 255} }},
	{{ {614, -8917, -325}, 0, {-924, -724}, {90, 90, 0, 255} }},
	{{ {817, -9119, -325}, 0, {761, -724}, {90, 90, 0, 255} }},
	{{ {817, -9119, -325}, 0, {-3927, -724}, {127, 0, 0, 255} }},
	{{ {817, -10341, -325}, 0, {3235, -724}, {127, 0, 0, 255} }},
	{{ {817, -10341, -536}, 0, {3235, 515}, {127, 0, 0, 255} }},
	{{ {817, -9119, -536}, 0, {-3927, 515}, {127, 0, 0, 255} }},
	{{ {614, -10545, -536}, 0, {829, 515}, {61, 112, 0, 255} }},
	{{ {817, -10341, -536}, 0, {-861, 515}, {61, 112, 0, 255} }},
	{{ {817, -10341, -325}, 0, {-861, -724}, {61, 112, 0, 255} }},
	{{ {614, -10545, -536}, 0, {829, 515}, {61, 112, 0, 255} }},
	{{ {817, -10341, -325}, 0, {-861, -724}, {61, 112, 0, 255} }},
	{{ {614, -10545, -325}, 0, {829, -724}, {61, 112, 0, 255} }},
	{{ {614, -9468, -536}, 0, {829, 43}, {0, 0, 129, 255} }},
	{{ {817, -9119, -536}, 0, {-366, 2083}, {0, 0, 129, 255} }},
	{{ {614, -9995, -536}, 0, {829, -3045}, {0, 0, 129, 255} }},
	{{ {614, -10545, -536}, 0, {-1219, -2178}, {0, 0, 129, 255} }},
	{{ {266, -10341, -536}, 0, {814, -983}, {0, 0, 129, 255} }},
	{{ {614, -9995, -536}, 0, {-1219, 1051}, {0, 0, 129, 255} }},
	{{ {-606, -10545, -536}, 0, {1835, -2178}, {0, 0, 129, 255} }},
	{{ {-606, -9995, -536}, 0, {1835, 1051}, {0, 0, 129, 255} }},
	{{ {-259, -10341, -536}, 0, {-199, -983}, {0, 0, 129, 255} }},
	{{ {-606, -10545, -536}, 0, {-213, -2178}, {0, 127, 0, 255} }},
	{{ {-606, -9468, -536}, 0, {-213, 4139}, {0, 129, 0, 255} }},
	{{ {-606, -9995, -536}, 0, {-213, 1051}, {0, 129, 0, 255} }},
	{{ {-606, -10545, -536}, 0, {-213, -4226}, {0, 129, 0, 255} }},
	{{ {-606, -8917, -536}, 0, {-213, 5320}, {0, 129, 0, 255} }},
	{{ {-606, -9468, -536}, 0, {-213, 2091}, {0, 129, 0, 255} }},
	{{ {-809, -10341, -536}, 0, {981, -3031}, {0, 0, 129, 255} }},
	{{ {-606, -8917, -536}, 0, {-213, 5320}, {0, 0, 129, 255} }},
	{{ {-606, -10545, -536}, 0, {-213, -4226}, {0, 0, 129, 255} }},
	{{ {-606, -8917, -536}, 0, {-213, 3272}, {0, 0, 129, 255} }},
	{{ {-809, -10341, -536}, 0, {981, -5079}, {0, 0, 129, 255} }},
	{{ {-809, -9119, -536}, 0, {981, 2083}, {0, 0, 129, 255} }},
	{{ {-809, -10341, -325}, 0, {-3345, -724}, {127, 0, 0, 255} }},
	{{ {-809, -9119, -325}, 0, {3817, -724}, {127, 0, 0, 255} }},
	{{ {-809, -9119, -536}, 0, {3817, 515}, {127, 0, 0, 255} }},
	{{ {-809, -10341, -325}, 0, {-3345, -724}, {127, 0, 0, 255} }},
	{{ {-809, -9119, -536}, 0, {3817, 515}, {127, 0, 0, 255} }},
	{{ {-809, -10341, -536}, 0, {-3345, 515}, {127, 0, 0, 255} }},
	{{ {614, -10545, -536}, 0, {-1219, 515}, {0, 127, 0, 255} }},
	{{ {614, -10545, -325}, 0, {-1219, -724}, {0, 127, 0, 255} }},
	{{ {339, -10545, -325}, 0, {389, -724}, {0, 127, 0, 255} }},
	{{ {614, -10545, -536}, 0, {-3267, 515}, {0, 127, 0, 255} }},
	{{ {339, -10545, -325}, 0, {-1659, -724}, {0, 127, 0, 255} }},
	{{ {-331, -10545, -325}, 0, {2274, -724}, {0, 127, 0, 255} }},
	{{ {614, -10545, -536}, 0, {-3267, 515}, {0, 127, 0, 255} }},
	{{ {-331, -10545, -325}, 0, {2274, -724}, {0, 127, 0, 255} }},
	{{ {-606, -10545, -325}, 0, {3883, -724}, {0, 127, 0, 255} }},
	{{ {-606, -10545, -325}, 0, {3883, -724}, {0, 127, 0, 255} }},
	{{ {-606, -10545, -536}, 0, {3883, 515}, {0, 127, 0, 255} }},
	{{ {-606, -8917, -536}, 0, {1406, 515}, {112, 61, 0, 255} }},
	{{ {-809, -9119, -536}, 0, {-279, 515}, {112, 61, 0, 255} }},
	{{ {-809, -9119, -325}, 0, {-279, -724}, {112, 61, 0, 255} }},
	{{ {-606, -8917, -536}, 0, {1406, 515}, {112, 61, 0, 255} }},
	{{ {-606, -8917, -325}, 0, {1406, -724}, {112, 61, 0, 255} }},
	{{ {-606, -9995, -536}, 0, {-1311, 515}, {127, 0, 0, 255} }},
	{{ {-606, -9468, -536}, 0, {1777, 515}, {127, 0, 0, 255} }},
	{{ {-606, -9468, -630}, 0, {1777, 1061}, {127, 0, 0, 255} }},
	{{ {-606, -9995, -536}, 0, {-1311, 515}, {127, 0, 0, 255} }},
	{{ {-606, -9468, -630}, 0, {1777, 1061}, {127, 0, 0, 255} }},
	{{ {-606, -9995, -630}, 0, {-1311, 1061}, {127, 0, 0, 255} }},
	{{ {266, -10341, -536}, 0, {-1234, 515}, {0, 127, 0, 255} }},
	{{ {-259, -10341, -536}, 0, {1849, 515}, {0, 127, 0, 255} }},
	{{ {-259, -10341, -630}, 0, {1849, 1061}, {0, 127, 0, 255} }},
	{{ {266, -10341, -536}, 0, {-1234, 515}, {0, 127, 0, 255} }},
	{{ {-259, -10341, -630}, 0, {1849, 1061}, {0, 127, 0, 255} }},
	{{ {266, -10341, -630}, 0, {-1234, 1061}, {0, 127, 0, 255} }},
	{{ {266, -10341, -630}, 0, {1510, 1061}, {61, 112, 0, 255} }},
	{{ {614, -9995, -630}, 0, {-1367, 1061}, {61, 112, 0, 255} }},
	{{ {614, -9995, -536}, 0, {-1367, 515}, {61, 112, 0, 255} }},
	{{ {266, -10341, -630}, 0, {1510, 1061}, {61, 112, 0, 255} }},
	{{ {614, -9995, -536}, 0, {-1367, 515}, {61, 112, 0, 255} }},
	{{ {266, -10341, -536}, 0, {1510, 515}, {61, 112, 0, 255} }},
	{{ {-417, -6311, -579}, 0, {728, -1286}, {0, 127, 0, 255} }},
	{{ {-417, -6311, -1014}, 0, {728, 1268}, {0, 127, 0, 255} }},
	{{ {-360, -6311, -1190}, 0, {394, 2300}, {0, 127, 0, 255} }},
	{{ {-417, -6311, -579}, 0, {728, -1286}, {0, 127, 0, 255} }},
	{{ {-360, -6311, -1190}, 0, {394, 2300}, {0, 127, 0, 255} }},
	{{ {-337, -6311, -1262}, 0, {257, 2719}, {0, 127, 0, 255} }},
	{{ {-417, -6311, -579}, 0, {728, -3334}, {0, 127, 0, 255} }},
	{{ {-337, -6311, -1262}, 0, {257, 671}, {0, 127, 0, 255} }},
	{{ {-127, -6311, -1414}, 0, {-978, 1568}, {0, 127, 0, 255} }},
	{{ {-417, -6311, -579}, 0, {728, -3334}, {0, 127, 0, 255} }},
	{{ {-127, -6311, -1414}, 0, {-978, 1568}, {0, 127, 0, 255} }},
	{{ {4, -6311, -1414}, 0, {-1740, 1568}, {0, 127, 0, 255} }},
	{{ {4, -6311, -1414}, 0, {-1740, 1568}, {0, 127, 0, 255} }},
	{{ {134, -6311, -1414}, 0, {-2503, 1568}, {0, 127, 0, 255} }},
	{{ {134, -6311, -1414}, 0, {1593, 1568}, {0, 127, 0, 255} }},
	{{ {344, -6311, -1262}, 0, {358, 671}, {0, 127, 0, 255} }},
	{{ {367, -6311, -1190}, 0, {222, 252}, {0, 127, 0, 255} }},
	{{ {134, -6311, -1414}, 0, {1593, 1568}, {0, 127, 0, 255} }},
	{{ {367, -6311, -1190}, 0, {222, 252}, {0, 127, 0, 255} }},
	{{ {425, -6311, -1014}, 0, {-113, -780}, {0, 127, 0, 255} }},
	{{ {134, -6311, -1414}, 0, {1593, 1568}, {0, 127, 0, 255} }},
	{{ {425, -6311, -1014}, 0, {-113, -780}, {0, 127, 0, 255} }},
	{{ {425, -6311, -579}, 0, {-113, -3334}, {0, 127, 0, 255} }},
	{{ {134, -6311, -1414}, 0, {1593, 1568}, {0, 127, 0, 255} }},
	{{ {425, -6311, -579}, 0, {-113, -3334}, {0, 127, 0, 255} }},
	{{ {339, -6311, -579}, 0, {389, -3334}, {0, 127, 0, 255} }},
	{{ {339, -6311, -579}, 0, {389, -1286}, {0, 127, 0, 255} }},
	{{ {163, -6311, -579}, 0, {1426, -1286}, {0, 127, 0, 255} }},
	{{ {163, -6311, -838}, 0, {1426, 235}, {0, 127, 0, 255} }},
	{{ {163, -6311, -838}, 0, {-622, 235}, {127, 0, 0, 255} }},
	{{ {7, -6311, -838}, 0, {290, 235}, {127, 0, 0, 255} }},
	{{ {-149, -6311, -838}, 0, {1202, 235}, {127, 0, 0, 255} }},
	{{ {-149, -6311, -838}, 0, {-846, 235}, {0, 127, 0, 255} }},
	{{ {-149, -6311, -579}, 0, {-846, -1286}, {0, 127, 0, 255} }},
	{{ {-331, -6311, -579}, 0, {226, -1286}, {0, 127, 0, 255} }},
	{{ {-149, -6311, -838}, 0, {-846, 235}, {0, 127, 0, 255} }},
	{{ {-331, -6311, -579}, 0, {226, -1286}, {0, 127, 0, 255} }},
	{{ {-417, -6311, -579}, 0, {728, -1286}, {0, 127, 0, 255} }},
	{{ {-149, -6311, -838}, 0, {-846, -1813}, {0, 127, 0, 255} }},
	{{ {-417, -6311, -579}, 0, {728, -3334}, {0, 127, 0, 255} }},
	{{ {134, -6311, -1414}, 0, {-2503, 1568}, {0, 127, 0, 255} }},
	{{ {339, -6311, -579}, 0, {389, -3334}, {0, 127, 0, 255} }},
	{{ {163, -6311, -838}, 0, {1426, -1813}, {0, 127, 0, 255} }},
	{{ {134, -6311, -1414}, 0, {-455, 1568}, {0, 127, 0, 255} }},
	{{ {163, -6311, -838}, 0, {-622, -1813}, {0, 127, 0, 255} }},
	{{ {-149, -6311, -838}, 0, {1202, -1813}, {0, 127, 0, 255} }},
	{{ {614, -8917, -325}, 0, {3172, -724}, {0, 127, 0, 255} }},
	{{ {614, -8917, -536}, 0, {3172, 515}, {0, 127, 0, 255} }},
	{{ {-606, -8917, -536}, 0, {-3978, 515}, {0, 127, 0, 255} }},
	{{ {-606, -8917, -325}, 0, {-3978, -724}, {0, 127, 0, 255} }},
	{{ {614, -9995, -630}, 0, {2377, 1061}, {127, 0, 0, 255} }},
	{{ {614, -9468, -630}, 0, {-711, 1061}, {127, 0, 0, 255} }},
	{{ {614, -9468, -536}, 0, {-711, 515}, {127, 0, 0, 255} }},
	{{ {614, -9995, -536}, 0, {2377, 515}, {127, 0, 0, 255} }},
	{{ {266, -9119, -536}, 0, {-768, 515}, {90, 90, 0, 255} }},
	{{ {614, -9468, -536}, 0, {2113, 515}, {90, 90, 0, 255} }},
	{{ {614, -9468, -630}, 0, {2113, 1061}, {90, 90, 0, 255} }},
	{{ {266, -9119, -630}, 0, {-768, 1061}, {90, 90, 0, 255} }},
	{{ {614, -10545, -536}, 0, {829, -4226}, {0, 0, 129, 255} }},
	{{ {817, -9119, -536}, 0, {-366, 4131}, {0, 0, 129, 255} }},
	{{ {817, -10341, -536}, 0, {-366, -3031}, {0, 0, 129, 255} }},
	{{ {614, -9995, -536}, 0, {829, -997}, {0, 0, 129, 255} }},
	{{ {614, -10545, -536}, 0, {-3267, -130}, {0, 0, 129, 255} }},
	{{ {-259, -10341, -536}, 0, {1849, 1065}, {0, 0, 129, 255} }},
	{{ {266, -10341, -536}, 0, {-1234, 1065}, {0, 0, 129, 255} }},
	{{ {-606, -10545, -536}, 0, {3883, -130}, {0, 0, 129, 255} }},
	{{ {-606, -10545, -325}, 0, {-213, -724}, {90, 90, 0, 255} }},
	{{ {-809, -10341, -325}, 0, {1476, -724}, {90, 90, 0, 255} }},
	{{ {-809, -10341, -536}, 0, {1476, 515}, {90, 90, 0, 255} }},
	{{ {-606, -10545, -536}, 0, {-213, 515}, {90, 90, 0, 255} }},
	{{ {-606, -9995, -630}, 0, {1789, 1061}, {90, 90, 0, 255} }},
	{{ {-259, -10341, -630}, 0, {-1087, 1061}, {90, 90, 0, 255} }},
	{{ {-259, -10341, -536}, 0, {-1087, 515}, {90, 90, 0, 255} }},
	{{ {-606, -9995, -536}, 0, {1789, 515}, {90, 90, 0, 255} }},
};

Gfx castle_grounds_dl_shujacg_mesh_layer_1_tri_8[] = {
	gsSPVertex(castle_grounds_dl_shujacg_mesh_layer_1_vtx_8 + 0, 31, 0),
	gsSP2Triangles(0, 1, 2, 0, 2, 3, 4, 0),
	gsSP2Triangles(5, 6, 7, 0, 8, 9, 10, 0),
	gsSP2Triangles(11, 12, 13, 0, 14, 15, 16, 0),
	gsSP2Triangles(17, 18, 19, 0, 5, 7, 20, 0),
	gsSP2Triangles(21, 22, 23, 0, 21, 23, 24, 0),
	gsSP2Triangles(25, 26, 27, 0, 28, 29, 30, 0),
	gsSPVertex(castle_grounds_dl_shujacg_mesh_layer_1_vtx_8 + 31, 31, 0),
	gsSP2Triangles(0, 1, 2, 0, 3, 4, 5, 0),
	gsSP2Triangles(3, 5, 6, 0, 7, 8, 9, 0),
	gsSP2Triangles(10, 11, 12, 0, 13, 14, 15, 0),
	gsSP2Triangles(16, 17, 18, 0, 19, 20, 21, 0),
	gsSP2Triangles(22, 23, 24, 0, 25, 26, 27, 0),
	gsSP1Triangle(28, 29, 30, 0),
	gsSPVertex(castle_grounds_dl_shujacg_mesh_layer_1_vtx_8 + 62, 31, 0),
	gsSP2Triangles(0, 1, 2, 0, 3, 4, 5, 0),
	gsSP2Triangles(6, 7, 8, 0, 9, 10, 11, 0),
	gsSP2Triangles(12, 13, 14, 0, 15, 16, 17, 0),
	gsSP2Triangles(18, 19, 15, 0, 20, 21, 22, 0),
	gsSP2Triangles(23, 22, 24, 0, 25, 26, 27, 0),
	gsSP1Triangle(28, 29, 30, 0),
	gsSPVertex(castle_grounds_dl_shujacg_mesh_layer_1_vtx_8 + 93, 32, 0),
	gsSP2Triangles(0, 1, 2, 0, 3, 4, 5, 0),
	gsSP2Triangles(6, 7, 8, 0, 9, 10, 11, 0),
	gsSP2Triangles(12, 13, 14, 0, 15, 16, 17, 0),
	gsSP2Triangles(18, 19, 20, 0, 21, 22, 23, 0),
	gsSP2Triangles(21, 24, 25, 0, 26, 27, 28, 0),
	gsSP1Triangle(29, 30, 31, 0),
	gsSPVertex(castle_grounds_dl_shujacg_mesh_layer_1_vtx_8 + 125, 30, 0),
	gsSP2Triangles(0, 1, 2, 0, 3, 4, 5, 0),
	gsSP2Triangles(6, 7, 8, 0, 9, 10, 11, 0),
	gsSP2Triangles(12, 13, 14, 0, 15, 16, 17, 0),
	gsSP2Triangles(18, 19, 20, 0, 3, 21, 22, 0),
	gsSP2Triangles(23, 24, 25, 0, 26, 27, 28, 0),
	gsSP1Triangle(26, 28, 29, 0),
	gsSPVertex(castle_grounds_dl_shujacg_mesh_layer_1_vtx_8 + 155, 24, 0),
	gsSP2Triangles(0, 1, 2, 0, 0, 2, 3, 0),
	gsSP2Triangles(4, 5, 6, 0, 4, 6, 7, 0),
	gsSP2Triangles(8, 9, 10, 0, 11, 9, 8, 0),
	gsSP2Triangles(12, 13, 14, 0, 15, 13, 12, 0),
	gsSP2Triangles(16, 17, 18, 0, 16, 18, 19, 0),
	gsSP2Triangles(20, 21, 22, 0, 20, 22, 23, 0),
	gsSPEndDisplayList(),
};

Vtx castle_grounds_dl_shujacg_mesh_layer_1_vtx_9[199] = {
	{{ {2859, -5838, -579}, 0, {-247, -725}, {0, 0, 129, 255} }},
	{{ {2945, -5838, -579}, 0, {-119, -768}, {0, 0, 129, 255} }},
	{{ {2945, -6227, -579}, 0, {73, -193}, {0, 0, 129, 255} }},
	{{ {-3524, -5784, -404}, 0, {487, 300}, {0, 0, 129, 255} }},
	{{ {-3524, -6616, -404}, 0, {897, 1529}, {0, 0, 129, 255} }},
	{{ {-4423, -5784, -404}, 0, {-843, 743}, {0, 0, 129, 255} }},
	{{ {-2827, -6227, -579}, 0, {-300, 606}, {111, 0, 195, 255} }},
	{{ {-3524, -6616, -404}, 0, {-1170, 1536}, {111, 0, 195, 255} }},
	{{ {-3524, -5784, -404}, 0, {-1580, 306}, {111, 0, 195, 255} }},
	{{ {-2827, -6227, -579}, 0, {902, -1216}, {111, 2, 195, 255} }},
	{{ {-2938, -7059, -579}, 0, {1316, 24}, {111, 2, 195, 255} }},
	{{ {-3524, -6616, -404}, 0, {159, -183}, {111, 2, 195, 255} }},
	{{ {3523, -5790, -579}, 0, {713, -1122}, {0, 0, 129, 255} }},
	{{ {3533, -7043, -579}, 0, {1345, 725}, {0, 0, 129, 255} }},
	{{ {2945, -6227, -579}, 0, {2121, -2241}, {0, 0, 129, 255} }},
	{{ {1168, -7284, -579}, 0, {11, 195}, {0, 0, 129, 255} }},
	{{ {339, -7473, -579}, 0, {-1121, 883}, {0, 0, 129, 255} }},
	{{ {3523, -5790, -579}, 0, {713, 926}, {0, 0, 129, 255} }},
	{{ {3517, -5064, -579}, 0, {345, -145}, {0, 0, 129, 255} }},
	{{ {3531, -5784, -579}, 0, {721, 913}, {0, 0, 129, 255} }},
	{{ {3533, -7043, -579}, 0, {1345, 725}, {0, 0, 129, 255} }},
	{{ {3523, -5790, -579}, 0, {713, -1122}, {0, 0, 129, 255} }},
	{{ {3531, -5784, -579}, 0, {721, -1135}, {0, 0, 129, 255} }},
	{{ {4470, -5063, -579}, 0, {1755, -615}, {0, 0, 129, 255} }},
	{{ {5711, -1628, -402}, 0, {1896, -2203}, {0, 13, 130, 255} }},
	{{ {5032, -3365, -578}, 0, {1748, 699}, {0, 13, 130, 255} }},
	{{ {5122, -1634, -402}, 0, {1028, -1905}, {0, 13, 130, 255} }},
	{{ {4468, -3292, -579}, 0, {880, 867}, {2, 13, 130, 255} }},
	{{ {5122, -1634, -402}, 0, {1028, -1905}, {2, 13, 130, 255} }},
	{{ {5032, -3365, -578}, 0, {1748, 699}, {2, 13, 130, 255} }},
	{{ {4858, -45, -437}, 0, {-142, -2071}, {1, 114, 199, 255} }},
	{{ {5322, -198, -428}, 0, {616, -2075}, {1, 114, 199, 255} }},
	{{ {4661, -583, -437}, 0, {-166, -1181}, {1, 114, 199, 255} }},
	{{ {4676, -617, -435}, 0, {-130, -1137}, {1, 113, 199, 255} }},
	{{ {4661, -583, -437}, 0, {-168, -1179}, {1, 113, 199, 255} }},
	{{ {5322, -198, -428}, 0, {614, -2072}, {1, 113, 199, 255} }},
	{{ {4676, -617, -435}, 0, {-130, -1137}, {1, 113, 199, 255} }},
	{{ {5322, -198, -428}, 0, {614, -2072}, {1, 113, 199, 255} }},
	{{ {5128, -1595, -403}, 0, {1015, 86}, {1, 113, 199, 255} }},
	{{ {5122, -1634, -402}, 0, {1026, 146}, {1, 113, 199, 255} }},
	{{ {4676, -617, -435}, 0, {-130, -1137}, {1, 113, 199, 255} }},
	{{ {5128, -1595, -403}, 0, {986, 117}, {0, 114, 199, 255} }},
	{{ {5322, -198, -428}, 0, {589, -2042}, {0, 114, 199, 255} }},
	{{ {5711, -1628, -402}, 0, {1866, -120}, {0, 114, 199, 255} }},
	{{ {5128, -1595, -403}, 0, {986, 117}, {0, 114, 199, 255} }},
	{{ {5711, -1628, -402}, 0, {1866, -120}, {0, 114, 199, 255} }},
	{{ {5122, -1634, -402}, 0, {997, 177}, {0, 114, 199, 255} }},
	{{ {2347, 282, -402}, 0, {692, -95}, {113, 0, 199, 255} }},
	{{ {3606, 410, -437}, 0, {2834, -415}, {113, 0, 199, 255} }},
	{{ {3409, -128, -437}, 0, {2622, 713}, {113, 0, 199, 255} }},
	{{ {2351, 1139, -402}, 0, {1038, -1783}, {113, 0, 199, 255} }},
	{{ {3606, 410, -437}, 0, {2834, -415}, {113, 0, 199, 255} }},
	{{ {2347, 282, -402}, 0, {692, -95}, {113, 0, 199, 255} }},
	{{ {2351, 1139, -402}, 0, {3086, 265}, {27, 9, 132, 255} }},
	{{ {565, 282, -848}, 0, {-774, 1953}, {27, 9, 132, 255} }},
	{{ {96, 1860, -838}, 0, {-1074, -1159}, {27, 9, 132, 255} }},
	{{ {2347, 282, -402}, 0, {2740, -95}, {31, 0, 133, 255} }},
	{{ {565, 282, -848}, 0, {-774, -95}, {31, 0, 133, 255} }},
	{{ {2351, 1139, -402}, 0, {3086, -1783}, {31, 0, 133, 255} }},
	{{ {-4417, 705, -402}, 0, {2046, -3463}, {3, 1, 129, 255} }},
	{{ {-4189, -104, -402}, 0, {2422, -2108}, {3, 1, 129, 255} }},
	{{ {-5507, -1096, -437}, 0, {-64, 11}, {3, 1, 129, 255} }},
	{{ {-4417, 705, -402}, 0, {-2216, -926}, {84, 86, 213, 255} }},
	{{ {-2071, 282, -551}, 0, {2240, -94}, {84, 86, 213, 255} }},
	{{ {-4189, -104, -402}, 0, {-2083, 671}, {84, 86, 213, 255} }},
	{{ {-3401, 1649, -452}, 0, {146, -743}, {113, 1, 198, 255} }},
	{{ {-2071, 282, -551}, 0, {2226, 1953}, {113, 1, 198, 255} }},
	{{ {-4417, 705, -402}, 0, {-2228, 1117}, {113, 1, 198, 255} }},
	{{ {-2076, 302, -551}, 0, {173, 1914}, {83, 86, 213, 255} }},
	{{ {-2071, 282, -551}, 0, {175, 1953}, {83, 86, 213, 255} }},
	{{ {-3401, 1649, -452}, 0, {-1905, -743}, {83, 86, 213, 255} }},
	{{ {-2076, 302, -551}, 0, {173, 1914}, {83, 86, 213, 255} }},
	{{ {-3401, 1649, -452}, 0, {-1905, -743}, {83, 86, 213, 255} }},
	{{ {-2344, 1387, -551}, 0, {71, -227}, {83, 86, 213, 255} }},
	{{ {-2076, 302, -551}, 0, {-1873, 1913}, {81, 87, 213, 255} }},
	{{ {-2344, 1387, -551}, 0, {-1975, -227}, {81, 87, 213, 255} }},
	{{ {-557, 282, -848}, 0, {1110, 1953}, {81, 87, 213, 255} }},
	{{ {-2076, 302, -551}, 0, {-1873, -135}, {81, 87, 213, 255} }},
	{{ {-557, 282, -848}, 0, {1110, -95}, {81, 87, 213, 255} }},
	{{ {-2071, 282, -551}, 0, {-1872, -95}, {81, 87, 213, 255} }},
	{{ {-1124, 1860, -838}, 0, {616, -1159}, {81, 87, 212, 255} }},
	{{ {-557, 282, -848}, 0, {1112, 1953}, {81, 87, 212, 255} }},
	{{ {-2344, 1387, -551}, 0, {-1974, -227}, {81, 87, 212, 255} }},
	{{ {-453, 282, -848}, 0, {1314, 1953}, {0, 1, 129, 255} }},
	{{ {-557, 282, -848}, 0, {1108, 1953}, {0, 1, 129, 255} }},
	{{ {-1124, 1860, -838}, 0, {616, -1159}, {0, 1, 129, 255} }},
	{{ {-453, 282, -848}, 0, {1314, 1953}, {0, 1, 129, 255} }},
	{{ {-1124, 1860, -838}, 0, {616, -1159}, {0, 1, 129, 255} }},
	{{ {96, 1860, -838}, 0, {3022, -1159}, {0, 1, 129, 255} }},
	{{ {96, 1860, -838}, 0, {974, -1159}, {0, 1, 129, 255} }},
	{{ {565, 282, -848}, 0, {1274, 1953}, {0, 1, 129, 255} }},
	{{ {460, 282, -848}, 0, {1068, 1953}, {0, 1, 129, 255} }},
	{{ {96, 1860, -838}, 0, {974, -1159}, {0, 1, 129, 255} }},
	{{ {460, 282, -848}, 0, {1068, 1953}, {0, 1, 129, 255} }},
	{{ {-453, 282, -848}, 0, {-734, 1953}, {0, 1, 129, 255} }},
	{{ {-3401, 1649, -452}, 0, {2194, -743}, {112, 7, 197, 255} }},
	{{ {-4417, 705, -402}, 0, {-180, 1117}, {112, 7, 197, 255} }},
	{{ {-3774, 2521, -289}, 0, {1804, -2461}, {112, 7, 197, 255} }},
	{{ {-4725, 1866, -289}, 0, {-330, -1169}, {113, 5, 199, 255} }},
	{{ {-3774, 2521, -289}, 0, {1804, -2461}, {113, 5, 199, 255} }},
	{{ {-4417, 705, -402}, 0, {-180, 1117}, {113, 5, 199, 255} }},
	{{ {-2071, 6315, -289}, 0, {1859, -4277}, {0, 0, 129, 255} }},
	{{ {-2344, 4073, -289}, 0, {984, 521}, {0, 0, 129, 255} }},
	{{ {-3413, 3418, -289}, 0, {-1403, 1796}, {0, 0, 129, 255} }},
	{{ {-3413, 3418, -289}, 0, {645, -252}, {0, 0, 129, 255} }},
	{{ {-4657, 2776, -289}, 0, {-2116, 975}, {0, 0, 129, 255} }},
	{{ {-4373, 3814, -289}, 0, {-1370, -1226}, {0, 0, 129, 255} }},
	{{ {-3413, 3418, -289}, 0, {645, 1796}, {0, 0, 129, 255} }},
	{{ {-4373, 3814, -289}, 0, {-1370, 822}, {0, 0, 129, 255} }},
	{{ {-3514, 5131, -289}, 0, {647, -1907}, {0, 0, 129, 255} }},
	{{ {-3514, 5131, -289}, 0, {-1401, -1907}, {0, 0, 129, 255} }},
	{{ {-4184, -123, -402}, 0, {-2317, 400}, {84, 85, 213, 255} }},
	{{ {-4189, -104, -402}, 0, {-2319, 361}, {84, 85, 213, 255} }},
	{{ {-2071, 282, -551}, 0, {1998, -239}, {84, 85, 213, 255} }},
	{{ {-4184, -123, -402}, 0, {2436, -22}, {3, 0, 129, 255} }},
	{{ {-5507, -1096, -437}, 0, {-64, 2059}, {3, 0, 129, 255} }},
	{{ {-4189, -104, -402}, 0, {2422, -60}, {3, 0, 129, 255} }},
	{{ {-4857, -1181, -437}, 0, {1237, 105}, {0, 4, 129, 255} }},
	{{ {-5507, -1096, -437}, 0, {-58, 15}, {0, 4, 129, 255} }},
	{{ {-4184, -123, -402}, 0, {2440, -2067}, {0, 4, 129, 255} }},
	{{ {-4857, -1181, -437}, 0, {1243, -1938}, {0, 2, 129, 255} }},
	{{ {-5286, -2334, -454}, 0, {534, 393}, {0, 2, 129, 255} }},
	{{ {-5507, -1096, -437}, 0, {-52, -2027}, {0, 2, 129, 255} }},
	{{ {-4730, -2133, -454}, 0, {1596, -81}, {114, 1, 199, 255} }},
	{{ {-5286, -2334, -454}, 0, {521, 383}, {114, 1, 199, 255} }},
	{{ {-4857, -1181, -437}, 0, {1232, -1947}, {114, 1, 199, 255} }},
	{{ {-4759, -3266, -577}, 0, {1678, 126}, {113, 6, 199, 255} }},
	{{ {-5286, -2334, -454}, 0, {521, -1665}, {113, 6, 199, 255} }},
	{{ {-4730, -2133, -454}, 0, {1596, -2129}, {113, 6, 199, 255} }},
	{{ {-5375, -3079, -577}, 0, {439, -163}, {6, 20, 131, 255} }},
	{{ {-5286, -2334, -454}, 0, {521, -1665}, {6, 20, 131, 255} }},
	{{ {-4759, -3266, -577}, 0, {1678, 126}, {6, 20, 131, 255} }},
	{{ {4468, -3292, -579}, 0, {880, -1181}, {0, 0, 129, 255} }},
	{{ {5032, -3365, -578}, 0, {1748, -1349}, {0, 0, 129, 255} }},
	{{ {4470, -5063, -579}, 0, {1754, 1435}, {0, 0, 129, 255} }},
	{{ {5050, -5803, -579}, 0, {928, 2243}, {0, 0, 129, 255} }},
	{{ {4470, -5063, -579}, 0, {-294, 1435}, {0, 0, 129, 255} }},
	{{ {5032, -3365, -578}, 0, {-300, -1349}, {0, 0, 129, 255} }},
	{{ {2906, -7059, -579}, 0, {425, 1056}, {0, 0, 129, 255} }},
	{{ {2614, -7059, -579}, 0, {-8, 1200}, {0, 0, 129, 255} }},
	{{ {3533, -7043, -579}, 0, {1345, 725}, {0, 0, 129, 255} }},
	{{ {-417, -6540, -579}, 0, {-652, -124}, {0, 0, 129, 255} }},
	{{ {-331, -7473, -579}, 0, {-65, 1212}, {0, 0, 129, 255} }},
	{{ {-968, -7606, -579}, 0, {-942, 1722}, {0, 0, 129, 255} }},
	{{ {-2827, -6227, -579}, 0, {-275, 597}, {0, 0, 129, 255} }},
	{{ {-2938, -5967, -579}, 0, {-567, 270}, {0, 0, 129, 255} }},
	{{ {-2827, -5967, -579}, 0, {-403, 215}, {0, 0, 129, 255} }},
	{{ {-2222, -6540, -579}, 0, {-1274, 764}, {0, 0, 129, 255} }},
	{{ {-417, -6540, -579}, 0, {1396, -124}, {0, 0, 129, 255} }},
	{{ {-2938, -7059, -579}, 0, {-2078, 1882}, {0, 0, 129, 255} }},
	{{ {-2222, -6540, -579}, 0, {774, -1284}, {0, 0, 129, 255} }},
	{{ {-2938, -7059, -579}, 0, {-30, -166}, {0, 0, 129, 255} }},
	{{ {-2827, -6227, -579}, 0, {-275, -1450}, {0, 100, 178, 255} }},
	{{ {2945, -6227, -579}, 0, {73, -193}, {0, 0, 129, 255} }},
	{{ {1168, -7284, -579}, 0, {-2037, 2243}, {0, 0, 129, 255} }},
	{{ {339, -7473, -579}, 0, {927, 883}, {0, 0, 129, 255} }},
	{{ {339, -6311, -579}, 0, {354, -834}, {0, 0, 129, 255} }},
	{{ {425, -6311, -579}, 0, {481, -877}, {0, 0, 129, 255} }},
	{{ {425, -6540, -579}, 0, {594, -538}, {0, 0, 129, 255} }},
	{{ {339, -7473, -579}, 0, {-1121, 883}, {0, 0, 129, 255} }},
	{{ {425, -6540, -579}, 0, {-1454, -538}, {0, 0, 129, 255} }},
	{{ {2085, -6540, -579}, 0, {1003, -1354}, {0, 0, 129, 255} }},
	{{ {2945, -6227, -579}, 0, {2121, -2241}, {0, 0, 129, 255} }},
	{{ {4470, -5063, -579}, 0, {-293, -615}, {0, 0, 129, 255} }},
	{{ {5050, -5803, -579}, 0, {929, 193}, {0, 0, 129, 255} }},
	{{ {4798, -6319, -579}, 0, {810, 1080}, {0, 0, 129, 255} }},
	{{ {4168, -6892, -579}, 0, {161, 2237}, {0, 0, 129, 255} }},
	{{ {4470, -5063, -579}, 0, {1755, -2663}, {0, 0, 129, 255} }},
	{{ {4168, -6892, -579}, 0, {2209, 189}, {0, 0, 129, 255} }},
	{{ {3533, -7043, -579}, 0, {1345, 725}, {0, 0, 129, 255} }},
	{{ {3531, -5784, -579}, 0, {721, -1135}, {0, 0, 129, 255} }},
	{{ {-5375, -3079, -577}, 0, {439, -163}, {0, 0, 129, 255} }},
	{{ {-4759, -3266, -577}, 0, {1678, 126}, {0, 0, 129, 255} }},
	{{ {-4990, -3803, -577}, 0, {1292, 1217}, {0, 0, 129, 255} }},
	{{ {-5858, -3971, -577}, 0, {-399, 1664}, {0, 0, 129, 255} }},
	{{ {-5938, -3292, -577}, 0, {-648, 331}, {0, 0, 129, 255} }},
	{{ {-2071, 6315, -289}, 0, {-189, -2229}, {0, 0, 129, 255} }},
	{{ {-836, 6179, -289}, 0, {2454, -1779}, {0, 0, 129, 255} }},
	{{ {-21, 5521, -289}, 0, {4128, -258}, {0, 0, 129, 255} }},
	{{ {52, 4410, -289}, 0, {4144, 2147}, {0, 0, 129, 255} }},
	{{ {-2071, 6315, -289}, 0, {-189, -4277}, {0, 0, 129, 255} }},
	{{ {52, 4410, -289}, 0, {4144, 99}, {0, 0, 129, 255} }},
	{{ {-823, 3862, -289}, 0, {2188, 1171}, {0, 0, 129, 255} }},
	{{ {-2344, 4073, -289}, 0, {-1064, 521}, {0, 0, 129, 255} }},
	{{ {-3413, 3418, -289}, 0, {645, -2300}, {0, 0, 129, 255} }},
	{{ {-3774, 2521, -289}, 0, {-244, -413}, {0, 0, 129, 255} }},
	{{ {-4725, 1866, -289}, 0, {-2378, 879}, {0, 0, 129, 255} }},
	{{ {-3413, 3418, -289}, 0, {645, -2300}, {0, 0, 129, 255} }},
	{{ {-4725, 1866, -289}, 0, {-2378, 879}, {0, 0, 129, 255} }},
	{{ {-4657, 2776, -289}, 0, {-2116, -1073}, {0, 0, 129, 255} }},
	{{ {-417, -6540, -579}, 0, {-652, -124}, {0, 0, 129, 255} }},
	{{ {-417, -6311, -579}, 0, {-765, -462}, {0, 0, 129, 255} }},
	{{ {-331, -6311, -579}, 0, {-638, -505}, {0, 0, 129, 255} }},
	{{ {-331, -7473, -579}, 0, {-65, 1212}, {0, 0, 129, 255} }},
	{{ {-417, -6540, -579}, 0, {1396, -124}, {0, 0, 129, 255} }},
	{{ {-968, -7606, -579}, 0, {1106, 1722}, {0, 0, 129, 255} }},
	{{ {-2079, -7297, -579}, 0, {-688, 1812}, {0, 0, 129, 255} }},
	{{ {-2440, -7059, -579}, 0, {-1341, 1637}, {0, 0, 129, 255} }},
	{{ {-2938, -7059, -579}, 0, {-2078, 1882}, {0, 0, 129, 255} }},
};

Gfx castle_grounds_dl_shujacg_mesh_layer_1_tri_9[] = {
	gsSPVertex(castle_grounds_dl_shujacg_mesh_layer_1_vtx_9 + 0, 30, 0),
	gsSP2Triangles(0, 1, 2, 0, 3, 4, 5, 0),
	gsSP2Triangles(6, 7, 8, 0, 9, 10, 11, 0),
	gsSP2Triangles(2, 12, 13, 0, 14, 15, 16, 0),
	gsSP2Triangles(17, 18, 19, 0, 20, 21, 22, 0),
	gsSP2Triangles(19, 18, 23, 0, 24, 25, 26, 0),
	gsSP1Triangle(27, 28, 29, 0),
	gsSPVertex(castle_grounds_dl_shujacg_mesh_layer_1_vtx_9 + 30, 32, 0),
	gsSP2Triangles(0, 1, 2, 0, 3, 4, 5, 0),
	gsSP2Triangles(6, 7, 8, 0, 8, 9, 10, 0),
	gsSP2Triangles(11, 12, 13, 0, 14, 15, 16, 0),
	gsSP2Triangles(17, 18, 19, 0, 20, 21, 22, 0),
	gsSP2Triangles(23, 24, 25, 0, 26, 27, 28, 0),
	gsSP1Triangle(29, 30, 31, 0),
	gsSPVertex(castle_grounds_dl_shujacg_mesh_layer_1_vtx_9 + 62, 30, 0),
	gsSP2Triangles(0, 1, 2, 0, 3, 4, 5, 0),
	gsSP2Triangles(6, 7, 8, 0, 9, 10, 11, 0),
	gsSP2Triangles(12, 13, 14, 0, 15, 16, 17, 0),
	gsSP2Triangles(18, 19, 20, 0, 21, 22, 23, 0),
	gsSP2Triangles(24, 25, 26, 0, 27, 28, 29, 0),
	gsSPVertex(castle_grounds_dl_shujacg_mesh_layer_1_vtx_9 + 92, 31, 0),
	gsSP2Triangles(0, 1, 2, 0, 3, 4, 5, 0),
	gsSP2Triangles(6, 7, 8, 0, 9, 10, 11, 0),
	gsSP2Triangles(12, 13, 14, 0, 15, 16, 17, 0),
	gsSP2Triangles(11, 18, 9, 0, 19, 20, 21, 0),
	gsSP2Triangles(22, 23, 24, 0, 25, 26, 27, 0),
	gsSP1Triangle(28, 29, 30, 0),
	gsSPVertex(castle_grounds_dl_shujacg_mesh_layer_1_vtx_9 + 123, 32, 0),
	gsSP2Triangles(0, 1, 2, 0, 3, 4, 5, 0),
	gsSP2Triangles(6, 7, 8, 0, 9, 10, 11, 0),
	gsSP2Triangles(12, 13, 14, 0, 15, 16, 17, 0),
	gsSP2Triangles(18, 19, 20, 0, 21, 22, 23, 0),
	gsSP2Triangles(24, 25, 26, 0, 27, 28, 29, 0),
	gsSP2Triangles(30, 17, 16, 0, 30, 16, 31, 0),
	gsSPVertex(castle_grounds_dl_shujacg_mesh_layer_1_vtx_9 + 155, 32, 0),
	gsSP2Triangles(0, 1, 2, 0, 0, 2, 3, 0),
	gsSP2Triangles(4, 5, 6, 0, 6, 7, 4, 0),
	gsSP2Triangles(8, 9, 10, 0, 8, 10, 11, 0),
	gsSP2Triangles(12, 13, 14, 0, 14, 15, 12, 0),
	gsSP2Triangles(16, 17, 18, 0, 16, 18, 19, 0),
	gsSP2Triangles(19, 20, 16, 0, 21, 22, 23, 0),
	gsSP2Triangles(21, 23, 24, 0, 25, 26, 27, 0),
	gsSP2Triangles(25, 27, 28, 0, 29, 30, 31, 0),
	gsSPVertex(castle_grounds_dl_shujacg_mesh_layer_1_vtx_9 + 187, 12, 0),
	gsSP2Triangles(0, 1, 2, 0, 3, 4, 5, 0),
	gsSP2Triangles(3, 5, 6, 0, 7, 8, 9, 0),
	gsSP2Triangles(7, 9, 10, 0, 7, 10, 11, 0),
	gsSPEndDisplayList(),
};

Vtx castle_grounds_dl_shujacg_mesh_layer_1_vtx_10[338] = {
	{{ {-2938, -7059, -579}, 0, {1383, -558}, {78, 90, 212, 255} }},
	{{ {-2958, -8814, -325}, 0, {5, 128}, {78, 90, 212, 255} }},
	{{ {-3064, -8401, -340}, 0, {277, -123}, {78, 90, 212, 255} }},
	{{ {-2938, -7059, -579}, 0, {1383, -558}, {78, 90, 212, 255} }},
	{{ {-3064, -8401, -340}, 0, {277, -123}, {78, 90, 212, 255} }},
	{{ {-3281, -7562, -370}, 0, {830, -634}, {78, 90, 212, 255} }},
	{{ {-2938, -7059, -579}, 0, {-665, -558}, {78, 90, 212, 255} }},
	{{ {-3281, -7562, -370}, 0, {-1218, -634}, {78, 90, 212, 255} }},
	{{ {-3524, -6616, -404}, 0, {-595, -1209}, {78, 90, 212, 255} }},
	{{ {-2440, -7059, -579}, 0, {1580, -173}, {0, 112, 197, 255} }},
	{{ {-2958, -8814, -325}, 0, {5, 128}, {1, 112, 197, 255} }},
	{{ {-2938, -7059, -579}, 0, {1383, -558}, {0, 112, 197, 255} }},
	{{ {-2079, -7297, -579}, 0, {1541, -1847}, {85, 83, 212, 255} }},
	{{ {-2958, -8814, -325}, 0, {5, -1920}, {85, 83, 212, 255} }},
	{{ {-2440, -7059, -579}, 0, {1580, -2221}, {85, 83, 212, 255} }},
	{{ {-2079, -7297, -579}, 0, {1541, -1847}, {13, 111, 196, 255} }},
	{{ {-2144, -8218, -325}, 0, {781, -1513}, {13, 111, 196, 255} }},
	{{ {-2958, -8814, -325}, 0, {5, -1920}, {13, 111, 196, 255} }},
	{{ {-2144, -8218, -325}, 0, {-1267, -1513}, {16, 111, 197, 255} }},
	{{ {-2079, -7297, -579}, 0, {-511, -1856}, {18, 111, 197, 255} }},
	{{ {-1847, -7913, -325}, 0, {-916, -1398}, {18, 111, 197, 255} }},
	{{ {-1847, -7913, -325}, 0, {-928, -1392}, {0, 111, 194, 255} }},
	{{ {-2079, -7297, -579}, 0, {-508, -1836}, {0, 111, 194, 255} }},
	{{ {-1211, -7913, -325}, 0, {-673, -902}, {0, 111, 194, 255} }},
	{{ {-1211, -7913, -325}, 0, {-673, -902}, {94, 74, 214, 255} }},
	{{ {-2079, -7297, -579}, 0, {-508, -1836}, {94, 74, 214, 255} }},
	{{ {-968, -7606, -579}, 0, {-271, -864}, {94, 74, 214, 255} }},
	{{ {-1211, -7913, -325}, 0, {-673, -902}, {0, 111, 194, 255} }},
	{{ {-968, -7606, -579}, 0, {-271, -864}, {0, 111, 194, 255} }},
	{{ {-331, -7913, -325}, 0, {-338, -216}, {0, 111, 194, 255} }},
	{{ {-331, -7913, -325}, 0, {-338, -216}, {7, 110, 194, 255} }},
	{{ {-968, -7606, -579}, 0, {-271, -864}, {7, 110, 194, 255} }},
	{{ {-331, -7473, -579}, 0, {59, -406}, {7, 110, 194, 255} }},
	{{ {1246, -10637, -325}, 0, {158, -21}, {0, 0, 129, 255} }},
	{{ {972, -8663, -325}, 0, {1604, -971}, {0, 0, 129, 255} }},
	{{ {1221, -8663, -325}, 0, {1696, -776}, {0, 0, 129, 255} }},
	{{ {-331, -11550, -325}, 0, {-1126, -877}, {0, 0, 129, 255} }},
	{{ {-606, -10545, -325}, 0, {-447, -1474}, {0, 0, 129, 255} }},
	{{ {-331, -10545, -325}, 0, {-342, -1260}, {0, 0, 129, 255} }},
	{{ {928, -11004, -325}, 0, {-247, -133}, {0, 129, 0, 255} }},
	{{ {928, -11187, -325}, 0, {-391, -64}, {0, 127, 0, 255} }},
	{{ {928, -10821, -325}, 0, {-104, -201}, {0, 129, 0, 255} }},
	{{ {5058, -6720, -579}, 0, {600, -566}, {111, 0, 194, 255} }},
	{{ {5050, -5803, -579}, 0, {1312, -921}, {111, 0, 194, 255} }},
	{{ {6056, -6840, -948}, 0, {913, 310}, {111, 0, 194, 255} }},
	{{ {5058, -6720, -579}, 0, {600, -566}, {111, 0, 194, 255} }},
	{{ {6056, -6840, -948}, 0, {913, 310}, {111, 0, 194, 255} }},
	{{ {5066, -7746, -579}, 0, {-197, -167}, {111, 0, 194, 255} }},
	{{ {5513, -5308, -740}, 0, {-163, -728}, {111, 1, 194, 255} }},
	{{ {6056, -6840, -948}, 0, {-1135, 310}, {111, 1, 194, 255} }},
	{{ {5050, -5803, -579}, 0, {-736, -921}, {111, 1, 194, 255} }},
	{{ {6883, -5308, -1062}, 0, {378, 366}, {112, 3, 196, 255} }},
	{{ {6056, -6840, -948}, 0, {-1135, 310}, {112, 3, 196, 255} }},
	{{ {5513, -5308, -740}, 0, {-163, -728}, {112, 2, 195, 255} }},
	{{ {7302, -1524, -662}, 0, {-626, -855}, {113, 5, 198, 255} }},
	{{ {6388, -524, -507}, 0, {-278, -1963}, {113, 5, 198, 255} }},
	{{ {7266, 446, -507}, 0, {774, -1669}, {113, 5, 198, 255} }},
	{{ {6388, -524, -507}, 0, {1770, -1963}, {112, 0, 197, 255} }},
	{{ {7302, -1524, -662}, 0, {1422, -855}, {112, 0, 197, 255} }},
	{{ {5711, -1628, -402}, 0, {714, -2065}, {112, 0, 197, 255} }},
	{{ {7405, -3703, -906}, 0, {-221, 108}, {112, 6, 196, 255} }},
	{{ {5711, -1628, -402}, 0, {714, -2065}, {112, 6, 196, 255} }},
	{{ {7302, -1524, -662}, 0, {1422, -855}, {112, 6, 196, 255} }},
	{{ {5032, -3365, -578}, 0, {-902, -1878}, {113, 8, 198, 255} }},
	{{ {5711, -1628, -402}, 0, {714, -2065}, {113, 8, 198, 255} }},
	{{ {7405, -3703, -906}, 0, {-221, 108}, {113, 8, 198, 255} }},
	{{ {-1338, -8539, -325}, 0, {837, -762}, {0, 0, 129, 255} }},
	{{ {-1384, -10637, -325}, 0, {-816, 2}, {0, 0, 129, 255} }},
	{{ {-1338, -8291, -325}, 0, {1031, -857}, {0, 0, 129, 255} }},
	{{ {5322, -198, -428}, 0, {-476, -865}, {12, 30, 133, 255} }},
	{{ {4858, -45, -437}, 0, {-555, -1274}, {12, 30, 133, 255} }},
	{{ {6323, 1281, 26}, 0, {1091, -738}, {12, 30, 133, 255} }},
	{{ {4122, -7239, -579}, 0, {-162, -1097}, {86, 83, 213, 255} }},
	{{ {2965, -8814, -325}, 0, {-1846, -1396}, {86, 83, 213, 255} }},
	{{ {3533, -7043, -579}, 0, {-234, -1631}, {86, 82, 213, 255} }},
	{{ {2614, -7059, -579}, 0, {1453, -295}, {84, 84, 212, 255} }},
	{{ {2151, -8218, -325}, 0, {352, -211}, {84, 84, 212, 255} }},
	{{ {1854, -7913, -325}, 0, {473, -560}, {84, 84, 212, 255} }},
	{{ {2151, -8814, -325}, 0, {-123, 9}, {0, 0, 129, 255} }},
	{{ {1854, -7913, -325}, 0, {473, -560}, {0, 0, 129, 255} }},
	{{ {2151, -8218, -325}, 0, {345, -214}, {0, 0, 129, 255} }},
	{{ {2614, -7059, -579}, 0, {1453, -295}, {3, 111, 194, 255} }},
	{{ {1854, -7913, -325}, 0, {473, -560}, {3, 111, 194, 255} }},
	{{ {1168, -7284, -579}, 0, {748, -1351}, {3, 111, 194, 255} }},
	{{ {339, -7913, -325}, 0, {-92, -1748}, {0, 111, 194, 255} }},
	{{ {1168, -7284, -579}, 0, {748, -1351}, {0, 111, 194, 255} }},
	{{ {1854, -7913, -325}, 0, {473, -560}, {0, 111, 194, 255} }},
	{{ {1168, -7284, -579}, 0, {748, -1351}, {8, 110, 194, 255} }},
	{{ {339, -7913, -325}, 0, {-92, -1748}, {8, 110, 194, 255} }},
	{{ {339, -7473, -579}, 0, {304, -1940}, {8, 110, 194, 255} }},
	{{ {6388, -524, -507}, 0, {1770, 85}, {83, 86, 213, 255} }},
	{{ {5711, -1628, -402}, 0, {714, -17}, {83, 86, 213, 255} }},
	{{ {5322, -198, -428}, 0, {1572, -865}, {83, 86, 213, 255} }},
	{{ {6388, -524, -507}, 0, {-278, 85}, {113, 7, 199, 255} }},
	{{ {5322, -198, -428}, 0, {-476, -865}, {113, 7, 199, 255} }},
	{{ {6714, 446, -402}, 0, {554, -57}, {113, 7, 199, 255} }},
	{{ {6714, 446, -402}, 0, {554, -57}, {112, 23, 201, 255} }},
	{{ {5322, -198, -428}, 0, {-476, -865}, {112, 23, 201, 255} }},
	{{ {6323, 1281, 26}, 0, {1091, -738}, {112, 23, 201, 255} }},
	{{ {7655, 2733, 32}, 0, {2690, -217}, {111, 20, 197, 255} }},
	{{ {6714, 446, -402}, 0, {554, -57}, {111, 20, 197, 255} }},
	{{ {6323, 1281, 26}, 0, {1091, -738}, {111, 20, 197, 255} }},
	{{ {7655, 2733, 32}, 0, {2690, -2265}, {112, 15, 198, 255} }},
	{{ {7266, 446, -507}, 0, {749, -1667}, {112, 15, 198, 255} }},
	{{ {6714, 446, -402}, 0, {554, -2105}, {112, 15, 198, 255} }},
	{{ {2151, -8218, -325}, 0, {352, -2259}, {0, 0, 129, 255} }},
	{{ {2965, -8814, -325}, 0, {202, -1396}, {0, 0, 129, 255} }},
	{{ {2151, -8814, -325}, 0, {-112, -2029}, {0, 0, 129, 255} }},
	{{ {2614, -7059, -579}, 0, {1453, -2343}, {85, 83, 212, 255} }},
	{{ {2965, -8814, -325}, 0, {202, -1396}, {85, 83, 212, 255} }},
	{{ {2151, -8218, -325}, 0, {352, -2259}, {85, 83, 212, 255} }},
	{{ {2906, -7059, -579}, 0, {1565, -2114}, {0, 112, 197, 255} }},
	{{ {2965, -8814, -325}, 0, {202, -1396}, {0, 112, 197, 255} }},
	{{ {2614, -7059, -579}, 0, {1453, -2343}, {0, 112, 197, 255} }},
	{{ {2965, -8814, -325}, 0, {202, -1396}, {0, 112, 197, 255} }},
	{{ {2906, -7059, -579}, 0, {1565, -2114}, {0, 112, 197, 255} }},
	{{ {3533, -7043, -579}, 0, {1814, -1631}, {0, 112, 197, 255} }},
	{{ {6714, 446, -402}, 0, {554, -2105}, {112, 10, 197, 255} }},
	{{ {7266, 446, -507}, 0, {774, -1669}, {112, 10, 197, 255} }},
	{{ {6388, -524, -507}, 0, {-278, -1963}, {112, 10, 197, 255} }},
	{{ {-6987, -1628, -402}, 0, {1522, 1561}, {113, 2, 199, 255} }},
	{{ {-7784, 446, -289}, 0, {-978, 333}, {113, 2, 199, 255} }},
	{{ {-5507, -1096, -437}, 0, {2110, -371}, {113, 2, 199, 255} }},
	{{ {-4417, 705, -402}, 0, {1242, -1101}, {113, 2, 199, 255} }},
	{{ {-5507, -1096, -437}, 0, {2110, 1677}, {113, 2, 199, 255} }},
	{{ {-7784, 446, -289}, 0, {-978, 2381}, {113, 2, 199, 255} }},
	{{ {3, 2621, -763}, 0, {3022, -1511}, {113, 9, 199, 255} }},
	{{ {-1124, 1860, -838}, 0, {1874, -651}, {113, 10, 199, 255} }},
	{{ {-2344, 2521, -674}, 0, {344, -1297}, {113, 10, 199, 255} }},
	{{ {-2344, 1387, -551}, 0, {564, -91}, {82, 86, 212, 255} }},
	{{ {-2344, 2521, -674}, 0, {344, -1297}, {82, 86, 212, 255} }},
	{{ {-1124, 1860, -838}, 0, {1874, -651}, {82, 86, 212, 255} }},
	{{ {-2344, 1387, -551}, 0, {564, -91}, {84, 85, 212, 255} }},
	{{ {-3401, 1649, -452}, 0, {-698, -321}, {84, 84, 212, 255} }},
	{{ {-2344, 2521, -674}, 0, {344, -1297}, {84, 85, 212, 255} }},
	{{ {-2344, 2521, -674}, 0, {344, -1297}, {111, 4, 195, 255} }},
	{{ {-3401, 1649, -452}, 0, {-698, -321}, {111, 4, 195, 255} }},
	{{ {-3774, 2521, -289}, 0, {-1292, -1229}, {111, 4, 195, 255} }},
	{{ {-2344, 2521, -674}, 0, {344, -1297}, {113, 19, 202, 255} }},
	{{ {-823, 3862, -289}, 0, {1832, -2789}, {113, 19, 202, 255} }},
	{{ {3, 2621, -763}, 0, {3022, -1511}, {113, 19, 202, 255} }},
	{{ {-2344, 4073, -289}, 0, {46, -895}, {4, 31, 133, 255} }},
	{{ {-823, 3862, -289}, 0, {1832, -741}, {4, 31, 133, 255} }},
	{{ {-2344, 2521, -674}, 0, {344, 751}, {4, 31, 133, 255} }},
	{{ {-2344, 4073, -289}, 0, {46, -895}, {112, 14, 198, 255} }},
	{{ {-2344, 2521, -674}, 0, {344, 751}, {112, 14, 198, 255} }},
	{{ {-3413, 3418, -289}, 0, {-1054, -149}, {112, 14, 198, 255} }},
	{{ {-3774, 2521, -289}, 0, {-1292, -1229}, {111, 6, 195, 255} }},
	{{ {-3413, 3418, -289}, 0, {-1054, -2197}, {111, 6, 195, 255} }},
	{{ {-2344, 2521, -674}, 0, {344, -1297}, {111, 6, 195, 255} }},
	{{ {-2071, 6315, -289}, 0, {-180, -2597}, {8, 112, 197, 255} }},
	{{ {-3514, 5131, -289}, 0, {-140, -73}, {8, 112, 197, 255} }},
	{{ {-4886, 5805, -587}, 0, {-1816, 581}, {8, 112, 197, 255} }},
	{{ {-4373, 3814, -289}, 0, {450, -31}, {9, 113, 198, 255} }},
	{{ {-4886, 5805, -587}, 0, {-1816, -1467}, {9, 113, 198, 255} }},
	{{ {-3514, 5131, -289}, 0, {-140, -2121}, {9, 113, 198, 255} }},
	{{ {-4886, 5805, -587}, 0, {-1816, -1467}, {5, 112, 197, 255} }},
	{{ {-4373, 3814, -289}, 0, {450, -31}, {5, 112, 197, 255} }},
	{{ {-6763, 4913, -624}, 0, {-2374, 1185}, {5, 112, 197, 255} }},
	{{ {-4373, 3814, -289}, 0, {450, -2079}, {7, 113, 199, 255} }},
	{{ {-4657, 2776, -289}, 0, {1206, -811}, {7, 113, 199, 255} }},
	{{ {-6763, 4913, -624}, 0, {-2374, -863}, {7, 113, 199, 255} }},
	{{ {-7510, 3672, -541}, 0, {-1758, 1053}, {3, 113, 198, 255} }},
	{{ {-6763, 4913, -624}, 0, {-2374, -863}, {3, 113, 198, 255} }},
	{{ {-4657, 2776, -289}, 0, {1206, -811}, {3, 113, 198, 255} }},
	{{ {-7784, 2746, -289}, 0, {-1066, 2217}, {0, 111, 195, 255} }},
	{{ {-7510, 3672, -541}, 0, {-1758, 1053}, {0, 111, 195, 255} }},
	{{ {-4657, 2776, -289}, 0, {1206, -811}, {0, 111, 195, 255} }},
	{{ {-4417, 705, -402}, 0, {1242, -1101}, {113, 5, 199, 255} }},
	{{ {-7784, 446, -289}, 0, {-978, 2381}, {113, 5, 199, 255} }},
	{{ {-4725, 1866, -289}, 0, {-48, -1917}, {113, 5, 199, 255} }},
	{{ {-1702, -11187, -325}, 0, {682, -35}, {0, 127, 0, 255} }},
	{{ {-1702, -10821, -325}, 0, {968, -175}, {0, 129, 0, 255} }},
	{{ {-1702, -11004, -325}, 0, {825, -105}, {0, 127, 0, 255} }},
	{{ {-1702, -11187, -325}, 0, {682, -35}, {0, 0, 129, 255} }},
	{{ {-2144, -11004, -325}, 0, {656, -450}, {0, 0, 129, 255} }},
	{{ {-1702, -10821, -325}, 0, {968, -175}, {0, 0, 129, 255} }},
	{{ {-1702, -10821, -325}, 0, {-1080, -175}, {0, 0, 129, 255} }},
	{{ {-1550, -10036, -325}, 0, {-410, -356}, {0, 0, 129, 255} }},
	{{ {-1384, -10637, -325}, 0, {-816, 2}, {0, 0, 129, 255} }},
	{{ {-5286, -2334, -454}, 0, {1374, -1440}, {113, 10, 199, 255} }},
	{{ {-5375, -3079, -577}, 0, {1984, -644}, {113, 10, 199, 255} }},
	{{ {-5875, -3198, -565}, 0, {1730, -50}, {113, 10, 199, 255} }},
	{{ {-5938, -3292, -577}, 0, {1768, 102}, {113, 10, 199, 255} }},
	{{ {-5875, -3198, -565}, 0, {1729, -50}, {113, 10, 199, 255} }},
	{{ {-5375, -3079, -577}, 0, {1984, -644}, {113, 10, 199, 255} }},
	{{ {-5938, -3292, -577}, 0, {1768, 100}, {2, 15, 130, 255} }},
	{{ {-6726, -3174, -577}, 0, {1078, 742}, {2, 15, 130, 255} }},
	{{ {-5875, -3198, -565}, 0, {1730, -51}, {2, 15, 130, 255} }},
	{{ {-5938, -3292, -577}, 0, {1768, 101}, {0, 0, 129, 255} }},
	{{ {-5858, -3971, -577}, 0, {2459, 677}, {0, 0, 129, 255} }},
	{{ {-6726, -3174, -577}, 0, {1078, 743}, {0, 0, 129, 255} }},
	{{ {-5858, -3971, -577}, 0, {2459, -1371}, {29, 32, 137, 255} }},
	{{ {-6888, -4492, -966}, 0, {2047, -2}, {29, 32, 137, 255} }},
	{{ {-6726, -3174, -577}, 0, {1078, -1305}, {29, 32, 137, 255} }},
	{{ {614, -10545, -325}, 0, {-5, -550}, {0, 0, 129, 255} }},
	{{ {339, -11550, -325}, 0, {-895, -391}, {0, 0, 129, 255} }},
	{{ {339, -10545, -325}, 0, {-107, -766}, {0, 0, 129, 255} }},
	{{ {-5286, -2334, -454}, 0, {1373, -1442}, {2, 15, 130, 255} }},
	{{ {-5875, -3198, -565}, 0, {1729, -51}, {2, 15, 130, 255} }},
	{{ {-6726, -3174, -577}, 0, {1077, 742}, {2, 15, 130, 255} }},
	{{ {-5286, -2334, -454}, 0, {1374, -1441}, {9, 3, 129, 255} }},
	{{ {-6726, -3174, -577}, 0, {1078, 743}, {9, 3, 129, 255} }},
	{{ {-5507, -1096, -437}, 0, {62, -2419}, {9, 3, 129, 255} }},
	{{ {-6987, -1628, -402}, 0, {-526, -487}, {113, 6, 199, 255} }},
	{{ {-5507, -1096, -437}, 0, {62, -2419}, {113, 6, 199, 255} }},
	{{ {-6726, -3174, -577}, 0, {1078, 743}, {113, 6, 199, 255} }},
	{{ {5513, -5308, -740}, 0, {-163, -728}, {111, 0, 194, 255} }},
	{{ {5050, -5803, -579}, 0, {-737, -916}, {111, 0, 194, 255} }},
	{{ {5032, -3365, -578}, 0, {1146, -1878}, {111, 0, 194, 255} }},
	{{ {5513, -5308, -740}, 0, {-163, -728}, {112, 3, 197, 255} }},
	{{ {5032, -3365, -578}, 0, {1146, -1878}, {112, 3, 197, 255} }},
	{{ {7405, -3703, -906}, 0, {1827, 108}, {112, 3, 197, 255} }},
	{{ {6883, -5308, -1062}, 0, {378, 366}, {111, 10, 196, 255} }},
	{{ {5513, -5308, -740}, 0, {-163, -728}, {111, 10, 196, 255} }},
	{{ {7405, -3703, -906}, 0, {1827, 108}, {111, 10, 196, 255} }},
	{{ {4122, -8226, -465}, 0, {-938, -721}, {86, 83, 213, 255} }},
	{{ {2965, -8814, -325}, 0, {-1846, -1398}, {86, 83, 213, 255} }},
	{{ {4122, -7239, -579}, 0, {-162, -1097}, {86, 83, 213, 255} }},
	{{ {4122, -8226, -465}, 0, {-938, -721}, {86, 83, 213, 255} }},
	{{ {4122, -7239, -579}, 0, {-162, -1097}, {86, 83, 213, 255} }},
	{{ {4431, -7405, -579}, 0, {-173, -793}, {86, 83, 213, 255} }},
	{{ {4122, -8226, -465}, 0, {-938, -721}, {86, 83, 213, 255} }},
	{{ {4431, -7405, -579}, 0, {-173, -793}, {86, 83, 213, 255} }},
	{{ {5066, -7746, -579}, 0, {-197, -167}, {86, 83, 213, 255} }},
	{{ {4122, -8226, -465}, 0, {-938, -721}, {86, 83, 213, 255} }},
	{{ {5066, -7746, -579}, 0, {-197, -167}, {86, 83, 213, 255} }},
	{{ {4359, -8106, -493}, 0, {-752, -582}, {86, 83, 213, 255} }},
	{{ {1562, -10821, -325}, 0, {133, 296}, {0, 0, 129, 255} }},
	{{ {1344, -8539, -325}, 0, {1839, -726}, {0, 0, 129, 255} }},
	{{ {1558, -10036, -325}, 0, {746, 0}, {0, 0, 129, 255} }},
	{{ {1558, -10036, -325}, 0, {-1302, 0}, {0, 0, 129, 255} }},
	{{ {1344, -8539, -325}, 0, {-209, -726}, {0, 0, 129, 255} }},
	{{ {1558, -9425, -325}, 0, {-823, -228}, {0, 0, 129, 255} }},
	{{ {-2958, -8814, -325}, 0, {5, -1920}, {0, 0, 129, 255} }},
	{{ {-2144, -8218, -325}, 0, {781, -1513}, {0, 0, 129, 255} }},
	{{ {-2144, -8814, -325}, 0, {316, -1285}, {0, 0, 129, 255} }},
	{{ {-1847, -7913, -325}, 0, {1132, -1398}, {0, 0, 129, 255} }},
	{{ {-1550, -9425, -325}, 0, {66, -589}, {0, 0, 129, 255} }},
	{{ {-1338, -8291, -325}, 0, {1031, -857}, {0, 0, 129, 255} }},
	{{ {-1338, -8291, -325}, 0, {-1017, -857}, {0, 0, 129, 255} }},
	{{ {-1847, -7913, -325}, 0, {-916, -1398}, {0, 0, 129, 255} }},
	{{ {-1211, -7913, -325}, 0, {-673, -902}, {0, 0, 129, 255} }},
	{{ {-1214, -8166, -325}, 0, {-872, -807}, {0, 0, 129, 255} }},
	{{ {-965, -8166, -325}, 0, {-777, -613}, {0, 0, 129, 255} }},
	{{ {-331, -7913, -325}, 0, {-338, -216}, {0, 0, 129, 255} }},
	{{ {-841, -8291, -325}, 0, {-828, -469}, {0, 0, 129, 255} }},
	{{ {-841, -8539, -325}, 0, {-1021, -375}, {0, 0, 129, 255} }},
	{{ {-809, -9119, -325}, 0, {-1462, -129}, {0, 0, 129, 255} }},
	{{ {-606, -8917, -325}, 0, {-1226, -47}, {0, 0, 129, 255} }},
	{{ {-331, -8917, -325}, 0, {-1121, 167}, {0, 0, 129, 255} }},
	{{ {928, -10821, -325}, 0, {-104, -201}, {0, 0, 129, 255} }},
	{{ {972, -8663, -325}, 0, {1604, -971}, {0, 0, 129, 255} }},
	{{ {1246, -10637, -325}, 0, {158, -21}, {0, 0, 129, 255} }},
	{{ {847, -8539, -325}, 0, {1654, -1115}, {0, 0, 129, 255} }},
	{{ {928, -11187, -325}, 0, {-391, -64}, {0, 0, 129, 255} }},
	{{ {-996, -11550, -325}, 0, {-1379, -1395}, {0, 0, 129, 255} }},
	{{ {-809, -10341, -325}, 0, {-366, -1711}, {0, 0, 129, 255} }},
	{{ {-331, -11550, -325}, 0, {-1126, -877}, {0, 0, 129, 255} }},
	{{ {-606, -10545, -325}, 0, {-447, -1474}, {0, 0, 129, 255} }},
	{{ {4798, -6319, -579}, 0, {814, -921}, {0, 0, 129, 255} }},
	{{ {5050, -5803, -579}, 0, {1312, -921}, {0, 0, 129, 255} }},
	{{ {5058, -6720, -579}, 0, {600, -566}, {0, 0, 129, 255} }},
	{{ {5066, -7746, -579}, 0, {-197, -167}, {0, 0, 129, 255} }},
	{{ {4431, -7405, -579}, 0, {-173, -793}, {0, 0, 129, 255} }},
	{{ {4122, -7239, -579}, 0, {-162, -1097}, {0, 0, 129, 255} }},
	{{ {4168, -6892, -579}, 0, {126, -1194}, {0, 0, 129, 255} }},
	{{ {3533, -7043, -579}, 0, {-234, -1631}, {0, 0, 129, 255} }},
	{{ {1003, -11550, -325}, 0, {-647, -1918}, {0, 0, 129, 255} }},
	{{ {1246, -11370, -325}, 0, {-416, -1796}, {0, 0, 129, 255} }},
	{{ {1300, -11855, -325}, 0, {-775, -1572}, {0, 0, 129, 255} }},
	{{ {928, -11187, -325}, 0, {-391, -2112}, {0, 0, 129, 255} }},
	{{ {-809, -10341, -325}, 0, {-366, 337}, {0, 0, 129, 255} }},
	{{ {-841, -8539, -325}, 0, {1027, -375}, {0, 0, 129, 255} }},
	{{ {-809, -9119, -325}, 0, {586, -129}, {0, 0, 129, 255} }},
	{{ {-965, -8663, -325}, 0, {883, -424}, {0, 0, 129, 255} }},
	{{ {-996, -11550, -325}, 0, {-1379, -1395}, {0, 0, 129, 255} }},
	{{ {-965, -8663, -325}, 0, {883, -2472}, {0, 0, 129, 255} }},
	{{ {-809, -10341, -325}, 0, {-366, -1711}, {0, 0, 129, 255} }},
	{{ {-1068, -11187, -325}, 0, {-1124, -1589}, {0, 0, 129, 255} }},
	{{ {-1068, -11004, -325}, 0, {-981, -1659}, {0, 0, 129, 255} }},
	{{ {-1068, -10821, -325}, 0, {-838, 319}, {0, 0, 129, 255} }},
	{{ {-1068, -11004, -325}, 0, {-981, 389}, {0, 0, 129, 255} }},
	{{ {-1214, -8663, -325}, 0, {788, -618}, {0, 0, 129, 255} }},
	{{ {-1338, -8539, -325}, 0, {837, -762}, {0, 0, 129, 255} }},
	{{ {-1384, -10637, -325}, 0, {-816, 2}, {0, 0, 129, 255} }},
	{{ {-1550, -10036, -325}, 0, {-410, -356}, {0, 0, 129, 255} }},
	{{ {-1338, -8291, -325}, 0, {1031, -857}, {0, 0, 129, 255} }},
	{{ {-1550, -9425, -325}, 0, {66, -589}, {0, 0, 129, 255} }},
	{{ {1562, -10821, -325}, 0, {133, -1752}, {0, 0, 129, 255} }},
	{{ {1558, -10036, -325}, 0, {746, -2048}, {0, 0, 129, 255} }},
	{{ {2151, -10646, -325}, 0, {489, -1355}, {0, 0, 129, 255} }},
	{{ {1562, -11004, -325}, 0, {-11, -1684}, {0, 0, 129, 255} }},
	{{ {1562, -11187, -325}, 0, {-154, -1615}, {0, 0, 129, 255} }},
	{{ {2151, -11004, -325}, 0, {209, -1222}, {0, 0, 129, 255} }},
	{{ {1300, -11855, -325}, 0, {-775, -1572}, {0, 0, 129, 255} }},
	{{ {1246, -11370, -325}, 0, {-416, -1796}, {0, 0, 129, 255} }},
	{{ {-7784, 446, -289}, 0, {1070, 2381}, {0, 0, 129, 255} }},
	{{ {-7784, 2746, -289}, 0, {-1066, 169}, {0, 0, 129, 255} }},
	{{ {-4657, 2776, -289}, 0, {1205, -2858}, {0, 0, 129, 255} }},
	{{ {-4725, 1866, -289}, 0, {2000, -1917}, {0, 0, 129, 255} }},
	{{ {-1292, -11855, -325}, 0, {318, -1510}, {0, 0, 129, 255} }},
	{{ {-1384, -11370, -325}, 0, {661, -1766}, {0, 0, 129, 255} }},
	{{ {-1068, -11187, -325}, 0, {924, -1589}, {0, 0, 129, 255} }},
	{{ {-1292, -11855, -325}, 0, {318, -1510}, {0, 0, 129, 255} }},
	{{ {-1068, -11187, -325}, 0, {924, -1589}, {0, 0, 129, 255} }},
	{{ {-996, -11550, -325}, 0, {669, -1395}, {0, 0, 129, 255} }},
	{{ {-2144, -11004, -325}, 0, {656, -2498}, {0, 0, 129, 255} }},
	{{ {-1702, -11187, -325}, 0, {682, -2083}, {0, 0, 129, 255} }},
	{{ {-1384, -11370, -325}, 0, {661, -1766}, {0, 0, 129, 255} }},
	{{ {-1550, -10036, -325}, 0, {-410, -356}, {0, 0, 129, 255} }},
	{{ {-2144, -11004, -325}, 0, {-1392, -450}, {0, 0, 129, 255} }},
	{{ {-2144, -10646, -325}, 0, {-1113, -586}, {0, 0, 129, 255} }},
	{{ {-1702, -10821, -325}, 0, {-1080, -175}, {0, 0, 129, 255} }},
	{{ {1558, -9425, -325}, 0, {-823, -228}, {0, 0, 129, 255} }},
	{{ {1854, -7913, -325}, 0, {473, -560}, {0, 0, 129, 255} }},
	{{ {2151, -8814, -325}, 0, {-123, 9}, {0, 0, 129, 255} }},
	{{ {1344, -8539, -325}, 0, {-209, -726}, {0, 0, 129, 255} }},
	{{ {1344, -8291, -325}, 0, {-14, -818}, {0, 0, 129, 255} }},
	{{ {1221, -8166, -325}, 0, {38, -962}, {0, 0, 129, 255} }},
	{{ {972, -8166, -325}, 0, {-55, -1157}, {0, 0, 129, 255} }},
	{{ {339, -7913, -325}, 0, {-92, -1748}, {0, 0, 129, 255} }},
	{{ {847, -8291, -325}, 0, {-199, -1208}, {0, 0, 129, 255} }},
	{{ {339, -8917, -325}, 0, {-880, -1373}, {0, 0, 129, 255} }},
	{{ {614, -8917, -325}, 0, {-777, -1158}, {0, 0, 129, 255} }},
	{{ {817, -9119, -325}, 0, {-860, -923}, {0, 0, 129, 255} }},
	{{ {817, -10341, -325}, 0, {-1817, -467}, {0, 0, 129, 255} }},
	{{ {847, -8539, -325}, 0, {-394, -1115}, {0, 0, 129, 255} }},
	{{ {928, -11187, -325}, 0, {-391, -64}, {0, 0, 129, 255} }},
	{{ {817, -10341, -325}, 0, {231, -467}, {0, 0, 129, 255} }},
	{{ {847, -8539, -325}, 0, {1654, -1115}, {0, 0, 129, 255} }},
	{{ {614, -10545, -325}, 0, {-5, -550}, {0, 0, 129, 255} }},
	{{ {1003, -11550, -325}, 0, {-647, 130}, {0, 0, 129, 255} }},
	{{ {339, -11550, -325}, 0, {-895, -391}, {0, 0, 129, 255} }},
	{{ {1246, -10637, -325}, 0, {158, -21}, {0, 0, 129, 255} }},
	{{ {1344, -8539, -325}, 0, {1839, -726}, {0, 0, 129, 255} }},
	{{ {1562, -10821, -325}, 0, {133, 296}, {0, 0, 129, 255} }},
	{{ {1221, -8663, -325}, 0, {1696, -776}, {0, 0, 129, 255} }},
};

Gfx castle_grounds_dl_shujacg_mesh_layer_1_tri_10[] = {
	gsSPVertex(castle_grounds_dl_shujacg_mesh_layer_1_vtx_10 + 0, 30, 0),
	gsSP2Triangles(0, 1, 2, 0, 3, 4, 5, 0),
	gsSP2Triangles(6, 7, 8, 0, 9, 10, 11, 0),
	gsSP2Triangles(12, 13, 14, 0, 15, 16, 17, 0),
	gsSP2Triangles(18, 19, 20, 0, 21, 22, 23, 0),
	gsSP2Triangles(24, 25, 26, 0, 27, 28, 29, 0),
	gsSPVertex(castle_grounds_dl_shujacg_mesh_layer_1_vtx_10 + 30, 30, 0),
	gsSP2Triangles(0, 1, 2, 0, 3, 4, 5, 0),
	gsSP2Triangles(6, 7, 8, 0, 9, 10, 11, 0),
	gsSP2Triangles(12, 13, 14, 0, 15, 16, 17, 0),
	gsSP2Triangles(18, 19, 20, 0, 21, 22, 23, 0),
	gsSP2Triangles(24, 25, 26, 0, 27, 28, 29, 0),
	gsSPVertex(castle_grounds_dl_shujacg_mesh_layer_1_vtx_10 + 60, 30, 0),
	gsSP2Triangles(0, 1, 2, 0, 3, 4, 5, 0),
	gsSP2Triangles(6, 7, 8, 0, 9, 10, 11, 0),
	gsSP2Triangles(12, 13, 14, 0, 15, 16, 17, 0),
	gsSP2Triangles(18, 19, 20, 0, 21, 22, 23, 0),
	gsSP2Triangles(24, 25, 26, 0, 27, 28, 29, 0),
	gsSPVertex(castle_grounds_dl_shujacg_mesh_layer_1_vtx_10 + 90, 30, 0),
	gsSP2Triangles(0, 1, 2, 0, 3, 4, 5, 0),
	gsSP2Triangles(6, 7, 8, 0, 9, 10, 11, 0),
	gsSP2Triangles(12, 13, 14, 0, 15, 16, 17, 0),
	gsSP2Triangles(18, 19, 20, 0, 21, 22, 23, 0),
	gsSP2Triangles(24, 25, 26, 0, 27, 28, 29, 0),
	gsSPVertex(castle_grounds_dl_shujacg_mesh_layer_1_vtx_10 + 120, 30, 0),
	gsSP2Triangles(0, 1, 2, 0, 3, 4, 5, 0),
	gsSP2Triangles(6, 7, 8, 0, 9, 10, 11, 0),
	gsSP2Triangles(12, 13, 14, 0, 15, 16, 17, 0),
	gsSP2Triangles(18, 19, 20, 0, 21, 22, 23, 0),
	gsSP2Triangles(24, 25, 26, 0, 27, 28, 29, 0),
	gsSPVertex(castle_grounds_dl_shujacg_mesh_layer_1_vtx_10 + 150, 30, 0),
	gsSP2Triangles(0, 1, 2, 0, 3, 4, 5, 0),
	gsSP2Triangles(6, 7, 8, 0, 9, 10, 11, 0),
	gsSP2Triangles(12, 13, 14, 0, 15, 16, 17, 0),
	gsSP2Triangles(18, 19, 20, 0, 21, 22, 23, 0),
	gsSP2Triangles(24, 25, 26, 0, 27, 28, 29, 0),
	gsSPVertex(castle_grounds_dl_shujacg_mesh_layer_1_vtx_10 + 180, 30, 0),
	gsSP2Triangles(0, 1, 2, 0, 3, 4, 5, 0),
	gsSP2Triangles(6, 7, 8, 0, 9, 10, 11, 0),
	gsSP2Triangles(12, 13, 14, 0, 15, 16, 17, 0),
	gsSP2Triangles(18, 19, 20, 0, 21, 22, 23, 0),
	gsSP2Triangles(24, 25, 26, 0, 27, 28, 29, 0),
	gsSPVertex(castle_grounds_dl_shujacg_mesh_layer_1_vtx_10 + 210, 30, 0),
	gsSP2Triangles(0, 1, 2, 0, 3, 4, 5, 0),
	gsSP2Triangles(6, 7, 8, 0, 9, 10, 11, 0),
	gsSP2Triangles(12, 13, 14, 0, 15, 16, 17, 0),
	gsSP2Triangles(18, 19, 20, 0, 21, 22, 23, 0),
	gsSP2Triangles(24, 25, 26, 0, 27, 26, 25, 0),
	gsSP2Triangles(26, 27, 28, 0, 28, 27, 29, 0),
	gsSPVertex(castle_grounds_dl_shujacg_mesh_layer_1_vtx_10 + 240, 32, 0),
	gsSP2Triangles(0, 1, 2, 0, 0, 2, 3, 0),
	gsSP2Triangles(3, 2, 4, 0, 4, 2, 5, 0),
	gsSP2Triangles(4, 5, 6, 0, 6, 5, 7, 0),
	gsSP2Triangles(7, 5, 8, 0, 8, 5, 9, 0),
	gsSP2Triangles(9, 5, 10, 0, 11, 12, 13, 0),
	gsSP2Triangles(11, 14, 12, 0, 14, 11, 15, 0),
	gsSP2Triangles(16, 17, 18, 0, 18, 17, 19, 0),
	gsSP2Triangles(20, 21, 22, 0, 20, 22, 23, 0),
	gsSP2Triangles(20, 23, 24, 0, 20, 24, 25, 0),
	gsSP2Triangles(25, 26, 20, 0, 25, 27, 26, 0),
	gsSP2Triangles(28, 29, 30, 0, 28, 31, 29, 0),
	gsSPVertex(castle_grounds_dl_shujacg_mesh_layer_1_vtx_10 + 272, 32, 0),
	gsSP2Triangles(0, 1, 2, 0, 0, 3, 1, 0),
	gsSP2Triangles(4, 5, 6, 0, 7, 5, 4, 0),
	gsSP2Triangles(8, 5, 7, 0, 9, 3, 10, 0),
	gsSP2Triangles(9, 11, 3, 0, 9, 12, 11, 0),
	gsSP2Triangles(13, 12, 9, 0, 14, 15, 13, 0),
	gsSP2Triangles(16, 15, 14, 0, 17, 18, 19, 0),
	gsSP2Triangles(17, 19, 20, 0, 20, 19, 21, 0),
	gsSP2Triangles(22, 21, 19, 0, 23, 21, 22, 0),
	gsSP2Triangles(23, 24, 21, 0, 25, 26, 27, 0),
	gsSP2Triangles(25, 27, 28, 0, 29, 30, 31, 0),
	gsSPVertex(castle_grounds_dl_shujacg_mesh_layer_1_vtx_10 + 304, 30, 0),
	gsSP2Triangles(0, 1, 2, 0, 3, 4, 0, 0),
	gsSP2Triangles(0, 4, 5, 0, 6, 7, 8, 0),
	gsSP2Triangles(7, 6, 9, 0, 10, 11, 12, 0),
	gsSP2Triangles(13, 11, 10, 0, 14, 11, 13, 0),
	gsSP2Triangles(15, 11, 14, 0, 16, 11, 15, 0),
	gsSP2Triangles(16, 17, 11, 0, 18, 17, 16, 0),
	gsSP2Triangles(17, 18, 19, 0, 19, 18, 20, 0),
	gsSP2Triangles(20, 18, 21, 0, 21, 18, 22, 0),
	gsSP2Triangles(23, 22, 18, 0, 24, 25, 26, 0),
	gsSP2Triangles(24, 27, 25, 0, 28, 27, 24, 0),
	gsSP1Triangle(29, 27, 28, 0),
	gsSPVertex(castle_grounds_dl_shujacg_mesh_layer_1_vtx_10 + 334, 4, 0),
	gsSP2Triangles(0, 1, 2, 0, 0, 3, 1, 0),
	gsSPEndDisplayList(),
};

Vtx castle_grounds_dl_shujacg_mesh_layer_1_vtx_11[53] = {
	{{ {-3524, -5352, -446}, 0, {2491, -1445}, {0, 77, 155, 255} }},
	{{ {-3524, -5444, -608}, 0, {2491, 334}, {0, 77, 155, 255} }},
	{{ {-3355, -5444, -608}, 0, {1147, 334}, {0, 77, 155, 255} }},
	{{ {-3524, -5352, -446}, 0, {2491, -1445}, {0, 77, 155, 255} }},
	{{ {-3355, -5444, -608}, 0, {1147, 334}, {0, 77, 155, 255} }},
	{{ {-3355, -5352, -446}, 0, {1147, -1445}, {0, 77, 155, 255} }},
	{{ {-3524, -5444, -608}, 0, {2491, -974}, {0, 0, 129, 255} }},
	{{ {-3524, -5631, -608}, 0, {2491, 805}, {0, 0, 129, 255} }},
	{{ {-3355, -5631, -608}, 0, {1147, 805}, {0, 0, 129, 255} }},
	{{ {-3524, -5444, -608}, 0, {2491, -974}, {0, 0, 129, 255} }},
	{{ {-3355, -5631, -608}, 0, {1147, 805}, {0, 0, 129, 255} }},
	{{ {-3355, -5444, -608}, 0, {1147, -974}, {0, 0, 129, 255} }},
	{{ {-3355, -5631, -608}, 0, {900, -584}, {127, 0, 0, 255} }},
	{{ {-3355, -5724, -447}, 0, {163, -2116}, {127, 0, 0, 255} }},
	{{ {-3355, -5724, -446}, 0, {163, -2125}, {127, 0, 0, 255} }},
	{{ {-3355, -5631, -608}, 0, {900, 1464}, {127, 0, 0, 255} }},
	{{ {-3355, -5724, -446}, 0, {163, -77}, {127, 0, 0, 255} }},
	{{ {-3355, -5724, -161}, 0, {163, -2801}, {127, 0, 0, 255} }},
	{{ {-3355, -5631, -608}, 0, {900, 1464}, {127, 0, 0, 255} }},
	{{ {-3355, -5724, -161}, 0, {163, -2801}, {127, 0, 0, 255} }},
	{{ {-3355, -5615, -161}, 0, {1027, -2801}, {127, 0, 0, 255} }},
	{{ {-3355, -5631, -608}, 0, {900, 1464}, {127, 0, 0, 255} }},
	{{ {-3355, -5615, -420}, 0, {1027, -325}, {127, 0, 0, 255} }},
	{{ {-3355, -5631, -608}, 0, {-1148, -584}, {127, 0, 0, 255} }},
	{{ {-3355, -5615, -420}, 0, {-1021, -2373}, {127, 0, 0, 255} }},
	{{ {-3355, -5459, -420}, 0, {216, -2373}, {127, 0, 0, 255} }},
	{{ {-3355, -5459, -420}, 0, {216, -325}, {127, 0, 0, 255} }},
	{{ {-3355, -5459, -161}, 0, {216, -2801}, {127, 0, 0, 255} }},
	{{ {-3355, -5353, -161}, 0, {1069, -2801}, {127, 0, 0, 255} }},
	{{ {-3355, -5459, -420}, 0, {216, -325}, {127, 0, 0, 255} }},
	{{ {-3355, -5353, -161}, 0, {1069, -2801}, {127, 0, 0, 255} }},
	{{ {-3355, -5352, -446}, 0, {1076, -77}, {127, 0, 0, 255} }},
	{{ {-3355, -5459, -420}, 0, {216, -2373}, {127, 0, 0, 255} }},
	{{ {-3355, -5352, -446}, 0, {1076, -2125}, {127, 0, 0, 255} }},
	{{ {-3355, -5444, -608}, 0, {335, -584}, {127, 0, 0, 255} }},
	{{ {-3355, -5459, -420}, 0, {216, -2373}, {127, 0, 0, 255} }},
	{{ {-3355, -5444, -608}, 0, {335, -584}, {127, 0, 0, 255} }},
	{{ {-3355, -5631, -608}, 0, {-1148, -584}, {127, 0, 0, 255} }},
	{{ {-3524, -5631, -608}, 0, {-466, -959}, {0, 63, 146, 255} }},
	{{ {-3524, -5724, -447}, 0, {-466, -2727}, {0, 63, 146, 255} }},
	{{ {-3355, -5724, -447}, 0, {878, -2727}, {0, 63, 146, 255} }},
	{{ {-3355, -5724, -447}, 0, {878, -2727}, {0, 63, 146, 255} }},
	{{ {-3355, -5631, -608}, 0, {878, -959}, {0, 63, 146, 255} }},
	{{ {-3524, -5724, -446}, 0, {-466, -77}, {0, 127, 0, 255} }},
	{{ {-3524, -5724, -161}, 0, {-466, -2801}, {0, 127, 0, 255} }},
	{{ {-3355, -5724, -161}, 0, {878, -2801}, {0, 127, 0, 255} }},
	{{ {-3355, -5724, -446}, 0, {878, -77}, {0, 127, 0, 255} }},
	{{ {-3524, -5353, -161}, 0, {2491, -2932}, {0, 127, 0, 255} }},
	{{ {-3524, -5352, -446}, 0, {2491, -209}, {0, 127, 0, 255} }},
	{{ {-3355, -5352, -446}, 0, {1147, -209}, {0, 127, 0, 255} }},
	{{ {-3355, -5353, -161}, 0, {1147, -2932}, {0, 127, 0, 255} }},
	{{ {-3524, -5724, -447}, 0, {-466, -68}, {0, 127, 0, 255} }},
	{{ {-3355, -5724, -447}, 0, {878, -68}, {0, 127, 0, 255} }},
};

Gfx castle_grounds_dl_shujacg_mesh_layer_1_tri_11[] = {
	gsSPVertex(castle_grounds_dl_shujacg_mesh_layer_1_vtx_11 + 0, 32, 0),
	gsSP2Triangles(0, 1, 2, 0, 3, 4, 5, 0),
	gsSP2Triangles(6, 7, 8, 0, 9, 10, 11, 0),
	gsSP2Triangles(12, 13, 14, 0, 15, 16, 17, 0),
	gsSP2Triangles(18, 19, 20, 0, 21, 20, 22, 0),
	gsSP2Triangles(23, 24, 25, 0, 26, 27, 28, 0),
	gsSP1Triangle(29, 30, 31, 0),
	gsSPVertex(castle_grounds_dl_shujacg_mesh_layer_1_vtx_11 + 32, 21, 0),
	gsSP2Triangles(0, 1, 2, 0, 3, 4, 5, 0),
	gsSP2Triangles(6, 7, 8, 0, 6, 9, 10, 0),
	gsSP2Triangles(11, 12, 13, 0, 11, 13, 14, 0),
	gsSP2Triangles(15, 16, 17, 0, 15, 17, 18, 0),
	gsSP2Triangles(19, 11, 14, 0, 19, 14, 20, 0),
	gsSPEndDisplayList(),
};

Vtx castle_grounds_dl_shujacg_mesh_layer_1_vtx_12[24] = {
	{{ {-3923, -5245, -161}, 0, {-54, 385}, {0, 0, 129, 255} }},
	{{ {-3524, -5245, -161}, 0, {3125, 385}, {0, 0, 129, 255} }},
	{{ {-3524, -5353, -161}, 0, {3125, 1408}, {0, 0, 129, 255} }},
	{{ {-3524, -5353, -161}, 0, {1077, -640}, {0, 0, 129, 255} }},
	{{ {-3355, -5353, -161}, 0, {2421, -640}, {0, 0, 129, 255} }},
	{{ {-3355, -5459, -161}, 0, {2421, 383}, {0, 0, 129, 255} }},
	{{ {-3355, -5459, -161}, 0, {373, -1665}, {0, 127, 0, 255} }},
	{{ {-3355, -5615, -161}, 0, {373, -181}, {127, 0, 0, 255} }},
	{{ {-3355, -5724, -161}, 0, {373, 856}, {0, 127, 0, 255} }},
	{{ {-3524, -5724, -161}, 0, {3125, -1192}, {0, 0, 129, 255} }},
	{{ {-3524, -5784, -161}, 0, {3125, -613}, {0, 0, 129, 255} }},
	{{ {-3923, -5784, -161}, 0, {-54, -613}, {0, 0, 129, 255} }},
	{{ {-3355, -5459, -161}, 0, {373, -1665}, {0, 0, 129, 255} }},
	{{ {-3104, -5459, -161}, 0, {2368, -1665}, {0, 0, 129, 255} }},
	{{ {-3104, -5615, -161}, 0, {2368, -181}, {0, 0, 129, 255} }},
	{{ {-3355, -5615, -161}, 0, {373, -181}, {0, 0, 129, 255} }},
	{{ {-3355, -5459, -161}, 0, {2421, -1665}, {0, 0, 129, 255} }},
	{{ {-3355, -5724, -161}, 0, {2421, 856}, {0, 0, 129, 255} }},
	{{ {-3524, -5724, -161}, 0, {1077, 856}, {0, 0, 129, 255} }},
	{{ {-3524, -5353, -161}, 0, {1077, -2688}, {0, 0, 129, 255} }},
	{{ {-3524, -5724, -161}, 0, {3125, 2904}, {0, 0, 129, 255} }},
	{{ {-3923, -5784, -161}, 0, {-54, 3483}, {0, 0, 129, 255} }},
	{{ {-3923, -5245, -161}, 0, {-54, -1663}, {0, 0, 129, 255} }},
	{{ {-3524, -5353, -161}, 0, {3125, -640}, {0, 0, 129, 255} }},
};

Gfx castle_grounds_dl_shujacg_mesh_layer_1_tri_12[] = {
	gsSPVertex(castle_grounds_dl_shujacg_mesh_layer_1_vtx_12 + 0, 24, 0),
	gsSP2Triangles(0, 1, 2, 0, 3, 4, 5, 0),
	gsSP2Triangles(6, 7, 8, 0, 9, 10, 11, 0),
	gsSP2Triangles(12, 13, 14, 0, 12, 14, 15, 0),
	gsSP2Triangles(16, 17, 18, 0, 19, 16, 18, 0),
	gsSP2Triangles(20, 21, 22, 0, 20, 22, 23, 0),
	gsSPEndDisplayList(),
};

Vtx castle_grounds_dl_shujacg_mesh_layer_1_vtx_13[47] = {
	{{ {2965, -11297, -87}, 0, {1051, -2653}, {104, 73, 0, 255} }},
	{{ {2965, -11297, -1971}, 0, {1051, 3342}, {104, 73, 0, 255} }},
	{{ {3292, -11451, -1971}, 0, {-96, 3342}, {104, 73, 0, 255} }},
	{{ {2965, -11297, -87}, 0, {1051, -2653}, {104, 73, 0, 255} }},
	{{ {3292, -11451, -1971}, 0, {-96, 3342}, {104, 73, 0, 255} }},
	{{ {3292, -11451, -87}, 0, {-96, -2653}, {104, 73, 0, 255} }},
	{{ {3292, -11451, -1971}, 0, {7129, 3342}, {63, 110, 0, 255} }},
	{{ {4653, -8557, -2177}, 0, {-3043, 3997}, {63, 110, 0, 255} }},
	{{ {4653, -8557, -67}, 0, {-3043, -2716}, {63, 110, 0, 255} }},
	{{ {4653, -8557, -67}, 0, {-3043, -2716}, {63, 110, 0, 255} }},
	{{ {3292, -11451, -87}, 0, {7129, -2653}, {63, 110, 0, 255} }},
	{{ {2965, -8814, -87}, 0, {-942, 1070}, {1, 2, 129, 255} }},
	{{ {4327, -8404, -67}, 0, {2156, -2226}, {1, 2, 129, 255} }},
	{{ {4959, -8770, -67}, 0, {4482, -2226}, {1, 2, 129, 255} }},
	{{ {2965, -9816, -87}, 0, {2741, 2343}, {1, 0, 129, 255} }},
	{{ {2965, -8814, -87}, 0, {-447, 2343}, {1, 0, 129, 255} }},
	{{ {4959, -8770, -67}, 0, {-589, -4002}, {1, 0, 129, 255} }},
	{{ {4959, -8770, -67}, 0, {-2637, -4002}, {1, 0, 129, 255} }},
	{{ {2965, -11297, -87}, 0, {5404, 2343}, {1, 0, 129, 255} }},
	{{ {2965, -10377, -87}, 0, {2474, 2343}, {1, 0, 129, 255} }},
	{{ {4327, -8122, -2177}, 0, {4666, 1463}, {112, 0, 196, 255} }},
	{{ {2965, -11297, -1971}, 0, {-5436, -2917}, {112, 0, 196, 255} }},
	{{ {2965, -8814, -1971}, 0, {2463, -2917}, {112, 0, 196, 255} }},
	{{ {4327, -8122, -2177}, 0, {4666, 1463}, {112, 0, 196, 255} }},
	{{ {4327, -8404, -2177}, 0, {3768, 1463}, {112, 0, 196, 255} }},
	{{ {2965, -11297, -1971}, 0, {-5436, -2917}, {112, 0, 196, 255} }},
	{{ {2965, -11297, -1971}, 0, {1051, -6405}, {85, 84, 213, 255} }},
	{{ {4327, -8404, -2177}, 0, {1051, 3788}, {85, 84, 213, 255} }},
	{{ {4653, -8557, -2177}, 0, {-96, 3788}, {85, 84, 213, 255} }},
	{{ {2965, -11297, -1971}, 0, {1051, -6405}, {85, 84, 213, 255} }},
	{{ {4653, -8557, -2177}, 0, {-96, 3788}, {85, 84, 213, 255} }},
	{{ {3292, -11451, -1971}, 0, {-96, -6405}, {85, 84, 213, 255} }},
	{{ {4327, -8404, -2177}, 0, {434, 3997}, {54, 115, 0, 255} }},
	{{ {4327, -8404, -67}, 0, {434, -2716}, {54, 115, 0, 255} }},
	{{ {4653, -8557, -67}, 0, {1582, -2716}, {54, 115, 0, 255} }},
	{{ {4653, -8557, -2177}, 0, {1582, 3997}, {54, 115, 0, 255} }},
	{{ {4327, -8404, -67}, 0, {1051, -6091}, {0, 113, 199, 255} }},
	{{ {2965, -11297, -87}, 0, {1051, 4081}, {0, 113, 199, 255} }},
	{{ {3292, -11451, -87}, 0, {-96, 4081}, {0, 113, 199, 255} }},
	{{ {4327, -8404, -67}, 0, {1051, -6091}, {0, 113, 199, 255} }},
	{{ {3292, -11451, -87}, 0, {-96, 4081}, {0, 113, 199, 255} }},
	{{ {4653, -8557, -67}, 0, {-96, -6091}, {0, 113, 199, 255} }},
	{{ {4959, -8770, -67}, 0, {-589, -4002}, {1, 0, 129, 255} }},
	{{ {2965, -10377, -87}, 0, {4522, 2343}, {1, 0, 129, 255} }},
	{{ {2965, -10319, -87}, 0, {4341, 2343}, {1, 0, 129, 255} }},
	{{ {2965, -9874, -87}, 0, {2922, 2343}, {1, 0, 129, 255} }},
	{{ {2965, -9816, -87}, 0, {2741, 2343}, {1, 0, 129, 255} }},
};

Gfx castle_grounds_dl_shujacg_mesh_layer_1_tri_13[] = {
	gsSPVertex(castle_grounds_dl_shujacg_mesh_layer_1_vtx_13 + 0, 32, 0),
	gsSP2Triangles(0, 1, 2, 0, 3, 4, 5, 0),
	gsSP2Triangles(6, 7, 8, 0, 6, 9, 10, 0),
	gsSP2Triangles(11, 12, 13, 0, 14, 15, 16, 0),
	gsSP2Triangles(17, 18, 19, 0, 20, 21, 22, 0),
	gsSP2Triangles(23, 24, 25, 0, 26, 27, 28, 0),
	gsSP1Triangle(29, 30, 31, 0),
	gsSPVertex(castle_grounds_dl_shujacg_mesh_layer_1_vtx_13 + 32, 15, 0),
	gsSP2Triangles(0, 1, 2, 0, 0, 2, 3, 0),
	gsSP2Triangles(4, 5, 6, 0, 7, 8, 9, 0),
	gsSP2Triangles(10, 11, 12, 0, 10, 12, 13, 0),
	gsSP1Triangle(10, 13, 14, 0),
	gsSPEndDisplayList(),
};

Vtx castle_grounds_dl_shujacg_mesh_layer_1_vtx_14[153] = {
	{{ {-4761, -3266, 1218}, 0, {3083, 1973}, {0, 114, 201, 255} }},
	{{ {-4747, -2747, 491}, 0, {-1067, 3066}, {0, 114, 201, 255} }},
	{{ {-3627, -2747, 491}, 0, {-2522, -2113}, {0, 114, 201, 255} }},
	{{ {-4761, -3266, 1218}, 0, {3083, 1973}, {0, 114, 201, 255} }},
	{{ {-3627, -2747, 491}, 0, {-2522, -2113}, {0, 114, 201, 255} }},
	{{ {-3524, -3266, 1218}, 0, {1474, -3752}, {0, 114, 201, 255} }},
	{{ {571, -1998, 491}, 0, {1629, -1851}, {0, 0, 129, 255} }},
	{{ {269, -1998, 491}, 0, {2021, -457}, {0, 0, 129, 255} }},
	{{ {269, -1322, 491}, 0, {-397, 679}, {0, 0, 129, 255} }},
	{{ {-254, -1322, 491}, 0, {283, 1052}, {0, 0, 129, 255} }},
	{{ {-254, -1998, 491}, 0, {2701, -85}, {0, 0, 129, 255} }},
	{{ {-564, -1998, 491}, 0, {3105, 1351}, {0, 0, 129, 255} }},
	{{ {-1033, -1709, 491}, 0, {-1416, -4180}, {0, 0, 129, 255} }},
	{{ {-1552, -2228, 491}, 0, {1115, -2651}, {0, 0, 129, 255} }},
	{{ {-3109, -2228, 491}, 0, {3139, 4551}, {0, 0, 129, 255} }},
	{{ {-3560, -2679, 491}, 0, {-805, -2312}, {0, 0, 129, 255} }},
	{{ {-3627, -2747, 491}, 0, {-474, -2113}, {0, 0, 129, 255} }},
	{{ {-4747, -2747, 491}, 0, {981, 3066}, {0, 0, 129, 255} }},
	{{ {-4857, -2747, 491}, 0, {1124, 3575}, {0, 0, 129, 255} }},
	{{ {-3560, -2679, 491}, 0, {1243, -4360}, {0, 0, 129, 255} }},
	{{ {-4857, -2747, 491}, 0, {3172, 1527}, {0, 0, 129, 255} }},
	{{ {-4857, -1181, 491}, 0, {-2428, 4160}, {0, 0, 129, 255} }},
	{{ {-3560, -2679, 491}, 0, {5339, -4360}, {0, 0, 129, 255} }},
	{{ {-4857, -1181, 491}, 0, {1668, 4160}, {0, 0, 129, 255} }},
	{{ {-4184, -123, 491}, 0, {-2992, 2825}, {0, 0, 129, 255} }},
	{{ {-3560, -2679, 491}, 0, {7387, -2312}, {0, 0, 129, 255} }},
	{{ {-4184, -123, 491}, 0, {-944, 4873}, {0, 0, 129, 255} }},
	{{ {-2080, 280, 491}, 0, {-5124, -4185}, {0, 0, 129, 255} }},
	{{ {-3560, -2679, 491}, 0, {7387, 3832}, {0, 0, 129, 255} }},
	{{ {-2080, 280, 491}, 0, {-5124, 1959}, {0, 0, 129, 255} }},
	{{ {-1033, 282, 491}, 0, {-6491, -2880}, {0, 0, 129, 255} }},
	{{ {-1033, 282, 491}, 0, {1701, 3264}, {127, 0, 0, 255} }},
	{{ {-557, 282, 491}, 0, {1081, 1061}, {127, 0, 0, 255} }},
	{{ {565, 282, 491}, 0, {-377, -4130}, {127, 0, 0, 255} }},
	{{ {565, 282, 491}, 0, {1671, 6110}, {0, 0, 129, 255} }},
	{{ {2355, 282, 491}, 0, {-658, -2176}, {0, 0, 129, 255} }},
	{{ {3409, -128, 491}, 0, {-562, -7747}, {0, 0, 129, 255} }},
	{{ {565, 282, 491}, 0, {1671, 10206}, {0, 0, 129, 255} }},
	{{ {3409, -128, 491}, 0, {-562, -3651}, {0, 0, 129, 255} }},
	{{ {4661, -583, 491}, 0, {-562, -10207}, {0, 0, 129, 255} }},
	{{ {565, 282, 491}, 0, {1671, 12254}, {0, 0, 129, 255} }},
	{{ {4661, -583, 491}, 0, {-562, -8159}, {0, 0, 129, 255} }},
	{{ {5122, -1634, 491}, 0, {2597, -12059}, {0, 0, 129, 255} }},
	{{ {565, 282, 491}, 0, {-2425, 12254}, {0, 0, 129, 255} }},
	{{ {5122, -1634, 491}, 0, {-1499, -12059}, {0, 0, 129, 255} }},
	{{ {4468, -3292, 491}, 0, {5282, -11823}, {0, 0, 129, 255} }},
	{{ {4468, -3292, 491}, 0, {1186, -3631}, {0, 0, 129, 255} }},
	{{ {3531, -3266, 491}, 0, {2311, 751}, {0, 0, 129, 255} }},
	{{ {3635, -2747, 491}, 0, {320, 1145}, {0, 0, 129, 255} }},
	{{ {4468, -3292, 491}, 0, {1186, -5679}, {0, 0, 129, 255} }},
	{{ {3635, -2747, 491}, 0, {320, -903}, {0, 0, 129, 255} }},
	{{ {3116, -2228, 491}, 0, {-861, 2370}, {0, 0, 129, 255} }},
	{{ {3116, -2228, 491}, 0, {-861, -5822}, {0, 0, 129, 255} }},
	{{ {1560, -2228, 491}, 0, {1163, 1381}, {0, 0, 129, 255} }},
	{{ {1041, -1709, 491}, 0, {-18, 4654}, {0, 0, 129, 255} }},
	{{ {571, -1709, 491}, 0, {593, -1364}, {0, 0, 129, 255} }},
	{{ {571, -1998, 491}, 0, {1629, -1851}, {0, 0, 129, 255} }},
	{{ {269, -1322, 491}, 0, {-397, 679}, {0, 0, 129, 255} }},
	{{ {-254, -1322, 491}, 0, {-1765, -5092}, {0, 0, 129, 255} }},
	{{ {-1033, -1709, 491}, 0, {632, -2132}, {0, 0, 129, 255} }},
	{{ {-3109, -2228, 491}, 0, {5187, 6599}, {0, 0, 129, 255} }},
	{{ {-3529, -2648, 491}, 0, {7239, 3742}, {0, 0, 129, 255} }},
	{{ {-3560, -2679, 491}, 0, {7387, 3832}, {0, 0, 129, 255} }},
	{{ {-1033, 282, 491}, 0, {-6491, -2880}, {0, 0, 129, 255} }},
	{{ {565, 282, 491}, 0, {-2425, 12254}, {0, 0, 129, 255} }},
	{{ {4468, -3292, 491}, 0, {5282, -11823}, {0, 0, 129, 255} }},
	{{ {3116, -2228, 491}, 0, {3235, -3774}, {0, 0, 129, 255} }},
	{{ {565, 282, 491}, 0, {-2425, 8158}, {0, 0, 129, 255} }},
	{{ {3116, -2228, 491}, 0, {3235, -7870}, {0, 0, 129, 255} }},
	{{ {1041, -1709, 491}, 0, {4078, 2606}, {0, 0, 129, 255} }},
	{{ {565, 282, 491}, 0, {-2425, -34}, {0, 0, 129, 255} }},
	{{ {269, -1322, 491}, 0, {3699, -1369}, {0, 0, 129, 255} }},
	{{ {-254, -1322, 491}, 0, {4379, 1052}, {0, 0, 129, 255} }},
	{{ {-3109, -2228, 491}, 0, {5187, 2503}, {0, 0, 129, 255} }},
	{{ {-254, -1998, 491}, 0, {2701, -85}, {0, 0, 129, 255} }},
	{{ {-254, -1322, 491}, 0, {283, 1052}, {0, 0, 129, 255} }},
	{{ {-122, -1322, 491}, 0, {112, 441}, {0, 0, 129, 255} }},
	{{ {-122, -1642, 491}, 0, {244, -1263}, {127, 0, 0, 255} }},
	{{ {-122, -1322, 491}, 0, {659, 215}, {127, 0, 0, 255} }},
	{{ {-122, -1322, 714}, 0, {-137, 589}, {127, 0, 0, 255} }},
	{{ {-122, -1642, 491}, 0, {2292, -1263}, {127, 0, 0, 255} }},
	{{ {-122, -1322, 714}, 0, {1911, 589}, {127, 0, 0, 255} }},
	{{ {-122, -1642, 714}, 0, {1496, -888}, {127, 0, 0, 255} }},
	{{ {-122, -1322, 491}, 0, {263, -1196}, {0, 127, 0, 255} }},
	{{ {173, -1322, 491}, 0, {645, 163}, {0, 127, 0, 255} }},
	{{ {173, -1322, 714}, 0, {-152, 537}, {0, 127, 0, 255} }},
	{{ {-122, -1322, 491}, 0, {2311, -1196}, {0, 127, 0, 255} }},
	{{ {173, -1322, 714}, 0, {1896, 537}, {0, 127, 0, 255} }},
	{{ {-122, -1322, 714}, 0, {1514, -822}, {0, 127, 0, 255} }},
	{{ {173, -1322, 491}, 0, {1211, -1918}, {127, 0, 0, 255} }},
	{{ {173, -1642, 491}, 0, {1626, -441}, {127, 0, 0, 255} }},
	{{ {173, -1642, 714}, 0, {830, -66}, {127, 0, 0, 255} }},
	{{ {173, -1322, 491}, 0, {1211, -1918}, {127, 0, 0, 255} }},
	{{ {173, -1642, 714}, 0, {830, -66}, {127, 0, 0, 255} }},
	{{ {173, -1322, 714}, 0, {415, -1544}, {127, 0, 0, 255} }},
	{{ {4661, -583, 491}, 0, {3515, -4072}, {24, 66, 150, 255} }},
	{{ {3838, 1044, 1321}, 0, {-3860, 2482}, {24, 66, 150, 255} }},
	{{ {5089, 588, 1321}, 0, {-3860, -4075}, {24, 66, 150, 255} }},
	{{ {4661, -583, 491}, 0, {3515, -2024}, {24, 66, 150, 255} }},
	{{ {5089, 588, 1321}, 0, {-3860, -2027}, {24, 66, 150, 255} }},
	{{ {4682, -526, 532}, 0, {3155, -2024}, {24, 66, 150, 255} }},
	{{ {3838, 1044, 1321}, 0, {-3845, 2487}, {24, 66, 150, 255} }},
	{{ {4661, -583, 491}, 0, {3534, -4063}, {24, 66, 150, 255} }},
	{{ {3409, -128, 491}, 0, {3534, 2493}, {24, 66, 150, 255} }},
	{{ {-3558, -2747, 491}, 0, {2811, -1386}, {0, 0, 129, 255} }},
	{{ {-3627, -2747, 491}, 0, {2811, 358}, {0, 0, 129, 255} }},
	{{ {-3560, -2679, 491}, 0, {1097, -1356}, {0, 0, 129, 255} }},
	{{ {-3558, -2747, 491}, 0, {532, 477}, {0, 0, 129, 255} }},
	{{ {-3560, -2679, 491}, 0, {199, 483}, {0, 0, 129, 255} }},
	{{ {-3529, -2648, 491}, 0, {49, 333}, {0, 0, 129, 255} }},
	{{ {266, -9119, -630}, 0, {-1171, -130}, {0, 0, 129, 255} }},
	{{ {266, -10341, -630}, 0, {3199, -2184}, {0, 0, 129, 255} }},
	{{ {-259, -10341, -630}, 0, {3883, 249}, {0, 0, 129, 255} }},
	{{ {269, -1322, 491}, 0, {1651, -1369}, {127, 0, 0, 255} }},
	{{ {173, -1322, 491}, 0, {1778, -918}, {127, 0, 0, 255} }},
	{{ {-122, -1322, 491}, 0, {2160, 441}, {127, 0, 0, 255} }},
	{{ {-254, -1322, 491}, 0, {2331, 1052}, {127, 0, 0, 255} }},
	{{ {-254, -1322, 491}, 0, {283, -996}, {0, 0, 129, 255} }},
	{{ {-564, -1998, 491}, 0, {3105, -697}, {0, 0, 129, 255} }},
	{{ {-564, -1709, 491}, 0, {2069, -210}, {0, 0, 129, 255} }},
	{{ {-1033, -1709, 491}, 0, {2680, 1964}, {0, 0, 129, 255} }},
	{{ {565, 282, 491}, 0, {-2425, 2014}, {0, 0, 129, 255} }},
	{{ {1041, -1709, 491}, 0, {4078, -3538}, {0, 0, 129, 255} }},
	{{ {571, -1709, 491}, 0, {4689, -1364}, {0, 0, 129, 255} }},
	{{ {565, 282, 491}, 0, {-2425, 2014}, {0, 0, 129, 255} }},
	{{ {571, -1709, 491}, 0, {4689, -1364}, {0, 0, 129, 255} }},
	{{ {269, -1322, 491}, 0, {3699, 679}, {0, 0, 129, 255} }},
	{{ {565, 282, 491}, 0, {-6521, -6178}, {0, 0, 129, 255} }},
	{{ {-254, -1322, 491}, 0, {283, -5092}, {0, 0, 129, 255} }},
	{{ {-3109, -2228, 491}, 0, {7235, 6599}, {0, 0, 129, 255} }},
	{{ {-1033, 282, 491}, 0, {-4443, 1216}, {0, 0, 129, 255} }},
	{{ {-254, -1998, 491}, 0, {2701, -85}, {0, 0, 129, 255} }},
	{{ {-122, -1322, 491}, 0, {112, 441}, {0, 0, 129, 255} }},
	{{ {-122, -1642, 491}, 0, {1254, -96}, {0, 0, 129, 255} }},
	{{ {173, -1642, 491}, 0, {872, -1455}, {0, 0, 129, 255} }},
	{{ {173, -1642, 491}, 0, {872, 593}, {0, 0, 129, 255} }},
	{{ {173, -1322, 491}, 0, {-270, 1130}, {0, 0, 129, 255} }},
	{{ {269, -1322, 491}, 0, {-397, 679}, {0, 0, 129, 255} }},
	{{ {269, -1998, 491}, 0, {2021, -457}, {0, 0, 129, 255} }},
	{{ {-254, -1998, 491}, 0, {2701, 1963}, {0, 0, 129, 255} }},
	{{ {173, -1642, 491}, 0, {1226, -1866}, {0, 127, 0, 255} }},
	{{ {-122, -1642, 491}, 0, {1608, -507}, {0, 127, 0, 255} }},
	{{ {-122, -1642, 714}, 0, {811, -133}, {0, 127, 0, 255} }},
	{{ {173, -1642, 714}, 0, {429, -1492}, {0, 127, 0, 255} }},
	{{ {266, -9119, -630}, 0, {-1171, -130}, {0, 0, 129, 255} }},
	{{ {614, -9468, -630}, 0, {-378, -2320}, {0, 0, 129, 255} }},
	{{ {614, -9995, -630}, 0, {1507, -3206}, {0, 0, 129, 255} }},
	{{ {266, -10341, -630}, 0, {3199, -2184}, {0, 0, 129, 255} }},
	{{ {266, -9119, -630}, 0, {-1171, -2178}, {0, 0, 129, 255} }},
	{{ {-259, -10341, -630}, 0, {3883, -1799}, {0, 0, 129, 255} }},
	{{ {-606, -9995, -630}, 0, {3093, 390}, {0, 0, 129, 255} }},
	{{ {-606, -9468, -630}, 0, {1209, 1276}, {0, 0, 129, 255} }},
	{{ {-259, -9119, -630}, 0, {-487, 255}, {0, 0, 129, 255} }},
};

Gfx castle_grounds_dl_shujacg_mesh_layer_1_tri_14[] = {
	gsSPVertex(castle_grounds_dl_shujacg_mesh_layer_1_vtx_14 + 0, 31, 0),
	gsSP2Triangles(0, 1, 2, 0, 3, 4, 5, 0),
	gsSP2Triangles(6, 7, 8, 0, 9, 10, 11, 0),
	gsSP2Triangles(12, 13, 14, 0, 15, 16, 17, 0),
	gsSP2Triangles(15, 17, 18, 0, 19, 20, 21, 0),
	gsSP2Triangles(22, 23, 24, 0, 25, 26, 27, 0),
	gsSP1Triangle(28, 29, 30, 0),
	gsSPVertex(castle_grounds_dl_shujacg_mesh_layer_1_vtx_14 + 31, 30, 0),
	gsSP2Triangles(0, 1, 2, 0, 3, 4, 5, 0),
	gsSP2Triangles(6, 7, 8, 0, 9, 10, 11, 0),
	gsSP2Triangles(12, 13, 14, 0, 15, 16, 17, 0),
	gsSP2Triangles(18, 19, 20, 0, 21, 22, 23, 0),
	gsSP2Triangles(24, 25, 26, 0, 27, 28, 29, 0),
	gsSPVertex(castle_grounds_dl_shujacg_mesh_layer_1_vtx_14 + 61, 31, 0),
	gsSP2Triangles(0, 1, 2, 0, 3, 4, 5, 0),
	gsSP2Triangles(6, 7, 8, 0, 9, 10, 11, 0),
	gsSP2Triangles(12, 0, 2, 0, 13, 14, 15, 0),
	gsSP2Triangles(16, 17, 18, 0, 19, 20, 21, 0),
	gsSP2Triangles(22, 23, 24, 0, 25, 26, 27, 0),
	gsSP1Triangle(28, 29, 30, 0),
	gsSPVertex(castle_grounds_dl_shujacg_mesh_layer_1_vtx_14 + 92, 32, 0),
	gsSP2Triangles(0, 1, 2, 0, 3, 4, 5, 0),
	gsSP2Triangles(6, 7, 8, 0, 9, 10, 11, 0),
	gsSP2Triangles(12, 13, 14, 0, 15, 16, 17, 0),
	gsSP2Triangles(18, 19, 20, 0, 21, 22, 23, 0),
	gsSP2Triangles(21, 23, 24, 0, 25, 26, 27, 0),
	gsSP2Triangles(25, 27, 28, 0, 29, 30, 31, 0),
	gsSPVertex(castle_grounds_dl_shujacg_mesh_layer_1_vtx_14 + 124, 29, 0),
	gsSP2Triangles(0, 1, 2, 0, 3, 4, 5, 0),
	gsSP2Triangles(5, 6, 3, 0, 7, 8, 9, 0),
	gsSP2Triangles(7, 9, 10, 0, 11, 12, 13, 0),
	gsSP2Triangles(11, 13, 14, 0, 11, 14, 15, 0),
	gsSP2Triangles(16, 17, 18, 0, 16, 18, 19, 0),
	gsSP2Triangles(20, 21, 22, 0, 20, 22, 23, 0),
	gsSP2Triangles(24, 25, 26, 0, 24, 26, 27, 0),
	gsSP1Triangle(27, 28, 24, 0),
	gsSPEndDisplayList(),
};

Vtx castle_grounds_dl_shujacg_mesh_layer_1_vtx_15[30] = {
	{{ {574, -3321, -1982}, 0, {-85, 135}, {127, 0, 0, 255} }},
	{{ {574, -3321, -840}, 0, {-85, -196}, {127, 0, 0, 255} }},
	{{ {574, -2803, -840}, 0, {66, -196}, {127, 0, 0, 255} }},
	{{ {574, -3321, -1982}, 0, {-85, 135}, {127, 0, 0, 255} }},
	{{ {574, -2803, -840}, 0, {66, -196}, {127, 0, 0, 255} }},
	{{ {574, -2803, -1982}, 0, {66, 135}, {127, 0, 0, 255} }},
	{{ {574, -3321, -1988}, 0, {189, 9}, {0, 127, 0, 255} }},
	{{ {-566, -3321, -1988}, 0, {-142, 9}, {0, 127, 0, 255} }},
	{{ {-566, -3321, -1982}, 0, {-142, 7}, {0, 127, 0, 255} }},
	{{ {574, -3321, -840}, 0, {61, -196}, {0, 0, 127, 255} }},
	{{ {574, -3321, -1982}, 0, {61, 135}, {0, 0, 127, 255} }},
	{{ {574, -3321, -1988}, 0, {61, 137}, {0, 0, 129, 255} }},
	{{ {-3104, -5615, -161}, 0, {-86, -200}, {127, 0, 0, 255} }},
	{{ {-3104, -5459, -161}, 0, {146, -200}, {127, 0, 0, 255} }},
	{{ {-3104, -5459, -420}, 0, {146, 187}, {127, 0, 0, 255} }},
	{{ {-3104, -5615, -161}, 0, {-86, -200}, {127, 0, 0, 255} }},
	{{ {-3104, -5459, -420}, 0, {146, 187}, {127, 0, 0, 255} }},
	{{ {-3104, -5615, -420}, 0, {-86, 187}, {127, 0, 0, 255} }},
	{{ {-4094, -5184, 1840}, 0, {-77, -78}, {0, 0, 129, 255} }},
	{{ {-3576, -5184, 1840}, 0, {73, -78}, {0, 0, 129, 255} }},
	{{ {-3576, -5703, 1840}, 0, {73, 72}, {0, 0, 129, 255} }},
	{{ {-4094, -5703, 1840}, 0, {-77, 72}, {0, 0, 129, 255} }},
	{{ {574, -3321, -1988}, 0, {189, 137}, {0, 127, 0, 255} }},
	{{ {-566, -3321, -1982}, 0, {-142, 135}, {0, 127, 0, 255} }},
	{{ {-566, -3321, -840}, 0, {-142, -196}, {0, 127, 0, 255} }},
	{{ {574, -3321, -840}, 0, {189, -196}, {0, 127, 0, 255} }},
	{{ {-566, -3321, -840}, 0, {117, -196}, {127, 0, 0, 255} }},
	{{ {-566, -3321, -1982}, 0, {117, 135}, {127, 0, 0, 255} }},
	{{ {-566, -2803, -1982}, 0, {-34, 135}, {127, 0, 0, 255} }},
	{{ {-566, -2803, -840}, 0, {-34, -196}, {127, 0, 0, 255} }},
};

Gfx castle_grounds_dl_shujacg_mesh_layer_1_tri_15[] = {
	gsSPVertex(castle_grounds_dl_shujacg_mesh_layer_1_vtx_15 + 0, 30, 0),
	gsSP2Triangles(0, 1, 2, 0, 3, 4, 5, 0),
	gsSP2Triangles(6, 7, 8, 0, 9, 10, 11, 0),
	gsSP2Triangles(12, 13, 14, 0, 15, 16, 17, 0),
	gsSP2Triangles(18, 19, 20, 0, 18, 20, 21, 0),
	gsSP2Triangles(22, 23, 24, 0, 22, 24, 25, 0),
	gsSP2Triangles(26, 27, 28, 0, 26, 28, 29, 0),
	gsSPEndDisplayList(),
};

Vtx castle_grounds_dl_shujacg_mesh_layer_1_vtx_16[140] = {
	{{ {-2958, -8814, -87}, 0, {3076, 1380}, {0, 127, 0, 255} }},
	{{ {-2958, -8814, -325}, 0, {3076, 2020}, {0, 127, 0, 255} }},
	{{ {-2144, -8814, -325}, 0, {892, 2020}, {0, 127, 0, 255} }},
	{{ {-2958, -8814, -87}, 0, {3076, 1380}, {0, 127, 0, 255} }},
	{{ {-2144, -8814, -325}, 0, {892, 2020}, {0, 127, 0, 255} }},
	{{ {-2144, -8814, -87}, 0, {892, 1380}, {0, 127, 0, 255} }},
	{{ {2151, -11004, -87}, 0, {96, 1386}, {61, 112, 0, 255} }},
	{{ {1726, -11430, -87}, 0, {1710, 1386}, {61, 112, 0, 255} }},
	{{ {1726, -11430, -206}, 0, {1710, 1706}, {61, 112, 0, 255} }},
	{{ {1726, -11430, -206}, 0, {-338, 1706}, {61, 112, 0, 255} }},
	{{ {1300, -11855, -206}, 0, {1277, 1706}, {61, 112, 0, 255} }},
	{{ {1300, -11855, -325}, 0, {1277, 2026}, {61, 112, 0, 255} }},
	{{ {1726, -11430, -206}, 0, {1710, 1706}, {61, 112, 0, 255} }},
	{{ {1300, -11855, -325}, 0, {3325, 2026}, {61, 112, 0, 255} }},
	{{ {2151, -11004, -325}, 0, {96, 2026}, {61, 112, 0, 255} }},
	{{ {1726, -11430, -206}, 0, {1710, 1706}, {61, 112, 0, 255} }},
	{{ {2151, -11004, -325}, 0, {96, 2026}, {61, 112, 0, 255} }},
	{{ {2151, -11004, -87}, 0, {96, 1386}, {61, 112, 0, 255} }},
	{{ {-2144, -10646, -87}, 0, {828, 1382}, {127, 0, 0, 255} }},
	{{ {-2144, -10646, -325}, 0, {828, 2022}, {127, 0, 0, 255} }},
	{{ {-2144, -11004, -325}, 0, {-132, 2022}, {127, 0, 0, 255} }},
	{{ {-2144, -10646, -87}, 0, {828, 1382}, {127, 0, 0, 255} }},
	{{ {-2144, -11004, -325}, 0, {-132, 2022}, {127, 0, 0, 255} }},
	{{ {-2144, -11004, -87}, 0, {-132, 1382}, {127, 0, 0, 255} }},
	{{ {2151, -8814, -325}, 0, {1121, 2028}, {0, 127, 0, 255} }},
	{{ {2965, -8814, -325}, 0, {-1064, 2030}, {0, 127, 0, 255} }},
	{{ {2965, -8814, -87}, 0, {-1065, 1388}, {0, 127, 0, 255} }},
	{{ {2151, -8814, -325}, 0, {1121, 2028}, {0, 127, 0, 255} }},
	{{ {2965, -8814, -87}, 0, {-1065, 1388}, {0, 127, 0, 255} }},
	{{ {2151, -8814, -87}, 0, {1121, 1388}, {0, 127, 0, 255} }},
	{{ {-996, -11550, -206}, 0, {1641, 1704}, {0, 127, 0, 255} }},
	{{ {-996, -11550, -325}, 0, {1641, 2024}, {0, 127, 0, 255} }},
	{{ {-331, -11550, -325}, 0, {-142, 2024}, {0, 127, 0, 255} }},
	{{ {-996, -11550, -206}, 0, {1641, 1704}, {0, 127, 0, 255} }},
	{{ {-331, -11550, -325}, 0, {-142, 2024}, {0, 127, 0, 255} }},
	{{ {-331, -11550, -233}, 0, {-142, 1776}, {0, 127, 0, 255} }},
	{{ {-331, -11550, -233}, 0, {-142, 1776}, {0, 127, 0, 255} }},
	{{ {-331, -11550, -206}, 0, {-142, 1704}, {0, 127, 0, 255} }},
	{{ {-996, -11550, -206}, 0, {1641, 1704}, {0, 127, 0, 255} }},
	{{ {-1292, -11855, -206}, 0, {736, 1704}, {61, 112, 0, 255} }},
	{{ {-1292, -11855, -325}, 0, {736, 2024}, {61, 112, 0, 255} }},
	{{ {-996, -11550, -325}, 0, {-407, 2024}, {61, 112, 0, 255} }},
	{{ {-1292, -11855, -206}, 0, {736, 1704}, {61, 112, 0, 255} }},
	{{ {-996, -11550, -325}, 0, {-407, 2024}, {61, 112, 0, 255} }},
	{{ {-996, -11550, -206}, 0, {-407, 1704}, {61, 112, 0, 255} }},
	{{ {-1719, -11430, -87}, 0, {302, 1382}, {90, 90, 0, 255} }},
	{{ {-2144, -11004, -87}, 0, {1916, 1382}, {90, 90, 0, 255} }},
	{{ {-2144, -11004, -325}, 0, {1916, 2022}, {90, 90, 0, 255} }},
	{{ {-2144, -11004, -325}, 0, {1916, 2022}, {90, 90, 0, 255} }},
	{{ {-1292, -11855, -325}, 0, {-1312, 2024}, {90, 90, 0, 255} }},
	{{ {-1292, -11855, -206}, 0, {-1312, 1704}, {90, 90, 0, 255} }},
	{{ {-2144, -11004, -325}, 0, {1916, 2022}, {90, 90, 0, 255} }},
	{{ {-1292, -11855, -206}, 0, {-1312, 1704}, {90, 90, 0, 255} }},
	{{ {-1719, -11430, -206}, 0, {302, 1702}, {90, 90, 0, 255} }},
	{{ {-1719, -11430, -206}, 0, {302, 1702}, {90, 90, 0, 255} }},
	{{ {-1550, -9425, -325}, 0, {2704, 2022}, {127, 0, 0, 255} }},
	{{ {-1550, -10036, -325}, 0, {1064, 2022}, {127, 0, 0, 255} }},
	{{ {-1550, -10036, -206}, 0, {1064, 1702}, {127, 0, 0, 255} }},
	{{ {-1550, -9425, -325}, 0, {2704, 2022}, {127, 0, 0, 255} }},
	{{ {-1550, -10036, -206}, 0, {1064, 1702}, {127, 0, 0, 255} }},
	{{ {-1550, -9425, -206}, 0, {2704, 1702}, {127, 0, 0, 255} }},
	{{ {-1847, -10341, -206}, 0, {-78, 1702}, {112, 60, 0, 255} }},
	{{ {-1550, -10036, -206}, 0, {1064, 1702}, {112, 60, 0, 255} }},
	{{ {-1550, -10036, -325}, 0, {1064, 2022}, {112, 60, 0, 255} }},
	{{ {-1847, -10341, -206}, 0, {1970, 1702}, {112, 60, 0, 255} }},
	{{ {-1550, -10036, -325}, 0, {3112, 2022}, {112, 60, 0, 255} }},
	{{ {-2144, -10646, -325}, 0, {828, 2022}, {112, 60, 0, 255} }},
	{{ {-1847, -10341, -206}, 0, {1970, 1702}, {112, 60, 0, 255} }},
	{{ {-2144, -10646, -325}, 0, {828, 2022}, {112, 60, 0, 255} }},
	{{ {-2144, -10646, -87}, 0, {828, 1382}, {112, 60, 0, 255} }},
	{{ {-1847, -10341, -206}, 0, {1970, 1702}, {112, 60, 0, 255} }},
	{{ {-2144, -10646, -87}, 0, {828, 1382}, {112, 60, 0, 255} }},
	{{ {-1847, -10341, -87}, 0, {1970, 1382}, {112, 60, 0, 255} }},
	{{ {1003, -11550, -325}, 0, {372, 2026}, {0, 127, 0, 255} }},
	{{ {1003, -11550, -206}, 0, {372, 1706}, {0, 127, 0, 255} }},
	{{ {339, -11550, -206}, 0, {2155, 1704}, {0, 127, 0, 255} }},
	{{ {1003, -11550, -325}, 0, {372, 2026}, {0, 127, 0, 255} }},
	{{ {339, -11550, -206}, 0, {2155, 1704}, {0, 127, 0, 255} }},
	{{ {339, -11550, -233}, 0, {2155, 1776}, {0, 127, 0, 255} }},
	{{ {339, -11550, -233}, 0, {2155, 1776}, {0, 127, 0, 255} }},
	{{ {339, -11550, -325}, 0, {2155, 2024}, {0, 127, 0, 255} }},
	{{ {1003, -11550, -325}, 0, {372, 2026}, {0, 127, 0, 255} }},
	{{ {1558, -10036, -325}, 0, {949, 2028}, {91, 89, 0, 255} }},
	{{ {1558, -10036, -206}, 0, {948, 1708}, {91, 89, 0, 255} }},
	{{ {1854, -10341, -206}, 0, {2090, 1706}, {91, 89, 0, 255} }},
	{{ {1854, -10341, -206}, 0, {42, 1706}, {91, 89, 0, 255} }},
	{{ {2151, -10646, -325}, 0, {1185, 2026}, {91, 89, 0, 255} }},
	{{ {1558, -10036, -325}, 0, {-1099, 2028}, {91, 89, 0, 255} }},
	{{ {1558, -9425, -206}, 0, {1357, 1708}, {61, 112, 0, 255} }},
	{{ {1558, -9425, -325}, 0, {1357, 2028}, {61, 112, 0, 255} }},
	{{ {2151, -8814, -325}, 0, {-927, 2028}, {61, 112, 0, 255} }},
	{{ {2151, -8814, -325}, 0, {1121, 2028}, {61, 112, 0, 255} }},
	{{ {2151, -8814, -87}, 0, {1121, 1388}, {61, 112, 0, 255} }},
	{{ {1854, -9119, -87}, 0, {2262, 1388}, {61, 112, 0, 255} }},
	{{ {2151, -8814, -325}, 0, {1121, 2028}, {61, 112, 0, 255} }},
	{{ {1854, -9119, -87}, 0, {2262, 1388}, {61, 112, 0, 255} }},
	{{ {1854, -9119, -206}, 0, {2262, 1708}, {61, 112, 0, 255} }},
	{{ {2151, -8814, -325}, 0, {-927, 2028}, {61, 112, 0, 255} }},
	{{ {1854, -9119, -206}, 0, {214, 1708}, {61, 112, 0, 255} }},
	{{ {1558, -9425, -206}, 0, {1357, 1708}, {61, 112, 0, 255} }},
	{{ {-2144, -8814, -87}, 0, {2940, 1380}, {89, 90, 0, 255} }},
	{{ {-2144, -8814, -325}, 0, {2940, 2020}, {89, 90, 0, 255} }},
	{{ {-1550, -9425, -325}, 0, {656, 2022}, {89, 90, 0, 255} }},
	{{ {-1550, -9425, -325}, 0, {656, 2022}, {89, 90, 0, 255} }},
	{{ {-1550, -9425, -206}, 0, {656, 1702}, {89, 90, 0, 255} }},
	{{ {-1847, -9119, -206}, 0, {1798, 1700}, {89, 90, 0, 255} }},
	{{ {-1847, -9119, -206}, 0, {-250, 1700}, {89, 90, 0, 255} }},
	{{ {-1847, -9119, -87}, 0, {-250, 1380}, {89, 90, 0, 255} }},
	{{ {-2144, -8814, -87}, 0, {892, 1380}, {89, 90, 0, 255} }},
	{{ {-1550, -9425, -325}, 0, {656, 2022}, {89, 90, 0, 255} }},
	{{ {-1847, -9119, -206}, 0, {1798, 1700}, {89, 90, 0, 255} }},
	{{ {-2144, -8814, -87}, 0, {2940, 1380}, {89, 90, 0, 255} }},
	{{ {-3923, -5784, -161}, 0, {-571, 1806}, {0, 127, 0, 255} }},
	{{ {-3524, -5784, -161}, 0, {-195, 1806}, {0, 127, 0, 255} }},
	{{ {-3524, -5784, -404}, 0, {-195, 2034}, {0, 127, 0, 255} }},
	{{ {-3524, -5784, -74}, 0, {-195, 1724}, {0, 127, 0, 255} }},
	{{ {-3923, -5784, -74}, 0, {-571, 1724}, {0, 127, 0, 255} }},
	{{ {1300, -11855, -325}, 0, {1277, 2026}, {89, 90, 0, 255} }},
	{{ {1300, -11855, -206}, 0, {1277, 1706}, {89, 90, 0, 255} }},
	{{ {1003, -11550, -206}, 0, {2420, 1706}, {89, 90, 0, 255} }},
	{{ {1003, -11550, -325}, 0, {2420, 2026}, {89, 90, 0, 255} }},
	{{ {1558, -10036, -325}, 0, {949, 2028}, {127, 0, 0, 255} }},
	{{ {1558, -9425, -325}, 0, {-691, 2028}, {127, 0, 0, 255} }},
	{{ {1558, -9425, -206}, 0, {-691, 1708}, {127, 0, 0, 255} }},
	{{ {1558, -10036, -206}, 0, {948, 1708}, {127, 0, 0, 255} }},
	{{ {1854, -10341, -206}, 0, {42, 1706}, {91, 89, 0, 255} }},
	{{ {1854, -10341, -87}, 0, {42, 1386}, {91, 89, 0, 255} }},
	{{ {2151, -10646, -87}, 0, {1185, 1386}, {91, 89, 0, 255} }},
	{{ {2151, -10646, -325}, 0, {1185, 2026}, {91, 89, 0, 255} }},
	{{ {2151, -11004, -87}, 0, {2144, 1386}, {127, 0, 0, 255} }},
	{{ {2151, -11004, -325}, 0, {2144, 2026}, {127, 0, 0, 255} }},
	{{ {2151, -10646, -325}, 0, {1185, 2026}, {127, 0, 0, 255} }},
	{{ {2151, -10646, -87}, 0, {1185, 1386}, {127, 0, 0, 255} }},
	{{ {-3954, -5784, 1218}, 0, {-600, 510}, {0, 127, 0, 255} }},
	{{ {-3524, -5784, 1218}, 0, {-195, 510}, {0, 127, 0, 255} }},
	{{ {-3524, -5784, -74}, 0, {-195, 1724}, {0, 127, 0, 255} }},
	{{ {-3923, -5784, -74}, 0, {-571, 1724}, {0, 127, 0, 255} }},
	{{ {-3923, -5784, -161}, 0, {-571, 1806}, {0, 127, 0, 255} }},
	{{ {-3524, -5784, -404}, 0, {-195, 2034}, {0, 127, 0, 255} }},
	{{ {-4423, -5784, -404}, 0, {-1040, 2034}, {0, 127, 0, 255} }},
};

Gfx castle_grounds_dl_shujacg_mesh_layer_1_tri_16[] = {
	gsSPVertex(castle_grounds_dl_shujacg_mesh_layer_1_vtx_16 + 0, 30, 0),
	gsSP2Triangles(0, 1, 2, 0, 3, 4, 5, 0),
	gsSP2Triangles(6, 7, 8, 0, 9, 10, 11, 0),
	gsSP2Triangles(12, 13, 14, 0, 15, 16, 17, 0),
	gsSP2Triangles(18, 19, 20, 0, 21, 22, 23, 0),
	gsSP2Triangles(24, 25, 26, 0, 27, 28, 29, 0),
	gsSPVertex(castle_grounds_dl_shujacg_mesh_layer_1_vtx_16 + 30, 31, 0),
	gsSP2Triangles(0, 1, 2, 0, 3, 4, 5, 0),
	gsSP2Triangles(6, 7, 8, 0, 9, 10, 11, 0),
	gsSP2Triangles(12, 13, 14, 0, 15, 16, 17, 0),
	gsSP2Triangles(18, 19, 20, 0, 21, 22, 23, 0),
	gsSP2Triangles(17, 24, 15, 0, 25, 26, 27, 0),
	gsSP1Triangle(28, 29, 30, 0),
	gsSPVertex(castle_grounds_dl_shujacg_mesh_layer_1_vtx_16 + 61, 30, 0),
	gsSP2Triangles(0, 1, 2, 0, 3, 4, 5, 0),
	gsSP2Triangles(6, 7, 8, 0, 9, 10, 11, 0),
	gsSP2Triangles(12, 13, 14, 0, 15, 16, 17, 0),
	gsSP2Triangles(18, 19, 20, 0, 21, 22, 23, 0),
	gsSP2Triangles(24, 25, 26, 0, 27, 28, 29, 0),
	gsSPVertex(castle_grounds_dl_shujacg_mesh_layer_1_vtx_16 + 91, 30, 0),
	gsSP2Triangles(0, 1, 2, 0, 3, 4, 5, 0),
	gsSP2Triangles(6, 7, 8, 0, 9, 10, 11, 0),
	gsSP2Triangles(12, 13, 14, 0, 15, 16, 17, 0),
	gsSP2Triangles(18, 19, 20, 0, 21, 22, 23, 0),
	gsSP2Triangles(24, 21, 25, 0, 26, 27, 28, 0),
	gsSP1Triangle(26, 28, 29, 0),
	gsSPVertex(castle_grounds_dl_shujacg_mesh_layer_1_vtx_16 + 121, 19, 0),
	gsSP2Triangles(0, 1, 2, 0, 0, 2, 3, 0),
	gsSP2Triangles(4, 5, 6, 0, 4, 6, 7, 0),
	gsSP2Triangles(8, 9, 10, 0, 8, 10, 11, 0),
	gsSP2Triangles(12, 13, 14, 0, 12, 14, 15, 0),
	gsSP2Triangles(12, 15, 16, 0, 16, 17, 18, 0),
	gsSP1Triangle(16, 18, 12, 0),
	gsSPEndDisplayList(),
};

Vtx castle_grounds_dl_shujacg_mesh_layer_1_vtx_17[59] = {
	{{ {-331, -7913, -325}, 0, {1008, -534}, {0, 110, 193, 255} }},
	{{ {-331, -7473, -579}, 0, {1008, -1309}, {0, 110, 193, 255} }},
	{{ {339, -7473, -579}, 0, {2032, -1309}, {0, 110, 193, 255} }},
	{{ {339, -7473, -579}, 0, {2032, -1309}, {0, 110, 193, 255} }},
	{{ {339, -7913, -325}, 0, {2032, -534}, {0, 110, 193, 255} }},
	{{ {339, -11912, -233}, 0, {1008, 960}, {0, 0, 129, 255} }},
	{{ {4, -12190, -233}, 0, {1520, 534}, {0, 0, 129, 255} }},
	{{ {-331, -11912, -233}, 0, {2032, 960}, {0, 0, 129, 255} }},
	{{ {4, -12190, -206}, 0, {1546, 503}, {94, 85, 0, 255} }},
	{{ {-331, -11912, -206}, 0, {2058, 929}, {94, 85, 0, 255} }},
	{{ {-331, -11912, -233}, 0, {2032, 960}, {94, 85, 0, 255} }},
	{{ {4, -12190, -206}, 0, {1546, 503}, {94, 85, 0, 255} }},
	{{ {4, -12190, -233}, 0, {1520, 534}, {94, 85, 0, 255} }},
	{{ {339, -11912, -206}, 0, {982, 929}, {58, 113, 0, 255} }},
	{{ {4, -12190, -206}, 0, {1494, 503}, {58, 113, 0, 255} }},
	{{ {4, -12190, -233}, 0, {1520, 534}, {58, 113, 0, 255} }},
	{{ {339, -11912, -206}, 0, {982, 929}, {58, 113, 0, 255} }},
	{{ {4, -12190, -233}, 0, {1520, 534}, {58, 113, 0, 255} }},
	{{ {339, -11912, -233}, 0, {1008, 960}, {58, 113, 0, 255} }},
	{{ {339, -11550, -206}, 0, {967, -534}, {127, 0, 0, 255} }},
	{{ {339, -11912, -206}, 0, {967, -1088}, {127, 0, 0, 255} }},
	{{ {339, -11912, -233}, 0, {1008, -1088}, {127, 0, 0, 255} }},
	{{ {339, -11550, -233}, 0, {1008, -534}, {127, 0, 0, 255} }},
	{{ {339, -11550, -325}, 0, {1008, -534}, {0, 127, 0, 255} }},
	{{ {339, -11550, -233}, 0, {1008, -676}, {0, 127, 0, 255} }},
	{{ {-331, -11550, -233}, 0, {2032, -676}, {0, 127, 0, 255} }},
	{{ {339, -11550, -325}, 0, {1008, -534}, {0, 127, 0, 255} }},
	{{ {-331, -11550, -233}, 0, {2032, -676}, {0, 127, 0, 255} }},
	{{ {-331, -11550, -325}, 0, {2032, -534}, {0, 127, 0, 255} }},
	{{ {-331, -7473, -579}, 0, {1008, 739}, {0, 0, 129, 255} }},
	{{ {-331, -6311, -579}, 0, {1008, -1035}, {0, 0, 129, 255} }},
	{{ {-149, -6311, -579}, 0, {1287, -1035}, {0, 0, 129, 255} }},
	{{ {-331, -7473, -579}, 0, {1008, 739}, {0, 0, 129, 255} }},
	{{ {-149, -6311, -579}, 0, {1287, -1035}, {0, 0, 129, 255} }},
	{{ {7, -6311, -579}, 0, {1525, -1035}, {0, 0, 129, 255} }},
	{{ {163, -6311, -579}, 0, {1762, -1035}, {0, 0, 129, 255} }},
	{{ {339, -6311, -579}, 0, {2032, -1035}, {0, 0, 129, 255} }},
	{{ {339, -7473, -579}, 0, {2032, 739}, {0, 0, 129, 255} }},
	{{ {-149, -5943, -579}, 0, {1287, 452}, {0, 0, 129, 255} }},
	{{ {163, -5943, -579}, 0, {1762, 452}, {0, 0, 129, 255} }},
	{{ {163, -6311, -579}, 0, {1762, 1013}, {0, 0, 129, 255} }},
	{{ {7, -6311, -579}, 0, {1525, 1013}, {0, 0, 129, 255} }},
	{{ {-149, -6311, -579}, 0, {1287, 1013}, {0, 0, 129, 255} }},
	{{ {-331, -11912, -206}, 0, {25, -1088}, {127, 0, 0, 255} }},
	{{ {-331, -11550, -206}, 0, {25, -534}, {127, 0, 0, 255} }},
	{{ {-331, -11550, -233}, 0, {-16, -534}, {127, 0, 0, 255} }},
	{{ {-331, -11912, -233}, 0, {-16, -1088}, {127, 0, 0, 255} }},
	{{ {339, -11912, -233}, 0, {1008, -1088}, {0, 0, 129, 255} }},
	{{ {-331, -11912, -233}, 0, {2032, -1088}, {0, 0, 129, 255} }},
	{{ {-331, -11550, -233}, 0, {2032, -534}, {0, 0, 129, 255} }},
	{{ {339, -11550, -233}, 0, {1008, -534}, {0, 0, 129, 255} }},
	{{ {339, -11550, -325}, 0, {1008, -534}, {0, 0, 129, 255} }},
	{{ {-331, -11550, -325}, 0, {2032, -534}, {0, 0, 129, 255} }},
	{{ {-331, -10545, -325}, 0, {2032, 1000}, {0, 0, 129, 255} }},
	{{ {339, -10545, -325}, 0, {1008, 1000}, {0, 0, 129, 255} }},
	{{ {-331, -8917, -325}, 0, {1008, 1000}, {0, 0, 129, 255} }},
	{{ {-331, -7913, -325}, 0, {1008, -534}, {0, 0, 129, 255} }},
	{{ {339, -7913, -325}, 0, {2032, -534}, {0, 0, 129, 255} }},
	{{ {339, -8917, -325}, 0, {2032, 1000}, {0, 0, 129, 255} }},
};

Gfx castle_grounds_dl_shujacg_mesh_layer_1_tri_17[] = {
	gsSPVertex(castle_grounds_dl_shujacg_mesh_layer_1_vtx_17 + 0, 32, 0),
	gsSP2Triangles(0, 1, 2, 0, 0, 3, 4, 0),
	gsSP2Triangles(5, 6, 7, 0, 8, 9, 10, 0),
	gsSP2Triangles(11, 10, 12, 0, 13, 14, 15, 0),
	gsSP2Triangles(16, 17, 18, 0, 19, 20, 21, 0),
	gsSP2Triangles(19, 21, 22, 0, 23, 24, 25, 0),
	gsSP2Triangles(26, 27, 28, 0, 29, 30, 31, 0),
	gsSPVertex(castle_grounds_dl_shujacg_mesh_layer_1_vtx_17 + 32, 27, 0),
	gsSP2Triangles(0, 1, 2, 0, 0, 2, 3, 0),
	gsSP2Triangles(0, 3, 4, 0, 4, 5, 0, 0),
	gsSP2Triangles(6, 7, 8, 0, 6, 8, 9, 0),
	gsSP2Triangles(9, 10, 6, 0, 11, 12, 13, 0),
	gsSP2Triangles(11, 13, 14, 0, 15, 16, 17, 0),
	gsSP2Triangles(17, 18, 15, 0, 19, 20, 21, 0),
	gsSP2Triangles(19, 21, 22, 0, 23, 24, 25, 0),
	gsSP1Triangle(23, 25, 26, 0),
	gsSPEndDisplayList(),
};

Vtx castle_grounds_dl_shujacg_mesh_layer_1_vtx_18[84] = {
	{{ {1246, -11370, -325}, 0, {-1962, 1003}, {101, 77, 0, 255} }},
	{{ {928, -11187, -325}, 0, {2354, 1003}, {101, 77, 0, 255} }},
	{{ {928, -11187, -405}, 0, {2354, 55}, {101, 77, 0, 255} }},
	{{ {1246, -11370, -325}, 0, {-1962, 1003}, {101, 77, 0, 255} }},
	{{ {928, -11187, -405}, 0, {2354, 55}, {101, 77, 0, 255} }},
	{{ {1246, -11370, -405}, 0, {-1962, 55}, {101, 77, 0, 255} }},
	{{ {928, -11187, -405}, 0, {306, 55}, {127, 0, 0, 255} }},
	{{ {928, -11187, -325}, 0, {306, 1003}, {127, 0, 0, 255} }},
	{{ {928, -11004, -325}, 0, {2463, 1003}, {127, 0, 0, 255} }},
	{{ {928, -11187, -405}, 0, {-1742, 55}, {127, 0, 0, 255} }},
	{{ {928, -11004, -325}, 0, {415, 1003}, {127, 0, 0, 255} }},
	{{ {928, -10821, -325}, 0, {2573, 1003}, {127, 0, 0, 255} }},
	{{ {928, -10821, -325}, 0, {2573, 1003}, {127, 0, 0, 255} }},
	{{ {928, -10821, -405}, 0, {2573, 55}, {127, 0, 0, 255} }},
	{{ {928, -10821, -405}, 0, {2573, 55}, {0, 127, 0, 255} }},
	{{ {928, -11004, -405}, 0, {415, 55}, {0, 127, 0, 255} }},
	{{ {928, -11187, -405}, 0, {-1742, 55}, {0, 127, 0, 255} }},
	{{ {1562, -10821, -405}, 0, {962, 55}, {127, 0, 0, 255} }},
	{{ {1562, -10821, -325}, 0, {962, 1003}, {127, 0, 0, 255} }},
	{{ {1562, -11004, -325}, 0, {3120, 1003}, {127, 0, 0, 255} }},
	{{ {1562, -11187, -405}, 0, {3228, 55}, {0, 129, 0, 255} }},
	{{ {1562, -11004, -405}, 0, {1072, 55}, {0, 127, 0, 255} }},
	{{ {1562, -10821, -405}, 0, {-1086, 55}, {0, 129, 0, 255} }},
	{{ {1562, -11187, -325}, 0, {-132, 1003}, {51, 116, 0, 255} }},
	{{ {1246, -11370, -325}, 0, {4182, 1003}, {51, 116, 0, 255} }},
	{{ {1246, -11370, -405}, 0, {4182, 55}, {51, 116, 0, 255} }},
	{{ {1562, -11187, -325}, 0, {-132, 1003}, {51, 116, 0, 255} }},
	{{ {1562, -11187, -405}, 0, {-132, 55}, {51, 116, 0, 255} }},
	{{ {-1384, -11370, -325}, 0, {-129, 1003}, {101, 77, 0, 255} }},
	{{ {-1702, -11187, -325}, 0, {4187, 1003}, {101, 77, 0, 255} }},
	{{ {-1702, -11187, -405}, 0, {4187, 55}, {101, 77, 0, 255} }},
	{{ {-1384, -11370, -325}, 0, {-129, 1003}, {101, 77, 0, 255} }},
	{{ {-1702, -11187, -405}, 0, {4187, 55}, {101, 77, 0, 255} }},
	{{ {-1384, -11370, -405}, 0, {-129, 55}, {101, 77, 0, 255} }},
	{{ {-1702, -11187, -405}, 0, {91, 55}, {127, 0, 0, 255} }},
	{{ {-1702, -11187, -325}, 0, {91, 1003}, {127, 0, 0, 255} }},
	{{ {-1702, -11004, -325}, 0, {2248, 1003}, {127, 0, 0, 255} }},
	{{ {-1702, -11187, -405}, 0, {-1957, 55}, {127, 0, 0, 255} }},
	{{ {-1702, -11004, -325}, 0, {200, 1003}, {127, 0, 0, 255} }},
	{{ {-1702, -10821, -325}, 0, {2358, 1003}, {127, 0, 0, 255} }},
	{{ {-1702, -10821, -325}, 0, {2358, 1003}, {127, 0, 0, 255} }},
	{{ {-1702, -10821, -405}, 0, {2358, 55}, {127, 0, 0, 255} }},
	{{ {-1702, -10821, -405}, 0, {2358, 55}, {0, 129, 0, 255} }},
	{{ {-1702, -11004, -405}, 0, {200, 55}, {0, 129, 0, 255} }},
	{{ {-1702, -11187, -405}, 0, {-1957, 55}, {0, 127, 0, 255} }},
	{{ {-1702, -10821, -325}, 0, {-1738, 1003}, {110, 63, 0, 255} }},
	{{ {-1384, -10637, -325}, 0, {2576, 1003}, {110, 63, 0, 255} }},
	{{ {-1384, -10637, -405}, 0, {2576, 55}, {110, 63, 0, 255} }},
	{{ {-1702, -10821, -325}, 0, {-1738, 1003}, {110, 63, 0, 255} }},
	{{ {-1384, -10637, -405}, 0, {2576, 55}, {110, 63, 0, 255} }},
	{{ {-1702, -10821, -405}, 0, {-1738, 55}, {110, 63, 0, 255} }},
	{{ {-1068, -10821, -405}, 0, {747, 55}, {127, 0, 0, 255} }},
	{{ {-1068, -10821, -325}, 0, {747, 1003}, {127, 0, 0, 255} }},
	{{ {-1068, -11004, -325}, 0, {2904, 1003}, {127, 0, 0, 255} }},
	{{ {-1068, -11187, -405}, 0, {3014, 55}, {0, 127, 0, 255} }},
	{{ {-1068, -11004, -405}, 0, {856, 55}, {0, 127, 0, 255} }},
	{{ {-1068, -10821, -405}, 0, {-1301, 55}, {0, 127, 0, 255} }},
	{{ {-1068, -11187, -325}, 0, {-347, 1003}, {51, 116, 0, 255} }},
	{{ {-1384, -11370, -325}, 0, {3967, 1003}, {51, 116, 0, 255} }},
	{{ {-1384, -11370, -405}, 0, {3967, 55}, {51, 116, 0, 255} }},
	{{ {-1068, -11187, -325}, 0, {-347, 1003}, {51, 116, 0, 255} }},
	{{ {-1068, -11187, -405}, 0, {-347, 55}, {51, 116, 0, 255} }},
	{{ {928, -10821, -325}, 0, {-1523, 1003}, {110, 63, 0, 255} }},
	{{ {1246, -10637, -325}, 0, {2791, 1003}, {110, 63, 0, 255} }},
	{{ {1246, -10637, -405}, 0, {2791, 55}, {110, 63, 0, 255} }},
	{{ {928, -10821, -325}, 0, {-1523, 1003}, {110, 63, 0, 255} }},
	{{ {1246, -10637, -405}, 0, {2791, 55}, {110, 63, 0, 255} }},
	{{ {928, -10821, -405}, 0, {-1523, 55}, {110, 63, 0, 255} }},
	{{ {1562, -10821, -405}, 0, {-1086, 55}, {127, 0, 0, 255} }},
	{{ {1562, -11004, -325}, 0, {1072, 1003}, {127, 0, 0, 255} }},
	{{ {1562, -11187, -325}, 0, {3228, 1003}, {127, 0, 0, 255} }},
	{{ {1562, -11187, -405}, 0, {3228, 55}, {127, 0, 0, 255} }},
	{{ {-1384, -10637, -325}, 0, {-1520, 1003}, {64, 110, 0, 255} }},
	{{ {-1068, -10821, -325}, 0, {2795, 1003}, {64, 110, 0, 255} }},
	{{ {-1068, -10821, -405}, 0, {2795, 55}, {64, 110, 0, 255} }},
	{{ {-1384, -10637, -405}, 0, {-1520, 55}, {64, 110, 0, 255} }},
	{{ {-1068, -10821, -405}, 0, {-1301, 55}, {127, 0, 0, 255} }},
	{{ {-1068, -11004, -325}, 0, {856, 1003}, {127, 0, 0, 255} }},
	{{ {-1068, -11187, -325}, 0, {3014, 1003}, {127, 0, 0, 255} }},
	{{ {-1068, -11187, -405}, 0, {3014, 55}, {127, 0, 0, 255} }},
	{{ {1246, -10637, -325}, 0, {-1305, 1003}, {64, 110, 0, 255} }},
	{{ {1562, -10821, -325}, 0, {3010, 1003}, {64, 110, 0, 255} }},
	{{ {1562, -10821, -405}, 0, {3010, 55}, {64, 110, 0, 255} }},
	{{ {1246, -10637, -405}, 0, {-1305, 55}, {64, 110, 0, 255} }},
};

Gfx castle_grounds_dl_shujacg_mesh_layer_1_tri_18[] = {
	gsSPVertex(castle_grounds_dl_shujacg_mesh_layer_1_vtx_18 + 0, 31, 0),
	gsSP2Triangles(0, 1, 2, 0, 3, 4, 5, 0),
	gsSP2Triangles(6, 7, 8, 0, 9, 10, 11, 0),
	gsSP2Triangles(9, 12, 13, 0, 14, 15, 16, 0),
	gsSP2Triangles(17, 18, 19, 0, 20, 21, 22, 0),
	gsSP2Triangles(23, 24, 25, 0, 26, 25, 27, 0),
	gsSP1Triangle(28, 29, 30, 0),
	gsSPVertex(castle_grounds_dl_shujacg_mesh_layer_1_vtx_18 + 31, 31, 0),
	gsSP2Triangles(0, 1, 2, 0, 3, 4, 5, 0),
	gsSP2Triangles(6, 7, 8, 0, 6, 9, 10, 0),
	gsSP2Triangles(11, 12, 13, 0, 14, 15, 16, 0),
	gsSP2Triangles(17, 18, 19, 0, 20, 21, 22, 0),
	gsSP2Triangles(23, 24, 25, 0, 26, 27, 28, 0),
	gsSP1Triangle(29, 28, 30, 0),
	gsSPVertex(castle_grounds_dl_shujacg_mesh_layer_1_vtx_18 + 62, 22, 0),
	gsSP2Triangles(0, 1, 2, 0, 3, 4, 5, 0),
	gsSP2Triangles(6, 7, 8, 0, 6, 8, 9, 0),
	gsSP2Triangles(10, 11, 12, 0, 10, 12, 13, 0),
	gsSP2Triangles(14, 15, 16, 0, 14, 16, 17, 0),
	gsSP2Triangles(18, 19, 20, 0, 18, 20, 21, 0),
	gsSPEndDisplayList(),
};

Vtx castle_grounds_dl_shujacg_mesh_layer_1_vtx_19[306] = {
	{{ {4661, -583, -374}, 0, {318, 196}, {121, 39, 0, 255} }},
	{{ {4661, -583, 491}, 0, {212, 1066}, {121, 39, 0, 255} }},
	{{ {4682, -526, 532}, 0, {251, 1092}, {121, 39, 0, 255} }},
	{{ {4661, -583, -374}, 0, {318, 196}, {121, 39, 0, 255} }},
	{{ {4682, -526, 532}, 0, {251, 1092}, {121, 39, 0, 255} }},
	{{ {4847, -76, -374}, 0, {709, 66}, {121, 39, 0, 255} }},
	{{ {4661, -583, -437}, 0, {318, 170}, {121, 39, 0, 255} }},
	{{ {4661, -583, -374}, 0, {311, 230}, {121, 39, 0, 255} }},
	{{ {4847, -76, -374}, 0, {708, 66}, {121, 39, 0, 255} }},
	{{ {4661, -583, -437}, 0, {318, 170}, {121, 39, 0, 255} }},
	{{ {4847, -76, -374}, 0, {708, 66}, {121, 39, 0, 255} }},
	{{ {4858, -45, -437}, 0, {740, -6}, {121, 39, 0, 255} }},
	{{ {4858, -45, -437}, 0, {1602, -828}, {121, 39, 0, 255} }},
	{{ {4847, -76, -374}, 0, {1439, -464}, {121, 39, 0, 255} }},
	{{ {4858, -45, -374}, 0, {1563, -504}, {121, 39, 0, 255} }},
	{{ {4858, -45, -374}, 0, {732, 58}, {121, 39, 0, 255} }},
	{{ {4847, -76, -374}, 0, {708, 66}, {121, 39, 0, 255} }},
	{{ {4682, -526, 532}, 0, {250, 1092}, {121, 39, 0, 255} }},
	{{ {4858, -45, -374}, 0, {732, 58}, {121, 39, 0, 255} }},
	{{ {4682, -526, 532}, 0, {250, 1092}, {121, 39, 0, 255} }},
	{{ {5089, 588, 1321}, 0, {1012, 1598}, {121, 39, 0, 255} }},
	{{ {5089, 588, 1321}, 0, {1012, 1598}, {121, 39, 0, 255} }},
	{{ {4858, -45, -437}, 0, {740, -6}, {121, 39, 0, 255} }},
	{{ {4858, -45, -374}, 0, {732, 58}, {121, 39, 0, 255} }},
	{{ {4661, -583, 648}, 0, {192, 1222}, {121, 39, 0, 255} }},
	{{ {5089, 588, 1321}, 0, {1012, 1598}, {121, 39, 0, 255} }},
	{{ {4682, -526, 532}, 0, {250, 1092}, {121, 39, 0, 255} }},
	{{ {4661, -583, 648}, 0, {192, 1222}, {121, 39, 0, 255} }},
	{{ {4682, -526, 532}, 0, {251, 1092}, {121, 39, 0, 255} }},
	{{ {4661, -583, 491}, 0, {211, 1066}, {121, 39, 0, 255} }},
	{{ {6751, 4739, 1321}, 0, {1528, 1882}, {81, 89, 214, 255} }},
	{{ {5963, 5888, 1321}, 0, {536, 1782}, {80, 89, 214, 255} }},
	{{ {7344, 5290, 685}, 0, {1480, 1002}, {81, 89, 214, 255} }},
	{{ {7344, 5290, 685}, 0, {1480, 1002}, {97, 79, 233, 255} }},
	{{ {5963, 5888, 1321}, 0, {536, 1782}, {97, 79, 233, 255} }},
	{{ {6128, 6138, 535}, 0, {588, 734}, {97, 79, 233, 255} }},
	{{ {3284, 2257, 64}, 0, {-370, 212}, {121, 22, 224, 255} }},
	{{ {3380, 3515, 1321}, 0, {-891, 1712}, {121, 22, 224, 255} }},
	{{ {3638, 2122, 1321}, 0, {-200, 1886}, {121, 22, 224, 255} }},
	{{ {2639, 3424, 76}, 0, {-1077, 450}, {97, 54, 194, 255} }},
	{{ {3380, 3515, 1321}, 0, {-891, 1712}, {97, 54, 194, 255} }},
	{{ {3284, 2257, 64}, 0, {-370, 212}, {97, 54, 194, 255} }},
	{{ {3838, 1044, 1321}, 0, {512, 1818}, {62, 111, 0, 255} }},
	{{ {3409, -128, 648}, 0, {1970, 1430}, {62, 111, 0, 255} }},
	{{ {3606, 410, -437}, 0, {1126, 2}, {62, 111, 0, 255} }},
	{{ {3409, -128, 648}, 0, {1970, 1430}, {62, 111, 0, 255} }},
	{{ {3410, -127, -374}, 0, {1848, 326}, {62, 111, 0, 255} }},
	{{ {3606, 410, -437}, 0, {1126, 2}, {62, 111, 0, 255} }},
	{{ {3409, 1181, -26}, 0, {330, 6}, {114, 46, 224, 255} }},
	{{ {3838, 1044, 1321}, 0, {512, 1818}, {114, 46, 224, 255} }},
	{{ {3606, 410, -437}, 0, {1126, 2}, {114, 46, 224, 255} }},
	{{ {3409, 1181, -26}, 0, {330, 6}, {120, 22, 220, 255} }},
	{{ {3638, 2122, 1321}, 0, {-200, 1886}, {120, 22, 220, 255} }},
	{{ {3838, 1044, 1321}, 0, {512, 1818}, {120, 22, 220, 255} }},
	{{ {3638, 2122, 1321}, 0, {-200, 1886}, {122, 17, 224, 255} }},
	{{ {3409, 1181, -26}, 0, {330, 6}, {122, 17, 224, 255} }},
	{{ {3284, 2257, 64}, 0, {-370, 212}, {122, 17, 224, 255} }},
	{{ {3009, 5517, 1321}, 0, {1080, 1998}, {56, 51, 154, 255} }},
	{{ {2639, 3424, 76}, 0, {1882, 382}, {56, 51, 154, 255} }},
	{{ {1739, 4216, -19}, 0, {1310, 158}, {56, 51, 154, 255} }},
	{{ {4464, 6237, 640}, 0, {1580, 862}, {110, 61, 237, 255} }},
	{{ {5963, 5888, 1321}, 0, {2564, 1782}, {110, 61, 237, 255} }},
	{{ {3968, 6014, 1321}, 0, {1256, 1770}, {110, 61, 237, 255} }},
	{{ {4464, 6237, 640}, 0, {-468, 862}, {110, 61, 238, 255} }},
	{{ {6128, 6138, 535}, 0, {568, 734}, {110, 61, 238, 255} }},
	{{ {5963, 5888, 1321}, 0, {516, 1782}, {110, 61, 238, 255} }},
	{{ {6464, 6514, 76}, 0, {662, 98}, {102, 67, 221, 255} }},
	{{ {6128, 6138, 535}, 0, {568, 734}, {102, 67, 221, 255} }},
	{{ {4464, 6237, 640}, 0, {-468, 862}, {102, 67, 221, 255} }},
	{{ {6464, 6514, 76}, 0, {682, 98}, {92, 78, 216, 255} }},
	{{ {7344, 5290, 685}, 0, {1480, 1002}, {92, 78, 216, 255} }},
	{{ {6128, 6138, 535}, 0, {588, 734}, {92, 78, 216, 255} }},
	{{ {6464, 6514, 76}, 0, {682, 98}, {89, 85, 226, 255} }},
	{{ {7985, 5173, 76}, 0, {1734, 218}, {89, 85, 226, 255} }},
	{{ {7344, 5290, 685}, 0, {1480, 1002}, {89, 85, 226, 255} }},
	{{ {7985, 5173, 76}, 0, {1734, 218}, {68, 100, 219, 255} }},
	{{ {8127, 3770, 76}, 0, {2466, 338}, {68, 100, 219, 255} }},
	{{ {7344, 5290, 685}, 0, {1480, 1002}, {68, 100, 219, 255} }},
	{{ {7344, 5290, 685}, 0, {1480, 1002}, {68, 100, 219, 255} }},
	{{ {8127, 3770, 76}, 0, {2466, 338}, {68, 100, 219, 255} }},
	{{ {6751, 4739, 1321}, 0, {1528, 1882}, {68, 100, 219, 255} }},
	{{ {7655, 2733, 32}, 0, {1046, 374}, {110, 20, 196, 255} }},
	{{ {6751, 4739, 1321}, 0, {-520, 1882}, {110, 20, 196, 255} }},
	{{ {8127, 3770, 76}, 0, {418, 338}, {110, 20, 196, 255} }},
	{{ {6958, 3389, 1321}, 0, {652, 2002}, {64, 107, 232, 255} }},
	{{ {6751, 4739, 1321}, 0, {-520, 1882}, {64, 107, 232, 255} }},
	{{ {7655, 2733, 32}, 0, {1046, 374}, {64, 107, 232, 255} }},
	{{ {6323, 1281, 26}, 0, {208, 490}, {112, 46, 219, 255} }},
	{{ {5089, 588, 1321}, 0, {978, 2042}, {112, 46, 219, 255} }},
	{{ {6128, 2041, 1321}, 0, {28, 2042}, {112, 46, 219, 255} }},
	{{ {5089, 588, 1321}, 0, {978, 2042}, {111, 60, 241, 255} }},
	{{ {6323, 1281, 26}, 0, {208, 490}, {111, 60, 241, 255} }},
	{{ {4858, -45, -437}, 0, {1076, 2}, {111, 60, 241, 255} }},
	{{ {7655, 2733, 32}, 0, {210, 894}, {113, 34, 209, 255} }},
	{{ {8127, 3770, 76}, 0, {864, 890}, {113, 34, 209, 255} }},
	{{ {8304, 2118, -1399}, 0, {32, 10}, {113, 34, 209, 255} }},
	{{ {6323, 1281, 26}, 0, {2256, 490}, {111, 42, 210, 255} }},
	{{ {6958, 3389, 1321}, 0, {652, 2002}, {111, 42, 210, 255} }},
	{{ {7655, 2733, 32}, 0, {1046, 374}, {111, 42, 210, 255} }},
	{{ {6128, 2041, 1321}, 0, {2076, 2042}, {113, 44, 219, 255} }},
	{{ {6958, 3389, 1321}, 0, {652, 2002}, {113, 44, 219, 255} }},
	{{ {6323, 1281, 26}, 0, {2256, 490}, {113, 44, 219, 255} }},
	{{ {2347, 282, -402}, 0, {508, 318}, {0, 127, 0, 255} }},
	{{ {2355, 282, 491}, 0, {386, 886}, {0, 127, 0, 255} }},
	{{ {565, 282, 491}, 0, {1122, 886}, {0, 127, 0, 255} }},
	{{ {2347, 282, -402}, 0, {508, 318}, {0, 127, 0, 255} }},
	{{ {565, 282, 491}, 0, {1122, 886}, {0, 127, 0, 255} }},
	{{ {565, 282, -642}, 0, {1273, 166}, {0, 127, 0, 255} }},
	{{ {565, 282, -642}, 0, {1273, 166}, {0, 127, 0, 255} }},
	{{ {565, 282, -848}, 0, {1300, 34}, {0, 127, 0, 255} }},
	{{ {2347, 282, -402}, 0, {508, 318}, {0, 127, 0, 255} }},
	{{ {-1033, 282, 491}, 0, {-270, 886}, {0, 127, 0, 255} }},
	{{ {-2071, 282, 491}, 0, {155, 886}, {0, 127, 0, 255} }},
	{{ {-2071, 282, -551}, 0, {294, 222}, {0, 127, 0, 255} }},
	{{ {-1033, 282, 491}, 0, {-270, 886}, {0, 127, 0, 255} }},
	{{ {-2071, 282, -551}, 0, {294, 222}, {0, 127, 0, 255} }},
	{{ {-557, 282, -848}, 0, {-288, 34}, {0, 127, 0, 255} }},
	{{ {-1033, 282, 491}, 0, {1778, 886}, {0, 127, 0, 255} }},
	{{ {-557, 282, -848}, 0, {1760, 34}, {0, 127, 0, 255} }},
	{{ {-557, 282, -642}, 0, {1733, 166}, {0, 127, 0, 255} }},
	{{ {-557, 282, -642}, 0, {1733, 166}, {0, 127, 0, 255} }},
	{{ {-557, 282, 491}, 0, {1582, 886}, {0, 127, 0, 255} }},
	{{ {-2080, 280, 491}, 0, {160, 886}, {23, 125, 0, 255} }},
	{{ {-4184, -123, 491}, 0, {1024, 888}, {23, 125, 0, 255} }},
	{{ {-4184, -123, -402}, 0, {1142, 318}, {23, 125, 0, 255} }},
	{{ {-2080, 280, 491}, 0, {160, 886}, {23, 125, 0, 255} }},
	{{ {-4184, -123, -402}, 0, {1142, 318}, {23, 125, 0, 255} }},
	{{ {-2071, 282, -551}, 0, {294, 222}, {23, 125, 0, 255} }},
	{{ {-2071, 282, -551}, 0, {294, 222}, {23, 125, 0, 255} }},
	{{ {-2071, 282, 491}, 0, {156, 886}, {23, 125, 0, 255} }},
	{{ {-2080, 280, 491}, 0, {160, 886}, {23, 125, 0, 255} }},
	{{ {-4184, -123, 491}, 0, {138, 910}, {63, 110, 0, 255} }},
	{{ {-4857, -1181, -437}, 0, {828, 158}, {63, 110, 0, 255} }},
	{{ {-4184, -123, -402}, 0, {278, 282}, {63, 110, 0, 255} }},
	{{ {-4857, -1181, 491}, 0, {658, 910}, {63, 110, 0, 255} }},
	{{ {-4857, -1181, -437}, 0, {828, 158}, {63, 110, 0, 255} }},
	{{ {-4184, -123, 491}, 0, {138, 910}, {63, 110, 0, 255} }},
	{{ {-4857, -1181, -437}, 0, {828, 158}, {126, 17, 0, 255} }},
	{{ {-4857, -1181, 491}, 0, {658, 910}, {126, 17, 0, 255} }},
	{{ {-4730, -2133, -454}, 0, {1276, 246}, {126, 17, 0, 255} }},
	{{ {-4730, -2133, 491}, 0, {1126, 910}, {126, 17, 0, 255} }},
	{{ {-4857, -1181, 491}, 0, {658, 910}, {126, 17, 0, 255} }},
	{{ {-4730, -2133, -454}, 0, {1276, 246}, {57, 113, 0, 255} }},
	{{ {-4730, -2133, 491}, 0, {1126, 910}, {57, 113, 0, 255} }},
	{{ {-4759, -3266, -577}, 0, {1854, 158}, {57, 113, 0, 255} }},
	{{ {-4761, -3265, 1218}, 0, {1570, 1422}, {57, 113, 0, 255} }},
	{{ {-4761, -3266, 1218}, 0, {1570, 1422}, {57, 113, 0, 255} }},
	{{ {-4759, -3266, -577}, 0, {1854, 158}, {57, 113, 0, 255} }},
	{{ {-4761, -3265, 1218}, 0, {1570, 1422}, {57, 113, 0, 255} }},
	{{ {-4759, -3266, -577}, 0, {1854, 158}, {57, 113, 0, 255} }},
	{{ {-4730, -2133, 491}, 0, {1126, 910}, {57, 113, 0, 255} }},
	{{ {-4990, -3803, -577}, 0, {2118, 158}, {63, 110, 0, 255} }},
	{{ {-4759, -3266, -577}, 0, {1854, 158}, {63, 110, 0, 255} }},
	{{ {-4761, -3266, 1218}, 0, {1570, 1422}, {63, 110, 0, 255} }},
	{{ {-5858, -3971, -577}, 0, {528, 382}, {23, 125, 0, 255} }},
	{{ {-4990, -3803, -577}, 0, {98, 334}, {23, 125, 0, 255} }},
	{{ {-5860, -3973, 1218}, 0, {416, 1334}, {23, 125, 0, 255} }},
	{{ {-5860, -3973, 1218}, 0, {416, 1334}, {23, 125, 0, 255} }},
	{{ {-4990, -3803, -577}, 0, {98, 334}, {23, 125, 0, 255} }},
	{{ {-4991, -3804, 1218}, 0, {-14, 1286}, {23, 125, 0, 255} }},
	{{ {-4991, -3804, 1218}, 0, {1834, 1422}, {63, 110, 0, 255} }},
	{{ {-4990, -3803, -577}, 0, {2118, 158}, {63, 110, 0, 255} }},
	{{ {-4761, -3266, 1218}, 0, {1570, 1422}, {63, 110, 0, 255} }},
	{{ {-3576, -5184, 1840}, 0, {-16, 2006}, {0, 127, 0, 255} }},
	{{ {-4094, -5184, 1840}, 0, {974, 2006}, {0, 127, 0, 255} }},
	{{ {-4094, -5184, 1218}, 0, {974, 986}, {0, 127, 0, 255} }},
	{{ {-3576, -5184, 1840}, 0, {-16, 2006}, {0, 127, 0, 255} }},
	{{ {-4094, -5184, 1218}, 0, {974, 986}, {0, 127, 0, 255} }},
	{{ {-3576, -5184, 1218}, 0, {-16, 986}, {0, 127, 0, 255} }},
	{{ {-3576, -5703, 1840}, 0, {-16, 2006}, {127, 0, 0, 255} }},
	{{ {-3576, -5184, 1840}, 0, {974, 2006}, {127, 0, 0, 255} }},
	{{ {-3576, -5184, 1218}, 0, {974, 982}, {127, 0, 0, 255} }},
	{{ {-3576, -5703, 1840}, 0, {-16, 2006}, {127, 0, 0, 255} }},
	{{ {-3576, -5184, 1218}, 0, {974, 982}, {127, 0, 0, 255} }},
	{{ {-3576, -5703, 1218}, 0, {-16, 982}, {127, 0, 0, 255} }},
	{{ {3409, -128, -437}, 0, {78, 294}, {106, 70, 0, 255} }},
	{{ {2355, 282, 491}, 0, {388, 886}, {106, 70, 0, 255} }},
	{{ {2347, 282, -402}, 0, {508, 318}, {106, 70, 0, 255} }},
	{{ {3409, -128, -437}, 0, {78, 294}, {106, 70, 0, 255} }},
	{{ {3409, -128, 491}, 0, {-46, 886}, {106, 70, 0, 255} }},
	{{ {2355, 282, 491}, 0, {388, 886}, {106, 70, 0, 255} }},
	{{ {-3956, -5784, 1218}, 0, {1091, 1250}, {36, 121, 246, 255} }},
	{{ {-3954, -5784, 1218}, 0, {1092, 1250}, {36, 121, 246, 255} }},
	{{ {-4423, -5784, -404}, 0, {940, 786}, {36, 121, 246, 255} }},
	{{ {-4423, -5784, -404}, 0, {940, 786}, {36, 121, 246, 255} }},
	{{ {-4763, -5543, 1218}, 0, {764, 1230}, {36, 121, 246, 255} }},
	{{ {-4209, -5708, 1218}, 0, {989, 1244}, {36, 121, 246, 255} }},
	{{ {-4423, -5784, -404}, 0, {940, 786}, {36, 121, 246, 255} }},
	{{ {-4209, -5708, 1218}, 0, {989, 1244}, {36, 121, 246, 255} }},
	{{ {-3956, -5784, 1218}, 0, {1091, 1250}, {36, 121, 246, 255} }},
	{{ {-4763, -5543, 1218}, 0, {764, 1230}, {110, 61, 241, 255} }},
	{{ {-4423, -5784, -404}, 0, {940, 786}, {110, 61, 241, 255} }},
	{{ {-5703, -6297, -26}, 0, {718, 834}, {110, 61, 241, 255} }},
	{{ {-5975, -6354, -567}, 0, {650, 674}, {78, 44, 166, 255} }},
	{{ {-5703, -6297, -26}, 0, {718, 834}, {78, 44, 166, 255} }},
	{{ {-4423, -5784, -404}, 0, {940, 786}, {78, 44, 165, 255} }},
	{{ {-5975, -6354, -567}, 0, {650, 674}, {101, 53, 200, 255} }},
	{{ {-6697, -4625, -232}, 0, {-144, 778}, {101, 53, 200, 255} }},
	{{ {-5703, -6297, -26}, 0, {718, 834}, {101, 53, 200, 255} }},
	{{ {-6697, -4625, -232}, 0, {-144, 778}, {96, 53, 191, 255} }},
	{{ {-5975, -6354, -567}, 0, {650, 674}, {96, 53, 191, 255} }},
	{{ {-7412, -5030, -1614}, 0, {-236, 362}, {96, 53, 191, 255} }},
	{{ {-6015, -6519, -1512}, 0, {688, 406}, {92, 85, 237, 255} }},
	{{ {-7412, -5030, -1614}, 0, {-236, 362}, {92, 85, 237, 255} }},
	{{ {-5975, -6354, -567}, 0, {650, 674}, {92, 85, 237, 255} }},
	{{ {-7558, -5379, -2128}, 0, {-168, 206}, {80, 70, 186, 255} }},
	{{ {-7412, -5030, -1614}, 0, {-236, 362}, {80, 70, 186, 255} }},
	{{ {-6015, -6519, -1512}, 0, {688, 406}, {80, 70, 186, 255} }},
	{{ {-8297, -6227, -3189}, 0, {-120, -6}, {102, 5, 181, 255} }},
	{{ {-7558, -5379, -2128}, 0, {-168, 206}, {102, 5, 181, 255} }},
	{{ {-7897, -6030, -2630}, 0, {-58, 42}, {102, 5, 181, 255} }},
	{{ {-7558, -5379, -2128}, 0, {-168, 206}, {59, 48, 154, 255} }},
	{{ {-6310, -6656, -2001}, 0, {640, 258}, {59, 48, 154, 255} }},
	{{ {-7897, -6030, -2630}, 0, {-58, 42}, {59, 48, 154, 255} }},
	{{ {-6310, -6656, -2001}, 0, {640, 258}, {80, 72, 188, 255} }},
	{{ {-7558, -5379, -2128}, 0, {-168, 206}, {80, 72, 188, 255} }},
	{{ {-6015, -6519, -1512}, 0, {688, 406}, {80, 72, 188, 255} }},
	{{ {-6015, -6519, -1512}, 0, {614, 654}, {8, 121, 218, 255} }},
	{{ {-5411, -6569, -1540}, 0, {786, 666}, {8, 121, 218, 255} }},
	{{ {-6310, -6656, -2001}, 0, {582, 458}, {8, 121, 218, 255} }},
	{{ {-5411, -6569, -1540}, 0, {890, 418}, {9, 125, 234, 255} }},
	{{ {-6015, -6519, -1512}, 0, {688, 406}, {9, 125, 234, 255} }},
	{{ {-5975, -6354, -567}, 0, {650, 674}, {9, 125, 234, 255} }},
	{{ {-5975, -6354, -567}, 0, {650, 674}, {111, 57, 233, 255} }},
	{{ {-4423, -5784, -404}, 0, {940, 786}, {111, 57, 233, 255} }},
	{{ {-4539, -5876, -537}, 0, {934, 742}, {111, 57, 233, 255} }},
	{{ {-5975, -6354, -567}, 0, {650, 674}, {111, 57, 233, 255} }},
	{{ {-4539, -5876, -537}, 0, {934, 742}, {111, 57, 233, 255} }},
	{{ {-5411, -6569, -1540}, 0, {890, 418}, {111, 57, 233, 255} }},
	{{ {-5411, -6569, -1540}, 0, {890, 418}, {20, 111, 197, 255} }},
	{{ {-7010, -7028, -2929}, 0, {542, -6}, {20, 111, 197, 255} }},
	{{ {-6310, -6656, -2001}, 0, {640, 258}, {20, 111, 197, 255} }},
	{{ {-7010, -7028, -2929}, 0, {542, -6}, {113, 55, 237, 255} }},
	{{ {-7256, -6986, -2750}, 0, {454, 10}, {113, 55, 237, 255} }},
	{{ {-6310, -6656, -2001}, 0, {640, 258}, {113, 55, 237, 255} }},
	{{ {-8297, -7224, -3146}, 0, {210, -4102}, {113, 55, 236, 255} }},
	{{ {-7256, -6986, -2750}, 0, {454, -4086}, {113, 55, 236, 255} }},
	{{ {-7010, -7028, -2929}, 0, {542, -4102}, {113, 55, 236, 255} }},
	{{ {-7897, -6030, -2630}, 0, {-58, 42}, {35, 38, 140, 255} }},
	{{ {-7256, -6986, -2750}, 0, {454, 10}, {35, 38, 140, 255} }},
	{{ {-8297, -7224, -3146}, 0, {210, -6}, {35, 38, 140, 255} }},
	{{ {-7256, -6986, -2750}, 0, {454, 10}, {60, 53, 157, 255} }},
	{{ {-7897, -6030, -2630}, 0, {-58, 42}, {60, 53, 157, 255} }},
	{{ {-6310, -6656, -2001}, 0, {640, 258}, {60, 53, 157, 255} }},
	{{ {-8297, -6227, -3189}, 0, {-120, -6}, {47, 113, 223, 255} }},
	{{ {-7897, -6030, -2630}, 0, {-58, 42}, {47, 113, 223, 255} }},
	{{ {-8297, -7224, -3146}, 0, {210, -6}, {47, 113, 223, 255} }},
	{{ {2078, 5270, -265}, 0, {194, -6}, {59, 111, 238, 255} }},
	{{ {3560, 6889, -26}, 0, {1242, -6}, {59, 111, 238, 255} }},
	{{ {2856, 5894, 491}, 0, {692, 698}, {59, 111, 238, 255} }},
	{{ {4464, 6237, 640}, 0, {1580, 862}, {15, 110, 195, 255} }},
	{{ {2856, 5894, 491}, 0, {692, 698}, {15, 110, 195, 255} }},
	{{ {3560, 6889, -26}, 0, {1242, -6}, {15, 110, 195, 255} }},
	{{ {2856, 5894, 491}, 0, {692, 698}, {26, 123, 238, 255} }},
	{{ {4464, 6237, 640}, 0, {1580, 862}, {26, 123, 238, 255} }},
	{{ {3968, 6014, 1321}, 0, {1256, 1770}, {26, 123, 238, 255} }},
	{{ {3009, 5517, 1321}, 0, {622, 1814}, {39, 114, 215, 255} }},
	{{ {2856, 5894, 491}, 0, {692, 698}, {39, 114, 215, 255} }},
	{{ {3968, 6014, 1321}, 0, {1256, 1770}, {39, 114, 215, 255} }},
	{{ {2668, 5255, 427}, 0, {360, 670}, {58, 111, 238, 255} }},
	{{ {2856, 5894, 491}, 0, {692, 698}, {58, 111, 238, 255} }},
	{{ {3009, 5517, 1321}, 0, {622, 1814}, {58, 111, 238, 255} }},
	{{ {2856, 5894, 491}, 0, {692, 698}, {45, 112, 217, 255} }},
	{{ {2668, 5255, 427}, 0, {360, 670}, {45, 112, 217, 255} }},
	{{ {2078, 5270, -265}, 0, {194, -6}, {45, 112, 217, 255} }},
	{{ {2078, 5270, -265}, 0, {194, -6}, {47, 111, 215, 255} }},
	{{ {2668, 5255, 427}, 0, {360, 670}, {47, 111, 215, 255} }},
	{{ {1739, 4216, -19}, 0, {-328, 174}, {47, 111, 215, 255} }},
	{{ {1739, 4216, -19}, 0, {-328, 174}, {61, 111, 248, 255} }},
	{{ {2668, 5255, 427}, 0, {360, 670}, {61, 111, 248, 255} }},
	{{ {3009, 5517, 1321}, 0, {622, 1814}, {61, 111, 248, 255} }},
	{{ {4464, 6237, 640}, 0, {1580, 862}, {12, 110, 194, 255} }},
	{{ {3560, 6889, -26}, 0, {1242, -6}, {12, 110, 194, 255} }},
	{{ {4363, 6846, 167}, 0, {1600, 190}, {12, 110, 194, 255} }},
	{{ {6464, 6514, 76}, 0, {662, 98}, {97, 72, 216, 255} }},
	{{ {4464, 6237, 640}, 0, {-468, 862}, {97, 72, 216, 255} }},
	{{ {4363, 6846, 167}, 0, {-448, 190}, {97, 72, 216, 255} }},
	{{ {-6697, -4625, -232}, 0, {968, 614}, {49, 114, 229, 255} }},
	{{ {-6888, -4492, -966}, 0, {983, -12}, {49, 114, 229, 255} }},
	{{ {-5858, -3971, -577}, 0, {528, 382}, {49, 114, 229, 255} }},
	{{ {-7412, -5030, -1614}, 0, {1433, 46}, {59, 110, 235, 255} }},
	{{ {-6888, -4492, -966}, 0, {1094, 312}, {59, 110, 235, 255} }},
	{{ {-6697, -4625, -232}, 0, {964, 662}, {59, 110, 235, 255} }},
	{{ {-6697, -4625, -232}, 0, {968, 614}, {57, 114, 0, 255} }},
	{{ {-5858, -3971, -577}, 0, {528, 382}, {57, 114, 0, 255} }},
	{{ {-5860, -3973, 1218}, 0, {416, 1334}, {57, 114, 0, 255} }},
	{{ {-5860, -3973, 1218}, 0, {-94, 1226}, {92, 46, 182, 255} }},
	{{ {-5703, -6297, -26}, 0, {718, 834}, {92, 46, 182, 255} }},
	{{ {-6697, -4625, -232}, 0, {-144, 778}, {92, 46, 182, 255} }},
	{{ {-5139, -5005, 1218}, 0, {470, 1228}, {75, 52, 168, 255} }},
	{{ {-4763, -5543, 1218}, 0, {764, 1230}, {75, 52, 168, 255} }},
	{{ {-5703, -6297, -26}, 0, {718, 834}, {75, 52, 168, 255} }},
	{{ {-5139, -5005, 1218}, 0, {470, 1228}, {75, 52, 168, 255} }},
	{{ {-5703, -6297, -26}, 0, {718, 834}, {75, 52, 168, 255} }},
	{{ {-5860, -3973, 1218}, 0, {-94, 1226}, {75, 52, 168, 255} }},
	{{ {2639, 3424, 76}, 0, {985, -2054}, {107, 20, 191, 255} }},
	{{ {3009, 5517, 1321}, 0, {-16, -6}, {107, 20, 191, 255} }},
	{{ {3380, 3515, 1321}, 0, {1008, -6}, {107, 20, 191, 255} }},
	{{ {-3576, -5703, 1218}, 0, {974, 986}, {0, 127, 0, 255} }},
	{{ {-4094, -5703, 1218}, 0, {-16, 986}, {0, 127, 0, 255} }},
	{{ {-4094, -5703, 1840}, 0, {-16, 2006}, {0, 127, 0, 255} }},
	{{ {-3576, -5703, 1840}, 0, {974, 2006}, {0, 127, 0, 255} }},
	{{ {-4094, -5184, 1840}, 0, {-16, 2006}, {127, 0, 0, 255} }},
	{{ {-4094, -5703, 1840}, 0, {974, 2006}, {127, 0, 0, 255} }},
	{{ {-4094, -5703, 1218}, 0, {974, 986}, {127, 0, 0, 255} }},
	{{ {-4094, -5184, 1218}, 0, {-16, 986}, {127, 0, 0, 255} }},
};

Gfx castle_grounds_dl_shujacg_mesh_layer_1_tri_19[] = {
	gsSPVertex(castle_grounds_dl_shujacg_mesh_layer_1_vtx_19 + 0, 30, 0),
	gsSP2Triangles(0, 1, 2, 0, 3, 4, 5, 0),
	gsSP2Triangles(6, 7, 8, 0, 9, 10, 11, 0),
	gsSP2Triangles(12, 13, 14, 0, 15, 16, 17, 0),
	gsSP2Triangles(18, 19, 20, 0, 21, 22, 23, 0),
	gsSP2Triangles(24, 25, 26, 0, 27, 28, 29, 0),
	gsSPVertex(castle_grounds_dl_shujacg_mesh_layer_1_vtx_19 + 30, 30, 0),
	gsSP2Triangles(0, 1, 2, 0, 3, 4, 5, 0),
	gsSP2Triangles(6, 7, 8, 0, 9, 10, 11, 0),
	gsSP2Triangles(12, 13, 14, 0, 15, 16, 17, 0),
	gsSP2Triangles(18, 19, 20, 0, 21, 22, 23, 0),
	gsSP2Triangles(24, 25, 26, 0, 27, 28, 29, 0),
	gsSPVertex(castle_grounds_dl_shujacg_mesh_layer_1_vtx_19 + 60, 30, 0),
	gsSP2Triangles(0, 1, 2, 0, 3, 4, 5, 0),
	gsSP2Triangles(6, 7, 8, 0, 9, 10, 11, 0),
	gsSP2Triangles(12, 13, 14, 0, 15, 16, 17, 0),
	gsSP2Triangles(18, 19, 20, 0, 21, 22, 23, 0),
	gsSP2Triangles(24, 25, 26, 0, 27, 28, 29, 0),
	gsSPVertex(castle_grounds_dl_shujacg_mesh_layer_1_vtx_19 + 90, 32, 0),
	gsSP2Triangles(0, 1, 2, 0, 3, 4, 5, 0),
	gsSP2Triangles(6, 7, 8, 0, 9, 10, 11, 0),
	gsSP2Triangles(12, 13, 14, 0, 15, 16, 17, 0),
	gsSP2Triangles(18, 19, 20, 0, 21, 22, 23, 0),
	gsSP2Triangles(24, 25, 26, 0, 27, 28, 29, 0),
	gsSP1Triangle(30, 31, 27, 0),
	gsSPVertex(castle_grounds_dl_shujacg_mesh_layer_1_vtx_19 + 122, 32, 0),
	gsSP2Triangles(0, 1, 2, 0, 3, 4, 5, 0),
	gsSP2Triangles(6, 7, 8, 0, 9, 10, 11, 0),
	gsSP2Triangles(12, 13, 14, 0, 15, 16, 17, 0),
	gsSP2Triangles(18, 17, 19, 0, 20, 21, 22, 0),
	gsSP2Triangles(23, 24, 25, 0, 26, 27, 28, 0),
	gsSP1Triangle(29, 30, 31, 0),
	gsSPVertex(castle_grounds_dl_shujacg_mesh_layer_1_vtx_19 + 154, 30, 0),
	gsSP2Triangles(0, 1, 2, 0, 3, 4, 5, 0),
	gsSP2Triangles(6, 7, 8, 0, 9, 10, 11, 0),
	gsSP2Triangles(12, 13, 14, 0, 15, 16, 17, 0),
	gsSP2Triangles(18, 19, 20, 0, 21, 22, 23, 0),
	gsSP2Triangles(24, 25, 26, 0, 27, 28, 29, 0),
	gsSPVertex(castle_grounds_dl_shujacg_mesh_layer_1_vtx_19 + 184, 30, 0),
	gsSP2Triangles(0, 1, 2, 0, 3, 4, 5, 0),
	gsSP2Triangles(6, 7, 8, 0, 9, 10, 11, 0),
	gsSP2Triangles(12, 13, 14, 0, 15, 16, 17, 0),
	gsSP2Triangles(18, 19, 20, 0, 21, 22, 23, 0),
	gsSP2Triangles(24, 25, 26, 0, 27, 28, 29, 0),
	gsSPVertex(castle_grounds_dl_shujacg_mesh_layer_1_vtx_19 + 214, 30, 0),
	gsSP2Triangles(0, 1, 2, 0, 3, 4, 5, 0),
	gsSP2Triangles(6, 7, 8, 0, 9, 10, 11, 0),
	gsSP2Triangles(12, 13, 14, 0, 15, 16, 17, 0),
	gsSP2Triangles(18, 19, 20, 0, 21, 22, 23, 0),
	gsSP2Triangles(24, 25, 26, 0, 27, 28, 29, 0),
	gsSPVertex(castle_grounds_dl_shujacg_mesh_layer_1_vtx_19 + 244, 30, 0),
	gsSP2Triangles(0, 1, 2, 0, 3, 4, 5, 0),
	gsSP2Triangles(6, 7, 8, 0, 9, 10, 11, 0),
	gsSP2Triangles(12, 13, 14, 0, 15, 16, 17, 0),
	gsSP2Triangles(18, 19, 20, 0, 21, 22, 23, 0),
	gsSP2Triangles(24, 25, 26, 0, 27, 28, 29, 0),
	gsSPVertex(castle_grounds_dl_shujacg_mesh_layer_1_vtx_19 + 274, 32, 0),
	gsSP2Triangles(0, 1, 2, 0, 3, 4, 5, 0),
	gsSP2Triangles(6, 7, 8, 0, 9, 10, 11, 0),
	gsSP2Triangles(12, 13, 14, 0, 15, 16, 17, 0),
	gsSP2Triangles(18, 19, 20, 0, 21, 22, 23, 0),
	gsSP2Triangles(24, 25, 26, 0, 24, 26, 27, 0),
	gsSP2Triangles(28, 29, 30, 0, 28, 30, 31, 0),
	gsSPEndDisplayList(),
};

Vtx castle_grounds_dl_shujacg_mesh_layer_1_vtx_20[27] = {
	{{ {2965, -9874, -87}, 0, {-1912, 378}, {0, 0, 129, 255} }},
	{{ {2965, -9816, -87}, 0, {-1912, 38}, {0, 0, 129, 255} }},
	{{ {3768, -9816, -87}, 0, {2872, 38}, {0, 0, 129, 255} }},
	{{ {3768, -9874, -87}, 0, {2872, 378}, {0, 0, 129, 255} }},
	{{ {565, -1709, -840}, 0, {152, -3268}, {0, 129, 0, 255} }},
	{{ {565, -1812, -840}, 0, {152, -2651}, {0, 129, 0, 255} }},
	{{ {565, -2699, -840}, 0, {152, 2637}, {0, 129, 0, 255} }},
	{{ {565, -1709, -840}, 0, {4248, -3268}, {0, 0, 129, 255} }},
	{{ {565, -2699, -840}, 0, {4248, 2637}, {0, 0, 129, 255} }},
	{{ {-453, -1812, -840}, 0, {-1821, -2651}, {0, 0, 129, 255} }},
	{{ {-557, -1709, -840}, 0, {-2443, 828}, {127, 0, 0, 255} }},
	{{ {-453, -1709, -840}, 0, {-1821, 828}, {127, 0, 0, 255} }},
	{{ {460, -1709, -840}, 0, {3625, 828}, {127, 0, 0, 255} }},
	{{ {460, -1709, -840}, 0, {3625, 828}, {127, 0, 0, 255} }},
	{{ {565, -1709, -840}, 0, {4248, 828}, {127, 0, 0, 255} }},
	{{ {2965, -10377, -87}, 0, {-1912, -717}, {0, 0, 129, 255} }},
	{{ {2965, -10319, -87}, 0, {-1912, -1058}, {0, 0, 129, 255} }},
	{{ {3768, -10319, -87}, 0, {2872, -1058}, {0, 0, 129, 255} }},
	{{ {3768, -10377, -87}, 0, {2872, -717}, {0, 0, 129, 255} }},
	{{ {2965, -10319, -87}, 0, {-1912, 990}, {0, 0, 129, 255} }},
	{{ {2965, -9874, -87}, 0, {-1912, -1670}, {0, 0, 129, 255} }},
	{{ {3768, -9874, -87}, 0, {2872, -1670}, {0, 0, 129, 255} }},
	{{ {3768, -10319, -87}, 0, {2872, 990}, {0, 0, 129, 255} }},
	{{ {565, -1709, -840}, 0, {4248, -1220}, {0, 0, 129, 255} }},
	{{ {-453, -1812, -840}, 0, {-1821, -603}, {0, 0, 129, 255} }},
	{{ {-557, -1812, -840}, 0, {-2443, -603}, {0, 0, 129, 255} }},
	{{ {-557, -1709, -840}, 0, {-2443, -1220}, {0, 0, 129, 255} }},
};

Gfx castle_grounds_dl_shujacg_mesh_layer_1_tri_20[] = {
	gsSPVertex(castle_grounds_dl_shujacg_mesh_layer_1_vtx_20 + 0, 27, 0),
	gsSP2Triangles(0, 1, 2, 0, 0, 2, 3, 0),
	gsSP2Triangles(4, 5, 6, 0, 7, 8, 9, 0),
	gsSP2Triangles(10, 11, 12, 0, 10, 13, 14, 0),
	gsSP2Triangles(15, 16, 17, 0, 15, 17, 18, 0),
	gsSP2Triangles(19, 20, 21, 0, 19, 21, 22, 0),
	gsSP2Triangles(23, 24, 25, 0, 23, 25, 26, 0),
	gsSPEndDisplayList(),
};

Vtx castle_grounds_dl_shujacg_mesh_layer_1_vtx_21[111] = {
	{{ {-1288, -8514, -349}, 0, {722, 774}, {110, 0, 193, 255} }},
	{{ {-1338, -8539, -325}, 0, {587, 837}, {110, 0, 193, 255} }},
	{{ {-1338, -8291, -325}, 0, {587, 228}, {110, 0, 193, 255} }},
	{{ {-1338, -8539, -325}, 0, {591, 846}, {84, 84, 211, 255} }},
	{{ {-1288, -8514, -349}, 0, {722, 774}, {84, 84, 211, 255} }},
	{{ {-1190, -8613, -349}, 0, {966, 1018}, {84, 84, 211, 255} }},
	{{ {-1288, -8514, -349}, 0, {722, 774}, {110, 0, 193, 255} }},
	{{ {-1338, -8291, -325}, 0, {587, 228}, {110, 0, 193, 255} }},
	{{ {-1288, -8315, -349}, 0, {722, 287}, {110, 0, 193, 255} }},
	{{ {-1288, -8315, -349}, 0, {722, 287}, {111, 19, 197, 255} }},
	{{ {-1338, -8291, -325}, 0, {591, 218}, {111, 19, 197, 255} }},
	{{ {-1214, -8166, -325}, 0, {897, -88}, {111, 19, 197, 255} }},
	{{ {-1214, -8166, -325}, 0, {897, -88}, {111, 19, 197, 255} }},
	{{ {-1190, -8216, -349}, 0, {966, 43}, {111, 19, 197, 255} }},
	{{ {-965, -8166, -325}, 0, {1516, -93}, {0, 56, 142, 255} }},
	{{ {-1190, -8216, -349}, 0, {966, 43}, {0, 56, 142, 255} }},
	{{ {-1214, -8166, -325}, 0, {907, -93}, {0, 56, 142, 255} }},
	{{ {-965, -8166, -325}, 0, {1516, -93}, {0, 56, 142, 255} }},
	{{ {-990, -8216, -349}, 0, {1454, 43}, {0, 56, 142, 255} }},
	{{ {-1190, -8216, -349}, 0, {966, 43}, {0, 56, 142, 255} }},
	{{ {-990, -8216, -349}, 0, {1454, 43}, {38, 37, 141, 255} }},
	{{ {-965, -8166, -325}, 0, {1525, -88}, {38, 37, 141, 255} }},
	{{ {-841, -8291, -325}, 0, {1829, 218}, {38, 37, 141, 255} }},
	{{ {-990, -8216, -349}, 0, {1454, 43}, {38, 38, 141, 255} }},
	{{ {-841, -8291, -325}, 0, {1829, 218}, {38, 38, 141, 255} }},
	{{ {-891, -8315, -349}, 0, {1698, 287}, {38, 38, 141, 255} }},
	{{ {-891, -8315, -349}, 0, {1698, 287}, {56, 0, 142, 255} }},
	{{ {-841, -8291, -325}, 0, {1833, 228}, {56, 0, 142, 255} }},
	{{ {-841, -8539, -325}, 0, {1833, 837}, {56, 0, 142, 255} }},
	{{ {-891, -8315, -349}, 0, {1698, 287}, {56, 0, 142, 255} }},
	{{ {-841, -8539, -325}, 0, {1833, 837}, {56, 0, 142, 255} }},
	{{ {-891, -8514, -349}, 0, {1698, 774}, {56, 0, 142, 255} }},
	{{ {-965, -8663, -325}, 0, {1525, 1149}, {19, 111, 197, 255} }},
	{{ {-891, -8514, -349}, 0, {1698, 774}, {19, 111, 197, 255} }},
	{{ {-841, -8539, -325}, 0, {1829, 846}, {19, 111, 197, 255} }},
	{{ {-965, -8663, -325}, 0, {1525, 1149}, {19, 111, 197, 255} }},
	{{ {-990, -8613, -349}, 0, {1454, 1018}, {19, 111, 197, 255} }},
	{{ {-891, -8514, -349}, 0, {1698, 774}, {19, 111, 197, 255} }},
	{{ {-965, -8663, -325}, 0, {1516, -895}, {0, 110, 193, 255} }},
	{{ {-1190, -8613, -349}, 0, {966, -1030}, {0, 110, 193, 255} }},
	{{ {-990, -8613, -349}, 0, {1454, -1030}, {0, 110, 193, 255} }},
	{{ {-965, -8663, -325}, 0, {1516, -895}, {0, 110, 193, 255} }},
	{{ {-1214, -8663, -325}, 0, {907, -895}, {0, 110, 193, 255} }},
	{{ {-1190, -8613, -349}, 0, {966, -1030}, {0, 110, 193, 255} }},
	{{ {-1338, -8539, -325}, 0, {591, 846}, {84, 84, 212, 255} }},
	{{ {-1190, -8613, -349}, 0, {966, 1018}, {84, 84, 212, 255} }},
	{{ {-1214, -8663, -325}, 0, {897, 1149}, {84, 84, 212, 255} }},
	{{ {847, -8539, -325}, 0, {1856, 846}, {84, 84, 212, 255} }},
	{{ {997, -8613, -349}, 0, {2231, 1018}, {84, 84, 212, 255} }},
	{{ {972, -8663, -325}, 0, {2162, 1149}, {84, 84, 212, 255} }},
	{{ {847, -8539, -325}, 0, {1856, 846}, {84, 84, 211, 255} }},
	{{ {897, -8514, -349}, 0, {1987, 774}, {84, 84, 211, 255} }},
	{{ {997, -8613, -349}, 0, {2231, 1018}, {84, 84, 211, 255} }},
	{{ {897, -8514, -349}, 0, {1987, 774}, {110, 0, 193, 255} }},
	{{ {847, -8539, -325}, 0, {1851, 837}, {110, 0, 193, 255} }},
	{{ {847, -8291, -325}, 0, {1851, 228}, {110, 0, 193, 255} }},
	{{ {897, -8514, -349}, 0, {1987, 774}, {110, 0, 193, 255} }},
	{{ {847, -8291, -325}, 0, {1851, 228}, {110, 0, 193, 255} }},
	{{ {897, -8315, -349}, 0, {1987, 287}, {110, 0, 193, 255} }},
	{{ {897, -8315, -349}, 0, {1987, 287}, {111, 19, 197, 255} }},
	{{ {847, -8291, -325}, 0, {1856, 218}, {111, 19, 197, 255} }},
	{{ {972, -8166, -325}, 0, {2162, -88}, {111, 19, 197, 255} }},
	{{ {897, -8315, -349}, 0, {-61, 287}, {111, 19, 197, 255} }},
	{{ {972, -8166, -325}, 0, {114, -88}, {111, 19, 197, 255} }},
	{{ {997, -8216, -349}, 0, {183, 43}, {111, 19, 197, 255} }},
	{{ {1221, -8166, -325}, 0, {733, -93}, {0, 56, 142, 255} }},
	{{ {997, -8216, -349}, 0, {183, 43}, {0, 56, 142, 255} }},
	{{ {972, -8166, -325}, 0, {123, -93}, {0, 56, 142, 255} }},
	{{ {1221, -8166, -325}, 0, {733, -93}, {0, 56, 142, 255} }},
	{{ {1196, -8216, -349}, 0, {670, 43}, {0, 56, 142, 255} }},
	{{ {997, -8216, -349}, 0, {183, 43}, {0, 56, 142, 255} }},
	{{ {1196, -8216, -349}, 0, {670, 43}, {38, 37, 141, 255} }},
	{{ {1221, -8166, -325}, 0, {742, -88}, {38, 37, 141, 255} }},
	{{ {1344, -8291, -325}, 0, {1045, 218}, {38, 37, 141, 255} }},
	{{ {1196, -8216, -349}, 0, {670, 43}, {38, 38, 141, 255} }},
	{{ {1344, -8291, -325}, 0, {1045, 218}, {38, 38, 141, 255} }},
	{{ {1294, -8315, -349}, 0, {914, 287}, {38, 38, 141, 255} }},
	{{ {1294, -8315, -349}, 0, {914, 287}, {56, 0, 142, 255} }},
	{{ {1344, -8291, -325}, 0, {1050, 228}, {56, 0, 142, 255} }},
	{{ {1344, -8539, -325}, 0, {1050, 837}, {56, 0, 142, 255} }},
	{{ {1294, -8315, -349}, 0, {914, 287}, {56, 0, 142, 255} }},
	{{ {1344, -8539, -325}, 0, {1050, 837}, {56, 0, 142, 255} }},
	{{ {1294, -8514, -349}, 0, {914, 774}, {56, 0, 142, 255} }},
	{{ {1221, -8663, -325}, 0, {742, 1149}, {19, 111, 197, 255} }},
	{{ {1294, -8514, -349}, 0, {914, 774}, {19, 111, 197, 255} }},
	{{ {1344, -8539, -325}, 0, {1045, 846}, {19, 111, 197, 255} }},
	{{ {1221, -8663, -325}, 0, {742, 1149}, {19, 111, 197, 255} }},
	{{ {1196, -8613, -349}, 0, {670, 1018}, {19, 111, 197, 255} }},
	{{ {1294, -8514, -349}, 0, {914, 774}, {19, 111, 197, 255} }},
	{{ {1221, -8663, -325}, 0, {733, -895}, {0, 110, 193, 255} }},
	{{ {997, -8613, -349}, 0, {183, -1030}, {0, 110, 193, 255} }},
	{{ {1196, -8613, -349}, 0, {670, -1030}, {0, 110, 193, 255} }},
	{{ {1221, -8663, -325}, 0, {733, -895}, {0, 110, 193, 255} }},
	{{ {972, -8663, -325}, 0, {123, -895}, {0, 110, 193, 255} }},
	{{ {997, -8613, -349}, 0, {183, -1030}, {0, 110, 193, 255} }},
	{{ {-1190, -8613, -349}, 0, {966, 1018}, {0, 0, 129, 255} }},
	{{ {-1288, -8514, -349}, 0, {722, 774}, {0, 0, 129, 255} }},
	{{ {-1288, -8315, -349}, 0, {722, 287}, {0, 0, 129, 255} }},
	{{ {-1190, -8216, -349}, 0, {966, 43}, {0, 0, 129, 255} }},
	{{ {-990, -8216, -349}, 0, {1454, 43}, {0, 0, 129, 255} }},
	{{ {-891, -8315, -349}, 0, {1698, 287}, {0, 0, 129, 255} }},
	{{ {-891, -8514, -349}, 0, {1698, 774}, {0, 0, 129, 255} }},
	{{ {-990, -8613, -349}, 0, {1454, 1018}, {0, 0, 129, 255} }},
	{{ {1196, -8216, -349}, 0, {670, 43}, {0, 0, 129, 255} }},
	{{ {1294, -8315, -349}, 0, {914, 287}, {0, 0, 129, 255} }},
	{{ {1294, -8514, -349}, 0, {914, 774}, {0, 0, 129, 255} }},
	{{ {1196, -8613, -349}, 0, {670, 1018}, {0, 0, 129, 255} }},
	{{ {997, -8613, -349}, 0, {183, 1018}, {0, 0, 129, 255} }},
	{{ {897, -8514, -349}, 0, {-61, 774}, {0, 0, 129, 255} }},
	{{ {897, -8315, -349}, 0, {-61, 287}, {0, 0, 129, 255} }},
	{{ {997, -8216, -349}, 0, {183, 43}, {0, 0, 129, 255} }},
};

Gfx castle_grounds_dl_shujacg_mesh_layer_1_tri_21[] = {
	gsSPVertex(castle_grounds_dl_shujacg_mesh_layer_1_vtx_21 + 0, 32, 0),
	gsSP2Triangles(0, 1, 2, 0, 3, 4, 5, 0),
	gsSP2Triangles(6, 7, 8, 0, 9, 10, 11, 0),
	gsSP2Triangles(9, 12, 13, 0, 14, 15, 16, 0),
	gsSP2Triangles(17, 18, 19, 0, 20, 21, 22, 0),
	gsSP2Triangles(23, 24, 25, 0, 26, 27, 28, 0),
	gsSP1Triangle(29, 30, 31, 0),
	gsSPVertex(castle_grounds_dl_shujacg_mesh_layer_1_vtx_21 + 32, 30, 0),
	gsSP2Triangles(0, 1, 2, 0, 3, 4, 5, 0),
	gsSP2Triangles(6, 7, 8, 0, 9, 10, 11, 0),
	gsSP2Triangles(12, 13, 14, 0, 15, 16, 17, 0),
	gsSP2Triangles(18, 19, 20, 0, 21, 22, 23, 0),
	gsSP2Triangles(24, 25, 26, 0, 27, 28, 29, 0),
	gsSPVertex(castle_grounds_dl_shujacg_mesh_layer_1_vtx_21 + 62, 30, 0),
	gsSP2Triangles(0, 1, 2, 0, 3, 4, 5, 0),
	gsSP2Triangles(6, 7, 8, 0, 9, 10, 11, 0),
	gsSP2Triangles(12, 13, 14, 0, 15, 16, 17, 0),
	gsSP2Triangles(18, 19, 20, 0, 21, 22, 23, 0),
	gsSP2Triangles(24, 25, 26, 0, 27, 28, 29, 0),
	gsSPVertex(castle_grounds_dl_shujacg_mesh_layer_1_vtx_21 + 92, 19, 0),
	gsSP2Triangles(0, 1, 2, 0, 3, 4, 5, 0),
	gsSP2Triangles(3, 5, 6, 0, 3, 6, 7, 0),
	gsSP2Triangles(3, 7, 8, 0, 3, 8, 9, 0),
	gsSP2Triangles(9, 10, 3, 0, 11, 12, 13, 0),
	gsSP2Triangles(11, 13, 14, 0, 11, 14, 15, 0),
	gsSP2Triangles(11, 15, 16, 0, 11, 16, 17, 0),
	gsSP1Triangle(17, 18, 11, 0),
	gsSPEndDisplayList(),
};

Vtx castle_grounds_dl_shujacg_mesh_layer_1_vtx_22[136] = {
	{{ {3284, 2257, 64}, 0, {497, -1575}, {16, 10, 130, 255} }},
	{{ {2797, 2816, 47}, 0, {-146, -942}, {16, 10, 130, 255} }},
	{{ {2639, 3424, 76}, 0, {-877, -708}, {16, 10, 130, 255} }},
	{{ {3284, 2257, 64}, 0, {497, -1575}, {16, 10, 130, 255} }},
	{{ {2747, 2107, -16}, 0, {722, -927}, {16, 10, 130, 255} }},
	{{ {2797, 2816, 47}, 0, {-146, -942}, {16, 10, 130, 255} }},
	{{ {2133, 2161, -85}, 0, {702, -173}, {15, 10, 130, 255} }},
	{{ {2797, 2816, 47}, 0, {-148, -942}, {15, 10, 130, 255} }},
	{{ {2747, 2107, -16}, 0, {720, -928}, {15, 10, 130, 255} }},
	{{ {2797, 2816, 47}, 0, {-148, -942}, {15, 10, 130, 255} }},
	{{ {2133, 2161, -85}, 0, {702, -173}, {15, 10, 130, 255} }},
	{{ {2107, 2757, -42}, 0, {-22, -101}, {15, 10, 130, 255} }},
	{{ {2107, 2757, -42}, 0, {-21, -101}, {15, 10, 130, 255} }},
	{{ {2639, 3424, 76}, 0, {-877, -708}, {15, 10, 130, 255} }},
	{{ {2797, 2816, 47}, 0, {-146, -941}, {15, 10, 130, 255} }},
	{{ {1820, 1473, -485}, 0, {1604, -1739}, {29, 15, 133, 255} }},
	{{ {96, 1860, -838}, 0, {1291, 534}, {29, 15, 133, 255} }},
	{{ {1788, 1494, -490}, 0, {1581, -1695}, {29, 15, 133, 255} }},
	{{ {3, 2621, -763}, 0, {313, 455}, {29, 16, 133, 255} }},
	{{ {1788, 1494, -490}, 0, {1581, -1695}, {29, 16, 133, 255} }},
	{{ {96, 1860, -838}, 0, {1291, 534}, {29, 16, 133, 255} }},
	{{ {2134, 1769, -117}, 0, {1182, -199}, {15, 12, 130, 255} }},
	{{ {3284, 2257, 64}, 0, {497, -1575}, {15, 12, 130, 255} }},
	{{ {3409, 1181, -26}, 0, {1802, -1797}, {15, 12, 130, 255} }},
	{{ {2134, 1769, -117}, 0, {1182, -199}, {17, 7, 130, 255} }},
	{{ {2747, 2107, -16}, 0, {722, -927}, {17, 7, 130, 255} }},
	{{ {3284, 2257, 64}, 0, {497, -1575}, {17, 7, 130, 255} }},
	{{ {2134, 1769, -117}, 0, {1182, -199}, {15, 10, 130, 255} }},
	{{ {2133, 2161, -85}, 0, {704, -172}, {15, 10, 130, 255} }},
	{{ {2747, 2107, -16}, 0, {722, -927}, {15, 10, 130, 255} }},
	{{ {1730, 2991, -68}, 0, {-279, -1672}, {15, 10, 130, 255} }},
	{{ {2133, 2161, -85}, 0, {704, -2220}, {15, 10, 130, 255} }},
	{{ {2134, 1769, -117}, 0, {1182, -2247}, {15, 10, 130, 255} }},
	{{ {1730, 2991, -68}, 0, {-279, -1672}, {15, 10, 130, 255} }},
	{{ {2107, 2757, -42}, 0, {-21, -2149}, {15, 10, 130, 255} }},
	{{ {2133, 2161, -85}, 0, {704, -2220}, {15, 10, 130, 255} }},
	{{ {1730, 2991, -68}, 0, {-279, 376}, {15, 10, 130, 255} }},
	{{ {2639, 3424, 76}, 0, {-877, -708}, {15, 10, 130, 255} }},
	{{ {2107, 2757, -42}, 0, {-21, -101}, {15, 10, 130, 255} }},
	{{ {1739, 4216, -19}, 0, {-1769, 453}, {18, 5, 130, 255} }},
	{{ {2639, 3424, 76}, 0, {-877, -708}, {18, 5, 130, 255} }},
	{{ {1730, 2991, -68}, 0, {-279, 376}, {18, 5, 130, 255} }},
	{{ {2134, 1769, -117}, 0, {1182, -2247}, {40, 8, 136, 255} }},
	{{ {3, 2621, -763}, 0, {314, 455}, {40, 8, 136, 255} }},
	{{ {1192, 2863, -354}, 0, {-132, -1243}, {40, 8, 136, 255} }},
	{{ {3, 2621, -763}, 0, {316, 459}, {54, 63, 160, 255} }},
	{{ {2134, 1769, -117}, 0, {1187, -2242}, {54, 63, 160, 255} }},
	{{ {1788, 1494, -490}, 0, {1583, -1690}, {54, 63, 160, 255} }},
	{{ {1820, 1473, -485}, 0, {1605, -1733}, {54, 63, 160, 255} }},
	{{ {1788, 1494, -490}, 0, {1582, -1693}, {54, 63, 160, 255} }},
	{{ {2134, 1769, -117}, 0, {1185, -2244}, {54, 63, 160, 255} }},
	{{ {3606, 410, -437}, 0, {736, -1859}, {34, 64, 152, 255} }},
	{{ {2351, 1139, -402}, 0, {-70, -329}, {34, 64, 152, 255} }},
	{{ {3409, 1181, -26}, 0, {-246, -1797}, {34, 64, 152, 255} }},
	{{ {2134, 1769, -117}, 0, {1182, -199}, {35, 60, 150, 255} }},
	{{ {3409, 1181, -26}, 0, {1802, -1797}, {35, 60, 150, 255} }},
	{{ {2351, 1139, -402}, 0, {1978, -329}, {35, 60, 150, 255} }},
	{{ {2351, 1139, -402}, 0, {1976, -332}, {54, 62, 160, 255} }},
	{{ {1820, 1473, -485}, 0, {1601, 310}, {54, 62, 160, 255} }},
	{{ {2134, 1769, -117}, 0, {1180, -201}, {54, 62, 160, 255} }},
	{{ {2351, 1139, -402}, 0, {1976, -332}, {28, 15, 133, 255} }},
	{{ {96, 1860, -838}, 0, {1213, 2389}, {28, 15, 133, 255} }},
	{{ {1820, 1473, -485}, 0, {1601, 310}, {28, 15, 133, 255} }},
	{{ {-823, 3862, -289}, 0, {844, -787}, {110, 44, 211, 255} }},
	{{ {52, 4410, -289}, 0, {30, -2139}, {110, 44, 211, 255} }},
	{{ {522, 4020, -963}, 0, {486, -2681}, {110, 44, 211, 255} }},
	{{ {96, 1860, -838}, 0, {1292, -1515}, {0, 12, 130, 255} }},
	{{ {-1124, 1860, -838}, 0, {1430, 165}, {0, 12, 130, 255} }},
	{{ {3, 2621, -763}, 0, {314, -1593}, {0, 12, 130, 255} }},
	{{ {1079, 3957, -592}, 0, {504, -1383}, {82, 3, 159, 255} }},
	{{ {1739, 4216, -19}, 0, {94, -2361}, {82, 3, 159, 255} }},
	{{ {1730, 2991, -68}, 0, {1686, -2019}, {82, 3, 159, 255} }},
	{{ {1192, 2863, -354}, 0, {-132, -1243}, {29, 112, 205, 255} }},
	{{ {1079, 3957, -592}, 0, {-1544, -1383}, {29, 113, 205, 255} }},
	{{ {1730, 2991, -68}, 0, {-362, -2019}, {29, 113, 205, 255} }},
	{{ {3, 2621, -763}, 0, {314, 455}, {21, 112, 200, 255} }},
	{{ {1079, 3957, -592}, 0, {-1544, -1383}, {21, 112, 200, 255} }},
	{{ {1192, 2863, -354}, 0, {-132, -1243}, {21, 112, 200, 255} }},
	{{ {3, 2621, -763}, 0, {314, 455}, {33, 111, 204, 255} }},
	{{ {522, 4020, -963}, 0, {-1562, -633}, {33, 111, 204, 255} }},
	{{ {1079, 3957, -592}, 0, {-1544, -1383}, {33, 111, 204, 255} }},
	{{ {3, 2621, -763}, 0, {314, -1593}, {110, 3, 193, 255} }},
	{{ {-823, 3862, -289}, 0, {-1204, -787}, {110, 3, 193, 255} }},
	{{ {522, 4020, -963}, 0, {-1562, -2681}, {110, 3, 193, 255} }},
	{{ {2134, 1769, -117}, 0, {1182, -2247}, {55, 23, 144, 255} }},
	{{ {1192, 2863, -354}, 0, {-132, -1243}, {55, 23, 144, 255} }},
	{{ {1730, 2991, -68}, 0, {-362, -2019}, {55, 23, 144, 255} }},
	{{ {360, -1709, -670}, 0, {2032, -11}, {0, 127, 0, 255} }},
	{{ {-557, -1709, -840}, 0, {2032, -11}, {0, 127, 0, 255} }},
	{{ {-557, -1709, -639}, 0, {2032, -11}, {0, 127, 0, 255} }},
	{{ {323, -1709, -639}, 0, {2032, -11}, {0, 127, 0, 255} }},
	{{ {2965, -8814, -87}, 0, {2032, -11}, {110, 63, 0, 255} }},
	{{ {4122, -8226, -465}, 0, {2032, -11}, {110, 63, 0, 255} }},
	{{ {2965, -8814, -325}, 0, {2032, -11}, {110, 63, 0, 255} }},
	{{ {565, -1709, -840}, 0, {2032, -11}, {0, 127, 0, 255} }},
	{{ {323, -1709, -639}, 0, {2032, -11}, {0, 127, 0, 255} }},
	{{ {565, -1709, -640}, 0, {2032, -11}, {0, 127, 0, 255} }},
	{{ {3409, -128, 491}, 0, {2032, -11}, {62, 111, 0, 255} }},
	{{ {3838, 1044, 1321}, 0, {2032, -11}, {62, 111, 0, 255} }},
	{{ {3409, -128, 648}, 0, {2032, -11}, {62, 111, 0, 255} }},
	{{ {-1068, -11004, -325}, 0, {2032, -11}, {0, 0, 129, 255} }},
	{{ {-1068, -11187, -325}, 0, {2032, -11}, {0, 0, 129, 255} }},
	{{ {-1384, -11370, -325}, 0, {2032, -11}, {0, 0, 129, 255} }},
	{{ {4327, -8404, -67}, 0, {2032, -11}, {0, 113, 199, 255} }},
	{{ {2965, -11297, -87}, 0, {2032, -11}, {0, 113, 199, 255} }},
	{{ {4959, -8770, -67}, 0, {2032, -11}, {0, 113, 199, 255} }},
	{{ {2965, -10377, -87}, 0, {2032, -11}, {113, 0, 198, 255} }},
	{{ {2965, -11297, -87}, 0, {2032, -11}, {113, 0, 198, 255} }},
	{{ {4327, -8404, -67}, 0, {2032, -11}, {113, 0, 198, 255} }},
	{{ {4327, -8404, -67}, 0, {2032, -11}, {113, 0, 198, 255} }},
	{{ {2965, -8814, -87}, 0, {2032, -11}, {113, 0, 198, 255} }},
	{{ {2965, -9816, -87}, 0, {2032, -11}, {113, 0, 198, 255} }},
	{{ {4327, -8404, -67}, 0, {2032, -11}, {113, 0, 198, 255} }},
	{{ {2965, -9816, -87}, 0, {2032, -11}, {113, 0, 198, 255} }},
	{{ {2965, -9874, -87}, 0, {2032, -11}, {113, 0, 198, 255} }},
	{{ {4327, -8404, -67}, 0, {2032, -11}, {113, 0, 198, 255} }},
	{{ {2965, -9874, -87}, 0, {2032, -11}, {113, 0, 198, 255} }},
	{{ {2965, -10319, -87}, 0, {2032, -11}, {113, 0, 198, 255} }},
	{{ {4327, -8404, -67}, 0, {2032, -11}, {113, 0, 198, 255} }},
	{{ {2965, -10319, -87}, 0, {2032, -11}, {113, 0, 198, 255} }},
	{{ {2965, -10377, -87}, 0, {2032, -11}, {113, 0, 198, 255} }},
	{{ {1562, -11187, -325}, 0, {2032, -11}, {0, 0, 129, 255} }},
	{{ {1246, -11370, -325}, 0, {2032, -11}, {0, 0, 129, 255} }},
	{{ {928, -11187, -325}, 0, {2032, -11}, {0, 0, 129, 255} }},
	{{ {928, -11004, -325}, 0, {2032, -11}, {0, 0, 129, 255} }},
	{{ {928, -10821, -325}, 0, {2032, -11}, {0, 0, 129, 255} }},
	{{ {1246, -10637, -325}, 0, {2032, -11}, {0, 0, 129, 255} }},
	{{ {1562, -10821, -325}, 0, {2032, -11}, {0, 0, 129, 255} }},
	{{ {1562, -11004, -325}, 0, {2032, -11}, {0, 0, 129, 255} }},
	{{ {-1384, -11370, -325}, 0, {2032, -11}, {0, 0, 129, 255} }},
	{{ {-1702, -11187, -325}, 0, {2032, -11}, {0, 0, 129, 255} }},
	{{ {-1702, -11004, -325}, 0, {2032, -11}, {0, 0, 129, 255} }},
	{{ {-1702, -10821, -325}, 0, {2032, -11}, {0, 0, 129, 255} }},
	{{ {-1384, -10637, -325}, 0, {2032, -11}, {0, 0, 129, 255} }},
	{{ {-1068, -10821, -325}, 0, {2032, -11}, {0, 0, 129, 255} }},
	{{ {-1068, -11004, -325}, 0, {2032, -11}, {0, 0, 129, 255} }},
};

Gfx castle_grounds_dl_shujacg_mesh_layer_1_tri_22[] = {
	gsSPVertex(castle_grounds_dl_shujacg_mesh_layer_1_vtx_22 + 0, 30, 0),
	gsSP2Triangles(0, 1, 2, 0, 3, 4, 5, 0),
	gsSP2Triangles(6, 7, 8, 0, 9, 10, 11, 0),
	gsSP2Triangles(12, 13, 14, 0, 15, 16, 17, 0),
	gsSP2Triangles(18, 19, 20, 0, 21, 22, 23, 0),
	gsSP2Triangles(24, 25, 26, 0, 27, 28, 29, 0),
	gsSPVertex(castle_grounds_dl_shujacg_mesh_layer_1_vtx_22 + 30, 30, 0),
	gsSP2Triangles(0, 1, 2, 0, 3, 4, 5, 0),
	gsSP2Triangles(6, 7, 8, 0, 9, 10, 11, 0),
	gsSP2Triangles(12, 13, 14, 0, 15, 16, 17, 0),
	gsSP2Triangles(18, 19, 20, 0, 21, 22, 23, 0),
	gsSP2Triangles(24, 25, 26, 0, 27, 28, 29, 0),
	gsSPVertex(castle_grounds_dl_shujacg_mesh_layer_1_vtx_22 + 60, 31, 0),
	gsSP2Triangles(0, 1, 2, 0, 3, 4, 5, 0),
	gsSP2Triangles(6, 7, 8, 0, 9, 10, 11, 0),
	gsSP2Triangles(12, 13, 14, 0, 15, 16, 17, 0),
	gsSP2Triangles(18, 19, 20, 0, 21, 22, 23, 0),
	gsSP2Triangles(24, 25, 26, 0, 27, 28, 29, 0),
	gsSP1Triangle(27, 29, 30, 0),
	gsSPVertex(castle_grounds_dl_shujacg_mesh_layer_1_vtx_22 + 91, 30, 0),
	gsSP2Triangles(0, 1, 2, 0, 3, 4, 5, 0),
	gsSP2Triangles(6, 7, 8, 0, 9, 10, 11, 0),
	gsSP2Triangles(12, 13, 14, 0, 15, 16, 17, 0),
	gsSP2Triangles(18, 19, 20, 0, 21, 22, 23, 0),
	gsSP2Triangles(24, 25, 26, 0, 27, 28, 29, 0),
	gsSPVertex(castle_grounds_dl_shujacg_mesh_layer_1_vtx_22 + 121, 15, 0),
	gsSP2Triangles(0, 1, 2, 0, 0, 2, 3, 0),
	gsSP2Triangles(0, 3, 4, 0, 0, 4, 5, 0),
	gsSP2Triangles(5, 6, 7, 0, 5, 7, 0, 0),
	gsSP2Triangles(8, 9, 10, 0, 8, 10, 11, 0),
	gsSP2Triangles(8, 11, 12, 0, 8, 12, 13, 0),
	gsSP1Triangle(8, 13, 14, 0),
	gsSPEndDisplayList(),
};

Vtx castle_grounds_dl_shujacg_mesh_layer_1_vtx_23[28] = {
	{{ {1246, -11370, -405}, 0, {548, 784}, {0, 0, 129, 255} }},
	{{ {928, -11187, -405}, 0, {1742, -1284}, {0, 0, 129, 255} }},
	{{ {928, -11004, -405}, 0, {2936, -1284}, {0, 0, 129, 255} }},
	{{ {1562, -11004, -405}, 0, {2936, 804}, {0, 0, 129, 255} }},
	{{ {1562, -11187, -405}, 0, {1742, 804}, {0, 0, 129, 255} }},
	{{ {1246, -11370, -405}, 0, {548, -1264}, {0, 0, 129, 255} }},
	{{ {-1384, -11370, -405}, 0, {548, 16}, {0, 0, 129, 255} }},
	{{ {-1702, -11187, -405}, 0, {1742, -2053}, {0, 0, 129, 255} }},
	{{ {-1702, -11004, -405}, 0, {2936, -2053}, {0, 0, 129, 255} }},
	{{ {-1384, -11370, -405}, 0, {-1500, -2032}, {0, 0, 129, 255} }},
	{{ {-1384, -10637, -405}, 0, {3276, -2032}, {0, 0, 129, 255} }},
	{{ {-1068, -10821, -405}, 0, {2082, 35}, {0, 0, 129, 255} }},
	{{ {-1068, -11004, -405}, 0, {888, 35}, {0, 0, 129, 255} }},
	{{ {-1068, -11004, -405}, 0, {2936, 35}, {0, 0, 129, 255} }},
	{{ {-1068, -11187, -405}, 0, {1742, 35}, {0, 0, 129, 255} }},
	{{ {-1384, -11370, -405}, 0, {548, -2032}, {0, 0, 129, 255} }},
	{{ {1246, -11370, -405}, 0, {-1500, 784}, {0, 0, 129, 255} }},
	{{ {928, -11004, -405}, 0, {888, -1284}, {0, 0, 129, 255} }},
	{{ {928, -10821, -405}, 0, {2082, -1284}, {0, 0, 129, 255} }},
	{{ {1246, -10637, -405}, 0, {3276, 784}, {0, 0, 129, 255} }},
	{{ {1246, -11370, -405}, 0, {-1500, -1264}, {0, 0, 129, 255} }},
	{{ {1246, -10637, -405}, 0, {3276, -1264}, {0, 0, 129, 255} }},
	{{ {1562, -10821, -405}, 0, {2082, 804}, {0, 0, 129, 255} }},
	{{ {1562, -11004, -405}, 0, {888, 804}, {0, 0, 129, 255} }},
	{{ {-1384, -11370, -405}, 0, {-1500, 16}, {0, 0, 129, 255} }},
	{{ {-1702, -11004, -405}, 0, {888, -2053}, {0, 0, 129, 255} }},
	{{ {-1702, -10821, -405}, 0, {2082, -2053}, {0, 0, 129, 255} }},
	{{ {-1384, -10637, -405}, 0, {3276, 16}, {0, 0, 129, 255} }},
};

Gfx castle_grounds_dl_shujacg_mesh_layer_1_tri_23[] = {
	gsSPVertex(castle_grounds_dl_shujacg_mesh_layer_1_vtx_23 + 0, 28, 0),
	gsSP2Triangles(0, 1, 2, 0, 3, 4, 5, 0),
	gsSP2Triangles(6, 7, 8, 0, 9, 10, 11, 0),
	gsSP2Triangles(9, 11, 12, 0, 13, 14, 15, 0),
	gsSP2Triangles(16, 17, 18, 0, 16, 18, 19, 0),
	gsSP2Triangles(20, 21, 22, 0, 20, 22, 23, 0),
	gsSP2Triangles(24, 25, 26, 0, 24, 26, 27, 0),
	gsSPEndDisplayList(),
};

Vtx castle_grounds_dl_shujacg_mesh_layer_1_vtx_24[193] = {
	{{ {-6726, -3174, -577}, 0, {50, -2958}, {110, 23, 197, 255} }},
	{{ {-7432, -2445, -1568}, 0, {484, -2234}, {98, 30, 181, 255} }},
	{{ {-6987, -1628, -402}, 0, {90, -1022}, {100, 38, 188, 255} }},
	{{ {-6987, -1628, -402}, 0, {90, -1022}, {100, 38, 188, 255} }},
	{{ {-7432, -2445, -1568}, 0, {484, -2234}, {98, 30, 181, 255} }},
	{{ {-7969, -970, -1280}, 0, {420, -338}, {109, 27, 196, 255} }},
	{{ {-4539, -5876, -537}, 0, {30, -4032}, {21, 94, 173, 255} }},
	{{ {-4423, -5784, -404}, 0, {-16, -4058}, {48, 88, 178, 255} }},
	{{ {-4423, -7417, -2251}, 0, {430, -2330}, {43, 92, 180, 255} }},
	{{ {-4539, -5876, -537}, 0, {30, -4032}, {21, 94, 173, 255} }},
	{{ {-4423, -7417, -2251}, 0, {430, -2330}, {43, 92, 180, 255} }},
	{{ {-5411, -6569, -1540}, 0, {376, -3834}, {27, 97, 179, 255} }},
	{{ {-3524, -6616, -404}, 0, {468, -4068}, {72, 78, 187, 255} }},
	{{ {-4423, -7417, -2251}, 0, {430, -2330}, {43, 92, 180, 255} }},
	{{ {-4423, -5784, -404}, 0, {-16, -4058}, {48, 88, 178, 255} }},
	{{ {-3887, -7484, -1369}, 0, {622, -3050}, {107, 25, 193, 255} }},
	{{ {-4423, -7417, -2251}, 0, {430, -2330}, {107, 25, 193, 255} }},
	{{ {-3524, -6616, -404}, 0, {468, -4068}, {107, 25, 193, 255} }},
	{{ {-3887, -7484, -1369}, 0, {622, -3050}, {107, 25, 193, 255} }},
	{{ {-3524, -6616, -404}, 0, {468, -4068}, {107, 25, 193, 255} }},
	{{ {-3281, -7562, -370}, 0, {840, -3866}, {107, 25, 193, 255} }},
	{{ {-3887, -7484, -1369}, 0, {622, -3050}, {42, 119, 240, 255} }},
	{{ {-3926, -7593, -2251}, 0, {638, -2350}, {42, 119, 240, 255} }},
	{{ {-4423, -7417, -2251}, 0, {430, -2330}, {42, 119, 240, 255} }},
	{{ {-5411, -6569, -1540}, 0, {376, -3834}, {27, 97, 179, 255} }},
	{{ {-4423, -7417, -2251}, 0, {430, -2330}, {43, 92, 180, 255} }},
	{{ {-7010, -7028, -2929}, 0, {946, -4118}, {34, 99, 184, 255} }},
	{{ {-836, 6179, -289}, 0, {282, -1990}, {103, 68, 226, 255} }},
	{{ {-265, 6692, -1168}, 0, {666, -1118}, {95, 74, 216, 255} }},
	{{ {-21, 5521, -289}, 0, {304, -1102}, {75, 95, 218, 255} }},
	{{ {-265, 6692, -1168}, 0, {666, -1118}, {95, 74, 216, 255} }},
	{{ {-836, 6179, -289}, 0, {282, -1990}, {103, 68, 226, 255} }},
	{{ {-2093, 6683, -1211}, 0, {632, -3090}, {103, 66, 223, 255} }},
	{{ {-2071, 6315, -289}, 0, {248, -3330}, {106, 63, 226, 255} }},
	{{ {-2093, 6683, -1211}, 0, {632, -3090}, {103, 66, 223, 255} }},
	{{ {-836, 6179, -289}, 0, {282, -1990}, {103, 68, 226, 255} }},
	{{ {-4141, 7164, -1274}, 0, {602, -1198}, {6, 111, 195, 255} }},
	{{ {-2093, 6683, -1211}, 0, {632, 1006}, {103, 66, 223, 255} }},
	{{ {-2071, 6315, -289}, 0, {248, 766}, {106, 63, 226, 255} }},
	{{ {-2088, 7350, -1597}, 0, {794, 1118}, {96, 72, 215, 255} }},
	{{ {-2093, 6683, -1211}, 0, {632, 1006}, {103, 66, 223, 255} }},
	{{ {-4141, 7164, -1274}, 0, {602, -1198}, {6, 111, 195, 255} }},
	{{ {-2093, 6683, -1211}, 0, {632, -3090}, {103, 66, 223, 255} }},
	{{ {-2088, 7350, -1597}, 0, {794, -2978}, {96, 72, 215, 255} }},
	{{ {-265, 6692, -1168}, 0, {666, -1118}, {95, 74, 216, 255} }},
	{{ {-16, 7263, -1519}, 0, {818, -750}, {92, 76, 213, 255} }},
	{{ {-265, 6692, -1168}, 0, {666, -1118}, {95, 74, 216, 255} }},
	{{ {-2088, 7350, -1597}, 0, {794, -2978}, {96, 72, 215, 255} }},
	{{ {-16, 7263, -1519}, 0, {818, -750}, {92, 76, 213, 255} }},
	{{ {798, 5627, -1036}, 0, {640, -2}, {87, 81, 212, 255} }},
	{{ {-265, 6692, -1168}, 0, {666, -1118}, {95, 74, 216, 255} }},
	{{ {2187, 7004, -1097}, 0, {704, 1526}, {27, 111, 200, 255} }},
	{{ {798, 5627, -1036}, 0, {640, -2}, {87, 81, 212, 255} }},
	{{ {-16, 7263, -1519}, 0, {818, -750}, {92, 76, 213, 255} }},
	{{ {2187, 7004, -1097}, 0, {704, 1526}, {27, 111, 200, 255} }},
	{{ {1560, 5207, -754}, 0, {542, 746}, {31, 111, 203, 255} }},
	{{ {798, 5627, -1036}, 0, {640, -2}, {87, 81, 212, 255} }},
	{{ {2187, 7004, -1097}, 0, {704, 1526}, {27, 111, 200, 255} }},
	{{ {2078, 5270, -265}, 0, {352, 1170}, {42, 111, 210, 255} }},
	{{ {1560, 5207, -754}, 0, {542, 746}, {31, 111, 203, 255} }},
	{{ {3560, 6889, -26}, 0, {294, 2710}, {37, 111, 206, 255} }},
	{{ {2078, 5270, -265}, 0, {352, 1170}, {42, 111, 210, 255} }},
	{{ {6056, -6840, -948}, 0, {-16, -486}, {111, 37, 207, 255} }},
	{{ {6883, -5308, -1062}, 0, {118, -2398}, {111, 24, 199, 255} }},
	{{ {8304, -5778, -2600}, 0, {904, -2450}, {112, 28, 203, 255} }},
	{{ {7405, -3703, -906}, 0, {128, -194}, {113, 12, 200, 255} }},
	{{ {8304, -5778, -2600}, 0, {904, 1646}, {112, 28, 203, 255} }},
	{{ {6883, -5308, -1062}, 0, {118, 1698}, {111, 24, 199, 255} }},
	{{ {7405, -3703, -906}, 0, {128, -194}, {113, 12, 200, 255} }},
	{{ {8304, -3703, -2245}, 0, {836, -734}, {114, 7, 201, 255} }},
	{{ {8304, -5778, -2600}, 0, {904, 1646}, {112, 28, 203, 255} }},
	{{ {7302, -1524, -662}, 0, {124, -2746}, {113, 5, 199, 255} }},
	{{ {8304, -3703, -2245}, 0, {836, -734}, {114, 7, 201, 255} }},
	{{ {7405, -3703, -906}, 0, {128, -194}, {113, 12, 200, 255} }},
	{{ {7302, -1524, -662}, 0, {124, -2746}, {113, 5, 199, 255} }},
	{{ {8304, -1628, -1927}, 0, {788, -3134}, {113, 7, 199, 255} }},
	{{ {8304, -3703, -2245}, 0, {836, -734}, {114, 7, 201, 255} }},
	{{ {7302, -1524, -662}, 0, {124, 1350}, {113, 5, 199, 255} }},
	{{ {8304, 446, -1759}, 0, {820, -1490}, {113, 6, 199, 255} }},
	{{ {8304, -1628, -1927}, 0, {788, 962}, {113, 6, 199, 255} }},
	{{ {7302, -1524, -662}, 0, {124, 1350}, {113, 5, 199, 255} }},
	{{ {7266, 446, -507}, 0, {156, -982}, {114, 13, 201, 255} }},
	{{ {8304, 446, -1759}, 0, {820, -1490}, {113, 6, 199, 255} }},
	{{ {-7412, -5030, -1614}, 0, {434, -1382}, {46, 114, 223, 255} }},
	{{ {-7558, -5379, -2128}, 0, {608, -1902}, {104, 25, 188, 255} }},
	{{ {-8297, -3703, -2635}, 0, {832, 114}, {95, 13, 173, 255} }},
	{{ {-7558, -5379, -2128}, 0, {608, -1902}, {104, 25, 188, 255} }},
	{{ {-8297, -6227, -3189}, 0, {964, -3134}, {96, 18, 175, 255} }},
	{{ {-8297, -3703, -2635}, 0, {832, 114}, {95, 13, 173, 255} }},
	{{ {1739, 4216, -19}, 0, {134, -1730}, {46, 111, 214, 255} }},
	{{ {1079, 3957, -592}, 0, {436, -1342}, {46, 111, 214, 255} }},
	{{ {2078, 5270, -265}, 0, {288, -3134}, {46, 111, 214, 255} }},
	{{ {-21, 5521, -289}, 0, {314, -3394}, {75, 95, 218, 255} }},
	{{ {522, 4020, -963}, 0, {672, -1050}, {82, 87, 212, 255} }},
	{{ {52, 4410, -289}, 0, {266, -2142}, {64, 106, 226, 255} }},
	{{ {522, 4020, -963}, 0, {672, -1050}, {82, 87, 212, 255} }},
	{{ {-21, 5521, -289}, 0, {314, -3394}, {75, 95, 218, 255} }},
	{{ {798, 5627, -1036}, 0, {788, -2790}, {87, 81, 212, 255} }},
	{{ {798, 5627, -1036}, 0, {640, -2}, {87, 81, 212, 255} }},
	{{ {-21, 5521, -289}, 0, {304, -1102}, {75, 95, 218, 255} }},
	{{ {-265, 6692, -1168}, 0, {666, -1118}, {95, 74, 216, 255} }},
	{{ {522, 4020, -963}, 0, {672, -1050}, {82, 86, 212, 255} }},
	{{ {798, 5627, -1036}, 0, {788, -2790}, {87, 81, 212, 255} }},
	{{ {1560, 5207, -754}, 0, {592, -2590}, {31, 111, 203, 255} }},
	{{ {1079, 3957, -592}, 0, {436, -1342}, {39, 111, 208, 255} }},
	{{ {522, 4020, -963}, 0, {672, -1050}, {82, 86, 212, 255} }},
	{{ {1560, 5207, -754}, 0, {592, -2590}, {31, 111, 203, 255} }},
	{{ {1079, 3957, -592}, 0, {436, -1342}, {39, 111, 208, 255} }},
	{{ {1560, 5207, -754}, 0, {592, -2590}, {31, 111, 203, 255} }},
	{{ {2078, 5270, -265}, 0, {288, -3134}, {42, 111, 210, 255} }},
	{{ {7655, 2733, 32}, 0, {112, -3386}, {115, 25, 208, 255} }},
	{{ {8304, 2118, -1399}, 0, {702, -3838}, {114, 19, 203, 255} }},
	{{ {7266, 446, -507}, 0, {156, -982}, {114, 13, 201, 255} }},
	{{ {8304, 446, -1759}, 0, {820, -1490}, {113, 6, 199, 255} }},
	{{ {7266, 446, -507}, 0, {156, -982}, {114, 13, 201, 255} }},
	{{ {8304, 2118, -1399}, 0, {702, -3838}, {114, 19, 203, 255} }},
	{{ {-6763, 4913, -624}, 0, {340, -1062}, {41, 111, 209, 255} }},
	{{ {-7510, 3672, -541}, 0, {278, -2602}, {53, 111, 224, 255} }},
	{{ {-8114, 4448, -1678}, 0, {704, -1814}, {49, 111, 217, 255} }},
	{{ {-8114, 4448, -1678}, 0, {704, 2282}, {49, 111, 217, 255} }},
	{{ {-7510, 3672, -541}, 0, {278, 1494}, {53, 111, 224, 255} }},
	{{ {-8297, 2802, -1779}, 0, {696, 202}, {53, 113, 232, 255} }},
	{{ {-7784, 2746, -289}, 0, {164, 374}, {56, 113, 239, 255} }},
	{{ {-8297, 2802, -1779}, 0, {696, 202}, {53, 113, 232, 255} }},
	{{ {-7510, 3672, -541}, 0, {278, 1494}, {53, 111, 224, 255} }},
	{{ {-7784, 2746, -289}, 0, {164, 374}, {56, 113, 239, 255} }},
	{{ {-7936, 446, -1059}, 0, {378, -2630}, {119, 2, 213, 255} }},
	{{ {-8297, 2802, -1779}, 0, {696, 202}, {53, 113, 232, 255} }},
	{{ {-7784, 2746, -289}, 0, {164, 374}, {56, 113, 239, 255} }},
	{{ {-7784, 446, -289}, 0, {104, -2506}, {119, 14, 213, 255} }},
	{{ {-7936, 446, -1059}, 0, {378, -2630}, {119, 2, 213, 255} }},
	{{ {-7182, -3702, -1640}, 0, {478, 278}, {101, 6, 179, 255} }},
	{{ {-7412, -5030, -1614}, 0, {434, -1382}, {46, 114, 223, 255} }},
	{{ {-8297, -3703, -2635}, 0, {832, 114}, {95, 13, 173, 255} }},
	{{ {-7412, -5030, -1614}, 0, {434, -1382}, {46, 114, 223, 255} }},
	{{ {-7182, -3702, -1640}, 0, {478, 278}, {101, 6, 179, 255} }},
	{{ {-6561, -4109, -577}, 0, {88, -62}, {110, 0, 192, 255} }},
	{{ {-7412, -5030, -1614}, 0, {434, -1382}, {46, 114, 223, 255} }},
	{{ {-6561, -4109, -577}, 0, {88, -62}, {110, 0, 192, 255} }},
	{{ {-6888, -4492, -966}, 0, {217, -604}, {50, 112, 223, 255} }},
	{{ {-7182, -3702, -1640}, 0, {478, -3818}, {101, 6, 179, 255} }},
	{{ {-6726, -3174, -577}, 0, {50, -2958}, {110, 23, 197, 255} }},
	{{ {-6561, -4109, -577}, 0, {88, -4158}, {110, 0, 192, 255} }},
	{{ {-6726, -3174, -577}, 0, {50, -2958}, {110, 23, 197, 255} }},
	{{ {-7182, -3702, -1640}, 0, {478, -3818}, {101, 6, 179, 255} }},
	{{ {-7432, -2445, -1568}, 0, {484, -2234}, {98, 30, 181, 255} }},
	{{ {-8297, -3703, -2635}, 0, {832, -3982}, {95, 13, 173, 255} }},
	{{ {-7432, -2445, -1568}, 0, {484, -2234}, {98, 30, 181, 255} }},
	{{ {-7182, -3702, -1640}, 0, {478, -3818}, {101, 6, 179, 255} }},
	{{ {-8269, -2269, -2471}, 0, {848, -2326}, {103, 24, 186, 255} }},
	{{ {-8297, -3703, -2635}, 0, {832, -3982}, {95, 13, 173, 255} }},
	{{ {-7432, -2445, -1568}, 0, {484, -2234}, {98, 30, 181, 255} }},
	{{ {-8269, -2269, -2471}, 0, {848, -2326}, {103, 24, 186, 255} }},
	{{ {-7969, -970, -1280}, 0, {420, -338}, {109, 27, 196, 255} }},
	{{ {-8269, -2269, -2471}, 0, {848, -2326}, {103, 24, 186, 255} }},
	{{ {-8297, 446, -1716}, 0, {614, 1362}, {114, 6, 200, 255} }},
	{{ {-7969, -970, -1280}, 0, {420, -338}, {109, 27, 196, 255} }},
	{{ {-7936, 446, -1059}, 0, {378, -2630}, {119, 2, 213, 255} }},
	{{ {-7969, -970, -1280}, 0, {420, -4434}, {109, 27, 196, 255} }},
	{{ {-8297, 446, -1716}, 0, {614, -2734}, {114, 6, 200, 255} }},
	{{ {-7784, 446, -289}, 0, {104, -2506}, {119, 14, 213, 255} }},
	{{ {-7969, -970, -1280}, 0, {420, -4434}, {109, 27, 196, 255} }},
	{{ {-7936, 446, -1059}, 0, {378, -2630}, {119, 2, 213, 255} }},
	{{ {-7784, 446, -289}, 0, {104, -2506}, {119, 14, 213, 255} }},
	{{ {-6987, -1628, -402}, 0, {90, -5118}, {100, 38, 188, 255} }},
	{{ {-7969, -970, -1280}, 0, {420, -4434}, {109, 27, 196, 255} }},
	{{ {-2071, 6315, -289}, 0, {248, 766}, {106, 63, 226, 255} }},
	{{ {-4886, 5805, -587}, 0, {294, -2202}, {22, 110, 197, 255} }},
	{{ {-4141, 7164, -1274}, 0, {602, -1198}, {6, 111, 195, 255} }},
	{{ {-8297, 446, -1716}, 0, {614, -2734}, {114, 6, 200, 255} }},
	{{ {-8297, 2802, -1779}, 0, {696, 202}, {53, 113, 232, 255} }},
	{{ {-7936, 446, -1059}, 0, {378, -2630}, {119, 2, 213, 255} }},
	{{ {-8114, 4448, -1678}, 0, {704, -1814}, {49, 111, 217, 255} }},
	{{ {-7259, 5634, -1989}, 0, {846, -378}, {46, 111, 214, 255} }},
	{{ {-6763, 4913, -624}, 0, {340, -1062}, {41, 111, 209, 255} }},
	{{ {-5823, 6672, -1753}, 0, {756, -2886}, {33, 111, 203, 255} }},
	{{ {-6763, 4913, -624}, 0, {258, -4230}, {41, 111, 209, 255} }},
	{{ {-7259, 5634, -1989}, 0, {816, -4382}, {46, 111, 214, 255} }},
	{{ {-6763, 4913, -624}, 0, {258, -4230}, {41, 111, 209, 255} }},
	{{ {-5823, 6672, -1753}, 0, {756, -2886}, {33, 111, 203, 255} }},
	{{ {-4886, 5805, -587}, 0, {294, -2202}, {22, 110, 197, 255} }},
	{{ {-4141, 7164, -1274}, 0, {602, 2898}, {6, 111, 195, 255} }},
	{{ {-4886, 5805, -587}, 0, {294, 1894}, {22, 110, 197, 255} }},
	{{ {-5823, 6672, -1753}, 0, {756, 1210}, {33, 111, 203, 255} }},
	{{ {6056, -6840, -948}, 0, {-16, -486}, {111, 37, 207, 255} }},
	{{ {8304, -5778, -2600}, 0, {904, -2450}, {112, 28, 203, 255} }},
	{{ {6776, -7421, -2600}, 0, {810, -450}, {111, 48, 217, 255} }},
	{{ {6056, -6840, -948}, 0, {22, -50}, {110, 61, 240, 255} }},
	{{ {6776, -7421, -2600}, 0, {540, -306}, {111, 55, 230, 255} }},
	{{ {5066, -7746, -2257}, 0, {496, 482}, {110, 61, 240, 255} }},
	{{ {5066, -7746, -579}, 0, {32, 1458}, {111, 61, 0, 255} }},
	{{ {6056, -6840, -948}, 0, {22, -50}, {110, 61, 240, 255} }},
	{{ {5066, -7746, -2257}, 0, {496, 482}, {110, 61, 240, 255} }},
};

Gfx castle_grounds_dl_shujacg_mesh_layer_1_tri_24[] = {
	gsSPVertex(castle_grounds_dl_shujacg_mesh_layer_1_vtx_24 + 0, 30, 0),
	gsSP2Triangles(0, 1, 2, 0, 3, 4, 5, 0),
	gsSP2Triangles(6, 7, 8, 0, 9, 10, 11, 0),
	gsSP2Triangles(12, 13, 14, 0, 15, 16, 17, 0),
	gsSP2Triangles(18, 19, 20, 0, 21, 22, 23, 0),
	gsSP2Triangles(24, 25, 26, 0, 27, 28, 29, 0),
	gsSPVertex(castle_grounds_dl_shujacg_mesh_layer_1_vtx_24 + 30, 32, 0),
	gsSP2Triangles(0, 1, 2, 0, 3, 4, 5, 0),
	gsSP2Triangles(6, 7, 8, 0, 9, 10, 11, 0),
	gsSP2Triangles(12, 13, 14, 0, 15, 16, 17, 0),
	gsSP2Triangles(18, 19, 20, 0, 21, 22, 23, 0),
	gsSP2Triangles(24, 25, 26, 0, 27, 28, 29, 0),
	gsSP1Triangle(21, 30, 31, 0),
	gsSPVertex(castle_grounds_dl_shujacg_mesh_layer_1_vtx_24 + 62, 30, 0),
	gsSP2Triangles(0, 1, 2, 0, 3, 4, 5, 0),
	gsSP2Triangles(6, 7, 8, 0, 9, 10, 11, 0),
	gsSP2Triangles(12, 13, 14, 0, 15, 16, 17, 0),
	gsSP2Triangles(18, 19, 20, 0, 21, 22, 23, 0),
	gsSP2Triangles(24, 25, 26, 0, 27, 28, 29, 0),
	gsSPVertex(castle_grounds_dl_shujacg_mesh_layer_1_vtx_24 + 92, 30, 0),
	gsSP2Triangles(0, 1, 2, 0, 3, 4, 5, 0),
	gsSP2Triangles(6, 7, 8, 0, 9, 10, 11, 0),
	gsSP2Triangles(12, 13, 14, 0, 15, 16, 17, 0),
	gsSP2Triangles(18, 19, 20, 0, 21, 22, 23, 0),
	gsSP2Triangles(24, 25, 26, 0, 27, 28, 29, 0),
	gsSPVertex(castle_grounds_dl_shujacg_mesh_layer_1_vtx_24 + 122, 32, 0),
	gsSP2Triangles(0, 1, 2, 0, 3, 4, 5, 0),
	gsSP2Triangles(6, 7, 8, 0, 9, 10, 11, 0),
	gsSP2Triangles(12, 13, 14, 0, 15, 16, 17, 0),
	gsSP2Triangles(18, 19, 20, 0, 21, 22, 23, 0),
	gsSP2Triangles(24, 25, 26, 0, 27, 23, 28, 0),
	gsSP1Triangle(29, 30, 31, 0),
	gsSPVertex(castle_grounds_dl_shujacg_mesh_layer_1_vtx_24 + 154, 30, 0),
	gsSP2Triangles(0, 1, 2, 0, 3, 4, 5, 0),
	gsSP2Triangles(6, 7, 8, 0, 9, 10, 11, 0),
	gsSP2Triangles(12, 13, 14, 0, 15, 16, 17, 0),
	gsSP2Triangles(18, 19, 20, 0, 21, 22, 23, 0),
	gsSP2Triangles(24, 25, 26, 0, 27, 28, 29, 0),
	gsSPVertex(castle_grounds_dl_shujacg_mesh_layer_1_vtx_24 + 184, 9, 0),
	gsSP2Triangles(0, 1, 2, 0, 3, 4, 5, 0),
	gsSP1Triangle(6, 7, 8, 0),
	gsSPEndDisplayList(),
};

Vtx castle_grounds_dl_shujacg_mesh_layer_1_vtx_25[4] = {
	{{ {-122, -1322, 714}, 0, {-1278, -5199}, {0, 0, 129, 255} }},
	{{ {173, -1322, 714}, 0, {2282, -5199}, {0, 0, 129, 255} }},
	{{ {173, -1642, 714}, 0, {2282, 7236}, {0, 0, 129, 255} }},
	{{ {-122, -1642, 714}, 0, {-1278, 7236}, {0, 0, 129, 255} }},
};

Gfx castle_grounds_dl_shujacg_mesh_layer_1_tri_25[] = {
	gsSPVertex(castle_grounds_dl_shujacg_mesh_layer_1_vtx_25 + 0, 4, 0),
	gsSP2Triangles(0, 1, 2, 0, 0, 2, 3, 0),
	gsSPEndDisplayList(),
};

Vtx castle_grounds_dl_shujacg_mesh_layer_1_vtx_26[6] = {
	{{ {-557, -1812, -840}, 0, {-172, -1399}, {127, 0, 0, 255} }},
	{{ {-557, -1709, -840}, 0, {82, -1399}, {127, 0, 0, 255} }},
	{{ {-557, -1709, -996}, 0, {82, -1035}, {127, 0, 0, 255} }},
	{{ {565, -1812, -840}, 0, {1142, -1399}, {127, 0, 0, 255} }},
	{{ {565, -1709, -996}, 0, {890, -1044}, {127, 0, 0, 255} }},
	{{ {565, -1709, -840}, 0, {887, -1399}, {127, 0, 0, 255} }},
};

Gfx castle_grounds_dl_shujacg_mesh_layer_1_tri_26[] = {
	gsSPVertex(castle_grounds_dl_shujacg_mesh_layer_1_vtx_26 + 0, 6, 0),
	gsSP2Triangles(0, 1, 2, 0, 3, 4, 5, 0),
	gsSPEndDisplayList(),
};

Vtx castle_grounds_dl_shujacg_mesh_layer_1_vtx_27[136] = {
	{{ {-453, 179, -1003}, 0, {1167, -137}, {127, 0, 0, 255} }},
	{{ {-453, 282, -848}, 0, {1472, -341}, {127, 0, 0, 255} }},
	{{ {-453, -360, -944}, 0, {1282, 924}, {127, 0, 0, 255} }},
	{{ {-557, -1709, -996}, 0, {1067, -343}, {0, 115, 202, 255} }},
	{{ {-453, -1709, -996}, 0, {1181, -515}, {0, 115, 202, 255} }},
	{{ {-453, -1812, -840}, 0, {1488, -311}, {0, 115, 202, 255} }},
	{{ {-557, -1709, -996}, 0, {1067, -343}, {0, 115, 202, 255} }},
	{{ {-453, -1812, -840}, 0, {1488, -311}, {0, 115, 202, 255} }},
	{{ {-557, -1812, -840}, 0, {1375, -140}, {0, 115, 202, 255} }},
	{{ {460, -1709, -996}, 0, {1181, 149}, {0, 115, 202, 255} }},
	{{ {565, -1709, -996}, 0, {1067, -22}, {0, 115, 202, 255} }},
	{{ {565, -1812, -840}, 0, {1374, -226}, {0, 115, 202, 255} }},
	{{ {460, -1709, -996}, 0, {1181, 149}, {0, 115, 202, 255} }},
	{{ {460, -1812, -840}, 0, {1488, -54}, {0, 115, 202, 255} }},
	{{ {460, -1709, -996}, 0, {1181, -1899}, {127, 0, 0, 255} }},
	{{ {460, -1812, -840}, 0, {1488, -2102}, {127, 0, 0, 255} }},
	{{ {460, -1707, -840}, 0, {1487, -1894}, {127, 0, 0, 255} }},
	{{ {460, -1709, -996}, 0, {1181, -1899}, {127, 0, 0, 255} }},
	{{ {460, -1707, -840}, 0, {1487, -1894}, {127, 0, 0, 255} }},
	{{ {460, -1086, -944}, 0, {1282, -671}, {127, 0, 0, 255} }},
	{{ {460, -1709, -996}, 0, {1181, -1899}, {127, 0, 0, 255} }},
	{{ {460, -1086, -944}, 0, {1282, -671}, {127, 0, 0, 255} }},
	{{ {460, -360, -944}, 0, {1282, 758}, {127, 0, 0, 255} }},
	{{ {460, -360, -944}, 0, {1282, -1290}, {127, 0, 0, 255} }},
	{{ {460, 282, -848}, 0, {1472, -24}, {127, 0, 0, 255} }},
	{{ {460, 185, -1003}, 0, {1167, -216}, {127, 0, 0, 255} }},
	{{ {460, 185, -1003}, 0, {1167, 1832}, {127, 0, 0, 255} }},
	{{ {460, -360, -944}, 0, {1282, 758}, {127, 0, 0, 255} }},
	{{ {-4761, -3266, 1218}, 0, {2863, -1874}, {0, 0, 129, 255} }},
	{{ {-3524, -3266, 1218}, 0, {2864, 603}, {0, 0, 129, 255} }},
	{{ {-5139, -5005, 1218}, 0, {-543, -2630}, {0, 0, 129, 255} }},
	{{ {-5139, -5005, 1218}, 0, {-543, -582}, {0, 0, 129, 255} }},
	{{ {-5860, -3973, 1218}, 0, {1476, -2025}, {0, 0, 129, 255} }},
	{{ {-4991, -3804, 1218}, 0, {1810, -286}, {0, 0, 129, 255} }},
	{{ {-4761, -3266, 1218}, 0, {2863, 174}, {0, 0, 129, 255} }},
	{{ {-5139, -5005, 1218}, 0, {-543, -2630}, {0, 0, 129, 255} }},
	{{ {-3524, -3266, 1218}, 0, {2864, 603}, {0, 0, 129, 255} }},
	{{ {-4094, -5184, 1218}, 0, {-892, -539}, {0, 0, 129, 255} }},
	{{ {-3576, -5184, 1218}, 0, {-918, 503}, {0, 0, 129, 255} }},
	{{ {-4094, -5184, 1218}, 0, {-918, -519}, {0, 0, 129, 255} }},
	{{ {565, -1709, -640}, 0, {1883, 1533}, {127, 0, 0, 255} }},
	{{ {565, 282, -848}, 0, {1472, -2389}, {127, 0, 0, 255} }},
	{{ {565, 282, -642}, 0, {1879, -2389}, {127, 0, 0, 255} }},
	{{ {5458, 3468, 1321}, 0, {404, -1769}, {83, 93, 229, 255} }},
	{{ {4899, 4177, 1321}, 0, {1762, -661}, {83, 93, 229, 255} }},
	{{ {5446, 3788, 910}, 0, {550, -1223}, {83, 93, 229, 255} }},
	{{ {4899, 4177, 1321}, 0, {1762, -661}, {110, 22, 197, 255} }},
	{{ {5196, 4577, 1321}, 0, {1338, 79}, {110, 22, 197, 255} }},
	{{ {5446, 3788, 910}, 0, {550, -1223}, {110, 22, 197, 255} }},
	{{ {5474, 4964, 1321}, 0, {-112, -2587}, {88, 87, 227, 255} }},
	{{ {5063, 5366, 1321}, 0, {518, -345}, {88, 87, 227, 255} }},
	{{ {5328, 5258, 1114}, 0, {636, -1989}, {88, 87, 227, 255} }},
	{{ {5063, 5366, 1321}, 0, {518, -345}, {112, 45, 216, 255} }},
	{{ {5459, 5476, 1321}, 0, {576, -1573}, {112, 45, 216, 255} }},
	{{ {5328, 5258, 1114}, 0, {636, -1989}, {112, 45, 216, 255} }},
	{{ {5196, 4577, 1321}, 0, {1338, 79}, {4, 60, 144, 255} }},
	{{ {5788, 4534, 1321}, 0, {174, 115}, {4, 60, 144, 255} }},
	{{ {5446, 3788, 910}, 0, {550, -1223}, {4, 60, 144, 255} }},
	{{ {5788, 4534, 1321}, 0, {174, 115}, {46, 113, 222, 255} }},
	{{ {5745, 3714, 1321}, 0, {-56, -1295}, {46, 113, 222, 255} }},
	{{ {5446, 3788, 910}, 0, {550, -1223}, {46, 113, 222, 255} }},
	{{ {5745, 3714, 1321}, 0, {-56, -1295}, {45, 111, 214, 255} }},
	{{ {5458, 3468, 1321}, 0, {404, -1769}, {45, 111, 214, 255} }},
	{{ {5446, 3788, 910}, 0, {550, -1223}, {45, 111, 214, 255} }},
	{{ {5459, 5476, 1321}, 0, {576, 475}, {106, 3, 186, 255} }},
	{{ {5474, 4964, 1321}, 0, {-112, -539}, {106, 3, 186, 255} }},
	{{ {5328, 5258, 1114}, 0, {636, 59}, {106, 3, 186, 255} }},
	{{ {-557, 282, -848}, 0, {1472, 2024}, {127, 0, 0, 255} }},
	{{ {-557, 179, -1003}, 0, {1167, 1820}, {127, 0, 0, 255} }},
	{{ {-557, -1709, -996}, 0, {1181, -1899}, {127, 0, 0, 255} }},
	{{ {-557, 282, -848}, 0, {1472, 2024}, {127, 0, 0, 255} }},
	{{ {-557, -1709, -996}, 0, {1181, -1899}, {127, 0, 0, 255} }},
	{{ {-557, -1709, -840}, 0, {1487, -1899}, {127, 0, 0, 255} }},
	{{ {-3576, -5184, 1218}, 0, {-918, 503}, {0, 0, 129, 255} }},
	{{ {-3524, -3266, 1218}, 0, {2864, 603}, {0, 0, 129, 255} }},
	{{ {-3524, -5784, 1218}, 0, {-2064, 605}, {0, 0, 129, 255} }},
	{{ {-4761, -3266, 1218}, 0, {3690, 689}, {0, 0, 129, 255} }},
	{{ {-4991, -3804, 1218}, 0, {-1723, -1678}, {0, 0, 129, 255} }},
	{{ {-4762, -3266, 1218}, 0, {3690, 679}, {0, 0, 129, 255} }},
	{{ {565, -1709, -640}, 0, {-16, -2007}, {0, 0, 129, 255} }},
	{{ {565, 282, -642}, 0, {932, -2007}, {0, 0, 129, 255} }},
	{{ {-557, -1709, -639}, 0, {-16, -1035}, {0, 0, 129, 255} }},
	{{ {565, -1709, -640}, 0, {-16, -2007}, {0, 0, 129, 255} }},
	{{ {-557, -1709, -639}, 0, {-16, -1035}, {0, 0, 129, 255} }},
	{{ {323, -1709, -639}, 0, {-16, -1798}, {0, 127, 0, 255} }},
	{{ {565, 282, -642}, 0, {932, -2007}, {0, 0, 129, 255} }},
	{{ {-557, 282, -642}, 0, {932, -1035}, {0, 0, 129, 255} }},
	{{ {-557, -1709, -639}, 0, {-16, -1035}, {0, 0, 129, 255} }},
	{{ {-453, 179, -1003}, 0, {1167, -2185}, {127, 0, 0, 255} }},
	{{ {-453, -360, -944}, 0, {1282, -1124}, {127, 0, 0, 255} }},
	{{ {-453, -1086, -944}, 0, {1282, 306}, {127, 0, 0, 255} }},
	{{ {-453, -1709, -996}, 0, {1181, 1533}, {127, 0, 0, 255} }},
	{{ {-453, -1812, -840}, 0, {1488, 1737}, {127, 0, 0, 255} }},
	{{ {-453, -1086, -944}, 0, {1282, 306}, {127, 0, 0, 255} }},
	{{ {-453, -1707, -840}, 0, {1487, 1528}, {127, 0, 0, 255} }},
	{{ {-453, -1812, -840}, 0, {1488, 1737}, {127, 0, 0, 255} }},
	{{ {-453, 282, -848}, 0, {1358, 147}, {0, 106, 186, 255} }},
	{{ {-453, 179, -1003}, 0, {1053, -57}, {0, 106, 186, 255} }},
	{{ {-557, 179, -1003}, 0, {1167, -228}, {0, 106, 186, 255} }},
	{{ {-557, 282, -848}, 0, {1472, -24}, {0, 106, 186, 255} }},
	{{ {-453, 179, -1003}, 0, {961, 1819}, {0, 0, 129, 255} }},
	{{ {-453, -1709, -996}, 0, {975, -1899}, {0, 0, 129, 255} }},
	{{ {-557, -1709, -996}, 0, {1181, -1899}, {0, 0, 129, 255} }},
	{{ {-557, 179, -1003}, 0, {1167, 1820}, {0, 0, 129, 255} }},
	{{ {-5139, -5005, 1218}, 0, {1505, -582}, {0, 0, 129, 255} }},
	{{ {-4094, -5184, 1218}, 0, {1156, 1509}, {0, 0, 129, 255} }},
	{{ {-4094, -5703, 1218}, 0, {140, 1509}, {0, 0, 129, 255} }},
	{{ {-4209, -5708, 1218}, 0, {130, 1279}, {0, 0, 129, 255} }},
	{{ {-4763, -5543, 1218}, 0, {453, 170}, {0, 0, 129, 255} }},
	{{ {-4209, -5708, 1218}, 0, {100, -745}, {0, 0, 129, 255} }},
	{{ {-4094, -5703, 1218}, 0, {108, -519}, {0, 0, 129, 255} }},
	{{ {-3524, -5784, 1218}, 0, {-16, 605}, {0, 0, 129, 255} }},
	{{ {-3956, -5784, 1218}, 0, {-15, -246}, {0, 0, 129, 255} }},
	{{ {565, 185, -1003}, 0, {1167, -149}, {0, 108, 189, 255} }},
	{{ {460, 185, -1003}, 0, {1057, -324}, {0, 108, 189, 255} }},
	{{ {460, 282, -848}, 0, {1363, -515}, {0, 108, 189, 255} }},
	{{ {565, 282, -848}, 0, {1472, -341}, {0, 108, 189, 255} }},
	{{ {565, 185, -1003}, 0, {1167, -2197}, {0, 0, 129, 255} }},
	{{ {565, -1709, -996}, 0, {1181, 1533}, {0, 0, 129, 255} }},
	{{ {460, -1709, -996}, 0, {975, 1534}, {0, 0, 129, 255} }},
	{{ {460, 185, -1003}, 0, {961, -2197}, {0, 0, 129, 255} }},
	{{ {565, -1709, -996}, 0, {1181, 1533}, {127, 0, 0, 255} }},
	{{ {565, 185, -1003}, 0, {1167, -2197}, {127, 0, 0, 255} }},
	{{ {565, 282, -848}, 0, {1472, -2389}, {127, 0, 0, 255} }},
	{{ {565, -1709, -840}, 0, {1488, 1533}, {127, 0, 0, 255} }},
	{{ {565, -1709, -640}, 0, {1883, 1533}, {127, 0, 0, 255} }},
	{{ {565, -1709, -840}, 0, {1488, 1533}, {127, 0, 0, 255} }},
	{{ {565, 282, -848}, 0, {1472, -2389}, {127, 0, 0, 255} }},
	{{ {-3576, -5184, 1218}, 0, {1130, 503}, {0, 0, 129, 255} }},
	{{ {-3524, -5784, 1218}, 0, {-16, 605}, {0, 0, 129, 255} }},
	{{ {-3576, -5703, 1218}, 0, {108, 503}, {0, 0, 129, 255} }},
	{{ {-4094, -5703, 1218}, 0, {108, -519}, {0, 0, 129, 255} }},
	{{ {-557, 282, -848}, 0, {1472, 2024}, {127, 0, 0, 255} }},
	{{ {-557, -1709, -840}, 0, {1488, -1899}, {127, 0, 0, 255} }},
	{{ {-557, -1709, -639}, 0, {1885, -1899}, {127, 0, 0, 255} }},
	{{ {-557, 282, -642}, 0, {1879, 2023}, {127, 0, 0, 255} }},
};

Gfx castle_grounds_dl_shujacg_mesh_layer_1_tri_27[] = {
	gsSPVertex(castle_grounds_dl_shujacg_mesh_layer_1_vtx_27 + 0, 31, 0),
	gsSP2Triangles(0, 1, 2, 0, 3, 4, 5, 0),
	gsSP2Triangles(6, 7, 8, 0, 9, 10, 11, 0),
	gsSP2Triangles(12, 11, 13, 0, 14, 15, 16, 0),
	gsSP2Triangles(17, 18, 19, 0, 20, 21, 22, 0),
	gsSP2Triangles(23, 24, 25, 0, 26, 20, 27, 0),
	gsSP1Triangle(28, 29, 30, 0),
	gsSPVertex(castle_grounds_dl_shujacg_mesh_layer_1_vtx_27 + 31, 30, 0),
	gsSP2Triangles(0, 1, 2, 0, 0, 2, 3, 0),
	gsSP2Triangles(4, 5, 6, 0, 7, 8, 5, 0),
	gsSP2Triangles(9, 10, 11, 0, 12, 13, 14, 0),
	gsSP2Triangles(15, 16, 17, 0, 18, 19, 20, 0),
	gsSP2Triangles(21, 22, 23, 0, 24, 25, 26, 0),
	gsSP1Triangle(27, 28, 29, 0),
	gsSPVertex(castle_grounds_dl_shujacg_mesh_layer_1_vtx_27 + 61, 32, 0),
	gsSP2Triangles(0, 1, 2, 0, 3, 4, 5, 0),
	gsSP2Triangles(6, 7, 8, 0, 9, 10, 11, 0),
	gsSP2Triangles(12, 13, 14, 0, 15, 16, 17, 0),
	gsSP2Triangles(18, 19, 20, 0, 21, 22, 23, 0),
	gsSP2Triangles(24, 25, 26, 0, 27, 28, 29, 0),
	gsSP2Triangles(27, 29, 30, 0, 29, 31, 30, 0),
	gsSPVertex(castle_grounds_dl_shujacg_mesh_layer_1_vtx_27 + 93, 32, 0),
	gsSP2Triangles(0, 1, 2, 0, 3, 4, 5, 0),
	gsSP2Triangles(3, 5, 6, 0, 7, 8, 9, 0),
	gsSP2Triangles(7, 9, 10, 0, 11, 12, 13, 0),
	gsSP2Triangles(11, 13, 14, 0, 14, 15, 11, 0),
	gsSP2Triangles(16, 17, 18, 0, 16, 18, 19, 0),
	gsSP2Triangles(20, 21, 22, 0, 20, 22, 23, 0),
	gsSP2Triangles(24, 25, 26, 0, 24, 26, 27, 0),
	gsSP2Triangles(28, 29, 30, 0, 28, 30, 31, 0),
	gsSPVertex(castle_grounds_dl_shujacg_mesh_layer_1_vtx_27 + 125, 11, 0),
	gsSP2Triangles(0, 1, 2, 0, 3, 4, 5, 0),
	gsSP2Triangles(6, 5, 4, 0, 7, 8, 9, 0),
	gsSP1Triangle(9, 10, 7, 0),
	gsSPEndDisplayList(),
};

Vtx castle_grounds_dl_shujacg_mesh_layer_1_vtx_28[22] = {
	{{ {-453, -1707, -840}, 0, {-1478, 1529}, {0, 112, 196, 255} }},
	{{ {-453, -1086, -944}, 0, {-1478, -1525}, {0, 112, 196, 255} }},
	{{ {460, -1086, -944}, 0, {3022, -1525}, {0, 112, 196, 255} }},
	{{ {-453, -1707, -840}, 0, {-1478, 1529}, {0, 112, 196, 255} }},
	{{ {460, -1086, -944}, 0, {3022, -1525}, {0, 112, 196, 255} }},
	{{ {460, -1707, -840}, 0, {3022, 1529}, {0, 112, 196, 255} }},
	{{ {-453, -1707, -840}, 0, {-1478, -519}, {0, 112, 196, 255} }},
	{{ {460, -1707, -840}, 0, {3022, -519}, {0, 112, 196, 255} }},
	{{ {460, -1709, -840}, 0, {3022, -507}, {0, 112, 196, 255} }},
	{{ {460, -1709, -840}, 0, {3022, -507}, {0, 112, 196, 255} }},
	{{ {-453, -1709, -840}, 0, {-1478, -507}, {0, 112, 196, 255} }},
	{{ {-453, -1707, -840}, 0, {-1478, -519}, {0, 112, 196, 255} }},
	{{ {-453, -360, -944}, 0, {-1478, -1007}, {0, 0, 129, 255} }},
	{{ {460, -360, -944}, 0, {3022, -1007}, {0, 0, 129, 255} }},
	{{ {460, -1086, -944}, 0, {3022, 2571}, {0, 0, 129, 255} }},
	{{ {-453, -1086, -944}, 0, {-1478, 2571}, {0, 0, 129, 255} }},
	{{ {-453, -360, -944}, 0, {-1478, 1041}, {0, 19, 130, 255} }},
	{{ {-453, 282, -848}, 0, {-1478, -2121}, {0, 19, 130, 255} }},
	{{ {460, 282, -848}, 0, {3022, -2121}, {0, 19, 130, 255} }},
	{{ {-453, -360, -944}, 0, {-1478, 1041}, {0, 19, 130, 255} }},
	{{ {460, 282, -848}, 0, {3022, -2121}, {0, 19, 130, 255} }},
	{{ {460, -360, -944}, 0, {3022, 1041}, {0, 19, 130, 255} }},
};

Gfx castle_grounds_dl_shujacg_mesh_layer_1_tri_28[] = {
	gsSPVertex(castle_grounds_dl_shujacg_mesh_layer_1_vtx_28 + 0, 22, 0),
	gsSP2Triangles(0, 1, 2, 0, 3, 4, 5, 0),
	gsSP2Triangles(6, 7, 8, 0, 9, 10, 11, 0),
	gsSP2Triangles(12, 13, 14, 0, 12, 14, 15, 0),
	gsSP2Triangles(16, 17, 18, 0, 19, 20, 21, 0),
	gsSPEndDisplayList(),
};

Vtx castle_grounds_dl_shujacg_mesh_layer_1_vtx_29[27] = {
	{{ {5122, -1634, 491}, 0, {7714, -3852}, {120, 41, 0, 255} }},
	{{ {5122, -1634, -402}, 0, {7714, 1834}, {120, 41, 0, 255} }},
	{{ {4468, -3292, -579}, 0, {-3624, 2956}, {120, 41, 0, 255} }},
	{{ {5122, -1634, 491}, 0, {7714, -3852}, {120, 41, 0, 255} }},
	{{ {4468, -3292, -579}, 0, {-3624, 2956}, {120, 41, 0, 255} }},
	{{ {4468, -3292, 491}, 0, {-3624, -3852}, {120, 41, 0, 255} }},
	{{ {5122, -1634, 491}, 0, {-3088, -1804}, {72, 105, 0, 255} }},
	{{ {4661, -583, 491}, 0, {4214, -1804}, {72, 105, 0, 255} }},
	{{ {4661, -583, -374}, 0, {4214, 3702}, {72, 105, 0, 255} }},
	{{ {5122, -1634, 491}, 0, {-3088, -3852}, {72, 105, 0, 255} }},
	{{ {4661, -583, -374}, 0, {4214, 1654}, {72, 105, 0, 255} }},
	{{ {4661, -583, -437}, 0, {4214, 2053}, {72, 105, 0, 255} }},
	{{ {5122, -1634, 491}, 0, {-3088, -3852}, {72, 105, 0, 255} }},
	{{ {4661, -583, -437}, 0, {4214, 2053}, {72, 105, 0, 255} }},
	{{ {4676, -617, -435}, 0, {3982, 2047}, {72, 105, 0, 255} }},
	{{ {4676, -617, -435}, 0, {3982, 2047}, {72, 105, 0, 255} }},
	{{ {5122, -1634, -402}, 0, {-3088, 1834}, {72, 105, 0, 255} }},
	{{ {5122, -1634, 491}, 0, {-3088, -3852}, {72, 105, 0, 255} }},
	{{ {-557, 282, 491}, 0, {4484, -3852}, {0, 127, 0, 255} }},
	{{ {-557, 282, -642}, 0, {4484, 3356}, {0, 127, 0, 255} }},
	{{ {565, 282, -642}, 0, {-2652, 3356}, {0, 127, 0, 255} }},
	{{ {-557, 282, 491}, 0, {4484, -3852}, {0, 127, 0, 255} }},
	{{ {565, 282, -642}, 0, {-2652, 3356}, {0, 127, 0, 255} }},
	{{ {565, 282, 491}, 0, {-2652, -3852}, {0, 127, 0, 255} }},
	{{ {4468, -3292, 491}, 0, {7278, -3852}, {127, 0, 0, 255} }},
	{{ {4468, -3292, -579}, 0, {7278, 2956}, {127, 0, 0, 255} }},
	{{ {4470, -5063, -579}, 0, {-3992, 2956}, {127, 0, 0, 255} }},
};

Gfx castle_grounds_dl_shujacg_mesh_layer_1_tri_29[] = {
	gsSPVertex(castle_grounds_dl_shujacg_mesh_layer_1_vtx_29 + 0, 27, 0),
	gsSP2Triangles(0, 1, 2, 0, 3, 4, 5, 0),
	gsSP2Triangles(6, 7, 8, 0, 9, 10, 11, 0),
	gsSP2Triangles(12, 13, 14, 0, 15, 16, 17, 0),
	gsSP2Triangles(18, 19, 20, 0, 21, 22, 23, 0),
	gsSP1Triangle(24, 25, 26, 0),
	gsSPEndDisplayList(),
};

Vtx castle_grounds_dl_shujacg_mesh_layer_1_vtx_30[124] = {
	{{ {-737, -12355, -206}, 0, {-1384, 588}, {127, 0, 0, 255} }},
	{{ {-737, -13783, -206}, 0, {3707, 588}, {127, 0, 0, 255} }},
	{{ {-737, -13783, -383}, 0, {3707, 1220}, {127, 0, 0, 255} }},
	{{ {-1719, -12032, -87}, 0, {959, -3934}, {0, 127, 0, 255} }},
	{{ {-1719, -12032, -206}, 0, {959, -3508}, {0, 0, 129, 255} }},
	{{ {-1719, -12032, -1971}, 0, {959, 2784}, {0, 127, 0, 255} }},
	{{ {-2958, -8814, -1971}, 0, {827, 2784}, {0, 0, 129, 255} }},
	{{ {-2958, -8814, -325}, 0, {827, -3083}, {0, 0, 129, 255} }},
	{{ {-2958, -8814, -87}, 0, {827, -3934}, {0, 0, 129, 255} }},
	{{ {744, -13783, -206}, 0, {-1266, -3508}, {127, 0, 0, 255} }},
	{{ {744, -12355, -206}, 0, {3825, -3508}, {127, 0, 0, 255} }},
	{{ {744, -12355, -1971}, 0, {3825, 2784}, {127, 0, 0, 255} }},
	{{ {744, -13783, -206}, 0, {-1266, -3508}, {127, 0, 0, 255} }},
	{{ {744, -12355, -1971}, 0, {3825, 2784}, {127, 0, 0, 255} }},
	{{ {744, -13783, -1971}, 0, {-1266, 2784}, {127, 0, 0, 255} }},
	{{ {744, -13783, -1971}, 0, {782, 2784}, {0, 0, 129, 255} }},
	{{ {744, -13783, -383}, 0, {782, -2876}, {0, 0, 129, 255} }},
	{{ {744, -13783, -206}, 0, {782, -3508}, {0, 0, 129, 255} }},
	{{ {1300, -12310, -206}, 0, {1718, -3508}, {113, 58, 0, 255} }},
	{{ {1300, -12310, -1971}, 0, {1718, 2784}, {113, 58, 0, 255} }},
	{{ {744, -12355, -1971}, 0, {-271, 2784}, {113, 58, 0, 255} }},
	{{ {1300, -12310, -206}, 0, {1718, -3508}, {113, 58, 0, 255} }},
	{{ {744, -12355, -1971}, 0, {-271, 2784}, {113, 58, 0, 255} }},
	{{ {744, -12355, -206}, 0, {-271, -3508}, {113, 58, 0, 255} }},
	{{ {1726, -12032, -206}, 0, {1482, -3508}, {110, 63, 0, 255} }},
	{{ {1726, -12032, -1971}, 0, {1482, 2784}, {110, 63, 0, 255} }},
	{{ {1300, -12310, -1971}, 0, {-330, 2784}, {110, 63, 0, 255} }},
	{{ {1726, -12032, -206}, 0, {1482, -3508}, {110, 63, 0, 255} }},
	{{ {1300, -12310, -1971}, 0, {-330, 2784}, {110, 63, 0, 255} }},
	{{ {1300, -12310, -206}, 0, {-330, -3508}, {110, 63, 0, 255} }},
	{{ {1726, -12032, -206}, 0, {-566, 588}, {0, 127, 0, 255} }},
	{{ {1726, -12032, -87}, 0, {-566, 162}, {0, 127, 0, 255} }},
	{{ {2332, -12032, -87}, 0, {1598, 162}, {0, 127, 0, 255} }},
	{{ {2965, -11297, -87}, 0, {3005, -3934}, {113, 58, 0, 255} }},
	{{ {2965, -11297, -1971}, 0, {3005, 2784}, {113, 58, 0, 255} }},
	{{ {2332, -12032, -1971}, 0, {-450, 2784}, {113, 58, 0, 255} }},
	{{ {2332, -12032, -1971}, 0, {-450, 2784}, {113, 58, 0, 255} }},
	{{ {2332, -12032, -87}, 0, {-450, -3934}, {113, 58, 0, 255} }},
	{{ {2965, -8814, -325}, 0, {5710, -3083}, {127, 0, 0, 255} }},
	{{ {2965, -8814, -1971}, 0, {5710, 2784}, {127, 0, 0, 255} }},
	{{ {2965, -11297, -1971}, 0, {-3139, 2784}, {127, 0, 0, 255} }},
	{{ {2965, -11297, -1971}, 0, {-1091, 2784}, {127, 0, 0, 255} }},
	{{ {2965, -11297, -87}, 0, {-1091, -3934}, {127, 0, 0, 255} }},
	{{ {2965, -10377, -87}, 0, {2191, -3934}, {127, 0, 0, 255} }},
	{{ {2965, -11297, -1971}, 0, {-1091, 2784}, {127, 0, 0, 255} }},
	{{ {2965, -10377, -87}, 0, {2191, -3934}, {127, 0, 0, 255} }},
	{{ {2965, -10377, -376}, 0, {2191, -2902}, {127, 0, 0, 255} }},
	{{ {2965, -11297, -1971}, 0, {-1091, 2784}, {127, 0, 0, 255} }},
	{{ {2965, -10377, -376}, 0, {2191, -2902}, {127, 0, 0, 255} }},
	{{ {2965, -10338, -493}, 0, {2326, -2484}, {127, 0, 0, 255} }},
	{{ {2965, -10338, -493}, 0, {2326, -2484}, {127, 0, 0, 255} }},
	{{ {2965, -10323, -541}, 0, {2381, -2315}, {127, 0, 0, 255} }},
	{{ {2965, -10323, -541}, 0, {2381, -2315}, {127, 0, 0, 255} }},
	{{ {2965, -10183, -643}, 0, {2880, -1952}, {127, 0, 0, 255} }},
	{{ {2965, -11297, -1971}, 0, {-1091, 2784}, {127, 0, 0, 255} }},
	{{ {2965, -10183, -643}, 0, {2880, -1952}, {127, 0, 0, 255} }},
	{{ {2965, -10096, -643}, 0, {3188, -1952}, {127, 0, 0, 255} }},
	{{ {2965, -11297, -1971}, 0, {-1091, 2784}, {127, 0, 0, 255} }},
	{{ {2965, -10096, -643}, 0, {3188, -1952}, {127, 0, 0, 255} }},
	{{ {2965, -10010, -643}, 0, {3497, -1952}, {127, 0, 0, 255} }},
	{{ {2965, -10010, -643}, 0, {3497, -1952}, {127, 0, 0, 255} }},
	{{ {2965, -9870, -541}, 0, {3996, -2315}, {127, 0, 0, 255} }},
	{{ {2965, -9816, -376}, 0, {91, 1194}, {127, 0, 0, 255} }},
	{{ {2965, -9816, -87}, 0, {91, 162}, {127, 0, 0, 255} }},
	{{ {2965, -8814, -87}, 0, {3662, 162}, {127, 0, 0, 255} }},
	{{ {2965, -9816, -376}, 0, {91, 1194}, {127, 0, 0, 255} }},
	{{ {2965, -8814, -87}, 0, {3662, 162}, {127, 0, 0, 255} }},
	{{ {2965, -8814, -325}, 0, {3662, 1013}, {127, 0, 0, 255} }},
	{{ {2965, -8814, -325}, 0, {5710, -3083}, {127, 0, 0, 255} }},
	{{ {2965, -11297, -1971}, 0, {-3139, 2784}, {127, 0, 0, 255} }},
	{{ {2965, -9870, -541}, 0, {1948, -2315}, {127, 0, 0, 255} }},
	{{ {2965, -8814, -325}, 0, {3662, -1035}, {127, 0, 0, 255} }},
	{{ {2965, -9870, -541}, 0, {-100, -267}, {127, 0, 0, 255} }},
	{{ {2965, -9855, -493}, 0, {-45, -436}, {127, 0, 0, 255} }},
	{{ {2965, -8814, -325}, 0, {3662, -1035}, {127, 0, 0, 255} }},
	{{ {2965, -9855, -493}, 0, {-45, -436}, {127, 0, 0, 255} }},
	{{ {2965, -9816, -376}, 0, {91, -854}, {127, 0, 0, 255} }},
	{{ {4359, -8106, -493}, 0, {1041, -2484}, {110, 63, 0, 255} }},
	{{ {4359, -8106, -1831}, 0, {1041, 2287}, {110, 63, 0, 255} }},
	{{ {4327, -8122, -1826}, 0, {914, 2269}, {110, 63, 0, 255} }},
	{{ {4327, -8122, -1826}, 0, {2962, 221}, {110, 63, 0, 255} }},
	{{ {4327, -8122, -2177}, 0, {2962, 1470}, {110, 63, 0, 255} }},
	{{ {2965, -8814, -1971}, 0, {-2482, 736}, {110, 63, 0, 255} }},
	{{ {4327, -8122, -1826}, 0, {2962, 2269}, {110, 63, 0, 255} }},
	{{ {2965, -8814, -1971}, 0, {-2482, 2784}, {110, 63, 0, 255} }},
	{{ {2965, -8814, -325}, 0, {-2482, -3083}, {110, 63, 0, 255} }},
	{{ {4327, -8122, -1826}, 0, {2962, 2269}, {110, 63, 0, 255} }},
	{{ {2965, -8814, -325}, 0, {-2482, -3083}, {110, 63, 0, 255} }},
	{{ {4122, -8226, -465}, 0, {2143, -2585}, {110, 63, 0, 255} }},
	{{ {4327, -8122, -1826}, 0, {914, 2269}, {110, 63, 0, 255} }},
	{{ {4122, -8226, -465}, 0, {95, -2585}, {110, 63, 0, 255} }},
	{{ {4359, -8106, -493}, 0, {1041, -2484}, {110, 63, 0, 255} }},
	{{ {-737, -12355, -206}, 0, {-1384, -3508}, {127, 0, 0, 255} }},
	{{ {-737, -13783, -383}, 0, {3707, -2876}, {127, 0, 0, 255} }},
	{{ {-737, -13783, -1971}, 0, {3707, 2784}, {127, 0, 0, 255} }},
	{{ {-737, -12355, -1971}, 0, {-1384, 2784}, {127, 0, 0, 255} }},
	{{ {-737, -12355, -206}, 0, {2712, -3508}, {10, 127, 0, 255} }},
	{{ {-737, -12355, -1971}, 0, {2712, 2784}, {10, 127, 0, 255} }},
	{{ {-1292, -12310, -1971}, 0, {723, 2784}, {10, 127, 0, 255} }},
	{{ {-1292, -12310, -206}, 0, {723, -3508}, {10, 127, 0, 255} }},
	{{ {-1292, -12310, -206}, 0, {2771, -3508}, {69, 106, 0, 255} }},
	{{ {-1292, -12310, -1971}, 0, {2771, 2784}, {69, 106, 0, 255} }},
	{{ {-1719, -12032, -1971}, 0, {959, 2784}, {69, 106, 0, 255} }},
	{{ {-1719, -12032, -206}, 0, {959, -3508}, {69, 106, 0, 255} }},
	{{ {-1719, -12032, -1971}, 0, {3007, 2784}, {0, 127, 0, 255} }},
	{{ {-2325, -12032, -1971}, 0, {843, 2784}, {0, 127, 0, 255} }},
	{{ {-2325, -12032, -87}, 0, {843, -3934}, {0, 127, 0, 255} }},
	{{ {-1719, -12032, -87}, 0, {3007, -3934}, {0, 127, 0, 255} }},
	{{ {-2325, -12032, -87}, 0, {2891, -3934}, {96, 83, 0, 255} }},
	{{ {-2325, -12032, -1971}, 0, {2891, 2784}, {96, 83, 0, 255} }},
	{{ {-2958, -11297, -1971}, 0, {-564, 2784}, {96, 83, 0, 255} }},
	{{ {-2958, -11297, -87}, 0, {-564, -3934}, {96, 83, 0, 255} }},
	{{ {-2958, -8814, -87}, 0, {-3269, -3934}, {127, 0, 0, 255} }},
	{{ {-2958, -11297, -87}, 0, {5580, -3934}, {127, 0, 0, 255} }},
	{{ {-2958, -11297, -1971}, 0, {5580, 2784}, {127, 0, 0, 255} }},
	{{ {-2958, -8814, -1971}, 0, {-3269, 2784}, {127, 0, 0, 255} }},
	{{ {-2958, -8814, -325}, 0, {827, -3083}, {123, 32, 0, 255} }},
	{{ {-2958, -8814, -1971}, 0, {827, 2784}, {123, 32, 0, 255} }},
	{{ {-3064, -8401, -1956}, 0, {-695, 2730}, {123, 32, 0, 255} }},
	{{ {-3064, -8401, -340}, 0, {-695, -3030}, {123, 32, 0, 255} }},
	{{ {1726, -12032, -206}, 0, {-566, -3508}, {0, 127, 0, 255} }},
	{{ {2332, -12032, -87}, 0, {1598, -3934}, {0, 127, 0, 255} }},
	{{ {2332, -12032, -1971}, 0, {1598, 2784}, {0, 127, 0, 255} }},
	{{ {1726, -12032, -1971}, 0, {-566, 2784}, {0, 127, 0, 255} }},
};

Gfx castle_grounds_dl_shujacg_mesh_layer_1_tri_30[] = {
	gsSPVertex(castle_grounds_dl_shujacg_mesh_layer_1_vtx_30 + 0, 30, 0),
	gsSP2Triangles(0, 1, 2, 0, 3, 4, 5, 0),
	gsSP2Triangles(6, 7, 8, 0, 9, 10, 11, 0),
	gsSP2Triangles(12, 13, 14, 0, 15, 16, 17, 0),
	gsSP2Triangles(18, 19, 20, 0, 21, 22, 23, 0),
	gsSP2Triangles(24, 25, 26, 0, 27, 28, 29, 0),
	gsSPVertex(castle_grounds_dl_shujacg_mesh_layer_1_vtx_30 + 30, 32, 0),
	gsSP2Triangles(0, 1, 2, 0, 3, 4, 5, 0),
	gsSP2Triangles(3, 6, 7, 0, 8, 9, 10, 0),
	gsSP2Triangles(11, 12, 13, 0, 14, 15, 16, 0),
	gsSP2Triangles(17, 18, 19, 0, 17, 20, 21, 0),
	gsSP2Triangles(17, 22, 23, 0, 24, 25, 26, 0),
	gsSP2Triangles(27, 28, 29, 0, 24, 30, 31, 0),
	gsSPVertex(castle_grounds_dl_shujacg_mesh_layer_1_vtx_30 + 62, 30, 0),
	gsSP2Triangles(0, 1, 2, 0, 3, 4, 5, 0),
	gsSP2Triangles(6, 7, 8, 0, 9, 10, 11, 0),
	gsSP2Triangles(12, 13, 14, 0, 15, 16, 17, 0),
	gsSP2Triangles(18, 19, 20, 0, 21, 22, 23, 0),
	gsSP2Triangles(24, 25, 26, 0, 27, 28, 29, 0),
	gsSPVertex(castle_grounds_dl_shujacg_mesh_layer_1_vtx_30 + 92, 32, 0),
	gsSP2Triangles(0, 1, 2, 0, 2, 3, 0, 0),
	gsSP2Triangles(4, 5, 6, 0, 4, 6, 7, 0),
	gsSP2Triangles(8, 9, 10, 0, 8, 10, 11, 0),
	gsSP2Triangles(12, 13, 14, 0, 12, 14, 15, 0),
	gsSP2Triangles(16, 17, 18, 0, 16, 18, 19, 0),
	gsSP2Triangles(20, 21, 22, 0, 20, 22, 23, 0),
	gsSP2Triangles(24, 25, 26, 0, 24, 26, 27, 0),
	gsSP2Triangles(28, 29, 30, 0, 30, 31, 28, 0),
	gsSPEndDisplayList(),
};

Vtx castle_grounds_dl_shujacg_mesh_layer_1_vtx_31[12] = {
	{{ {4858, -45, -437}, 0, {4456, -525}, {43, 119, 0, 255} }},
	{{ {3606, 410, -437}, 0, {-2064, -525}, {43, 119, 0, 255} }},
	{{ {4858, -45, -374}, 0, {4454, -1004}, {43, 119, 0, 255} }},
	{{ {3605, 409, -374}, 0, {-2064, -1004}, {19, 53, 142, 255} }},
	{{ {4858, -45, -374}, 0, {4454, -1004}, {19, 53, 142, 255} }},
	{{ {3606, 410, -437}, 0, {-2064, -525}, {19, 53, 142, 255} }},
	{{ {3410, -127, -374}, 0, {-2064, -1004}, {75, 49, 166, 255} }},
	{{ {3409, -128, -437}, 0, {-2102, -525}, {75, 49, 166, 255} }},
	{{ {4661, -583, -374}, 0, {4494, -1004}, {75, 49, 166, 255} }},
	{{ {4661, -583, -437}, 0, {4486, -525}, {107, 69, 0, 255} }},
	{{ {4661, -583, -374}, 0, {4494, -1004}, {107, 69, 0, 255} }},
	{{ {3409, -128, -437}, 0, {-2102, -525}, {107, 69, 0, 255} }},
};

Gfx castle_grounds_dl_shujacg_mesh_layer_1_tri_31[] = {
	gsSPVertex(castle_grounds_dl_shujacg_mesh_layer_1_vtx_31 + 0, 12, 0),
	gsSP2Triangles(0, 1, 2, 0, 3, 4, 5, 0),
	gsSP2Triangles(6, 7, 8, 0, 9, 10, 11, 0),
	gsSPEndDisplayList(),
};

Vtx castle_grounds_dl_shujacg_mesh_layer_1_vtx_32[3] = {
	{{ {565, -2699, -1533}, 0, {-2254, 2623}, {127, 0, 0, 255} }},
	{{ {565, -2699, -840}, 0, {-2254, -1072}, {127, 0, 0, 255} }},
	{{ {565, -1709, -1533}, 0, {3025, 2623}, {127, 0, 0, 255} }},
};

Gfx castle_grounds_dl_shujacg_mesh_layer_1_tri_32[] = {
	gsSPVertex(castle_grounds_dl_shujacg_mesh_layer_1_vtx_32 + 0, 3, 0),
	gsSP1Triangle(0, 1, 2, 0),
	gsSPEndDisplayList(),
};

Vtx castle_grounds_dl_shujacg_mesh_layer_1_vtx_33[13] = {
	{{ {3605, 409, -374}, 0, {-16, -2023}, {0, 0, 129, 255} }},
	{{ {3410, -127, -374}, 0, {-12, -1002}, {0, 0, 129, 255} }},
	{{ {4661, -583, -374}, 0, {4052, -999}, {0, 0, 129, 255} }},
	{{ {3605, 409, -374}, 0, {-16, -2023}, {0, 0, 129, 255} }},
	{{ {4661, -583, -374}, 0, {4052, -999}, {0, 0, 129, 255} }},
	{{ {4847, -76, -374}, 0, {4052, -1966}, {0, 0, 129, 255} }},
	{{ {4847, -76, -374}, 0, {4052, -1966}, {0, 0, 129, 255} }},
	{{ {4858, -45, -374}, 0, {4052, -2025}, {0, 0, 129, 255} }},
	{{ {3605, 409, -374}, 0, {-16, -2023}, {0, 0, 129, 255} }},
	{{ {3409, -128, -437}, 0, {-16, -999}, {0, 0, 129, 255} }},
	{{ {3606, 410, -437}, 0, {-16, -2025}, {0, 0, 129, 255} }},
	{{ {4858, -45, -437}, 0, {4052, -2025}, {0, 0, 129, 255} }},
	{{ {4661, -583, -437}, 0, {4052, -999}, {0, 0, 129, 255} }},
};

Gfx castle_grounds_dl_shujacg_mesh_layer_1_tri_33[] = {
	gsSPVertex(castle_grounds_dl_shujacg_mesh_layer_1_vtx_33 + 0, 13, 0),
	gsSP2Triangles(0, 1, 2, 0, 3, 4, 5, 0),
	gsSP2Triangles(6, 7, 8, 0, 9, 10, 11, 0),
	gsSP1Triangle(9, 11, 12, 0),
	gsSPEndDisplayList(),
};

Vtx castle_grounds_dl_shujacg_mesh_layer_1_vtx_34[31] = {
	{{ {5063, 5366, 1321}, 0, {-635, -937}, {0, 0, 129, 255} }},
	{{ {3968, 6014, 1321}, 0, {685, -467}, {0, 0, 129, 255} }},
	{{ {5963, 5888, 1321}, 0, {-1911, -412}, {0, 0, 129, 255} }},
	{{ {6128, 2041, 1321}, 0, {617, -1671}, {0, 0, 129, 255} }},
	{{ {6751, 4739, 1321}, 0, {-688, 709}, {0, 0, 129, 255} }},
	{{ {6958, 3389, 1321}, 0, {-716, -439}, {0, 0, 129, 255} }},
	{{ {5089, 588, 1321}, 0, {197, -3011}, {0, 0, 129, 255} }},
	{{ {5458, 3468, 1321}, 0, {-810, -495}, {0, 0, 129, 255} }},
	{{ {6128, 2041, 1321}, 0, {-1431, -1671}, {0, 0, 129, 255} }},
	{{ {4899, 4177, 1321}, 0, {-204, 71}, {0, 0, 129, 255} }},
	{{ {5196, 4577, 1321}, 0, {1381, 441}, {0, 0, 129, 255} }},
	{{ {5474, 4964, 1321}, 0, {946, 799}, {0, 0, 129, 255} }},
	{{ {5788, 4534, 1321}, 0, {613, 453}, {0, 0, 129, 255} }},
	{{ {3380, 3515, 1321}, 0, {1910, -625}, {0, 0, 129, 255} }},
	{{ {3009, 5517, 1321}, 0, {2033, 1073}, {0, 0, 129, 255} }},
	{{ {3968, 6014, 1321}, 0, {685, 1581}, {0, 0, 129, 255} }},
	{{ {3638, 2122, 1321}, 0, {1824, -1807}, {0, 0, 129, 255} }},
	{{ {7968, 4177, 1321}, 0, {-4232, 324}, {0, 0, 129, 255} }},
	{{ {8158, 588, 1321}, 0, {-3832, -2758}, {0, 0, 129, 255} }},
	{{ {3838, 1044, 1321}, 0, {1757, -2721}, {0, 0, 129, 255} }},
	{{ {5063, 5366, 1321}, 0, {-635, 1111}, {0, 0, 129, 255} }},
	{{ {5196, 4577, 1321}, 0, {-667, 441}, {0, 0, 129, 255} }},
	{{ {5474, 4964, 1321}, 0, {-1102, 799}, {0, 0, 129, 255} }},
	{{ {5963, 5888, 1321}, 0, {137, 1636}, {0, 0, 129, 255} }},
	{{ {5745, 3714, 1321}, 0, {817, -259}, {0, 0, 129, 255} }},
	{{ {5458, 3468, 1321}, 0, {1238, -495}, {0, 0, 129, 255} }},
	{{ {5459, 5476, 1321}, 0, {873, -809}, {0, 0, 129, 255} }},
	{{ {5063, 5366, 1321}, 0, {1413, -937}, {0, 0, 129, 255} }},
	{{ {5963, 5888, 1321}, 0, {137, -412}, {0, 0, 129, 255} }},
	{{ {5474, 4964, 1321}, 0, {946, -1249}, {0, 0, 129, 255} }},
	{{ {5788, 4534, 1321}, 0, {613, -1595}, {0, 0, 129, 255} }},
};

Gfx castle_grounds_dl_shujacg_mesh_layer_1_tri_34[] = {
	gsSPVertex(castle_grounds_dl_shujacg_mesh_layer_1_vtx_34 + 0, 31, 0),
	gsSP2Triangles(0, 1, 2, 0, 3, 4, 5, 0),
	gsSP2Triangles(6, 7, 8, 0, 6, 9, 7, 0),
	gsSP2Triangles(10, 11, 12, 0, 13, 14, 15, 0),
	gsSP2Triangles(16, 13, 15, 0, 15, 6, 16, 0),
	gsSP2Triangles(15, 9, 6, 0, 6, 9, 17, 0),
	gsSP2Triangles(6, 17, 18, 0, 6, 19, 16, 0),
	gsSP2Triangles(9, 15, 20, 0, 20, 21, 9, 0),
	gsSP2Triangles(20, 22, 21, 0, 12, 23, 4, 0),
	gsSP2Triangles(24, 12, 4, 0, 4, 3, 24, 0),
	gsSP2Triangles(3, 25, 24, 0, 26, 27, 28, 0),
	gsSP2Triangles(28, 29, 26, 0, 28, 30, 29, 0),
	gsSPEndDisplayList(),
};

Vtx castle_grounds_dl_shujacg_mesh_layer_1_vtx_35[65] = {
	{{ {565, -2699, -1533}, 0, {1783, -130}, {0, 127, 0, 255} }},
	{{ {565, -2699, -1741}, 0, {1783, 1811}, {0, 127, 0, 255} }},
	{{ {357, -2699, -1741}, 0, {-157, 1811}, {0, 127, 0, 255} }},
	{{ {-557, -2699, -1533}, 0, {-503, 3966}, {0, 127, 0, 255} }},
	{{ {-557, -2699, -840}, 0, {-503, -2508}, {0, 127, 0, 255} }},
	{{ {-244, -2699, -840}, 0, {2426, -2508}, {0, 127, 0, 255} }},
	{{ {-557, -2699, -1533}, 0, {-2551, 1918}, {0, 127, 0, 255} }},
	{{ {-152, -2699, -1100}, 0, {1235, -2133}, {0, 127, 0, 255} }},
	{{ {160, -2699, -1100}, 0, {4141, -2133}, {0, 127, 0, 255} }},
	{{ {160, -2699, -1100}, 0, {45, -85}, {0, 127, 0, 255} }},
	{{ {565, -2699, -840}, 0, {3831, -2508}, {0, 127, 0, 255} }},
	{{ {565, -2699, -1533}, 0, {3831, 3966}, {0, 127, 0, 255} }},
	{{ {-557, -2699, -1533}, 0, {-4599, 1918}, {0, 127, 0, 255} }},
	{{ {160, -2699, -1100}, 0, {2093, -2133}, {0, 127, 0, 255} }},
	{{ {565, -2699, -1533}, 0, {5879, 1918}, {0, 127, 0, 255} }},
	{{ {-349, -2699, -1741}, 0, {-2675, 1436}, {0, 0, 129, 255} }},
	{{ {357, -2699, -1741}, 0, {-2675, -2938}, {0, 0, 129, 255} }},
	{{ {357, -1709, -1741}, 0, {3456, -2938}, {0, 0, 129, 255} }},
	{{ {-349, -2699, -1741}, 0, {-2675, 1436}, {0, 0, 129, 255} }},
	{{ {357, -1709, -1741}, 0, {3456, -2938}, {0, 0, 129, 255} }},
	{{ {-349, -1709, -1741}, 0, {3456, 1436}, {0, 0, 129, 255} }},
	{{ {357, -2699, -1741}, 0, {-48, 427}, {90, 0, 166, 255} }},
	{{ {357, -2747, -1741}, 0, {-300, 427}, {90, 0, 166, 255} }},
	{{ {565, -2747, -1533}, 0, {-300, -1130}, {90, 0, 166, 255} }},
	{{ {357, -2699, -1741}, 0, {-48, 427}, {90, 0, 166, 255} }},
	{{ {565, -2747, -1533}, 0, {-300, -1130}, {90, 0, 166, 255} }},
	{{ {565, -2699, -1533}, 0, {-48, -1130}, {90, 0, 166, 255} }},
	{{ {357, -2699, -1741}, 0, {-2096, 427}, {90, 0, 166, 255} }},
	{{ {565, -2699, -1533}, 0, {-2096, -1130}, {90, 0, 166, 255} }},
	{{ {565, -1709, -1533}, 0, {3153, -1130}, {90, 0, 166, 255} }},
	{{ {565, -1709, -1533}, 0, {3153, -1130}, {90, 0, 166, 255} }},
	{{ {357, -1709, -1741}, 0, {3153, 427}, {90, 0, 166, 255} }},
	{{ {357, -2699, -1741}, 0, {-2096, 427}, {90, 0, 166, 255} }},
	{{ {-349, -1709, -1741}, 0, {-1137, 1226}, {61, 0, 144, 255} }},
	{{ {-557, -1709, -1533}, 0, {-1137, -332}, {61, 0, 144, 255} }},
	{{ {-557, -2699, -1533}, 0, {4112, -332}, {61, 0, 144, 255} }},
	{{ {-349, -1709, -1741}, 0, {-1137, 1226}, {61, 0, 144, 255} }},
	{{ {-557, -2699, -1533}, 0, {4112, -332}, {61, 0, 144, 255} }},
	{{ {-557, -2747, -1533}, 0, {4364, -332}, {61, 0, 144, 255} }},
	{{ {-349, -1709, -1741}, 0, {-1137, 1226}, {61, 0, 144, 255} }},
	{{ {-557, -2747, -1533}, 0, {4364, -332}, {61, 0, 144, 255} }},
	{{ {-349, -2747, -1741}, 0, {4364, 1226}, {61, 0, 144, 255} }},
	{{ {-349, -2747, -1741}, 0, {4364, -822}, {0, 127, 0, 255} }},
	{{ {-349, -2699, -1741}, 0, {4112, -822}, {0, 127, 0, 255} }},
	{{ {-349, -1709, -1741}, 0, {-1137, -822}, {0, 129, 0, 255} }},
	{{ {-557, -2699, -1533}, 0, {4112, 466}, {127, 0, 0, 255} }},
	{{ {-557, -1709, -1533}, 0, {-1137, 466}, {127, 0, 0, 255} }},
	{{ {-557, -1709, -996}, 0, {-1137, -2381}, {127, 0, 0, 255} }},
	{{ {565, -2699, -1533}, 0, {5879, -130}, {0, 127, 0, 255} }},
	{{ {357, -2699, -1741}, 0, {3939, 1811}, {0, 127, 0, 255} }},
	{{ {-349, -2699, -1741}, 0, {-2659, 1811}, {0, 127, 0, 255} }},
	{{ {-557, -2699, -1741}, 0, {-4599, 1811}, {0, 127, 0, 255} }},
	{{ {-557, -2699, -1533}, 0, {-4599, -130}, {0, 127, 0, 255} }},
	{{ {-557, -2699, -1533}, 0, {-2551, 3966}, {0, 127, 0, 255} }},
	{{ {-244, -2699, -840}, 0, {378, -2508}, {0, 127, 0, 255} }},
	{{ {-152, -2699, -840}, 0, {1235, -2508}, {0, 127, 0, 255} }},
	{{ {-152, -2699, -1100}, 0, {1235, -85}, {0, 127, 0, 255} }},
	{{ {160, -2699, -1100}, 0, {45, -85}, {0, 127, 0, 255} }},
	{{ {160, -2699, -840}, 0, {45, -2508}, {0, 127, 0, 255} }},
	{{ {274, -2699, -840}, 0, {1119, -2508}, {0, 127, 0, 255} }},
	{{ {565, -2699, -840}, 0, {3831, -2508}, {0, 127, 0, 255} }},
	{{ {-557, -2699, -1533}, 0, {4112, 2514}, {127, 0, 0, 255} }},
	{{ {-557, -1709, -996}, 0, {-1137, -333}, {127, 0, 0, 255} }},
	{{ {-557, -1812, -840}, 0, {-589, -1161}, {127, 0, 0, 255} }},
	{{ {-557, -2699, -840}, 0, {4112, -1161}, {127, 0, 0, 255} }},
};

Gfx castle_grounds_dl_shujacg_mesh_layer_1_tri_35[] = {
	gsSPVertex(castle_grounds_dl_shujacg_mesh_layer_1_vtx_35 + 0, 30, 0),
	gsSP2Triangles(0, 1, 2, 0, 3, 4, 5, 0),
	gsSP2Triangles(6, 7, 8, 0, 9, 10, 11, 0),
	gsSP2Triangles(12, 13, 14, 0, 15, 16, 17, 0),
	gsSP2Triangles(18, 19, 20, 0, 21, 22, 23, 0),
	gsSP2Triangles(24, 25, 26, 0, 27, 28, 29, 0),
	gsSPVertex(castle_grounds_dl_shujacg_mesh_layer_1_vtx_35 + 30, 31, 0),
	gsSP2Triangles(0, 1, 2, 0, 3, 4, 5, 0),
	gsSP2Triangles(6, 7, 8, 0, 9, 10, 11, 0),
	gsSP2Triangles(12, 13, 14, 0, 15, 16, 17, 0),
	gsSP2Triangles(18, 19, 20, 0, 18, 20, 21, 0),
	gsSP2Triangles(18, 21, 22, 0, 23, 24, 25, 0),
	gsSP2Triangles(23, 25, 26, 0, 27, 28, 29, 0),
	gsSP1Triangle(27, 29, 30, 0),
	gsSPVertex(castle_grounds_dl_shujacg_mesh_layer_1_vtx_35 + 61, 4, 0),
	gsSP2Triangles(0, 1, 2, 0, 2, 3, 0, 0),
	gsSPEndDisplayList(),
};

Vtx castle_grounds_dl_shujacg_mesh_layer_1_vtx_36[6] = {
	{{ {3531, -3266, 491}, 0, {-678, -5146}, {2, 66, 147, 255} }},
	{{ {4468, -3292, 491}, 0, {3797, -5146}, {2, 66, 147, 255} }},
	{{ {4470, -5063, -579}, 0, {4044, 4726}, {2, 66, 147, 255} }},
	{{ {3531, -3266, 491}, 0, {-1312, -4604}, {0, 65, 147, 255} }},
	{{ {4470, -5063, -579}, 0, {3161, 5383}, {0, 65, 147, 255} }},
	{{ {3517, -5064, -579}, 0, {-1389, 5383}, {0, 65, 147, 255} }},
};

Gfx castle_grounds_dl_shujacg_mesh_layer_1_tri_36[] = {
	gsSPVertex(castle_grounds_dl_shujacg_mesh_layer_1_vtx_36 + 0, 6, 0),
	gsSP2Triangles(0, 1, 2, 0, 3, 4, 5, 0),
	gsSPEndDisplayList(),
};

Vtx castle_grounds_dl_shujacg_mesh_layer_1_vtx_37[20] = {
	{{ {565, -2699, -840}, 0, {2200, 589}, {127, 0, 0, 255} }},
	{{ {274, -2699, -840}, 0, {468, 589}, {127, 0, 0, 255} }},
	{{ {160, -2699, -840}, 0, {-218, 589}, {127, 0, 0, 255} }},
	{{ {160, -2699, -840}, 0, {1830, 589}, {127, 0, 0, 255} }},
	{{ {-152, -2699, -840}, 0, {-26, 589}, {127, 0, 0, 255} }},
	{{ {-244, -2699, -840}, 0, {-573, 589}, {127, 0, 0, 255} }},
	{{ {160, -2699, -840}, 0, {3878, 589}, {127, 0, 0, 255} }},
	{{ {-244, -2699, -840}, 0, {1475, 589}, {127, 0, 0, 255} }},
	{{ {-557, -2699, -840}, 0, {-395, 589}, {127, 0, 0, 255} }},
	{{ {160, -2699, -840}, 0, {1830, 2637}, {0, 0, 129, 255} }},
	{{ {-453, -1812, -840}, 0, {-1821, -2651}, {0, 0, 129, 255} }},
	{{ {565, -2699, -840}, 0, {4248, 2637}, {0, 0, 129, 255} }},
	{{ {160, -2699, -840}, 0, {1830, 589}, {0, 0, 129, 255} }},
	{{ {160, -2751, -840}, 0, {1830, 897}, {0, 0, 129, 255} }},
	{{ {-152, -2751, -840}, 0, {-26, 897}, {0, 0, 129, 255} }},
	{{ {-152, -2699, -840}, 0, {-26, 589}, {0, 0, 129, 255} }},
	{{ {160, -2699, -840}, 0, {3878, 2637}, {0, 0, 129, 255} }},
	{{ {-557, -2699, -840}, 0, {-395, 2637}, {0, 0, 129, 255} }},
	{{ {-557, -1812, -840}, 0, {-395, -2651}, {0, 0, 129, 255} }},
	{{ {-453, -1812, -840}, 0, {227, -2651}, {0, 0, 129, 255} }},
};

Gfx castle_grounds_dl_shujacg_mesh_layer_1_tri_37[] = {
	gsSPVertex(castle_grounds_dl_shujacg_mesh_layer_1_vtx_37 + 0, 20, 0),
	gsSP2Triangles(0, 1, 2, 0, 3, 4, 5, 0),
	gsSP2Triangles(6, 7, 8, 0, 9, 10, 11, 0),
	gsSP2Triangles(12, 13, 14, 0, 12, 14, 15, 0),
	gsSP2Triangles(16, 17, 18, 0, 16, 18, 19, 0),
	gsSPEndDisplayList(),
};

Vtx castle_grounds_dl_shujacg_mesh_layer_1_vtx_38[27] = {
	{{ {-566, -2803, -840}, 0, {-12, -1996}, {127, 0, 0, 255} }},
	{{ {-244, -2803, -840}, 0, {269, -1996}, {127, 0, 0, 255} }},
	{{ {-152, -2803, -840}, 0, {348, -1996}, {127, 0, 0, 255} }},
	{{ {-152, -2803, -840}, 0, {348, -1996}, {129, 0, 0, 255} }},
	{{ {160, -2803, -840}, 0, {618, -1996}, {129, 0, 0, 255} }},
	{{ {274, -2803, -840}, 0, {718, -1996}, {127, 0, 0, 255} }},
	{{ {274, -2803, -840}, 0, {718, -1996}, {127, 0, 0, 255} }},
	{{ {574, -2803, -840}, 0, {978, -1996}, {127, 0, 0, 255} }},
	{{ {-152, -2751, -840}, 0, {-34, -139}, {0, 0, 129, 255} }},
	{{ {-152, -2803, -840}, 0, {-37, 325}, {0, 0, 129, 255} }},
	{{ {-244, -2803, -840}, 0, {-933, 323}, {0, 0, 129, 255} }},
	{{ {-152, -2803, -840}, 0, {438, 506}, {0, 0, 129, 255} }},
	{{ {-152, -2751, -840}, 0, {438, 486}, {0, 0, 129, 255} }},
	{{ {160, -2751, -840}, 0, {554, 486}, {0, 0, 129, 255} }},
	{{ {160, -2803, -840}, 0, {554, 506}, {0, 109, 191, 255} }},
	{{ {-152, -2803, -840}, 0, {348, -1359}, {0, 0, 129, 255} }},
	{{ {574, -2803, -840}, 0, {978, -1359}, {0, 0, 129, 255} }},
	{{ {574, -3321, -840}, 0, {978, -1996}, {0, 0, 129, 255} }},
	{{ {-566, -3321, -840}, 0, {-12, -1996}, {0, 0, 129, 255} }},
	{{ {-566, -2803, -840}, 0, {-12, -1359}, {0, 0, 129, 255} }},
	{{ {-244, -2699, -840}, 0, {-933, -604}, {0, 0, 129, 255} }},
	{{ {-152, -2699, -840}, 0, {-31, -602}, {0, 0, 129, 255} }},
	{{ {274, -2803, -840}, 0, {974, -1363}, {0, 0, 129, 255} }},
	{{ {160, -2803, -840}, 0, {753, -1363}, {0, 0, 129, 255} }},
	{{ {160, -2751, -840}, 0, {754, -1454}, {0, 0, 129, 255} }},
	{{ {160, -2699, -840}, 0, {754, -1544}, {0, 0, 129, 255} }},
	{{ {274, -2699, -840}, 0, {974, -1543}, {0, 0, 129, 255} }},
};

Gfx castle_grounds_dl_shujacg_mesh_layer_1_tri_38[] = {
	gsSPVertex(castle_grounds_dl_shujacg_mesh_layer_1_vtx_38 + 0, 27, 0),
	gsSP2Triangles(0, 1, 2, 0, 3, 4, 5, 0),
	gsSP2Triangles(3, 6, 7, 0, 8, 9, 10, 0),
	gsSP2Triangles(11, 12, 13, 0, 11, 13, 14, 0),
	gsSP2Triangles(15, 16, 17, 0, 15, 17, 18, 0),
	gsSP2Triangles(15, 18, 19, 0, 10, 20, 21, 0),
	gsSP2Triangles(10, 21, 8, 0, 22, 23, 24, 0),
	gsSP2Triangles(22, 24, 25, 0, 25, 26, 22, 0),
	gsSPEndDisplayList(),
};

Vtx castle_grounds_dl_shujacg_mesh_layer_1_vtx_39[10] = {
	{{ {-3116, -2117, -776}, 0, {-16, -303}, {111, 61, 0, 255} }},
	{{ {-3116, -2117, -856}, 0, {-16, -15}, {111, 61, 0, 255} }},
	{{ {-3754, -2680, -856}, 0, {1008, -15}, {111, 61, 0, 255} }},
	{{ {-3116, -2117, -776}, 0, {-16, -303}, {111, 61, 0, 255} }},
	{{ {-3754, -2680, -856}, 0, {1008, -15}, {111, 61, 0, 255} }},
	{{ {-3754, -2680, -783}, 0, {1008, -276}, {50, 27, 142, 255} }},
	{{ {3758, -2680, -783}, 0, {1008, -276}, {84, 95, 0, 255} }},
	{{ {3758, -2680, -856}, 0, {1008, -15}, {84, 95, 0, 255} }},
	{{ {3120, -2117, -856}, 0, {-16, -15}, {84, 95, 0, 255} }},
	{{ {3120, -2117, -776}, 0, {-16, -303}, {84, 95, 0, 255} }},
};

Gfx castle_grounds_dl_shujacg_mesh_layer_1_tri_39[] = {
	gsSPVertex(castle_grounds_dl_shujacg_mesh_layer_1_vtx_39 + 0, 10, 0),
	gsSP2Triangles(0, 1, 2, 0, 3, 4, 5, 0),
	gsSP2Triangles(6, 7, 8, 0, 6, 8, 9, 0),
	gsSPEndDisplayList(),
};

Vtx castle_grounds_dl_shujacg_mesh_layer_1_vtx_40[51] = {
	{{ {-7108, -4592, -1256}, 0, {-119, 387}, {35, 93, 176, 255} }},
	{{ {-6115, -4949, -1241}, 0, {-839, -526}, {35, 93, 176, 255} }},
	{{ {-7545, -5272, -2235}, 0, {1100, -298}, {35, 93, 176, 255} }},
	{{ {-7108, -4592, -1256}, 0, {1929, 387}, {41, 110, 208, 255} }},
	{{ {-5432, -4379, 667}, 0, {-891, 459}, {41, 110, 208, 255} }},
	{{ {-6115, -4949, -1241}, 0, {1209, -526}, {41, 110, 208, 255} }},
	{{ {-6769, -4253, 667}, 0, {91, 1566}, {12, 124, 232, 255} }},
	{{ {-5432, -4379, 667}, 0, {-891, 459}, {12, 124, 232, 255} }},
	{{ {-7108, -4592, -1256}, 0, {1929, 387}, {12, 124, 232, 255} }},
	{{ {-5432, -4379, 667}, 0, {-995, 195}, {98, 61, 203, 255} }},
	{{ {-4796, -5401, 667}, 0, {-1333, -1087}, {98, 61, 203, 255} }},
	{{ {-6115, -4949, -1241}, 0, {1209, -526}, {98, 61, 203, 255} }},
	{{ {-6115, -4949, -1241}, 0, {1209, 1522}, {93, 72, 209, 255} }},
	{{ {-4796, -5401, 667}, 0, {-1333, 961}, {93, 72, 209, 255} }},
	{{ {-5502, -5764, -1284}, 0, {927, 434}, {93, 72, 209, 255} }},
	{{ {-4796, -5401, 667}, 0, {-1390, 570}, {106, 51, 208, 255} }},
	{{ {-4429, -6168, 667}, 0, {-1434, -366}, {106, 51, 208, 255} }},
	{{ {-5502, -5764, -1284}, 0, {927, 434}, {106, 51, 208, 255} }},
	{{ {-5502, -5764, -1284}, 0, {927, 434}, {50, 114, 229, 255} }},
	{{ {-4429, -6168, 667}, 0, {-1434, -366}, {50, 114, 229, 255} }},
	{{ {-5551, -6711, -1345}, 0, {1165, -586}, {50, 114, 229, 255} }},
	{{ {-5502, -5764, -1284}, 0, {-1121, 434}, {97, 0, 175, 255} }},
	{{ {-5551, -6711, -1345}, 0, {-883, -586}, {97, 0, 175, 255} }},
	{{ {-6761, -6359, -2792}, 0, {1116, 102}, {97, 0, 175, 255} }},
	{{ {-6761, -6359, -2792}, 0, {1116, 102}, {44, 113, 217, 255} }},
	{{ {-5551, -6711, -1345}, 0, {-883, -586}, {44, 113, 217, 255} }},
	{{ {-6366, -7097, -2221}, 0, {482, -819}, {44, 113, 218, 255} }},
	{{ {-6761, -6359, -2792}, 0, {1116, 102}, {40, 112, 211, 255} }},
	{{ {-6366, -7097, -2221}, 0, {482, -819}, {40, 112, 211, 255} }},
	{{ {-7394, -7018, -3167}, 0, {1999, -537}, {40, 112, 211, 255} }},
	{{ {-6761, -6359, -2792}, 0, {1323, 70}, {46, 22, 140, 255} }},
	{{ {-7394, -7018, -3167}, 0, {2394, -129}, {46, 22, 140, 255} }},
	{{ {-7677, -6689, -3217}, 0, {2461, 348}, {46, 22, 140, 255} }},
	{{ {-7243, -5730, -2770}, 0, {1350, 942}, {41, 35, 141, 255} }},
	{{ {-6761, -6359, -2792}, 0, {1323, 70}, {41, 35, 141, 255} }},
	{{ {-7677, -6689, -3217}, 0, {2461, 348}, {41, 35, 141, 255} }},
	{{ {-6115, -4949, -1241}, 0, {-839, 1522}, {74, 59, 171, 255} }},
	{{ {-6761, -6359, -2792}, 0, {1116, 102}, {74, 59, 171, 255} }},
	{{ {-7243, -5730, -2770}, 0, {1350, 942}, {74, 59, 171, 255} }},
	{{ {-6115, -4949, -1241}, 0, {-839, 1522}, {73, 60, 171, 255} }},
	{{ {-5502, -5764, -1284}, 0, {-1121, 434}, {73, 60, 171, 255} }},
	{{ {-6761, -6359, -2792}, 0, {1116, 102}, {73, 60, 171, 255} }},
	{{ {-7545, -5272, -2235}, 0, {1100, -298}, {27, 101, 184, 255} }},
	{{ {-6115, -4949, -1241}, 0, {-839, -526}, {27, 101, 184, 255} }},
	{{ {-7243, -5730, -2770}, 0, {1350, -1106}, {27, 101, 184, 255} }},
	{{ {-7545, -5272, -2235}, 0, {1100, -298}, {113, 43, 216, 255} }},
	{{ {-7243, -5730, -2770}, 0, {1350, -1106}, {113, 43, 216, 255} }},
	{{ {-8185, -6242, -3173}, 0, {2605, -966}, {113, 43, 216, 255} }},
	{{ {-8185, -6242, -3173}, 0, {2605, 1082}, {27, 42, 139, 255} }},
	{{ {-7243, -5730, -2770}, 0, {1350, 942}, {27, 42, 139, 255} }},
	{{ {-7677, -6689, -3217}, 0, {2461, 348}, {27, 42, 139, 255} }},
};

Gfx castle_grounds_dl_shujacg_mesh_layer_1_tri_40[] = {
	gsSPVertex(castle_grounds_dl_shujacg_mesh_layer_1_vtx_40 + 0, 30, 0),
	gsSP2Triangles(0, 1, 2, 0, 3, 4, 5, 0),
	gsSP2Triangles(6, 7, 8, 0, 9, 10, 11, 0),
	gsSP2Triangles(12, 13, 14, 0, 15, 16, 17, 0),
	gsSP2Triangles(18, 19, 20, 0, 21, 22, 23, 0),
	gsSP2Triangles(24, 25, 26, 0, 27, 28, 29, 0),
	gsSPVertex(castle_grounds_dl_shujacg_mesh_layer_1_vtx_40 + 30, 21, 0),
	gsSP2Triangles(0, 1, 2, 0, 3, 4, 5, 0),
	gsSP2Triangles(6, 7, 8, 0, 9, 10, 11, 0),
	gsSP2Triangles(12, 13, 14, 0, 15, 16, 17, 0),
	gsSP1Triangle(18, 19, 20, 0),
	gsSPEndDisplayList(),
};

Vtx castle_grounds_dl_shujacg_mesh_layer_1_vtx_41[32] = {
	{{ {2965, -9874, -87}, 0, {619, -1734}, {127, 0, 0, 255} }},
	{{ {2965, -9816, -87}, 0, {959, -1734}, {127, 0, 0, 255} }},
	{{ {2965, -9816, -376}, 0, {959, 1042}, {127, 0, 0, 255} }},
	{{ {2965, -9874, -87}, 0, {619, -1734}, {127, 0, 0, 255} }},
	{{ {2965, -9816, -376}, 0, {959, 1042}, {127, 0, 0, 255} }},
	{{ {2965, -9855, -493}, 0, {732, 2164}, {127, 0, 0, 255} }},
	{{ {2965, -9874, -87}, 0, {619, -1734}, {127, 0, 0, 255} }},
	{{ {2965, -9855, -493}, 0, {732, 2164}, {127, 0, 0, 255} }},
	{{ {2965, -9870, -541}, 0, {640, 2620}, {127, 0, 0, 255} }},
	{{ {2965, -9874, -87}, 0, {619, -1734}, {127, 0, 0, 255} }},
	{{ {2965, -9870, -541}, 0, {640, 2620}, {127, 0, 0, 255} }},
	{{ {2965, -10010, -643}, 0, {-195, 3595}, {127, 0, 0, 255} }},
	{{ {2965, -9874, -87}, 0, {619, -1734}, {127, 0, 0, 255} }},
	{{ {2965, -10010, -643}, 0, {-195, 3595}, {127, 0, 0, 255} }},
	{{ {2965, -10096, -643}, 0, {-711, 3595}, {127, 0, 0, 255} }},
	{{ {2965, -10096, -643}, 0, {-711, 3595}, {127, 0, 0, 255} }},
	{{ {2965, -10183, -643}, 0, {-1227, 3595}, {127, 0, 0, 255} }},
	{{ {2965, -9874, -87}, 0, {619, -1734}, {127, 0, 0, 255} }},
	{{ {2965, -10183, -643}, 0, {-1227, 3595}, {127, 0, 0, 255} }},
	{{ {2965, -10323, -541}, 0, {-2063, 2620}, {127, 0, 0, 255} }},
	{{ {2965, -9874, -87}, 0, {619, -1734}, {127, 0, 0, 255} }},
	{{ {2965, -10323, -541}, 0, {-2063, 2620}, {127, 0, 0, 255} }},
	{{ {2965, -10338, -493}, 0, {-2155, 2164}, {127, 0, 0, 255} }},
	{{ {2965, -9874, -87}, 0, {619, -1734}, {127, 0, 0, 255} }},
	{{ {2965, -10338, -493}, 0, {-2155, 2164}, {127, 0, 0, 255} }},
	{{ {2965, -10377, -376}, 0, {-2382, 1042}, {127, 0, 0, 255} }},
	{{ {2965, -9874, -87}, 0, {619, -1734}, {127, 0, 0, 255} }},
	{{ {2965, -10377, -376}, 0, {-2382, 1042}, {127, 0, 0, 255} }},
	{{ {2965, -10377, -87}, 0, {-2382, -1734}, {127, 0, 0, 255} }},
	{{ {2965, -9874, -87}, 0, {619, 314}, {0, 129, 0, 255} }},
	{{ {2965, -10377, -87}, 0, {-2382, 314}, {0, 129, 0, 255} }},
	{{ {2965, -10319, -87}, 0, {-2041, 314}, {0, 129, 0, 255} }},
};

Gfx castle_grounds_dl_shujacg_mesh_layer_1_tri_41[] = {
	gsSPVertex(castle_grounds_dl_shujacg_mesh_layer_1_vtx_41 + 0, 32, 0),
	gsSP2Triangles(0, 1, 2, 0, 3, 4, 5, 0),
	gsSP2Triangles(6, 7, 8, 0, 9, 10, 11, 0),
	gsSP2Triangles(12, 13, 14, 0, 12, 15, 16, 0),
	gsSP2Triangles(17, 18, 19, 0, 20, 21, 22, 0),
	gsSP2Triangles(23, 24, 25, 0, 26, 27, 28, 0),
	gsSP1Triangle(29, 30, 31, 0),
	gsSPEndDisplayList(),
};

Vtx castle_grounds_dl_shujacg_mesh_layer_1_vtx_42[4] = {
	{{ {4974, -13484, 1768}, 0, {3054, -4034}, {0, 0, 129, 255} }},
	{{ {4974, -17481, 1768}, 0, {3054, 3049}, {0, 0, 129, 255} }},
	{{ {-3604, -17481, 1768}, 0, {-3768, 3049}, {0, 0, 129, 255} }},
	{{ {-3604, -13484, 1768}, 0, {-3768, -4034}, {0, 0, 129, 255} }},
};

Gfx castle_grounds_dl_shujacg_mesh_layer_1_tri_42[] = {
	gsSPVertex(castle_grounds_dl_shujacg_mesh_layer_1_vtx_42 + 0, 4, 0),
	gsSP2Triangles(0, 1, 2, 0, 0, 2, 3, 0),
	gsSPEndDisplayList(),
};

Vtx castle_grounds_dl_shujacg_mesh_layer_5_vtx_cull[8] = {
	{{ {-8297, -17481, 1840}, 0, {0, 0}, {0, 0, 0, 0} }},
	{{ {-8297, 7350, 1840}, 0, {0, 0}, {0, 0, 0, 0} }},
	{{ {-8297, 7350, -8147}, 0, {0, 0}, {0, 0, 0, 0} }},
	{{ {-8297, -17481, -8147}, 0, {0, 0}, {0, 0, 0, 0} }},
	{{ {8304, -17481, 1840}, 0, {0, 0}, {0, 0, 0, 0} }},
	{{ {8304, 7350, 1840}, 0, {0, 0}, {0, 0, 0, 0} }},
	{{ {8304, 7350, -8147}, 0, {0, 0}, {0, 0, 0, 0} }},
	{{ {8304, -17481, -8147}, 0, {0, 0}, {0, 0, 0, 0} }},
};

Vtx castle_grounds_dl_shujacg_mesh_layer_5_vtx_0[52] = {
	{{ {529, 221, 191}, 0, {561, 5686}, {0, 0, 129, 255} }},
	{{ {329, 282, 191}, 0, {-463, 5998}, {0, 0, 129, 255} }},
	{{ {529, 282, 191}, 0, {561, 5998}, {0, 0, 129, 255} }},
	{{ {329, 221, 191}, 0, {-463, 5686}, {0, 0, 129, 255} }},
	{{ {529, -754, 191}, 0, {561, 696}, {0, 0, 129, 255} }},
	{{ {5122, 221, 191}, 0, {24078, 5686}, {0, 0, 129, 255} }},
	{{ {5122, -754, 191}, 0, {24078, 696}, {0, 0, 129, 255} }},
	{{ {329, -754, 191}, 0, {-463, 695}, {0, 0, 129, 255} }},
	{{ {-4857, -754, 191}, 0, {-27016, 695}, {0, 0, 129, 255} }},
	{{ {-4857, 221, 191}, 0, {-27016, 5685}, {0, 0, 129, 255} }},
	{{ {-4857, 221, 191}, 0, {-27016, 5685}, {0, 0, 129, 255} }},
	{{ {-4857, 282, 191}, 0, {-27016, 5998}, {0, 0, 129, 255} }},
	{{ {329, -1770, 191}, 0, {-462, -4508}, {0, 0, 129, 255} }},
	{{ {-4857, -1998, 191}, 0, {-27015, -5675}, {0, 0, 129, 255} }},
	{{ {-4857, -1770, 191}, 0, {-27015, -4508}, {0, 0, 129, 255} }},
	{{ {329, -1998, 191}, 0, {-462, -5675}, {0, 0, 129, 255} }},
	{{ {529, -1998, 191}, 0, {561, -5675}, {0, 0, 129, 255} }},
	{{ {529, -1770, 191}, 0, {561, -4508}, {0, 0, 129, 255} }},
	{{ {329, -754, 191}, 0, {-462, 696}, {0, 0, 129, 255} }},
	{{ {-4857, -1770, 191}, 0, {-27015, -4508}, {0, 0, 129, 255} }},
	{{ {-4857, -754, 191}, 0, {-27015, 696}, {0, 0, 129, 255} }},
	{{ {529, -754, 191}, 0, {561, 696}, {0, 0, 129, 255} }},
	{{ {5122, -754, 191}, 0, {24077, 696}, {0, 0, 129, 255} }},
	{{ {5122, -1770, 191}, 0, {24077, -4508}, {0, 0, 129, 255} }},
	{{ {329, -5784, 191}, 0, {-463, -25060}, {0, 0, 129, 255} }},
	{{ {-4857, -5784, 191}, 0, {-27015, -25060}, {0, 0, 129, 255} }},
	{{ {-4857, -1998, 191}, 0, {-23943, -5675}, {0, 0, 129, 255} }},
	{{ {-4857, -5784, 191}, 0, {-23943, -25060}, {0, 0, 129, 255} }},
	{{ {-6115, -5784, 191}, 0, {-30384, -25060}, {0, 0, 129, 255} }},
	{{ {-6115, -1998, 191}, 0, {-30384, -5675}, {0, 0, 129, 255} }},
	{{ {5122, -1770, 191}, 0, {24077, -4508}, {0, 0, 129, 255} }},
	{{ {5122, -1998, 191}, 0, {24077, -5675}, {0, 0, 129, 255} }},
	{{ {529, -1998, 191}, 0, {561, -5675}, {0, 0, 129, 255} }},
	{{ {5122, -1998, 191}, 0, {24077, -5675}, {0, 0, 129, 255} }},
	{{ {5122, -4632, 191}, 0, {24077, -19160}, {0, 0, 129, 255} }},
	{{ {529, -4632, 191}, 0, {561, -19160}, {0, 0, 129, 255} }},
	{{ {5122, 221, 191}, 0, {24078, 566}, {0, 0, 129, 255} }},
	{{ {529, 221, 191}, 0, {561, 566}, {0, 0, 129, 255} }},
	{{ {529, 6237, 191}, 0, {561, 31368}, {0, 0, 129, 255} }},
	{{ {5122, 6237, 191}, 0, {24078, 31368}, {0, 0, 129, 255} }},
	{{ {5122, 221, 191}, 0, {15886, 566}, {0, 0, 129, 255} }},
	{{ {5122, 6237, 191}, 0, {15886, 31368}, {0, 0, 129, 255} }},
	{{ {8191, 6237, 191}, 0, {31599, 31368}, {0, 0, 129, 255} }},
	{{ {8191, 221, 191}, 0, {31599, 566}, {0, 0, 129, 255} }},
	{{ {8191, 6237, 191}, 0, {31599, 28296}, {0, 0, 129, 255} }},
	{{ {5122, 6237, 191}, 0, {15886, 28296}, {0, 0, 129, 255} }},
	{{ {5122, 6846, 191}, 0, {15885, 31414}, {0, 0, 129, 255} }},
	{{ {8191, 6846, 191}, 0, {31599, 31414}, {0, 0, 129, 255} }},
	{{ {5122, 6237, 191}, 0, {24078, 28296}, {0, 0, 129, 255} }},
	{{ {529, 6237, 191}, 0, {561, 28296}, {0, 0, 129, 255} }},
	{{ {529, 6846, 191}, 0, {561, 31414}, {0, 0, 129, 255} }},
	{{ {5122, 6846, 191}, 0, {24077, 31414}, {0, 0, 129, 255} }},
};

Gfx castle_grounds_dl_shujacg_mesh_layer_5_tri_0[] = {
	gsSPVertex(castle_grounds_dl_shujacg_mesh_layer_5_vtx_0 + 0, 32, 0),
	gsSP2Triangles(0, 1, 2, 0, 0, 3, 1, 0),
	gsSP2Triangles(4, 3, 0, 0, 4, 0, 5, 0),
	gsSP2Triangles(4, 5, 6, 0, 4, 7, 3, 0),
	gsSP2Triangles(3, 7, 8, 0, 3, 8, 9, 0),
	gsSP2Triangles(1, 3, 10, 0, 1, 10, 11, 0),
	gsSP2Triangles(12, 13, 14, 0, 12, 15, 13, 0),
	gsSP2Triangles(12, 16, 15, 0, 12, 17, 16, 0),
	gsSP2Triangles(18, 17, 12, 0, 18, 12, 19, 0),
	gsSP2Triangles(18, 19, 20, 0, 18, 21, 17, 0),
	gsSP2Triangles(17, 21, 22, 0, 17, 22, 23, 0),
	gsSP2Triangles(13, 15, 24, 0, 13, 24, 25, 0),
	gsSP2Triangles(26, 27, 28, 0, 26, 28, 29, 0),
	gsSP2Triangles(16, 17, 30, 0, 16, 30, 31, 0),
	gsSPVertex(castle_grounds_dl_shujacg_mesh_layer_5_vtx_0 + 32, 20, 0),
	gsSP2Triangles(0, 1, 2, 0, 0, 2, 3, 0),
	gsSP2Triangles(4, 5, 6, 0, 4, 6, 7, 0),
	gsSP2Triangles(8, 9, 10, 0, 8, 10, 11, 0),
	gsSP2Triangles(12, 13, 14, 0, 12, 14, 15, 0),
	gsSP2Triangles(16, 17, 18, 0, 16, 18, 19, 0),
	gsSPEndDisplayList(),
};

Gfx mat_castle_grounds_dl__0_f3d[] = {
	gsSPGeometryMode(G_CULL_BACK, 0),
	gsSPLightColor(LIGHT_1, 0xFFFFFFFF),
	gsSPLightColor(LIGHT_2, 0x7F7F7FFF),
	gsDPPipeSync(),
	gsDPSetCombineLERP(TEXEL0, 0, SHADE, 0, TEXEL0, 0, ENVIRONMENT, 0, TEXEL0, 0, SHADE, 0, TEXEL0, 0, ENVIRONMENT, 0),
	gsDPSetAlphaDither(G_AD_NOISE),
	gsDPSetTextureLUT(G_TT_RGBA16),
	gsSPTexture(65535, 65535, 0, 0, 1),
	gsDPSetTextureImage(G_IM_FMT_RGBA, G_IM_SIZ_16b, 1, castle_grounds_dl__0_pal_rgba16),
	gsDPSetTile(0, 0, 0, 256, 5, 0, G_TX_WRAP | G_TX_NOMIRROR, 0, 0, G_TX_WRAP | G_TX_NOMIRROR, 0, 0),
	gsDPLoadTLUTCmd(5, 62),
	gsDPSetTextureImage(G_IM_FMT_CI, G_IM_SIZ_8b_LOAD_BLOCK, 1, castle_grounds_dl__0_ci8),
	gsDPSetTile(G_IM_FMT_CI, G_IM_SIZ_8b_LOAD_BLOCK, 0, 0, 7, 0, G_TX_WRAP | G_TX_NOMIRROR, 0, 0, G_TX_WRAP | G_TX_NOMIRROR, 0, 0),
	gsDPLoadBlock(7, 0, 0, 511, 512),
	gsDPSetTile(G_IM_FMT_CI, G_IM_SIZ_8b, 4, 0, 0, 0, G_TX_WRAP | G_TX_NOMIRROR, 5, 0, G_TX_WRAP | G_TX_NOMIRROR, 5, 0),
	gsDPSetTileSize(0, 0, 0, 124, 124),
	gsSPEndDisplayList(),
};

Gfx mat_revert_castle_grounds_dl__0_f3d[] = {
	gsSPGeometryMode(0, G_CULL_BACK),
	gsDPPipeSync(),
	gsDPSetAlphaDither(G_AD_DISABLE),
	gsDPSetTextureLUT(G_TT_NONE),
	gsSPEndDisplayList(),
};

Gfx mat_castle_grounds_dl__1_f3d[] = {
	gsSPLightColor(LIGHT_1, 0xFFFFFFFF),
	gsSPLightColor(LIGHT_2, 0x7F7F7FFF),
	gsDPPipeSync(),
	gsDPSetCombineLERP(TEXEL0, 0, SHADE, 0, 0, 0, 0, ENVIRONMENT, TEXEL0, 0, SHADE, 0, 0, 0, 0, ENVIRONMENT),
	gsDPSetAlphaDither(G_AD_NOISE),
	gsDPSetTextureLUT(G_TT_RGBA16),
	gsSPTexture(65535, 65535, 0, 0, 1),
	gsDPSetTextureImage(G_IM_FMT_RGBA, G_IM_SIZ_16b, 1, castle_grounds_dl__1_pal_rgba16),
	gsDPSetTile(0, 0, 0, 256, 5, 0, G_TX_WRAP | G_TX_NOMIRROR, 0, 0, G_TX_WRAP | G_TX_NOMIRROR, 0, 0),
	gsDPLoadTLUTCmd(5, 19),
	gsDPSetTextureImage(G_IM_FMT_CI, G_IM_SIZ_8b_LOAD_BLOCK, 1, castle_grounds_dl__1_ci8),
	gsDPSetTile(G_IM_FMT_CI, G_IM_SIZ_8b_LOAD_BLOCK, 0, 0, 7, 0, G_TX_WRAP | G_TX_NOMIRROR, 0, 0, G_TX_WRAP | G_TX_NOMIRROR, 0, 0),
	gsDPLoadBlock(7, 0, 0, 511, 512),
	gsDPSetTile(G_IM_FMT_CI, G_IM_SIZ_8b, 4, 0, 0, 0, G_TX_WRAP | G_TX_NOMIRROR, 5, 0, G_TX_WRAP | G_TX_NOMIRROR, 5, 0),
	gsDPSetTileSize(0, 0, 0, 124, 124),
	gsSPEndDisplayList(),
};

Gfx mat_revert_castle_grounds_dl__1_f3d[] = {
	gsDPPipeSync(),
	gsDPSetAlphaDither(G_AD_DISABLE),
	gsDPSetTextureLUT(G_TT_NONE),
	gsSPEndDisplayList(),
};

Gfx mat_castle_grounds_dl__2_f3d[] = {
	gsSPGeometryMode(G_CULL_BACK, 0),
	gsSPLightColor(LIGHT_1, 0xFFFFFFFF),
	gsSPLightColor(LIGHT_2, 0x7F7F7FFF),
	gsDPPipeSync(),
	gsDPSetCombineLERP(TEXEL0, 0, SHADE, 0, TEXEL0, 0, ENVIRONMENT, 0, TEXEL0, 0, SHADE, 0, TEXEL0, 0, ENVIRONMENT, 0),
	gsDPSetAlphaDither(G_AD_NOISE),
	gsDPSetTextureLUT(G_TT_RGBA16),
	gsSPTexture(65535, 65535, 0, 0, 1),
	gsDPSetTextureImage(G_IM_FMT_RGBA, G_IM_SIZ_16b, 1, castle_grounds_dl__2_pal_rgba16),
	gsDPSetTile(0, 0, 0, 256, 5, 0, G_TX_WRAP | G_TX_NOMIRROR, 0, 0, G_TX_WRAP | G_TX_NOMIRROR, 0, 0),
	gsDPLoadTLUTCmd(5, 107),
	gsDPSetTextureImage(G_IM_FMT_CI, G_IM_SIZ_8b_LOAD_BLOCK, 1, castle_grounds_dl__2_ci8),
	gsDPSetTile(G_IM_FMT_CI, G_IM_SIZ_8b_LOAD_BLOCK, 0, 0, 7, 0, G_TX_WRAP | G_TX_NOMIRROR, 0, 0, G_TX_WRAP | G_TX_NOMIRROR, 0, 0),
	gsDPLoadBlock(7, 0, 0, 511, 512),
	gsDPSetTile(G_IM_FMT_CI, G_IM_SIZ_8b, 4, 0, 0, 0, G_TX_WRAP | G_TX_NOMIRROR, 5, 0, G_TX_WRAP | G_TX_NOMIRROR, 5, 0),
	gsDPSetTileSize(0, 0, 0, 124, 124),
	gsSPEndDisplayList(),
};

Gfx mat_revert_castle_grounds_dl__2_f3d[] = {
	gsSPGeometryMode(0, G_CULL_BACK),
	gsDPPipeSync(),
	gsDPSetAlphaDither(G_AD_DISABLE),
	gsDPSetTextureLUT(G_TT_NONE),
	gsSPEndDisplayList(),
};

Gfx mat_castle_grounds_dl__3_f3d[] = {
	gsSPGeometryMode(G_CULL_BACK, 0),
	gsSPLightColor(LIGHT_1, 0xFFFFFFFF),
	gsSPLightColor(LIGHT_2, 0x7F7F7FFF),
	gsDPPipeSync(),
	gsDPSetCombineLERP(TEXEL0, 0, SHADE, 0, TEXEL0, 0, ENVIRONMENT, 0, TEXEL0, 0, SHADE, 0, TEXEL0, 0, ENVIRONMENT, 0),
	gsDPSetAlphaDither(G_AD_NOISE),
	gsDPSetTextureLUT(G_TT_RGBA16),
	gsSPTexture(65535, 65535, 0, 0, 1),
	gsDPSetTextureImage(G_IM_FMT_RGBA, G_IM_SIZ_16b, 1, castle_grounds_dl__3_pal_rgba16),
	gsDPSetTile(0, 0, 0, 256, 5, 0, G_TX_WRAP | G_TX_NOMIRROR, 0, 0, G_TX_WRAP | G_TX_NOMIRROR, 0, 0),
	gsDPLoadTLUTCmd(5, 107),
	gsDPSetTextureImage(G_IM_FMT_CI, G_IM_SIZ_8b_LOAD_BLOCK, 1, castle_grounds_dl__3_ci8),
	gsDPSetTile(G_IM_FMT_CI, G_IM_SIZ_8b_LOAD_BLOCK, 0, 0, 7, 0, G_TX_WRAP | G_TX_NOMIRROR, 0, 0, G_TX_WRAP | G_TX_NOMIRROR, 0, 0),
	gsDPLoadBlock(7, 0, 0, 511, 512),
	gsDPSetTile(G_IM_FMT_CI, G_IM_SIZ_8b, 4, 0, 0, 0, G_TX_WRAP | G_TX_NOMIRROR, 5, 0, G_TX_WRAP | G_TX_NOMIRROR, 5, 0),
	gsDPSetTileSize(0, 0, 0, 124, 124),
	gsSPEndDisplayList(),
};

Gfx mat_revert_castle_grounds_dl__3_f3d[] = {
	gsSPGeometryMode(0, G_CULL_BACK),
	gsDPPipeSync(),
	gsDPSetAlphaDither(G_AD_DISABLE),
	gsDPSetTextureLUT(G_TT_NONE),
	gsSPEndDisplayList(),
};

Gfx mat_castle_grounds_dl__4_f3d[] = {
	gsSPGeometryMode(G_CULL_BACK, 0),
	gsSPLightColor(LIGHT_1, 0xFFFFFFFF),
	gsSPLightColor(LIGHT_2, 0x7F7F7FFF),
	gsDPPipeSync(),
	gsDPSetCombineLERP(TEXEL0, 0, SHADE, 0, TEXEL0, 0, ENVIRONMENT, 0, TEXEL0, 0, SHADE, 0, TEXEL0, 0, ENVIRONMENT, 0),
	gsDPSetAlphaDither(G_AD_NOISE),
	gsDPSetTextureLUT(G_TT_RGBA16),
	gsSPTexture(65535, 65535, 0, 0, 1),
	gsDPSetTextureImage(G_IM_FMT_RGBA, G_IM_SIZ_16b, 1, castle_grounds_dl__4_pal_rgba16),
	gsDPSetTile(0, 0, 0, 256, 5, 0, G_TX_WRAP | G_TX_NOMIRROR, 0, 0, G_TX_WRAP | G_TX_NOMIRROR, 0, 0),
	gsDPLoadTLUTCmd(5, 60),
	gsDPSetTextureImage(G_IM_FMT_CI, G_IM_SIZ_8b_LOAD_BLOCK, 1, castle_grounds_dl__4_ci8),
	gsDPSetTile(G_IM_FMT_CI, G_IM_SIZ_8b_LOAD_BLOCK, 0, 0, 7, 0, G_TX_WRAP | G_TX_NOMIRROR, 0, 0, G_TX_WRAP | G_TX_NOMIRROR, 0, 0),
	gsDPLoadBlock(7, 0, 0, 511, 512),
	gsDPSetTile(G_IM_FMT_CI, G_IM_SIZ_8b, 4, 0, 0, 0, G_TX_WRAP | G_TX_NOMIRROR, 5, 0, G_TX_WRAP | G_TX_NOMIRROR, 5, 0),
	gsDPSetTileSize(0, 0, 0, 124, 124),
	gsSPEndDisplayList(),
};

Gfx mat_revert_castle_grounds_dl__4_f3d[] = {
	gsSPGeometryMode(0, G_CULL_BACK),
	gsDPPipeSync(),
	gsDPSetAlphaDither(G_AD_DISABLE),
	gsDPSetTextureLUT(G_TT_NONE),
	gsSPEndDisplayList(),
};

Gfx mat_castle_grounds_dl__6_f3d[] = {
	gsSPLightColor(LIGHT_1, 0xFFFFFFFF),
	gsSPLightColor(LIGHT_2, 0x7F7F7FFF),
	gsDPPipeSync(),
	gsDPSetCombineLERP(TEXEL0, 0, SHADE, 0, 0, 0, 0, ENVIRONMENT, TEXEL0, 0, SHADE, 0, 0, 0, 0, ENVIRONMENT),
	gsDPSetAlphaDither(G_AD_NOISE),
	gsDPSetTextureLUT(G_TT_RGBA16),
	gsSPTexture(65535, 65535, 0, 0, 1),
	gsDPSetTextureImage(G_IM_FMT_RGBA, G_IM_SIZ_16b, 1, castle_grounds_dl__6_pal_rgba16),
	gsDPSetTile(0, 0, 0, 256, 5, 0, G_TX_WRAP | G_TX_NOMIRROR, 0, 0, G_TX_WRAP | G_TX_NOMIRROR, 0, 0),
	gsDPLoadTLUTCmd(5, 97),
	gsDPSetTextureImage(G_IM_FMT_CI, G_IM_SIZ_8b_LOAD_BLOCK, 1, castle_grounds_dl__6_ci8),
	gsDPSetTile(G_IM_FMT_CI, G_IM_SIZ_8b_LOAD_BLOCK, 0, 0, 7, 0, G_TX_WRAP | G_TX_NOMIRROR, 0, 0, G_TX_WRAP | G_TX_NOMIRROR, 0, 0),
	gsDPLoadBlock(7, 0, 0, 511, 512),
	gsDPSetTile(G_IM_FMT_CI, G_IM_SIZ_8b, 4, 0, 0, 0, G_TX_WRAP | G_TX_NOMIRROR, 5, 0, G_TX_WRAP | G_TX_NOMIRROR, 5, 0),
	gsDPSetTileSize(0, 0, 0, 124, 124),
	gsSPEndDisplayList(),
};

Gfx mat_revert_castle_grounds_dl__6_f3d[] = {
	gsDPPipeSync(),
	gsDPSetAlphaDither(G_AD_DISABLE),
	gsDPSetTextureLUT(G_TT_NONE),
	gsSPEndDisplayList(),
};

Gfx mat_castle_grounds_dl__7_f3d[] = {
	gsSPLightColor(LIGHT_1, 0xFFFFFFFF),
	gsSPLightColor(LIGHT_2, 0x7F7F7FFF),
	gsDPPipeSync(),
	gsDPSetCombineLERP(TEXEL0, 0, SHADE, 0, 0, 0, 0, ENVIRONMENT, TEXEL0, 0, SHADE, 0, 0, 0, 0, ENVIRONMENT),
	gsDPSetAlphaDither(G_AD_NOISE),
	gsDPSetTextureLUT(G_TT_RGBA16),
	gsSPTexture(65535, 65535, 0, 0, 1),
	gsDPSetTextureImage(G_IM_FMT_RGBA, G_IM_SIZ_16b, 1, castle_grounds_dl__7_pal_rgba16),
	gsDPSetTile(0, 0, 0, 256, 5, 0, G_TX_WRAP | G_TX_NOMIRROR, 0, 0, G_TX_WRAP | G_TX_NOMIRROR, 0, 0),
	gsDPLoadTLUTCmd(5, 226),
	gsDPSetTextureImage(G_IM_FMT_CI, G_IM_SIZ_8b_LOAD_BLOCK, 1, castle_grounds_dl__7_ci8),
	gsDPSetTile(G_IM_FMT_CI, G_IM_SIZ_8b_LOAD_BLOCK, 0, 0, 7, 0, G_TX_WRAP | G_TX_NOMIRROR, 0, 0, G_TX_WRAP | G_TX_NOMIRROR, 0, 0),
	gsDPLoadBlock(7, 0, 0, 511, 512),
	gsDPSetTile(G_IM_FMT_CI, G_IM_SIZ_8b, 4, 0, 0, 0, G_TX_WRAP | G_TX_NOMIRROR, 5, 0, G_TX_WRAP | G_TX_NOMIRROR, 5, 0),
	gsDPSetTileSize(0, 0, 0, 124, 124),
	gsSPEndDisplayList(),
};

Gfx mat_revert_castle_grounds_dl__7_f3d[] = {
	gsDPPipeSync(),
	gsDPSetAlphaDither(G_AD_DISABLE),
	gsDPSetTextureLUT(G_TT_NONE),
	gsSPEndDisplayList(),
};

Gfx mat_castle_grounds_dl__8_f3d[] = {
	gsSPLightColor(LIGHT_1, 0xFFFFFFFF),
	gsSPLightColor(LIGHT_2, 0x7F7F7FFF),
	gsDPPipeSync(),
	gsDPSetCombineLERP(TEXEL0, 0, SHADE, 0, 0, 0, 0, ENVIRONMENT, TEXEL0, 0, SHADE, 0, 0, 0, 0, ENVIRONMENT),
	gsDPSetAlphaDither(G_AD_NOISE),
	gsDPSetTextureLUT(G_TT_RGBA16),
	gsSPTexture(65535, 65535, 0, 0, 1),
	gsDPSetTextureImage(G_IM_FMT_RGBA, G_IM_SIZ_16b, 1, castle_grounds_dl__8_pal_rgba16),
	gsDPSetTile(0, 0, 0, 256, 5, 0, G_TX_WRAP | G_TX_NOMIRROR, 0, 0, G_TX_WRAP | G_TX_NOMIRROR, 0, 0),
	gsDPLoadTLUTCmd(5, 157),
	gsDPSetTextureImage(G_IM_FMT_CI, G_IM_SIZ_8b_LOAD_BLOCK, 1, castle_grounds_dl__8_ci8),
	gsDPSetTile(G_IM_FMT_CI, G_IM_SIZ_8b_LOAD_BLOCK, 0, 0, 7, 0, G_TX_WRAP | G_TX_NOMIRROR, 0, 0, G_TX_WRAP | G_TX_NOMIRROR, 0, 0),
	gsDPLoadBlock(7, 0, 0, 1023, 256),
	gsDPSetTile(G_IM_FMT_CI, G_IM_SIZ_8b, 8, 0, 0, 0, G_TX_WRAP | G_TX_NOMIRROR, 5, 0, G_TX_WRAP | G_TX_NOMIRROR, 6, 0),
	gsDPSetTileSize(0, 0, 0, 252, 124),
	gsSPEndDisplayList(),
};

Gfx mat_revert_castle_grounds_dl__8_f3d[] = {
	gsDPPipeSync(),
	gsDPSetAlphaDither(G_AD_DISABLE),
	gsDPSetTextureLUT(G_TT_NONE),
	gsSPEndDisplayList(),
};

Gfx mat_castle_grounds_dl__9_f3d[] = {
	gsSPLightColor(LIGHT_1, 0xFFFFFFFF),
	gsSPLightColor(LIGHT_2, 0x7F7F7FFF),
	gsDPPipeSync(),
	gsDPSetCombineLERP(TEXEL0, 0, SHADE, 0, 0, 0, 0, ENVIRONMENT, TEXEL0, 0, SHADE, 0, 0, 0, 0, ENVIRONMENT),
	gsDPSetAlphaDither(G_AD_NOISE),
	gsDPSetTextureLUT(G_TT_RGBA16),
	gsSPTexture(65535, 65535, 0, 0, 1),
	gsDPSetTextureImage(G_IM_FMT_RGBA, G_IM_SIZ_16b, 1, castle_grounds_dl__9_pal_rgba16),
	gsDPSetTile(0, 0, 0, 256, 5, 0, G_TX_WRAP | G_TX_NOMIRROR, 0, 0, G_TX_WRAP | G_TX_NOMIRROR, 0, 0),
	gsDPLoadTLUTCmd(5, 14),
	gsDPSetTextureImage(G_IM_FMT_CI, G_IM_SIZ_16b, 1, castle_grounds_dl__9_ci4),
	gsDPSetTile(G_IM_FMT_CI, G_IM_SIZ_16b, 0, 0, 7, 0, G_TX_WRAP | G_TX_NOMIRROR, 0, 0, G_TX_WRAP | G_TX_NOMIRROR, 0, 0),
	gsDPLoadBlock(7, 0, 0, 255, 1024),
	gsDPSetTile(G_IM_FMT_CI, G_IM_SIZ_4b, 2, 0, 0, 0, G_TX_WRAP | G_TX_NOMIRROR, 5, 0, G_TX_WRAP | G_TX_NOMIRROR, 5, 0),
	gsDPSetTileSize(0, 0, 0, 124, 124),
	gsSPEndDisplayList(),
};

Gfx mat_revert_castle_grounds_dl__9_f3d[] = {
	gsDPPipeSync(),
	gsDPSetAlphaDither(G_AD_DISABLE),
	gsDPSetTextureLUT(G_TT_NONE),
	gsSPEndDisplayList(),
};

Gfx mat_castle_grounds_dl__10_f3d[] = {
	gsSPLightColor(LIGHT_1, 0xFFFFFFFF),
	gsSPLightColor(LIGHT_2, 0x7F7F7FFF),
	gsDPPipeSync(),
	gsDPSetCombineLERP(TEXEL0, 0, SHADE, 0, 0, 0, 0, ENVIRONMENT, TEXEL0, 0, SHADE, 0, 0, 0, 0, ENVIRONMENT),
	gsDPSetAlphaDither(G_AD_NOISE),
	gsDPSetTextureLUT(G_TT_RGBA16),
	gsSPTexture(65535, 65535, 0, 0, 1),
	gsDPSetTextureImage(G_IM_FMT_RGBA, G_IM_SIZ_16b, 1, castle_grounds_dl__10_pal_rgba16),
	gsDPSetTile(0, 0, 0, 256, 5, 0, G_TX_WRAP | G_TX_NOMIRROR, 0, 0, G_TX_WRAP | G_TX_NOMIRROR, 0, 0),
	gsDPLoadTLUTCmd(5, 222),
	gsDPSetTextureImage(G_IM_FMT_CI, G_IM_SIZ_8b_LOAD_BLOCK, 1, castle_grounds_dl__10_ci8),
	gsDPSetTile(G_IM_FMT_CI, G_IM_SIZ_8b_LOAD_BLOCK, 0, 0, 7, 0, G_TX_WRAP | G_TX_NOMIRROR, 0, 0, G_TX_WRAP | G_TX_NOMIRROR, 0, 0),
	gsDPLoadBlock(7, 0, 0, 1023, 256),
	gsDPSetTile(G_IM_FMT_CI, G_IM_SIZ_8b, 8, 0, 0, 0, G_TX_WRAP | G_TX_NOMIRROR, 5, 0, G_TX_WRAP | G_TX_NOMIRROR, 6, 0),
	gsDPSetTileSize(0, 0, 0, 252, 124),
	gsSPEndDisplayList(),
};

Gfx mat_revert_castle_grounds_dl__10_f3d[] = {
	gsDPPipeSync(),
	gsDPSetAlphaDither(G_AD_DISABLE),
	gsDPSetTextureLUT(G_TT_NONE),
	gsSPEndDisplayList(),
};

Gfx mat_castle_grounds_dl__11_f3d[] = {
	gsSPLightColor(LIGHT_1, 0xFFFFFFFF),
	gsSPLightColor(LIGHT_2, 0x7F7F7FFF),
	gsDPPipeSync(),
	gsDPSetCombineLERP(TEXEL0, 0, SHADE, 0, 0, 0, 0, ENVIRONMENT, TEXEL0, 0, SHADE, 0, 0, 0, 0, ENVIRONMENT),
	gsDPSetAlphaDither(G_AD_NOISE),
	gsDPSetTextureLUT(G_TT_RGBA16),
	gsSPTexture(65535, 65535, 0, 0, 1),
	gsDPSetTextureImage(G_IM_FMT_RGBA, G_IM_SIZ_16b, 1, castle_grounds_dl__11_pal_rgba16),
	gsDPSetTile(0, 0, 0, 256, 5, 0, G_TX_WRAP | G_TX_NOMIRROR, 0, 0, G_TX_WRAP | G_TX_NOMIRROR, 0, 0),
	gsDPLoadTLUTCmd(5, 60),
	gsDPSetTextureImage(G_IM_FMT_CI, G_IM_SIZ_8b_LOAD_BLOCK, 1, castle_grounds_dl__11_ci8),
	gsDPSetTile(G_IM_FMT_CI, G_IM_SIZ_8b_LOAD_BLOCK, 0, 0, 7, 0, G_TX_WRAP | G_TX_NOMIRROR, 0, 0, G_TX_WRAP | G_TX_NOMIRROR, 0, 0),
	gsDPLoadBlock(7, 0, 0, 511, 512),
	gsDPSetTile(G_IM_FMT_CI, G_IM_SIZ_8b, 4, 0, 0, 0, G_TX_WRAP | G_TX_NOMIRROR, 5, 0, G_TX_WRAP | G_TX_NOMIRROR, 5, 0),
	gsDPSetTileSize(0, 0, 0, 124, 124),
	gsSPEndDisplayList(),
};

Gfx mat_revert_castle_grounds_dl__11_f3d[] = {
	gsDPPipeSync(),
	gsDPSetAlphaDither(G_AD_DISABLE),
	gsDPSetTextureLUT(G_TT_NONE),
	gsSPEndDisplayList(),
};

Gfx mat_castle_grounds_dl__12_f3d[] = {
	gsSPLightColor(LIGHT_1, 0xFFFFFFFF),
	gsSPLightColor(LIGHT_2, 0x7F7F7FFF),
	gsDPPipeSync(),
	gsDPSetCombineLERP(TEXEL0, 0, SHADE, 0, 0, 0, 0, ENVIRONMENT, TEXEL0, 0, SHADE, 0, 0, 0, 0, ENVIRONMENT),
	gsDPSetAlphaDither(G_AD_NOISE),
	gsSPTexture(65535, 65535, 0, 0, 1),
	gsDPSetTextureImage(G_IM_FMT_RGBA, G_IM_SIZ_16b_LOAD_BLOCK, 1, castle_grounds_dl__12_rgba16),
	gsDPSetTile(G_IM_FMT_RGBA, G_IM_SIZ_16b_LOAD_BLOCK, 0, 0, 7, 0, G_TX_WRAP | G_TX_NOMIRROR, 0, 0, G_TX_WRAP | G_TX_NOMIRROR, 0, 0),
	gsDPLoadBlock(7, 0, 0, 1023, 256),
	gsDPSetTile(G_IM_FMT_RGBA, G_IM_SIZ_16b, 8, 0, 0, 0, G_TX_WRAP | G_TX_NOMIRROR, 5, 0, G_TX_WRAP | G_TX_NOMIRROR, 5, 0),
	gsDPSetTileSize(0, 0, 0, 124, 124),
	gsSPEndDisplayList(),
};

Gfx mat_revert_castle_grounds_dl__12_f3d[] = {
	gsDPPipeSync(),
	gsDPSetAlphaDither(G_AD_DISABLE),
	gsSPEndDisplayList(),
};

Gfx mat_castle_grounds_dl__13_f3d[] = {
	gsSPLightColor(LIGHT_1, 0xFFFFFFFF),
	gsSPLightColor(LIGHT_2, 0x7F7F7FFF),
	gsDPPipeSync(),
	gsDPSetCombineLERP(TEXEL0, 0, SHADE, 0, 0, 0, 0, ENVIRONMENT, TEXEL0, 0, SHADE, 0, 0, 0, 0, ENVIRONMENT),
	gsDPSetAlphaDither(G_AD_NOISE),
	gsSPTexture(65535, 65535, 0, 0, 1),
	gsDPSetTextureImage(G_IM_FMT_RGBA, G_IM_SIZ_16b_LOAD_BLOCK, 1, castle_grounds_dl__13_rgba16),
	gsDPSetTile(G_IM_FMT_RGBA, G_IM_SIZ_16b_LOAD_BLOCK, 0, 0, 7, 0, G_TX_WRAP | G_TX_NOMIRROR, 0, 0, G_TX_WRAP | G_TX_NOMIRROR, 0, 0),
	gsDPLoadBlock(7, 0, 0, 1023, 256),
	gsDPSetTile(G_IM_FMT_RGBA, G_IM_SIZ_16b, 8, 0, 0, 0, G_TX_WRAP | G_TX_NOMIRROR, 5, 0, G_TX_WRAP | G_TX_NOMIRROR, 5, 0),
	gsDPSetTileSize(0, 0, 0, 124, 124),
	gsSPEndDisplayList(),
};

Gfx mat_revert_castle_grounds_dl__13_f3d[] = {
	gsDPPipeSync(),
	gsDPSetAlphaDither(G_AD_DISABLE),
	gsSPEndDisplayList(),
};

Gfx mat_castle_grounds_dl__14_f3d[] = {
	gsSPLightColor(LIGHT_1, 0xFFFFFFFF),
	gsSPLightColor(LIGHT_2, 0x7F7F7FFF),
	gsDPPipeSync(),
	gsDPSetCombineLERP(TEXEL0, 0, SHADE, 0, 0, 0, 0, ENVIRONMENT, TEXEL0, 0, SHADE, 0, 0, 0, 0, ENVIRONMENT),
	gsDPSetAlphaDither(G_AD_NOISE),
	gsDPSetTextureLUT(G_TT_RGBA16),
	gsSPTexture(65535, 65535, 0, 0, 1),
	gsDPSetTextureImage(G_IM_FMT_RGBA, G_IM_SIZ_16b, 1, castle_grounds_dl__14_pal_rgba16),
	gsDPSetTile(0, 0, 0, 256, 5, 0, G_TX_WRAP | G_TX_NOMIRROR, 0, 0, G_TX_WRAP | G_TX_NOMIRROR, 0, 0),
	gsDPLoadTLUTCmd(5, 27),
	gsDPSetTextureImage(G_IM_FMT_CI, G_IM_SIZ_8b_LOAD_BLOCK, 1, castle_grounds_dl__14_ci8),
	gsDPSetTile(G_IM_FMT_CI, G_IM_SIZ_8b_LOAD_BLOCK, 0, 0, 7, 0, G_TX_WRAP | G_TX_NOMIRROR, 0, 0, G_TX_WRAP | G_TX_NOMIRROR, 0, 0),
	gsDPLoadBlock(7, 0, 0, 511, 512),
	gsDPSetTile(G_IM_FMT_CI, G_IM_SIZ_8b, 4, 0, 0, 0, G_TX_WRAP | G_TX_NOMIRROR, 5, 0, G_TX_WRAP | G_TX_NOMIRROR, 5, 0),
	gsDPSetTileSize(0, 0, 0, 124, 124),
	gsSPEndDisplayList(),
};

Gfx mat_revert_castle_grounds_dl__14_f3d[] = {
	gsDPPipeSync(),
	gsDPSetAlphaDither(G_AD_DISABLE),
	gsDPSetTextureLUT(G_TT_NONE),
	gsSPEndDisplayList(),
};

Gfx mat_castle_grounds_dl__15_f3d[] = {
	gsSPLightColor(LIGHT_1, 0xFFFFFFFF),
	gsSPLightColor(LIGHT_2, 0x7F7F7FFF),
	gsDPPipeSync(),
	gsDPSetCombineLERP(TEXEL0, 0, SHADE, 0, 0, 0, 0, ENVIRONMENT, TEXEL0, 0, SHADE, 0, 0, 0, 0, ENVIRONMENT),
	gsDPSetAlphaDither(G_AD_NOISE),
	gsDPSetTextureLUT(G_TT_RGBA16),
	gsSPTexture(65535, 65535, 0, 0, 1),
	gsDPSetTextureImage(G_IM_FMT_RGBA, G_IM_SIZ_16b, 1, castle_grounds_dl__15_pal_rgba16),
	gsDPSetTile(0, 0, 0, 256, 5, 0, G_TX_WRAP | G_TX_NOMIRROR, 0, 0, G_TX_WRAP | G_TX_NOMIRROR, 0, 0),
	gsDPLoadTLUTCmd(5, 75),
	gsDPSetTextureImage(G_IM_FMT_CI, G_IM_SIZ_8b_LOAD_BLOCK, 1, castle_grounds_dl__15_ci8),
	gsDPSetTile(G_IM_FMT_CI, G_IM_SIZ_8b_LOAD_BLOCK, 0, 0, 7, 0, G_TX_WRAP | G_TX_NOMIRROR, 0, 0, G_TX_WRAP | G_TX_NOMIRROR, 0, 0),
	gsDPLoadBlock(7, 0, 0, 511, 512),
	gsDPSetTile(G_IM_FMT_CI, G_IM_SIZ_8b, 4, 0, 0, 0, G_TX_WRAP | G_TX_NOMIRROR, 5, 0, G_TX_WRAP | G_TX_NOMIRROR, 5, 0),
	gsDPSetTileSize(0, 0, 0, 124, 124),
	gsSPEndDisplayList(),
};

Gfx mat_revert_castle_grounds_dl__15_f3d[] = {
	gsDPPipeSync(),
	gsDPSetAlphaDither(G_AD_DISABLE),
	gsDPSetTextureLUT(G_TT_NONE),
	gsSPEndDisplayList(),
};

Gfx mat_castle_grounds_dl__16_f3d[] = {
	gsSPLightColor(LIGHT_1, 0xFFFFFFFF),
	gsSPLightColor(LIGHT_2, 0x7F7F7FFF),
	gsDPPipeSync(),
	gsDPSetCombineLERP(TEXEL0, 0, SHADE, 0, 0, 0, 0, ENVIRONMENT, TEXEL0, 0, SHADE, 0, 0, 0, 0, ENVIRONMENT),
	gsDPSetAlphaDither(G_AD_NOISE),
	gsDPSetTextureLUT(G_TT_RGBA16),
	gsSPTexture(65535, 65535, 0, 0, 1),
	gsDPSetTextureImage(G_IM_FMT_RGBA, G_IM_SIZ_16b, 1, castle_grounds_dl__16_pal_rgba16),
	gsDPSetTile(0, 0, 0, 256, 5, 0, G_TX_WRAP | G_TX_NOMIRROR, 0, 0, G_TX_WRAP | G_TX_NOMIRROR, 0, 0),
	gsDPLoadTLUTCmd(5, 109),
	gsDPSetTextureImage(G_IM_FMT_CI, G_IM_SIZ_8b_LOAD_BLOCK, 1, castle_grounds_dl__16_ci8),
	gsDPSetTile(G_IM_FMT_CI, G_IM_SIZ_8b_LOAD_BLOCK, 0, 0, 7, 0, G_TX_WRAP | G_TX_NOMIRROR, 0, 0, G_TX_WRAP | G_TX_NOMIRROR, 0, 0),
	gsDPLoadBlock(7, 0, 0, 511, 512),
	gsDPSetTile(G_IM_FMT_CI, G_IM_SIZ_8b, 4, 0, 0, 0, G_TX_WRAP | G_TX_NOMIRROR, 5, 0, G_TX_WRAP | G_TX_NOMIRROR, 5, 0),
	gsDPSetTileSize(0, 0, 0, 124, 124),
	gsSPEndDisplayList(),
};

Gfx mat_revert_castle_grounds_dl__16_f3d[] = {
	gsDPPipeSync(),
	gsDPSetAlphaDither(G_AD_DISABLE),
	gsDPSetTextureLUT(G_TT_NONE),
	gsSPEndDisplayList(),
};

Gfx mat_castle_grounds_dl__17_f3d[] = {
	gsSPLightColor(LIGHT_1, 0xFFFFFFFF),
	gsSPLightColor(LIGHT_2, 0x7F7F7FFF),
	gsDPPipeSync(),
	gsDPSetCombineLERP(TEXEL0, 0, SHADE, 0, 0, 0, 0, ENVIRONMENT, TEXEL0, 0, SHADE, 0, 0, 0, 0, ENVIRONMENT),
	gsDPSetAlphaDither(G_AD_NOISE),
	gsDPSetTextureLUT(G_TT_RGBA16),
	gsSPTexture(65535, 65535, 0, 0, 1),
	gsDPSetTextureImage(G_IM_FMT_RGBA, G_IM_SIZ_16b, 1, castle_grounds_dl__17_pal_rgba16),
	gsDPSetTile(0, 0, 0, 256, 5, 0, G_TX_WRAP | G_TX_NOMIRROR, 0, 0, G_TX_WRAP | G_TX_NOMIRROR, 0, 0),
	gsDPLoadTLUTCmd(5, 70),
	gsDPSetTextureImage(G_IM_FMT_CI, G_IM_SIZ_8b_LOAD_BLOCK, 1, castle_grounds_dl__17_ci8),
	gsDPSetTile(G_IM_FMT_CI, G_IM_SIZ_8b_LOAD_BLOCK, 0, 0, 7, 0, G_TX_WRAP | G_TX_NOMIRROR, 0, 0, G_TX_WRAP | G_TX_NOMIRROR, 0, 0),
	gsDPLoadBlock(7, 0, 0, 511, 512),
	gsDPSetTile(G_IM_FMT_CI, G_IM_SIZ_8b, 4, 0, 0, 0, G_TX_WRAP | G_TX_NOMIRROR, 5, 0, G_TX_WRAP | G_TX_NOMIRROR, 5, 0),
	gsDPSetTileSize(0, 0, 0, 124, 124),
	gsSPEndDisplayList(),
};

Gfx mat_revert_castle_grounds_dl__17_f3d[] = {
	gsDPPipeSync(),
	gsDPSetAlphaDither(G_AD_DISABLE),
	gsDPSetTextureLUT(G_TT_NONE),
	gsSPEndDisplayList(),
};

Gfx mat_castle_grounds_dl__18_f3d[] = {
	gsSPLightColor(LIGHT_1, 0xFFFFFFFF),
	gsSPLightColor(LIGHT_2, 0x7F7F7FFF),
	gsDPPipeSync(),
	gsDPSetCombineLERP(TEXEL0, 0, SHADE, 0, 0, 0, 0, ENVIRONMENT, TEXEL0, 0, SHADE, 0, 0, 0, 0, ENVIRONMENT),
	gsDPSetAlphaDither(G_AD_NOISE),
	gsDPSetTextureLUT(G_TT_RGBA16),
	gsSPTexture(65535, 65535, 0, 0, 1),
	gsDPSetTextureImage(G_IM_FMT_RGBA, G_IM_SIZ_16b, 1, castle_grounds_dl__18_pal_rgba16),
	gsDPSetTile(0, 0, 0, 256, 5, 0, G_TX_WRAP | G_TX_NOMIRROR, 0, 0, G_TX_WRAP | G_TX_NOMIRROR, 0, 0),
	gsDPLoadTLUTCmd(5, 201),
	gsDPSetTextureImage(G_IM_FMT_CI, G_IM_SIZ_8b_LOAD_BLOCK, 1, castle_grounds_dl__18_ci8),
	gsDPSetTile(G_IM_FMT_CI, G_IM_SIZ_8b_LOAD_BLOCK, 0, 0, 7, 0, G_TX_WRAP | G_TX_NOMIRROR, 0, 0, G_TX_WRAP | G_TX_NOMIRROR, 0, 0),
	gsDPLoadBlock(7, 0, 0, 511, 512),
	gsDPSetTile(G_IM_FMT_CI, G_IM_SIZ_8b, 4, 0, 0, 0, G_TX_WRAP | G_TX_NOMIRROR, 5, 0, G_TX_WRAP | G_TX_NOMIRROR, 5, 0),
	gsDPSetTileSize(0, 0, 0, 124, 124),
	gsSPEndDisplayList(),
};

Gfx mat_revert_castle_grounds_dl__18_f3d[] = {
	gsDPPipeSync(),
	gsDPSetAlphaDither(G_AD_DISABLE),
	gsDPSetTextureLUT(G_TT_NONE),
	gsSPEndDisplayList(),
};

Gfx mat_castle_grounds_dl__19_f3d[] = {
	gsSPLightColor(LIGHT_1, 0xFFFFFFFF),
	gsSPLightColor(LIGHT_2, 0x7F7F7FFF),
	gsDPPipeSync(),
	gsDPSetCombineLERP(TEXEL0, 0, SHADE, 0, 0, 0, 0, ENVIRONMENT, TEXEL0, 0, SHADE, 0, 0, 0, 0, ENVIRONMENT),
	gsDPSetAlphaDither(G_AD_NOISE),
	gsDPSetTextureLUT(G_TT_RGBA16),
	gsSPTexture(65535, 65535, 0, 0, 1),
	gsDPSetTextureImage(G_IM_FMT_RGBA, G_IM_SIZ_16b, 1, castle_grounds_dl__19_pal_rgba16),
	gsDPSetTile(0, 0, 0, 256, 5, 0, G_TX_WRAP | G_TX_NOMIRROR, 0, 0, G_TX_WRAP | G_TX_NOMIRROR, 0, 0),
	gsDPLoadTLUTCmd(5, 167),
	gsDPSetTextureImage(G_IM_FMT_CI, G_IM_SIZ_8b_LOAD_BLOCK, 1, castle_grounds_dl__19_ci8),
	gsDPSetTile(G_IM_FMT_CI, G_IM_SIZ_8b_LOAD_BLOCK, 0, 0, 7, 0, G_TX_WRAP | G_TX_NOMIRROR, 0, 0, G_TX_WRAP | G_TX_NOMIRROR, 0, 0),
	gsDPLoadBlock(7, 0, 0, 511, 512),
	gsDPSetTile(G_IM_FMT_CI, G_IM_SIZ_8b, 4, 0, 0, 0, G_TX_WRAP | G_TX_NOMIRROR, 5, 0, G_TX_WRAP | G_TX_NOMIRROR, 5, 0),
	gsDPSetTileSize(0, 0, 0, 124, 124),
	gsSPEndDisplayList(),
};

Gfx mat_revert_castle_grounds_dl__19_f3d[] = {
	gsDPPipeSync(),
	gsDPSetAlphaDither(G_AD_DISABLE),
	gsDPSetTextureLUT(G_TT_NONE),
	gsSPEndDisplayList(),
};

Gfx mat_castle_grounds_dl__20_f3d[] = {
	gsSPLightColor(LIGHT_1, 0xFFFFFFFF),
	gsSPLightColor(LIGHT_2, 0x7F7F7FFF),
	gsDPPipeSync(),
	gsDPSetCombineLERP(TEXEL0, 0, SHADE, 0, 0, 0, 0, ENVIRONMENT, TEXEL0, 0, SHADE, 0, 0, 0, 0, ENVIRONMENT),
	gsDPSetAlphaDither(G_AD_NOISE),
	gsSPTexture(65535, 65535, 0, 0, 1),
	gsDPSetTextureImage(G_IM_FMT_I, G_IM_SIZ_8b, 1, castle_grounds_dl__20_i8),
	gsDPSetTile(G_IM_FMT_I, G_IM_SIZ_8b, 1, 0, 7, 0, G_TX_WRAP | G_TX_NOMIRROR, 0, 0, G_TX_WRAP | G_TX_NOMIRROR, 0, 0),
	gsDPLoadTile(7, 0, 0, 0, 0),
	gsDPSetTile(G_IM_FMT_I, G_IM_SIZ_8b, 1, 0, 0, 0, G_TX_WRAP | G_TX_NOMIRROR, 0, 0, G_TX_WRAP | G_TX_NOMIRROR, 0, 0),
	gsDPSetTileSize(0, 0, 0, 0, 0),
	gsSPEndDisplayList(),
};

Gfx mat_revert_castle_grounds_dl__20_f3d[] = {
	gsDPPipeSync(),
	gsDPSetAlphaDither(G_AD_DISABLE),
	gsSPEndDisplayList(),
};

Gfx mat_castle_grounds_dl__21_f3d[] = {
	gsSPLightColor(LIGHT_1, 0xFFFFFFFF),
	gsSPLightColor(LIGHT_2, 0x7F7F7FFF),
	gsDPPipeSync(),
	gsDPSetCombineLERP(TEXEL0, 0, SHADE, 0, 0, 0, 0, ENVIRONMENT, TEXEL0, 0, SHADE, 0, 0, 0, 0, ENVIRONMENT),
	gsDPSetAlphaDither(G_AD_NOISE),
	gsDPSetTextureLUT(G_TT_RGBA16),
	gsSPTexture(65535, 65535, 0, 0, 1),
	gsDPSetTextureImage(G_IM_FMT_RGBA, G_IM_SIZ_16b, 1, castle_grounds_dl__21_pal_rgba16),
	gsDPSetTile(0, 0, 0, 256, 5, 0, G_TX_WRAP | G_TX_NOMIRROR, 0, 0, G_TX_WRAP | G_TX_NOMIRROR, 0, 0),
	gsDPLoadTLUTCmd(5, 252),
	gsDPSetTextureImage(G_IM_FMT_CI, G_IM_SIZ_8b_LOAD_BLOCK, 1, castle_grounds_dl__21_ci8),
	gsDPSetTile(G_IM_FMT_CI, G_IM_SIZ_8b_LOAD_BLOCK, 0, 0, 7, 0, G_TX_WRAP | G_TX_NOMIRROR, 0, 0, G_TX_WRAP | G_TX_NOMIRROR, 0, 0),
	gsDPLoadBlock(7, 0, 0, 1023, 512),
	gsDPSetTile(G_IM_FMT_CI, G_IM_SIZ_8b, 4, 0, 0, 0, G_TX_WRAP | G_TX_NOMIRROR, 6, 0, G_TX_WRAP | G_TX_NOMIRROR, 5, 0),
	gsDPSetTileSize(0, 0, 0, 124, 252),
	gsSPEndDisplayList(),
};

Gfx mat_revert_castle_grounds_dl__21_f3d[] = {
	gsDPPipeSync(),
	gsDPSetAlphaDither(G_AD_DISABLE),
	gsDPSetTextureLUT(G_TT_NONE),
	gsSPEndDisplayList(),
};

Gfx mat_castle_grounds_dl__22_f3d[] = {
	gsSPLightColor(LIGHT_1, 0xFFFFFFFF),
	gsSPLightColor(LIGHT_2, 0x7F7F7FFF),
	gsDPPipeSync(),
	gsDPSetCombineLERP(TEXEL0, 0, SHADE, 0, 0, 0, 0, ENVIRONMENT, TEXEL0, 0, SHADE, 0, 0, 0, 0, ENVIRONMENT),
	gsDPSetAlphaDither(G_AD_NOISE),
	gsDPSetTextureLUT(G_TT_RGBA16),
	gsSPTexture(65535, 65535, 0, 0, 1),
	gsDPSetTextureImage(G_IM_FMT_RGBA, G_IM_SIZ_16b, 1, castle_grounds_dl__22_pal_rgba16),
	gsDPSetTile(0, 0, 0, 256, 5, 0, G_TX_WRAP | G_TX_NOMIRROR, 0, 0, G_TX_WRAP | G_TX_NOMIRROR, 0, 0),
	gsDPLoadTLUTCmd(5, 3),
	gsDPSetTextureImage(G_IM_FMT_CI, G_IM_SIZ_16b, 1, castle_grounds_dl__22_ci4),
	gsDPSetTile(G_IM_FMT_CI, G_IM_SIZ_16b, 0, 0, 7, 0, G_TX_WRAP | G_TX_NOMIRROR, 0, 0, G_TX_WRAP | G_TX_NOMIRROR, 0, 0),
	gsDPLoadBlock(7, 0, 0, 255, 1024),
	gsDPSetTile(G_IM_FMT_CI, G_IM_SIZ_4b, 2, 0, 0, 0, G_TX_WRAP | G_TX_NOMIRROR, 5, 0, G_TX_WRAP | G_TX_NOMIRROR, 5, 0),
	gsDPSetTileSize(0, 0, 0, 124, 124),
	gsSPEndDisplayList(),
};

Gfx mat_revert_castle_grounds_dl__22_f3d[] = {
	gsDPPipeSync(),
	gsDPSetAlphaDither(G_AD_DISABLE),
	gsDPSetTextureLUT(G_TT_NONE),
	gsSPEndDisplayList(),
};

Gfx mat_castle_grounds_dl__23_f3d[] = {
	gsSPLightColor(LIGHT_1, 0xFFFFFFFF),
	gsSPLightColor(LIGHT_2, 0x7F7F7FFF),
	gsDPPipeSync(),
	gsDPSetCombineLERP(TEXEL0, 0, SHADE, 0, 0, 0, 0, ENVIRONMENT, TEXEL0, 0, SHADE, 0, 0, 0, 0, ENVIRONMENT),
	gsDPSetAlphaDither(G_AD_NOISE),
	gsSPTexture(65535, 65535, 0, 0, 1),
	gsDPSetTextureImage(G_IM_FMT_RGBA, G_IM_SIZ_16b_LOAD_BLOCK, 1, castle_grounds_dl__23_rgba16),
	gsDPSetTile(G_IM_FMT_RGBA, G_IM_SIZ_16b_LOAD_BLOCK, 0, 0, 7, 0, G_TX_WRAP | G_TX_NOMIRROR, 0, 0, G_TX_WRAP | G_TX_NOMIRROR, 0, 0),
	gsDPLoadBlock(7, 0, 0, 1023, 256),
	gsDPSetTile(G_IM_FMT_RGBA, G_IM_SIZ_16b, 8, 0, 0, 0, G_TX_WRAP | G_TX_NOMIRROR, 5, 0, G_TX_WRAP | G_TX_NOMIRROR, 5, 0),
	gsDPSetTileSize(0, 0, 0, 124, 124),
	gsSPEndDisplayList(),
};

Gfx mat_revert_castle_grounds_dl__23_f3d[] = {
	gsDPPipeSync(),
	gsDPSetAlphaDither(G_AD_DISABLE),
	gsSPEndDisplayList(),
};

Gfx mat_castle_grounds_dl__24_f3d[] = {
	gsSPLightColor(LIGHT_1, 0xFFFFFFFF),
	gsSPLightColor(LIGHT_2, 0x7F7F7FFF),
	gsDPPipeSync(),
	gsDPSetCombineLERP(TEXEL0, 0, SHADE, 0, 0, 0, 0, ENVIRONMENT, TEXEL0, 0, SHADE, 0, 0, 0, 0, ENVIRONMENT),
	gsDPSetAlphaDither(G_AD_NOISE),
	gsSPTexture(65535, 65535, 0, 0, 1),
	gsDPSetTextureImage(G_IM_FMT_RGBA, G_IM_SIZ_16b_LOAD_BLOCK, 1, castle_grounds_dl__24_rgba16),
	gsDPSetTile(G_IM_FMT_RGBA, G_IM_SIZ_16b_LOAD_BLOCK, 0, 0, 7, 0, G_TX_WRAP | G_TX_NOMIRROR, 0, 0, G_TX_WRAP | G_TX_NOMIRROR, 0, 0),
	gsDPLoadBlock(7, 0, 0, 2047, 256),
	gsDPSetTile(G_IM_FMT_RGBA, G_IM_SIZ_16b, 8, 0, 0, 0, G_TX_WRAP | G_TX_NOMIRROR, 6, 0, G_TX_WRAP | G_TX_NOMIRROR, 5, 0),
	gsDPSetTileSize(0, 0, 0, 124, 252),
	gsSPEndDisplayList(),
};

Gfx mat_revert_castle_grounds_dl__24_f3d[] = {
	gsDPPipeSync(),
	gsDPSetAlphaDither(G_AD_DISABLE),
	gsSPEndDisplayList(),
};

Gfx mat_castle_grounds_dl__25_f3d[] = {
	gsSPLightColor(LIGHT_1, 0xFFFFFFFF),
	gsSPLightColor(LIGHT_2, 0x7F7F7FFF),
	gsDPPipeSync(),
	gsDPSetCombineLERP(TEXEL0, 0, SHADE, 0, 0, 0, 0, ENVIRONMENT, TEXEL0, 0, SHADE, 0, 0, 0, 0, ENVIRONMENT),
	gsDPSetAlphaDither(G_AD_NOISE),
	gsDPSetTextureLUT(G_TT_RGBA16),
	gsSPTexture(65535, 65535, 0, 0, 1),
	gsDPSetTextureImage(G_IM_FMT_RGBA, G_IM_SIZ_16b, 1, castle_grounds_dl__25_pal_rgba16),
	gsDPSetTile(0, 0, 0, 256, 5, 0, G_TX_WRAP | G_TX_NOMIRROR, 0, 0, G_TX_WRAP | G_TX_NOMIRROR, 0, 0),
	gsDPLoadTLUTCmd(5, 70),
	gsDPSetTextureImage(G_IM_FMT_CI, G_IM_SIZ_8b_LOAD_BLOCK, 1, castle_grounds_dl__25_ci8),
	gsDPSetTile(G_IM_FMT_CI, G_IM_SIZ_8b_LOAD_BLOCK, 0, 0, 7, 0, G_TX_WRAP | G_TX_NOMIRROR, 0, 0, G_TX_WRAP | G_TX_NOMIRROR, 0, 0),
	gsDPLoadBlock(7, 0, 0, 511, 512),
	gsDPSetTile(G_IM_FMT_CI, G_IM_SIZ_8b, 4, 0, 0, 0, G_TX_WRAP | G_TX_NOMIRROR, 5, 0, G_TX_WRAP | G_TX_NOMIRROR, 5, 0),
	gsDPSetTileSize(0, 0, 0, 124, 124),
	gsSPEndDisplayList(),
};

Gfx mat_revert_castle_grounds_dl__25_f3d[] = {
	gsDPPipeSync(),
	gsDPSetAlphaDither(G_AD_DISABLE),
	gsDPSetTextureLUT(G_TT_NONE),
	gsSPEndDisplayList(),
};

Gfx mat_castle_grounds_dl__26_f3d[] = {
	gsSPLightColor(LIGHT_1, 0xFFFFFFFF),
	gsSPLightColor(LIGHT_2, 0x7F7F7FFF),
	gsDPPipeSync(),
	gsDPSetCombineLERP(TEXEL0, 0, SHADE, 0, 0, 0, 0, ENVIRONMENT, TEXEL0, 0, SHADE, 0, 0, 0, 0, ENVIRONMENT),
	gsDPSetAlphaDither(G_AD_NOISE),
	gsDPSetTextureLUT(G_TT_RGBA16),
	gsSPTexture(65535, 65535, 0, 0, 1),
	gsDPSetTextureImage(G_IM_FMT_RGBA, G_IM_SIZ_16b, 1, castle_grounds_dl__26_pal_rgba16),
	gsDPSetTile(0, 0, 0, 256, 5, 0, G_TX_WRAP | G_TX_NOMIRROR, 0, 0, G_TX_WRAP | G_TX_NOMIRROR, 0, 0),
	gsDPLoadTLUTCmd(5, 129),
	gsDPSetTextureImage(G_IM_FMT_CI, G_IM_SIZ_8b_LOAD_BLOCK, 1, castle_grounds_dl__26_ci8),
	gsDPSetTile(G_IM_FMT_CI, G_IM_SIZ_8b_LOAD_BLOCK, 0, 0, 7, 0, G_TX_WRAP | G_TX_NOMIRROR, 0, 0, G_TX_WRAP | G_TX_NOMIRROR, 0, 0),
	gsDPLoadBlock(7, 0, 0, 511, 512),
	gsDPSetTile(G_IM_FMT_CI, G_IM_SIZ_8b, 4, 0, 0, 0, G_TX_WRAP | G_TX_NOMIRROR, 5, 0, G_TX_WRAP | G_TX_NOMIRROR, 5, 0),
	gsDPSetTileSize(0, 0, 0, 124, 124),
	gsSPEndDisplayList(),
};

Gfx mat_revert_castle_grounds_dl__26_f3d[] = {
	gsDPPipeSync(),
	gsDPSetAlphaDither(G_AD_DISABLE),
	gsDPSetTextureLUT(G_TT_NONE),
	gsSPEndDisplayList(),
};

Gfx mat_castle_grounds_dl__27_f3d[] = {
	gsSPLightColor(LIGHT_1, 0xFFFFFFFF),
	gsSPLightColor(LIGHT_2, 0x7F7F7FFF),
	gsDPPipeSync(),
	gsDPSetCombineLERP(TEXEL0, 0, SHADE, 0, 0, 0, 0, ENVIRONMENT, TEXEL0, 0, SHADE, 0, 0, 0, 0, ENVIRONMENT),
	gsDPSetAlphaDither(G_AD_NOISE),
	gsDPSetTextureLUT(G_TT_RGBA16),
	gsSPTexture(65535, 65535, 0, 0, 1),
	gsDPSetTextureImage(G_IM_FMT_RGBA, G_IM_SIZ_16b, 1, castle_grounds_dl__27_pal_rgba16),
	gsDPSetTile(0, 0, 0, 256, 5, 0, G_TX_WRAP | G_TX_NOMIRROR, 0, 0, G_TX_WRAP | G_TX_NOMIRROR, 0, 0),
	gsDPLoadTLUTCmd(5, 26),
	gsDPSetTextureImage(G_IM_FMT_CI, G_IM_SIZ_8b_LOAD_BLOCK, 1, castle_grounds_dl__27_ci8),
	gsDPSetTile(G_IM_FMT_CI, G_IM_SIZ_8b_LOAD_BLOCK, 0, 0, 7, 0, G_TX_WRAP | G_TX_NOMIRROR, 0, 0, G_TX_WRAP | G_TX_NOMIRROR, 0, 0),
	gsDPLoadBlock(7, 0, 0, 511, 512),
	gsDPSetTile(G_IM_FMT_CI, G_IM_SIZ_8b, 4, 0, 0, 0, G_TX_WRAP | G_TX_NOMIRROR, 5, 0, G_TX_WRAP | G_TX_NOMIRROR, 5, 0),
	gsDPSetTileSize(0, 0, 0, 124, 124),
	gsSPEndDisplayList(),
};

Gfx mat_revert_castle_grounds_dl__27_f3d[] = {
	gsDPPipeSync(),
	gsDPSetAlphaDither(G_AD_DISABLE),
	gsDPSetTextureLUT(G_TT_NONE),
	gsSPEndDisplayList(),
};

Gfx mat_castle_grounds_dl__28_f3d[] = {
	gsSPLightColor(LIGHT_1, 0xFFFFFFFF),
	gsSPLightColor(LIGHT_2, 0x7F7F7FFF),
	gsDPPipeSync(),
	gsDPSetCombineLERP(TEXEL0, 0, SHADE, 0, 0, 0, 0, ENVIRONMENT, TEXEL0, 0, SHADE, 0, 0, 0, 0, ENVIRONMENT),
	gsDPSetAlphaDither(G_AD_NOISE),
	gsSPTexture(65535, 65535, 0, 0, 1),
	gsDPSetTextureImage(G_IM_FMT_RGBA, G_IM_SIZ_16b_LOAD_BLOCK, 1, castle_grounds_dl__28_rgba16),
	gsDPSetTile(G_IM_FMT_RGBA, G_IM_SIZ_16b_LOAD_BLOCK, 0, 0, 7, 0, G_TX_WRAP | G_TX_NOMIRROR, 0, 0, G_TX_WRAP | G_TX_NOMIRROR, 0, 0),
	gsDPLoadBlock(7, 0, 0, 1023, 256),
	gsDPSetTile(G_IM_FMT_RGBA, G_IM_SIZ_16b, 8, 0, 0, 0, G_TX_WRAP | G_TX_NOMIRROR, 5, 0, G_TX_WRAP | G_TX_NOMIRROR, 5, 0),
	gsDPSetTileSize(0, 0, 0, 124, 124),
	gsSPEndDisplayList(),
};

Gfx mat_revert_castle_grounds_dl__28_f3d[] = {
	gsDPPipeSync(),
	gsDPSetAlphaDither(G_AD_DISABLE),
	gsSPEndDisplayList(),
};

Gfx mat_castle_grounds_dl__29_f3d[] = {
	gsSPLightColor(LIGHT_1, 0xFFFFFFFF),
	gsSPLightColor(LIGHT_2, 0x7F7F7FFF),
	gsDPPipeSync(),
	gsDPSetCombineLERP(TEXEL0, 0, SHADE, 0, 0, 0, 0, ENVIRONMENT, TEXEL0, 0, SHADE, 0, 0, 0, 0, ENVIRONMENT),
	gsDPSetAlphaDither(G_AD_NOISE),
	gsDPSetTextureLUT(G_TT_RGBA16),
	gsSPTexture(65535, 65535, 0, 0, 1),
	gsDPSetTextureImage(G_IM_FMT_RGBA, G_IM_SIZ_16b, 1, castle_grounds_dl__29_pal_rgba16),
	gsDPSetTile(0, 0, 0, 256, 5, 0, G_TX_WRAP | G_TX_NOMIRROR, 0, 0, G_TX_WRAP | G_TX_NOMIRROR, 0, 0),
	gsDPLoadTLUTCmd(5, 26),
	gsDPSetTextureImage(G_IM_FMT_CI, G_IM_SIZ_8b_LOAD_BLOCK, 1, castle_grounds_dl__29_ci8),
	gsDPSetTile(G_IM_FMT_CI, G_IM_SIZ_8b_LOAD_BLOCK, 0, 0, 7, 0, G_TX_WRAP | G_TX_NOMIRROR, 0, 0, G_TX_WRAP | G_TX_NOMIRROR, 0, 0),
	gsDPLoadBlock(7, 0, 0, 1023, 512),
	gsDPSetTile(G_IM_FMT_CI, G_IM_SIZ_8b, 4, 0, 0, 0, G_TX_WRAP | G_TX_NOMIRROR, 6, 0, G_TX_WRAP | G_TX_NOMIRROR, 5, 0),
	gsDPSetTileSize(0, 0, 0, 124, 252),
	gsSPEndDisplayList(),
};

Gfx mat_revert_castle_grounds_dl__29_f3d[] = {
	gsDPPipeSync(),
	gsDPSetAlphaDither(G_AD_DISABLE),
	gsDPSetTextureLUT(G_TT_NONE),
	gsSPEndDisplayList(),
};

Gfx mat_castle_grounds_dl__30_f3d[] = {
	gsSPLightColor(LIGHT_1, 0xFFFFFFFF),
	gsSPLightColor(LIGHT_2, 0x7F7F7FFF),
	gsDPPipeSync(),
	gsDPSetCombineLERP(TEXEL0, 0, SHADE, 0, 0, 0, 0, ENVIRONMENT, TEXEL0, 0, SHADE, 0, 0, 0, 0, ENVIRONMENT),
	gsDPSetAlphaDither(G_AD_NOISE),
	gsSPTexture(65535, 65535, 0, 0, 1),
	gsDPSetTextureImage(G_IM_FMT_I, G_IM_SIZ_8b_LOAD_BLOCK, 1, castle_grounds_dl__30_i8),
	gsDPSetTile(G_IM_FMT_I, G_IM_SIZ_8b_LOAD_BLOCK, 0, 0, 7, 0, G_TX_WRAP | G_TX_NOMIRROR, 0, 0, G_TX_WRAP | G_TX_NOMIRROR, 0, 0),
	gsDPLoadBlock(7, 0, 0, 511, 512),
	gsDPSetTile(G_IM_FMT_I, G_IM_SIZ_8b, 4, 0, 0, 0, G_TX_WRAP | G_TX_NOMIRROR, 5, 0, G_TX_WRAP | G_TX_NOMIRROR, 5, 0),
	gsDPSetTileSize(0, 0, 0, 124, 124),
	gsSPEndDisplayList(),
};

Gfx mat_revert_castle_grounds_dl__30_f3d[] = {
	gsDPPipeSync(),
	gsDPSetAlphaDither(G_AD_DISABLE),
	gsSPEndDisplayList(),
};

Gfx mat_castle_grounds_dl__31_f3d[] = {
	gsSPLightColor(LIGHT_1, 0xFFFFFFFF),
	gsSPLightColor(LIGHT_2, 0x7F7F7FFF),
	gsDPPipeSync(),
	gsDPSetCombineLERP(TEXEL0, 0, SHADE, 0, 0, 0, 0, ENVIRONMENT, TEXEL0, 0, SHADE, 0, 0, 0, 0, ENVIRONMENT),
	gsDPSetAlphaDither(G_AD_NOISE),
	gsDPSetTextureLUT(G_TT_RGBA16),
	gsSPTexture(65535, 65535, 0, 0, 1),
	gsDPSetTextureImage(G_IM_FMT_RGBA, G_IM_SIZ_16b, 1, castle_grounds_dl__31_pal_rgba16),
	gsDPSetTile(0, 0, 0, 256, 5, 0, G_TX_WRAP | G_TX_NOMIRROR, 0, 0, G_TX_WRAP | G_TX_NOMIRROR, 0, 0),
	gsDPLoadTLUTCmd(5, 106),
	gsDPSetTextureImage(G_IM_FMT_CI, G_IM_SIZ_8b_LOAD_BLOCK, 1, castle_grounds_dl__31_ci8),
	gsDPSetTile(G_IM_FMT_CI, G_IM_SIZ_8b_LOAD_BLOCK, 0, 0, 7, 0, G_TX_WRAP | G_TX_NOMIRROR, 0, 0, G_TX_WRAP | G_TX_NOMIRROR, 0, 0),
	gsDPLoadBlock(7, 0, 0, 511, 512),
	gsDPSetTile(G_IM_FMT_CI, G_IM_SIZ_8b, 4, 0, 0, 0, G_TX_WRAP | G_TX_NOMIRROR, 5, 0, G_TX_WRAP | G_TX_NOMIRROR, 5, 0),
	gsDPSetTileSize(0, 0, 0, 124, 124),
	gsSPEndDisplayList(),
};

Gfx mat_revert_castle_grounds_dl__31_f3d[] = {
	gsDPPipeSync(),
	gsDPSetAlphaDither(G_AD_DISABLE),
	gsDPSetTextureLUT(G_TT_NONE),
	gsSPEndDisplayList(),
};

Gfx mat_castle_grounds_dl__32_f3d[] = {
	gsSPLightColor(LIGHT_1, 0xFFFFFFFF),
	gsSPLightColor(LIGHT_2, 0x7F7F7FFF),
	gsDPPipeSync(),
	gsDPSetCombineLERP(TEXEL0, 0, SHADE, 0, 0, 0, 0, ENVIRONMENT, TEXEL0, 0, SHADE, 0, 0, 0, 0, ENVIRONMENT),
	gsDPSetAlphaDither(G_AD_NOISE),
	gsDPSetTextureLUT(G_TT_RGBA16),
	gsSPTexture(65535, 65535, 0, 0, 1),
	gsDPSetTextureImage(G_IM_FMT_RGBA, G_IM_SIZ_16b, 1, castle_grounds_dl__32_pal_rgba16),
	gsDPSetTile(0, 0, 0, 256, 5, 0, G_TX_WRAP | G_TX_NOMIRROR, 0, 0, G_TX_WRAP | G_TX_NOMIRROR, 0, 0),
	gsDPLoadTLUTCmd(5, 6),
	gsDPSetTextureImage(G_IM_FMT_CI, G_IM_SIZ_16b, 1, castle_grounds_dl__32_ci4),
	gsDPSetTile(G_IM_FMT_CI, G_IM_SIZ_16b, 0, 0, 7, 0, G_TX_WRAP | G_TX_NOMIRROR, 0, 0, G_TX_WRAP | G_TX_NOMIRROR, 0, 0),
	gsDPLoadBlock(7, 0, 0, 255, 1024),
	gsDPSetTile(G_IM_FMT_CI, G_IM_SIZ_4b, 2, 0, 0, 0, G_TX_WRAP | G_TX_NOMIRROR, 5, 0, G_TX_WRAP | G_TX_NOMIRROR, 5, 0),
	gsDPSetTileSize(0, 0, 0, 124, 124),
	gsSPEndDisplayList(),
};

Gfx mat_revert_castle_grounds_dl__32_f3d[] = {
	gsDPPipeSync(),
	gsDPSetAlphaDither(G_AD_DISABLE),
	gsDPSetTextureLUT(G_TT_NONE),
	gsSPEndDisplayList(),
};

Gfx mat_castle_grounds_dl__33_f3d[] = {
	gsSPLightColor(LIGHT_1, 0xFFFFFFFF),
	gsSPLightColor(LIGHT_2, 0x7F7F7FFF),
	gsDPPipeSync(),
	gsDPSetCombineLERP(TEXEL0, 0, SHADE, 0, 0, 0, 0, ENVIRONMENT, TEXEL0, 0, SHADE, 0, 0, 0, 0, ENVIRONMENT),
	gsDPSetAlphaDither(G_AD_NOISE),
	gsSPTexture(65535, 65535, 0, 0, 1),
	gsDPSetTextureImage(G_IM_FMT_I, G_IM_SIZ_8b_LOAD_BLOCK, 1, castle_grounds_dl__33_i8),
	gsDPSetTile(G_IM_FMT_I, G_IM_SIZ_8b_LOAD_BLOCK, 0, 0, 7, 0, G_TX_WRAP | G_TX_NOMIRROR, 0, 0, G_TX_WRAP | G_TX_NOMIRROR, 0, 0),
	gsDPLoadBlock(7, 0, 0, 511, 512),
	gsDPSetTile(G_IM_FMT_I, G_IM_SIZ_8b, 4, 0, 0, 0, G_TX_WRAP | G_TX_NOMIRROR, 5, 0, G_TX_WRAP | G_TX_NOMIRROR, 5, 0),
	gsDPSetTileSize(0, 0, 0, 124, 124),
	gsSPEndDisplayList(),
};

Gfx mat_revert_castle_grounds_dl__33_f3d[] = {
	gsDPPipeSync(),
	gsDPSetAlphaDither(G_AD_DISABLE),
	gsSPEndDisplayList(),
};

Gfx mat_castle_grounds_dl__34_f3d[] = {
	gsSPLightColor(LIGHT_1, 0xFFFFFFFF),
	gsSPLightColor(LIGHT_2, 0x7F7F7FFF),
	gsDPPipeSync(),
	gsDPSetCombineLERP(TEXEL0, 0, SHADE, 0, 0, 0, 0, ENVIRONMENT, TEXEL0, 0, SHADE, 0, 0, 0, 0, ENVIRONMENT),
	gsDPSetAlphaDither(G_AD_NOISE),
	gsDPSetTextureLUT(G_TT_RGBA16),
	gsSPTexture(65535, 65535, 0, 0, 1),
	gsDPSetTextureImage(G_IM_FMT_RGBA, G_IM_SIZ_16b, 1, castle_grounds_dl__34_pal_rgba16),
	gsDPSetTile(0, 0, 0, 256, 5, 0, G_TX_WRAP | G_TX_NOMIRROR, 0, 0, G_TX_WRAP | G_TX_NOMIRROR, 0, 0),
	gsDPLoadTLUTCmd(5, 220),
	gsDPSetTextureImage(G_IM_FMT_CI, G_IM_SIZ_8b_LOAD_BLOCK, 1, castle_grounds_dl__34_ci8),
	gsDPSetTile(G_IM_FMT_CI, G_IM_SIZ_8b_LOAD_BLOCK, 0, 0, 7, 0, G_TX_WRAP | G_TX_NOMIRROR, 0, 0, G_TX_WRAP | G_TX_NOMIRROR, 0, 0),
	gsDPLoadBlock(7, 0, 0, 1023, 256),
	gsDPSetTile(G_IM_FMT_CI, G_IM_SIZ_8b, 8, 0, 0, 0, G_TX_WRAP | G_TX_NOMIRROR, 5, 0, G_TX_WRAP | G_TX_NOMIRROR, 6, 0),
	gsDPSetTileSize(0, 0, 0, 252, 124),
	gsSPEndDisplayList(),
};

Gfx mat_revert_castle_grounds_dl__34_f3d[] = {
	gsDPPipeSync(),
	gsDPSetAlphaDither(G_AD_DISABLE),
	gsDPSetTextureLUT(G_TT_NONE),
	gsSPEndDisplayList(),
};

Gfx mat_castle_grounds_dl__35_f3d[] = {
	gsSPLightColor(LIGHT_1, 0xFFFFFFFF),
	gsSPLightColor(LIGHT_2, 0x7F7F7FFF),
	gsDPPipeSync(),
	gsDPSetCombineLERP(TEXEL0, 0, SHADE, 0, 0, 0, 0, ENVIRONMENT, TEXEL0, 0, SHADE, 0, 0, 0, 0, ENVIRONMENT),
	gsDPSetAlphaDither(G_AD_NOISE),
	gsDPSetTextureLUT(G_TT_RGBA16),
	gsSPTexture(65535, 65535, 0, 0, 1),
	gsDPSetTextureImage(G_IM_FMT_RGBA, G_IM_SIZ_16b, 1, castle_grounds_dl__35_pal_rgba16),
	gsDPSetTile(0, 0, 0, 256, 5, 0, G_TX_WRAP | G_TX_NOMIRROR, 0, 0, G_TX_WRAP | G_TX_NOMIRROR, 0, 0),
	gsDPLoadTLUTCmd(5, 201),
	gsDPSetTextureImage(G_IM_FMT_CI, G_IM_SIZ_8b_LOAD_BLOCK, 1, castle_grounds_dl__35_ci8),
	gsDPSetTile(G_IM_FMT_CI, G_IM_SIZ_8b_LOAD_BLOCK, 0, 0, 7, 0, G_TX_WRAP | G_TX_NOMIRROR, 0, 0, G_TX_WRAP | G_TX_NOMIRROR, 0, 0),
	gsDPLoadBlock(7, 0, 0, 511, 512),
	gsDPSetTile(G_IM_FMT_CI, G_IM_SIZ_8b, 4, 0, 0, 0, G_TX_WRAP | G_TX_NOMIRROR, 5, 0, G_TX_WRAP | G_TX_NOMIRROR, 5, 0),
	gsDPSetTileSize(0, 0, 0, 124, 124),
	gsSPEndDisplayList(),
};

Gfx mat_revert_castle_grounds_dl__35_f3d[] = {
	gsDPPipeSync(),
	gsDPSetAlphaDither(G_AD_DISABLE),
	gsDPSetTextureLUT(G_TT_NONE),
	gsSPEndDisplayList(),
};

Gfx mat_castle_grounds_dl__36_f3d[] = {
	gsSPLightColor(LIGHT_1, 0xFFFFFFFF),
	gsSPLightColor(LIGHT_2, 0x7F7F7FFF),
	gsDPPipeSync(),
	gsDPSetCombineLERP(TEXEL0, 0, SHADE, 0, 0, 0, 0, ENVIRONMENT, TEXEL0, 0, SHADE, 0, 0, 0, 0, ENVIRONMENT),
	gsDPSetAlphaDither(G_AD_NOISE),
	gsDPSetTextureLUT(G_TT_RGBA16),
	gsSPTexture(65535, 65535, 0, 0, 1),
	gsDPSetTextureImage(G_IM_FMT_RGBA, G_IM_SIZ_16b, 1, castle_grounds_dl__36_pal_rgba16),
	gsDPSetTile(0, 0, 0, 256, 5, 0, G_TX_WRAP | G_TX_NOMIRROR, 0, 0, G_TX_WRAP | G_TX_NOMIRROR, 0, 0),
	gsDPLoadTLUTCmd(5, 94),
	gsDPSetTextureImage(G_IM_FMT_CI, G_IM_SIZ_8b_LOAD_BLOCK, 1, castle_grounds_dl__36_ci8),
	gsDPSetTile(G_IM_FMT_CI, G_IM_SIZ_8b_LOAD_BLOCK, 0, 0, 7, 0, G_TX_WRAP | G_TX_NOMIRROR, 0, 0, G_TX_WRAP | G_TX_NOMIRROR, 0, 0),
	gsDPLoadBlock(7, 0, 0, 255, 512),
	gsDPSetTile(G_IM_FMT_CI, G_IM_SIZ_8b, 4, 0, 0, 0, G_TX_WRAP | G_TX_NOMIRROR, 4, 0, G_TX_WRAP | G_TX_NOMIRROR, 5, 0),
	gsDPSetTileSize(0, 0, 0, 124, 60),
	gsSPEndDisplayList(),
};

Gfx mat_revert_castle_grounds_dl__36_f3d[] = {
	gsDPPipeSync(),
	gsDPSetAlphaDither(G_AD_DISABLE),
	gsDPSetTextureLUT(G_TT_NONE),
	gsSPEndDisplayList(),
};

Gfx mat_castle_grounds_dl__37_f3d[] = {
	gsSPLightColor(LIGHT_1, 0xFFFFFFFF),
	gsSPLightColor(LIGHT_2, 0x7F7F7FFF),
	gsDPPipeSync(),
	gsDPSetCombineLERP(TEXEL0, 0, SHADE, 0, 0, 0, 0, ENVIRONMENT, TEXEL0, 0, SHADE, 0, 0, 0, 0, ENVIRONMENT),
	gsDPSetAlphaDither(G_AD_NOISE),
	gsDPSetTextureLUT(G_TT_RGBA16),
	gsSPTexture(65535, 65535, 0, 0, 1),
	gsDPSetTextureImage(G_IM_FMT_RGBA, G_IM_SIZ_16b, 1, castle_grounds_dl__37_pal_rgba16),
	gsDPSetTile(0, 0, 0, 256, 5, 0, G_TX_WRAP | G_TX_NOMIRROR, 0, 0, G_TX_WRAP | G_TX_NOMIRROR, 0, 0),
	gsDPLoadTLUTCmd(5, 104),
	gsDPSetTextureImage(G_IM_FMT_CI, G_IM_SIZ_8b_LOAD_BLOCK, 1, castle_grounds_dl__37_ci8),
	gsDPSetTile(G_IM_FMT_CI, G_IM_SIZ_8b_LOAD_BLOCK, 0, 0, 7, 0, G_TX_WRAP | G_TX_NOMIRROR, 0, 0, G_TX_WRAP | G_TX_NOMIRROR, 0, 0),
	gsDPLoadBlock(7, 0, 0, 511, 512),
	gsDPSetTile(G_IM_FMT_CI, G_IM_SIZ_8b, 4, 0, 0, 0, G_TX_WRAP | G_TX_NOMIRROR, 5, 0, G_TX_WRAP | G_TX_NOMIRROR, 5, 0),
	gsDPSetTileSize(0, 0, 0, 124, 124),
	gsSPEndDisplayList(),
};

Gfx mat_revert_castle_grounds_dl__37_f3d[] = {
	gsDPPipeSync(),
	gsDPSetAlphaDither(G_AD_DISABLE),
	gsDPSetTextureLUT(G_TT_NONE),
	gsSPEndDisplayList(),
};

Gfx mat_castle_grounds_dl__38_f3d[] = {
	gsSPLightColor(LIGHT_1, 0xFFFFFFFF),
	gsSPLightColor(LIGHT_2, 0x7F7F7FFF),
	gsDPPipeSync(),
	gsDPSetCombineLERP(TEXEL0, 0, SHADE, 0, 0, 0, 0, ENVIRONMENT, TEXEL0, 0, SHADE, 0, 0, 0, 0, ENVIRONMENT),
	gsDPSetAlphaDither(G_AD_NOISE),
	gsDPSetTextureLUT(G_TT_RGBA16),
	gsSPTexture(65535, 65535, 0, 0, 1),
	gsDPSetTextureImage(G_IM_FMT_RGBA, G_IM_SIZ_16b, 1, castle_grounds_dl__38_pal_rgba16),
	gsDPSetTile(0, 0, 0, 256, 5, 0, G_TX_WRAP | G_TX_NOMIRROR, 0, 0, G_TX_WRAP | G_TX_NOMIRROR, 0, 0),
	gsDPLoadTLUTCmd(5, 104),
	gsDPSetTextureImage(G_IM_FMT_CI, G_IM_SIZ_8b_LOAD_BLOCK, 1, castle_grounds_dl__38_ci8),
	gsDPSetTile(G_IM_FMT_CI, G_IM_SIZ_8b_LOAD_BLOCK, 0, 0, 7, 0, G_TX_WRAP | G_TX_NOMIRROR, 0, 0, G_TX_WRAP | G_TX_NOMIRROR, 0, 0),
	gsDPLoadBlock(7, 0, 0, 511, 512),
	gsDPSetTile(G_IM_FMT_CI, G_IM_SIZ_8b, 4, 0, 0, 0, G_TX_WRAP | G_TX_NOMIRROR, 5, 0, G_TX_WRAP | G_TX_NOMIRROR, 5, 0),
	gsDPSetTileSize(0, 0, 0, 124, 124),
	gsSPEndDisplayList(),
};

Gfx mat_revert_castle_grounds_dl__38_f3d[] = {
	gsDPPipeSync(),
	gsDPSetAlphaDither(G_AD_DISABLE),
	gsDPSetTextureLUT(G_TT_NONE),
	gsSPEndDisplayList(),
};

Gfx mat_castle_grounds_dl__39_f3d[] = {
	gsSPLightColor(LIGHT_1, 0xFFFFFFFF),
	gsSPLightColor(LIGHT_2, 0x7F7F7FFF),
	gsDPPipeSync(),
	gsDPSetCombineLERP(TEXEL0, 0, SHADE, 0, 0, 0, 0, ENVIRONMENT, TEXEL0, 0, SHADE, 0, 0, 0, 0, ENVIRONMENT),
	gsDPSetAlphaDither(G_AD_NOISE),
	gsDPSetTextureLUT(G_TT_RGBA16),
	gsSPTexture(65535, 65535, 0, 0, 1),
	gsDPSetTextureImage(G_IM_FMT_RGBA, G_IM_SIZ_16b, 1, castle_grounds_dl__39_pal_rgba16),
	gsDPSetTile(0, 0, 0, 256, 5, 0, G_TX_WRAP | G_TX_NOMIRROR, 0, 0, G_TX_WRAP | G_TX_NOMIRROR, 0, 0),
	gsDPLoadTLUTCmd(5, 36),
	gsDPSetTextureImage(G_IM_FMT_CI, G_IM_SIZ_8b_LOAD_BLOCK, 1, castle_grounds_dl__39_ci8),
	gsDPSetTile(G_IM_FMT_CI, G_IM_SIZ_8b_LOAD_BLOCK, 0, 0, 7, 0, G_TX_WRAP | G_TX_NOMIRROR, 0, 0, G_TX_WRAP | G_TX_NOMIRROR, 0, 0),
	gsDPLoadBlock(7, 0, 0, 511, 512),
	gsDPSetTile(G_IM_FMT_CI, G_IM_SIZ_8b, 4, 0, 0, 0, G_TX_WRAP | G_TX_NOMIRROR, 5, 0, G_TX_WRAP | G_TX_NOMIRROR, 5, 0),
	gsDPSetTileSize(0, 0, 0, 124, 124),
	gsSPEndDisplayList(),
};

Gfx mat_revert_castle_grounds_dl__39_f3d[] = {
	gsDPPipeSync(),
	gsDPSetAlphaDither(G_AD_DISABLE),
	gsDPSetTextureLUT(G_TT_NONE),
	gsSPEndDisplayList(),
};

Gfx mat_castle_grounds_dl__40_f3d[] = {
	gsSPLightColor(LIGHT_1, 0xFFFFFFFF),
	gsSPLightColor(LIGHT_2, 0x7F7F7FFF),
	gsDPPipeSync(),
	gsDPSetCombineLERP(TEXEL0, 0, SHADE, 0, 0, 0, 0, ENVIRONMENT, TEXEL0, 0, SHADE, 0, 0, 0, 0, ENVIRONMENT),
	gsDPSetAlphaDither(G_AD_NOISE),
	gsDPSetTextureLUT(G_TT_RGBA16),
	gsSPTexture(65535, 65535, 0, 0, 1),
	gsDPSetTextureImage(G_IM_FMT_RGBA, G_IM_SIZ_16b, 1, castle_grounds_dl__40_pal_rgba16),
	gsDPSetTile(0, 0, 0, 256, 5, 0, G_TX_WRAP | G_TX_NOMIRROR, 0, 0, G_TX_WRAP | G_TX_NOMIRROR, 0, 0),
	gsDPLoadTLUTCmd(5, 104),
	gsDPSetTextureImage(G_IM_FMT_CI, G_IM_SIZ_8b_LOAD_BLOCK, 1, castle_grounds_dl__40_ci8),
	gsDPSetTile(G_IM_FMT_CI, G_IM_SIZ_8b_LOAD_BLOCK, 0, 0, 7, 0, G_TX_WRAP | G_TX_NOMIRROR, 0, 0, G_TX_WRAP | G_TX_NOMIRROR, 0, 0),
	gsDPLoadBlock(7, 0, 0, 511, 512),
	gsDPSetTile(G_IM_FMT_CI, G_IM_SIZ_8b, 4, 0, 0, 0, G_TX_WRAP | G_TX_NOMIRROR, 5, 0, G_TX_WRAP | G_TX_NOMIRROR, 5, 0),
	gsDPSetTileSize(0, 0, 0, 124, 124),
	gsSPEndDisplayList(),
};

Gfx mat_revert_castle_grounds_dl__40_f3d[] = {
	gsDPPipeSync(),
	gsDPSetAlphaDither(G_AD_DISABLE),
	gsDPSetTextureLUT(G_TT_NONE),
	gsSPEndDisplayList(),
};

Gfx mat_castle_grounds_dl__41_f3d[] = {
	gsSPLightColor(LIGHT_1, 0xFFFFFFFF),
	gsSPLightColor(LIGHT_2, 0x7F7F7FFF),
	gsDPPipeSync(),
	gsDPSetCombineLERP(TEXEL0, 0, SHADE, 0, 0, 0, 0, ENVIRONMENT, TEXEL0, 0, SHADE, 0, 0, 0, 0, ENVIRONMENT),
	gsDPSetAlphaDither(G_AD_NOISE),
	gsDPSetTextureLUT(G_TT_RGBA16),
	gsSPTexture(65535, 65535, 0, 0, 1),
	gsDPSetTextureImage(G_IM_FMT_RGBA, G_IM_SIZ_16b, 1, castle_grounds_dl__41_pal_rgba16),
	gsDPSetTile(0, 0, 0, 256, 5, 0, G_TX_WRAP | G_TX_NOMIRROR, 0, 0, G_TX_WRAP | G_TX_NOMIRROR, 0, 0),
	gsDPLoadTLUTCmd(5, 91),
	gsDPSetTextureImage(G_IM_FMT_CI, G_IM_SIZ_8b_LOAD_BLOCK, 1, castle_grounds_dl__41_ci8),
	gsDPSetTile(G_IM_FMT_CI, G_IM_SIZ_8b_LOAD_BLOCK, 0, 0, 7, 0, G_TX_WRAP | G_TX_NOMIRROR, 0, 0, G_TX_WRAP | G_TX_NOMIRROR, 0, 0),
	gsDPLoadBlock(7, 0, 0, 511, 512),
	gsDPSetTile(G_IM_FMT_CI, G_IM_SIZ_8b, 4, 0, 0, 0, G_TX_WRAP | G_TX_NOMIRROR, 5, 0, G_TX_WRAP | G_TX_NOMIRROR, 5, 0),
	gsDPSetTileSize(0, 0, 0, 124, 124),
	gsSPEndDisplayList(),
};

Gfx mat_revert_castle_grounds_dl__41_f3d[] = {
	gsDPPipeSync(),
	gsDPSetAlphaDither(G_AD_DISABLE),
	gsDPSetTextureLUT(G_TT_NONE),
	gsSPEndDisplayList(),
};

Gfx mat_castle_grounds_dl__42_f3d[] = {
	gsSPLightColor(LIGHT_1, 0xFFFFFFFF),
	gsSPLightColor(LIGHT_2, 0x7F7F7FFF),
	gsDPPipeSync(),
	gsDPSetCombineLERP(TEXEL0, 0, SHADE, 0, 0, 0, 0, ENVIRONMENT, TEXEL0, 0, SHADE, 0, 0, 0, 0, ENVIRONMENT),
	gsDPSetAlphaDither(G_AD_NOISE),
	gsDPSetTextureLUT(G_TT_RGBA16),
	gsSPTexture(65535, 65535, 0, 0, 1),
	gsDPSetTextureImage(G_IM_FMT_RGBA, G_IM_SIZ_16b, 1, castle_grounds_dl__42_pal_rgba16),
	gsDPSetTile(0, 0, 0, 256, 5, 0, G_TX_WRAP | G_TX_NOMIRROR, 0, 0, G_TX_WRAP | G_TX_NOMIRROR, 0, 0),
	gsDPLoadTLUTCmd(5, 65),
	gsDPSetTextureImage(G_IM_FMT_CI, G_IM_SIZ_8b_LOAD_BLOCK, 1, castle_grounds_dl__42_ci8),
	gsDPSetTile(G_IM_FMT_CI, G_IM_SIZ_8b_LOAD_BLOCK, 0, 0, 7, 0, G_TX_WRAP | G_TX_NOMIRROR, 0, 0, G_TX_WRAP | G_TX_NOMIRROR, 0, 0),
	gsDPLoadBlock(7, 0, 0, 511, 512),
	gsDPSetTile(G_IM_FMT_CI, G_IM_SIZ_8b, 4, 0, 0, 0, G_TX_WRAP | G_TX_NOMIRROR, 5, 0, G_TX_WRAP | G_TX_NOMIRROR, 5, 0),
	gsDPSetTileSize(0, 0, 0, 124, 124),
	gsSPEndDisplayList(),
};

Gfx mat_revert_castle_grounds_dl__42_f3d[] = {
	gsDPPipeSync(),
	gsDPSetAlphaDither(G_AD_DISABLE),
	gsDPSetTextureLUT(G_TT_NONE),
	gsSPEndDisplayList(),
};

Gfx mat_castle_grounds_dl__43_f3d[] = {
	gsSPLightColor(LIGHT_1, 0xFFFFFFFF),
	gsSPLightColor(LIGHT_2, 0x7F7F7FFF),
	gsDPPipeSync(),
	gsDPSetCombineLERP(TEXEL0, 0, SHADE, 0, 0, 0, 0, ENVIRONMENT, TEXEL0, 0, SHADE, 0, 0, 0, 0, ENVIRONMENT),
	gsDPSetAlphaDither(G_AD_NOISE),
	gsDPSetTextureLUT(G_TT_RGBA16),
	gsSPTexture(65535, 65535, 0, 0, 1),
	gsDPSetTextureImage(G_IM_FMT_RGBA, G_IM_SIZ_16b, 1, castle_grounds_dl__43_pal_rgba16),
	gsDPSetTile(0, 0, 0, 256, 5, 0, G_TX_WRAP | G_TX_NOMIRROR, 0, 0, G_TX_WRAP | G_TX_NOMIRROR, 0, 0),
	gsDPLoadTLUTCmd(5, 28),
	gsDPSetTextureImage(G_IM_FMT_CI, G_IM_SIZ_8b_LOAD_BLOCK, 1, castle_grounds_dl__43_ci8),
	gsDPSetTile(G_IM_FMT_CI, G_IM_SIZ_8b_LOAD_BLOCK, 0, 0, 7, 0, G_TX_WRAP | G_TX_NOMIRROR, 0, 0, G_TX_WRAP | G_TX_NOMIRROR, 0, 0),
	gsDPLoadBlock(7, 0, 0, 511, 512),
	gsDPSetTile(G_IM_FMT_CI, G_IM_SIZ_8b, 4, 0, 0, 0, G_TX_WRAP | G_TX_NOMIRROR, 5, 0, G_TX_WRAP | G_TX_NOMIRROR, 5, 0),
	gsDPSetTileSize(0, 0, 0, 124, 124),
	gsSPEndDisplayList(),
};

Gfx mat_revert_castle_grounds_dl__43_f3d[] = {
	gsDPPipeSync(),
	gsDPSetAlphaDither(G_AD_DISABLE),
	gsDPSetTextureLUT(G_TT_NONE),
	gsSPEndDisplayList(),
};

Gfx mat_castle_grounds_dl__44_f3d[] = {
	gsSPLightColor(LIGHT_1, 0xFFFFFFFF),
	gsSPLightColor(LIGHT_2, 0x7F7F7FFF),
	gsDPPipeSync(),
	gsDPSetCombineLERP(TEXEL0, 0, SHADE, 0, 0, 0, 0, ENVIRONMENT, TEXEL0, 0, SHADE, 0, 0, 0, 0, ENVIRONMENT),
	gsDPSetAlphaDither(G_AD_NOISE),
	gsDPSetTextureLUT(G_TT_RGBA16),
	gsSPTexture(65535, 65535, 0, 0, 1),
	gsDPSetTextureImage(G_IM_FMT_RGBA, G_IM_SIZ_16b, 1, castle_grounds_dl__44_pal_rgba16),
	gsDPSetTile(0, 0, 0, 256, 5, 0, G_TX_WRAP | G_TX_NOMIRROR, 0, 0, G_TX_WRAP | G_TX_NOMIRROR, 0, 0),
	gsDPLoadTLUTCmd(5, 22),
	gsDPSetTextureImage(G_IM_FMT_CI, G_IM_SIZ_8b_LOAD_BLOCK, 1, castle_grounds_dl__44_ci8),
	gsDPSetTile(G_IM_FMT_CI, G_IM_SIZ_8b_LOAD_BLOCK, 0, 0, 7, 0, G_TX_WRAP | G_TX_NOMIRROR, 0, 0, G_TX_WRAP | G_TX_NOMIRROR, 0, 0),
	gsDPLoadBlock(7, 0, 0, 143, 512),
	gsDPSetTile(G_IM_FMT_CI, G_IM_SIZ_8b, 4, 0, 0, 0, G_TX_WRAP | G_TX_NOMIRROR, 4, 0, G_TX_WRAP | G_TX_NOMIRROR, 5, 0),
	gsDPSetTileSize(0, 0, 0, 124, 32),
	gsSPEndDisplayList(),
};

Gfx mat_revert_castle_grounds_dl__44_f3d[] = {
	gsDPPipeSync(),
	gsDPSetAlphaDither(G_AD_DISABLE),
	gsDPSetTextureLUT(G_TT_NONE),
	gsSPEndDisplayList(),
};

Gfx mat_castle_grounds_dl__48_f3d[] = {
	gsSPLightColor(LIGHT_1, 0xFFFFFFFF),
	gsSPLightColor(LIGHT_2, 0x7F7F7FFF),
	gsDPPipeSync(),
	gsDPSetCombineLERP(TEXEL0, 0, SHADE, 0, 0, 0, 0, ENVIRONMENT, TEXEL0, 0, SHADE, 0, 0, 0, 0, ENVIRONMENT),
	gsDPSetAlphaDither(G_AD_NOISE),
	gsDPSetTextureLUT(G_TT_RGBA16),
	gsSPTexture(65535, 65535, 0, 0, 1),
	gsDPSetTextureImage(G_IM_FMT_RGBA, G_IM_SIZ_16b, 1, castle_grounds_dl__48_pal_rgba16),
	gsDPSetTile(0, 0, 0, 256, 5, 0, G_TX_WRAP | G_TX_NOMIRROR, 0, 0, G_TX_WRAP | G_TX_NOMIRROR, 0, 0),
	gsDPLoadTLUTCmd(5, 110),
	gsDPSetTextureImage(G_IM_FMT_CI, G_IM_SIZ_8b_LOAD_BLOCK, 1, castle_grounds_dl__48_ci8),
	gsDPSetTile(G_IM_FMT_CI, G_IM_SIZ_8b_LOAD_BLOCK, 0, 0, 7, 0, G_TX_WRAP | G_TX_NOMIRROR, 0, 0, G_TX_WRAP | G_TX_NOMIRROR, 0, 0),
	gsDPLoadBlock(7, 0, 0, 511, 512),
	gsDPSetTile(G_IM_FMT_CI, G_IM_SIZ_8b, 4, 0, 0, 0, G_TX_WRAP | G_TX_NOMIRROR, 5, 0, G_TX_WRAP | G_TX_NOMIRROR, 5, 0),
	gsDPSetTileSize(0, 0, 0, 124, 124),
	gsSPEndDisplayList(),
};

Gfx mat_revert_castle_grounds_dl__48_f3d[] = {
	gsDPPipeSync(),
	gsDPSetAlphaDither(G_AD_DISABLE),
	gsDPSetTextureLUT(G_TT_NONE),
	gsSPEndDisplayList(),
};

Gfx mat_castle_grounds_dl__50_f3d[] = {
	gsSPLightColor(LIGHT_1, 0xFFFFFFFF),
	gsSPLightColor(LIGHT_2, 0x7F7F7FFF),
	gsDPPipeSync(),
	gsDPSetCombineLERP(TEXEL0, 0, SHADE, 0, 0, 0, 0, ENVIRONMENT, TEXEL0, 0, SHADE, 0, 0, 0, 0, ENVIRONMENT),
	gsDPSetAlphaDither(G_AD_NOISE),
	gsSPTexture(65535, 65535, 0, 0, 1),
	gsDPSetTextureImage(G_IM_FMT_I, G_IM_SIZ_8b_LOAD_BLOCK, 1, castle_grounds_dl__50_i8),
	gsDPSetTile(G_IM_FMT_I, G_IM_SIZ_8b_LOAD_BLOCK, 0, 0, 7, 0, G_TX_WRAP | G_TX_NOMIRROR, 0, 0, G_TX_WRAP | G_TX_NOMIRROR, 0, 0),
	gsDPLoadBlock(7, 0, 0, 511, 512),
	gsDPSetTile(G_IM_FMT_I, G_IM_SIZ_8b, 4, 0, 0, 0, G_TX_WRAP | G_TX_NOMIRROR, 5, 0, G_TX_WRAP | G_TX_NOMIRROR, 5, 0),
	gsDPSetTileSize(0, 0, 0, 124, 124),
	gsSPEndDisplayList(),
};

Gfx mat_revert_castle_grounds_dl__50_f3d[] = {
	gsDPPipeSync(),
	gsDPSetAlphaDither(G_AD_DISABLE),
	gsSPEndDisplayList(),
};

Gfx mat_castle_grounds_dl__52_f3d[] = {
	gsSPGeometryMode(0, G_CULL_FRONT),
	gsSPLightColor(LIGHT_1, 0xFFFFFFFF),
	gsSPLightColor(LIGHT_2, 0x7F7F7FFF),
	gsDPPipeSync(),
	gsDPSetCombineLERP(TEXEL0, 0, SHADE, 0, 0, 0, 0, ENVIRONMENT, TEXEL0, 0, SHADE, 0, 0, 0, 0, ENVIRONMENT),
	gsDPSetAlphaDither(G_AD_NOISE),
	gsDPSetTextureLUT(G_TT_RGBA16),
	gsSPTexture(65535, 65535, 0, 0, 1),
	gsDPSetTextureImage(G_IM_FMT_RGBA, G_IM_SIZ_16b, 1, castle_grounds_dl__52_pal_rgba16),
	gsDPSetTile(0, 0, 0, 256, 5, 0, G_TX_WRAP | G_TX_NOMIRROR, 0, 0, G_TX_WRAP | G_TX_NOMIRROR, 0, 0),
	gsDPLoadTLUTCmd(5, 67),
	gsDPSetTextureImage(G_IM_FMT_CI, G_IM_SIZ_8b_LOAD_BLOCK, 1, castle_grounds_dl__52_ci8),
	gsDPSetTile(G_IM_FMT_CI, G_IM_SIZ_8b_LOAD_BLOCK, 0, 0, 7, 0, G_TX_WRAP | G_TX_NOMIRROR, 0, 0, G_TX_WRAP | G_TX_NOMIRROR, 0, 0),
	gsDPLoadBlock(7, 0, 0, 511, 512),
	gsDPSetTile(G_IM_FMT_CI, G_IM_SIZ_8b, 4, 0, 0, 0, G_TX_WRAP | G_TX_NOMIRROR, 5, 0, G_TX_WRAP | G_TX_NOMIRROR, 5, 0),
	gsDPSetTileSize(0, 0, 0, 124, 124),
	gsSPEndDisplayList(),
};

Gfx mat_revert_castle_grounds_dl__52_f3d[] = {
	gsSPGeometryMode(G_CULL_FRONT, 0),
	gsDPPipeSync(),
	gsDPSetAlphaDither(G_AD_DISABLE),
	gsDPSetTextureLUT(G_TT_NONE),
	gsSPEndDisplayList(),
};

Gfx mat_castle_grounds_dl_f3dlite_material[] = {
	gsSPGeometryMode(G_CULL_BACK, 0),
	gsSPLightColor(LIGHT_1, 0x00C3FFFF),
	gsSPLightColor(LIGHT_2, 0x00607FFF),
	gsDPPipeSync(),
	gsDPSetCombineLERP(TEXEL0, 0, SHADE, 0, TEXEL0, 0, PRIMITIVE, 0, TEXEL0, 0, SHADE, 0, TEXEL0, 0, PRIMITIVE, 0),
	gsDPSetAlphaDither(G_AD_NOISE),
	gsSPTexture(65535, 65535, 0, 0, 1),
	gsDPSetPrimColor(0, 0, 255, 255, 255, 255),
	gsDPSetTextureImage(G_IM_FMT_IA, G_IM_SIZ_8b_LOAD_BLOCK, 1, castle_grounds_dl_water_ia8),
	gsDPSetTile(G_IM_FMT_IA, G_IM_SIZ_8b_LOAD_BLOCK, 0, 0, 7, 0, G_TX_WRAP | G_TX_NOMIRROR, 0, 0, G_TX_WRAP | G_TX_NOMIRROR, 0, 0),
	gsDPLoadBlock(7, 0, 0, 511, 512),
	gsDPSetTile(G_IM_FMT_IA, G_IM_SIZ_8b, 4, 0, 0, 0, G_TX_WRAP | G_TX_NOMIRROR, 5, 0, G_TX_WRAP | G_TX_NOMIRROR, 5, 0),
	gsDPSetTileSize(0, 0, 0, 124, 124),
	gsSPEndDisplayList(),
};

Gfx mat_revert_castle_grounds_dl_f3dlite_material[] = {
	gsSPGeometryMode(0, G_CULL_BACK),
	gsDPPipeSync(),
	gsDPSetAlphaDither(G_AD_DISABLE),
	gsSPEndDisplayList(),
};

Gfx castle_grounds_dl_shujacg_mesh_layer_4[] = {
	gsSPClearGeometryMode(G_LIGHTING),
	gsSPVertex(castle_grounds_dl_shujacg_mesh_layer_4_vtx_cull + 0, 8, 0),
	gsSPSetGeometryMode(G_LIGHTING),
	gsSPCullDisplayList(0, 7),
	gsSPDisplayList(mat_castle_grounds_dl__0_f3d),
	gsSPDisplayList(castle_grounds_dl_shujacg_mesh_layer_4_tri_0),
	gsSPDisplayList(mat_revert_castle_grounds_dl__0_f3d),
	gsSPDisplayList(mat_castle_grounds_dl__2_f3d),
	gsSPDisplayList(castle_grounds_dl_shujacg_mesh_layer_4_tri_1),
	gsSPDisplayList(mat_revert_castle_grounds_dl__2_f3d),
	gsSPDisplayList(mat_castle_grounds_dl__3_f3d),
	gsSPDisplayList(castle_grounds_dl_shujacg_mesh_layer_4_tri_2),
	gsSPDisplayList(mat_revert_castle_grounds_dl__3_f3d),
	gsSPDisplayList(mat_castle_grounds_dl__4_f3d),
	gsSPDisplayList(castle_grounds_dl_shujacg_mesh_layer_4_tri_3),
	gsSPDisplayList(mat_revert_castle_grounds_dl__4_f3d),
	gsDPPipeSync(),
	gsSPSetGeometryMode(G_LIGHTING),
	gsSPClearGeometryMode(G_TEXTURE_GEN),
	gsDPSetCombineLERP(0, 0, 0, SHADE, 0, 0, 0, ENVIRONMENT, 0, 0, 0, SHADE, 0, 0, 0, ENVIRONMENT),
	gsSPTexture(65535, 65535, 0, 0, 0),
	gsDPSetEnvColor(255, 255, 255, 255),
	gsDPSetAlphaCompare(G_AC_NONE),
	gsSPEndDisplayList(),
};

Gfx castle_grounds_dl_shujacg_mesh_layer_1[] = {
	gsSPClearGeometryMode(G_LIGHTING),
	gsSPVertex(castle_grounds_dl_shujacg_mesh_layer_1_vtx_cull + 0, 8, 0),
	gsSPSetGeometryMode(G_LIGHTING),
	gsSPCullDisplayList(0, 7),
	gsSPDisplayList(mat_castle_grounds_dl__1_f3d),
	gsSPDisplayList(castle_grounds_dl_shujacg_mesh_layer_1_tri_0),
	gsSPDisplayList(mat_revert_castle_grounds_dl__1_f3d),
	gsSPDisplayList(mat_castle_grounds_dl__6_f3d),
	gsSPDisplayList(castle_grounds_dl_shujacg_mesh_layer_1_tri_1),
	gsSPDisplayList(mat_revert_castle_grounds_dl__6_f3d),
	gsSPDisplayList(mat_castle_grounds_dl__7_f3d),
	gsSPDisplayList(castle_grounds_dl_shujacg_mesh_layer_1_tri_2),
	gsSPDisplayList(mat_revert_castle_grounds_dl__7_f3d),
	gsSPDisplayList(mat_castle_grounds_dl__8_f3d),
	gsSPDisplayList(castle_grounds_dl_shujacg_mesh_layer_1_tri_3),
	gsSPDisplayList(mat_revert_castle_grounds_dl__8_f3d),
	gsSPDisplayList(mat_castle_grounds_dl__9_f3d),
	gsSPDisplayList(castle_grounds_dl_shujacg_mesh_layer_1_tri_4),
	gsSPDisplayList(mat_revert_castle_grounds_dl__9_f3d),
	gsSPDisplayList(mat_castle_grounds_dl__10_f3d),
	gsSPDisplayList(castle_grounds_dl_shujacg_mesh_layer_1_tri_5),
	gsSPDisplayList(mat_revert_castle_grounds_dl__10_f3d),
	gsSPDisplayList(mat_castle_grounds_dl__11_f3d),
	gsSPDisplayList(castle_grounds_dl_shujacg_mesh_layer_1_tri_6),
	gsSPDisplayList(mat_revert_castle_grounds_dl__11_f3d),
	gsSPDisplayList(mat_castle_grounds_dl__12_f3d),
	gsSPDisplayList(castle_grounds_dl_shujacg_mesh_layer_1_tri_7),
	gsSPDisplayList(mat_revert_castle_grounds_dl__12_f3d),
	gsSPDisplayList(mat_castle_grounds_dl__13_f3d),
	gsSPDisplayList(castle_grounds_dl_shujacg_mesh_layer_1_tri_8),
	gsSPDisplayList(mat_revert_castle_grounds_dl__13_f3d),
	gsSPDisplayList(mat_castle_grounds_dl__14_f3d),
	gsSPDisplayList(castle_grounds_dl_shujacg_mesh_layer_1_tri_9),
	gsSPDisplayList(mat_revert_castle_grounds_dl__14_f3d),
	gsSPDisplayList(mat_castle_grounds_dl__15_f3d),
	gsSPDisplayList(castle_grounds_dl_shujacg_mesh_layer_1_tri_10),
	gsSPDisplayList(mat_revert_castle_grounds_dl__15_f3d),
	gsSPDisplayList(mat_castle_grounds_dl__16_f3d),
	gsSPDisplayList(castle_grounds_dl_shujacg_mesh_layer_1_tri_11),
	gsSPDisplayList(mat_revert_castle_grounds_dl__16_f3d),
	gsSPDisplayList(mat_castle_grounds_dl__17_f3d),
	gsSPDisplayList(castle_grounds_dl_shujacg_mesh_layer_1_tri_12),
	gsSPDisplayList(mat_revert_castle_grounds_dl__17_f3d),
	gsSPDisplayList(mat_castle_grounds_dl__18_f3d),
	gsSPDisplayList(castle_grounds_dl_shujacg_mesh_layer_1_tri_13),
	gsSPDisplayList(mat_revert_castle_grounds_dl__18_f3d),
	gsSPDisplayList(mat_castle_grounds_dl__19_f3d),
	gsSPDisplayList(castle_grounds_dl_shujacg_mesh_layer_1_tri_14),
	gsSPDisplayList(mat_revert_castle_grounds_dl__19_f3d),
	gsSPDisplayList(mat_castle_grounds_dl__20_f3d),
	gsSPDisplayList(castle_grounds_dl_shujacg_mesh_layer_1_tri_15),
	gsSPDisplayList(mat_revert_castle_grounds_dl__20_f3d),
	gsSPDisplayList(mat_castle_grounds_dl__21_f3d),
	gsSPDisplayList(castle_grounds_dl_shujacg_mesh_layer_1_tri_16),
	gsSPDisplayList(mat_revert_castle_grounds_dl__21_f3d),
	gsSPDisplayList(mat_castle_grounds_dl__22_f3d),
	gsSPDisplayList(castle_grounds_dl_shujacg_mesh_layer_1_tri_17),
	gsSPDisplayList(mat_revert_castle_grounds_dl__22_f3d),
	gsSPDisplayList(mat_castle_grounds_dl__23_f3d),
	gsSPDisplayList(castle_grounds_dl_shujacg_mesh_layer_1_tri_18),
	gsSPDisplayList(mat_revert_castle_grounds_dl__23_f3d),
	gsSPDisplayList(mat_castle_grounds_dl__24_f3d),
	gsSPDisplayList(castle_grounds_dl_shujacg_mesh_layer_1_tri_19),
	gsSPDisplayList(mat_revert_castle_grounds_dl__24_f3d),
	gsSPDisplayList(mat_castle_grounds_dl__25_f3d),
	gsSPDisplayList(castle_grounds_dl_shujacg_mesh_layer_1_tri_20),
	gsSPDisplayList(mat_revert_castle_grounds_dl__25_f3d),
	gsSPDisplayList(mat_castle_grounds_dl__26_f3d),
	gsSPDisplayList(castle_grounds_dl_shujacg_mesh_layer_1_tri_21),
	gsSPDisplayList(mat_revert_castle_grounds_dl__26_f3d),
	gsSPDisplayList(mat_castle_grounds_dl__27_f3d),
	gsSPDisplayList(castle_grounds_dl_shujacg_mesh_layer_1_tri_22),
	gsSPDisplayList(mat_revert_castle_grounds_dl__27_f3d),
	gsSPDisplayList(mat_castle_grounds_dl__28_f3d),
	gsSPDisplayList(castle_grounds_dl_shujacg_mesh_layer_1_tri_23),
	gsSPDisplayList(mat_revert_castle_grounds_dl__28_f3d),
	gsSPDisplayList(mat_castle_grounds_dl__29_f3d),
	gsSPDisplayList(castle_grounds_dl_shujacg_mesh_layer_1_tri_24),
	gsSPDisplayList(mat_revert_castle_grounds_dl__29_f3d),
	gsSPDisplayList(mat_castle_grounds_dl__30_f3d),
	gsSPDisplayList(castle_grounds_dl_shujacg_mesh_layer_1_tri_25),
	gsSPDisplayList(mat_revert_castle_grounds_dl__30_f3d),
	gsSPDisplayList(mat_castle_grounds_dl__31_f3d),
	gsSPDisplayList(castle_grounds_dl_shujacg_mesh_layer_1_tri_26),
	gsSPDisplayList(mat_revert_castle_grounds_dl__31_f3d),
	gsSPDisplayList(mat_castle_grounds_dl__32_f3d),
	gsSPDisplayList(castle_grounds_dl_shujacg_mesh_layer_1_tri_27),
	gsSPDisplayList(mat_revert_castle_grounds_dl__32_f3d),
	gsSPDisplayList(mat_castle_grounds_dl__33_f3d),
	gsSPDisplayList(castle_grounds_dl_shujacg_mesh_layer_1_tri_28),
	gsSPDisplayList(mat_revert_castle_grounds_dl__33_f3d),
	gsSPDisplayList(mat_castle_grounds_dl__34_f3d),
	gsSPDisplayList(castle_grounds_dl_shujacg_mesh_layer_1_tri_29),
	gsSPDisplayList(mat_revert_castle_grounds_dl__34_f3d),
	gsSPDisplayList(mat_castle_grounds_dl__35_f3d),
	gsSPDisplayList(castle_grounds_dl_shujacg_mesh_layer_1_tri_30),
	gsSPDisplayList(mat_revert_castle_grounds_dl__35_f3d),
	gsSPDisplayList(mat_castle_grounds_dl__36_f3d),
	gsSPDisplayList(castle_grounds_dl_shujacg_mesh_layer_1_tri_31),
	gsSPDisplayList(mat_revert_castle_grounds_dl__36_f3d),
	gsSPDisplayList(mat_castle_grounds_dl__37_f3d),
	gsSPDisplayList(castle_grounds_dl_shujacg_mesh_layer_1_tri_32),
	gsSPDisplayList(mat_revert_castle_grounds_dl__37_f3d),
	gsSPDisplayList(mat_castle_grounds_dl__38_f3d),
	gsSPDisplayList(castle_grounds_dl_shujacg_mesh_layer_1_tri_33),
	gsSPDisplayList(mat_revert_castle_grounds_dl__38_f3d),
	gsSPDisplayList(mat_castle_grounds_dl__39_f3d),
	gsSPDisplayList(castle_grounds_dl_shujacg_mesh_layer_1_tri_34),
	gsSPDisplayList(mat_revert_castle_grounds_dl__39_f3d),
	gsSPDisplayList(mat_castle_grounds_dl__40_f3d),
	gsSPDisplayList(castle_grounds_dl_shujacg_mesh_layer_1_tri_35),
	gsSPDisplayList(mat_revert_castle_grounds_dl__40_f3d),
	gsSPDisplayList(mat_castle_grounds_dl__41_f3d),
	gsSPDisplayList(castle_grounds_dl_shujacg_mesh_layer_1_tri_36),
	gsSPDisplayList(mat_revert_castle_grounds_dl__41_f3d),
	gsSPDisplayList(mat_castle_grounds_dl__42_f3d),
	gsSPDisplayList(castle_grounds_dl_shujacg_mesh_layer_1_tri_37),
	gsSPDisplayList(mat_revert_castle_grounds_dl__42_f3d),
	gsSPDisplayList(mat_castle_grounds_dl__43_f3d),
	gsSPDisplayList(castle_grounds_dl_shujacg_mesh_layer_1_tri_38),
	gsSPDisplayList(mat_revert_castle_grounds_dl__43_f3d),
	gsSPDisplayList(mat_castle_grounds_dl__44_f3d),
	gsSPDisplayList(castle_grounds_dl_shujacg_mesh_layer_1_tri_39),
	gsSPDisplayList(mat_revert_castle_grounds_dl__44_f3d),
	gsSPDisplayList(mat_castle_grounds_dl__48_f3d),
	gsSPDisplayList(castle_grounds_dl_shujacg_mesh_layer_1_tri_40),
	gsSPDisplayList(mat_revert_castle_grounds_dl__48_f3d),
	gsSPDisplayList(mat_castle_grounds_dl__50_f3d),
	gsSPDisplayList(castle_grounds_dl_shujacg_mesh_layer_1_tri_41),
	gsSPDisplayList(mat_revert_castle_grounds_dl__50_f3d),
	gsSPDisplayList(mat_castle_grounds_dl__52_f3d),
	gsSPDisplayList(castle_grounds_dl_shujacg_mesh_layer_1_tri_42),
	gsSPDisplayList(mat_revert_castle_grounds_dl__52_f3d),
	gsDPPipeSync(),
	gsSPSetGeometryMode(G_LIGHTING),
	gsSPClearGeometryMode(G_TEXTURE_GEN),
	gsDPSetCombineLERP(0, 0, 0, SHADE, 0, 0, 0, ENVIRONMENT, 0, 0, 0, SHADE, 0, 0, 0, ENVIRONMENT),
	gsSPTexture(65535, 65535, 0, 0, 0),
	gsDPSetEnvColor(255, 255, 255, 255),
	gsDPSetAlphaCompare(G_AC_NONE),
	gsSPEndDisplayList(),
};

Gfx castle_grounds_dl_shujacg_mesh_layer_5[] = {
	gsSPClearGeometryMode(G_LIGHTING),
	gsSPVertex(castle_grounds_dl_shujacg_mesh_layer_5_vtx_cull + 0, 8, 0),
	gsSPSetGeometryMode(G_LIGHTING),
	gsSPCullDisplayList(0, 7),
	gsSPDisplayList(mat_castle_grounds_dl_f3dlite_material),
	gsSPDisplayList(castle_grounds_dl_shujacg_mesh_layer_5_tri_0),
	gsSPDisplayList(mat_revert_castle_grounds_dl_f3dlite_material),
	gsDPPipeSync(),
	gsSPSetGeometryMode(G_LIGHTING),
	gsSPClearGeometryMode(G_TEXTURE_GEN),
	gsDPSetCombineLERP(0, 0, 0, SHADE, 0, 0, 0, ENVIRONMENT, 0, 0, 0, SHADE, 0, 0, 0, ENVIRONMENT),
	gsSPTexture(65535, 65535, 0, 0, 0),
	gsDPSetEnvColor(255, 255, 255, 255),
	gsDPSetAlphaCompare(G_AC_NONE),
	gsSPEndDisplayList(),
};

