Gfx ttm_dl_carpet_ci4_aligner[] = {gsSPEndDisplayList()};
u8 ttm_dl_carpet_ci4[] = {
	0x00, 0x00, 0x12, 0x11, 0x22, 0x22, 0x21, 0x21, 
	0x00, 0x21, 0x10, 0x01, 0x11, 0x22, 0x11, 0x02, 
	0x12, 0x12, 0x11, 0x11, 0x02, 0x02, 0x12, 0x22, 
	0x00, 0x22, 0x21, 0x21, 0x02, 0x21, 0x22, 0x12, 
	0x22, 0x02, 0x12, 0x12, 0x20, 0x21, 0x12, 0x01, 
	0x11, 0x11, 0x10, 0x00, 0x00, 0x21, 0x10, 0x11, 
	0x21, 0x00, 0x12, 0x22, 0x21, 0x22, 0x01, 0x22, 
	0x21, 0x01, 0x02, 0x12, 0x00, 0x02, 0x20, 0x21, 
	0x00, 0x11, 0x22, 0x10, 0x22, 0x11, 0x21, 0x02, 
	0x22, 0x01, 0x21, 0x10, 0x22, 0x22, 0x00, 0x01, 
	0x10, 0x00, 0x01, 0x10, 0x20, 0x22, 0x12, 0x12, 
	0x21, 0x00, 0x12, 0x10, 0x22, 0x10, 0x12, 0x21, 
	0x10, 0x01, 0x12, 0x11, 0x12, 0x21, 0x20, 0x10, 
	0x12, 0x10, 0x11, 0x12, 0x20, 0x21, 0x11, 0x12, 
	0x01, 0x00, 0x01, 0x10, 0x01, 0x12, 0x12, 0x11, 
	0x11, 0x11, 0x00, 0x11, 0x10, 0x12, 0x01, 0x12, 
	0x11, 0x10, 0x11, 0x01, 0x10, 0x12, 0x22, 0x10, 
	0x00, 0x22, 0x01, 0x22, 0x00, 0x21, 0x20, 0x12, 
	0x10, 0x01, 0x01, 0x20, 0x02, 0x10, 0x12, 0x11, 
	0x10, 0x01, 0x00, 0x00, 0x20, 0x01, 0x02, 0x11, 
	0x01, 0x00, 0x02, 0x12, 0x11, 0x10, 0x01, 0x21, 
	0x20, 0x00, 0x01, 0x00, 0x11, 0x20, 0x12, 0x21, 
	0x20, 0x00, 0x10, 0x21, 0x20, 0x10, 0x21, 0x10, 
	0x10, 0x01, 0x01, 0x20, 0x22, 0x02, 0x22, 0x22, 
	0x12, 0x01, 0x11, 0x02, 0x01, 0x00, 0x10, 0x22, 
	0x21, 0x00, 0x01, 0x11, 0x10, 0x21, 0x21, 0x22, 
	0x21, 0x20, 0x11, 0x01, 0x00, 0x11, 0x01, 0x00, 
	0x21, 0x10, 0x00, 0x22, 0x02, 0x12, 0x22, 0x21, 
	0x21, 0x11, 0x01, 0x22, 0x00, 0x00, 0x11, 0x11, 
	0x02, 0x11, 0x20, 0x10, 0x01, 0x01, 0x20, 0x02, 
	0x20, 0x00, 0x10, 0x12, 0x00, 0x11, 0x21, 0x12, 
	0x12, 0x10, 0x22, 0x12, 0x20, 0x02, 0x00, 0x20, 
	0x20, 0x22, 0x01, 0x02, 0x10, 0x20, 0x01, 0x22, 
	0x22, 0x20, 0x11, 0x11, 0x01, 0x02, 0x10, 0x02, 
	0x00, 0x12, 0x11, 0x12, 0x11, 0x22, 0x22, 0x12, 
	0x01, 0x12, 0x22, 0x10, 0x00, 0x01, 0x10, 0x11, 
	0x00, 0x00, 0x20, 0x11, 0x12, 0x21, 0x02, 0x21, 
	0x20, 0x02, 0x11, 0x11, 0x01, 0x00, 0x10, 0x11, 
	0x01, 0x10, 0x10, 0x02, 0x01, 0x22, 0x01, 0x22, 
	0x22, 0x10, 0x22, 0x20, 0x12, 0x00, 0x00, 0x01, 
	0x00, 0x01, 0x20, 0x10, 0x22, 0x12, 0x21, 0x21, 
	0x12, 0x22, 0x02, 0x02, 0x01, 0x20, 0x20, 0x12, 
	0x10, 0x01, 0x22, 0x12, 0x00, 0x12, 0x12, 0x10, 
	0x20, 0x22, 0x10, 0x01, 0x00, 0x12, 0x11, 0x22, 
	0x10, 0x10, 0x00, 0x11, 0x02, 0x21, 0x21, 0x22, 
	0x22, 0x22, 0x11, 0x11, 0x11, 0x11, 0x22, 0x12, 
	0x00, 0x01, 0x00, 0x21, 0x10, 0x10, 0x11, 0x21, 
	0x22, 0x11, 0x00, 0x11, 0x00, 0x12, 0x02, 0x22, 
	0x22, 0x21, 0x11, 0x21, 0x20, 0x01, 0x22, 0x22, 
	0x11, 0x22, 0x10, 0x22, 0x02, 0x10, 0x00, 0x02, 
	0x10, 0x01, 0x21, 0x10, 0x11, 0x10, 0x12, 0x20, 
	0x21, 0x00, 0x20, 0x11, 0x02, 0x12, 0x20, 0x20, 
	0x21, 0x22, 0x22, 0x11, 0x00, 0x10, 0x11, 0x01, 
	0x02, 0x10, 0x00, 0x22, 0x02, 0x12, 0x21, 0x12, 
	0x22, 0x21, 0x21, 0x21, 0x11, 0x11, 0x22, 0x11, 
	0x21, 0x21, 0x10, 0x22, 0x11, 0x20, 0x20, 0x02, 
	0x22, 0x12, 0x11, 0x20, 0x12, 0x10, 0x22, 0x21, 
	0x10, 0x00, 0x01, 0x11, 0x21, 0x10, 0x01, 0x01, 
	0x11, 0x20, 0x02, 0x20, 0x00, 0x22, 0x02, 0x20, 
	0x10, 0x02, 0x12, 0x12, 0x20, 0x00, 0x21, 0x02, 
	0x00, 0x12, 0x10, 0x12, 0x22, 0x22, 0x12, 0x21, 
	0x10, 0x02, 0x22, 0x00, 0x21, 0x00, 0x01, 0x12, 
	0x11, 0x12, 0x22, 0x22, 0x20, 0x12, 0x02, 0x02, 
	0x20, 0x12, 0x20, 0x12, 0x12, 0x22, 0x10, 0x11, 
	
};

Gfx ttm_dl_carpet_pal_rgba16_aligner[] = {gsSPEndDisplayList()};
u8 ttm_dl_carpet_pal_rgba16[] = {
	0x80, 0xc7, 0xa0, 0xc7, 0x88, 0xc7, 
};

Gfx ttm_dl_beta_checkerboard2_i8_aligner[] = {gsSPEndDisplayList()};
u8 ttm_dl_beta_checkerboard2_i8[] = {
	0xe0, 0x50, 0x50, 0x50, 0x50, 0x50, 0x50, 0x50, 
	0x50, 0x50, 0x50, 0x50, 0x50, 0x50, 0x50, 0x50, 
	0x50, 0xf8, 0xf8, 0xf8, 0xf8, 0xf8, 0xf8, 0xf8, 
	0xf8, 0xf8, 0xf8, 0xf8, 0xf8, 0xf8, 0xf8, 0xf8, 
	0xb0, 0x40, 0x58, 0x58, 0x58, 0x58, 0x58, 0x58, 
	0x58, 0x58, 0x58, 0x58, 0x58, 0x58, 0x58, 0x58, 
	0x40, 0xf8, 0xf8, 0xf8, 0xf8, 0xf8, 0xf8, 0xf8, 
	0xf8, 0xf8, 0xf8, 0xf8, 0xf8, 0xf8, 0xf8, 0xf8, 
	0xb0, 0x40, 0x58, 0x58, 0x58, 0x58, 0x58, 0x58, 
	0x58, 0x58, 0x58, 0x58, 0x58, 0x58, 0x58, 0x58, 
	0x40, 0xf8, 0xf8, 0xf8, 0xf8, 0xf8, 0xf8, 0xf8, 
	0xf8, 0xf8, 0xf8, 0xf8, 0xf8, 0xf8, 0xf8, 0xf8, 
	0xb0, 0x40, 0x58, 0x58, 0x58, 0x58, 0x58, 0x58, 
	0x58, 0x58, 0x58, 0x58, 0x58, 0x58, 0x58, 0x58, 
	0x40, 0xf8, 0xf8, 0xf8, 0xf8, 0xf8, 0xf8, 0xf8, 
	0xf8, 0xf8, 0xf8, 0xf8, 0xf8, 0xf8, 0xf8, 0xf8, 
	0xb0, 0x40, 0x58, 0x58, 0x58, 0x58, 0x58, 0x58, 
	0x58, 0x58, 0x58, 0x58, 0x58, 0x58, 0x58, 0x58, 
	0x40, 0xf8, 0xf8, 0xf8, 0xf8, 0xf8, 0xf8, 0xf8, 
	0xf8, 0xf8, 0xf8, 0xf8, 0xf8, 0xf8, 0xf8, 0xf8, 
	0xb0, 0x40, 0x58, 0x58, 0x58, 0x58, 0x58, 0x58, 
	0x58, 0x58, 0x58, 0x58, 0x58, 0x58, 0x58, 0x58, 
	0x40, 0xf8, 0xf8, 0xf8, 0xf8, 0xf8, 0xf8, 0xf8, 
	0xf8, 0xf8, 0xf8, 0xf8, 0xf8, 0xf8, 0xf8, 0xf8, 
	0xb0, 0x40, 0x58, 0x58, 0x58, 0x58, 0x58, 0x58, 
	0x58, 0x58, 0x58, 0x58, 0x58, 0x58, 0x58, 0x58, 
	0x40, 0xf8, 0xf8, 0xf8, 0xf8, 0xf8, 0xf8, 0xf8, 
	0xf8, 0xf8, 0xf8, 0xf8, 0xf8, 0xf8, 0xf8, 0xf8, 
	0xb0, 0x40, 0x58, 0x58, 0x58, 0x58, 0x58, 0x58, 
	0x58, 0x58, 0x58, 0x58, 0x58, 0x58, 0x58, 0x58, 
	0x40, 0xf8, 0xf8, 0xf8, 0xf8, 0xf8, 0xf8, 0xf8, 
	0xf8, 0xf8, 0xf8, 0xf8, 0xf8, 0xf8, 0xf8, 0xf8, 
	0xb0, 0x40, 0x58, 0x58, 0x58, 0x58, 0x58, 0x58, 
	0x58, 0x58, 0x58, 0x58, 0x58, 0x58, 0x58, 0x58, 
	0x40, 0xf8, 0xf8, 0xf8, 0xf8, 0xf8, 0xf8, 0xf8, 
	0xf8, 0xf8, 0xf8, 0xf8, 0xf8, 0xf8, 0xf8, 0xf8, 
	0xb0, 0x40, 0x58, 0x58, 0x58, 0x58, 0x58, 0x58, 
	0x58, 0x58, 0x58, 0x58, 0x58, 0x58, 0x58, 0x58, 
	0x40, 0xf8, 0xf8, 0xf8, 0xf8, 0xf8, 0xf8, 0xf8, 
	0xf8, 0xf8, 0xf8, 0xf8, 0xf8, 0xf8, 0xf8, 0xf8, 
	0xb0, 0x40, 0x58, 0x58, 0x58, 0x58, 0x58, 0x58, 
	0x58, 0x58, 0x58, 0x58, 0x58, 0x58, 0x58, 0x58, 
	0x40, 0xf8, 0xf8, 0xf8, 0xf8, 0xf8, 0xf8, 0xf8, 
	0xf8, 0xf8, 0xf8, 0xf8, 0xf8, 0xf8, 0xf8, 0xf8, 
	0xb0, 0x40, 0x58, 0x58, 0x58, 0x58, 0x58, 0x58, 
	0x58, 0x58, 0x58, 0x58, 0x58, 0x58, 0x58, 0x58, 
	0x40, 0xf8, 0xf8, 0xf8, 0xf8, 0xf8, 0xf8, 0xf8, 
	0xf8, 0xf8, 0xf8, 0xf8, 0xf8, 0xf8, 0xf8, 0xf8, 
	0xb0, 0x40, 0x58, 0x58, 0x58, 0x58, 0x58, 0x58, 
	0x58, 0x58, 0x58, 0x58, 0x58, 0x58, 0x58, 0x58, 
	0x40, 0xf8, 0xf8, 0xf8, 0xf8, 0xf8, 0xf8, 0xf8, 
	0xf8, 0xf8, 0xf8, 0xf8, 0xf8, 0xf8, 0xf8, 0xf8, 
	0xb0, 0x40, 0x58, 0x58, 0x58, 0x58, 0x58, 0x58, 
	0x58, 0x58, 0x58, 0x58, 0x58, 0x58, 0x58, 0x58, 
	0x40, 0xf8, 0xf8, 0xf8, 0xf8, 0xf8, 0xf8, 0xf8, 
	0xf8, 0xf8, 0xf8, 0xf8, 0xf8, 0xf8, 0xf8, 0xf8, 
	0xb0, 0x40, 0x58, 0x58, 0x58, 0x58, 0x58, 0x58, 
	0x58, 0x58, 0x58, 0x58, 0x58, 0x58, 0x58, 0x58, 
	0x40, 0xf8, 0xf8, 0xf8, 0xf8, 0xf8, 0xf8, 0xf8, 
	0xf8, 0xf8, 0xf8, 0xf8, 0xf8, 0xf8, 0xf8, 0xf8, 
	0xb0, 0x40, 0x58, 0x58, 0x58, 0x58, 0x58, 0x58, 
	0x58, 0x58, 0x58, 0x58, 0x58, 0x58, 0x58, 0x58, 
	0x40, 0xf8, 0xe8, 0xe8, 0xe8, 0xe8, 0xe8, 0xe8, 
	0xe8, 0xe8, 0xe8, 0xe8, 0xe8, 0xe8, 0xe8, 0xe8, 
	0x50, 0xe8, 0xe8, 0xe8, 0xe8, 0xe8, 0xe8, 0xe8, 
	0xe8, 0xe8, 0xe8, 0xe8, 0xe8, 0xe8, 0xe8, 0xe8, 
	0xe0, 0x50, 0x50, 0x50, 0x50, 0x50, 0x50, 0x50, 
	0x50, 0x50, 0x50, 0x50, 0x50, 0x50, 0x50, 0x50, 
	0x40, 0xf8, 0xf8, 0xf8, 0xf8, 0xf8, 0xf8, 0xf8, 
	0xf8, 0xf8, 0xf8, 0xf8, 0xf8, 0xf8, 0xf8, 0xf8, 
	0xb0, 0x40, 0x58, 0x58, 0x58, 0x58, 0x58, 0x58, 
	0x58, 0x58, 0x58, 0x58, 0x58, 0x58, 0x58, 0x58, 
	0x40, 0xf8, 0xf8, 0xf8, 0xf8, 0xf8, 0xf8, 0xf8, 
	0xf8, 0xf8, 0xf8, 0xf8, 0xf8, 0xf8, 0xf8, 0xf8, 
	0xb0, 0x40, 0x58, 0x58, 0x58, 0x58, 0x58, 0x58, 
	0x58, 0x58, 0x58, 0x58, 0x58, 0x58, 0x58, 0x58, 
	0x40, 0xf8, 0xf8, 0xf8, 0xf8, 0xf8, 0xf8, 0xf8, 
	0xf8, 0xf8, 0xf8, 0xf8, 0xf8, 0xf8, 0xf8, 0xf8, 
	0xb0, 0x40, 0x58, 0x58, 0x58, 0x58, 0x58, 0x58, 
	0x58, 0x58, 0x58, 0x58, 0x58, 0x58, 0x58, 0x58, 
	0x40, 0xf8, 0xf8, 0xf8, 0xf8, 0xf8, 0xf8, 0xf8, 
	0xf8, 0xf8, 0xf8, 0xf8, 0xf8, 0xf8, 0xf8, 0xf8, 
	0xb0, 0x40, 0x58, 0x58, 0x58, 0x58, 0x58, 0x58, 
	0x58, 0x58, 0x58, 0x58, 0x58, 0x58, 0x58, 0x58, 
	0x40, 0xf8, 0xf8, 0xf8, 0xf8, 0xf8, 0xf8, 0xf8, 
	0xf8, 0xf8, 0xf8, 0xf8, 0xf8, 0xf8, 0xf8, 0xf8, 
	0xb0, 0x40, 0x58, 0x58, 0x58, 0x58, 0x58, 0x58, 
	0x58, 0x58, 0x58, 0x58, 0x58, 0x58, 0x58, 0x58, 
	0x40, 0xf8, 0xf8, 0xf8, 0xf8, 0xf8, 0xf8, 0xf8, 
	0xf8, 0xf8, 0xf8, 0xf8, 0xf8, 0xf8, 0xf8, 0xf8, 
	0xb0, 0x40, 0x58, 0x58, 0x58, 0x58, 0x58, 0x58, 
	0x58, 0x58, 0x58, 0x58, 0x58, 0x58, 0x58, 0x58, 
	0x40, 0xf8, 0xf8, 0xf8, 0xf8, 0xf8, 0xf8, 0xf8, 
	0xf8, 0xf8, 0xf8, 0xf8, 0xf8, 0xf8, 0xf8, 0xf8, 
	0xb0, 0x40, 0x58, 0x58, 0x58, 0x58, 0x58, 0x58, 
	0x58, 0x58, 0x58, 0x58, 0x58, 0x58, 0x58, 0x58, 
	0x40, 0xf8, 0xf8, 0xf8, 0xf8, 0xf8, 0xf8, 0xf8, 
	0xf8, 0xf8, 0xf8, 0xf8, 0xf8, 0xf8, 0xf8, 0xf8, 
	0xb0, 0x40, 0x58, 0x58, 0x58, 0x58, 0x58, 0x58, 
	0x58, 0x58, 0x58, 0x58, 0x58, 0x58, 0x58, 0x58, 
	0x40, 0xf8, 0xf8, 0xf8, 0xf8, 0xf8, 0xf8, 0xf8, 
	0xf8, 0xf8, 0xf8, 0xf8, 0xf8, 0xf8, 0xf8, 0xf8, 
	0xb0, 0x40, 0x58, 0x58, 0x58, 0x58, 0x58, 0x58, 
	0x58, 0x58, 0x58, 0x58, 0x58, 0x58, 0x58, 0x58, 
	0x40, 0xf8, 0xf8, 0xf8, 0xf8, 0xf8, 0xf8, 0xf8, 
	0xf8, 0xf8, 0xf8, 0xf8, 0xf8, 0xf8, 0xf8, 0xf8, 
	0xb0, 0x40, 0x58, 0x58, 0x58, 0x58, 0x58, 0x58, 
	0x58, 0x58, 0x58, 0x58, 0x58, 0x58, 0x58, 0x58, 
	0x40, 0xf8, 0xf8, 0xf8, 0xf8, 0xf8, 0xf8, 0xf8, 
	0xf8, 0xf8, 0xf8, 0xf8, 0xf8, 0xf8, 0xf8, 0xf8, 
	0xb0, 0x40, 0x58, 0x58, 0x58, 0x58, 0x58, 0x58, 
	0x58, 0x58, 0x58, 0x58, 0x58, 0x58, 0x58, 0x58, 
	0x40, 0xf8, 0xf8, 0xf8, 0xf8, 0xf8, 0xf8, 0xf8, 
	0xf8, 0xf8, 0xf8, 0xf8, 0xf8, 0xf8, 0xf8, 0xf8, 
	0xb0, 0x40, 0x58, 0x58, 0x58, 0x58, 0x58, 0x58, 
	0x58, 0x58, 0x58, 0x58, 0x58, 0x58, 0x58, 0x58, 
	0x40, 0xf8, 0xf8, 0xf8, 0xf8, 0xf8, 0xf8, 0xf8, 
	0xf8, 0xf8, 0xf8, 0xf8, 0xf8, 0xf8, 0xf8, 0xf8, 
	0xb0, 0x40, 0x58, 0x58, 0x58, 0x58, 0x58, 0x58, 
	0x58, 0x58, 0x58, 0x58, 0x58, 0x58, 0x58, 0x58, 
	0x40, 0xf8, 0xf8, 0xf8, 0xf8, 0xf8, 0xf8, 0xf8, 
	0xf8, 0xf8, 0xf8, 0xf8, 0xf8, 0xf8, 0xf8, 0xf8, 
	0xb0, 0x40, 0x58, 0x58, 0x58, 0x58, 0x58, 0x58, 
	0x58, 0x58, 0x58, 0x58, 0x58, 0x58, 0x58, 0x58, 
	0x40, 0xf8, 0xf8, 0xf8, 0xf8, 0xf8, 0xf8, 0xf8, 
	0xf8, 0xf8, 0xf8, 0xf8, 0xf8, 0xf8, 0xf8, 0xf8, 
	0xb0, 0x40, 0x58, 0x58, 0x58, 0x58, 0x58, 0x58, 
	0x58, 0x58, 0x58, 0x58, 0x58, 0x58, 0x58, 0x58, 
	
};

Gfx ttm_dl_weird_graident__for_beta_fence_ci8_aligner[] = {gsSPEndDisplayList()};
u8 ttm_dl_weird_graident__for_beta_fence_ci8[] = {
	0x00, 0x01, 0x01, 0x01, 0x01, 0x01, 0x01, 0x01, 
	0x01, 0x01, 0x01, 0x01, 0x01, 0x01, 0x01, 0x01, 
	0x01, 0x01, 0x01, 0x01, 0x01, 0x01, 0x01, 0x00, 
	0x00, 0x00, 0x00, 0x00, 0x00, 0x02, 0x00, 0x02, 
	0x00, 0x00, 0x00, 0x00, 0x00, 0x00, 0x01, 0x01, 
	0x01, 0x01, 0x01, 0x01, 0x01, 0x01, 0x00, 0x00, 
	0x00, 0x00, 0x01, 0x01, 0x01, 0x01, 0x00, 0x00, 
	0x00, 0x02, 0x00, 0x00, 0x00, 0x02, 0x02, 0x02, 
	0x02, 0x02, 0x00, 0x00, 0x00, 0x00, 0x00, 0x00, 
	0x00, 0x01, 0x01, 0x00, 0x00, 0x00, 0x02, 0x00, 
	0x02, 0x00, 0x00, 0x00, 0x00, 0x00, 0x02, 0x02, 
	0x02, 0x02, 0x02, 0x02, 0x02, 0x02, 0x02, 0x03, 
	0x02, 0x02, 0x02, 0x02, 0x00, 0x00, 0x00, 0x00, 
	0x02, 0x02, 0x00, 0x02, 0x00, 0x02, 0x02, 0x02, 
	0x02, 0x02, 0x02, 0x02, 0x02, 0x02, 0x02, 0x02, 
	0x04, 0x02, 0x03, 0x04, 0x05, 0x05, 0x05, 0x04, 
	0x03, 0x03, 0x03, 0x02, 0x02, 0x02, 0x02, 0x02, 
	0x02, 0x02, 0x02, 0x02, 0x02, 0x02, 0x03, 0x05, 
	0x05, 0x05, 0x04, 0x02, 0x05, 0x02, 0x02, 0x04, 
	0x03, 0x05, 0x05, 0x05, 0x05, 0x05, 0x05, 0x05, 
	0x05, 0x05, 0x05, 0x03, 0x05, 0x03, 0x05, 0x05, 
	0x05, 0x03, 0x03, 0x03, 0x05, 0x03, 0x05, 0x05, 
	0x05, 0x05, 0x05, 0x05, 0x05, 0x05, 0x05, 0x05, 
	0x05, 0x05, 0x05, 0x05, 0x05, 0x05, 0x05, 0x05, 
	0x05, 0x05, 0x05, 0x05, 0x05, 0x05, 0x05, 0x05, 
	0x05, 0x05, 0x05, 0x05, 0x05, 0x05, 0x05, 0x05, 
	0x05, 0x05, 0x05, 0x05, 0x05, 0x05, 0x05, 0x05, 
	0x06, 0x06, 0x05, 0x06, 0x06, 0x06, 0x05, 0x07, 
	0x06, 0x05, 0x06, 0x07, 0x07, 0x07, 0x05, 0x06, 
	0x05, 0x06, 0x05, 0x05, 0x08, 0x06, 0x07, 0x06, 
	0x06, 0x05, 0x08, 0x05, 0x05, 0x05, 0x08, 0x07, 
	0x07, 0x07, 0x06, 0x06, 0x07, 0x06, 0x07, 0x07, 
	0x07, 0x06, 0x06, 0x07, 0x07, 0x07, 0x06, 0x07, 
	0x07, 0x07, 0x06, 0x07, 0x06, 0x07, 0x07, 0x07, 
	0x06, 0x07, 0x07, 0x07, 0x07, 0x07, 0x07, 0x07, 
	0x07, 0x07, 0x07, 0x07, 0x07, 0x07, 0x07, 0x07, 
	0x07, 0x07, 0x07, 0x07, 0x07, 0x07, 0x07, 0x07, 
	0x07, 0x07, 0x07, 0x09, 0x07, 0x07, 0x07, 0x07, 
	0x07, 0x07, 0x07, 0x07, 0x07, 0x07, 0x07, 0x09, 
	0x09, 0x09, 0x07, 0x07, 0x07, 0x09, 0x07, 0x07, 
	0x09, 0x07, 0x09, 0x09, 0x09, 0x09, 0x07, 0x09, 
	0x07, 0x09, 0x09, 0x09, 0x07, 0x09, 0x09, 0x09, 
	0x09, 0x09, 0x09, 0x09, 0x07, 0x09, 0x09, 0x09, 
	0x09, 0x09, 0x09, 0x09, 0x09, 0x09, 0x07, 0x09, 
	0x09, 0x09, 0x0a, 0x09, 0x09, 0x07, 0x09, 0x09, 
	0x09, 0x09, 0x09, 0x09, 0x09, 0x09, 0x09, 0x0a, 
	0x07, 0x0a, 0x09, 0x07, 0x09, 0x09, 0x0a, 0x0b, 
	0x0a, 0x0a, 0x09, 0x0a, 0x0a, 0x0a, 0x0a, 0x09, 
	0x0a, 0x0a, 0x0a, 0x0a, 0x0a, 0x0a, 0x0a, 0x0a, 
	0x0b, 0x09, 0x0a, 0x0a, 0x0a, 0x0a, 0x09, 0x09, 
	0x0a, 0x0a, 0x0a, 0x0a, 0x0a, 0x0b, 0x0b, 0x0a, 
	0x0a, 0x0a, 0x0a, 0x0a, 0x0a, 0x0a, 0x0a, 0x0a, 
	0x0a, 0x0b, 0x0b, 0x0b, 0x0a, 0x0a, 0x0b, 0x0a, 
	0x0b, 0x0b, 0x0b, 0x0a, 0x0b, 0x09, 0x0b, 0x0a, 
	0x0a, 0x0a, 0x0a, 0x0b, 0x0b, 0x0a, 0x0b, 0x0a, 
	0x0b, 0x0b, 0x0b, 0x0b, 0x0b, 0x0b, 0x0b, 0x0a, 
	0x0b, 0x0b, 0x0b, 0x0b, 0x0b, 0x0b, 0x0b, 0x0b, 
	0x0c, 0x0b, 0x0b, 0x0b, 0x0b, 0x0b, 0x0a, 0x0b, 
	0x0b, 0x0b, 0x0b, 0x0b, 0x0b, 0x0b, 0x0b, 0x0b, 
	0x0b, 0x0b, 0x0c, 0x0b, 0x0b, 0x0b, 0x0b, 0x0b, 
	0x0c, 0x0b, 0x0b, 0x0b, 0x0b, 0x0c, 0x0c, 0x0c, 
	0x0b, 0x0c, 0x0b, 0x0b, 0x0b, 0x0b, 0x0b, 0x0b, 
	0x0b, 0x0c, 0x0b, 0x0d, 0x0d, 0x0d, 0x0c, 0x0b, 
	0x0c, 0x0c, 0x0c, 0x0c, 0x0b, 0x0b, 0x0b, 0x0b, 
	0x0c, 0x0d, 0x0c, 0x0d, 0x0c, 0x0c, 0x0c, 0x0c, 
	0x0c, 0x0c, 0x0c, 0x0c, 0x0c, 0x0c, 0x0c, 0x0c, 
	0x0c, 0x0c, 0x0d, 0x0d, 0x0d, 0x0d, 0x0d, 0x0d, 
	0x0d, 0x0c, 0x0c, 0x0d, 0x0d, 0x0c, 0x0c, 0x0c, 
	0x0d, 0x0d, 0x0d, 0x0d, 0x0d, 0x0d, 0x0d, 0x0c, 
	0x0d, 0x0d, 0x0d, 0x0d, 0x0d, 0x0c, 0x0d, 0x0d, 
	0x0d, 0x0c, 0x0e, 0x0d, 0x0d, 0x0d, 0x0d, 0x0d, 
	0x0d, 0x0d, 0x0d, 0x0d, 0x0d, 0x0d, 0x0d, 0x0c, 
	0x0e, 0x0e, 0x0e, 0x0e, 0x0e, 0x0e, 0x0e, 0x0d, 
	0x0d, 0x0d, 0x0d, 0x0d, 0x0d, 0x0d, 0x0d, 0x0e, 
	0x0e, 0x0e, 0x0e, 0x0f, 0x0e, 0x0e, 0x0e, 0x0d, 
	0x0d, 0x0d, 0x0d, 0x0d, 0x0d, 0x0d, 0x0d, 0x0d, 
	0x0f, 0x0f, 0x0e, 0x0e, 0x0f, 0x0f, 0x0e, 0x0e, 
	0x0e, 0x0e, 0x0e, 0x0e, 0x0f, 0x0e, 0x0e, 0x0f, 
	0x0f, 0x0f, 0x0f, 0x0f, 0x0e, 0x0e, 0x0f, 0x0e, 
	0x0e, 0x0f, 0x0e, 0x0e, 0x0e, 0x0d, 0x0d, 0x0d, 
	0x0f, 0x0f, 0x0f, 0x0f, 0x0f, 0x0e, 0x0f, 0x0f, 
	0x0f, 0x0f, 0x0f, 0x0f, 0x0f, 0x0f, 0x0f, 0x0f, 
	0x0f, 0x0f, 0x0f, 0x0f, 0x0f, 0x0f, 0x0f, 0x0f, 
	0x0f, 0x0f, 0x0f, 0x0e, 0x0f, 0x0f, 0x0f, 0x0f, 
	0x0f, 0x0f, 0x0f, 0x0f, 0x0f, 0x0f, 0x0f, 0x0f, 
	0x0f, 0x0f, 0x0f, 0x0f, 0x0f, 0x0f, 0x0f, 0x0f, 
	0x0f, 0x0f, 0x10, 0x11, 0x0f, 0x0f, 0x0f, 0x0f, 
	0x0f, 0x0f, 0x0f, 0x0f, 0x0f, 0x0f, 0x0f, 0x0f, 
	0x11, 0x11, 0x11, 0x0f, 0x0f, 0x11, 0x11, 0x0f, 
	0x11, 0x11, 0x11, 0x11, 0x11, 0x11, 0x11, 0x11, 
	0x0f, 0x0f, 0x10, 0x10, 0x0f, 0x11, 0x11, 0x10, 
	0x11, 0x10, 0x0f, 0x11, 0x0f, 0x0f, 0x11, 0x11, 
	0x11, 0x10, 0x11, 0x0f, 0x10, 0x11, 0x10, 0x11, 
	0x10, 0x10, 0x10, 0x10, 0x11, 0x11, 0x11, 0x11, 
	0x10, 0x10, 0x10, 0x10, 0x10, 0x10, 0x11, 0x10, 
	0x10, 0x10, 0x11, 0x10, 0x11, 0x11, 0x10, 0x11, 
	0x10, 0x10, 0x10, 0x10, 0x10, 0x10, 0x10, 0x10, 
	0x10, 0x10, 0x10, 0x12, 0x10, 0x10, 0x10, 0x10, 
	0x10, 0x10, 0x10, 0x10, 0x10, 0x10, 0x10, 0x10, 
	0x10, 0x10, 0x10, 0x10, 0x10, 0x10, 0x10, 0x10, 
	0x10, 0x10, 0x10, 0x10, 0x10, 0x10, 0x10, 0x10, 
	0x10, 0x10, 0x12, 0x10, 0x10, 0x10, 0x10, 0x10, 
	0x12, 0x12, 0x12, 0x12, 0x10, 0x12, 0x10, 0x10, 
	0x10, 0x10, 0x10, 0x10, 0x10, 0x10, 0x10, 0x10, 
	0x12, 0x12, 0x10, 0x12, 0x12, 0x13, 0x12, 0x12, 
	0x12, 0x12, 0x10, 0x10, 0x10, 0x12, 0x10, 0x12, 
	0x10, 0x12, 0x12, 0x13, 0x12, 0x12, 0x12, 0x10, 
	0x12, 0x10, 0x12, 0x12, 0x10, 0x12, 0x10, 0x10, 
	0x13, 0x13, 0x13, 0x13, 0x12, 0x12, 0x13, 0x13, 
	0x13, 0x13, 0x13, 0x12, 0x12, 0x10, 0x12, 0x10, 
	0x10, 0x12, 0x12, 0x12, 0x12, 0x12, 0x13, 0x13, 
	0x12, 0x12, 0x12, 0x12, 0x12, 0x12, 0x13, 0x13, 
	0x14, 0x14, 0x13, 0x13, 0x13, 0x13, 0x13, 0x12, 
	0x12, 0x13, 0x13, 0x12, 0x13, 0x13, 0x12, 0x12, 
	0x13, 0x13, 0x12, 0x13, 0x13, 0x13, 0x12, 0x13, 
	0x13, 0x13, 0x13, 0x13, 0x13, 0x13, 0x13, 0x13, 
	0x14, 0x15, 0x14, 0x13, 0x13, 0x13, 0x13, 0x13, 
	0x13, 0x13, 0x13, 0x13, 0x13, 0x13, 0x13, 0x12, 
	0x13, 0x13, 0x13, 0x13, 0x13, 0x13, 0x13, 0x13, 
	0x13, 0x13, 0x13, 0x13, 0x13, 0x13, 0x13, 0x13, 
	0x15, 0x15, 0x14, 0x14, 0x13, 0x14, 0x13, 0x13, 
	0x13, 0x13, 0x13, 0x13, 0x13, 0x13, 0x13, 0x13, 
	0x13, 0x13, 0x13, 0x13, 0x13, 0x13, 0x13, 0x13, 
	0x13, 0x13, 0x14, 0x13, 0x13, 0x14, 0x14, 0x14, 
	0x15, 0x15, 0x15, 0x14, 0x14, 0x14, 0x14, 0x13, 
	0x13, 0x13, 0x14, 0x13, 0x14, 0x14, 0x13, 0x13, 
	0x13, 0x13, 0x13, 0x13, 0x14, 0x14, 0x14, 0x13, 
	0x14, 0x14, 0x14, 0x14, 0x14, 0x14, 0x15, 0x15, 
	0x15, 0x15, 0x15, 0x14, 0x15, 0x14, 0x14, 0x14, 
	0x14, 0x14, 0x14, 0x14, 0x14, 0x14, 0x14, 0x13, 
	0x13, 0x13, 0x13, 0x14, 0x14, 0x14, 0x15, 0x14, 
	0x14, 0x15, 0x15, 0x15, 0x15, 0x15, 0x15, 0x15, 
	0x15, 0x15, 0x15, 0x15, 0x15, 0x15, 0x15, 0x14, 
	0x14, 0x14, 0x14, 0x15, 0x15, 0x14, 0x14, 0x14, 
	0x14, 0x13, 0x14, 0x14, 0x15, 0x15, 0x15, 0x15, 
	0x15, 0x15, 0x15, 0x15, 0x15, 0x15, 0x15, 0x15, 
	0x15, 0x15, 0x15, 0x15, 0x15, 0x15, 0x15, 0x15, 
	0x15, 0x15, 0x15, 0x15, 0x15, 0x15, 0x15, 0x14, 
	0x14, 0x14, 0x15, 0x14, 0x14, 0x15, 0x15, 0x15, 
	0x15, 0x15, 0x15, 0x15, 0x15, 0x15, 0x15, 0x16, 
	0x15, 0x15, 0x16, 0x16, 0x15, 0x15, 0x15, 0x15, 
	0x15, 0x15, 0x15, 0x15, 0x15, 0x15, 0x15, 0x15, 
	0x15, 0x15, 0x14, 0x15, 0x15, 0x15, 0x15, 0x15, 
	0x15, 0x15, 0x15, 0x15, 0x16, 0x15, 0x16, 0x16, 
	0x16, 0x16, 0x15, 0x16, 0x16, 0x15, 0x15, 0x15, 
	0x15, 0x15, 0x15, 0x15, 0x15, 0x15, 0x15, 0x15, 
	0x15, 0x15, 0x15, 0x15, 0x15, 0x15, 0x15, 0x15, 
	0x15, 0x15, 0x16, 0x15, 0x16, 0x16, 0x16, 0x17, 
	0x17, 0x17, 0x16, 0x16, 0x16, 0x15, 0x16, 0x15, 
	0x15, 0x15, 0x15, 0x15, 0x15, 0x15, 0x15, 0x15, 
	0x15, 0x15, 0x15, 0x15, 0x15, 0x15, 0x15, 0x15, 
	0x16, 0x16, 0x16, 0x16, 0x17, 0x16, 0x17, 0x17, 
	0x17, 0x17, 0x17, 0x17, 0x17, 0x17, 0x16, 0x16, 
	0x16, 0x16, 0x16, 0x15, 0x15, 0x15, 0x15, 0x15, 
	0x15, 0x15, 0x16, 0x15, 0x16, 0x16, 0x16, 0x16, 
	0x16, 0x16, 0x16, 0x17, 0x17, 0x17, 0x17, 0x17, 
	0x17, 0x17, 0x17, 0x17, 0x17, 0x17, 0x17, 0x17, 
	0x16, 0x16, 0x16, 0x15, 0x15, 0x15, 0x15, 0x16, 
	0x15, 0x16, 0x16, 0x15, 0x16, 0x16, 0x16, 0x17, 
	0x17, 0x17, 0x17, 0x17, 0x17, 0x17, 0x17, 0x18, 
	0x19, 0x18, 0x18, 0x17, 0x17, 0x17, 0x17, 0x17, 
	0x16, 0x17, 0x16, 0x16, 0x16, 0x16, 0x15, 0x16, 
	0x16, 0x15, 0x15, 0x16, 0x17, 0x17, 0x17, 0x17, 
	0x18, 0x17, 0x18, 0x17, 0x18, 0x18, 0x18, 0x18, 
	0x19, 0x19, 0x18, 0x18, 0x18, 0x18, 0x17, 0x17, 
	0x17, 0x16, 0x17, 0x16, 0x16, 0x17, 0x17, 0x16, 
	0x16, 0x16, 0x17, 0x17, 0x17, 0x17, 0x17, 0x17, 
	0x17, 0x18, 0x18, 0x19, 0x18, 0x19, 0x19, 0x19, 
	0x19, 0x19, 0x19, 0x19, 0x19, 0x19, 0x18, 0x17, 
	0x17, 0x17, 0x17, 0x17, 0x17, 0x17, 0x16, 0x17, 
	0x17, 0x17, 0x17, 0x17, 0x17, 0x17, 0x17, 0x18, 
	0x18, 0x19, 0x19, 0x19, 0x19, 0x19, 0x19, 0x19, 
	0x19, 0x19, 0x19, 0x19, 0x19, 0x19, 0x19, 0x17, 
	0x17, 0x17, 0x17, 0x17, 0x17, 0x17, 0x17, 0x17, 
	0x17, 0x17, 0x17, 0x17, 0x17, 0x17, 0x17, 0x19, 
	0x18, 0x19, 0x19, 0x19, 0x19, 0x19, 0x19, 0x1a, 
	0x1b, 0x1b, 0x19, 0x19, 0x19, 0x19, 0x19, 0x19, 
	0x19, 0x18, 0x18, 0x17, 0x17, 0x17, 0x17, 0x17, 
	0x17, 0x17, 0x17, 0x17, 0x19, 0x19, 0x18, 0x19, 
	0x19, 0x19, 0x19, 0x19, 0x19, 0x1b, 0x1b, 0x1b, 
	0x1b, 0x1b, 0x1b, 0x1c, 0x19, 0x19, 0x19, 0x19, 
	0x19, 0x19, 0x18, 0x19, 0x19, 0x17, 0x17, 0x18, 
	0x17, 0x17, 0x17, 0x19, 0x19, 0x19, 0x19, 0x19, 
	0x19, 0x19, 0x19, 0x19, 0x1b, 0x1a, 0x1a, 0x1b, 
	0x1b, 0x1b, 0x1b, 0x1b, 0x1b, 0x1c, 0x19, 0x19, 
	0x19, 0x19, 0x19, 0x19, 0x19, 0x18, 0x19, 0x19, 
	0x19, 0x19, 0x19, 0x19, 0x19, 0x19, 0x19, 0x19, 
	0x19, 0x19, 0x1a, 0x1a, 0x1a, 0x1b, 0x1b, 0x1b, 
	0x1d, 0x1d, 0x1b, 0x1b, 0x1b, 0x1b, 0x1c, 0x19, 
	0x19, 0x19, 0x19, 0x19, 0x19, 0x19, 0x19, 0x19, 
	0x19, 0x19, 0x19, 0x19, 0x19, 0x1c, 0x19, 0x19, 
	0x1b, 0x19, 0x1a, 0x1b, 0x1b, 0x1b, 0x1b, 0x1b, 
	0x1d, 0x1d, 0x1b, 0x1b, 0x1b, 0x1b, 0x1b, 0x1b, 
	0x1c, 0x1b, 0x19, 0x19, 0x19, 0x19, 0x19, 0x19, 
	0x19, 0x19, 0x19, 0x19, 0x1b, 0x1b, 0x1b, 0x1b, 
	0x1b, 0x1b, 0x1b, 0x1b, 0x1b, 0x1b, 0x1b, 0x1d, 
	0x1e, 0x1e, 0x1d, 0x1d, 0x1b, 0x1b, 0x1b, 0x1b, 
	0x1b, 0x1b, 0x1a, 0x1b, 0x1c, 0x19, 0x19, 0x19, 
	0x19, 0x19, 0x1b, 0x1b, 0x1b, 0x1b, 0x1b, 0x1b, 
	0x1b, 0x1b, 0x1b, 0x1b, 0x1b, 0x1b, 0x1b, 0x1d, 
	0x1e, 0x1e, 0x1e, 0x1d, 0x1d, 0x1d, 0x1b, 0x1b, 
	0x1b, 0x1b, 0x1b, 0x1b, 0x1b, 0x1b, 0x1b, 0x1b, 
	0x1b, 0x1b, 0x1b, 0x1b, 0x1b, 0x1b, 0x1b, 0x1b, 
	0x1b, 0x1b, 0x1b, 0x1d, 0x1d, 0x1d, 0x1d, 0x1e, 
	0x1f, 0x1e, 0x1e, 0x1e, 0x1e, 0x1e, 0x1d, 0x1d, 
	0x1d, 0x1b, 0x1b, 0x1d, 0x1b, 0x1b, 0x1b, 0x1b, 
	0x1b, 0x1b, 0x1b, 0x1b, 0x1b, 0x1b, 0x1b, 0x1b, 
	0x1b, 0x1d, 0x1d, 0x1d, 0x1d, 0x1e, 0x1d, 0x1e, 
	0x1f, 0x1f, 0x1f, 0x1e, 0x1f, 0x1e, 0x1d, 0x1d, 
	0x1d, 0x1d, 0x1d, 0x1b, 0x1b, 0x1b, 0x1b, 0x1b, 
	0x1d, 0x1b, 0x1b, 0x1b, 0x1b, 0x1b, 0x1b, 0x1b, 
	0x1d, 0x1d, 0x1d, 0x1e, 0x1d, 0x1e, 0x1e, 0x1e, 
	0x1f, 0x1f, 0x1f, 0x1f, 0x1f, 0x1f, 0x1e, 0x1e, 
	0x1e, 0x1e, 0x1d, 0x1d, 0x1d, 0x1d, 0x1d, 0x1d, 
	0x1b, 0x1d, 0x1d, 0x1d, 0x1d, 0x1d, 0x1d, 0x1d, 
	0x1e, 0x1d, 0x1d, 0x1e, 0x1e, 0x1e, 0x1f, 0x1e, 
	0x20, 0x1f, 0x1f, 0x1f, 0x1f, 0x1f, 0x1e, 0x1e, 
	0x1e, 0x1e, 0x1e, 0x1d, 0x1d, 0x1d, 0x1d, 0x1d, 
	0x1d, 0x1d, 0x1d, 0x1d, 0x1d, 0x1d, 0x1e, 0x1d, 
	0x1e, 0x1e, 0x1e, 0x1e, 0x1e, 0x1f, 0x1f, 0x1f, 
	0x21, 0x21, 0x21, 0x1f, 0x1f, 0x1f, 0x1f, 0x1f, 
	0x1f, 0x1e, 0x1e, 0x1e, 0x1e, 0x1d, 0x1d, 0x1e, 
	0x1e, 0x1e, 0x1e, 0x1e, 0x1e, 0x1e, 0x1e, 0x1e, 
	0x1e, 0x1e, 0x1e, 0x1f, 0x1f, 0x1f, 0x1f, 0x1f, 
	0x21, 0x21, 0x21, 0x1f, 0x20, 0x1f, 0x1f, 0x1f, 
	0x1f, 0x1f, 0x1f, 0x1f, 0x1e, 0x1e, 0x1e, 0x1f, 
	0x1e, 0x1e, 0x1e, 0x1e, 0x1e, 0x1e, 0x1e, 0x1f, 
	0x1f, 0x1e, 0x1f, 0x1f, 0x1f, 0x1f, 0x1f, 0x1f, 
	0x21, 0x21, 0x21, 0x21, 0x21, 0x1f, 0x1f, 0x1f, 
	0x1f, 0x1f, 0x1f, 0x1f, 0x1f, 0x1f, 0x1f, 0x1f, 
	0x1e, 0x1e, 0x1f, 0x1f, 0x1f, 0x1f, 0x1f, 0x1f, 
	0x1f, 0x1f, 0x1f, 0x1f, 0x1f, 0x1f, 0x1f, 0x1f, 
	0x21, 0x21, 0x21, 0x21, 0x21, 0x21, 0x1f, 0x1f, 
	0x1f, 0x1f, 0x1f, 0x1f, 0x1f, 0x1f, 0x1f, 0x1f, 
	0x1f, 0x1f, 0x1f, 0x1f, 0x1f, 0x1f, 0x1f, 0x1f, 
	0x1f, 0x1f, 0x1f, 0x1f, 0x1f, 0x1f, 0x1f, 0x20, 
	0x22, 0x21, 0x21, 0x21, 0x21, 0x21, 0x21, 0x21, 
	0x21, 0x20, 0x1f, 0x1f, 0x1f, 0x1f, 0x1f, 0x1f, 
	0x1f, 0x1f, 0x1f, 0x1f, 0x1f, 0x1f, 0x1f, 0x1f, 
	0x1f, 0x1f, 0x1f, 0x1f, 0x1f, 0x20, 0x20, 0x20, 
	0x22, 0x22, 0x22, 0x22, 0x21, 0x21, 0x21, 0x21, 
	0x21, 0x20, 0x20, 0x1f, 0x23, 0x1f, 0x23, 0x1f, 
	0x1f, 0x1f, 0x20, 0x1f, 0x1f, 0x1f, 0x1f, 0x1f, 
	0x1f, 0x21, 0x1f, 0x1f, 0x1f, 0x20, 0x20, 0x20, 
	0x22, 0x22, 0x22, 0x21, 0x21, 0x21, 0x21, 0x21, 
	0x21, 0x21, 0x23, 0x21, 0x21, 0x21, 0x21, 0x1f, 
	0x20, 0x21, 0x20, 0x20, 0x1f, 0x1f, 0x1f, 0x23, 
	0x21, 0x23, 0x1f, 0x20, 0x21, 0x21, 0x21, 0x21, 
	0x22, 0x22, 0x22, 0x21, 0x22, 0x22, 0x21, 0x21, 
	0x21, 0x21, 0x21, 0x21, 0x21, 0x21, 0x21, 0x21, 
	0x21, 0x21, 0x21, 0x21, 0x1f, 0x21, 0x21, 0x21, 
	0x21, 0x21, 0x21, 0x21, 0x21, 0x21, 0x21, 0x21, 
	0x24, 0x22, 0x22, 0x22, 0x22, 0x22, 0x21, 0x21, 
	0x21, 0x21, 0x21, 0x21, 0x21, 0x21, 0x21, 0x21, 
	0x21, 0x21, 0x21, 0x21, 0x21, 0x21, 0x20, 0x21, 
	0x21, 0x21, 0x21, 0x21, 0x21, 0x21, 0x21, 0x21, 
	
};

Gfx ttm_dl_weird_graident__for_beta_fence_pal_rgba16_aligner[] = {gsSPEndDisplayList()};
u8 ttm_dl_weird_graident__for_beta_fence_pal_rgba16[] = {
	0xd4, 0x81, 0xdc, 0x81, 0xd4, 0x41, 0xcc, 0x41, 
	0xd4, 0x01, 0xcc, 0x01, 0xcb, 0xc1, 0xc3, 0xc1, 
	0xc4, 0x01, 0xc3, 0x81, 0xbb, 0x81, 0xbb, 0x41, 
	0xb3, 0x41, 0xb3, 0x01, 0xab, 0x01, 0xaa, 0xc1, 
	0xa2, 0x81, 0xa2, 0xc1, 0x9a, 0x81, 0x9a, 0x41, 
	0x92, 0x41, 0x92, 0x01, 0x91, 0xc1, 0x89, 0xc1, 
	0x89, 0x81, 0x81, 0x81, 0x81, 0x41, 0x79, 0x41, 
	0x79, 0x81, 0x71, 0x41, 0x71, 0x01, 0x69, 0x01, 
	0x68, 0xc1, 0x60, 0xc1, 0x58, 0xc1, 0x61, 0x01, 
	0x58, 0x81, 
};

Gfx ttm_dl_beta_wall_real_1_rgba16_aligner[] = {gsSPEndDisplayList()};
u8 ttm_dl_beta_wall_real_1_rgba16[] = {
	0x21, 0xbd, 0x29, 0xbd, 0x29, 0xbd, 0x21, 0x7d, 
	0x29, 0xff, 0x29, 0xff, 0x29, 0xff, 0x29, 0xff, 
	0x21, 0x7d, 0x21, 0x7d, 0x21, 0x7d, 0x21, 0x7d, 
	0x21, 0x7d, 0x21, 0x7d, 0x21, 0x7d, 0x21, 0x7d, 
	0x21, 0x7d, 0x29, 0xff, 0x21, 0x7d, 0x29, 0xff, 
	0x21, 0x7d, 0x32, 0x3d, 0x32, 0x3d, 0x21, 0x7d, 
	0x29, 0xff, 0x29, 0xff, 0x29, 0xff, 0x29, 0xff, 
	0x29, 0xff, 0x29, 0xff, 0x29, 0xfd, 0x08, 0xb1, 
	0x21, 0x7d, 0x29, 0xbd, 0x21, 0x7d, 0x21, 0x7d, 
	0x29, 0xfd, 0x29, 0xbd, 0x21, 0x7d, 0x29, 0xbd, 
	0x21, 0x7b, 0x29, 0xbd, 0x21, 0x7b, 0x31, 0xfd, 
	0x31, 0xfd, 0x29, 0xfd, 0x29, 0xbd, 0x29, 0xbd, 
	0x29, 0xfd, 0x29, 0xbd, 0x29, 0xbd, 0x21, 0x7d, 
	0x29, 0xbd, 0x31, 0xfd, 0x21, 0x7d, 0x21, 0x7d, 
	0x21, 0x7b, 0x29, 0xbd, 0x29, 0xfd, 0x31, 0xfd, 
	0x21, 0x7d, 0x21, 0x7d, 0x31, 0xfd, 0x08, 0xf1, 
	0x21, 0x7d, 0x29, 0xfd, 0x21, 0x7d, 0x29, 0xfd, 
	0x29, 0xbd, 0x21, 0x7d, 0x21, 0x7b, 0x31, 0xfd, 
	0x21, 0x7b, 0x29, 0xbd, 0x29, 0xbd, 0x21, 0x7b, 
	0x29, 0xfd, 0x29, 0xbd, 0x29, 0xbd, 0x29, 0xbd, 
	0x29, 0xbd, 0x31, 0xfd, 0x29, 0xfd, 0x29, 0xbd, 
	0x32, 0x3d, 0x29, 0xbd, 0x31, 0xfd, 0x3a, 0x7f, 
	0x31, 0xfd, 0x29, 0xfd, 0x29, 0xbd, 0x29, 0xbd, 
	0x29, 0xbd, 0x21, 0x7d, 0x3a, 0x7d, 0x10, 0xf3, 
	0x29, 0xbd, 0x29, 0xfd, 0x29, 0xbd, 0x29, 0xfd, 
	0x29, 0xfd, 0x29, 0x7d, 0x29, 0xbd, 0x31, 0xfd, 
	0x21, 0x7b, 0x29, 0x7d, 0x29, 0x7d, 0x29, 0x7d, 
	0x29, 0xbd, 0x31, 0xfd, 0x31, 0xfd, 0x29, 0xbd, 
	0x29, 0xfd, 0x29, 0xfd, 0x32, 0x3d, 0x29, 0xbd, 
	0x29, 0x7d, 0x29, 0x7d, 0x29, 0xbd, 0x3a, 0x7f, 
	0x29, 0xbd, 0x29, 0x7d, 0x29, 0xfd, 0x3a, 0x7f, 
	0x29, 0x7d, 0x29, 0xbd, 0x31, 0xfd, 0x10, 0xf3, 
	0x21, 0x7b, 0x29, 0x7b, 0x29, 0x7d, 0x3a, 0x3d, 
	0x31, 0xfd, 0x31, 0xfd, 0x29, 0x7d, 0x29, 0xbd, 
	0x29, 0x7b, 0x29, 0x7d, 0x29, 0x7d, 0x29, 0x7d, 
	0x29, 0x7d, 0x29, 0xbd, 0x29, 0xbd, 0x31, 0xfd, 
	0x32, 0x3d, 0x31, 0xfd, 0x29, 0xbd, 0x29, 0x7d, 
	0x29, 0xbd, 0x29, 0x7d, 0x32, 0x3d, 0x32, 0x3d, 
	0x29, 0xbd, 0x29, 0x7d, 0x29, 0x7d, 0x3a, 0x7f, 
	0x29, 0x7d, 0x29, 0xbd, 0x31, 0xfd, 0x10, 0xf1, 
	0x39, 0xfd, 0x31, 0x7b, 0x31, 0xbd, 0x31, 0x7d, 
	0x31, 0xbd, 0x31, 0xbd, 0x31, 0x7d, 0x31, 0x7d, 
	0x31, 0x7d, 0x31, 0xbd, 0x39, 0xfd, 0x39, 0xfd, 
	0x31, 0x7d, 0x31, 0x7d, 0x31, 0xbd, 0x39, 0xfd, 
	0x31, 0xbd, 0x31, 0x7d, 0x31, 0x7d, 0x31, 0xbd, 
	0x39, 0xfd, 0x31, 0x7d, 0x31, 0xbd, 0x31, 0x7d, 
	0x31, 0xbd, 0x39, 0xfd, 0x31, 0xbd, 0x3a, 0x3d, 
	0x31, 0xbd, 0x31, 0xbd, 0x39, 0xfd, 0x10, 0xf1, 
	0x31, 0x7b, 0x31, 0xbd, 0x39, 0xfd, 0x31, 0x7d, 
	0x31, 0x7d, 0x39, 0xbd, 0x39, 0xbd, 0x39, 0xbd, 
	0x31, 0xbd, 0x31, 0xbd, 0x39, 0xbd, 0x41, 0xfd, 
	0x41, 0xfd, 0x39, 0xfd, 0x39, 0xbd, 0x31, 0x7d, 
	0x39, 0xbd, 0x31, 0x7d, 0x42, 0x3d, 0x42, 0x3d, 
	0x39, 0xfd, 0x31, 0x7d, 0x31, 0x7d, 0x31, 0xbd, 
	0x4a, 0x7f, 0x39, 0xbd, 0x31, 0x7d, 0x39, 0xfd, 
	0x31, 0x7d, 0x39, 0xfd, 0x41, 0xfd, 0x10, 0xef, 
	0x31, 0x7d, 0x39, 0xbd, 0x41, 0xfd, 0x31, 0x7d, 
	0x39, 0xfd, 0x41, 0xfd, 0x41, 0xfd, 0x42, 0x3d, 
	0x39, 0xbd, 0x39, 0xfd, 0x39, 0xbd, 0x41, 0xfd, 
	0x42, 0x3d, 0x42, 0x3d, 0x41, 0xfd, 0x39, 0xbd, 
	0x42, 0x3d, 0x42, 0x3d, 0x42, 0x3d, 0x39, 0xfd, 
	0x39, 0xbd, 0x42, 0x3d, 0x4a, 0x7f, 0x4a, 0x7f, 
	0x39, 0xbd, 0x39, 0xbd, 0x42, 0x3d, 0x4a, 0x7f, 
	0x39, 0xfd, 0x39, 0xbd, 0x39, 0xbd, 0x18, 0xf1, 
	0x31, 0x7d, 0x39, 0xbd, 0x4a, 0x7d, 0x39, 0xbd, 
	0x42, 0x3d, 0x41, 0xfd, 0x41, 0xfd, 0x52, 0xbf, 
	0x52, 0xff, 0x39, 0xfd, 0x4a, 0x7f, 0x39, 0xfd, 
	0x42, 0x3d, 0x41, 0xfd, 0x52, 0xbf, 0x41, 0xfd, 
	0x39, 0xbd, 0x41, 0xfd, 0x41, 0xfd, 0x4a, 0x7d, 
	0x4a, 0xbf, 0x52, 0xbf, 0x4a, 0x7f, 0x41, 0xbd, 
	0x42, 0x3d, 0x4a, 0x7f, 0x4a, 0x7f, 0x41, 0xfd, 
	0x39, 0xbd, 0x31, 0x7d, 0x41, 0xfd, 0x20, 0xf1, 
	0x31, 0x7b, 0x39, 0xbd, 0x41, 0xfd, 0x41, 0xfd, 
	0x4a, 0x7f, 0x4a, 0x3d, 0x42, 0x3d, 0x5a, 0xff, 
	0x5b, 0x3f, 0x5b, 0x3f, 0x52, 0xbf, 0x4a, 0x7f, 
	0x41, 0xfd, 0x41, 0xfd, 0x52, 0xbf, 0x41, 0xfd, 
	0x52, 0xbf, 0x52, 0xbf, 0x41, 0xfd, 0x41, 0xfd, 
	0x42, 0x3d, 0x4a, 0x7f, 0x41, 0xfd, 0x39, 0xfd, 
	0x52, 0xbf, 0x4a, 0x3f, 0x39, 0xbd, 0x39, 0xbd, 
	0x41, 0xfd, 0x41, 0xfd, 0x4a, 0x7f, 0x18, 0xef, 
	0x39, 0x7b, 0x41, 0xff, 0x5b, 0x3f, 0x41, 0xfd, 
	0x39, 0xbd, 0x42, 0x3d, 0x39, 0xbd, 0x4a, 0x7f, 
	0x4a, 0x7f, 0x52, 0xbf, 0x4a, 0x3d, 0x41, 0xfd, 
	0x42, 0x3d, 0x4a, 0x3d, 0x42, 0x3d, 0x52, 0xbf, 
	0x52, 0xbf, 0x42, 0x3d, 0x4a, 0x3d, 0x52, 0xbf, 
	0x4a, 0x3d, 0x4a, 0x7f, 0x52, 0xbf, 0x4a, 0x7f, 
	0x4a, 0x3d, 0x4a, 0x7f, 0x52, 0xbf, 0x42, 0x3d, 
	0x41, 0xfd, 0x42, 0x3d, 0x5b, 0x3f, 0x19, 0x2d, 
	0x39, 0xbd, 0x41, 0xff, 0x52, 0xbf, 0x4a, 0x7d, 
	0x41, 0xfd, 0x52, 0xbf, 0x41, 0xfd, 0x52, 0x7f, 
	0x5a, 0xbf, 0x4a, 0x7f, 0x5a, 0xff, 0x4a, 0x7d, 
	0x52, 0xbf, 0x42, 0x3d, 0x42, 0x3d, 0x41, 0xff, 
	0x5b, 0x3f, 0x5b, 0x3f, 0x52, 0xbf, 0x4a, 0x3f, 
	0x42, 0x3d, 0x52, 0xbf, 0x4a, 0x7d, 0x4a, 0x3f, 
	0x42, 0x3d, 0x4a, 0x3f, 0x52, 0xbf, 0x52, 0xbf, 
	0x5b, 0x3f, 0x52, 0xff, 0x52, 0xbf, 0x19, 0x2d, 
	0x41, 0xbd, 0x49, 0xff, 0x52, 0x7d, 0x5a, 0xbf, 
	0x5b, 0x3f, 0x49, 0xbd, 0x51, 0xfd, 0x5a, 0xff, 
	0x5a, 0xff, 0x5a, 0x7f, 0x5a, 0xff, 0x5a, 0xff, 
	0x4a, 0x7f, 0x5a, 0x7f, 0x5a, 0xbf, 0x49, 0xfd, 
	0x5a, 0xbf, 0x4a, 0x7f, 0x52, 0x7f, 0x52, 0x7f, 
	0x5b, 0x3f, 0x52, 0xbf, 0x52, 0xbf, 0x5b, 0x3f, 
	0x4a, 0x7f, 0x5a, 0xbf, 0x5a, 0xff, 0x5b, 0x3f, 
	0x52, 0xbf, 0x4a, 0x3d, 0x52, 0xbf, 0x19, 0x2d, 
	0x41, 0xbd, 0x52, 0x3d, 0x52, 0x7d, 0x4a, 0x3d, 
	0x5a, 0xbf, 0x63, 0x3f, 0x5a, 0xbf, 0x51, 0xff, 
	0x63, 0x3f, 0x5a, 0xbf, 0x52, 0x7f, 0x52, 0x7f, 
	0x5a, 0xbf, 0x5a, 0xbf, 0x52, 0x7f, 0x5a, 0x7f, 
	0x63, 0x3f, 0x5a, 0xbf, 0x63, 0x3f, 0x63, 0x3f, 
	0x63, 0x3f, 0x5a, 0xbf, 0x5a, 0xbf, 0x52, 0x3d, 
	0x51, 0xfd, 0x51, 0xfd, 0x63, 0x3f, 0x5a, 0xbf, 
	0x51, 0xfd, 0x51, 0xfd, 0x5a, 0xbf, 0x21, 0x2d, 
	0x49, 0xbd, 0x49, 0xbd, 0x49, 0xbd, 0x41, 0x7d, 
	0x41, 0x7d, 0x49, 0xbd, 0x49, 0xbd, 0x41, 0x7d, 
	0x41, 0x7d, 0x49, 0xbd, 0x49, 0xbd, 0x41, 0x7d, 
	0x41, 0x7d, 0x41, 0x7d, 0x41, 0x7d, 0x41, 0x7d, 
	0x49, 0xbd, 0x49, 0xbd, 0x49, 0xbd, 0x49, 0xbd, 
	0x41, 0x7d, 0x41, 0x7d, 0x41, 0x7d, 0x41, 0x7d, 
	0x41, 0x7d, 0x49, 0xbd, 0x49, 0xbd, 0x41, 0x7d, 
	0x41, 0x7d, 0x49, 0xbd, 0x51, 0xfd, 0x21, 0x2d, 
	0x20, 0xe5, 0x20, 0xe1, 0x18, 0xe1, 0x18, 0xe1, 
	0x20, 0xe1, 0x20, 0xe3, 0x20, 0xe3, 0x20, 0xe1, 
	0x20, 0xe5, 0x20, 0xe3, 0x20, 0xe3, 0x18, 0xe1, 
	0x20, 0xe3, 0x20, 0xe1, 0x20, 0xe1, 0x18, 0xe1, 
	0x20, 0xe1, 0x20, 0xe1, 0x20, 0xe1, 0x28, 0xe3, 
	0x20, 0xe1, 0x20, 0xe1, 0x20, 0xe1, 0x20, 0xe1, 
	0x20, 0xe1, 0x18, 0xe1, 0x18, 0xe1, 0x20, 0xe3, 
	0x18, 0xe3, 0x20, 0xe3, 0x18, 0xe1, 0x18, 0xdf, 
	0x63, 0x3d, 0x63, 0x3d, 0x63, 0x3d, 0x6b, 0x3d, 
	0x6b, 0x7d, 0x6b, 0x7d, 0x73, 0x7d, 0x73, 0x7d, 
	0x7b, 0xbd, 0x7b, 0xbd, 0x7b, 0xbd, 0x6b, 0x7d, 
	0x6b, 0x7d, 0x63, 0x3d, 0x63, 0x3d, 0x20, 0xdf, 
	0x62, 0xfd, 0x73, 0xbd, 0x63, 0x3d, 0x63, 0x3d, 
	0x6b, 0x3d, 0x6b, 0x7d, 0x6b, 0x7d, 0x6b, 0x7d, 
	0x6b, 0x7d, 0x6b, 0x7d, 0x6b, 0x7d, 0x6b, 0x7d, 
	0x63, 0x3d, 0x6b, 0x7d, 0x6b, 0x3d, 0x7b, 0xbd, 
	0x51, 0xfd, 0x52, 0x3d, 0x52, 0x3d, 0x52, 0x3d, 
	0x5a, 0xbd, 0x62, 0xff, 0x52, 0x3d, 0x52, 0x3d, 
	0x5a, 0xbd, 0x5a, 0xbd, 0x52, 0x3d, 0x52, 0x3d, 
	0x5a, 0xbd, 0x52, 0x3f, 0x7b, 0xbd, 0x20, 0xe1, 
	0x51, 0xfd, 0x62, 0xfd, 0x5a, 0xbd, 0x5a, 0xbd, 
	0x5a, 0xbd, 0x52, 0x3d, 0x52, 0x3d, 0x52, 0x3d, 
	0x52, 0x3d, 0x52, 0x3d, 0x62, 0xfd, 0x52, 0x3d, 
	0x5a, 0xbd, 0x5a, 0xbd, 0x5a, 0xbd, 0x62, 0xff, 
	0x63, 0x3f, 0x6b, 0x3d, 0x52, 0x3d, 0x5a, 0xbd, 
	0x5a, 0xbd, 0x52, 0x7d, 0x62, 0xfd, 0x63, 0x3d, 
	0x63, 0x3d, 0x5a, 0xbf, 0x52, 0x7d, 0x5a, 0xbf, 
	0x62, 0xfd, 0x5a, 0xfd, 0x84, 0x3d, 0x21, 0x1f, 
	0x52, 0x3d, 0x62, 0xfd, 0x62, 0xfd, 0x5a, 0xbd, 
	0x52, 0x7d, 0x52, 0x7d, 0x52, 0x7d, 0x62, 0xfd, 
	0x5a, 0xbd, 0x52, 0x7d, 0x73, 0x3d, 0x62, 0xfd, 
	0x5a, 0xbd, 0x5a, 0xbd, 0x5a, 0xfd, 0x5a, 0xbf, 
	0x73, 0x7d, 0x73, 0x7d, 0x63, 0x3d, 0x6b, 0x3d, 
	0x5a, 0xbd, 0x5a, 0x7d, 0x5a, 0x7d, 0x5a, 0xbd, 
	0x6b, 0x3d, 0x6b, 0x3d, 0x62, 0xbd, 0x62, 0xfd, 
	0x5a, 0x7f, 0x62, 0xbd, 0x84, 0x3d, 0x20, 0xdd, 
	0x52, 0x3d, 0x5a, 0xbf, 0x5a, 0xbd, 0x6b, 0x3d, 
	0x6b, 0x3d, 0x5a, 0xbd, 0x5a, 0xbd, 0x5a, 0x7d, 
	0x5a, 0x7d, 0x5a, 0xbd, 0x73, 0x7d, 0x73, 0x7d, 
	0x63, 0x3d, 0x62, 0xfd, 0x62, 0xbf, 0x5a, 0xbd, 
	0x6b, 0x3d, 0x62, 0xbd, 0x6b, 0x3d, 0x62, 0xfd, 
	0x62, 0xbd, 0x62, 0x7d, 0x62, 0xbd, 0x6b, 0x3d, 
	0x6b, 0x3d, 0x6a, 0xfd, 0x6b, 0x3d, 0x6b, 0x3d, 
	0x62, 0x7d, 0x62, 0x7d, 0x84, 0x3d, 0x20, 0xdd, 
	0x62, 0x3d, 0x62, 0xbf, 0x62, 0xbf, 0x62, 0xbd, 
	0x6b, 0x3d, 0x73, 0x7d, 0x73, 0x7d, 0x6a, 0xfd, 
	0x73, 0x7d, 0x6b, 0x3d, 0x6b, 0x3d, 0x73, 0x7d, 
	0x62, 0xbf, 0x62, 0xbd, 0x73, 0xbd, 0x73, 0x7d, 
	0x6a, 0xbd, 0x6a, 0xfd, 0x62, 0xbd, 0x62, 0xbd, 
	0x73, 0xbd, 0x7b, 0xfd, 0x83, 0xfd, 0x73, 0x7d, 
	0x6a, 0xbd, 0x6a, 0xbd, 0x6b, 0x3d, 0x6a, 0xfd, 
	0x62, 0xbd, 0x6a, 0xfd, 0x8c, 0x3d, 0x21, 0x1d, 
	0x62, 0x3d, 0x7b, 0xfd, 0x73, 0x7d, 0x62, 0x7f, 
	0x62, 0xbd, 0x73, 0x3d, 0x6b, 0x3d, 0x6a, 0xbf, 
	0x62, 0xbd, 0x7b, 0xbd, 0x7b, 0xbd, 0x6a, 0xfd, 
	0x62, 0xbf, 0x73, 0x3d, 0x73, 0x7d, 0x6a, 0xfd, 
	0x7b, 0x3f, 0x7b, 0xbf, 0x73, 0x7d, 0x6b, 0x3f, 
	0x73, 0x3d, 0x73, 0x7f, 0x73, 0x3f, 0x6a, 0xff, 
	0x72, 0xff, 0x6a, 0xbf, 0x73, 0xbd, 0x73, 0x3f, 
	0x73, 0x3f, 0x7b, 0xbd, 0x8c, 0x7d, 0x19, 0x1d, 
	0x62, 0x3d, 0x7b, 0xbd, 0x7b, 0x7f, 0x62, 0x7f, 
	0x73, 0x7d, 0x6a, 0xbf, 0x6a, 0xfd, 0x7b, 0x7f, 
	0x73, 0x3f, 0x73, 0x3f, 0x7b, 0x7f, 0x7b, 0x7f, 
	0x7b, 0xfd, 0x73, 0x7d, 0x6a, 0xbf, 0x73, 0x3f, 
	0x84, 0x3d, 0x7b, 0xff, 0x73, 0x3f, 0x6b, 0x3f, 
	0x7b, 0xbf, 0x73, 0x3f, 0x6a, 0xff, 0x7b, 0xbf, 
	0x6a, 0xff, 0x7b, 0xbf, 0x7b, 0x7f, 0x72, 0xff, 
	0x72, 0xff, 0x72, 0xff, 0x84, 0x3d, 0x21, 0x1d, 
	0x62, 0x3d, 0x73, 0x3f, 0x7b, 0xbf, 0x72, 0xff, 
	0x7b, 0x3f, 0x6b, 0x3f, 0x6b, 0x3f, 0x73, 0x3f, 
	0x7b, 0xbf, 0x7b, 0x7f, 0x73, 0x3f, 0x73, 0x7f, 
	0x6a, 0xbf, 0x6a, 0xbf, 0x73, 0x7f, 0x83, 0xff, 
	0x83, 0xbf, 0x83, 0xbf, 0x83, 0xfd, 0x8c, 0x3d, 
	0x7b, 0x7f, 0x7b, 0x7f, 0x9c, 0x7d, 0x83, 0xff, 
	0x73, 0x3f, 0x8b, 0xfd, 0x8b, 0xff, 0x83, 0xbf, 
	0x83, 0xbf, 0x73, 0x7f, 0x8c, 0x7d, 0x21, 0x1b, 
	0x6a, 0x7d, 0x83, 0x7f, 0x7b, 0x3f, 0x72, 0xff, 
	0x6a, 0xff, 0x8b, 0xfd, 0x83, 0x7f, 0x8c, 0x3d, 
	0x8c, 0x3d, 0x83, 0xbd, 0x8b, 0xff, 0x73, 0x7f, 
	0x7b, 0xbf, 0x73, 0x3f, 0x8b, 0xff, 0x83, 0xff, 
	0x83, 0x7d, 0x9c, 0x7d, 0x8c, 0x3d, 0x8b, 0xfd, 
	0x9c, 0x7d, 0x9c, 0x7d, 0x8c, 0x3d, 0x83, 0x7f, 
	0x8b, 0xfd, 0x9c, 0x7d, 0x83, 0xbf, 0x8b, 0xbf, 
	0x8b, 0xfd, 0x8c, 0x3d, 0x8c, 0x3d, 0x29, 0x1b, 
	0x72, 0xbd, 0x83, 0x7f, 0x7a, 0xff, 0x8b, 0xbf, 
	0x8b, 0xff, 0x8b, 0xfd, 0x8b, 0xfd, 0x8b, 0xff, 
	0x7b, 0x7f, 0x8b, 0xbf, 0x94, 0x3d, 0x83, 0xbf, 
	0x8c, 0x3d, 0x9c, 0x7d, 0x8b, 0xfd, 0x83, 0x7d, 
	0x94, 0x3d, 0x83, 0xbf, 0x83, 0xbf, 0x8c, 0x3d, 
	0x9c, 0x7d, 0x94, 0x3d, 0x94, 0x3d, 0x9c, 0xbd, 
	0x8b, 0xff, 0x8b, 0xbf, 0x8b, 0xfd, 0x8b, 0xbf, 
	0x94, 0x3d, 0x83, 0x7d, 0x9c, 0xbd, 0x29, 0x1d, 
	0x7a, 0xfd, 0x83, 0xbd, 0x7b, 0x3f, 0x83, 0xbf, 
	0x8c, 0x3d, 0x94, 0x3d, 0x8b, 0xbd, 0x83, 0xbd, 
	0x8b, 0xfd, 0x94, 0x3d, 0x9c, 0xbd, 0x9c, 0xbd, 
	0x9c, 0xbd, 0x8c, 0x3d, 0xa4, 0xbd, 0x9c, 0x7d, 
	0x8b, 0xfd, 0x83, 0x7f, 0x94, 0x3d, 0xac, 0xbb, 
	0x9c, 0x7d, 0x94, 0x3d, 0x9c, 0x7d, 0xb5, 0x3d, 
	0x94, 0x3d, 0x8b, 0xff, 0x94, 0x3d, 0x9c, 0x7b, 
	0x8b, 0xfd, 0x8b, 0xbd, 0xa4, 0xbb, 0x21, 0x19, 
	0x7a, 0xfd, 0x94, 0x3d, 0x8b, 0xbd, 0x8b, 0xbd, 
	0x9c, 0x7b, 0xa4, 0xbd, 0x9c, 0x7d, 0x93, 0xfd, 
	0x9c, 0x7d, 0xa4, 0xbd, 0x94, 0x3d, 0x94, 0x3d, 
	0x94, 0x3d, 0xa4, 0xbd, 0x94, 0x3d, 0x94, 0x3d, 
	0x9c, 0x7d, 0x93, 0xfd, 0xac, 0xbb, 0xac, 0xfb, 
	0xb5, 0x3d, 0xb5, 0x3d, 0xb5, 0x3d, 0xb5, 0x3d, 
	0xa4, 0xbb, 0x94, 0x7d, 0xb5, 0x3d, 0x94, 0x3d, 
	0x8b, 0xfd, 0x94, 0x7d, 0xa4, 0xbb, 0x29, 0x5b, 
	0x7b, 0x3d, 0x94, 0x3d, 0x94, 0x3d, 0x94, 0x3d, 
	0x9c, 0x7d, 0x9c, 0xbd, 0x8b, 0xfd, 0x8b, 0xfd, 
	0x94, 0x3d, 0xa4, 0xbd, 0xa4, 0xbd, 0x9c, 0x7d, 
	0xac, 0xfb, 0x9c, 0x7d, 0xb4, 0xfd, 0xb5, 0x3d, 
	0xb5, 0x3b, 0xb5, 0x3b, 0x93, 0xfd, 0x94, 0x3d, 
	0xac, 0xfb, 0x9c, 0x3d, 0x9c, 0x7d, 0xb5, 0x3d, 
	0xac, 0xfb, 0xb5, 0x3b, 0x9c, 0x7d, 0xac, 0xfd, 
	0x94, 0x7d, 0x8b, 0xbd, 0xac, 0xfb, 0x29, 0x19, 
	0x8b, 0x3b, 0x93, 0xfb, 0x93, 0xfb, 0xa4, 0xbb, 
	0x93, 0xfd, 0x9c, 0x7d, 0x9c, 0x7d, 0x93, 0xfb, 
	0x9c, 0x7d, 0x94, 0x3b, 0x94, 0x3d, 0xac, 0xfb, 
	0xb5, 0x3b, 0xa4, 0xbd, 0x9c, 0x7d, 0x9c, 0x7b, 
	0x8b, 0x7b, 0x8b, 0x7b, 0x82, 0xf5, 0x82, 0xf5, 
	0x8b, 0x79, 0x82, 0xf5, 0x82, 0xf5, 0x8b, 0x79, 
	0x8b, 0x79, 0x8b, 0x79, 0x82, 0xf5, 0x82, 0xf5, 
	0x82, 0xf5, 0x82, 0xf5, 0x93, 0xb9, 0x21, 0x15, 
	0x8b, 0x3b, 0x82, 0xf5, 0x82, 0xf5, 0x8b, 0x7b, 
	0x8b, 0x7b, 0x82, 0xf5, 0x82, 0xf5, 0x82, 0xf5, 
	0x82, 0xf5, 0x82, 0xf5, 0x8b, 0x7b, 0x8b, 0x7b, 
	0x8b, 0x7b, 0x82, 0xf5, 0x82, 0xf5, 0x8b, 0x7b, 
	0x19, 0x0f, 0x10, 0xcd, 0x21, 0x51, 0x10, 0xcd, 
	0x10, 0xcd, 0x10, 0xcd, 0x21, 0x51, 0x18, 0xcf, 
	0x10, 0xcd, 0x10, 0xcd, 0x10, 0xcd, 0x10, 0xcd, 
	0x10, 0xcd, 0x10, 0xcd, 0x10, 0xcd, 0x10, 0xcd, 
	0x18, 0xcf, 0x10, 0xcd, 0x18, 0xcf, 0x19, 0x0f, 
	0x19, 0x0f, 0x10, 0xcd, 0x10, 0xcd, 0x18, 0xcf, 
	0x19, 0x11, 0x19, 0x0f, 0x10, 0xcd, 0x10, 0xcd, 
	0x21, 0x11, 0x10, 0xcd, 0x10, 0xcf, 0x10, 0xcd, 
	0xa4, 0xa7, 0xd6, 0x71, 0xc5, 0xed, 0xd6, 0x71, 
	0xd6, 0x71, 0xc5, 0xef, 0xd6, 0x71, 0xd6, 0x71, 
	0xd6, 0x71, 0xd6, 0x71, 0xc5, 0xed, 0xc5, 0xed, 
	0xd6, 0x71, 0xd6, 0x71, 0xd6, 0x71, 0xd6, 0x71, 
	0xd6, 0x71, 0xd6, 0x71, 0xc5, 0xad, 0xc5, 0xad, 
	0xc5, 0xad, 0xc5, 0xad, 0xd6, 0x71, 0xd6, 0x71, 
	0xd6, 0x71, 0xc5, 0xad, 0xc5, 0xad, 0xc5, 0xad, 
	0xc5, 0xad, 0xc5, 0xad, 0xe6, 0xf3, 0x10, 0x85, 
	0x8b, 0xe1, 0xb5, 0x29, 0xac, 0xe7, 0xb5, 0x29, 
	0xa4, 0xa7, 0xa4, 0xa7, 0xac, 0xe7, 0xbd, 0x6b, 
	0xa4, 0xa7, 0xa4, 0xa7, 0xa4, 0xa7, 0xa4, 0xa7, 
	0xb5, 0x29, 0xa4, 0xa7, 0xa4, 0xa7, 0xc5, 0xad, 
	0xc5, 0xed, 0xbd, 0x6b, 0xad, 0x29, 0xa4, 0xa7, 
	0xac, 0xe7, 0xa4, 0xa7, 0xac, 0xe7, 0xc5, 0xad, 
	0xc5, 0xad, 0xac, 0xe9, 0xbd, 0x6b, 0xad, 0x29, 
	0xa4, 0xa7, 0xa4, 0xa7, 0xd6, 0x71, 0x08, 0x43, 
	0x8b, 0xe1, 0xb5, 0x69, 0xac, 0xe7, 0xbd, 0x6b, 
	0xb5, 0x29, 0xb5, 0x29, 0xbd, 0x6b, 0xbd, 0x6b, 
	0xc5, 0xab, 0xb5, 0x29, 0xac, 0xe7, 0xb5, 0x29, 
	0xac, 0xe7, 0xb5, 0x29, 0xb5, 0x29, 0xac, 0xe7, 
	0xac, 0xe7, 0xb5, 0x29, 0xac, 0xe7, 0xac, 0xe7, 
	0xad, 0x29, 0xac, 0xe7, 0xad, 0x29, 0xb5, 0x69, 
	0xac, 0xe7, 0xac, 0xe7, 0xb5, 0x29, 0xb5, 0x69, 
	0xbd, 0x6b, 0xbd, 0xab, 0xe6, 0xf3, 0x08, 0x43, 
	0x94, 0x21, 0xc5, 0xed, 0xce, 0x2d, 0xbd, 0x69, 
	0xc5, 0xed, 0xb5, 0x29, 0xce, 0x2d, 0xad, 0x27, 
	0xc5, 0xed, 0xc5, 0xeb, 0xc5, 0xab, 0xbd, 0x69, 
	0xb5, 0x27, 0xbd, 0x69, 0xc5, 0xab, 0xbd, 0x69, 
	0xb5, 0x69, 0xbd, 0x69, 0xc5, 0xab, 0xb5, 0x27, 
	0xac, 0xe7, 0xce, 0x2d, 0xbd, 0xab, 0xb5, 0x69, 
	0xac, 0xe7, 0xac, 0xe7, 0xc5, 0xab, 0xc5, 0xab, 
	0xad, 0x27, 0xac, 0xe7, 0xe6, 0xf3, 0x08, 0x43, 
	0x94, 0x1f, 0xc5, 0xeb, 0xbd, 0xa9, 0xc5, 0xa9, 
	0xbd, 0xa9, 0xbd, 0x69, 0xd6, 0x2d, 0xb5, 0x27, 
	0xc5, 0xeb, 0xb5, 0x67, 0xbd, 0x69, 0xc5, 0xeb, 
	0xce, 0x2d, 0xc5, 0xeb, 0xb5, 0x67, 0xb5, 0x27, 
	0xbd, 0xa9, 0xc5, 0xeb, 0xb5, 0x27, 0xb5, 0x27, 
	0xb5, 0x27, 0xc5, 0xeb, 0xbd, 0x69, 0xbd, 0x67, 
	0xbd, 0x67, 0xc5, 0xeb, 0xc5, 0xeb, 0xbd, 0x67, 
	0xb5, 0x27, 0xb5, 0x67, 0xe7, 0x33, 0x08, 0x43, 
	0x94, 0x5f, 0xbd, 0x67, 0xbd, 0x67, 0xbd, 0xa7, 
	0xbd, 0x67, 0xce, 0x2b, 0xd6, 0x6f, 0xd6, 0x6d, 
	0xbd, 0x67, 0xc5, 0xe9, 0xd6, 0x6f, 0xd6, 0x6d, 
	0xce, 0x2b, 0xc5, 0xa9, 0xbd, 0x65, 0xbd, 0xa7, 
	0xc5, 0xe9, 0xbd, 0x67, 0xb5, 0x65, 0xce, 0x2b, 
	0xce, 0x2d, 0xbd, 0xa9, 0xbd, 0x67, 0xb5, 0x65, 
	0xd6, 0x6d, 0xd6, 0x2d, 0xc5, 0xa9, 0xde, 0xaf, 
	0xce, 0x2b, 0xbd, 0xa7, 0xde, 0xb1, 0x08, 0x43, 
	0x9c, 0x5f, 0xc5, 0xa7, 0xd6, 0x6d, 0xcd, 0xe9, 
	0xd6, 0x6d, 0xbd, 0xa7, 0xce, 0x2b, 0xc5, 0xa7, 
	0xc5, 0xa7, 0xde, 0xaf, 0xce, 0x2b, 0xbd, 0x65, 
	0xbd, 0x65, 0xd6, 0x6d, 0xd6, 0x6d, 0xce, 0x2b, 
	0xc5, 0xe7, 0xd6, 0x2b, 0xde, 0xaf, 0xd6, 0x6b, 
	0xc5, 0xe7, 0xbd, 0x65, 0xd6, 0x6d, 0xde, 0xaf, 
	0xd6, 0x6d, 0xc5, 0xa7, 0xde, 0xaf, 0xde, 0xaf, 
	0xd6, 0x6d, 0xcd, 0xe9, 0xe6, 0xf1, 0x08, 0x43, 
	0x9c, 0x9f, 0xc5, 0xa5, 0xcd, 0xe9, 0xc5, 0xa5, 
	0xc5, 0xa5, 0xc5, 0xa5, 0xde, 0xaf, 0xc5, 0xe5, 
	0xce, 0x29, 0xd6, 0x6b, 0xc5, 0xa5, 0xc5, 0xa5, 
	0xd6, 0x6b, 0xce, 0x29, 0xce, 0x27, 0xc5, 0xa5, 
	0xe6, 0xef, 0xe6, 0xef, 0xd6, 0x6b, 0xc5, 0xe7, 
	0xe6, 0xef, 0xe6, 0xef, 0xde, 0xef, 0xe6, 0xef, 
	0xc5, 0xe7, 0xde, 0xad, 0xd6, 0x29, 0xc5, 0xa5, 
	0xc5, 0xa5, 0xc5, 0xa5, 0xe6, 0xef, 0x08, 0x41, 
	0xad, 0x21, 0xd6, 0x6b, 0xd6, 0x69, 0xc5, 0xe5, 
	0xcd, 0xe5, 0xcd, 0xe7, 0xc5, 0xe5, 0xc5, 0xe5, 
	0xc5, 0xe5, 0xd6, 0x29, 0xcd, 0xe7, 0xc5, 0xa5, 
	0xde, 0xab, 0xc5, 0xe5, 0xc5, 0xe5, 0xd6, 0x69, 
	0xd6, 0x29, 0xc5, 0xa5, 0xc5, 0xa3, 0xde, 0xad, 
	0xde, 0xad, 0xde, 0xad, 0xe6, 0xef, 0xc5, 0xa5, 
	0xc5, 0xa5, 0xe6, 0xef, 0xc5, 0xe5, 0xd6, 0x6b, 
	0xd6, 0x6b, 0xc5, 0xa5, 0xe6, 0xef, 0x08, 0x41, 
	0xa4, 0xdd, 0xcd, 0xe3, 0xcd, 0xe3, 0xcd, 0xe3, 
	0xe6, 0xad, 0xde, 0xab, 0xcd, 0xe3, 0xd6, 0x27, 
	0xcd, 0xe3, 0xcd, 0xe5, 0xde, 0x69, 0xd6, 0x69, 
	0xe6, 0xed, 0xce, 0x25, 0xd6, 0x69, 0xe6, 0xef, 
	0xde, 0xab, 0xcd, 0xe5, 0xcd, 0xe3, 0xde, 0xab, 
	0xcd, 0xe3, 0xde, 0x69, 0xe6, 0xef, 0xd6, 0x27, 
	0xde, 0x69, 0xe6, 0xef, 0xde, 0xab, 0xd6, 0x27, 
	0xcd, 0xe3, 0xcd, 0xe3, 0xef, 0x73, 0x10, 0x83, 
	0xac, 0xdd, 0xe6, 0xeb, 0xce, 0x23, 0xe6, 0xed, 
	0xe6, 0xef, 0xce, 0x23, 0xde, 0xa9, 0xe6, 0xef, 
	0xde, 0x69, 0xde, 0xab, 0xe7, 0x2f, 0xde, 0xab, 
	0xce, 0x23, 0xde, 0xab, 0xe7, 0x2f, 0xde, 0x69, 
	0xe6, 0xed, 0xce, 0x23, 0xde, 0xab, 0xce, 0x23, 
	0xe7, 0x2f, 0xe7, 0x2f, 0xce, 0x23, 0xce, 0x23, 
	0xce, 0x23, 0xce, 0x23, 0xd6, 0x67, 0xce, 0x23, 
	0xd6, 0x67, 0xe6, 0xeb, 0xef, 0x73, 0x08, 0x41, 
	0xac, 0xdd, 0xde, 0x67, 0xe6, 0xeb, 0xd6, 0x23, 
	0xde, 0xa9, 0xde, 0xa9, 0xd6, 0x23, 0xd6, 0x23, 
	0xd6, 0x23, 0xde, 0xa9, 0xef, 0x2f, 0xd6, 0x23, 
	0xd6, 0x65, 0xd6, 0x23, 0xd6, 0x65, 0xd6, 0x23, 
	0xd6, 0x23, 0xe6, 0xed, 0xde, 0xa7, 0xe6, 0xab, 
	0xef, 0x2f, 0xd6, 0x65, 0xd6, 0x23, 0xef, 0x2f, 
	0xef, 0x2f, 0xde, 0xa9, 0xd6, 0x23, 0xef, 0x2f, 
	0xe6, 0xeb, 0xd6, 0x65, 0xef, 0x73, 0x08, 0x41, 
	0xbd, 0x5f, 0xe6, 0xed, 0xd6, 0x23, 0xd6, 0x23, 
	0xd6, 0x23, 0xef, 0x2f, 0xe6, 0xeb, 0xd6, 0x23, 
	0xde, 0xa9, 0xe6, 0xeb, 0xde, 0xa7, 0xd6, 0x23, 
	0xe7, 0x2d, 0xde, 0xa9, 0xd6, 0x23, 0xde, 0xa9, 
	0xef, 0x2f, 0xd6, 0x23, 0xde, 0xa9, 0xe6, 0xeb, 
	0xd6, 0x23, 0xde, 0xa9, 0xe7, 0x2f, 0xde, 0xa9, 
	0xd6, 0x23, 0xd6, 0x23, 0xd6, 0x23, 0xde, 0xa9, 
	0xef, 0x2f, 0xd6, 0x23, 0xef, 0x2f, 0x18, 0x85, 
	0xac, 0xdd, 0xd6, 0x23, 0xde, 0x67, 0xde, 0xa9, 
	0xef, 0x2f, 0xe6, 0xeb, 0xd6, 0x23, 0xde, 0xa9, 
	0xef, 0x2f, 0xde, 0x67, 0xd6, 0x23, 0xe6, 0xeb, 
	0xe7, 0x2d, 0xd6, 0x23, 0xe6, 0xed, 0xef, 0x2f, 
	0xef, 0x2f, 0xde, 0xa9, 0xd6, 0x23, 0xde, 0xa9, 
	0xe7, 0x2d, 0xef, 0x2f, 0xe6, 0xeb, 0xe7, 0x2d, 
	0xef, 0x2f, 0xd6, 0x23, 0xef, 0x2f, 0xef, 0x2f, 
	0xde, 0xa9, 0xd6, 0x23, 0xef, 0x2f, 0x08, 0x41, 
	0xac, 0xdd, 0xac, 0xdd, 0xac, 0xdd, 0xbd, 0x9f, 
	0xbd, 0x9f, 0xac, 0xdd, 0xbd, 0x9f, 0xbd, 0x9f, 
	0xbd, 0x9f, 0xac, 0xdd, 0xac, 0xdd, 0xac, 0xdd, 
	0xac, 0xdd, 0xbd, 0x9f, 0xbd, 0x9f, 0xac, 0xdd, 
	0xac, 0xdd, 0xac, 0xdd, 0xbd, 0x9f, 0xbd, 0x9f, 
	0xac, 0xdd, 0xbd, 0x9f, 0xbd, 0x9f, 0xbd, 0x9f, 
	0xac, 0xdd, 0xac, 0xdd, 0xac, 0xdd, 0xac, 0xdd, 
	0xac, 0xdd, 0xac, 0xdd, 0xd6, 0x23, 0x18, 0x85, 
	0x08, 0x01, 0x08, 0x01, 0x08, 0x01, 0x10, 0x41, 
	0x20, 0xc5, 0x18, 0x83, 0x10, 0x41, 0x08, 0x01, 
	0x08, 0x01, 0x08, 0x01, 0x08, 0x01, 0x08, 0x01, 
	0x08, 0x01, 0x10, 0x41, 0x08, 0x01, 0x08, 0x01, 
	0x08, 0x01, 0x18, 0x43, 0x08, 0x01, 0x08, 0x01, 
	0x10, 0x41, 0x18, 0x43, 0x10, 0x41, 0x08, 0x01, 
	0x10, 0x43, 0x08, 0x01, 0x08, 0x01, 0x08, 0x01, 
	0x08, 0x01, 0x08, 0x01, 0x08, 0x01, 0x10, 0x41, 
	0xf5, 0xd1, 0xf5, 0xd1, 0xf5, 0xd1, 0xed, 0x0d, 
	0xed, 0x0d, 0xf5, 0xd1, 0xf5, 0xd1, 0xf5, 0xd1, 
	0xf5, 0x91, 0xf5, 0xd1, 0xed, 0x0d, 0xf5, 0xd1, 
	0xf5, 0xd1, 0xf5, 0xd1, 0xf6, 0x17, 0x10, 0x43, 
	0xe3, 0xcd, 0xf5, 0x91, 0xf5, 0xd1, 0xf5, 0xd1, 
	0xed, 0x0d, 0xed, 0x0d, 0xf5, 0xd1, 0xf5, 0xd1, 
	0xed, 0x0d, 0xf5, 0x8f, 0xf5, 0x8f, 0xf5, 0x91, 
	0xf5, 0xd1, 0xf5, 0xd1, 0xf5, 0xd1, 0xed, 0x0d, 
	0xeb, 0x49, 0xeb, 0xc9, 0xf4, 0x8b, 0xeb, 0x89, 
	0xf3, 0xc9, 0xf4, 0x49, 0xf4, 0x09, 0xf3, 0xc9, 
	0xeb, 0x89, 0xeb, 0x89, 0xf3, 0xc9, 0xf4, 0x0b, 
	0xeb, 0x49, 0xeb, 0x49, 0xf6, 0x55, 0x08, 0x01, 
	0xda, 0x45, 0xf4, 0x0b, 0xf3, 0xc9, 0xf3, 0xc9, 
	0xeb, 0x49, 0xeb, 0x49, 0xeb, 0x87, 0xf4, 0x8b, 
	0xf4, 0x8b, 0xeb, 0x47, 0xeb, 0x89, 0xf4, 0x49, 
	0xeb, 0xc9, 0xeb, 0x89, 0xeb, 0x89, 0xeb, 0x89, 
	0xeb, 0x49, 0xeb, 0xc9, 0xf4, 0x8b, 0xf4, 0x09, 
	0xf4, 0x09, 0xf4, 0x49, 0xeb, 0x49, 0xeb, 0x49, 
	0xeb, 0x49, 0xeb, 0x49, 0xf4, 0x89, 0xf4, 0x89, 
	0xf4, 0x89, 0xeb, 0x49, 0xf6, 0x15, 0x08, 0x01, 
	0xda, 0x45, 0xeb, 0x89, 0xeb, 0x47, 0xeb, 0x47, 
	0xeb, 0x47, 0xeb, 0x47, 0xeb, 0x49, 0xeb, 0xc9, 
	0xeb, 0x47, 0xeb, 0x47, 0xeb, 0xc9, 0xf4, 0x49, 
	0xeb, 0xc9, 0xeb, 0x89, 0xeb, 0xc9, 0xf3, 0xc9, 
	0xf4, 0x09, 0xf4, 0x49, 0xf4, 0x8b, 0xf4, 0xcb, 
	0xf4, 0x8b, 0xf4, 0x4b, 0xf3, 0xc9, 0xeb, 0xc9, 
	0xeb, 0x89, 0xf4, 0x89, 0xf4, 0x89, 0xeb, 0x87, 
	0xf4, 0x89, 0xf4, 0x49, 0xf5, 0xd5, 0x08, 0x01, 
	0xe2, 0x45, 0xeb, 0x49, 0xeb, 0x49, 0xec, 0x09, 
	0xeb, 0xc9, 0xf4, 0xcb, 0xf4, 0x8b, 0xec, 0x09, 
	0xeb, 0x47, 0xeb, 0x87, 0xf4, 0x49, 0xf4, 0x09, 
	0xf4, 0x89, 0xf4, 0x89, 0xf3, 0xc9, 0xeb, 0x49, 
	0xf4, 0x49, 0xec, 0x09, 0xec, 0x09, 0xeb, 0xc9, 
	0xeb, 0x89, 0xf3, 0x89, 0xeb, 0x49, 0xf4, 0x09, 
	0xeb, 0x49, 0xf4, 0x49, 0xeb, 0xc9, 0xeb, 0x47, 
	0xeb, 0x47, 0xf4, 0x07, 0xf6, 0x15, 0x10, 0x43, 
	0xe2, 0x45, 0xeb, 0x89, 0xf4, 0x09, 0xeb, 0x89, 
	0xf4, 0xcb, 0xf4, 0xcb, 0xf4, 0x09, 0xf4, 0x09, 
	0xf4, 0x89, 0xf4, 0x89, 0xeb, 0x47, 0xeb, 0x47, 
	0xf3, 0xc9, 0xf4, 0x89, 0xf4, 0x89, 0xeb, 0x89, 
	0xf4, 0xcb, 0xf4, 0xcb, 0xf4, 0x09, 0xf4, 0x09, 
	0xeb, 0x89, 0xeb, 0x89, 0xeb, 0xc9, 0xeb, 0x89, 
	0xec, 0x09, 0xf4, 0x89, 0xf4, 0x49, 0xeb, 0x47, 
	0xeb, 0x47, 0xeb, 0x89, 0xf6, 0x59, 0x08, 0x01, 
	0xda, 0x45, 0xeb, 0x49, 0xeb, 0x49, 0xf4, 0x4b, 
	0xf4, 0x49, 0xf4, 0x09, 0xf4, 0x49, 0xf4, 0xcb, 
	0xf4, 0xcb, 0xf4, 0x09, 0xeb, 0x47, 0xeb, 0x47, 
	0xeb, 0xc9, 0xf4, 0x09, 0xf4, 0x4b, 0xf4, 0x09, 
	0xf4, 0x4b, 0xf4, 0x09, 0xf4, 0xcb, 0xf4, 0xcb, 
	0xf4, 0x09, 0xeb, 0xc9, 0xf4, 0x09, 0xeb, 0x89, 
	0xf4, 0x49, 0xf4, 0x49, 0xf4, 0xc9, 0xf4, 0x89, 
	0xf4, 0x09, 0xeb, 0x47, 0xf6, 0x59, 0x08, 0x01, 
	0xda, 0x45, 0xeb, 0x49, 0xec, 0x09, 0xf4, 0xcd, 
	0xf4, 0x09, 0xf4, 0x09, 0xf5, 0x8f, 0xf4, 0x49, 
	0xeb, 0xc9, 0xec, 0x09, 0xf4, 0xcb, 0xeb, 0xc9, 
	0xeb, 0xc9, 0xf4, 0x49, 0xf4, 0x89, 0xf4, 0x4b, 
	0xf4, 0x4b, 0xf4, 0x09, 0xf4, 0xcb, 0xf4, 0xcb, 
	0xf4, 0x09, 0xeb, 0xc9, 0xf4, 0x09, 0xeb, 0x89, 
	0xf4, 0x49, 0xf4, 0x49, 0xf4, 0xc9, 0xf4, 0x89, 
	0xf4, 0x09, 0xeb, 0x47, 0xf6, 0x59, 0x08, 0x01, 
	0xda, 0x45, 0xeb, 0x49, 0xec, 0x09, 0xf4, 0xcd, 
	0xf4, 0x09, 0xf4, 0x09, 0xf5, 0x8f, 0xf4, 0x49, 
	0xeb, 0xc9, 0xec, 0x09, 0xf4, 0xcb, 0xeb, 0xc9, 
	0xeb, 0xc9, 0xf4, 0x49, 0xf4, 0x89, 0xf4, 0x4b, 
	0xf4, 0x49, 0xf5, 0x0b, 0xf5, 0x0b, 0xf4, 0x09, 
	0xec, 0x09, 0xeb, 0x47, 0xeb, 0xc9, 0xf4, 0x49, 
	0xeb, 0x89, 0xeb, 0x49, 0xeb, 0x49, 0xf4, 0x49, 
	0xf4, 0x89, 0xf4, 0xc9, 0xf6, 0x59, 0x18, 0x43, 
	0xe2, 0x45, 0xf4, 0x89, 0xf4, 0x89, 0xf4, 0xcb, 
	0xf4, 0x49, 0xf4, 0xcb, 0xf5, 0x8f, 0xf4, 0x09, 
	0xf4, 0x09, 0xf5, 0x0b, 0xf4, 0xcb, 0xf4, 0x89, 
	0xf4, 0x89, 0xf4, 0x89, 0xf4, 0xcb, 0xf4, 0xcb, 
	0xf4, 0x89, 0xf5, 0x0b, 0xf4, 0x09, 0xf4, 0x89, 
	0xf4, 0x49, 0xeb, 0x89, 0xec, 0x09, 0xf4, 0x49, 
	0xf4, 0x09, 0xeb, 0xc9, 0xeb, 0x89, 0xf4, 0x09, 
	0xf4, 0x89, 0xf4, 0x49, 0xf6, 0x59, 0x20, 0x85, 
	0xe2, 0x45, 0xf3, 0x89, 0xeb, 0x89, 0xf4, 0x49, 
	0xf5, 0x8f, 0xf4, 0xcb, 0xf4, 0x09, 0xf4, 0x89, 
	0xf4, 0xcb, 0xf4, 0xcb, 0xf4, 0x89, 0xf4, 0x89, 
	0xf4, 0x49, 0xf4, 0xcb, 0xf4, 0x89, 0xf4, 0x89, 
	0xf5, 0x0d, 0xf4, 0xcb, 0xf3, 0xc9, 0xf4, 0xcb, 
	0xec, 0x09, 0xec, 0x09, 0xf4, 0x49, 0xf3, 0xc9, 
	0xf4, 0x09, 0xf4, 0x09, 0xf4, 0x49, 0xf4, 0x89, 
	0xf4, 0xc9, 0xf4, 0x89, 0xf6, 0x59, 0x18, 0x85, 
	0xe2, 0x85, 0xeb, 0x89, 0xf4, 0x8b, 0xf5, 0x8f, 
	0xf5, 0x8f, 0xf4, 0x49, 0xf4, 0x09, 0xf4, 0xcb, 
	0xf4, 0x49, 0xf4, 0x49, 0xf4, 0x89, 0xf4, 0xc9, 
	0xf4, 0x49, 0xf4, 0x89, 0xf4, 0xc9, 0xf5, 0x0b, 
	0xf4, 0xcb, 0xf4, 0x49, 0xf4, 0xcb, 0xf5, 0x0b, 
	0xec, 0x09, 0xeb, 0x89, 0xf3, 0xc9, 0xeb, 0x89, 
	0xf4, 0x09, 0xeb, 0x89, 0xeb, 0x89, 0xf4, 0x49, 
	0xf4, 0xc9, 0xf4, 0x89, 0xf6, 0x15, 0x08, 0x01, 
	0xe2, 0x85, 0xeb, 0xc9, 0xeb, 0x89, 0xeb, 0xc9, 
	0xf4, 0xcb, 0xf4, 0xcb, 0xf4, 0xcb, 0xf4, 0xcb, 
	0xf4, 0x49, 0xf4, 0xcb, 0xf5, 0x8b, 0xf5, 0x0b, 
	0xf4, 0x8b, 0xf4, 0x89, 0xf5, 0x4b, 0xf5, 0x0b, 
	0xf4, 0x49, 0xec, 0x09, 0xf4, 0x8b, 0xf4, 0xcb, 
	0xf4, 0x49, 0xeb, 0x89, 0xf3, 0xc9, 0xeb, 0xc9, 
	0xf4, 0xcd, 0xf4, 0x09, 0xeb, 0x89, 0xeb, 0x89, 
	0xf4, 0xc9, 0xeb, 0x49, 0xf6, 0x59, 0x18, 0x85, 
	0xe2, 0x45, 0xf4, 0x49, 0xec, 0x09, 0xec, 0x09, 
	0xf4, 0x89, 0xf4, 0xcb, 0xf4, 0x4b, 0xf4, 0x4b, 
	0xf4, 0x4b, 0xf4, 0x4b, 0xf4, 0x8b, 0xf5, 0x0d, 
	0xf5, 0x8b, 0xf5, 0x4b, 0xf5, 0x0b, 0xf4, 0x89, 
	0xf4, 0x89, 0xf4, 0x89, 0xf5, 0x0b, 0xf4, 0x49, 
	0xf4, 0x8b, 0xf4, 0x8b, 0xeb, 0x89, 0xeb, 0x49, 
	0xf4, 0xcd, 0xf4, 0x89, 0xf4, 0x09, 0xf4, 0x89, 
	0xf4, 0xcb, 0xeb, 0x49, 0xf6, 0x17, 0x08, 0x01, 
	0xda, 0x45, 0xf4, 0x49, 0xf4, 0x8b, 0xf4, 0x8b, 
	0xf4, 0x8b, 0xf4, 0x49, 0xf5, 0x0d, 0xf5, 0x4d, 
	0xf5, 0x0d, 0xf4, 0xcb, 0xf5, 0x0d, 0xf5, 0x8d, 
	0xf5, 0xd1, 0xf5, 0xd1, 0xf5, 0xd1, 0xf4, 0x49, 
	0xe3, 0x03, 0xe3, 0x03, 0xe3, 0x03, 0xe2, 0x45, 
	0xe3, 0x03, 0xe3, 0x03, 0xe3, 0x03, 0xda, 0x45, 
	0xe2, 0x85, 0xe3, 0x03, 0xe3, 0x03, 0xe3, 0x03, 
	0xe3, 0x03, 0xda, 0x05, 0xe3, 0xcd, 0x08, 0x01, 
	0xda, 0x05, 0xda, 0x45, 0xda, 0x45, 0xda, 0x45, 
	0xda, 0x45, 0xda, 0x45, 0xda, 0x45, 0xe3, 0x03, 
	0xe3, 0x03, 0xda, 0x05, 0xe3, 0x03, 0xe3, 0x03, 
	0xe3, 0x03, 0xe3, 0x03, 0xe3, 0x03, 0xe2, 0x45, 
	0x18, 0x83, 0x08, 0x01, 0x08, 0x01, 0x08, 0x01, 
	0x10, 0x01, 0x08, 0x01, 0x08, 0x01, 0x08, 0x01, 
	0x08, 0x01, 0x08, 0x01, 0x08, 0x01, 0x08, 0x01, 
	0x08, 0x01, 0x10, 0x01, 0x08, 0x01, 0x08, 0x01, 
	0x08, 0x01, 0x08, 0x01, 0x08, 0x01, 0x08, 0x01, 
	0x08, 0x01, 0x10, 0x01, 0x10, 0x43, 0x08, 0x01, 
	0x08, 0x01, 0x08, 0x01, 0x10, 0x43, 0x10, 0x41, 
	0x08, 0x01, 0x08, 0x01, 0x08, 0x01, 0x08, 0x01, 
	
};

Gfx ttm_dl_beta_wall_real_2_ci8_aligner[] = {gsSPEndDisplayList()};
u8 ttm_dl_beta_wall_real_2_ci8[] = {
	0x00, 0x00, 0x00, 0x00, 0x00, 0x00, 0x00, 0x00, 
	0x00, 0x00, 0x00, 0x00, 0x00, 0x00, 0x00, 0x00, 
	0x00, 0x00, 0x00, 0x00, 0x00, 0x00, 0x00, 0x00, 
	0x00, 0x00, 0x00, 0x00, 0x00, 0x00, 0x00, 0x01, 
	0x00, 0x00, 0x00, 0x00, 0x00, 0x00, 0x00, 0x00, 
	0x00, 0x00, 0x00, 0x00, 0x00, 0x00, 0x00, 0x00, 
	0x00, 0x00, 0x00, 0x00, 0x00, 0x00, 0x00, 0x00, 
	0x00, 0x00, 0x00, 0x00, 0x00, 0x00, 0x00, 0x01, 
	0x00, 0x00, 0x00, 0x00, 0x00, 0x00, 0x00, 0x00, 
	0x00, 0x00, 0x00, 0x00, 0x00, 0x00, 0x00, 0x00, 
	0x00, 0x00, 0x00, 0x00, 0x00, 0x00, 0x00, 0x00, 
	0x00, 0x00, 0x00, 0x00, 0x00, 0x00, 0x00, 0x01, 
	0x00, 0x00, 0x00, 0x00, 0x00, 0x00, 0x00, 0x00, 
	0x00, 0x00, 0x00, 0x00, 0x00, 0x00, 0x00, 0x00, 
	0x00, 0x00, 0x00, 0x00, 0x00, 0x00, 0x00, 0x00, 
	0x00, 0x00, 0x00, 0x00, 0x00, 0x00, 0x00, 0x01, 
	0x00, 0x00, 0x00, 0x00, 0x00, 0x00, 0x00, 0x00, 
	0x00, 0x00, 0x00, 0x00, 0x00, 0x00, 0x00, 0x00, 
	0x00, 0x00, 0x00, 0x00, 0x00, 0x00, 0x00, 0x00, 
	0x00, 0x00, 0x00, 0x00, 0x00, 0x00, 0x00, 0x01, 
	0x00, 0x00, 0x00, 0x00, 0x00, 0x00, 0x00, 0x00, 
	0x00, 0x00, 0x00, 0x00, 0x00, 0x00, 0x00, 0x00, 
	0x00, 0x00, 0x00, 0x00, 0x00, 0x00, 0x00, 0x00, 
	0x00, 0x00, 0x00, 0x00, 0x00, 0x00, 0x00, 0x01, 
	0x00, 0x00, 0x00, 0x00, 0x00, 0x00, 0x00, 0x00, 
	0x00, 0x00, 0x00, 0x00, 0x00, 0x00, 0x00, 0x00, 
	0x00, 0x00, 0x00, 0x00, 0x00, 0x00, 0x00, 0x00, 
	0x00, 0x00, 0x00, 0x00, 0x00, 0x00, 0x00, 0x01, 
	0x00, 0x00, 0x00, 0x00, 0x00, 0x00, 0x00, 0x00, 
	0x00, 0x00, 0x00, 0x00, 0x00, 0x00, 0x00, 0x00, 
	0x00, 0x00, 0x00, 0x00, 0x00, 0x00, 0x00, 0x00, 
	0x00, 0x00, 0x00, 0x00, 0x00, 0x00, 0x00, 0x01, 
	0x00, 0x00, 0x00, 0x00, 0x00, 0x00, 0x00, 0x00, 
	0x00, 0x00, 0x00, 0x00, 0x00, 0x00, 0x00, 0x00, 
	0x00, 0x00, 0x00, 0x00, 0x00, 0x00, 0x00, 0x00, 
	0x00, 0x00, 0x00, 0x00, 0x00, 0x00, 0x00, 0x01, 
	0x00, 0x00, 0x00, 0x00, 0x00, 0x00, 0x00, 0x00, 
	0x00, 0x00, 0x00, 0x00, 0x00, 0x00, 0x00, 0x00, 
	0x00, 0x00, 0x00, 0x00, 0x00, 0x00, 0x00, 0x00, 
	0x00, 0x00, 0x00, 0x00, 0x00, 0x00, 0x00, 0x01, 
	0x00, 0x00, 0x00, 0x00, 0x00, 0x00, 0x00, 0x00, 
	0x00, 0x00, 0x00, 0x00, 0x00, 0x00, 0x00, 0x00, 
	0x00, 0x00, 0x00, 0x00, 0x00, 0x00, 0x00, 0x00, 
	0x00, 0x00, 0x00, 0x00, 0x00, 0x00, 0x00, 0x01, 
	0x00, 0x00, 0x00, 0x00, 0x00, 0x00, 0x00, 0x00, 
	0x00, 0x00, 0x00, 0x00, 0x00, 0x00, 0x00, 0x00, 
	0x00, 0x00, 0x00, 0x00, 0x00, 0x00, 0x00, 0x00, 
	0x00, 0x00, 0x00, 0x00, 0x00, 0x00, 0x00, 0x01, 
	0x00, 0x00, 0x00, 0x00, 0x00, 0x00, 0x00, 0x00, 
	0x00, 0x00, 0x00, 0x00, 0x00, 0x00, 0x00, 0x00, 
	0x00, 0x00, 0x00, 0x00, 0x00, 0x00, 0x00, 0x00, 
	0x00, 0x00, 0x00, 0x00, 0x00, 0x00, 0x00, 0x01, 
	0x00, 0x00, 0x00, 0x00, 0x00, 0x00, 0x00, 0x00, 
	0x00, 0x00, 0x00, 0x00, 0x00, 0x00, 0x00, 0x00, 
	0x00, 0x00, 0x00, 0x00, 0x00, 0x00, 0x00, 0x00, 
	0x00, 0x00, 0x00, 0x00, 0x00, 0x00, 0x00, 0x01, 
	0x00, 0x00, 0x00, 0x00, 0x00, 0x00, 0x00, 0x00, 
	0x00, 0x00, 0x00, 0x00, 0x00, 0x00, 0x00, 0x00, 
	0x00, 0x00, 0x00, 0x00, 0x00, 0x00, 0x00, 0x00, 
	0x00, 0x00, 0x00, 0x00, 0x00, 0x00, 0x00, 0x01, 
	0x01, 0x01, 0x01, 0x01, 0x01, 0x01, 0x01, 0x01, 
	0x01, 0x01, 0x01, 0x01, 0x01, 0x01, 0x01, 0x01, 
	0x01, 0x01, 0x01, 0x01, 0x01, 0x01, 0x01, 0x01, 
	0x01, 0x01, 0x01, 0x01, 0x01, 0x01, 0x01, 0x01, 
	0x02, 0x02, 0x02, 0x02, 0x02, 0x02, 0x02, 0x02, 
	0x02, 0x02, 0x02, 0x02, 0x02, 0x02, 0x02, 0x01, 
	0x02, 0x02, 0x02, 0x02, 0x02, 0x02, 0x02, 0x02, 
	0x02, 0x02, 0x02, 0x02, 0x02, 0x02, 0x02, 0x02, 
	0x00, 0x00, 0x00, 0x00, 0x00, 0x00, 0x00, 0x00, 
	0x00, 0x00, 0x00, 0x00, 0x00, 0x00, 0x00, 0x01, 
	0x00, 0x00, 0x00, 0x00, 0x00, 0x00, 0x00, 0x00, 
	0x00, 0x00, 0x00, 0x00, 0x00, 0x00, 0x00, 0x00, 
	0x00, 0x00, 0x00, 0x00, 0x00, 0x00, 0x00, 0x00, 
	0x00, 0x00, 0x00, 0x00, 0x00, 0x00, 0x00, 0x01, 
	0x00, 0x00, 0x00, 0x00, 0x00, 0x00, 0x00, 0x00, 
	0x00, 0x00, 0x00, 0x00, 0x00, 0x00, 0x00, 0x00, 
	0x00, 0x00, 0x00, 0x00, 0x00, 0x00, 0x00, 0x00, 
	0x00, 0x00, 0x00, 0x00, 0x00, 0x00, 0x00, 0x01, 
	0x00, 0x00, 0x00, 0x00, 0x00, 0x00, 0x00, 0x00, 
	0x00, 0x00, 0x00, 0x00, 0x00, 0x00, 0x00, 0x00, 
	0x00, 0x00, 0x00, 0x00, 0x00, 0x00, 0x00, 0x00, 
	0x00, 0x00, 0x00, 0x00, 0x00, 0x00, 0x00, 0x01, 
	0x00, 0x00, 0x00, 0x00, 0x00, 0x00, 0x00, 0x00, 
	0x00, 0x00, 0x00, 0x00, 0x00, 0x00, 0x00, 0x00, 
	0x00, 0x00, 0x00, 0x00, 0x00, 0x00, 0x00, 0x00, 
	0x00, 0x00, 0x00, 0x00, 0x00, 0x00, 0x00, 0x01, 
	0x00, 0x00, 0x00, 0x00, 0x00, 0x00, 0x00, 0x00, 
	0x00, 0x00, 0x00, 0x00, 0x00, 0x00, 0x00, 0x00, 
	0x00, 0x00, 0x00, 0x00, 0x00, 0x00, 0x00, 0x00, 
	0x00, 0x00, 0x00, 0x00, 0x00, 0x00, 0x00, 0x01, 
	0x00, 0x00, 0x00, 0x00, 0x00, 0x00, 0x00, 0x00, 
	0x00, 0x00, 0x00, 0x00, 0x00, 0x00, 0x00, 0x00, 
	0x00, 0x00, 0x00, 0x00, 0x00, 0x00, 0x00, 0x00, 
	0x00, 0x00, 0x00, 0x00, 0x00, 0x00, 0x00, 0x03, 
	0x00, 0x00, 0x02, 0x02, 0x00, 0x00, 0x00, 0x00, 
	0x00, 0x02, 0x02, 0x02, 0x02, 0x00, 0x00, 0x00, 
	0x00, 0x00, 0x00, 0x00, 0x00, 0x00, 0x00, 0x00, 
	0x00, 0x00, 0x00, 0x00, 0x00, 0x00, 0x00, 0x03, 
	0x00, 0x00, 0x00, 0x00, 0x02, 0x02, 0x02, 0x02, 
	0x02, 0x00, 0x00, 0x00, 0x00, 0x00, 0x00, 0x00, 
	0x00, 0x02, 0x02, 0x02, 0x02, 0x00, 0x00, 0x00, 
	0x00, 0x00, 0x00, 0x00, 0x00, 0x00, 0x02, 0x03, 
	0x00, 0x00, 0x00, 0x00, 0x00, 0x00, 0x00, 0x00, 
	0x00, 0x02, 0x02, 0x02, 0x00, 0x00, 0x00, 0x00, 
	0x04, 0x05, 0x02, 0x05, 0x05, 0x05, 0x05, 0x04, 
	0x05, 0x05, 0x00, 0x00, 0x04, 0x00, 0x05, 0x03, 
	0x00, 0x00, 0x00, 0x00, 0x02, 0x04, 0x00, 0x04, 
	0x00, 0x04, 0x04, 0x04, 0x02, 0x02, 0x04, 0x00, 
	0x05, 0x04, 0x04, 0x04, 0x04, 0x04, 0x05, 0x04, 
	0x05, 0x05, 0x04, 0x04, 0x04, 0x04, 0x05, 0x06, 
	0x00, 0x05, 0x04, 0x04, 0x05, 0x04, 0x05, 0x05, 
	0x05, 0x05, 0x04, 0x04, 0x04, 0x04, 0x05, 0x05, 
	0x05, 0x05, 0x04, 0x04, 0x05, 0x05, 0x05, 0x04, 
	0x04, 0x05, 0x05, 0x05, 0x05, 0x04, 0x05, 0x06, 
	0x00, 0x05, 0x04, 0x05, 0x05, 0x04, 0x05, 0x05, 
	0x05, 0x05, 0x05, 0x05, 0x05, 0x04, 0x04, 0x04, 
	0x04, 0x04, 0x05, 0x04, 0x04, 0x04, 0x04, 0x04, 
	0x04, 0x04, 0x04, 0x05, 0x04, 0x04, 0x05, 0x06, 
	0x04, 0x05, 0x04, 0x05, 0x05, 0x04, 0x05, 0x05, 
	0x04, 0x04, 0x04, 0x05, 0x04, 0x04, 0x04, 0x04, 
	0x04, 0x04, 0x04, 0x04, 0x04, 0x04, 0x04, 0x04, 
	0x04, 0x04, 0x04, 0x04, 0x04, 0x04, 0x05, 0x06, 
	0x04, 0x04, 0x04, 0x04, 0x04, 0x04, 0x04, 0x04, 
	0x04, 0x04, 0x04, 0x04, 0x04, 0x04, 0x04, 0x04, 
	0x06, 0x06, 0x06, 0x06, 0x06, 0x06, 0x06, 0x06, 
	0x06, 0x06, 0x06, 0x06, 0x06, 0x06, 0x06, 0x06, 
	0x06, 0x06, 0x06, 0x06, 0x06, 0x06, 0x06, 0x06, 
	0x06, 0x06, 0x06, 0x06, 0x06, 0x06, 0x06, 0x06, 
	0x07, 0x07, 0x07, 0x07, 0x07, 0x07, 0x07, 0x07, 
	0x07, 0x07, 0x07, 0x07, 0x07, 0x07, 0x07, 0x07, 
	0x07, 0x08, 0x08, 0x08, 0x07, 0x07, 0x07, 0x07, 
	0x07, 0x07, 0x07, 0x07, 0x07, 0x07, 0x07, 0x06, 
	0x05, 0x05, 0x05, 0x05, 0x05, 0x05, 0x05, 0x05, 
	0x05, 0x05, 0x05, 0x05, 0x05, 0x05, 0x05, 0x05, 
	0x05, 0x05, 0x05, 0x05, 0x05, 0x05, 0x05, 0x05, 
	0x05, 0x05, 0x05, 0x05, 0x05, 0x05, 0x07, 0x06, 
	0x05, 0x05, 0x05, 0x09, 0x05, 0x07, 0x05, 0x05, 
	0x05, 0x05, 0x05, 0x05, 0x05, 0x05, 0x05, 0x05, 
	0x09, 0x05, 0x05, 0x09, 0x09, 0x05, 0x05, 0x05, 
	0x05, 0x05, 0x05, 0x05, 0x05, 0x05, 0x0a, 0x06, 
	0x0b, 0x05, 0x0a, 0x0a, 0x0b, 0x0b, 0x0b, 0x05, 
	0x05, 0x0a, 0x05, 0x05, 0x05, 0x05, 0x05, 0x0b, 
	0x05, 0x05, 0x05, 0x05, 0x05, 0x05, 0x0b, 0x0a, 
	0x0a, 0x05, 0x05, 0x0a, 0x05, 0x0b, 0x0a, 0x06, 
	0x0b, 0x05, 0x0a, 0x0a, 0x0a, 0x05, 0x0a, 0x0a, 
	0x0a, 0x05, 0x05, 0x0b, 0x09, 0x09, 0x05, 0x0b, 
	0x0b, 0x0b, 0x09, 0x0b, 0x0b, 0x0b, 0x0a, 0x0a, 
	0x09, 0x05, 0x0b, 0x0b, 0x0b, 0x05, 0x0a, 0x06, 
	0x0b, 0x0b, 0x0b, 0x0b, 0x09, 0x0b, 0x0b, 0x0b, 
	0x0b, 0x0a, 0x0a, 0x0b, 0x09, 0x0b, 0x09, 0x09, 
	0x0b, 0x09, 0x0b, 0x0b, 0x0b, 0x0b, 0x0b, 0x0a, 
	0x09, 0x09, 0x0b, 0x0b, 0x09, 0x05, 0x0a, 0x06, 
	0x0b, 0x0b, 0x0b, 0x0b, 0x09, 0x0b, 0x0b, 0x0b, 
	0x0b, 0x0b, 0x09, 0x0a, 0x0b, 0x0b, 0x0b, 0x0b, 
	0x0b, 0x09, 0x0b, 0x0b, 0x0b, 0x0b, 0x0b, 0x0b, 
	0x0b, 0x09, 0x09, 0x0b, 0x0b, 0x0b, 0x0a, 0x06, 
	0x0b, 0x0b, 0x0b, 0x09, 0x0a, 0x0b, 0x0b, 0x0a, 
	0x0a, 0x0b, 0x0b, 0x0b, 0x0b, 0x0a, 0x0b, 0x0b, 
	0x0b, 0x09, 0x09, 0x0b, 0x0b, 0x0b, 0x09, 0x09, 
	0x0b, 0x0b, 0x0b, 0x09, 0x09, 0x0a, 0x0a, 0x06, 
	0x0b, 0x0b, 0x0b, 0x09, 0x09, 0x0b, 0x0b, 0x0b, 
	0x09, 0x09, 0x0b, 0x0b, 0x0a, 0x0b, 0x0b, 0x09, 
	0x09, 0x09, 0x0b, 0x0b, 0x0b, 0x0b, 0x0b, 0x0b, 
	0x0a, 0x0a, 0x0b, 0x0b, 0x0b, 0x0b, 0x0a, 0x06, 
	0x0b, 0x0b, 0x0b, 0x0a, 0x0b, 0x0b, 0x0a, 0x0a, 
	0x0b, 0x0b, 0x0a, 0x0b, 0x0b, 0x0b, 0x0b, 0x09, 
	0x0a, 0x0a, 0x09, 0x0a, 0x0b, 0x0b, 0x0a, 0x0c, 
	0x0b, 0x0b, 0x0a, 0x0a, 0x0a, 0x0b, 0x0c, 0x06, 
	0x0b, 0x0b, 0x0a, 0x0a, 0x0a, 0x0a, 0x0b, 0x0a, 
	0x0a, 0x0a, 0x09, 0x09, 0x0a, 0x0d, 0x0c, 0x0a, 
	0x0c, 0x0c, 0x0c, 0x0a, 0x0a, 0x0c, 0x0c, 0x0c, 
	0x0b, 0x0b, 0x0b, 0x0a, 0x0b, 0x0b, 0x0c, 0x06, 
	0x0b, 0x0b, 0x0d, 0x0d, 0x0a, 0x0a, 0x0e, 0x0d, 
	0x0d, 0x0a, 0x0a, 0x0a, 0x0d, 0x0d, 0x0a, 0x0e, 
	0x0b, 0x09, 0x0a, 0x0a, 0x0a, 0x0d, 0x0c, 0x0a, 
	0x0b, 0x09, 0x0c, 0x0d, 0x0c, 0x0a, 0x0c, 0x06, 
	0x0b, 0x0c, 0x0e, 0x0d, 0x0d, 0x0d, 0x0d, 0x0e, 
	0x0e, 0x0d, 0x0d, 0x0d, 0x0e, 0x0e, 0x0e, 0x0b, 
	0x0b, 0x09, 0x0e, 0x0e, 0x0e, 0x0a, 0x0a, 0x0b, 
	0x0b, 0x0d, 0x0e, 0x0e, 0x0e, 0x0a, 0x0d, 0x06, 
	0x0b, 0x0a, 0x0e, 0x0e, 0x0e, 0x0e, 0x0e, 0x0e, 
	0x0e, 0x0e, 0x0e, 0x0e, 0x0e, 0x0e, 0x0e, 0x0e, 
	0x09, 0x0b, 0x09, 0x0e, 0x0e, 0x0b, 0x0b, 0x0b, 
	0x0b, 0x0e, 0x0d, 0x0d, 0x0d, 0x0e, 0x0d, 0x06, 
	0x0b, 0x0b, 0x0b, 0x0b, 0x0b, 0x0b, 0x0b, 0x0b, 
	0x0b, 0x0b, 0x0b, 0x0b, 0x0b, 0x0b, 0x0b, 0x0b, 
	0x0b, 0x0b, 0x0b, 0x0b, 0x0b, 0x0b, 0x0b, 0x0b, 
	0x0b, 0x0b, 0x0b, 0x0b, 0x0b, 0x0b, 0x0a, 0x06, 
	0x06, 0x06, 0x06, 0x06, 0x06, 0x06, 0x06, 0x06, 
	0x06, 0x06, 0x06, 0x06, 0x06, 0x06, 0x06, 0x06, 
	0x06, 0x06, 0x06, 0x06, 0x06, 0x06, 0x06, 0x06, 
	0x06, 0x06, 0x06, 0x06, 0x0f, 0x06, 0x0f, 0x0f, 
	0x0e, 0x0e, 0x0e, 0x0e, 0x0e, 0x0e, 0x0e, 0x0e, 
	0x0e, 0x0e, 0x0e, 0x0e, 0x0e, 0x0d, 0x0d, 0x0f, 
	0x09, 0x0e, 0x0e, 0x0e, 0x0d, 0x0d, 0x0d, 0x0d, 
	0x0e, 0x0e, 0x0d, 0x0d, 0x0d, 0x0e, 0x0e, 0x0e, 
	0x0e, 0x0e, 0x0e, 0x0e, 0x0e, 0x0d, 0x0d, 0x0d, 
	0x0d, 0x0d, 0x0d, 0x0d, 0x0d, 0x0d, 0x0e, 0x0f, 
	0x09, 0x0d, 0x0e, 0x0e, 0x0e, 0x0d, 0x0e, 0x0e, 
	0x0e, 0x0d, 0x0d, 0x0e, 0x0e, 0x0d, 0x0d, 0x0e, 
	0x0e, 0x0e, 0x0e, 0x0e, 0x0e, 0x0e, 0x0e, 0x0e, 
	0x0e, 0x0d, 0x0d, 0x0e, 0x0e, 0x0e, 0x0e, 0x0f, 
	0x09, 0x0d, 0x0d, 0x0e, 0x0d, 0x0e, 0x0e, 0x0e, 
	0x0e, 0x0e, 0x0d, 0x0d, 0x0d, 0x0d, 0x0e, 0x0e, 
	0x0e, 0x0e, 0x0e, 0x0e, 0x0e, 0x0d, 0x0d, 0x0e, 
	0x0e, 0x0e, 0x0d, 0x0e, 0x0e, 0x0e, 0x0e, 0x0f, 
	0x09, 0x0e, 0x0e, 0x0d, 0x0e, 0x0d, 0x0d, 0x0e, 
	0x0d, 0x0d, 0x0d, 0x0d, 0x0e, 0x0e, 0x0e, 0x0e, 
	0x0e, 0x0d, 0x0d, 0x0d, 0x0d, 0x0e, 0x0e, 0x0d, 
	0x0d, 0x0e, 0x0e, 0x0e, 0x0e, 0x0e, 0x0e, 0x0f, 
	0x09, 0x0d, 0x0e, 0x0e, 0x0e, 0x0e, 0x0e, 0x0e, 
	0x0e, 0x0e, 0x0e, 0x0d, 0x0d, 0x0d, 0x0d, 0x0d, 
	0x10, 0x0e, 0x0e, 0x0e, 0x0e, 0x0e, 0x0e, 0x0e, 
	0x0e, 0x0e, 0x0e, 0x0e, 0x0e, 0x0e, 0x0e, 0x0f, 
	0x09, 0x0d, 0x0d, 0x0d, 0x0e, 0x0e, 0x0d, 0x0e, 
	0x0d, 0x0d, 0x0e, 0x0e, 0x0e, 0x0e, 0x0e, 0x0d, 
	0x0d, 0x0d, 0x0e, 0x0e, 0x0d, 0x0d, 0x0e, 0x0e, 
	0x0e, 0x0e, 0x0e, 0x0e, 0x0e, 0x0e, 0x0e, 0x06, 
	0x09, 0x0e, 0x0e, 0x0d, 0x0d, 0x0e, 0x0d, 0x0e, 
	0x0e, 0x0d, 0x0e, 0x10, 0x11, 0x0d, 0x12, 0x12, 
	0x0e, 0x0e, 0x0e, 0x0e, 0x0d, 0x10, 0x0d, 0x0e, 
	0x0d, 0x0d, 0x0d, 0x0e, 0x0e, 0x0e, 0x0e, 0x13, 
	0x09, 0x0d, 0x0e, 0x0e, 0x0e, 0x0e, 0x0e, 0x0d, 
	0x0e, 0x0d, 0x14, 0x14, 0x0d, 0x0e, 0x0d, 0x0d, 
	0x0e, 0x10, 0x10, 0x0d, 0x10, 0x0e, 0x10, 0x10, 
	0x10, 0x0d, 0x0e, 0x0e, 0x0e, 0x0e, 0x0d, 0x15, 
	0x16, 0x0d, 0x0e, 0x10, 0x17, 0x0d, 0x0d, 0x14, 
	0x0d, 0x0e, 0x0e, 0x11, 0x18, 0x10, 0x0e, 0x0e, 
	0x0e, 0x0e, 0x0e, 0x14, 0x14, 0x11, 0x12, 0x12, 
	0x19, 0x12, 0x19, 0x11, 0x0e, 0x0e, 0x11, 0x15, 
	0x0e, 0x1a, 0x0e, 0x12, 0x18, 0x11, 0x12, 0x11, 
	0x14, 0x14, 0x11, 0x11, 0x11, 0x12, 0x12, 0x19, 
	0x14, 0x14, 0x11, 0x11, 0x11, 0x11, 0x11, 0x12, 
	0x12, 0x11, 0x11, 0x1a, 0x19, 0x11, 0x11, 0x1b, 
	0x0e, 0x11, 0x12, 0x11, 0x18, 0x1c, 0x12, 0x11, 
	0x11, 0x11, 0x14, 0x14, 0x11, 0x11, 0x19, 0x12, 
	0x11, 0x1d, 0x14, 0x14, 0x14, 0x14, 0x11, 0x1d, 
	0x11, 0x12, 0x12, 0x12, 0x1d, 0x0d, 0x1d, 0x1e, 
	0x0e, 0x11, 0x12, 0x12, 0x1c, 0x1c, 0x14, 0x14, 
	0x14, 0x12, 0x11, 0x11, 0x14, 0x12, 0x11, 0x11, 
	0x1f, 0x14, 0x1f, 0x1f, 0x1f, 0x1f, 0x20, 0x20, 
	0x1f, 0x1a, 0x1a, 0x1a, 0x1a, 0x10, 0x14, 0x21, 
	0x0e, 0x11, 0x11, 0x11, 0x14, 0x12, 0x1f, 0x14, 
	0x11, 0x1f, 0x12, 0x14, 0x1d, 0x1f, 0x1f, 0x1f, 
	0x1f, 0x1f, 0x1f, 0x12, 0x12, 0x12, 0x1a, 0x1f, 
	0x1f, 0x1f, 0x1f, 0x1f, 0x12, 0x12, 0x1a, 0x22, 
	0x11, 0x19, 0x1f, 0x1f, 0x12, 0x10, 0x1f, 0x12, 
	0x14, 0x14, 0x14, 0x12, 0x1f, 0x1f, 0x12, 0x14, 
	0x11, 0x11, 0x11, 0x11, 0x11, 0x11, 0x11, 0x11, 
	0x11, 0x11, 0x11, 0x11, 0x11, 0x11, 0x19, 0x23, 
	0x24, 0x11, 0x11, 0x11, 0x11, 0x11, 0x11, 0x11, 
	0x11, 0x11, 0x11, 0x11, 0x11, 0x11, 0x11, 0x11, 
	0x21, 0x21, 0x21, 0x21, 0x21, 0x21, 0x21, 0x21, 
	0x21, 0x21, 0x21, 0x21, 0x21, 0x21, 0x21, 0x21, 
	0x21, 0x21, 0x21, 0x21, 0x21, 0x21, 0x21, 0x21, 
	0x21, 0x21, 0x21, 0x21, 0x21, 0x21, 0x21, 0x21, 
	
};

Gfx ttm_dl_beta_wall_real_2_pal_rgba16_aligner[] = {gsSPEndDisplayList()};
u8 ttm_dl_beta_wall_real_2_pal_rgba16[] = {
	0x08, 0x75, 0x00, 0x33, 0x08, 0xb5, 0x00, 0x35, 
	0x08, 0x77, 0x08, 0xb7, 0x00, 0x75, 0x10, 0xf7, 
	0x08, 0xf7, 0x08, 0xf9, 0x10, 0xf9, 0x08, 0xb9, 
	0x11, 0x39, 0x11, 0x3b, 0x10, 0xfb, 0x00, 0x77, 
	0x19, 0x7b, 0x19, 0x3b, 0x21, 0xbd, 0x00, 0x73, 
	0x19, 0x7d, 0x00, 0x71, 0x08, 0xfb, 0x21, 0xbb, 
	0x2a, 0x3d, 0x21, 0x7b, 0x21, 0x7d, 0x00, 0x6f, 
	0x21, 0xfd, 0x19, 0x3d, 0x08, 0xb3, 0x29, 0xfd, 
	0x3a, 0x7d, 0x08, 0x6d, 0x08, 0xb1, 0x08, 0xad, 
	0x19, 0x39, 
};

Gfx ttm_dl_moon_ci8_aligner[] = {gsSPEndDisplayList()};
u8 ttm_dl_moon_ci8[] = {
	0x00, 0x00, 0x00, 0x00, 0x00, 0x00, 0x00, 0x00, 
	0x00, 0x00, 0x00, 0x00, 0x00, 0x01, 0x01, 0x01, 
	0x01, 0x01, 0x01, 0x01, 0x01, 0x01, 0x00, 0x00, 
	0x00, 0x00, 0x00, 0x00, 0x00, 0x00, 0x00, 0x00, 
	0x00, 0x00, 0x00, 0x00, 0x00, 0x00, 0x00, 0x00, 
	0x00, 0x00, 0x00, 0x01, 0x01, 0x01, 0x01, 0x01, 
	0x01, 0x01, 0x01, 0x01, 0x01, 0x01, 0x01, 0x01, 
	0x00, 0x00, 0x00, 0x00, 0x00, 0x00, 0x00, 0x00, 
	0x00, 0x00, 0x00, 0x00, 0x00, 0x00, 0x00, 0x00, 
	0x00, 0x00, 0x01, 0x01, 0x01, 0x01, 0x01, 0x01, 
	0x01, 0x01, 0x01, 0x01, 0x01, 0x01, 0x01, 0x01, 
	0x01, 0x00, 0x00, 0x00, 0x00, 0x00, 0x00, 0x00, 
	0x00, 0x00, 0x00, 0x00, 0x00, 0x00, 0x00, 0x00, 
	0x01, 0x01, 0x01, 0x01, 0x01, 0x01, 0x01, 0x01, 
	0x01, 0x01, 0x01, 0x01, 0x01, 0x01, 0x01, 0x01, 
	0x01, 0x01, 0x01, 0x00, 0x00, 0x00, 0x00, 0x00, 
	0x00, 0x00, 0x00, 0x00, 0x00, 0x00, 0x00, 0x01, 
	0x01, 0x01, 0x01, 0x01, 0x01, 0x01, 0x01, 0x01, 
	0x01, 0x01, 0x01, 0x01, 0x01, 0x01, 0x01, 0x01, 
	0x01, 0x01, 0x01, 0x01, 0x00, 0x00, 0x00, 0x00, 
	0x00, 0x00, 0x00, 0x00, 0x00, 0x00, 0x01, 0x01, 
	0x01, 0x01, 0x01, 0x01, 0x01, 0x01, 0x01, 0x01, 
	0x01, 0x01, 0x01, 0x01, 0x01, 0x01, 0x01, 0x01, 
	0x01, 0x01, 0x01, 0x01, 0x00, 0x00, 0x00, 0x00, 
	0x00, 0x00, 0x00, 0x00, 0x00, 0x01, 0x01, 0x01, 
	0x01, 0x00, 0x00, 0x00, 0x00, 0x00, 0x00, 0x00, 
	0x01, 0x01, 0x01, 0x01, 0x01, 0x01, 0x01, 0x01, 
	0x01, 0x01, 0x01, 0x01, 0x01, 0x00, 0x00, 0x00, 
	0x00, 0x00, 0x00, 0x00, 0x00, 0x01, 0x01, 0x00, 
	0x00, 0x00, 0x00, 0x00, 0x00, 0x00, 0x00, 0x00, 
	0x00, 0x00, 0x01, 0x01, 0x01, 0x01, 0x01, 0x01, 
	0x01, 0x01, 0x01, 0x01, 0x01, 0x00, 0x00, 0x00, 
	0x00, 0x00, 0x00, 0x00, 0x00, 0x01, 0x01, 0x00, 
	0x00, 0x00, 0x00, 0x00, 0x00, 0x00, 0x00, 0x00, 
	0x00, 0x00, 0x00, 0x01, 0x01, 0x01, 0x01, 0x01, 
	0x01, 0x01, 0x01, 0x01, 0x01, 0x00, 0x00, 0x00, 
	0x00, 0x00, 0x00, 0x00, 0x01, 0x00, 0x00, 0x00, 
	0x00, 0x00, 0x00, 0x00, 0x00, 0x00, 0x00, 0x00, 
	0x00, 0x00, 0x00, 0x01, 0x01, 0x01, 0x01, 0x01, 
	0x01, 0x01, 0x01, 0x01, 0x01, 0x01, 0x00, 0x00, 
	0x00, 0x00, 0x00, 0x00, 0x00, 0x00, 0x00, 0x00, 
	0x00, 0x00, 0x00, 0x00, 0x00, 0x00, 0x00, 0x00, 
	0x00, 0x00, 0x00, 0x00, 0x01, 0x01, 0x01, 0x01, 
	0x01, 0x01, 0x01, 0x01, 0x01, 0x01, 0x00, 0x00, 
	0x00, 0x00, 0x00, 0x00, 0x00, 0x00, 0x00, 0x00, 
	0x00, 0x00, 0x00, 0x00, 0x00, 0x00, 0x00, 0x00, 
	0x00, 0x00, 0x00, 0x00, 0x00, 0x01, 0x01, 0x01, 
	0x01, 0x01, 0x01, 0x01, 0x01, 0x01, 0x01, 0x00, 
	0x00, 0x00, 0x00, 0x00, 0x00, 0x00, 0x00, 0x00, 
	0x00, 0x00, 0x00, 0x00, 0x00, 0x00, 0x00, 0x00, 
	0x00, 0x00, 0x00, 0x00, 0x00, 0x01, 0x01, 0x01, 
	0x01, 0x01, 0x01, 0x01, 0x01, 0x01, 0x01, 0x00, 
	0x00, 0x00, 0x00, 0x00, 0x00, 0x00, 0x00, 0x00, 
	0x00, 0x00, 0x00, 0x00, 0x00, 0x00, 0x00, 0x00, 
	0x00, 0x00, 0x00, 0x00, 0x00, 0x01, 0x01, 0x01, 
	0x01, 0x01, 0x01, 0x01, 0x01, 0x01, 0x01, 0x00, 
	0x00, 0x00, 0x00, 0x00, 0x00, 0x00, 0x00, 0x00, 
	0x00, 0x00, 0x00, 0x00, 0x00, 0x00, 0x00, 0x00, 
	0x00, 0x00, 0x00, 0x00, 0x00, 0x01, 0x01, 0x01, 
	0x01, 0x01, 0x01, 0x01, 0x01, 0x01, 0x01, 0x00, 
	0x00, 0x00, 0x00, 0x00, 0x00, 0x00, 0x00, 0x00, 
	0x00, 0x00, 0x00, 0x00, 0x00, 0x00, 0x00, 0x00, 
	0x00, 0x00, 0x00, 0x00, 0x00, 0x01, 0x01, 0x01, 
	0x01, 0x01, 0x01, 0x01, 0x01, 0x01, 0x01, 0x00, 
	0x00, 0x00, 0x00, 0x00, 0x00, 0x00, 0x00, 0x00, 
	0x00, 0x00, 0x00, 0x00, 0x00, 0x00, 0x00, 0x00, 
	0x00, 0x00, 0x00, 0x00, 0x00, 0x01, 0x01, 0x01, 
	0x01, 0x01, 0x01, 0x01, 0x01, 0x01, 0x01, 0x00, 
	0x00, 0x00, 0x00, 0x00, 0x00, 0x00, 0x00, 0x00, 
	0x00, 0x00, 0x00, 0x00, 0x00, 0x00, 0x00, 0x00, 
	0x00, 0x00, 0x00, 0x00, 0x00, 0x01, 0x01, 0x01, 
	0x01, 0x01, 0x01, 0x01, 0x01, 0x01, 0x01, 0x00, 
	0x00, 0x00, 0x00, 0x00, 0x00, 0x00, 0x00, 0x00, 
	0x00, 0x00, 0x00, 0x00, 0x00, 0x00, 0x00, 0x00, 
	0x00, 0x00, 0x00, 0x00, 0x00, 0x01, 0x01, 0x01, 
	0x01, 0x01, 0x01, 0x01, 0x01, 0x01, 0x01, 0x00, 
	0x00, 0x00, 0x00, 0x00, 0x00, 0x00, 0x00, 0x00, 
	0x00, 0x00, 0x00, 0x00, 0x00, 0x00, 0x00, 0x00, 
	0x00, 0x00, 0x00, 0x00, 0x00, 0x01, 0x01, 0x01, 
	0x01, 0x01, 0x01, 0x01, 0x01, 0x01, 0x01, 0x00, 
	0x00, 0x00, 0x00, 0x00, 0x00, 0x00, 0x00, 0x00, 
	0x00, 0x00, 0x00, 0x00, 0x00, 0x00, 0x00, 0x00, 
	0x00, 0x00, 0x00, 0x00, 0x00, 0x01, 0x01, 0x01, 
	0x01, 0x01, 0x01, 0x01, 0x01, 0x01, 0x01, 0x00, 
	0x00, 0x00, 0x00, 0x00, 0x00, 0x00, 0x00, 0x00, 
	0x00, 0x00, 0x00, 0x00, 0x00, 0x00, 0x00, 0x00, 
	0x00, 0x00, 0x00, 0x00, 0x01, 0x01, 0x01, 0x01, 
	0x01, 0x01, 0x01, 0x01, 0x01, 0x01, 0x00, 0x00, 
	0x00, 0x00, 0x00, 0x00, 0x01, 0x00, 0x00, 0x00, 
	0x00, 0x00, 0x00, 0x00, 0x00, 0x00, 0x00, 0x00, 
	0x00, 0x00, 0x00, 0x01, 0x01, 0x01, 0x01, 0x01, 
	0x01, 0x01, 0x01, 0x01, 0x01, 0x01, 0x00, 0x00, 
	0x00, 0x00, 0x00, 0x00, 0x00, 0x01, 0x01, 0x00, 
	0x00, 0x00, 0x00, 0x00, 0x00, 0x00, 0x00, 0x00, 
	0x00, 0x00, 0x00, 0x01, 0x01, 0x01, 0x01, 0x01, 
	0x01, 0x01, 0x01, 0x01, 0x01, 0x00, 0x00, 0x00, 
	0x00, 0x00, 0x00, 0x00, 0x00, 0x01, 0x01, 0x00, 
	0x00, 0x00, 0x00, 0x00, 0x00, 0x00, 0x00, 0x00, 
	0x00, 0x00, 0x01, 0x01, 0x01, 0x01, 0x01, 0x01, 
	0x01, 0x01, 0x01, 0x01, 0x01, 0x00, 0x00, 0x00, 
	0x00, 0x00, 0x00, 0x00, 0x00, 0x01, 0x01, 0x01, 
	0x01, 0x00, 0x00, 0x00, 0x00, 0x00, 0x00, 0x00, 
	0x01, 0x01, 0x01, 0x01, 0x01, 0x01, 0x01, 0x01, 
	0x01, 0x01, 0x01, 0x01, 0x01, 0x00, 0x00, 0x00, 
	0x00, 0x00, 0x00, 0x00, 0x00, 0x00, 0x01, 0x01, 
	0x01, 0x01, 0x01, 0x01, 0x01, 0x01, 0x01, 0x01, 
	0x01, 0x01, 0x01, 0x01, 0x01, 0x01, 0x01, 0x01, 
	0x01, 0x01, 0x01, 0x01, 0x00, 0x00, 0x00, 0x00, 
	0x00, 0x00, 0x00, 0x00, 0x00, 0x00, 0x00, 0x01, 
	0x01, 0x01, 0x01, 0x01, 0x01, 0x01, 0x01, 0x01, 
	0x01, 0x01, 0x01, 0x01, 0x01, 0x01, 0x01, 0x01, 
	0x01, 0x01, 0x01, 0x01, 0x00, 0x00, 0x00, 0x00, 
	0x00, 0x00, 0x00, 0x00, 0x00, 0x00, 0x00, 0x00, 
	0x01, 0x01, 0x01, 0x01, 0x01, 0x01, 0x01, 0x01, 
	0x01, 0x01, 0x01, 0x01, 0x01, 0x01, 0x01, 0x01, 
	0x01, 0x01, 0x01, 0x00, 0x00, 0x00, 0x00, 0x00, 
	0x00, 0x00, 0x00, 0x00, 0x00, 0x00, 0x00, 0x00, 
	0x00, 0x00, 0x01, 0x01, 0x01, 0x01, 0x01, 0x01, 
	0x01, 0x01, 0x01, 0x01, 0x01, 0x01, 0x01, 0x01, 
	0x01, 0x00, 0x00, 0x00, 0x00, 0x00, 0x00, 0x00, 
	0x00, 0x00, 0x00, 0x00, 0x00, 0x00, 0x00, 0x00, 
	0x00, 0x00, 0x00, 0x01, 0x01, 0x01, 0x01, 0x01, 
	0x01, 0x01, 0x01, 0x01, 0x01, 0x01, 0x01, 0x01, 
	0x00, 0x00, 0x00, 0x00, 0x00, 0x00, 0x00, 0x00, 
	0x00, 0x00, 0x00, 0x00, 0x00, 0x00, 0x00, 0x00, 
	0x00, 0x00, 0x00, 0x00, 0x00, 0x01, 0x01, 0x01, 
	0x01, 0x01, 0x01, 0x01, 0x01, 0x01, 0x00, 0x00, 
	0x00, 0x00, 0x00, 0x00, 0x00, 0x00, 0x00, 0x00, 
	
};

Gfx ttm_dl_moon_pal_rgba16_aligner[] = {gsSPEndDisplayList()};
u8 ttm_dl_moon_pal_rgba16[] = {
	0x00, 0x00, 0xff, 0xc1, 
};

Gfx ttm_dl_starlob_ci4_aligner[] = {gsSPEndDisplayList()};
u8 ttm_dl_starlob_ci4[] = {
	0x00, 0x00, 0x00, 0x00, 0x00, 0x00, 0x00, 0x00, 
	0x00, 0x00, 0x00, 0x00, 0x00, 0x00, 0x00, 0x00, 
	0x00, 0x00, 0x00, 0x00, 0x00, 0x00, 0x00, 0x01, 
	0x10, 0x00, 0x00, 0x00, 0x00, 0x00, 0x00, 0x00, 
	0x00, 0x00, 0x00, 0x00, 0x00, 0x00, 0x00, 0x01, 
	0x10, 0x00, 0x00, 0x00, 0x00, 0x00, 0x00, 0x00, 
	0x00, 0x00, 0x00, 0x00, 0x00, 0x00, 0x00, 0x11, 
	0x11, 0x00, 0x00, 0x00, 0x00, 0x00, 0x00, 0x00, 
	0x00, 0x00, 0x00, 0x00, 0x00, 0x00, 0x00, 0x11, 
	0x11, 0x00, 0x00, 0x00, 0x00, 0x00, 0x00, 0x00, 
	0x00, 0x00, 0x00, 0x00, 0x00, 0x00, 0x00, 0x11, 
	0x11, 0x00, 0x00, 0x00, 0x00, 0x00, 0x00, 0x00, 
	0x00, 0x00, 0x00, 0x00, 0x00, 0x00, 0x00, 0x11, 
	0x11, 0x00, 0x00, 0x00, 0x00, 0x00, 0x00, 0x00, 
	0x00, 0x00, 0x00, 0x00, 0x00, 0x00, 0x01, 0x11, 
	0x11, 0x10, 0x00, 0x00, 0x00, 0x00, 0x00, 0x00, 
	0x00, 0x00, 0x00, 0x00, 0x00, 0x00, 0x01, 0x11, 
	0x11, 0x10, 0x00, 0x00, 0x00, 0x00, 0x00, 0x00, 
	0x00, 0x00, 0x00, 0x00, 0x00, 0x00, 0x01, 0x11, 
	0x11, 0x10, 0x00, 0x00, 0x00, 0x00, 0x00, 0x00, 
	0x00, 0x00, 0x00, 0x00, 0x00, 0x00, 0x11, 0x11, 
	0x11, 0x11, 0x00, 0x00, 0x00, 0x00, 0x00, 0x00, 
	0x01, 0x11, 0x11, 0x11, 0x11, 0x11, 0x11, 0x11, 
	0x11, 0x11, 0x11, 0x11, 0x11, 0x11, 0x11, 0x10, 
	0x00, 0x01, 0x11, 0x11, 0x11, 0x11, 0x11, 0x11, 
	0x11, 0x11, 0x11, 0x11, 0x11, 0x11, 0x10, 0x00, 
	0x00, 0x00, 0x11, 0x11, 0x11, 0x11, 0x11, 0x11, 
	0x11, 0x11, 0x11, 0x11, 0x11, 0x11, 0x00, 0x00, 
	0x00, 0x00, 0x01, 0x11, 0x11, 0x11, 0x11, 0x11, 
	0x11, 0x11, 0x11, 0x11, 0x11, 0x10, 0x00, 0x00, 
	0x00, 0x00, 0x00, 0x11, 0x11, 0x11, 0x11, 0x11, 
	0x11, 0x11, 0x11, 0x11, 0x11, 0x00, 0x00, 0x00, 
	0x00, 0x00, 0x00, 0x01, 0x11, 0x11, 0x11, 0x11, 
	0x11, 0x11, 0x11, 0x11, 0x10, 0x00, 0x00, 0x00, 
	0x00, 0x00, 0x00, 0x00, 0x11, 0x11, 0x11, 0x11, 
	0x11, 0x11, 0x11, 0x11, 0x00, 0x00, 0x00, 0x00, 
	0x00, 0x00, 0x00, 0x00, 0x01, 0x11, 0x11, 0x11, 
	0x11, 0x11, 0x11, 0x10, 0x00, 0x00, 0x00, 0x00, 
	0x00, 0x00, 0x00, 0x00, 0x01, 0x11, 0x11, 0x11, 
	0x11, 0x11, 0x11, 0x10, 0x00, 0x00, 0x00, 0x00, 
	0x00, 0x00, 0x00, 0x00, 0x01, 0x11, 0x11, 0x11, 
	0x11, 0x11, 0x11, 0x10, 0x00, 0x00, 0x00, 0x00, 
	0x00, 0x00, 0x00, 0x00, 0x11, 0x11, 0x11, 0x11, 
	0x11, 0x11, 0x11, 0x11, 0x00, 0x00, 0x00, 0x00, 
	0x00, 0x00, 0x00, 0x00, 0x11, 0x11, 0x11, 0x11, 
	0x11, 0x11, 0x11, 0x11, 0x00, 0x00, 0x00, 0x00, 
	0x00, 0x00, 0x00, 0x01, 0x11, 0x11, 0x11, 0x10, 
	0x01, 0x11, 0x11, 0x11, 0x10, 0x00, 0x00, 0x00, 
	0x00, 0x00, 0x00, 0x01, 0x11, 0x11, 0x11, 0x00, 
	0x00, 0x11, 0x11, 0x11, 0x10, 0x00, 0x00, 0x00, 
	0x00, 0x00, 0x00, 0x11, 0x11, 0x11, 0x10, 0x00, 
	0x00, 0x01, 0x11, 0x11, 0x11, 0x00, 0x00, 0x00, 
	0x00, 0x00, 0x00, 0x11, 0x11, 0x11, 0x00, 0x00, 
	0x00, 0x00, 0x11, 0x11, 0x11, 0x00, 0x00, 0x00, 
	0x00, 0x00, 0x01, 0x11, 0x11, 0x10, 0x00, 0x00, 
	0x00, 0x00, 0x01, 0x11, 0x11, 0x10, 0x00, 0x00, 
	0x00, 0x00, 0x01, 0x11, 0x10, 0x00, 0x00, 0x00, 
	0x00, 0x00, 0x00, 0x01, 0x11, 0x10, 0x00, 0x00, 
	0x00, 0x00, 0x11, 0x11, 0x00, 0x00, 0x00, 0x00, 
	0x00, 0x00, 0x00, 0x00, 0x11, 0x11, 0x00, 0x00, 
	0x00, 0x01, 0x11, 0x00, 0x00, 0x00, 0x00, 0x00, 
	0x00, 0x00, 0x00, 0x00, 0x00, 0x11, 0x10, 0x00, 
	0x00, 0x00, 0x00, 0x00, 0x00, 0x00, 0x00, 0x00, 
	0x00, 0x00, 0x00, 0x00, 0x00, 0x00, 0x00, 0x00, 
	
};

Gfx ttm_dl_starlob_pal_rgba16_aligner[] = {gsSPEndDisplayList()};
u8 ttm_dl_starlob_pal_rgba16[] = {
	0x00, 0x00, 0xff, 0xc1, 
};

Gfx ttm_dl_goodstartransition_ci8_aligner[] = {gsSPEndDisplayList()};
u8 ttm_dl_goodstartransition_ci8[] = {
	0x00, 0x00, 0x00, 0x00, 0x00, 0x00, 0x00, 0x00, 
	0x00, 0x00, 0x00, 0x00, 0x00, 0x00, 0x00, 0x00, 
	0x00, 0x00, 0x00, 0x00, 0x00, 0x00, 0x00, 0x00, 
	0x00, 0x00, 0x00, 0x00, 0x00, 0x00, 0x00, 0x00, 
	0x00, 0x00, 0x00, 0x00, 0x00, 0x00, 0x00, 0x00, 
	0x00, 0x00, 0x00, 0x00, 0x00, 0x00, 0x00, 0x00, 
	0x00, 0x00, 0x00, 0x00, 0x00, 0x00, 0x00, 0x00, 
	0x00, 0x00, 0x00, 0x00, 0x00, 0x00, 0x00, 0x00, 
	0x01, 0x01, 0x01, 0x01, 0x01, 0x01, 0x01, 0x00, 
	0x01, 0x01, 0x01, 0x01, 0x01, 0x01, 0x01, 0x01, 
	0x01, 0x01, 0x01, 0x01, 0x01, 0x01, 0x01, 0x01, 
	0x01, 0x01, 0x01, 0x01, 0x01, 0x01, 0x01, 0x01, 
	0x01, 0x01, 0x01, 0x01, 0x01, 0x01, 0x01, 0x01, 
	0x01, 0x01, 0x01, 0x01, 0x01, 0x01, 0x01, 0x01, 
	0x01, 0x01, 0x01, 0x01, 0x01, 0x01, 0x01, 0x01, 
	0x01, 0x01, 0x01, 0x01, 0x01, 0x01, 0x01, 0x01, 
	0x02, 0x02, 0x02, 0x02, 0x02, 0x02, 0x02, 0x02, 
	0x02, 0x02, 0x02, 0x01, 0x02, 0x02, 0x02, 0x01, 
	0x01, 0x02, 0x02, 0x02, 0x02, 0x02, 0x02, 0x02, 
	0x02, 0x02, 0x03, 0x04, 0x05, 0x01, 0x02, 0x02, 
	0x02, 0x02, 0x02, 0x02, 0x02, 0x02, 0x02, 0x02, 
	0x02, 0x02, 0x02, 0x02, 0x02, 0x02, 0x02, 0x06, 
	0x03, 0x02, 0x02, 0x02, 0x02, 0x02, 0x02, 0x02, 
	0x02, 0x03, 0x07, 0x08, 0x09, 0x03, 0x02, 0x02, 
	0x0a, 0x02, 0x0a, 0x0a, 0x0a, 0x0a, 0x0a, 0x0a, 
	0x0a, 0x02, 0x0a, 0x02, 0x0a, 0x0a, 0x0b, 0x0c, 
	0x0d, 0x0a, 0x0a, 0x0a, 0x0a, 0x0a, 0x0a, 0x0a, 
	0x0a, 0x0d, 0x0e, 0x0f, 0x10, 0x11, 0x0a, 0x0a, 
	0x12, 0x12, 0x12, 0x12, 0x12, 0x12, 0x12, 0x12, 
	0x12, 0x12, 0x0a, 0x12, 0x12, 0x12, 0x12, 0x0b, 
	0x12, 0x12, 0x0a, 0x12, 0x12, 0x0a, 0x0a, 0x0a, 
	0x0a, 0x13, 0x14, 0x15, 0x16, 0x17, 0x0a, 0x12, 
	0x12, 0x12, 0x12, 0x12, 0x12, 0x18, 0x12, 0x12, 
	0x12, 0x12, 0x12, 0x12, 0x12, 0x12, 0x12, 0x12, 
	0x12, 0x12, 0x12, 0x12, 0x12, 0x12, 0x12, 0x12, 
	0x12, 0x12, 0x19, 0x18, 0x19, 0x12, 0x12, 0x12, 
	0x12, 0x1a, 0x1a, 0x1a, 0x1b, 0x1c, 0x1d, 0x12, 
	0x12, 0x1a, 0x1a, 0x12, 0x12, 0x1a, 0x1a, 0x1a, 
	0x1a, 0x12, 0x1a, 0x1a, 0x1a, 0x1e, 0x1f, 0x20, 
	0x12, 0x1a, 0x1a, 0x1a, 0x12, 0x12, 0x12, 0x12, 
	0x1a, 0x1a, 0x1a, 0x1a, 0x1a, 0x1b, 0x1e, 0x1a, 
	0x1a, 0x1a, 0x1a, 0x1a, 0x1a, 0x1a, 0x1a, 0x1a, 
	0x1a, 0x1a, 0x1a, 0x1a, 0x1e, 0x21, 0x22, 0x23, 
	0x1e, 0x1a, 0x24, 0x24, 0x1a, 0x1a, 0x1a, 0x1a, 
	0x24, 0x1a, 0x24, 0x24, 0x24, 0x24, 0x24, 0x24, 
	0x1a, 0x1a, 0x24, 0x24, 0x24, 0x24, 0x24, 0x1e, 
	0x24, 0x24, 0x24, 0x24, 0x25, 0x22, 0x0f, 0x26, 
	0x27, 0x1e, 0x24, 0x24, 0x24, 0x24, 0x24, 0x24, 
	0x28, 0x24, 0x24, 0x24, 0x24, 0x24, 0x24, 0x24, 
	0x24, 0x24, 0x24, 0x24, 0x24, 0x24, 0x24, 0x24, 
	0x24, 0x24, 0x24, 0x24, 0x29, 0x2a, 0x2b, 0x2c, 
	0x2d, 0x24, 0x24, 0x24, 0x24, 0x24, 0x28, 0x28, 
	0x24, 0x28, 0x28, 0x28, 0x24, 0x28, 0x28, 0x28, 
	0x2e, 0x2f, 0x2e, 0x28, 0x28, 0x24, 0x28, 0x28, 
	0x24, 0x28, 0x28, 0x28, 0x28, 0x30, 0x31, 0x29, 
	0x28, 0x28, 0x28, 0x28, 0x28, 0x28, 0x24, 0x24, 
	0x28, 0x28, 0x28, 0x28, 0x28, 0x28, 0x28, 0x30, 
	0x2c, 0x32, 0x2c, 0x33, 0x30, 0x30, 0x28, 0x28, 
	0x28, 0x28, 0x28, 0x28, 0x28, 0x28, 0x28, 0x30, 
	0x28, 0x28, 0x34, 0x34, 0x34, 0x28, 0x28, 0x28, 
	0x35, 0x36, 0x37, 0x38, 0x36, 0x34, 0x34, 0x2f, 
	0x32, 0x39, 0x32, 0x31, 0x28, 0x35, 0x36, 0x3a, 
	0x30, 0x35, 0x34, 0x34, 0x35, 0x36, 0x34, 0x34, 
	0x34, 0x28, 0x35, 0x35, 0x35, 0x34, 0x28, 0x28, 
	0x3b, 0x3c, 0x3d, 0x3e, 0x35, 0x35, 0x35, 0x3b, 
	0x3f, 0x40, 0x41, 0x36, 0x34, 0x35, 0x42, 0x43, 
	0x44, 0x35, 0x35, 0x35, 0x35, 0x35, 0x35, 0x35, 
	0x35, 0x35, 0x36, 0x3a, 0x36, 0x35, 0x35, 0x35, 
	0x35, 0x3b, 0x45, 0x36, 0x36, 0x35, 0x35, 0x35, 
	0x38, 0x46, 0x47, 0x35, 0x35, 0x36, 0x3b, 0x48, 
	0x36, 0x35, 0x35, 0x35, 0x35, 0x35, 0x35, 0x35, 
	0x35, 0x36, 0x49, 0x4a, 0x2a, 0x36, 0x35, 0x35, 
	0x36, 0x35, 0x35, 0x35, 0x35, 0x35, 0x35, 0x35, 
	0x35, 0x36, 0x35, 0x35, 0x35, 0x34, 0x28, 0x34, 
	0x34, 0x34, 0x35, 0x35, 0x35, 0x35, 0x35, 0x35, 
	0x3b, 0x35, 0x3b, 0x4b, 0x36, 0x35, 0x35, 0x34, 
	0x35, 0x4c, 0x3b, 0x3b, 0x4c, 0x4d, 0x35, 0x35, 
	0x35, 0x34, 0x35, 0x4c, 0x4c, 0x35, 0x34, 0x34, 
	0x4e, 0x35, 0x3b, 0x3b, 0x35, 0x34, 0x34, 0x35, 
	0x35, 0x35, 0x35, 0x34, 0x34, 0x34, 0x35, 0x35, 
	0x35, 0x3b, 0x35, 0x4d, 0x3b, 0x3b, 0x3b, 0x4d, 
	0x4c, 0x4d, 0x3b, 0x4d, 0x4c, 0x4c, 0x4c, 0x4c, 
	0x35, 0x3b, 0x4c, 0x4c, 0x4c, 0x4c, 0x4d, 0x4c, 
	0x4c, 0x4c, 0x4d, 0x4c, 0x3b, 0x35, 0x35, 0x4c, 
	0x4d, 0x4d, 0x4c, 0x4f, 0x4f, 0x50, 0x4f, 0x4c, 
	0x4d, 0x4d, 0x4d, 0x4d, 0x4d, 0x4c, 0x4c, 0x4c, 
	0x4d, 0x4f, 0x4c, 0x4d, 0x4d, 0x4d, 0x50, 0x4f, 
	0x50, 0x4d, 0x4f, 0x4f, 0x4d, 0x4d, 0x4d, 0x4d, 
	0x50, 0x50, 0x50, 0x50, 0x50, 0x50, 0x50, 0x50, 
	0x4d, 0x50, 0x50, 0x50, 0x50, 0x50, 0x4f, 0x4d, 
	0x4d, 0x50, 0x4f, 0x50, 0x50, 0x4f, 0x4f, 0x50, 
	0x50, 0x50, 0x50, 0x50, 0x4d, 0x4d, 0x4d, 0x51, 
	0x52, 0x52, 0x52, 0x52, 0x52, 0x52, 0x52, 0x52, 
	0x52, 0x52, 0x52, 0x52, 0x52, 0x52, 0x52, 0x52, 
	0x52, 0x50, 0x52, 0x52, 0x52, 0x52, 0x52, 0x52, 
	0x52, 0x52, 0x52, 0x52, 0x52, 0x52, 0x52, 0x52, 
	0x53, 0x53, 0x53, 0x53, 0x53, 0x53, 0x52, 0x53, 
	0x53, 0x53, 0x53, 0x53, 0x52, 0x53, 0x52, 0x52, 
	0x53, 0x53, 0x53, 0x53, 0x53, 0x53, 0x53, 0x53, 
	0x53, 0x53, 0x53, 0x53, 0x53, 0x53, 0x53, 0x53, 
	0x54, 0x54, 0x54, 0x53, 0x55, 0x54, 0x53, 0x53, 
	0x54, 0x53, 0x53, 0x53, 0x53, 0x53, 0x53, 0x53, 
	0x53, 0x53, 0x53, 0x53, 0x54, 0x53, 0x54, 0x53, 
	0x54, 0x55, 0x55, 0x54, 0x55, 0x53, 0x53, 0x53, 
	0x55, 0x55, 0x55, 0x55, 0x55, 0x55, 0x55, 0x55, 
	0x55, 0x55, 0x55, 0x55, 0x55, 0x55, 0x55, 0x56, 
	0x55, 0x55, 0x55, 0x55, 0x55, 0x55, 0x55, 0x55, 
	0x55, 0x55, 0x55, 0x55, 0x55, 0x55, 0x55, 0x55, 
	0x55, 0x55, 0x57, 0x57, 0x57, 0x55, 0x55, 0x55, 
	0x55, 0x55, 0x55, 0x55, 0x55, 0x55, 0x55, 0x55, 
	0x55, 0x55, 0x55, 0x55, 0x55, 0x55, 0x55, 0x55, 
	0x55, 0x55, 0x55, 0x55, 0x55, 0x55, 0x55, 0x55, 
	0x57, 0x57, 0x57, 0x57, 0x57, 0x57, 0x57, 0x57, 
	0x57, 0x57, 0x57, 0x57, 0x57, 0x57, 0x55, 0x55, 
	0x55, 0x57, 0x57, 0x57, 0x55, 0x55, 0x57, 0x57, 
	0x57, 0x55, 0x57, 0x57, 0x57, 0x57, 0x57, 0x57, 
	0x57, 0x57, 0x57, 0x58, 0x58, 0x58, 0x57, 0x57, 
	0x57, 0x57, 0x57, 0x57, 0x57, 0x57, 0x57, 0x57, 
	0x57, 0x57, 0x58, 0x58, 0x57, 0x57, 0x57, 0x58, 
	0x58, 0x57, 0x57, 0x57, 0x57, 0x57, 0x57, 0x57, 
	0x59, 0x59, 0x59, 0x59, 0x59, 0x59, 0x59, 0x58, 
	0x58, 0x59, 0x58, 0x58, 0x58, 0x57, 0x58, 0x58, 
	0x58, 0x58, 0x58, 0x58, 0x58, 0x58, 0x58, 0x58, 
	0x58, 0x59, 0x58, 0x58, 0x57, 0x58, 0x58, 0x58, 
	0x5a, 0x59, 0x59, 0x59, 0x59, 0x59, 0x59, 0x59, 
	0x58, 0x59, 0x59, 0x59, 0x59, 0x59, 0x58, 0x58, 
	0x58, 0x58, 0x58, 0x58, 0x58, 0x58, 0x58, 0x59, 
	0x59, 0x59, 0x59, 0x58, 0x58, 0x58, 0x58, 0x59, 
	
};

Gfx ttm_dl_goodstartransition_pal_rgba16_aligner[] = {gsSPEndDisplayList()};
u8 ttm_dl_goodstartransition_pal_rgba16[] = {
	0x00, 0x01, 0x00, 0x0b, 0x00, 0x11, 0x01, 0x51, 
	0x2a, 0x8b, 0x01, 0x4b, 0x32, 0x0d, 0x3b, 0x0b, 
	0xbe, 0x0d, 0x4b, 0x49, 0x00, 0x15, 0x19, 0x93, 
	0xbe, 0x4d, 0x32, 0x11, 0xb5, 0xcd, 0xff, 0xd1, 
	0xc6, 0x4d, 0x3a, 0x8f, 0x00, 0x19, 0x01, 0x15, 
	0x3b, 0x0f, 0xb6, 0x0d, 0x4b, 0x4f, 0x18, 0xd3, 
	0x2a, 0x95, 0x01, 0x19, 0x00, 0x1b, 0x1a, 0xd7, 
	0xb6, 0x8f, 0x6c, 0x51, 0x00, 0xdb, 0x2a, 0x15, 
	0x18, 0xd7, 0x43, 0x91, 0xb6, 0x13, 0x53, 0xd1, 
	0x00, 0x1f, 0x29, 0xd9, 0xbe, 0x53, 0x2a, 0x99, 
	0x00, 0x21, 0x10, 0x9d, 0x43, 0x99, 0xb6, 0x55, 
	0x53, 0xd9, 0x01, 0x9f, 0x10, 0x9f, 0x21, 0xdb, 
	0x00, 0xe1, 0x22, 0x5b, 0xb6, 0x97, 0x11, 0x5f, 
	0x00, 0x25, 0x00, 0x27, 0x00, 0xa5, 0x5c, 0x13, 
	0x08, 0x63, 0xff, 0xcf, 0x53, 0x55, 0x00, 0xa7, 
	0x23, 0x1b, 0xdf, 0x51, 0x3b, 0x5b, 0x53, 0xdb, 
	0xae, 0x9b, 0x53, 0xdf, 0x43, 0x97, 0x95, 0xd7, 
	0x64, 0x57, 0x63, 0xd5, 0x22, 0x5f, 0x08, 0x65, 
	0x4b, 0x17, 0x3a, 0xdb, 0xbe, 0x55, 0x63, 0x55, 
	0x00, 0x29, 0x00, 0xa9, 0x10, 0x27, 0x00, 0x2b, 
	0x00, 0x6b, 0x01, 0x69, 0x00, 0x6d, 0x00, 0x71, 
	0x00, 0x73, 0x01, 0x33, 0x01, 0x31, 0x00, 0xf7, 
	0x01, 0xb7, 0x01, 0xb9, 0x01, 0x79, 
};

Vtx ttm_dl_Plane_mesh_layer_1_vtx_cull[8] = {
	{{ {-1939, 0, 827}, 0, {0, 0}, {0, 0, 0, 0} }},
	{{ {-1939, 1396, 827}, 0, {0, 0}, {0, 0, 0, 0} }},
	{{ {-1939, 1396, -1027}, 0, {0, 0}, {0, 0, 0, 0} }},
	{{ {-1939, 0, -1027}, 0, {0, 0}, {0, 0, 0, 0} }},
	{{ {2054, 0, 827}, 0, {0, 0}, {0, 0, 0, 0} }},
	{{ {2054, 1396, 827}, 0, {0, 0}, {0, 0, 0, 0} }},
	{{ {2054, 1396, -1027}, 0, {0, 0}, {0, 0, 0, 0} }},
	{{ {2054, 0, -1027}, 0, {0, 0}, {0, 0, 0, 0} }},
};

Vtx ttm_dl_Plane_mesh_layer_1_vtx_0[199] = {
	{{ {1350, 0, -29}, 0, {6376, 831}, {0, 127, 0, 255} }},
	{{ {1662, 0, -338}, 0, {7797, -620}, {0, 127, 0, 255} }},
	{{ {1667, 0, -636}, 0, {7822, -2015}, {0, 127, 0, 255} }},
	{{ {624, 0, -848}, 0, {3073, -3008}, {0, 127, 0, 255} }},
	{{ {865, 0, -1009}, 0, {4170, -3761}, {0, 127, 0, 255} }},
	{{ {1373, 0, -1009}, 0, {6483, -3761}, {0, 127, 0, 255} }},
	{{ {274, 0, -336}, 0, {1480, -608}, {0, 127, 0, 255} }},
	{{ {273, 0, -598}, 0, {1480, -1838}, {0, 127, 0, 255} }},
	{{ {321, 0, -848}, 0, {1696, -3008}, {0, 127, 0, 255} }},
	{{ {1367, 0, -5}, 0, {6457, 943}, {0, 127, 0, 255} }},
	{{ {131, 0, -139}, 0, {830, 313}, {0, 127, 0, 255} }},
	{{ {-152, 0, -139}, 0, {-455, 313}, {0, 127, 0, 255} }},
	{{ {310, 0, 667}, 0, {1644, 4093}, {0, 127, 0, 255} }},
	{{ {-304, 0, -334}, 0, {-1147, -601}, {0, 127, 0, 255} }},
	{{ {-648, 0, 675}, 0, {-2714, 4130}, {0, 127, 0, 255} }},
	{{ {-688, 0, -837}, 0, {-2897, -2957}, {0, 127, 0, 255} }},
	{{ {-415, 0, -837}, 0, {-1653, -2957}, {0, 127, 0, 255} }},
	{{ {-304, 0, -598}, 0, {-1147, -1838}, {0, 127, 0, 255} }},
	{{ {-1340, 0, -1027}, 0, {-5861, -3850}, {0, 127, 0, 255} }},
	{{ {-954, 0, -1027}, 0, {-4106, -3850}, {0, 127, 0, 255} }},
	{{ {-1310, 0, -96}, 0, {-5746, 538}, {0, 127, 0, 255} }},
	{{ {-1463, 0, -643}, 0, {-6423, -2046}, {0, 127, 0, 255} }},
	{{ {-1482, 0, -235}, 0, {-6532, -108}, {0, 127, 0, 255} }},
	{{ {-1029, 0, 827}, 0, {-4445, 4842}, {0, 127, 0, 255} }},
	{{ {-1330, 0, -71}, 0, {-5814, 633}, {0, 127, 0, 255} }},
	{{ {-1589, 0, 313}, 0, {-6995, 2431}, {0, 127, 0, 255} }},
	{{ {-763, 0, 827}, 0, {-3237, 4842}, {0, 127, 0, 255} }},
	{{ {1103, 0, 827}, 0, {5255, 4842}, {0, 127, 0, 255} }},
	{{ {1670, 0, 345}, 0, {7835, 2584}, {0, 127, 0, 255} }},
	{{ {737, 0, 827}, 0, {3588, 4842}, {0, 127, 0, 255} }},
	{{ {562, 0, 667}, 0, {2791, 4093}, {0, 127, 0, 255} }},
	{{ {678, 0, 827}, 0, {3318, 4842}, {0, 127, 0, 255} }},
	{{ {-263, 0, 827}, 0, {-961, 4842}, {0, 127, 0, 255} }},
	{{ {174, 0, 827}, 0, {1026, 4842}, {0, 127, 0, 255} }},
	{{ {310, 0, 667}, 0, {1644, 4093}, {0, 127, 0, 255} }},
	{{ {-386, 0, 675}, 0, {-1522, 4130}, {0, 127, 0, 255} }},
	{{ {-648, 0, 675}, 0, {-2714, 4130}, {0, 127, 0, 255} }},
	{{ {-1508, 170, -228}, 0, {-6625, -103}, {0, 127, 0, 255} }},
	{{ {-1508, 170, -665}, 0, {-6625, -2150}, {0, 127, 0, 255} }},
	{{ {-1749, 170, -887}, 0, {-7723, -3193}, {0, 127, 0, 255} }},
	{{ {-1939, 170, -680}, 0, {-8587, -2219}, {0, 127, 0, 255} }},
	{{ {-1939, 170, -8}, 0, {-8587, 926}, {0, 127, 0, 255} }},
	{{ {-1897, 170, 30}, 0, {-8398, 1106}, {0, 127, 0, 255} }},
	{{ {-1488, 170, -209}, 0, {-6534, -16}, {0, 127, 0, 255} }},
	{{ {-1488, 170, -209}, 0, {-6534, 183}, {64, 0, 110, 255} }},
	{{ {-1897, 170, 30}, 0, {-8398, 183}, {64, 0, 110, 255} }},
	{{ {-1897, 141, 30}, 0, {-8398, 287}, {64, 0, 110, 255} }},
	{{ {-1488, 141, -209}, 0, {-6534, 287}, {64, 0, 110, 255} }},
	{{ {-1488, 141, -209}, 0, {-6534, -16}, {0, 127, 0, 255} }},
	{{ {-1897, 141, 30}, 0, {-8398, 1106}, {0, 127, 0, 255} }},
	{{ {-1856, 141, 68}, 0, {-8208, 1286}, {0, 127, 0, 255} }},
	{{ {-1468, 141, -191}, 0, {-6444, 71}, {0, 127, 0, 255} }},
	{{ {-1468, 141, -201}, 0, {-6444, 25}, {0, 127, 0, 255} }},
	{{ {-1488, 141, -219}, 0, {-6534, -61}, {0, 127, 0, 255} }},
	{{ {-1468, 141, -191}, 0, {-6444, 287}, {71, 0, 106, 255} }},
	{{ {-1856, 141, 68}, 0, {-8208, 287}, {71, 0, 106, 255} }},
	{{ {-1856, 113, 68}, 0, {-8208, 392}, {71, 0, 106, 255} }},
	{{ {-1468, 113, -191}, 0, {-6444, 392}, {71, 0, 106, 255} }},
	{{ {-1468, 113, -191}, 0, {-6444, 71}, {0, 127, 0, 255} }},
	{{ {-1856, 113, 68}, 0, {-8208, 1286}, {0, 127, 0, 255} }},
	{{ {-1814, 113, 107}, 0, {-8019, 1467}, {0, 127, 0, 255} }},
	{{ {-1448, 113, -172}, 0, {-6353, 157}, {0, 127, 0, 255} }},
	{{ {-1448, 113, -182}, 0, {-6353, 112}, {0, 127, 0, 255} }},
	{{ {-1468, 113, -201}, 0, {-6444, 25}, {0, 127, 0, 255} }},
	{{ {-1448, 113, -172}, 0, {934, 392}, {77, 0, 101, 255} }},
	{{ {-1814, 113, 107}, 0, {-760, 392}, {77, 0, 101, 255} }},
	{{ {-1814, 85, 107}, 0, {-760, 496}, {77, 0, 101, 255} }},
	{{ {-1448, 85, -172}, 0, {934, 496}, {77, 0, 101, 255} }},
	{{ {-1448, 85, -172}, 0, {-6353, 157}, {0, 127, 0, 255} }},
	{{ {-1814, 85, 107}, 0, {-8019, 1467}, {0, 127, 0, 255} }},
	{{ {-1772, 85, 145}, 0, {-7829, 1647}, {0, 127, 0, 255} }},
	{{ {-1428, 85, -154}, 0, {-6263, 244}, {0, 127, 0, 255} }},
	{{ {-1428, 85, -164}, 0, {-6263, 199}, {0, 127, 0, 255} }},
	{{ {-1448, 85, -182}, 0, {-6353, 112}, {0, 127, 0, 255} }},
	{{ {-1428, 85, -154}, 0, {822, 496}, {83, 0, 96, 255} }},
	{{ {-1772, 85, 145}, 0, {-993, 496}, {83, 0, 96, 255} }},
	{{ {-1772, 57, 145}, 0, {-993, 600}, {83, 0, 96, 255} }},
	{{ {-1428, 57, -154}, 0, {822, 600}, {83, 0, 96, 255} }},
	{{ {-1428, 57, -154}, 0, {-6263, 244}, {0, 127, 0, 255} }},
	{{ {-1772, 57, 145}, 0, {-7829, 1647}, {0, 127, 0, 255} }},
	{{ {-1731, 57, 184}, 0, {-7640, 1827}, {0, 127, 0, 255} }},
	{{ {-1408, 57, -135}, 0, {-6172, 331}, {0, 127, 0, 255} }},
	{{ {-1408, 57, -145}, 0, {-6172, 285}, {0, 127, 0, 255} }},
	{{ {-1428, 57, -164}, 0, {-6263, 199}, {0, 127, 0, 255} }},
	{{ {-1408, 57, -135}, 0, {710, 600}, {89, 0, 90, 255} }},
	{{ {-1731, 57, 184}, 0, {-1226, 600}, {89, 0, 90, 255} }},
	{{ {-1731, 28, 184}, 0, {-1226, 705}, {89, 0, 90, 255} }},
	{{ {-1408, 28, -135}, 0, {710, 705}, {89, 0, 90, 255} }},
	{{ {-1408, 28, -135}, 0, {-6172, 331}, {0, 127, 0, 255} }},
	{{ {-1731, 28, 184}, 0, {-7640, 1827}, {0, 127, 0, 255} }},
	{{ {-1689, 28, 222}, 0, {-7450, 2007}, {0, 127, 0, 255} }},
	{{ {-1388, 28, -117}, 0, {-6082, 417}, {0, 127, 0, 255} }},
	{{ {-1388, 28, -127}, 0, {-6082, 372}, {0, 127, 0, 255} }},
	{{ {-1408, 28, -145}, 0, {-6172, 285}, {0, 127, 0, 255} }},
	{{ {-1388, 28, -117}, 0, {598, 705}, {95, 0, 84, 255} }},
	{{ {-1689, 28, 222}, 0, {-1459, 705}, {95, 0, 84, 255} }},
	{{ {-1689, 0, 222}, 0, {-1459, 809}, {95, 0, 84, 255} }},
	{{ {-1388, 0, -117}, 0, {598, 809}, {95, 0, 84, 255} }},
	{{ {-1388, 0, -117}, 0, {-6082, 417}, {0, 127, 0, 255} }},
	{{ {-1689, 0, 222}, 0, {-7450, 2007}, {0, 127, 0, 255} }},
	{{ {-1647, 0, 261}, 0, {-7260, 2187}, {0, 127, 0, 255} }},
	{{ {-1368, 0, -98}, 0, {-5991, 504}, {0, 127, 0, 255} }},
	{{ {-1368, 0, -108}, 0, {-5991, 459}, {0, 127, 0, 255} }},
	{{ {-1388, 0, -127}, 0, {-6082, 372}, {0, 127, 0, 255} }},
	{{ {-1368, 0, -98}, 0, {-5991, 504}, {0, 127, 0, 255} }},
	{{ {-1647, 0, 261}, 0, {-7260, 2187}, {0, 127, 0, 255} }},
	{{ {-1589, 0, 313}, 0, {-6995, 2431}, {0, 127, 0, 255} }},
	{{ {-1330, 0, -71}, 0, {-5814, 633}, {0, 127, 0, 255} }},
	{{ {1976, 170, 84}, 0, {9226, 1360}, {0, 127, 0, 255} }},
	{{ {2054, 170, 20}, 0, {9579, 1057}, {0, 127, 0, 255} }},
	{{ {2054, 170, -603}, 0, {9579, -1860}, {0, 127, 0, 255} }},
	{{ {1696, 170, -641}, 0, {7953, -2037}, {0, 127, 0, 255} }},
	{{ {1890, 170, -825}, 0, {8837, -2903}, {0, 127, 0, 255} }},
	{{ {1696, 170, -317}, 0, {7953, -521}, {0, 127, 0, 255} }},
	{{ {1592, 170, -222}, 0, {7478, -77}, {0, 127, 0, 255} }},
	{{ {1560, 170, -193}, 0, {7333, 59}, {0, 127, 0, 255} }},
	{{ {1943, 170, 112}, 0, {9075, 1490}, {0, 127, 0, 255} }},
	{{ {1943, 170, 112}, 0, {-790, 183}, {177, 0, 99, 255} }},
	{{ {1560, 170, -193}, 0, {1062, 183}, {177, 0, 99, 255} }},
	{{ {1560, 141, -193}, 0, {1062, 287}, {177, 0, 99, 255} }},
	{{ {1943, 141, 112}, 0, {-790, 287}, {177, 0, 99, 255} }},
	{{ {1943, 141, 112}, 0, {9075, 1490}, {0, 127, 0, 255} }},
	{{ {1560, 141, -193}, 0, {7333, 59}, {0, 127, 0, 255} }},
	{{ {1528, 141, -165}, 0, {7188, 194}, {0, 127, 0, 255} }},
	{{ {1909, 141, 140}, 0, {8923, 1620}, {0, 127, 0, 255} }},
	{{ {1909, 141, 140}, 0, {-958, 287}, {177, 0, 99, 255} }},
	{{ {1528, 141, -165}, 0, {887, 287}, {177, 0, 99, 255} }},
	{{ {1528, 113, -165}, 0, {887, 392}, {177, 0, 99, 255} }},
	{{ {1909, 113, 140}, 0, {-958, 392}, {177, 0, 99, 255} }},
	{{ {1909, 113, 140}, 0, {8923, 1620}, {0, 127, 0, 255} }},
	{{ {1528, 113, -165}, 0, {7188, 194}, {0, 127, 0, 255} }},
	{{ {1496, 113, -136}, 0, {7044, 329}, {0, 127, 0, 255} }},
	{{ {1876, 113, 167}, 0, {8772, 1750}, {0, 127, 0, 255} }},
	{{ {1876, 113, 167}, 0, {-1126, 392}, {177, 0, 99, 255} }},
	{{ {1496, 113, -136}, 0, {712, 392}, {177, 0, 99, 255} }},
	{{ {1496, 85, -136}, 0, {712, 496}, {177, 0, 99, 255} }},
	{{ {1876, 85, 167}, 0, {-1126, 496}, {177, 0, 99, 255} }},
	{{ {1876, 85, 167}, 0, {8772, 1750}, {0, 127, 0, 255} }},
	{{ {1496, 85, -136}, 0, {7044, 329}, {0, 127, 0, 255} }},
	{{ {1464, 85, -107}, 0, {6899, 465}, {0, 127, 0, 255} }},
	{{ {1843, 85, 195}, 0, {8620, 1880}, {0, 127, 0, 255} }},
	{{ {1843, 85, 195}, 0, {-1294, 496}, {177, 0, 99, 255} }},
	{{ {1464, 85, -107}, 0, {536, 496}, {177, 0, 99, 255} }},
	{{ {1464, 57, -107}, 0, {536, 600}, {177, 0, 99, 255} }},
	{{ {1843, 57, 195}, 0, {-1294, 600}, {177, 0, 99, 255} }},
	{{ {1843, 57, 195}, 0, {8620, 1880}, {0, 127, 0, 255} }},
	{{ {1464, 57, -107}, 0, {6899, 465}, {0, 127, 0, 255} }},
	{{ {1433, 57, -78}, 0, {6754, 600}, {0, 127, 0, 255} }},
	{{ {1810, 57, 223}, 0, {8469, 2010}, {0, 127, 0, 255} }},
	{{ {1810, 57, 223}, 0, {-1462, 600}, {177, 0, 99, 255} }},
	{{ {1433, 57, -78}, 0, {361, 600}, {177, 0, 99, 255} }},
	{{ {1433, 28, -78}, 0, {361, 705}, {177, 0, 99, 255} }},
	{{ {1810, 28, 223}, 0, {-1462, 705}, {177, 0, 99, 255} }},
	{{ {1810, 28, 223}, 0, {8469, 2010}, {0, 127, 0, 255} }},
	{{ {1433, 28, -78}, 0, {6754, 600}, {0, 127, 0, 255} }},
	{{ {1401, 28, -49}, 0, {6609, 735}, {0, 127, 0, 255} }},
	{{ {1776, 28, 250}, 0, {8318, 2139}, {0, 127, 0, 255} }},
	{{ {1776, 28, 250}, 0, {-1631, 705}, {177, 0, 99, 255} }},
	{{ {1401, 28, -49}, 0, {186, 705}, {177, 0, 99, 255} }},
	{{ {1401, 0, -49}, 0, {186, 809}, {177, 0, 99, 255} }},
	{{ {1776, 0, 250}, 0, {-1631, 809}, {177, 0, 99, 255} }},
	{{ {1776, 0, 250}, 0, {8318, 2139}, {0, 127, 0, 255} }},
	{{ {1401, 0, -49}, 0, {6609, 735}, {0, 127, 0, 255} }},
	{{ {1369, 0, -20}, 0, {6465, 871}, {0, 127, 0, 255} }},
	{{ {1743, 0, 278}, 0, {8166, 2269}, {0, 127, 0, 255} }},
	{{ {1367, 0, -5}, 0, {6457, 943}, {0, 127, 0, 255} }},
	{{ {1670, 0, 345}, 0, {7835, 2584}, {0, 127, 0, 255} }},
	{{ {-1388, 28, -117}, 0, {598, 705}, {127, 0, 0, 255} }},
	{{ {-1388, 0, -117}, 0, {598, 809}, {127, 0, 0, 255} }},
	{{ {-1388, 0, -127}, 0, {638, 809}, {127, 0, 0, 255} }},
	{{ {-1388, 28, -127}, 0, {638, 705}, {127, 0, 0, 255} }},
	{{ {-1368, 0, -98}, 0, {-5991, 504}, {0, 127, 0, 255} }},
	{{ {-1330, 0, -71}, 0, {-5814, 633}, {0, 127, 0, 255} }},
	{{ {-1330, 0, -81}, 0, {-5814, 587}, {0, 127, 0, 255} }},
	{{ {-1368, 0, -108}, 0, {-5991, 459}, {0, 127, 0, 255} }},
	{{ {-1408, 57, -135}, 0, {710, 600}, {127, 0, 0, 255} }},
	{{ {-1408, 28, -135}, 0, {710, 705}, {127, 0, 0, 255} }},
	{{ {-1408, 28, -145}, 0, {747, 705}, {127, 0, 0, 255} }},
	{{ {-1408, 57, -145}, 0, {747, 600}, {127, 0, 0, 255} }},
	{{ {-1428, 85, -154}, 0, {822, 496}, {127, 0, 0, 255} }},
	{{ {-1428, 57, -154}, 0, {822, 600}, {127, 0, 0, 255} }},
	{{ {-1428, 57, -164}, 0, {856, 600}, {127, 0, 0, 255} }},
	{{ {-1428, 85, -164}, 0, {856, 496}, {127, 0, 0, 255} }},
	{{ {-1448, 113, -172}, 0, {934, 392}, {127, 0, 0, 255} }},
	{{ {-1448, 85, -172}, 0, {934, 496}, {127, 0, 0, 255} }},
	{{ {-1448, 85, -182}, 0, {964, 496}, {127, 0, 0, 255} }},
	{{ {-1448, 113, -182}, 0, {964, 392}, {127, 0, 0, 255} }},
	{{ {-1468, 141, -191}, 0, {-6444, 287}, {127, 0, 0, 255} }},
	{{ {-1468, 113, -191}, 0, {-6444, 392}, {127, 0, 0, 255} }},
	{{ {-1468, 113, -201}, 0, {-6415, 392}, {127, 0, 0, 255} }},
	{{ {-1468, 141, -201}, 0, {-6415, 287}, {127, 0, 0, 255} }},
	{{ {-1488, 170, -209}, 0, {-6534, 183}, {127, 0, 0, 255} }},
	{{ {-1488, 141, -209}, 0, {-6534, 287}, {127, 0, 0, 255} }},
	{{ {-1488, 141, -219}, 0, {-6506, 287}, {127, 0, 0, 255} }},
	{{ {-1488, 170, -219}, 0, {-6506, 183}, {127, 0, 0, 255} }},
	{{ {865, 530, -1009}, 0, {-16, 1008}, {129, 0, 0, 0} }},
	{{ {865, 1060, -1009}, 0, {-16, 1008}, {129, 0, 0, 0} }},
	{{ {865, 319, -1009}, 0, {-16, 1008}, {129, 0, 0, 0} }},
	{{ {865, 906, -1009}, 0, {-16, 1008}, {129, 0, 0, 0} }},
};

Gfx ttm_dl_Plane_mesh_layer_1_tri_0[] = {
	gsSPVertex(ttm_dl_Plane_mesh_layer_1_vtx_0 + 0, 32, 0),
	gsSP2Triangles(0, 1, 2, 0, 0, 2, 3, 0),
	gsSP2Triangles(2, 4, 3, 0, 2, 5, 4, 0),
	gsSP2Triangles(0, 3, 6, 0, 3, 7, 6, 0),
	gsSP2Triangles(3, 8, 7, 0, 9, 0, 6, 0),
	gsSP2Triangles(9, 6, 10, 0, 9, 10, 11, 0),
	gsSP2Triangles(12, 9, 11, 0, 12, 11, 13, 0),
	gsSP2Triangles(14, 12, 13, 0, 14, 13, 15, 0),
	gsSP2Triangles(13, 16, 15, 0, 13, 17, 16, 0),
	gsSP2Triangles(15, 18, 14, 0, 15, 19, 18, 0),
	gsSP2Triangles(18, 20, 14, 0, 18, 21, 20, 0),
	gsSP2Triangles(21, 22, 20, 0, 20, 23, 14, 0),
	gsSP2Triangles(20, 24, 23, 0, 24, 25, 23, 0),
	gsSP2Triangles(23, 26, 14, 0, 27, 28, 9, 0),
	gsSP2Triangles(29, 27, 9, 0, 30, 29, 9, 0),
	gsSP2Triangles(12, 30, 9, 0, 30, 31, 29, 0),
	gsSPVertex(ttm_dl_Plane_mesh_layer_1_vtx_0 + 32, 32, 0),
	gsSP2Triangles(0, 1, 2, 0, 3, 0, 2, 0),
	gsSP2Triangles(4, 3, 2, 0, 5, 6, 7, 0),
	gsSP2Triangles(5, 7, 8, 0, 8, 9, 5, 0),
	gsSP2Triangles(5, 9, 10, 0, 5, 10, 11, 0),
	gsSP2Triangles(12, 13, 14, 0, 12, 14, 15, 0),
	gsSP2Triangles(16, 17, 18, 0, 16, 18, 19, 0),
	gsSP2Triangles(16, 19, 20, 0, 16, 20, 21, 0),
	gsSP2Triangles(22, 23, 24, 0, 22, 24, 25, 0),
	gsSP2Triangles(26, 27, 28, 0, 26, 28, 29, 0),
	gsSP2Triangles(26, 29, 30, 0, 26, 30, 31, 0),
	gsSPVertex(ttm_dl_Plane_mesh_layer_1_vtx_0 + 64, 30, 0),
	gsSP2Triangles(0, 1, 2, 0, 0, 2, 3, 0),
	gsSP2Triangles(4, 5, 6, 0, 4, 6, 7, 0),
	gsSP2Triangles(4, 7, 8, 0, 4, 8, 9, 0),
	gsSP2Triangles(10, 11, 12, 0, 10, 12, 13, 0),
	gsSP2Triangles(14, 15, 16, 0, 14, 16, 17, 0),
	gsSP2Triangles(14, 17, 18, 0, 14, 18, 19, 0),
	gsSP2Triangles(20, 21, 22, 0, 20, 22, 23, 0),
	gsSP2Triangles(24, 25, 26, 0, 24, 26, 27, 0),
	gsSP2Triangles(24, 27, 28, 0, 24, 28, 29, 0),
	gsSPVertex(ttm_dl_Plane_mesh_layer_1_vtx_0 + 94, 31, 0),
	gsSP2Triangles(0, 1, 2, 0, 0, 2, 3, 0),
	gsSP2Triangles(4, 5, 6, 0, 4, 6, 7, 0),
	gsSP2Triangles(4, 7, 8, 0, 4, 8, 9, 0),
	gsSP2Triangles(10, 11, 12, 0, 10, 12, 13, 0),
	gsSP2Triangles(14, 15, 16, 0, 14, 16, 17, 0),
	gsSP2Triangles(16, 18, 17, 0, 17, 19, 14, 0),
	gsSP2Triangles(19, 20, 14, 0, 14, 20, 21, 0),
	gsSP2Triangles(14, 21, 22, 0, 23, 24, 25, 0),
	gsSP2Triangles(23, 25, 26, 0, 27, 28, 29, 0),
	gsSP1Triangle(27, 29, 30, 0),
	gsSPVertex(ttm_dl_Plane_mesh_layer_1_vtx_0 + 125, 32, 0),
	gsSP2Triangles(0, 1, 2, 0, 0, 2, 3, 0),
	gsSP2Triangles(4, 5, 6, 0, 4, 6, 7, 0),
	gsSP2Triangles(8, 9, 10, 0, 8, 10, 11, 0),
	gsSP2Triangles(12, 13, 14, 0, 12, 14, 15, 0),
	gsSP2Triangles(16, 17, 18, 0, 16, 18, 19, 0),
	gsSP2Triangles(20, 21, 22, 0, 20, 22, 23, 0),
	gsSP2Triangles(24, 25, 26, 0, 24, 26, 27, 0),
	gsSP2Triangles(28, 29, 30, 0, 28, 30, 31, 0),
	gsSPVertex(ttm_dl_Plane_mesh_layer_1_vtx_0 + 157, 30, 0),
	gsSP2Triangles(0, 1, 2, 0, 0, 2, 3, 0),
	gsSP2Triangles(4, 5, 6, 0, 4, 6, 7, 0),
	gsSP2Triangles(7, 6, 8, 0, 7, 8, 9, 0),
	gsSP2Triangles(10, 11, 12, 0, 10, 12, 13, 0),
	gsSP2Triangles(14, 15, 16, 0, 14, 16, 17, 0),
	gsSP2Triangles(18, 19, 20, 0, 18, 20, 21, 0),
	gsSP2Triangles(22, 23, 24, 0, 22, 24, 25, 0),
	gsSP2Triangles(26, 27, 28, 0, 26, 28, 29, 0),
	gsSPVertex(ttm_dl_Plane_mesh_layer_1_vtx_0 + 187, 12, 0),
	gsSP2Triangles(0, 1, 2, 0, 0, 2, 3, 0),
	gsSP2Triangles(4, 5, 6, 0, 4, 6, 7, 0),
	gsSP2Triangles(8, 9, 10, 0, 8, 11, 9, 0),
	gsSPEndDisplayList(),
};

Vtx ttm_dl_Plane_mesh_layer_1_vtx_1[14] = {
	{{ {274, 530, -432}, 0, {2597, 63}, {0, 127, 0, 255} }},
	{{ {273, 530, -598}, 0, {2597, -1142}, {0, 127, 0, 255} }},
	{{ {-304, 530, -606}, 0, {-1605, -1200}, {0, 127, 0, 255} }},
	{{ {-98, 530, -304}, 0, {-106, 997}, {0, 127, 0, 255} }},
	{{ {-304, 530, -432}, 0, {-1605, 68}, {0, 127, 0, 255} }},
	{{ {75, 530, -304}, 0, {1150, 998}, {0, 127, 0, 255} }},
	{{ {-98, 319, -304}, 0, {-106, 997}, {0, 127, 0, 255} }},
	{{ {-304, 319, -432}, 0, {-1605, 68}, {0, 127, 0, 255} }},
	{{ {-304, 319, -334}, 0, {-1605, 776}, {0, 127, 0, 255} }},
	{{ {131, 319, -139}, 0, {1558, 2192}, {0, 127, 0, 255} }},
	{{ {-152, 319, -139}, 0, {-498, 2191}, {0, 127, 0, 255} }},
	{{ {75, 319, -304}, 0, {1150, 998}, {0, 127, 0, 255} }},
	{{ {274, 319, -432}, 0, {2597, 63}, {0, 127, 0, 255} }},
	{{ {274, 319, -336}, 0, {2597, 764}, {0, 127, 0, 255} }},
};

Gfx ttm_dl_Plane_mesh_layer_1_tri_1[] = {
	gsSPVertex(ttm_dl_Plane_mesh_layer_1_vtx_1 + 0, 14, 0),
	gsSP2Triangles(0, 1, 2, 0, 2, 3, 0, 0),
	gsSP2Triangles(2, 4, 3, 0, 3, 5, 0, 0),
	gsSP2Triangles(6, 7, 8, 0, 6, 8, 9, 0),
	gsSP2Triangles(8, 10, 9, 0, 6, 9, 11, 0),
	gsSP2Triangles(9, 12, 11, 0, 9, 13, 12, 0),
	gsSPEndDisplayList(),
};

Vtx ttm_dl_Plane_mesh_layer_1_vtx_2[40] = {
	{{ {-1454, 268, -642}, 0, {24315, 1034}, {11, 124, 229, 255} }},
	{{ {-1508, 268, -665}, 0, {23919, 1090}, {11, 124, 229, 255} }},
	{{ {-1488, 313, -449}, 0, {21308, 561}, {11, 124, 229, 255} }},
	{{ {-1487, 313, -449}, 0, {21310, 561}, {11, 124, 229, 255} }},
	{{ {-1508, 268, -228}, 0, {445, 21}, {0, 127, 0, 255} }},
	{{ {-1330, 268, -71}, 0, {450, 34}, {0, 127, 0, 255} }},
	{{ {-1310, 268, -96}, 0, {451, 32}, {0, 127, 0, 255} }},
	{{ {-1473, 268, -234}, 0, {446, 21}, {0, 127, 0, 255} }},
	{{ {1662, 268, -338}, 0, {546, 11}, {0, 127, 0, 255} }},
	{{ {1350, 268, -29}, 0, {536, 38}, {0, 127, 0, 255} }},
	{{ {1367, 268, -5}, 0, {537, 40}, {0, 127, 0, 255} }},
	{{ {1696, 268, -317}, 0, {547, 13}, {0, 127, 0, 255} }},
	{{ {1696, 268, -317}, 0, {-21902, 24}, {121, 39, 0, 255} }},
	{{ {1696, 268, -641}, 0, {-21902, 1349}, {121, 39, 0, 255} }},
	{{ {1682, 313, -474}, 0, {-21502, 669}, {121, 39, 0, 255} }},
	{{ {1682, 313, -470}, 0, {-21502, 651}, {121, 39, 0, 255} }},
	{{ {1667, 268, -636}, 0, {-21937, 1330}, {137, 46, 254, 255} }},
	{{ {1662, 268, -338}, 0, {-21918, 114}, {137, 46, 254, 255} }},
	{{ {1682, 313, -470}, 0, {-21503, 652}, {137, 46, 254, 255} }},
	{{ {1682, 313, -474}, 0, {-21503, 668}, {137, 46, 254, 255} }},
	{{ {1662, 268, -338}, 0, {-21913, 109}, {233, 119, 37, 255} }},
	{{ {1696, 268, -317}, 0, {-21902, 24}, {233, 119, 37, 255} }},
	{{ {1682, 313, -470}, 0, {-21502, 651}, {233, 119, 37, 255} }},
	{{ {1682, 313, -470}, 0, {-21503, 652}, {233, 119, 37, 255} }},
	{{ {1696, 268, -641}, 0, {-21902, 1349}, {251, 122, 223, 255} }},
	{{ {1667, 268, -636}, 0, {-21937, 1330}, {251, 122, 223, 255} }},
	{{ {1682, 313, -474}, 0, {-21503, 668}, {251, 122, 223, 255} }},
	{{ {1682, 313, -474}, 0, {-21502, 669}, {251, 122, 223, 255} }},
	{{ {-1508, 268, -228}, 0, {23919, 17}, {5, 124, 26, 255} }},
	{{ {-1473, 268, -234}, 0, {24369, 20}, {5, 124, 26, 255} }},
	{{ {-1488, 313, -445}, 0, {21310, 551}, {5, 124, 26, 255} }},
	{{ {-1488, 313, -445}, 0, {21308, 550}, {5, 124, 26, 255} }},
	{{ {-1473, 268, -234}, 0, {23953, 19}, {111, 61, 5, 255} }},
	{{ {-1454, 268, -642}, 0, {24336, 1035}, {111, 61, 5, 255} }},
	{{ {-1487, 313, -449}, 0, {21310, 561}, {111, 61, 5, 255} }},
	{{ {-1488, 313, -445}, 0, {21310, 551}, {111, 61, 5, 255} }},
	{{ {-1508, 268, -665}, 0, {23919, 1090}, {140, 51, 0, 255} }},
	{{ {-1508, 268, -228}, 0, {23919, 17}, {140, 51, 0, 255} }},
	{{ {-1488, 313, -445}, 0, {21308, 550}, {140, 51, 0, 255} }},
	{{ {-1488, 313, -449}, 0, {21308, 561}, {140, 51, 0, 255} }},
};

Gfx ttm_dl_Plane_mesh_layer_1_tri_2[] = {
	gsSPVertex(ttm_dl_Plane_mesh_layer_1_vtx_2 + 0, 32, 0),
	gsSP2Triangles(0, 1, 2, 0, 0, 2, 3, 0),
	gsSP2Triangles(4, 5, 6, 0, 4, 6, 7, 0),
	gsSP2Triangles(8, 9, 10, 0, 8, 10, 11, 0),
	gsSP2Triangles(12, 13, 14, 0, 12, 14, 15, 0),
	gsSP2Triangles(16, 17, 18, 0, 16, 18, 19, 0),
	gsSP2Triangles(20, 21, 22, 0, 20, 22, 23, 0),
	gsSP2Triangles(24, 25, 26, 0, 24, 26, 27, 0),
	gsSP2Triangles(28, 29, 30, 0, 28, 30, 31, 0),
	gsSPVertex(ttm_dl_Plane_mesh_layer_1_vtx_2 + 32, 8, 0),
	gsSP2Triangles(0, 1, 2, 0, 0, 2, 3, 0),
	gsSP2Triangles(4, 5, 6, 0, 4, 6, 7, 0),
	gsSPEndDisplayList(),
};

Vtx ttm_dl_Plane_mesh_layer_1_vtx_3[362] = {
	{{ {-304, 319, -605}, 0, {-1335, -2171}, {0, 129, 0, 255} }},
	{{ {273, 319, -598}, 0, {1334, -2141}, {0, 129, 0, 255} }},
	{{ {-304, 319, -600}, 0, {-1335, -2148}, {0, 129, 0, 255} }},
	{{ {273, 319, -598}, 0, {1334, -2141}, {0, 127, 0, 255} }},
	{{ {274, 319, -432}, 0, {1334, -1333}, {0, 127, 0, 255} }},
	{{ {274, 319, -336}, 0, {1334, -863}, {0, 127, 0, 255} }},
	{{ {1373, 0, -1009}, 0, {5932, 2019}, {156, 0, 79, 255} }},
	{{ {1667, 0, -636}, 0, {3636, 2019}, {156, 0, 79, 255} }},
	{{ {1667, 170, -636}, 0, {3636, 1369}, {156, 0, 79, 255} }},
	{{ {1373, 530, -1009}, 0, {5932, -15}, {156, 0, 79, 255} }},
	{{ {1667, 530, -638}, 0, {3651, -15}, {156, 0, 79, 255} }},
	{{ {1373, 319, -1009}, 0, {5932, 796}, {156, 0, 79, 255} }},
	{{ {1662, 0, -338}, 0, {1802, 2019}, {129, 0, 254, 255} }},
	{{ {1662, 170, -338}, 0, {1802, 1369}, {129, 0, 254, 255} }},
	{{ {1667, 170, -636}, 0, {3636, 1369}, {129, 0, 254, 255} }},
	{{ {1667, 0, -636}, 0, {3636, 2019}, {129, 0, 254, 255} }},
	{{ {274, 319, -432}, 0, {2381, 796}, {127, 0, 0, 255} }},
	{{ {273, 319, -598}, 0, {3404, 796}, {127, 0, 0, 255} }},
	{{ {273, 530, -598}, 0, {3404, -15}, {127, 0, 0, 255} }},
	{{ {274, 530, -432}, 0, {2381, -15}, {127, 0, 0, 255} }},
	{{ {-1310, 0, -96}, 0, {274, 2020}, {81, 255, 159, 255} }},
	{{ {-1482, 0, -235}, 0, {1129, 2020}, {81, 255, 159, 255} }},
	{{ {-1473, 170, -234}, 0, {1125, 1368}, {81, 255, 159, 255} }},
	{{ {-1310, 170, -96}, 0, {274, 1369}, {81, 255, 159, 255} }},
	{{ {-1310, 268, -96}, 0, {273, 990}, {81, 255, 159, 255} }},
	{{ {-1473, 268, -234}, 0, {1125, 990}, {81, 255, 159, 255} }},
	{{ {-954, 0, -1027}, 0, {6048, 2019}, {182, 0, 103, 255} }},
	{{ {-688, 0, -837}, 0, {4682, 2019}, {182, 0, 103, 255} }},
	{{ {-688, 319, -837}, 0, {4682, 796}, {182, 0, 103, 255} }},
	{{ {-954, 319, -1027}, 0, {6048, 796}, {182, 0, 103, 255} }},
	{{ {-954, 530, -1027}, 0, {6048, -13}, {182, 0, 103, 255} }},
	{{ {-688, 530, -837}, 0, {4682, -13}, {182, 0, 103, 255} }},
	{{ {1367, 0, -5}, 0, {-253, 2019}, {154, 0, 76, 255} }},
	{{ {1367, 170, -5}, 0, {-253, 1369}, {154, 0, 76, 255} }},
	{{ {1350, 170, -29}, 0, {-110, 1369}, {154, 0, 76, 255} }},
	{{ {1350, 0, -29}, 0, {-110, 2019}, {154, 0, 76, 255} }},
	{{ {-415, 0, -837}, 0, {4690, 2019}, {141, 0, 54, 255} }},
	{{ {-304, 0, -598}, 0, {3404, 2019}, {141, 0, 54, 255} }},
	{{ {-304, 319, -600}, 0, {3413, 796}, {141, 0, 54, 255} }},
	{{ {-415, 530, -837}, 0, {4690, -13}, {141, 0, 54, 255} }},
	{{ {-304, 530, -599}, 0, {3410, -13}, {141, 0, 54, 255} }},
	{{ {-415, 319, -837}, 0, {4690, 796}, {141, 0, 54, 255} }},
	{{ {1696, 0, -317}, 0, {1671, 2019}, {87, 0, 92, 255} }},
	{{ {1367, 170, -5}, 0, {-253, 1369}, {87, 0, 92, 255} }},
	{{ {1367, 0, -5}, 0, {-253, 2019}, {87, 0, 92, 255} }},
	{{ {1696, 170, -317}, 0, {1671, 1369}, {87, 0, 92, 255} }},
	{{ {1696, 268, -317}, 0, {1671, 990}, {87, 0, 92, 255} }},
	{{ {1367, 268, -5}, 0, {-253, 990}, {87, 0, 92, 255} }},
	{{ {-304, 0, -334}, 0, {1777, 2019}, {129, 0, 0, 255} }},
	{{ {-304, 319, -334}, 0, {1777, 796}, {129, 0, 0, 255} }},
	{{ {-304, 319, -600}, 0, {3413, 796}, {129, 0, 0, 255} }},
	{{ {-304, 0, -598}, 0, {3404, 2019}, {129, 0, 0, 255} }},
	{{ {1696, 0, -639}, 0, {3653, 2019}, {127, 0, 0, 255} }},
	{{ {1696, 170, -317}, 0, {1671, 1369}, {127, 0, 0, 255} }},
	{{ {1696, 0, -317}, 0, {1671, 2019}, {127, 0, 0, 255} }},
	{{ {1696, 170, -639}, 0, {3653, 1369}, {127, 0, 0, 255} }},
	{{ {1696, 268, -641}, 0, {3665, 990}, {127, 0, 0, 255} }},
	{{ {1696, 268, -317}, 0, {1671, 990}, {127, 0, 0, 255} }},
	{{ {-152, 0, -139}, 0, {576, 2019}, {156, 0, 78, 255} }},
	{{ {-152, 319, -139}, 0, {576, 796}, {156, 0, 78, 255} }},
	{{ {-304, 319, -334}, 0, {1777, 796}, {156, 0, 78, 255} }},
	{{ {-304, 0, -334}, 0, {1777, 2019}, {156, 0, 78, 255} }},
	{{ {131, 0, -139}, 0, {675, 2019}, {0, 0, 127, 255} }},
	{{ {131, 319, -139}, 0, {675, 796}, {0, 0, 127, 255} }},
	{{ {-152, 319, -139}, 0, {-631, 796}, {0, 0, 127, 255} }},
	{{ {-152, 0, -139}, 0, {-631, 2019}, {0, 0, 127, 255} }},
	{{ {-1939, 0, -680}, 0, {3905, 2019}, {94, 0, 86, 255} }},
	{{ {-1749, 0, -887}, 0, {5185, 2019}, {94, 0, 86, 255} }},
	{{ {-1749, 319, -887}, 0, {5185, 796}, {94, 0, 86, 255} }},
	{{ {-1939, 319, -680}, 0, {3905, 796}, {94, 0, 86, 255} }},
	{{ {-1939, 530, -680}, 0, {3905, -13}, {94, 0, 86, 255} }},
	{{ {-1749, 530, -887}, 0, {5185, -13}, {94, 0, 86, 255} }},
	{{ {1667, 170, -636}, 0, {7778, 1369}, {9, 1, 127, 255} }},
	{{ {1696, 170, -639}, 0, {7912, 1369}, {9, 1, 127, 255} }},
	{{ {1696, 530, -640}, 0, {7912, -15}, {9, 1, 127, 255} }},
	{{ {1667, 530, -638}, 0, {7778, -15}, {9, 1, 127, 255} }},
	{{ {274, 0, -336}, 0, {1786, 2019}, {103, 0, 75, 255} }},
	{{ {274, 319, -336}, 0, {1786, 796}, {103, 0, 75, 255} }},
	{{ {131, 319, -139}, 0, {575, 796}, {103, 0, 75, 255} }},
	{{ {131, 0, -139}, 0, {575, 2019}, {103, 0, 75, 255} }},
	{{ {-1508, 0, -228}, 0, {1122, 2019}, {129, 0, 0, 255} }},
	{{ {-1508, 170, -665}, 0, {3814, 1369}, {129, 0, 0, 255} }},
	{{ {-1508, 0, -665}, 0, {3814, 2019}, {129, 0, 0, 255} }},
	{{ {-1508, 170, -228}, 0, {1122, 1369}, {129, 0, 0, 255} }},
	{{ {-1508, 268, -228}, 0, {1122, 990}, {129, 0, 0, 255} }},
	{{ {-1508, 268, -665}, 0, {3814, 990}, {129, 0, 0, 255} }},
	{{ {273, 0, -598}, 0, {3404, 2019}, {127, 0, 0, 255} }},
	{{ {273, 319, -598}, 0, {3404, 796}, {127, 0, 0, 255} }},
	{{ {274, 319, -336}, 0, {1786, 796}, {127, 0, 0, 255} }},
	{{ {274, 0, -336}, 0, {1786, 2019}, {127, 0, 0, 255} }},
	{{ {-1330, 0, -71}, 0, {155, 2019}, {172, 0, 95, 255} }},
	{{ {-1330, 170, -71}, 0, {155, 1369}, {172, 0, 95, 255} }},
	{{ {-1508, 170, -228}, 0, {1122, 1369}, {172, 0, 95, 255} }},
	{{ {-1508, 0, -228}, 0, {1122, 2019}, {172, 0, 95, 255} }},
	{{ {1670, 0, 345}, 0, {-2410, 2019}, {174, 0, 159, 255} }},
	{{ {1103, 0, 827}, 0, {-5379, 2019}, {174, 0, 159, 255} }},
	{{ {1103, 530, 827}, 0, {-5377, -15}, {174, 0, 159, 255} }},
	{{ {1562, 530, 437}, 0, {-2976, -15}, {174, 0, 159, 255} }},
	{{ {2054, 319, 20}, 0, {-403, 796}, {174, 0, 159, 255} }},
	{{ {2054, 530, 20}, 0, {-403, -15}, {174, 0, 159, 255} }},
	{{ {2054, 0, 20}, 0, {-403, 2019}, {174, 0, 159, 255} }},
	{{ {-1939, 0, -8}, 0, {-231, 2019}, {127, 0, 0, 255} }},
	{{ {-1939, 0, -680}, 0, {3905, 2019}, {127, 0, 0, 255} }},
	{{ {-1939, 319, -680}, 0, {3905, 796}, {127, 0, 0, 255} }},
	{{ {-1939, 319, -8}, 0, {-231, 796}, {127, 0, 0, 255} }},
	{{ {-1939, 530, -8}, 0, {-231, -13}, {127, 0, 0, 255} }},
	{{ {-1939, 530, -680}, 0, {3905, -13}, {127, 0, 0, 255} }},
	{{ {-1310, 0, -96}, 0, {276, 2019}, {101, 0, 77, 255} }},
	{{ {-1310, 170, -96}, 0, {276, 1369}, {101, 0, 77, 255} }},
	{{ {-1330, 170, -71}, 0, {155, 1369}, {101, 0, 77, 255} }},
	{{ {-1330, 0, -71}, 0, {155, 2019}, {101, 0, 77, 255} }},
	{{ {321, 0, -848}, 0, {1554, 2019}, {0, 0, 127, 255} }},
	{{ {624, 0, -848}, 0, {2953, 2019}, {0, 0, 127, 255} }},
	{{ {624, 319, -848}, 0, {2953, 796}, {0, 0, 127, 255} }},
	{{ {321, 319, -848}, 0, {1554, 796}, {0, 0, 127, 255} }},
	{{ {321, 530, -848}, 0, {1554, -15}, {0, 0, 127, 255} }},
	{{ {624, 530, -848}, 0, {2953, -15}, {0, 0, 127, 255} }},
	{{ {624, 0, -848}, 0, {4565, 2019}, {70, 0, 106, 255} }},
	{{ {865, 0, -1009}, 0, {5650, 2019}, {70, 0, 106, 255} }},
	{{ {865, 319, -1009}, 0, {5650, 796}, {70, 0, 106, 255} }},
	{{ {624, 319, -848}, 0, {4565, 796}, {70, 0, 106, 255} }},
	{{ {624, 530, -848}, 0, {4565, -15}, {70, 0, 106, 255} }},
	{{ {865, 530, -1009}, 0, {5650, -15}, {70, 0, 106, 255} }},
	{{ {-1463, 0, -643}, 0, {3677, 2019}, {127, 249, 6, 255} }},
	{{ {-1454, 170, -642}, 0, {3674, 1369}, {127, 249, 6, 255} }},
	{{ {-1473, 170, -234}, 0, {1125, 1369}, {127, 249, 6, 255} }},
	{{ {-1463, 0, -643}, 0, {3677, 2019}, {127, 249, 6, 255} }},
	{{ {-1473, 170, -234}, 0, {1125, 1369}, {127, 249, 6, 255} }},
	{{ {-1482, 0, -235}, 0, {1129, 2019}, {127, 249, 6, 255} }},
	{{ {865, 0, -1009}, 0, {4068, 2019}, {0, 0, 127, 255} }},
	{{ {1373, 0, -1009}, 0, {6418, 2019}, {0, 0, 127, 255} }},
	{{ {1373, 319, -1009}, 0, {6418, 796}, {0, 0, 127, 255} }},
	{{ {865, 319, -1009}, 0, {4068, 796}, {0, 0, 127, 255} }},
	{{ {865, 530, -1009}, 0, {4068, -15}, {0, 0, 127, 255} }},
	{{ {1373, 530, -1009}, 0, {6418, -15}, {0, 0, 127, 255} }},
	{{ {-1508, 0, -665}, 0, {-6901, 2019}, {53, 255, 141, 255} }},
	{{ {-1508, 170, -665}, 0, {-6901, 1369}, {53, 255, 141, 255} }},
	{{ {-1454, 170, -642}, 0, {-6652, 1369}, {53, 255, 141, 255} }},
	{{ {-1463, 0, -643}, 0, {-6695, 2019}, {53, 255, 141, 255} }},
	{{ {1696, 0, -639}, 0, {7912, 2019}, {244, 0, 130, 255} }},
	{{ {1667, 0, -636}, 0, {7778, 2019}, {244, 0, 130, 255} }},
	{{ {1667, 170, -636}, 0, {7778, 1369}, {244, 0, 130, 255} }},
	{{ {1696, 170, -639}, 0, {7912, 1369}, {244, 0, 130, 255} }},
	{{ {1667, 170, -636}, 0, {3636, 1369}, {129, 0, 254, 255} }},
	{{ {1662, 170, -338}, 0, {1802, 1369}, {129, 0, 254, 255} }},
	{{ {1662, 268, -338}, 0, {1802, 990}, {129, 0, 254, 255} }},
	{{ {1667, 268, -636}, 0, {3636, 990}, {129, 0, 254, 255} }},
	{{ {-1454, 170, -642}, 0, {-6652, 1369}, {50, 0, 139, 255} }},
	{{ {-1508, 170, -665}, 0, {-6901, 1369}, {50, 0, 139, 255} }},
	{{ {-1508, 268, -665}, 0, {-6901, 990}, {50, 0, 139, 255} }},
	{{ {-1454, 268, -642}, 0, {-6652, 990}, {50, 0, 139, 255} }},
	{{ {-1508, 170, -228}, 0, {1122, 1369}, {172, 0, 95, 255} }},
	{{ {-1330, 170, -71}, 0, {155, 1369}, {172, 0, 95, 255} }},
	{{ {-1330, 268, -71}, 0, {155, 990}, {172, 0, 95, 255} }},
	{{ {-1508, 268, -228}, 0, {1122, 990}, {172, 0, 95, 255} }},
	{{ {273, 0, -598}, 0, {3404, 2019}, {125, 0, 24, 255} }},
	{{ {321, 0, -848}, 0, {4554, 2019}, {125, 0, 24, 255} }},
	{{ {321, 319, -848}, 0, {4554, 796}, {125, 0, 24, 255} }},
	{{ {321, 319, -848}, 0, {4554, 796}, {125, 0, 24, 255} }},
	{{ {273, 530, -598}, 0, {3404, -15}, {125, 0, 24, 255} }},
	{{ {273, 0, -598}, 0, {3404, 2019}, {125, 0, 24, 255} }},
	{{ {321, 530, -848}, 0, {4554, -15}, {125, 0, 24, 255} }},
	{{ {273, 319, -598}, 0, {3404, 796}, {125, 0, 24, 255} }},
	{{ {1696, 0, -639}, 0, {3653, 2019}, {88, 0, 92, 255} }},
	{{ {1890, 0, -825}, 0, {4803, 2019}, {88, 0, 92, 255} }},
	{{ {1890, 319, -825}, 0, {4803, 796}, {88, 0, 92, 255} }},
	{{ {1696, 530, -640}, 0, {3659, -15}, {88, 0, 92, 255} }},
	{{ {1890, 530, -825}, 0, {4803, -15}, {88, 0, 92, 255} }},
	{{ {1696, 170, -639}, 0, {3653, 1369}, {88, 0, 92, 255} }},
	{{ {-1463, 0, -643}, 0, {3677, 2019}, {122, 255, 37, 255} }},
	{{ {-1340, 0, -1027}, 0, {6048, 2019}, {122, 255, 37, 255} }},
	{{ {-1340, 319, -1027}, 0, {6048, 796}, {122, 255, 37, 255} }},
	{{ {-1454, 170, -642}, 0, {3674, 1369}, {122, 255, 37, 255} }},
	{{ {-1458, 530, -642}, 0, {3675, -13}, {122, 255, 37, 255} }},
	{{ {-1340, 530, -1027}, 0, {6048, -13}, {122, 255, 37, 255} }},
	{{ {1890, 0, -825}, 0, {4803, 2019}, {154, 0, 75, 255} }},
	{{ {2054, 0, -603}, 0, {3432, 2019}, {154, 0, 75, 255} }},
	{{ {2054, 319, -603}, 0, {3432, 796}, {154, 0, 75, 255} }},
	{{ {1890, 319, -825}, 0, {4803, 796}, {154, 0, 75, 255} }},
	{{ {1890, 530, -825}, 0, {4803, -15}, {154, 0, 75, 255} }},
	{{ {2054, 530, -603}, 0, {3432, -15}, {154, 0, 75, 255} }},
	{{ {-1589, 0, 313}, 0, {-2210, 2019}, {86, 0, 162, 255} }},
	{{ {-1939, 0, -8}, 0, {-231, 2019}, {86, 0, 162, 255} }},
	{{ {-1939, 319, -8}, 0, {-231, 796}, {86, 0, 162, 255} }},
	{{ {-1029, 0, 827}, 0, {-5379, 2019}, {86, 0, 162, 255} }},
	{{ {-1725, 530, 188}, 0, {-1441, -13}, {86, 0, 162, 255} }},
	{{ {-1939, 530, -8}, 0, {-231, -13}, {86, 0, 162, 255} }},
	{{ {-1029, 529, 827}, 0, {-5379, -11}, {86, 0, 162, 255} }},
	{{ {310, 0, 667}, 0, {1502, 2019}, {0, 0, 129, 255} }},
	{{ {310, 530, 667}, 0, {1502, -13}, {0, 0, 129, 255} }},
	{{ {562, 530, 667}, 0, {2667, -13}, {0, 0, 129, 255} }},
	{{ {562, 0, 667}, 0, {2667, 2019}, {0, 0, 129, 255} }},
	{{ {-386, 0, 675}, 0, {-4443, 2019}, {99, 0, 176, 255} }},
	{{ {-386, 530, 675}, 0, {-4443, -13}, {99, 0, 176, 255} }},
	{{ {-263, 530, 827}, 0, {-5379, -13}, {99, 0, 176, 255} }},
	{{ {-263, 0, 827}, 0, {-5379, 2019}, {99, 0, 176, 255} }},
	{{ {-1029, 0, 827}, 0, {-4685, 2019}, {0, 0, 129, 255} }},
	{{ {-1029, 530, 827}, 0, {-4685, -13}, {0, 0, 129, 255} }},
	{{ {-763, 530, 827}, 0, {-3458, -13}, {0, 0, 129, 255} }},
	{{ {-763, 0, 827}, 0, {-3458, 2019}, {0, 0, 129, 255} }},
	{{ {-263, 0, 827}, 0, {-1146, 2019}, {0, 0, 129, 255} }},
	{{ {-263, 530, 827}, 0, {-1146, -13}, {0, 0, 129, 255} }},
	{{ {174, 530, 827}, 0, {874, -13}, {0, 0, 129, 255} }},
	{{ {174, 0, 827}, 0, {874, 2019}, {0, 0, 129, 255} }},
	{{ {-763, 0, 827}, 0, {-5379, 2019}, {155, 0, 179, 255} }},
	{{ {-763, 530, 827}, 0, {-5379, -13}, {155, 0, 179, 255} }},
	{{ {-648, 530, 675}, 0, {-4443, -13}, {155, 0, 179, 255} }},
	{{ {-648, 0, 675}, 0, {-4443, 2019}, {155, 0, 179, 255} }},
	{{ {174, 0, 827}, 0, {-5379, 2019}, {159, 0, 174, 255} }},
	{{ {174, 530, 827}, 0, {-5379, -13}, {159, 0, 174, 255} }},
	{{ {310, 530, 667}, 0, {-4394, -13}, {159, 0, 174, 255} }},
	{{ {310, 0, 667}, 0, {-4394, 2019}, {159, 0, 174, 255} }},
	{{ {-648, 0, 675}, 0, {-2927, 2019}, {0, 0, 129, 255} }},
	{{ {-648, 530, 675}, 0, {-2927, -13}, {0, 0, 129, 255} }},
	{{ {-386, 530, 675}, 0, {-1715, -13}, {0, 0, 129, 255} }},
	{{ {-386, 0, 675}, 0, {-1715, 2019}, {0, 0, 129, 255} }},
	{{ {-1340, 0, -1027}, 0, {-6125, 2019}, {0, 0, 127, 255} }},
	{{ {-954, 0, -1027}, 0, {-4342, 2019}, {0, 0, 127, 255} }},
	{{ {-954, 319, -1027}, 0, {-4342, 796}, {0, 0, 127, 255} }},
	{{ {-1340, 319, -1027}, 0, {-6125, 796}, {0, 0, 127, 255} }},
	{{ {-954, 319, -1027}, 0, {-4342, 796}, {0, 0, 127, 255} }},
	{{ {-1340, 530, -1027}, 0, {-6125, -13}, {0, 0, 127, 255} }},
	{{ {-1340, 319, -1027}, 0, {-6125, 796}, {0, 0, 127, 255} }},
	{{ {-954, 530, -1027}, 0, {-4342, -13}, {0, 0, 127, 255} }},
	{{ {-1749, 0, -887}, 0, {5185, 2019}, {170, 0, 93, 255} }},
	{{ {-1508, 0, -665}, 0, {3814, 2019}, {170, 0, 93, 255} }},
	{{ {-1508, 170, -665}, 0, {3814, 1369}, {170, 0, 93, 255} }},
	{{ {-1749, 319, -887}, 0, {5185, 796}, {170, 0, 93, 255} }},
	{{ {-1749, 530, -887}, 0, {5185, -13}, {170, 0, 93, 255} }},
	{{ {-1508, 530, -665}, 0, {3814, -13}, {170, 0, 93, 255} }},
	{{ {737, 0, 827}, 0, {3476, 2019}, {0, 0, 129, 255} }},
	{{ {678, 0, 827}, 0, {3202, 2019}, {0, 0, 129, 255} }},
	{{ {678, 530, 827}, 0, {3202, -13}, {0, 0, 129, 255} }},
	{{ {1103, 0, 827}, 0, {5171, 2019}, {0, 0, 129, 255} }},
	{{ {1103, 530, 827}, 0, {5171, -13}, {0, 0, 129, 255} }},
	{{ {2054, 319, -603}, 0, {3432, 796}, {129, 0, 0, 255} }},
	{{ {2054, 0, -603}, 0, {3432, 2019}, {129, 0, 0, 255} }},
	{{ {2054, 0, 20}, 0, {-403, 2019}, {129, 0, 0, 255} }},
	{{ {2054, 319, 20}, 0, {-403, 796}, {129, 0, 0, 255} }},
	{{ {2054, 530, -603}, 0, {3432, -15}, {129, 0, 0, 255} }},
	{{ {2054, 530, 20}, 0, {-403, -15}, {129, 0, 0, 255} }},
	{{ {-304, 319, -432}, 0, {-1335, -1330}, {0, 127, 0, 255} }},
	{{ {-304, 319, -605}, 0, {-1335, -2171}, {0, 127, 0, 255} }},
	{{ {-304, 319, -600}, 0, {-1335, -2148}, {0, 127, 0, 255} }},
	{{ {-304, 319, -334}, 0, {-1335, -856}, {0, 127, 0, 255} }},
	{{ {-98, 319, -304}, 0, {-383, 796}, {0, 0, 127, 255} }},
	{{ {75, 319, -304}, 0, {415, 796}, {0, 0, 127, 255} }},
	{{ {75, 530, -304}, 0, {415, -15}, {0, 0, 127, 255} }},
	{{ {-98, 530, -304}, 0, {-383, -15}, {0, 0, 127, 255} }},
	{{ {-304, 319, -605}, 0, {3443, 796}, {129, 0, 0, 255} }},
	{{ {-304, 319, -432}, 0, {2377, 796}, {129, 0, 0, 255} }},
	{{ {-304, 530, -432}, 0, {2377, -15}, {129, 0, 0, 255} }},
	{{ {-304, 319, -605}, 0, {3443, 796}, {129, 0, 0, 255} }},
	{{ {-304, 530, -432}, 0, {2377, -15}, {129, 0, 0, 255} }},
	{{ {-304, 530, -606}, 0, {3452, -15}, {129, 0, 0, 255} }},
	{{ {75, 319, -304}, 0, {415, 796}, {69, 0, 107, 255} }},
	{{ {274, 319, -432}, 0, {1334, 796}, {69, 0, 107, 255} }},
	{{ {274, 530, -432}, 0, {1334, -15}, {69, 0, 107, 255} }},
	{{ {75, 530, -304}, 0, {415, -15}, {69, 0, 107, 255} }},
	{{ {-304, 319, -432}, 0, {-1335, 796}, {189, 0, 108, 255} }},
	{{ {-98, 319, -304}, 0, {-383, 796}, {189, 0, 108, 255} }},
	{{ {-98, 530, -304}, 0, {-383, -15}, {189, 0, 108, 255} }},
	{{ {-304, 530, -432}, 0, {-1335, -15}, {189, 0, 108, 255} }},
	{{ {-1330, 170, -71}, 0, {155, 1369}, {101, 0, 77, 255} }},
	{{ {-1310, 170, -96}, 0, {276, 1369}, {101, 0, 77, 255} }},
	{{ {-1310, 268, -96}, 0, {276, 990}, {101, 0, 77, 255} }},
	{{ {-1330, 268, -71}, 0, {155, 990}, {101, 0, 77, 255} }},
	{{ {1696, 170, -639}, 0, {7912, 1369}, {240, 255, 130, 255} }},
	{{ {1667, 170, -636}, 0, {7778, 1369}, {240, 255, 130, 255} }},
	{{ {1667, 268, -636}, 0, {7778, 990}, {240, 255, 130, 255} }},
	{{ {1696, 268, -641}, 0, {7912, 990}, {240, 255, 130, 255} }},
	{{ {1350, 170, -29}, 0, {-110, 1369}, {154, 0, 76, 255} }},
	{{ {1367, 170, -5}, 0, {-253, 1369}, {154, 0, 76, 255} }},
	{{ {1367, 268, -5}, 0, {-253, 990}, {154, 0, 76, 255} }},
	{{ {1350, 268, -29}, 0, {-110, 990}, {154, 0, 76, 255} }},
	{{ {-1473, 170, -234}, 0, {1125, 1369}, {127, 0, 6, 255} }},
	{{ {-1454, 170, -642}, 0, {3674, 1369}, {127, 0, 6, 255} }},
	{{ {-1454, 268, -642}, 0, {3674, 990}, {127, 0, 6, 255} }},
	{{ {-1473, 268, -234}, 0, {1125, 990}, {127, 0, 6, 255} }},
	{{ {1696, 0, -639}, 0, {3653, 2019}, {129, 0, 0, 255} }},
	{{ {1696, 0, -317}, 0, {1671, 2019}, {129, 0, 0, 255} }},
	{{ {1696, 170, -317}, 0, {1671, 1369}, {129, 0, 0, 255} }},
	{{ {1696, 170, -641}, 0, {3665, 1369}, {129, 0, 0, 255} }},
	{{ {1890, 0, -825}, 0, {4803, 2019}, {168, 255, 164, 255} }},
	{{ {1696, 0, -639}, 0, {3653, 2019}, {168, 255, 164, 255} }},
	{{ {1696, 170, -641}, 0, {3665, 1369}, {168, 255, 164, 255} }},
	{{ {1890, 170, -825}, 0, {4803, 1369}, {168, 255, 164, 255} }},
	{{ {2054, 0, -603}, 0, {3432, 2019}, {102, 0, 181, 255} }},
	{{ {1890, 0, -825}, 0, {4803, 2019}, {102, 0, 181, 255} }},
	{{ {1890, 170, -825}, 0, {4803, 1369}, {102, 0, 181, 255} }},
	{{ {2054, 170, -603}, 0, {3432, 1369}, {102, 0, 181, 255} }},
	{{ {-1939, 0, -680}, 0, {3905, 2019}, {129, 0, 0, 255} }},
	{{ {-1939, 0, -8}, 0, {-231, 2019}, {129, 0, 0, 255} }},
	{{ {-1939, 170, -8}, 0, {-231, 1369}, {129, 0, 0, 255} }},
	{{ {-1939, 170, -680}, 0, {3905, 1369}, {129, 0, 0, 255} }},
	{{ {2054, 0, 20}, 0, {-403, 2019}, {127, 0, 0, 255} }},
	{{ {2054, 0, -603}, 0, {3432, 2019}, {127, 0, 0, 255} }},
	{{ {2054, 170, -603}, 0, {3432, 1369}, {127, 0, 0, 255} }},
	{{ {2054, 170, 20}, 0, {-403, 1369}, {127, 0, 0, 255} }},
	{{ {-1749, 0, -887}, 0, {5185, 2019}, {162, 0, 170, 255} }},
	{{ {-1939, 0, -680}, 0, {3905, 2019}, {162, 0, 170, 255} }},
	{{ {-1939, 170, -680}, 0, {3905, 1369}, {162, 0, 170, 255} }},
	{{ {-1749, 170, -887}, 0, {5185, 1369}, {162, 0, 170, 255} }},
	{{ {-1508, 0, -665}, 0, {3814, 2019}, {86, 0, 163, 255} }},
	{{ {-1749, 0, -887}, 0, {5185, 2019}, {86, 0, 163, 255} }},
	{{ {-1749, 170, -887}, 0, {5185, 1369}, {86, 0, 163, 255} }},
	{{ {-1508, 170, -665}, 0, {3814, 1369}, {86, 0, 163, 255} }},
	{{ {1743, 0, 278}, 0, {-1997, 2019}, {171, 252, 161, 255} }},
	{{ {2054, 0, 20}, 0, {-403, 2019}, {171, 252, 161, 255} }},
	{{ {1670, 0, 345}, 0, {-2410, 2019}, {171, 252, 161, 255} }},
	{{ {1776, 28, 250}, 0, {-1826, 1911}, {171, 252, 161, 255} }},
	{{ {1843, 85, 195}, 0, {-1484, 1694}, {171, 252, 161, 255} }},
	{{ {1909, 141, 140}, 0, {-1143, 1477}, {171, 252, 161, 255} }},
	{{ {1943, 170, 112}, 0, {-972, 1369}, {171, 252, 161, 255} }},
	{{ {1943, 141, 112}, 0, {-972, 1477}, {171, 252, 161, 255} }},
	{{ {1909, 141, 140}, 0, {-1143, 1477}, {171, 252, 161, 255} }},
	{{ {1876, 113, 167}, 0, {-1314, 1586}, {171, 252, 161, 255} }},
	{{ {1843, 85, 195}, 0, {-1484, 1694}, {171, 252, 161, 255} }},
	{{ {1909, 113, 140}, 0, {-1143, 1586}, {171, 252, 161, 255} }},
	{{ {1876, 85, 167}, 0, {-1314, 1694}, {171, 252, 161, 255} }},
	{{ {1776, 28, 250}, 0, {-1826, 1911}, {171, 252, 161, 255} }},
	{{ {1776, 0, 250}, 0, {-1826, 2019}, {171, 252, 161, 255} }},
	{{ {1743, 0, 278}, 0, {-1997, 2019}, {171, 252, 161, 255} }},
	{{ {1843, 57, 195}, 0, {-1484, 1803}, {171, 252, 161, 255} }},
	{{ {1810, 57, 223}, 0, {-1655, 1803}, {171, 252, 161, 255} }},
	{{ {1810, 28, 223}, 0, {-1655, 1911}, {171, 252, 161, 255} }},
	{{ {-1340, 0, -1027}, 0, {6048, 2019}, {129, 0, 0, 255} }},
	{{ {-1340, 906, -1027}, 0, {6048, -1454}, {129, 0, 0, 255} }},
	{{ {-1340, 530, -1027}, 0, {6048, -13}, {129, 0, 0, 255} }},
	{{ {-1340, 319, -1027}, 0, {6048, 796}, {129, 0, 0, 255} }},
	{{ {1682, 313, -474}, 0, {7844, -1538}, {0, 127, 0, 255} }},
	{{ {1682, 313, -470}, 0, {7844, -1518}, {0, 127, 0, 255} }},
	{{ {1682, 313, -470}, 0, {7846, -1517}, {0, 127, 0, 255} }},
	{{ {1682, 313, -474}, 0, {7846, -1538}, {0, 127, 0, 255} }},
	{{ {-1488, 313, -445}, 0, {-6809, -1395}, {0, 127, 0, 255} }},
	{{ {-1488, 313, -445}, 0, {-6807, -1396}, {0, 127, 0, 255} }},
	{{ {-1487, 313, -449}, 0, {-6807, -1416}, {0, 127, 0, 255} }},
	{{ {-1488, 313, -449}, 0, {-6809, -1417}, {0, 127, 0, 255} }},
	{{ {562, 0, 667}, 0, {-4394, 2019}, {103, 0, 181, 255} }},
	{{ {562, 530, 667}, 0, {-4394, -13}, {103, 0, 181, 255} }},
	{{ {678, 530, 827}, 0, {-5379, -13}, {103, 0, 181, 255} }},
	{{ {678, 0, 827}, 0, {-5379, 2019}, {103, 0, 181, 255} }},
	{{ {273, 319, -598}, 0, {1334, 796}, {0, 0, 127, 255} }},
	{{ {273, 530, -598}, 0, {1334, -15}, {0, 0, 127, 255} }},
	{{ {-304, 530, -599}, 0, {-1335, -13}, {0, 0, 127, 255} }},
	{{ {-304, 319, -600}, 0, {-1335, 796}, {0, 0, 127, 255} }},
	{{ {-1508, 170, -665}, 0, {-6901, 1369}, {205, 0, 116, 255} }},
	{{ {-1454, 170, -642}, 0, {-6652, 1369}, {205, 0, 116, 255} }},
	{{ {-1458, 530, -642}, 0, {-6673, -13}, {205, 0, 116, 255} }},
	{{ {-1508, 530, -665}, 0, {-6901, -13}, {205, 0, 116, 255} }},
	{{ {1662, 0, -338}, 0, {1772, 2019}, {167, 0, 166, 255} }},
	{{ {1350, 0, -29}, 0, {-136, 2019}, {167, 0, 166, 255} }},
	{{ {1350, 170, -29}, 0, {-136, 1369}, {167, 0, 166, 255} }},
	{{ {1662, 170, -338}, 0, {1772, 1369}, {167, 0, 166, 255} }},
	{{ {1662, 268, -338}, 0, {1772, 990}, {167, 0, 166, 255} }},
	{{ {1350, 268, -29}, 0, {-136, 990}, {167, 0, 166, 255} }},
	{{ {-688, 0, -837}, 0, {-3113, 2019}, {0, 0, 127, 255} }},
	{{ {-415, 0, -837}, 0, {-1849, 2019}, {0, 0, 127, 255} }},
	{{ {-415, 319, -837}, 0, {-1849, 796}, {0, 0, 127, 255} }},
	{{ {-688, 319, -837}, 0, {-3113, 796}, {0, 0, 127, 255} }},
	{{ {-688, 530, -837}, 0, {-3113, -13}, {0, 0, 127, 255} }},
	{{ {-415, 530, -837}, 0, {-1849, -13}, {0, 0, 127, 255} }},
};

Gfx ttm_dl_Plane_mesh_layer_1_tri_3[] = {
	gsSPVertex(ttm_dl_Plane_mesh_layer_1_vtx_3 + 0, 32, 0),
	gsSP2Triangles(0, 1, 2, 0, 3, 4, 5, 0),
	gsSP2Triangles(6, 7, 8, 0, 8, 9, 6, 0),
	gsSP2Triangles(8, 10, 9, 0, 9, 11, 6, 0),
	gsSP2Triangles(12, 13, 14, 0, 12, 14, 15, 0),
	gsSP2Triangles(16, 17, 18, 0, 16, 18, 19, 0),
	gsSP2Triangles(20, 21, 22, 0, 23, 20, 22, 0),
	gsSP2Triangles(22, 24, 23, 0, 22, 25, 24, 0),
	gsSP2Triangles(26, 27, 28, 0, 29, 26, 28, 0),
	gsSP2Triangles(28, 30, 29, 0, 28, 31, 30, 0),
	gsSPVertex(ttm_dl_Plane_mesh_layer_1_vtx_3 + 32, 30, 0),
	gsSP2Triangles(0, 1, 2, 0, 0, 2, 3, 0),
	gsSP2Triangles(4, 5, 6, 0, 6, 7, 4, 0),
	gsSP2Triangles(6, 8, 7, 0, 7, 9, 4, 0),
	gsSP2Triangles(10, 11, 12, 0, 10, 13, 11, 0),
	gsSP2Triangles(11, 13, 14, 0, 11, 14, 15, 0),
	gsSP2Triangles(16, 17, 18, 0, 16, 18, 19, 0),
	gsSP2Triangles(20, 21, 22, 0, 20, 23, 21, 0),
	gsSP2Triangles(21, 23, 24, 0, 21, 24, 25, 0),
	gsSP2Triangles(26, 27, 28, 0, 26, 28, 29, 0),
	gsSPVertex(ttm_dl_Plane_mesh_layer_1_vtx_3 + 62, 32, 0),
	gsSP2Triangles(0, 1, 2, 0, 0, 2, 3, 0),
	gsSP2Triangles(4, 5, 6, 0, 7, 4, 6, 0),
	gsSP2Triangles(6, 8, 7, 0, 6, 9, 8, 0),
	gsSP2Triangles(10, 11, 12, 0, 10, 12, 13, 0),
	gsSP2Triangles(14, 15, 16, 0, 14, 16, 17, 0),
	gsSP2Triangles(18, 19, 20, 0, 18, 21, 19, 0),
	gsSP2Triangles(19, 21, 22, 0, 19, 22, 23, 0),
	gsSP2Triangles(24, 25, 26, 0, 24, 26, 27, 0),
	gsSP2Triangles(28, 29, 30, 0, 28, 30, 31, 0),
	gsSPVertex(ttm_dl_Plane_mesh_layer_1_vtx_3 + 94, 32, 0),
	gsSP2Triangles(0, 1, 2, 0, 0, 2, 3, 0),
	gsSP2Triangles(3, 4, 0, 0, 3, 5, 4, 0),
	gsSP2Triangles(4, 6, 0, 0, 7, 8, 9, 0),
	gsSP2Triangles(10, 7, 9, 0, 9, 11, 10, 0),
	gsSP2Triangles(9, 12, 11, 0, 13, 14, 15, 0),
	gsSP2Triangles(13, 15, 16, 0, 17, 18, 19, 0),
	gsSP2Triangles(20, 17, 19, 0, 19, 21, 20, 0),
	gsSP2Triangles(19, 22, 21, 0, 23, 24, 25, 0),
	gsSP2Triangles(26, 23, 25, 0, 25, 27, 26, 0),
	gsSP2Triangles(25, 28, 27, 0, 29, 30, 31, 0),
	gsSPVertex(ttm_dl_Plane_mesh_layer_1_vtx_3 + 126, 32, 0),
	gsSP2Triangles(0, 1, 2, 0, 3, 4, 5, 0),
	gsSP2Triangles(6, 3, 5, 0, 5, 7, 6, 0),
	gsSP2Triangles(5, 8, 7, 0, 9, 10, 11, 0),
	gsSP2Triangles(9, 11, 12, 0, 13, 14, 15, 0),
	gsSP2Triangles(13, 15, 16, 0, 17, 18, 19, 0),
	gsSP2Triangles(17, 19, 20, 0, 21, 22, 23, 0),
	gsSP2Triangles(21, 23, 24, 0, 25, 26, 27, 0),
	gsSP2Triangles(25, 27, 28, 0, 29, 30, 31, 0),
	gsSPVertex(ttm_dl_Plane_mesh_layer_1_vtx_3 + 158, 30, 0),
	gsSP2Triangles(0, 1, 2, 0, 0, 3, 1, 0),
	gsSP2Triangles(1, 4, 2, 0, 5, 6, 7, 0),
	gsSP2Triangles(7, 8, 5, 0, 7, 9, 8, 0),
	gsSP2Triangles(8, 10, 5, 0, 11, 12, 13, 0),
	gsSP2Triangles(14, 11, 13, 0, 13, 15, 14, 0),
	gsSP2Triangles(13, 16, 15, 0, 17, 18, 19, 0),
	gsSP2Triangles(20, 17, 19, 0, 19, 21, 20, 0),
	gsSP2Triangles(19, 22, 21, 0, 23, 24, 25, 0),
	gsSP2Triangles(26, 23, 25, 0, 25, 27, 26, 0),
	gsSP2Triangles(25, 28, 27, 0, 27, 29, 26, 0),
	gsSPVertex(ttm_dl_Plane_mesh_layer_1_vtx_3 + 188, 32, 0),
	gsSP2Triangles(0, 1, 2, 0, 0, 2, 3, 0),
	gsSP2Triangles(4, 5, 6, 0, 4, 6, 7, 0),
	gsSP2Triangles(8, 9, 10, 0, 8, 10, 11, 0),
	gsSP2Triangles(12, 13, 14, 0, 12, 14, 15, 0),
	gsSP2Triangles(16, 17, 18, 0, 16, 18, 19, 0),
	gsSP2Triangles(20, 21, 22, 0, 20, 22, 23, 0),
	gsSP2Triangles(24, 25, 26, 0, 24, 26, 27, 0),
	gsSP2Triangles(28, 29, 30, 0, 31, 28, 30, 0),
	gsSPVertex(ttm_dl_Plane_mesh_layer_1_vtx_3 + 220, 32, 0),
	gsSP2Triangles(0, 1, 2, 0, 0, 3, 1, 0),
	gsSP2Triangles(4, 5, 6, 0, 7, 4, 6, 0),
	gsSP2Triangles(6, 8, 7, 0, 6, 9, 8, 0),
	gsSP2Triangles(10, 11, 12, 0, 12, 13, 10, 0),
	gsSP2Triangles(12, 14, 13, 0, 15, 16, 17, 0),
	gsSP2Triangles(15, 17, 18, 0, 18, 19, 15, 0),
	gsSP2Triangles(18, 20, 19, 0, 21, 22, 23, 0),
	gsSP2Triangles(21, 23, 24, 0, 25, 26, 27, 0),
	gsSP2Triangles(25, 27, 28, 0, 29, 30, 31, 0),
	gsSPVertex(ttm_dl_Plane_mesh_layer_1_vtx_3 + 252, 31, 0),
	gsSP2Triangles(0, 1, 2, 0, 3, 4, 5, 0),
	gsSP2Triangles(3, 5, 6, 0, 7, 8, 9, 0),
	gsSP2Triangles(7, 9, 10, 0, 11, 12, 13, 0),
	gsSP2Triangles(11, 13, 14, 0, 15, 16, 17, 0),
	gsSP2Triangles(15, 17, 18, 0, 19, 20, 21, 0),
	gsSP2Triangles(19, 21, 22, 0, 23, 24, 25, 0),
	gsSP2Triangles(23, 25, 26, 0, 27, 28, 29, 0),
	gsSP1Triangle(27, 29, 30, 0),
	gsSPVertex(ttm_dl_Plane_mesh_layer_1_vtx_3 + 283, 32, 0),
	gsSP2Triangles(0, 1, 2, 0, 0, 2, 3, 0),
	gsSP2Triangles(4, 5, 6, 0, 4, 6, 7, 0),
	gsSP2Triangles(8, 9, 10, 0, 8, 10, 11, 0),
	gsSP2Triangles(12, 13, 14, 0, 12, 14, 15, 0),
	gsSP2Triangles(16, 17, 18, 0, 16, 18, 19, 0),
	gsSP2Triangles(20, 21, 22, 0, 20, 22, 23, 0),
	gsSP2Triangles(24, 25, 26, 0, 27, 24, 26, 0),
	gsSP2Triangles(26, 28, 27, 0, 26, 29, 28, 0),
	gsSP2Triangles(26, 30, 29, 0, 30, 31, 29, 0),
	gsSPVertex(ttm_dl_Plane_mesh_layer_1_vtx_3 + 315, 31, 0),
	gsSP2Triangles(0, 1, 2, 0, 0, 3, 1, 0),
	gsSP2Triangles(1, 4, 2, 0, 5, 6, 7, 0),
	gsSP2Triangles(2, 8, 9, 0, 2, 9, 5, 0),
	gsSP2Triangles(9, 10, 5, 0, 11, 12, 13, 0),
	gsSP2Triangles(11, 13, 14, 0, 15, 16, 17, 0),
	gsSP2Triangles(15, 17, 18, 0, 19, 20, 21, 0),
	gsSP2Triangles(19, 21, 22, 0, 23, 24, 25, 0),
	gsSP2Triangles(23, 25, 26, 0, 27, 28, 29, 0),
	gsSP1Triangle(27, 29, 30, 0),
	gsSPVertex(ttm_dl_Plane_mesh_layer_1_vtx_3 + 346, 16, 0),
	gsSP2Triangles(0, 1, 2, 0, 0, 2, 3, 0),
	gsSP2Triangles(4, 5, 6, 0, 7, 4, 6, 0),
	gsSP2Triangles(6, 8, 7, 0, 6, 9, 8, 0),
	gsSP2Triangles(10, 11, 12, 0, 13, 10, 12, 0),
	gsSP2Triangles(12, 14, 13, 0, 12, 15, 14, 0),
	gsSPEndDisplayList(),
};

Vtx ttm_dl_Plane_mesh_layer_1_vtx_4[372] = {
	{{ {273, 821, -598}, 0, {3404, -1146}, {125, 0, 24, 255} }},
	{{ {273, 530, -598}, 0, {3404, -33}, {125, 0, 24, 255} }},
	{{ {321, 530, -848}, 0, {4554, -33}, {125, 0, 24, 255} }},
	{{ {321, 837, -848}, 0, {4554, -1207}, {125, 0, 24, 255} }},
	{{ {273, 890, -598}, 0, {3404, -1413}, {125, 0, 24, 255} }},
	{{ {273, 906, -598}, 0, {3404, -1472}, {125, 0, 24, 255} }},
	{{ {273, 1060, -598}, 0, {3404, -2063}, {125, 0, 24, 255} }},
	{{ {321, 1060, -848}, 0, {4554, -2063}, {125, 0, 24, 255} }},
	{{ {321, 906, -848}, 0, {4554, -1472}, {125, 0, 24, 255} }},
	{{ {-304, 808, -598}, 0, {-1335, -1096}, {0, 0, 127, 255} }},
	{{ {-304, 530, -599}, 0, {-1335, -30}, {0, 0, 127, 255} }},
	{{ {273, 530, -598}, 0, {1334, -33}, {0, 0, 127, 255} }},
	{{ {-304, 906, -598}, 0, {-1335, -1472}, {0, 0, 127, 255} }},
	{{ {273, 1060, -598}, 0, {1334, -2063}, {0, 0, 127, 255} }},
	{{ {273, 890, -598}, 0, {1334, -1413}, {0, 0, 127, 255} }},
	{{ {273, 821, -598}, 0, {1334, -1146}, {0, 0, 127, 255} }},
	{{ {273, 906, -598}, 0, {1334, -1472}, {0, 0, 127, 255} }},
	{{ {-304, 1060, -598}, 0, {-1335, -2063}, {0, 0, 127, 255} }},
	{{ {-304, 1023, -598}, 0, {-1335, -1922}, {0, 0, 127, 255} }},
	{{ {1890, 876, -825}, 0, {4803, -1357}, {154, 0, 75, 255} }},
	{{ {1890, 530, -825}, 0, {4803, -33}, {154, 0, 75, 255} }},
	{{ {2054, 530, -603}, 0, {3432, -33}, {154, 0, 75, 255} }},
	{{ {2054, 817, -603}, 0, {3432, -1132}, {154, 0, 75, 255} }},
	{{ {1890, 906, -825}, 0, {4803, -1472}, {154, 0, 75, 255} }},
	{{ {2054, 906, -603}, 0, {3432, -1472}, {154, 0, 75, 255} }},
	{{ {2054, 1060, -603}, 0, {3432, -2063}, {154, 0, 75, 255} }},
	{{ {1890, 1060, -825}, 0, {4803, -2063}, {154, 0, 75, 255} }},
	{{ {321, 837, -848}, 0, {1554, -1207}, {0, 0, 127, 255} }},
	{{ {321, 530, -848}, 0, {1554, -33}, {0, 0, 127, 255} }},
	{{ {624, 530, -848}, 0, {2953, -33}, {0, 0, 127, 255} }},
	{{ {624, 906, -848}, 0, {2953, -1472}, {0, 0, 127, 255} }},
	{{ {321, 906, -848}, 0, {1554, -1472}, {0, 0, 127, 255} }},
	{{ {624, 906, -848}, 0, {2953, -1472}, {0, 0, 127, 255} }},
	{{ {321, 1060, -848}, 0, {1554, -2063}, {0, 0, 127, 255} }},
	{{ {321, 906, -848}, 0, {1554, -1472}, {0, 0, 127, 255} }},
	{{ {624, 1060, -848}, 0, {2953, -2063}, {0, 0, 127, 255} }},
	{{ {624, 906, -848}, 0, {4565, -1472}, {70, 0, 106, 255} }},
	{{ {624, 530, -848}, 0, {4565, -33}, {70, 0, 106, 255} }},
	{{ {865, 530, -1009}, 0, {5650, -33}, {70, 0, 106, 255} }},
	{{ {865, 906, -1009}, 0, {5650, -1472}, {70, 0, 106, 255} }},
	{{ {624, 1060, -848}, 0, {4565, -2063}, {70, 0, 106, 255} }},
	{{ {865, 1060, -1009}, 0, {5650, -2063}, {70, 0, 106, 255} }},
	{{ {310, 1060, 667}, 0, {1502, -2063}, {0, 0, 129, 255} }},
	{{ {562, 1060, 667}, 0, {2667, -2063}, {0, 0, 129, 255} }},
	{{ {562, 906, 667}, 0, {2667, -1472}, {0, 0, 129, 255} }},
	{{ {562, 883, 667}, 0, {2667, -1387}, {0, 0, 129, 255} }},
	{{ {562, 697, 667}, 0, {2667, -673}, {0, 0, 129, 255} }},
	{{ {310, 989, 667}, 0, {1502, -1792}, {0, 0, 129, 255} }},
	{{ {310, 530, 667}, 0, {1502, -30}, {0, 0, 129, 255} }},
	{{ {562, 530, 667}, 0, {2667, -30}, {0, 0, 129, 255} }},
	{{ {310, 906, 667}, 0, {1502, -1472}, {0, 0, 129, 255} }},
	{{ {865, 906, -1009}, 0, {4068, -1472}, {0, 0, 127, 255} }},
	{{ {865, 530, -1009}, 0, {4068, -33}, {0, 0, 127, 255} }},
	{{ {1373, 530, -1009}, 0, {6418, -33}, {0, 0, 127, 255} }},
	{{ {1373, 906, -1009}, 0, {6418, -1472}, {0, 0, 127, 255} }},
	{{ {865, 1060, -1009}, 0, {4068, -2063}, {0, 0, 127, 255} }},
	{{ {1373, 1060, -1009}, 0, {6418, -2063}, {0, 0, 127, 255} }},
	{{ {174, 530, 827}, 0, {-5379, -30}, {159, 0, 174, 255} }},
	{{ {174, 1042, 827}, 0, {-5379, -1994}, {159, 0, 174, 255} }},
	{{ {174, 906, 827}, 0, {-5379, -1472}, {159, 0, 174, 255} }},
	{{ {310, 1060, 667}, 0, {-4394, -2063}, {159, 0, 174, 255} }},
	{{ {174, 1060, 827}, 0, {-5379, -2063}, {159, 0, 174, 255} }},
	{{ {310, 906, 667}, 0, {-4394, -1472}, {159, 0, 174, 255} }},
	{{ {310, 530, 667}, 0, {-4394, -30}, {159, 0, 174, 255} }},
	{{ {310, 906, 667}, 0, {-4394, -1472}, {159, 0, 174, 255} }},
	{{ {310, 989, 667}, 0, {-4394, -1792}, {159, 0, 174, 255} }},
	{{ {310, 530, 667}, 0, {-4394, -30}, {159, 0, 174, 255} }},
	{{ {1373, 906, -1009}, 0, {5932, -1472}, {157, 0, 79, 255} }},
	{{ {1373, 530, -1009}, 0, {5932, -33}, {157, 0, 79, 255} }},
	{{ {1667, 530, -638}, 0, {3651, -33}, {157, 0, 79, 255} }},
	{{ {1667, 834, -640}, 0, {3663, -1199}, {157, 0, 79, 255} }},
	{{ {1667, 906, -641}, 0, {3665, -1472}, {157, 0, 79, 255} }},
	{{ {1667, 1060, -641}, 0, {3666, -2063}, {157, 0, 79, 255} }},
	{{ {1373, 1060, -1009}, 0, {5933, -2063}, {157, 0, 79, 255} }},
	{{ {-386, 1060, 675}, 0, {-4443, -2063}, {99, 0, 176, 255} }},
	{{ {-263, 1060, 827}, 0, {-5379, -2063}, {99, 0, 176, 255} }},
	{{ {-263, 959, 827}, 0, {-5379, -1676}, {99, 0, 176, 255} }},
	{{ {-263, 906, 827}, 0, {-5379, -1472}, {99, 0, 176, 255} }},
	{{ {-386, 914, 675}, 0, {-4443, -1505}, {99, 0, 176, 255} }},
	{{ {-386, 530, 675}, 0, {-4443, -30}, {99, 0, 176, 255} }},
	{{ {-263, 530, 827}, 0, {-5379, -30}, {99, 0, 176, 255} }},
	{{ {-386, 1018, 675}, 0, {-4443, -1903}, {99, 0, 176, 255} }},
	{{ {-386, 906, 675}, 0, {-4443, -1472}, {99, 0, 176, 255} }},
	{{ {562, 906, 667}, 0, {-4394, -1472}, {103, 0, 181, 255} }},
	{{ {562, 1060, 667}, 0, {-4394, -2063}, {103, 0, 181, 255} }},
	{{ {678, 1060, 827}, 0, {-5379, -2063}, {103, 0, 181, 255} }},
	{{ {678, 906, 827}, 0, {-5379, -1472}, {103, 0, 181, 255} }},
	{{ {562, 883, 667}, 0, {-4394, -1387}, {103, 0, 181, 255} }},
	{{ {678, 722, 827}, 0, {-5379, -767}, {103, 0, 181, 255} }},
	{{ {562, 697, 667}, 0, {-4394, -673}, {103, 0, 181, 255} }},
	{{ {562, 530, 667}, 0, {-4394, -30}, {103, 0, 181, 255} }},
	{{ {678, 530, 827}, 0, {-5379, -30}, {103, 0, 181, 255} }},
	{{ {1667, 834, -640}, 0, {7778, -1199}, {2, 0, 127, 255} }},
	{{ {1667, 530, -638}, 0, {7778, -33}, {2, 0, 127, 255} }},
	{{ {1696, 530, -640}, 0, {7912, -33}, {2, 0, 127, 255} }},
	{{ {1667, 906, -641}, 0, {7778, -1472}, {2, 0, 127, 255} }},
	{{ {1696, 530, -640}, 0, {7912, -33}, {2, 0, 127, 255} }},
	{{ {1696, 906, -641}, 0, {7912, -1472}, {2, 0, 127, 255} }},
	{{ {1667, 906, -641}, 0, {7778, -1472}, {2, 0, 127, 255} }},
	{{ {1696, 835, -640}, 0, {7912, -1201}, {2, 0, 127, 255} }},
	{{ {1667, 1060, -641}, 0, {7778, -2063}, {2, 0, 127, 255} }},
	{{ {1696, 1060, -641}, 0, {7912, -2063}, {2, 0, 127, 255} }},
	{{ {1696, 835, -640}, 0, {3664, -1201}, {88, 0, 92, 255} }},
	{{ {1696, 530, -640}, 0, {3659, -33}, {88, 0, 92, 255} }},
	{{ {1890, 530, -825}, 0, {4803, -33}, {88, 0, 92, 255} }},
	{{ {1890, 876, -825}, 0, {4803, -1357}, {88, 0, 92, 255} }},
	{{ {1696, 906, -641}, 0, {3665, -1472}, {88, 0, 92, 255} }},
	{{ {1890, 1060, -825}, 0, {4804, -2063}, {88, 0, 92, 255} }},
	{{ {1890, 906, -825}, 0, {4803, -1472}, {88, 0, 92, 255} }},
	{{ {1696, 1060, -641}, 0, {3666, -2063}, {88, 0, 92, 255} }},
	{{ {2054, 817, -603}, 0, {3432, -1132}, {129, 0, 0, 255} }},
	{{ {2054, 530, -603}, 0, {3432, -33}, {129, 0, 0, 255} }},
	{{ {2054, 530, 20}, 0, {-403, -33}, {129, 0, 0, 255} }},
	{{ {2054, 906, 20}, 0, {-403, -1472}, {129, 0, 0, 255} }},
	{{ {2054, 906, -603}, 0, {3432, -1472}, {129, 0, 0, 255} }},
	{{ {2054, 1060, -603}, 0, {3432, -2063}, {129, 0, 0, 255} }},
	{{ {2054, 1060, 20}, 0, {-403, -2063}, {129, 0, 0, 255} }},
	{{ {2054, 906, 20}, 0, {-403, -1472}, {174, 0, 159, 255} }},
	{{ {2054, 530, 20}, 0, {-403, -33}, {174, 0, 159, 255} }},
	{{ {1562, 530, 437}, 0, {-2976, -33}, {174, 0, 159, 255} }},
	{{ {2054, 1060, 20}, 0, {-403, -2063}, {174, 0, 159, 255} }},
	{{ {1103, 906, 827}, 0, {-5379, -1472}, {174, 0, 159, 255} }},
	{{ {1103, 530, 827}, 0, {-5377, -33}, {174, 0, 159, 255} }},
	{{ {1103, 1060, 827}, 0, {-5379, -2063}, {174, 0, 159, 255} }},
	{{ {1103, 906, 827}, 0, {5171, -1472}, {0, 0, 129, 255} }},
	{{ {1103, 530, 827}, 0, {5171, -30}, {0, 0, 129, 255} }},
	{{ {678, 530, 827}, 0, {3202, -30}, {0, 0, 129, 255} }},
	{{ {678, 722, 827}, 0, {3202, -767}, {0, 0, 129, 255} }},
	{{ {1103, 906, 827}, 0, {5171, -1472}, {0, 0, 129, 255} }},
	{{ {678, 722, 827}, 0, {3202, -767}, {0, 0, 129, 255} }},
	{{ {678, 906, 827}, 0, {3202, -1472}, {0, 0, 129, 255} }},
	{{ {737, 1060, 827}, 0, {3476, -2063}, {0, 0, 129, 255} }},
	{{ {678, 1060, 827}, 0, {3202, -2063}, {0, 0, 129, 255} }},
	{{ {1103, 1060, 827}, 0, {5171, -2063}, {0, 0, 129, 255} }},
	{{ {174, 530, 827}, 0, {874, -30}, {0, 0, 129, 255} }},
	{{ {-263, 530, 827}, 0, {-1146, -30}, {0, 0, 129, 255} }},
	{{ {-263, 906, 827}, 0, {-1146, -1472}, {0, 0, 129, 255} }},
	{{ {-263, 959, 827}, 0, {-1146, -1676}, {0, 0, 129, 255} }},
	{{ {174, 1042, 827}, 0, {874, -1994}, {0, 0, 129, 255} }},
	{{ {174, 1060, 827}, 0, {874, -2063}, {0, 0, 129, 255} }},
	{{ {-263, 1060, 827}, 0, {-1146, -2063}, {0, 0, 129, 255} }},
	{{ {174, 906, 827}, 0, {874, -1472}, {0, 0, 129, 255} }},
	{{ {-763, 530, 827}, 0, {-5379, -30}, {155, 0, 179, 255} }},
	{{ {-763, 1007, 827}, 0, {-5379, -1860}, {155, 0, 179, 255} }},
	{{ {-763, 906, 827}, 0, {-5379, -1472}, {155, 0, 179, 255} }},
	{{ {-648, 1060, 675}, 0, {-4443, -2063}, {155, 0, 179, 255} }},
	{{ {-763, 1060, 827}, 0, {-5379, -2063}, {155, 0, 179, 255} }},
	{{ {-648, 906, 675}, 0, {-4443, -1472}, {155, 0, 179, 255} }},
	{{ {-648, 530, 675}, 0, {-4443, -30}, {155, 0, 179, 255} }},
	{{ {-648, 1000, 675}, 0, {-4443, -1834}, {155, 0, 179, 255} }},
	{{ {-648, 530, 675}, 0, {-2927, -30}, {0, 0, 129, 255} }},
	{{ {-648, 1000, 675}, 0, {-2927, -1834}, {0, 0, 129, 255} }},
	{{ {-648, 906, 675}, 0, {-2927, -1472}, {0, 0, 129, 255} }},
	{{ {-386, 1060, 675}, 0, {-1715, -2063}, {0, 0, 129, 255} }},
	{{ {-648, 1060, 675}, 0, {-2927, -2063}, {0, 0, 129, 255} }},
	{{ {-386, 914, 675}, 0, {-1715, -1505}, {0, 0, 129, 255} }},
	{{ {-386, 530, 675}, 0, {-1715, -30}, {0, 0, 129, 255} }},
	{{ {-386, 1018, 675}, 0, {-1715, -1903}, {0, 0, 129, 255} }},
	{{ {-386, 906, 675}, 0, {-1715, -1472}, {0, 0, 129, 255} }},
	{{ {-763, 530, 827}, 0, {-3458, -30}, {0, 0, 129, 255} }},
	{{ {-1029, 530, 827}, 0, {-4685, -30}, {0, 0, 129, 255} }},
	{{ {-1029, 906, 827}, 0, {-4685, -1472}, {0, 0, 129, 255} }},
	{{ {-763, 906, 827}, 0, {-3458, -1472}, {0, 0, 129, 255} }},
	{{ {-763, 1060, 827}, 0, {-3458, -2063}, {0, 0, 129, 255} }},
	{{ {-1029, 1060, 827}, 0, {-4685, -2063}, {0, 0, 129, 255} }},
	{{ {-763, 1007, 827}, 0, {-3458, -1860}, {0, 0, 129, 255} }},
	{{ {-1029, 906, 827}, 0, {-5379, -1472}, {86, 0, 162, 255} }},
	{{ {-1029, 529, 827}, 0, {-5379, -28}, {86, 0, 162, 255} }},
	{{ {-1725, 530, 188}, 0, {-1441, -30}, {86, 0, 162, 255} }},
	{{ {-1029, 1060, 827}, 0, {-5379, -2063}, {86, 0, 162, 255} }},
	{{ {-1939, 906, -8}, 0, {-231, -1472}, {86, 0, 162, 255} }},
	{{ {-1939, 530, -8}, 0, {-231, -30}, {86, 0, 162, 255} }},
	{{ {-1939, 1060, -8}, 0, {-231, -2063}, {86, 0, 162, 255} }},
	{{ {-1939, 906, -8}, 0, {-231, -1472}, {127, 0, 0, 255} }},
	{{ {-1939, 530, -8}, 0, {-231, -30}, {127, 0, 0, 255} }},
	{{ {-1939, 530, -680}, 0, {3905, -30}, {127, 0, 0, 255} }},
	{{ {-1939, 845, -680}, 0, {3905, -1240}, {127, 0, 0, 255} }},
	{{ {-1939, 906, -680}, 0, {3905, -1472}, {127, 0, 0, 255} }},
	{{ {-1939, 1060, -680}, 0, {3905, -2063}, {127, 0, 0, 255} }},
	{{ {-1939, 1060, -8}, 0, {-231, -2063}, {127, 0, 0, 255} }},
	{{ {-1749, 861, -887}, 0, {5185, -1300}, {170, 0, 93, 255} }},
	{{ {-1749, 530, -887}, 0, {5185, -30}, {170, 0, 93, 255} }},
	{{ {-1508, 530, -665}, 0, {3814, -30}, {170, 0, 93, 255} }},
	{{ {-1508, 906, -665}, 0, {3814, -1472}, {170, 0, 93, 255} }},
	{{ {-1749, 906, -887}, 0, {5185, -1472}, {170, 0, 93, 255} }},
	{{ {-1749, 1060, -887}, 0, {5185, -2063}, {170, 0, 93, 255} }},
	{{ {-1508, 1060, -665}, 0, {3814, -2063}, {170, 0, 93, 255} }},
	{{ {-1508, 906, -665}, 0, {-6901, -1472}, {201, 0, 114, 255} }},
	{{ {-1508, 530, -665}, 0, {-6901, -30}, {201, 0, 114, 255} }},
	{{ {-1458, 530, -642}, 0, {-6673, -30}, {201, 0, 114, 255} }},
	{{ {-1463, 906, -643}, 0, {-6695, -1472}, {201, 0, 114, 255} }},
	{{ {-1463, 906, -643}, 0, {-6695, -1472}, {201, 0, 114, 255} }},
	{{ {-1508, 1060, -665}, 0, {-6902, -2063}, {201, 0, 114, 255} }},
	{{ {-1508, 906, -665}, 0, {-6901, -1472}, {201, 0, 114, 255} }},
	{{ {-1463, 1060, -643}, 0, {-6695, -2063}, {201, 0, 114, 255} }},
	{{ {-1463, 906, -643}, 0, {3677, -1472}, {121, 1, 38, 255} }},
	{{ {-1458, 530, -642}, 0, {3675, -30}, {121, 1, 38, 255} }},
	{{ {-1340, 530, -1027}, 0, {6048, -30}, {121, 1, 38, 255} }},
	{{ {-1340, 1060, -1027}, 0, {6049, -2063}, {121, 1, 38, 255} }},
	{{ {-1340, 906, -1027}, 0, {6048, -1472}, {121, 1, 38, 255} }},
	{{ {-1463, 1060, -643}, 0, {3677, -2063}, {121, 1, 38, 255} }},
	{{ {-1340, 906, -1027}, 0, {-6125, -1472}, {0, 0, 127, 255} }},
	{{ {-1340, 530, -1027}, 0, {-6125, -30}, {0, 0, 127, 255} }},
	{{ {-954, 530, -1027}, 0, {-4342, -30}, {0, 0, 127, 255} }},
	{{ {-1340, 1060, -1027}, 0, {-6125, -2063}, {0, 0, 127, 255} }},
	{{ {-954, 990, -1027}, 0, {-4342, -1796}, {0, 0, 127, 255} }},
	{{ {-954, 1060, -1027}, 0, {-4342, -2063}, {0, 0, 127, 255} }},
	{{ {-954, 906, -1027}, 0, {-4342, -1472}, {0, 0, 127, 255} }},
	{{ {-688, 530, -837}, 0, {1221, 2024}, {182, 0, 103, 255} }},
	{{ {-688, 938, -837}, 0, {1221, 452}, {182, 0, 103, 255} }},
	{{ {-688, 906, -837}, 0, {1221, 568}, {182, 0, 103, 255} }},
	{{ {-954, 1060, -1027}, 0, {-229, 24}, {182, 0, 103, 255} }},
	{{ {-688, 1060, -837}, 0, {1221, 24}, {182, 0, 103, 255} }},
	{{ {-954, 906, -1027}, 0, {-229, 568}, {182, 0, 103, 255} }},
	{{ {-954, 530, -1027}, 0, {-229, 2024}, {182, 0, 103, 255} }},
	{{ {-954, 990, -1027}, 0, {-229, 269}, {182, 0, 103, 255} }},
	{{ {-688, 530, -837}, 0, {-3113, -30}, {0, 0, 127, 255} }},
	{{ {-415, 530, -837}, 0, {-1849, -30}, {0, 0, 127, 255} }},
	{{ {-415, 899, -837}, 0, {-1849, -1448}, {0, 0, 127, 255} }},
	{{ {-415, 906, -837}, 0, {-1849, -1472}, {0, 0, 127, 255} }},
	{{ {-688, 938, -837}, 0, {-3113, -1598}, {0, 0, 127, 255} }},
	{{ {-688, 1060, -837}, 0, {-3113, -2063}, {0, 0, 127, 255} }},
	{{ {-415, 1060, -837}, 0, {-1849, -2063}, {0, 0, 127, 255} }},
	{{ {-688, 1060, -837}, 0, {-3113, -2063}, {0, 0, 127, 255} }},
	{{ {-688, 906, -837}, 0, {-3113, -1472}, {0, 0, 127, 255} }},
	{{ {-688, 938, -837}, 0, {-3113, -1598}, {0, 0, 127, 255} }},
	{{ {-415, 899, -837}, 0, {4690, -1448}, {141, 0, 54, 255} }},
	{{ {-415, 530, -837}, 0, {4690, -30}, {141, 0, 54, 255} }},
	{{ {-304, 530, -599}, 0, {3410, -30}, {141, 0, 54, 255} }},
	{{ {-304, 808, -598}, 0, {3405, -1096}, {141, 0, 54, 255} }},
	{{ {-415, 906, -837}, 0, {4690, -1471}, {141, 0, 54, 255} }},
	{{ {-304, 1060, -598}, 0, {3404, -2063}, {141, 0, 54, 255} }},
	{{ {-304, 1023, -598}, 0, {3404, -1922}, {141, 0, 54, 255} }},
	{{ {-304, 906, -598}, 0, {3404, -1472}, {141, 0, 54, 255} }},
	{{ {-415, 1060, -837}, 0, {4690, -2062}, {141, 0, 54, 255} }},
	{{ {-1749, 906, -887}, 0, {5185, -1472}, {94, 0, 86, 255} }},
	{{ {-1749, 1060, -887}, 0, {5185, -2063}, {94, 0, 86, 255} }},
	{{ {-1939, 1060, -680}, 0, {3905, -2063}, {94, 0, 86, 255} }},
	{{ {-1939, 906, -680}, 0, {3905, -1472}, {94, 0, 86, 255} }},
	{{ {-1749, 861, -887}, 0, {5185, -1300}, {94, 0, 86, 255} }},
	{{ {-1939, 845, -680}, 0, {3905, -1240}, {94, 0, 86, 255} }},
	{{ {-1939, 530, -680}, 0, {3905, -30}, {94, 0, 86, 255} }},
	{{ {-1749, 530, -887}, 0, {5185, -30}, {94, 0, 86, 255} }},
	{{ {865, 906, -1009}, 0, {-16, 2032}, {129, 0, 0, 0} }},
	{{ {865, 319, -1009}, 0, {-16, 2032}, {129, 0, 0, 0} }},
	{{ {865, 530, -1009}, 0, {-16, 2032}, {129, 0, 0, 0} }},
	{{ {865, 0, -1009}, 0, {-16, 2032}, {129, 0, 0, 0} }},
	{{ {865, 1060, -1009}, 0, {-16, 2032}, {129, 0, 0, 0} }},
	{{ {314, 1222, -559}, 0, {562, 964}, {0, 226, 123, 255} }},
	{{ {-336, 1222, -559}, 0, {395, 964}, {0, 226, 123, 255} }},
	{{ {-304, 1060, -598}, 0, {403, 1052}, {0, 226, 123, 255} }},
	{{ {273, 1060, -598}, 0, {551, 1052}, {0, 226, 123, 255} }},
	{{ {1992, 1222, 5}, 0, {460, 964}, {137, 211, 0, 255} }},
	{{ {1992, 1222, -591}, 0, {664, 964}, {137, 211, 0, 255} }},
	{{ {2054, 1060, -603}, 0, {668, 1052}, {137, 211, 0, 255} }},
	{{ {1992, 1222, 5}, 0, {460, 964}, {137, 211, 0, 255} }},
	{{ {2054, 1060, -603}, 0, {668, 1052}, {137, 211, 0, 255} }},
	{{ {2054, 1060, 20}, 0, {455, 1052}, {137, 211, 0, 255} }},
	{{ {-1878, 1222, -665}, 0, {689, 964}, {119, 211, 0, 255} }},
	{{ {-1878, 1222, -22}, 0, {469, 964}, {119, 211, 0, 255} }},
	{{ {-1939, 1060, -8}, 0, {465, 1052}, {119, 211, 0, 255} }},
	{{ {-1939, 1060, -680}, 0, {694, 1052}, {119, 211, 0, 255} }},
	{{ {-1735, 1222, -822}, 0, {743, 964}, {89, 215, 81, 255} }},
	{{ {-1878, 1222, -665}, 0, {689, 964}, {89, 215, 81, 255} }},
	{{ {-1939, 1060, -680}, 0, {694, 1052}, {89, 215, 81, 255} }},
	{{ {-1749, 1060, -887}, 0, {765, 1052}, {89, 215, 81, 255} }},
	{{ {-1531, 1222, -634}, 0, {679, 964}, {172, 227, 91, 255} }},
	{{ {-1735, 1222, -822}, 0, {743, 964}, {172, 227, 91, 255} }},
	{{ {-1749, 1060, -887}, 0, {765, 1052}, {172, 227, 91, 255} }},
	{{ {-1508, 1060, -665}, 0, {689, 1052}, {172, 227, 91, 255} }},
	{{ {-1293, 1222, -986}, 0, {799, 964}, {114, 214, 37, 255} }},
	{{ {-1423, 1222, -580}, 0, {660, 964}, {114, 214, 37, 255} }},
	{{ {-1463, 1060, -643}, 0, {681, 1052}, {114, 214, 37, 255} }},
	{{ {-1340, 1060, -1027}, 0, {813, 1052}, {114, 214, 37, 255} }},
	{{ {-968, 1222, -986}, 0, {233, 964}, {0, 224, 123, 255} }},
	{{ {-1293, 1222, -986}, 0, {150, 964}, {0, 224, 123, 255} }},
	{{ {-1340, 1060, -1027}, 0, {138, 1052}, {0, 224, 123, 255} }},
	{{ {-954, 1060, -1027}, 0, {237, 1052}, {0, 224, 123, 255} }},
	{{ {-704, 1222, -796}, 0, {301, 964}, {184, 224, 100, 255} }},
	{{ {-968, 1222, -986}, 0, {233, 964}, {184, 224, 100, 255} }},
	{{ {-954, 1060, -1027}, 0, {237, 1052}, {184, 224, 100, 255} }},
	{{ {-688, 1060, -837}, 0, {305, 1052}, {184, 224, 100, 255} }},
	{{ {-447, 1222, -796}, 0, {367, 964}, {0, 225, 123, 255} }},
	{{ {-704, 1222, -796}, 0, {301, 964}, {0, 225, 123, 255} }},
	{{ {-688, 1060, -837}, 0, {305, 1052}, {0, 225, 123, 255} }},
	{{ {-415, 1060, -837}, 0, {375, 1052}, {0, 225, 123, 255} }},
	{{ {-336, 1222, -559}, 0, {653, 964}, {145, 221, 52, 255} }},
	{{ {-447, 1222, -796}, 0, {734, 964}, {145, 221, 52, 255} }},
	{{ {-415, 1060, -837}, 0, {748, 1052}, {145, 221, 52, 255} }},
	{{ {-304, 1060, -598}, 0, {666, 1052}, {145, 221, 52, 255} }},
	{{ {361, 1222, -807}, 0, {738, 964}, {120, 220, 23, 255} }},
	{{ {314, 1222, -559}, 0, {653, 964}, {120, 220, 23, 255} }},
	{{ {273, 1060, -598}, 0, {666, 1052}, {120, 220, 23, 255} }},
	{{ {321, 1060, -848}, 0, {752, 1052}, {120, 220, 23, 255} }},
	{{ {638, 1222, -807}, 0, {645, 964}, {0, 225, 123, 255} }},
	{{ {361, 1222, -807}, 0, {574, 964}, {0, 225, 123, 255} }},
	{{ {321, 1060, -848}, 0, {564, 1052}, {0, 225, 123, 255} }},
	{{ {624, 1060, -848}, 0, {641, 1052}, {0, 225, 123, 255} }},
	{{ {878, 1222, -967}, 0, {707, 964}, {68, 224, 102, 255} }},
	{{ {638, 1222, -807}, 0, {645, 964}, {68, 224, 102, 255} }},
	{{ {624, 1060, -848}, 0, {641, 1052}, {68, 224, 102, 255} }},
	{{ {865, 1060, -1009}, 0, {703, 1052}, {68, 224, 102, 255} }},
	{{ {1337, 1222, -967}, 0, {824, 964}, {0, 224, 123, 255} }},
	{{ {878, 1222, -967}, 0, {707, 964}, {0, 224, 123, 255} }},
	{{ {865, 1060, -1009}, 0, {703, 1052}, {0, 224, 123, 255} }},
	{{ {1373, 1060, -1009}, 0, {833, 1052}, {0, 224, 123, 255} }},
	{{ {1630, 1222, -601}, 0, {667, 964}, {162, 216, 75, 255} }},
	{{ {1337, 1222, -967}, 0, {792, 964}, {162, 216, 75, 255} }},
	{{ {1373, 1060, -1009}, 0, {807, 1052}, {162, 216, 75, 255} }},
	{{ {1667, 1060, -641}, 0, {681, 1052}, {162, 216, 75, 255} }},
	{{ {1872, 1222, -755}, 0, {720, 964}, {85, 227, 90, 255} }},
	{{ {1710, 1222, -601}, 0, {667, 964}, {85, 227, 90, 255} }},
	{{ {1696, 1060, -641}, 0, {681, 1052}, {85, 227, 90, 255} }},
	{{ {1890, 1060, -825}, 0, {744, 1052}, {85, 227, 90, 255} }},
	{{ {1992, 1222, -591}, 0, {664, 964}, {159, 214, 71, 255} }},
	{{ {1872, 1222, -755}, 0, {720, 964}, {159, 214, 71, 255} }},
	{{ {1890, 1060, -825}, 0, {744, 1052}, {159, 214, 71, 255} }},
	{{ {2054, 1060, -603}, 0, {668, 1052}, {159, 214, 71, 255} }},
	{{ {-1423, 1222, -580}, 0, {116, 964}, {201, 227, 111, 255} }},
	{{ {-1531, 1222, -634}, 0, {89, 964}, {201, 227, 111, 255} }},
	{{ {-1508, 1060, -665}, 0, {95, 1052}, {201, 227, 111, 255} }},
	{{ {-1463, 1060, -643}, 0, {106, 1052}, {201, 227, 111, 255} }},
	{{ {1710, 1222, -601}, 0, {920, 964}, {0, 226, 123, 255} }},
	{{ {1630, 1222, -601}, 0, {899, 964}, {0, 226, 123, 255} }},
	{{ {1667, 1060, -641}, 0, {909, 1052}, {0, 226, 123, 255} }},
	{{ {1696, 1060, -641}, 0, {916, 1052}, {0, 226, 123, 255} }},
	{{ {-999, 1222, 784}, 0, {225, 964}, {0, 224, 133, 255} }},
	{{ {-787, 1222, 784}, 0, {280, 964}, {0, 224, 133, 255} }},
	{{ {-763, 1060, 827}, 0, {286, 1052}, {0, 224, 133, 255} }},
	{{ {-1029, 1060, 827}, 0, {218, 1052}, {0, 224, 133, 255} }},
	{{ {-787, 1222, 784}, 0, {194, 964}, {158, 222, 182, 255} }},
	{{ {-672, 1222, 633}, 0, {245, 964}, {158, 222, 182, 255} }},
	{{ {-648, 1060, 675}, 0, {231, 1052}, {158, 222, 182, 255} }},
	{{ {-763, 1060, 827}, 0, {179, 1052}, {158, 222, 182, 255} }},
	{{ {-672, 1222, 633}, 0, {309, 964}, {0, 224, 133, 255} }},
	{{ {-356, 1222, 633}, 0, {390, 964}, {0, 224, 133, 255} }},
	{{ {-386, 1060, 675}, 0, {382, 1052}, {0, 224, 133, 255} }},
	{{ {-648, 1060, 675}, 0, {315, 1052}, {0, 224, 133, 255} }},
	{{ {-356, 1222, 633}, 0, {245, 964}, {94, 219, 180, 255} }},
	{{ {-234, 1222, 784}, 0, {194, 964}, {94, 219, 180, 255} }},
	{{ {-263, 1060, 827}, 0, {179, 1052}, {94, 219, 180, 255} }},
	{{ {-386, 1060, 675}, 0, {231, 1052}, {94, 219, 180, 255} }},
	{{ {-234, 1222, 784}, 0, {421, 964}, {0, 224, 133, 255} }},
	{{ {146, 1222, 784}, 0, {519, 964}, {0, 224, 133, 255} }},
	{{ {174, 1060, 827}, 0, {526, 1052}, {0, 224, 133, 255} }},
	{{ {-263, 1060, 827}, 0, {414, 1052}, {0, 224, 133, 255} }},
	{{ {146, 1222, 784}, 0, {194, 964}, {163, 219, 177, 255} }},
	{{ {281, 1222, 625}, 0, {248, 964}, {163, 219, 177, 255} }},
	{{ {310, 1060, 667}, 0, {234, 1052}, {163, 219, 177, 255} }},
	{{ {174, 1060, 827}, 0, {179, 1052}, {163, 219, 177, 255} }},
	{{ {281, 1222, 625}, 0, {553, 964}, {0, 224, 133, 255} }},
	{{ {587, 1222, 626}, 0, {632, 964}, {0, 224, 133, 255} }},
	{{ {562, 1060, 667}, 0, {625, 1052}, {0, 224, 133, 255} }},
	{{ {310, 1060, 667}, 0, {561, 1052}, {0, 224, 133, 255} }},
	{{ {587, 1222, 626}, 0, {248, 964}, {99, 222, 184, 255} }},
	{{ {702, 1222, 784}, 0, {194, 964}, {99, 222, 184, 255} }},
	{{ {678, 1060, 827}, 0, {179, 1052}, {99, 222, 184, 255} }},
	{{ {562, 1060, 667}, 0, {234, 1052}, {99, 222, 184, 255} }},
	{{ {702, 1222, 784}, 0, {661, 964}, {0, 224, 133, 255} }},
	{{ {737, 1060, 827}, 0, {670, 1052}, {0, 224, 133, 255} }},
	{{ {678, 1060, 827}, 0, {655, 1052}, {0, 224, 133, 255} }},
	{{ {732, 1222, 784}, 0, {669, 964}, {0, 224, 133, 255} }},
	{{ {1103, 1060, 827}, 0, {764, 1052}, {0, 224, 133, 255} }},
	{{ {1075, 1222, 784}, 0, {757, 964}, {0, 224, 133, 255} }},
	{{ {-1878, 1222, -22}, 0, {469, 964}, {82, 218, 167, 255} }},
	{{ {-999, 1222, 784}, 0, {194, 964}, {82, 218, 167, 255} }},
	{{ {-1029, 1060, 827}, 0, {179, 1052}, {82, 218, 167, 255} }},
	{{ {-1939, 1060, -8}, 0, {465, 1052}, {82, 218, 167, 255} }},
	{{ {1075, 1222, 784}, 0, {194, 964}, {178, 218, 164, 255} }},
	{{ {1992, 1222, 5}, 0, {460, 964}, {178, 218, 164, 255} }},
	{{ {2054, 1060, 20}, 0, {455, 1052}, {178, 218, 164, 255} }},
	{{ {1103, 1060, 827}, 0, {179, 1052}, {178, 218, 164, 255} }},
};

Gfx ttm_dl_Plane_mesh_layer_1_tri_4[] = {
	gsSPVertex(ttm_dl_Plane_mesh_layer_1_vtx_4 + 0, 32, 0),
	gsSP2Triangles(0, 1, 2, 0, 0, 2, 3, 0),
	gsSP2Triangles(4, 0, 3, 0, 5, 4, 3, 0),
	gsSP2Triangles(3, 6, 5, 0, 3, 7, 6, 0),
	gsSP2Triangles(3, 8, 7, 0, 9, 10, 11, 0),
	gsSP2Triangles(12, 9, 11, 0, 11, 13, 12, 0),
	gsSP2Triangles(11, 14, 13, 0, 11, 15, 14, 0),
	gsSP2Triangles(14, 16, 13, 0, 13, 17, 18, 0),
	gsSP2Triangles(13, 18, 12, 0, 19, 20, 21, 0),
	gsSP2Triangles(19, 21, 22, 0, 23, 19, 22, 0),
	gsSP2Triangles(22, 24, 23, 0, 24, 25, 23, 0),
	gsSP2Triangles(25, 26, 23, 0, 27, 28, 29, 0),
	gsSP2Triangles(27, 29, 30, 0, 30, 31, 27, 0),
	gsSPVertex(ttm_dl_Plane_mesh_layer_1_vtx_4 + 32, 32, 0),
	gsSP2Triangles(0, 1, 2, 0, 0, 3, 1, 0),
	gsSP2Triangles(4, 5, 6, 0, 4, 6, 7, 0),
	gsSP2Triangles(7, 8, 4, 0, 7, 9, 8, 0),
	gsSP2Triangles(10, 11, 12, 0, 10, 12, 13, 0),
	gsSP2Triangles(10, 13, 14, 0, 15, 10, 14, 0),
	gsSP2Triangles(14, 16, 15, 0, 14, 17, 16, 0),
	gsSP2Triangles(15, 18, 10, 0, 19, 20, 21, 0),
	gsSP2Triangles(19, 21, 22, 0, 22, 23, 19, 0),
	gsSP2Triangles(22, 24, 23, 0, 25, 26, 27, 0),
	gsSP2Triangles(25, 27, 28, 0, 27, 29, 28, 0),
	gsSP2Triangles(25, 28, 30, 0, 30, 31, 25, 0),
	gsSPVertex(ttm_dl_Plane_mesh_layer_1_vtx_4 + 64, 32, 0),
	gsSP2Triangles(0, 1, 2, 0, 3, 4, 5, 0),
	gsSP2Triangles(3, 5, 6, 0, 3, 6, 7, 0),
	gsSP2Triangles(7, 8, 3, 0, 8, 9, 3, 0),
	gsSP2Triangles(10, 11, 12, 0, 10, 12, 13, 0),
	gsSP2Triangles(14, 10, 13, 0, 14, 13, 15, 0),
	gsSP2Triangles(13, 16, 15, 0, 15, 17, 14, 0),
	gsSP2Triangles(17, 18, 14, 0, 19, 20, 21, 0),
	gsSP2Triangles(19, 21, 22, 0, 23, 19, 22, 0),
	gsSP2Triangles(23, 22, 24, 0, 25, 23, 24, 0),
	gsSP2Triangles(24, 26, 25, 0, 24, 27, 26, 0),
	gsSP2Triangles(28, 29, 30, 0, 31, 28, 30, 0),
	gsSPVertex(ttm_dl_Plane_mesh_layer_1_vtx_4 + 96, 32, 0),
	gsSP2Triangles(0, 1, 2, 0, 0, 3, 1, 0),
	gsSP2Triangles(1, 4, 2, 0, 1, 5, 4, 0),
	gsSP2Triangles(6, 7, 8, 0, 6, 8, 9, 0),
	gsSP2Triangles(10, 6, 9, 0, 9, 11, 10, 0),
	gsSP2Triangles(9, 12, 11, 0, 11, 13, 10, 0),
	gsSP2Triangles(14, 15, 16, 0, 14, 16, 17, 0),
	gsSP2Triangles(17, 18, 14, 0, 17, 19, 18, 0),
	gsSP2Triangles(17, 20, 19, 0, 21, 22, 23, 0),
	gsSP2Triangles(24, 21, 23, 0, 23, 25, 24, 0),
	gsSP2Triangles(23, 26, 25, 0, 25, 27, 24, 0),
	gsSP2Triangles(28, 29, 30, 0, 28, 30, 31, 0),
	gsSPVertex(ttm_dl_Plane_mesh_layer_1_vtx_4 + 128, 31, 0),
	gsSP2Triangles(0, 1, 2, 0, 2, 3, 0, 0),
	gsSP2Triangles(2, 4, 3, 0, 3, 5, 0, 0),
	gsSP2Triangles(6, 7, 8, 0, 6, 8, 9, 0),
	gsSP2Triangles(10, 6, 9, 0, 9, 11, 10, 0),
	gsSP2Triangles(9, 12, 11, 0, 11, 13, 10, 0),
	gsSP2Triangles(14, 15, 16, 0, 14, 16, 17, 0),
	gsSP2Triangles(16, 18, 17, 0, 14, 17, 19, 0),
	gsSP2Triangles(20, 14, 19, 0, 19, 21, 20, 0),
	gsSP2Triangles(22, 23, 24, 0, 22, 24, 25, 0),
	gsSP2Triangles(24, 26, 25, 0, 22, 25, 27, 0),
	gsSP2Triangles(28, 22, 27, 0, 27, 29, 28, 0),
	gsSP1Triangle(27, 30, 29, 0),
	gsSPVertex(ttm_dl_Plane_mesh_layer_1_vtx_4 + 159, 32, 0),
	gsSP2Triangles(0, 1, 2, 0, 0, 2, 3, 0),
	gsSP2Triangles(2, 4, 3, 0, 2, 5, 4, 0),
	gsSP2Triangles(3, 6, 0, 0, 7, 8, 9, 0),
	gsSP2Triangles(10, 7, 9, 0, 9, 11, 10, 0),
	gsSP2Triangles(9, 12, 11, 0, 11, 13, 10, 0),
	gsSP2Triangles(14, 15, 16, 0, 14, 16, 17, 0),
	gsSP2Triangles(14, 17, 18, 0, 18, 19, 14, 0),
	gsSP2Triangles(19, 20, 14, 0, 21, 22, 23, 0),
	gsSP2Triangles(21, 23, 24, 0, 24, 25, 21, 0),
	gsSP2Triangles(24, 26, 25, 0, 24, 27, 26, 0),
	gsSP2Triangles(28, 29, 30, 0, 28, 30, 31, 0),
	gsSPVertex(ttm_dl_Plane_mesh_layer_1_vtx_4 + 191, 32, 0),
	gsSP2Triangles(0, 1, 2, 0, 0, 3, 1, 0),
	gsSP2Triangles(4, 5, 6, 0, 6, 7, 4, 0),
	gsSP2Triangles(6, 8, 7, 0, 7, 9, 4, 0),
	gsSP2Triangles(10, 11, 12, 0, 13, 10, 12, 0),
	gsSP2Triangles(13, 12, 14, 0, 14, 15, 13, 0),
	gsSP2Triangles(14, 16, 15, 0, 17, 18, 19, 0),
	gsSP2Triangles(17, 19, 20, 0, 19, 21, 20, 0),
	gsSP2Triangles(17, 20, 22, 0, 23, 17, 22, 0),
	gsSP2Triangles(22, 24, 23, 0, 25, 26, 27, 0),
	gsSP2Triangles(25, 27, 28, 0, 29, 25, 28, 0),
	gsSP2Triangles(28, 30, 29, 0, 28, 31, 30, 0),
	gsSPVertex(ttm_dl_Plane_mesh_layer_1_vtx_4 + 223, 32, 0),
	gsSP2Triangles(0, 1, 2, 0, 3, 4, 5, 0),
	gsSP2Triangles(3, 5, 6, 0, 7, 3, 6, 0),
	gsSP2Triangles(6, 8, 7, 0, 6, 9, 8, 0),
	gsSP2Triangles(6, 10, 9, 0, 8, 11, 7, 0),
	gsSP2Triangles(12, 13, 14, 0, 12, 14, 15, 0),
	gsSP2Triangles(16, 12, 15, 0, 16, 15, 17, 0),
	gsSP2Triangles(17, 18, 16, 0, 18, 19, 16, 0),
	gsSP2Triangles(20, 21, 22, 0, 20, 22, 23, 0),
	gsSP2Triangles(20, 23, 24, 0, 25, 26, 27, 0),
	gsSP2Triangles(25, 27, 28, 0, 29, 30, 31, 0),
	gsSPVertex(ttm_dl_Plane_mesh_layer_1_vtx_4 + 255, 31, 0),
	gsSP2Triangles(0, 1, 2, 0, 3, 4, 5, 0),
	gsSP2Triangles(3, 5, 6, 0, 7, 8, 9, 0),
	gsSP2Triangles(7, 9, 10, 0, 11, 12, 13, 0),
	gsSP2Triangles(11, 13, 14, 0, 15, 16, 17, 0),
	gsSP2Triangles(15, 17, 18, 0, 19, 20, 21, 0),
	gsSP2Triangles(19, 21, 22, 0, 23, 24, 25, 0),
	gsSP2Triangles(23, 25, 26, 0, 27, 28, 29, 0),
	gsSP1Triangle(27, 29, 30, 0),
	gsSPVertex(ttm_dl_Plane_mesh_layer_1_vtx_4 + 286, 32, 0),
	gsSP2Triangles(0, 1, 2, 0, 0, 2, 3, 0),
	gsSP2Triangles(4, 5, 6, 0, 4, 6, 7, 0),
	gsSP2Triangles(8, 9, 10, 0, 8, 10, 11, 0),
	gsSP2Triangles(12, 13, 14, 0, 12, 14, 15, 0),
	gsSP2Triangles(16, 17, 18, 0, 16, 18, 19, 0),
	gsSP2Triangles(20, 21, 22, 0, 20, 22, 23, 0),
	gsSP2Triangles(24, 25, 26, 0, 24, 26, 27, 0),
	gsSP2Triangles(28, 29, 30, 0, 28, 30, 31, 0),
	gsSPVertex(ttm_dl_Plane_mesh_layer_1_vtx_4 + 318, 32, 0),
	gsSP2Triangles(0, 1, 2, 0, 0, 2, 3, 0),
	gsSP2Triangles(4, 5, 6, 0, 4, 6, 7, 0),
	gsSP2Triangles(8, 9, 10, 0, 8, 10, 11, 0),
	gsSP2Triangles(12, 13, 14, 0, 12, 14, 15, 0),
	gsSP2Triangles(16, 17, 18, 0, 16, 18, 19, 0),
	gsSP2Triangles(20, 21, 22, 0, 20, 22, 23, 0),
	gsSP2Triangles(24, 25, 26, 0, 24, 26, 27, 0),
	gsSP2Triangles(28, 29, 30, 0, 28, 30, 31, 0),
	gsSPVertex(ttm_dl_Plane_mesh_layer_1_vtx_4 + 350, 22, 0),
	gsSP2Triangles(0, 1, 2, 0, 0, 2, 3, 0),
	gsSP2Triangles(4, 5, 6, 0, 4, 6, 7, 0),
	gsSP2Triangles(8, 9, 10, 0, 8, 11, 9, 0),
	gsSP2Triangles(11, 12, 9, 0, 11, 13, 12, 0),
	gsSP2Triangles(14, 15, 16, 0, 14, 16, 17, 0),
	gsSP2Triangles(18, 19, 20, 0, 18, 20, 21, 0),
	gsSPEndDisplayList(),
};

Vtx ttm_dl_Plane_mesh_layer_1_vtx_5[155] = {
	{{ {307, 1396, -403}, 0, {496, 15}, {0, 129, 0, 255} }},
	{{ {343, 1396, -588}, 0, {496, 15}, {0, 129, 0, 255} }},
	{{ {513, 1396, -588}, 0, {496, 15}, {0, 129, 0, 255} }},
	{{ {1184, 1396, -434}, 0, {496, 15}, {0, 129, 0, 255} }},
	{{ {965, 1396, -707}, 0, {496, 15}, {0, 129, 0, 255} }},
	{{ {692, 1396, -707}, 0, {496, 15}, {0, 129, 0, 255} }},
	{{ {1321, 1396, -434}, 0, {496, 15}, {0, 129, 0, 255} }},
	{{ {491, 1396, 371}, 0, {496, 15}, {0, 129, 0, 255} }},
	{{ {577, 1396, 489}, 0, {496, 15}, {0, 129, 0, 255} }},
	{{ {778, 1396, 489}, 0, {496, 15}, {0, 129, 0, 255} }},
	{{ {1422, 1396, -58}, 0, {496, 15}, {0, 129, 0, 255} }},
	{{ {1422, 1396, -468}, 0, {496, 15}, {0, 129, 0, 255} }},
	{{ {1395, 1396, -505}, 0, {496, 15}, {0, 129, 0, 255} }},
	{{ {556, 1396, 489}, 0, {496, 15}, {0, 129, 0, 255} }},
	{{ {-547, 1396, -580}, 0, {496, 15}, {0, 129, 0, 255} }},
	{{ {-378, 1396, -580}, 0, {496, 15}, {0, 129, 0, 255} }},
	{{ {-295, 1396, -403}, 0, {496, 15}, {0, 129, 0, 255} }},
	{{ {-1007, 1396, -384}, 0, {496, 15}, {0, 129, 0, 255} }},
	{{ {178, 1396, 371}, 0, {496, 15}, {0, 129, 0, 255} }},
	{{ {-216, 1396, 377}, 0, {496, 15}, {0, 129, 0, 255} }},
	{{ {77, 1396, 489}, 0, {496, 15}, {0, 129, 0, 255} }},
	{{ {-124, 1396, 489}, 0, {496, 15}, {0, 129, 0, 255} }},
	{{ {-1320, 1396, -520}, 0, {496, 15}, {0, 129, 0, 255} }},
	{{ {-537, 1396, 377}, 0, {496, 15}, {0, 129, 0, 255} }},
	{{ {-702, 1396, 489}, 0, {496, 15}, {0, 129, 0, 255} }},
	{{ {-622, 1396, 489}, 0, {496, 15}, {0, 129, 0, 255} }},
	{{ {-1320, 1396, -77}, 0, {496, 15}, {0, 129, 0, 255} }},
	{{ {-899, 1396, -721}, 0, {496, 15}, {0, 129, 0, 255} }},
	{{ {-744, 1396, -721}, 0, {496, 15}, {0, 129, 0, 255} }},
	{{ {-1282, 1396, -562}, 0, {496, 15}, {0, 129, 0, 255} }},
	{{ {-1185, 1396, -473}, 0, {496, 15}, {0, 129, 0, 255} }},
	{{ {307, 1396, -403}, 0, {-778, 79}, {0, 171, 94, 255} }},
	{{ {-295, 1396, -403}, 0, {1632, 79}, {0, 171, 94, 255} }},
	{{ {-336, 1222, -559}, 0, {1797, 913}, {0, 171, 94, 255} }},
	{{ {314, 1222, -559}, 0, {-805, 913}, {0, 171, 94, 255} }},
	{{ {1422, 1396, -58}, 0, {-58, 7}, {219, 135, 0, 255} }},
	{{ {1422, 1396, -468}, 0, {908, 7}, {219, 135, 0, 255} }},
	{{ {1992, 1222, -591}, 0, {1199, 985}, {219, 135, 0, 255} }},
	{{ {1992, 1222, 5}, 0, {-207, 985}, {219, 135, 0, 255} }},
	{{ {-1320, 1396, -520}, 0, {-373, 2079}, {38, 135, 0, 255} }},
	{{ {-1320, 1396, -77}, 0, {544, 2079}, {38, 135, 0, 255} }},
	{{ {-1878, 1222, -22}, 0, {658, 2947}, {38, 135, 0, 255} }},
	{{ {-1878, 1222, -665}, 0, {-673, 2947}, {38, 135, 0, 255} }},
	{{ {-1282, 1396, -562}, 0, {350, 55}, {30, 136, 28, 255} }},
	{{ {-1320, 1396, -520}, 0, {515, 50}, {30, 136, 28, 255} }},
	{{ {-1878, 1222, -665}, 0, {946, 929}, {30, 136, 28, 255} }},
	{{ {-1735, 1222, -822}, 0, {324, 950}, {30, 136, 28, 255} }},
	{{ {-1185, 1396, -473}, 0, {338, 0}, {184, 70, 78, 255} }},
	{{ {-1282, 1396, -562}, 0, {419, 0}, {184, 70, 78, 255} }},
	{{ {-1735, 1222, -822}, 0, {654, 992}, {184, 70, 78, 255} }},
	{{ {-1531, 1222, -634}, 0, {484, 992}, {184, 70, 78, 255} }},
	{{ {-899, 1396, -721}, 0, {134, 1}, {43, 137, 14, 255} }},
	{{ {-1007, 1396, -384}, 0, {921, 1}, {43, 137, 14, 255} }},
	{{ {-1423, 1222, -580}, 0, {999, 877}, {43, 137, 14, 255} }},
	{{ {-1293, 1222, -986}, 0, {53, 877}, {43, 137, 14, 255} }},
	{{ {-744, 1396, -721}, 0, {-254, 15}, {0, 150, 70, 255} }},
	{{ {-899, 1396, -721}, 0, {169, 15}, {0, 150, 70, 255} }},
	{{ {-1293, 1222, -986}, 0, {1246, 977}, {0, 150, 70, 255} }},
	{{ {-968, 1222, -986}, 0, {357, 977}, {0, 150, 70, 255} }},
	{{ {-547, 1396, -580}, 0, {1479, 69}, {189, 201, 93, 255} }},
	{{ {-744, 1396, -721}, 0, {558, 69}, {189, 201, 93, 255} }},
	{{ {-968, 1222, -986}, 0, {-487, 923}, {189, 201, 93, 255} }},
	{{ {-704, 1222, -796}, 0, {746, 923}, {189, 201, 93, 255} }},
	{{ {-378, 1396, -580}, 0, {20, 74}, {0, 157, 80, 255} }},
	{{ {-547, 1396, -580}, 0, {513, 74}, {0, 157, 80, 255} }},
	{{ {-704, 1222, -796}, 0, {972, 918}, {0, 157, 80, 255} }},
	{{ {-447, 1222, -796}, 0, {222, 918}, {0, 157, 80, 255} }},
	{{ {-295, 1396, -403}, 0, {-900, 9}, {142, 235, 53, 255} }},
	{{ {-378, 1396, -580}, 0, {357, 9}, {142, 235, 53, 255} }},
	{{ {-447, 1222, -796}, 0, {1892, 983}, {142, 235, 53, 255} }},
	{{ {-336, 1222, -559}, 0, {209, 983}, {142, 235, 53, 255} }},
	{{ {343, 1396, -588}, 0, {385, 49}, {124, 240, 24, 255} }},
	{{ {307, 1396, -403}, 0, {-822, 49}, {124, 240, 24, 255} }},
	{{ {314, 1222, -559}, 0, {197, 943}, {124, 240, 24, 255} }},
	{{ {361, 1222, -807}, 0, {1814, 943}, {124, 240, 24, 255} }},
	{{ {513, 1396, -588}, 0, {575, -10}, {0, 157, 79, 255} }},
	{{ {343, 1396, -588}, 0, {-16, -10}, {0, 157, 79, 255} }},
	{{ {361, 1222, -807}, 0, {49, 1002}, {0, 157, 79, 255} }},
	{{ {638, 1222, -807}, 0, {1008, 1002}, {0, 157, 79, 255} }},
	{{ {692, 1396, -707}, 0, {479, 23}, {59, 187, 89, 255} }},
	{{ {513, 1396, -588}, 0, {-447, 23}, {59, 187, 89, 255} }},
	{{ {638, 1222, -807}, 0, {199, 969}, {59, 187, 89, 255} }},
	{{ {878, 1222, -967}, 0, {1439, 969}, {59, 187, 89, 255} }},
	{{ {965, 1396, -707}, 0, {366, 12}, {0, 151, 71, 255} }},
	{{ {692, 1396, -707}, 0, {-350, 12}, {0, 151, 71, 255} }},
	{{ {878, 1222, -967}, 0, {137, 950}, {0, 151, 71, 255} }},
	{{ {1337, 1222, -967}, 0, {1342, 950}, {0, 151, 71, 255} }},
	{{ {1184, 1396, -434}, 0, {249, 31}, {220, 137, 28, 255} }},
	{{ {965, 1396, -707}, 0, {989, 31}, {220, 137, 28, 255} }},
	{{ {1337, 1222, -967}, 0, {1121, 981}, {220, 137, 28, 255} }},
	{{ {1630, 1222, -601}, 0, {128, 935}, {220, 137, 28, 255} }},
	{{ {1395, 1396, -505}, 0, {328, 12}, {67, 82, 70, 255} }},
	{{ {1321, 1396, -434}, 0, {189, 12}, {67, 82, 70, 255} }},
	{{ {1710, 1222, -601}, 0, {498, 665}, {67, 82, 70, 255} }},
	{{ {1872, 1222, -755}, 0, {803, 925}, {67, 82, 70, 255} }},
	{{ {1422, 1396, -468}, 0, {387, 23}, {224, 135, 23, 255} }},
	{{ {1395, 1396, -505}, 0, {469, 15}, {224, 135, 23, 255} }},
	{{ {1872, 1222, -755}, 0, {613, 908}, {224, 135, 23, 255} }},
	{{ {1992, 1222, -591}, 0, {248, 945}, {224, 135, 23, 255} }},
	{{ {-1007, 1396, -384}, 0, {1868, 17}, {199, 8, 113, 255} }},
	{{ {-1185, 1396, -473}, 0, {934, 17}, {199, 8, 113, 255} }},
	{{ {-1531, 1222, -634}, 0, {-876, 975}, {199, 8, 113, 255} }},
	{{ {-1423, 1222, -580}, 0, {-309, 975}, {199, 8, 113, 255} }},
	{{ {1321, 1396, -434}, 0, {252, 2}, {0, 168, 92, 255} }},
	{{ {1184, 1396, -434}, 0, {-16, 2}, {0, 168, 92, 255} }},
	{{ {1630, 1222, -601}, 0, {852, 960}, {0, 168, 92, 255} }},
	{{ {1710, 1222, -601}, 0, {1008, 960}, {0, 168, 92, 255} }},
	{{ {-702, 1396, 489}, 0, {778, 29}, {0, 147, 191, 255} }},
	{{ {-622, 1396, 489}, 0, {987, 29}, {0, 147, 191, 255} }},
	{{ {-787, 1222, 784}, 0, {558, 1008}, {0, 147, 191, 255} }},
	{{ {-999, 1222, 784}, 0, {5, 1008}, {0, 147, 191, 255} }},
	{{ {-622, 1396, 489}, 0, {884, 63}, {158, 223, 182, 255} }},
	{{ {-537, 1396, 377}, 0, {1527, 63}, {158, 223, 182, 255} }},
	{{ {-672, 1222, 633}, 0, {227, 954}, {158, 223, 182, 255} }},
	{{ {-787, 1222, 784}, 0, {-511, 954}, {158, 223, 182, 255} }},
	{{ {-537, 1396, 377}, 0, {288, 17}, {0, 151, 185, 255} }},
	{{ {-216, 1396, 377}, 0, {1008, 17}, {0, 151, 185, 255} }},
	{{ {-356, 1222, 633}, 0, {693, 1001}, {0, 151, 185, 255} }},
	{{ {-672, 1222, 633}, 0, {-16, 1001}, {0, 151, 185, 255} }},
	{{ {-216, 1396, 377}, 0, {708, 14}, {53, 149, 213, 255} }},
	{{ {-124, 1396, 489}, 0, {1067, 0}, {53, 149, 213, 255} }},
	{{ {-234, 1222, 784}, 0, {637, 1008}, {53, 149, 213, 255} }},
	{{ {-356, 1222, 633}, 0, {157, 1007}, {53, 149, 213, 255} }},
	{{ {-124, 1396, 489}, 0, {286, 50}, {0, 147, 191, 255} }},
	{{ {77, 1396, 489}, 0, {811, 50}, {0, 147, 191, 255} }},
	{{ {146, 1222, 784}, 0, {991, 1008}, {0, 147, 191, 255} }},
	{{ {-234, 1222, 784}, 0, {1, 1008}, {0, 147, 191, 255} }},
	{{ {77, 1396, 489}, 0, {213, 15}, {200, 153, 208, 255} }},
	{{ {178, 1396, 371}, 0, {608, 15}, {200, 153, 208, 255} }},
	{{ {281, 1222, 625}, 0, {608, 957}, {200, 153, 208, 255} }},
	{{ {146, 1222, 784}, 0, {213, 957}, {200, 153, 208, 255} }},
	{{ {178, 1396, 371}, 0, {-16, 31}, {0, 151, 184, 255} }},
	{{ {491, 1396, 371}, 0, {768, 31}, {0, 151, 184, 255} }},
	{{ {587, 1222, 626}, 0, {1008, 921}, {0, 151, 184, 255} }},
	{{ {281, 1222, 625}, 0, {242, 921}, {0, 151, 184, 255} }},
	{{ {491, 1396, 371}, 0, {1008, 39}, {95, 208, 187, 255} }},
	{{ {577, 1396, 489}, 0, {714, 39}, {95, 208, 187, 255} }},
	{{ {702, 1222, 784}, 0, {-16, 983}, {95, 208, 187, 255} }},
	{{ {587, 1222, 626}, 0, {377, 983}, {95, 208, 187, 255} }},
	{{ {577, 1396, 489}, 0, {418, 14}, {0, 147, 191, 255} }},
	{{ {556, 1396, 489}, 0, {361, 14}, {0, 147, 191, 255} }},
	{{ {702, 1222, 784}, 0, {744, 998}, {0, 147, 191, 255} }},
	{{ {732, 1222, 784}, 0, {822, 998}, {0, 147, 191, 255} }},
	{{ {556, 1396, 489}, 0, {-16, -3}, {0, 147, 191, 255} }},
	{{ {778, 1396, 489}, 0, {422, -3}, {0, 147, 191, 255} }},
	{{ {1075, 1222, 784}, 0, {1008, 985}, {0, 147, 191, 255} }},
	{{ {732, 1222, 784}, 0, {333, 985}, {0, 147, 191, 255} }},
	{{ {-1320, 1396, -77}, 0, {-618, 32}, {33, 139, 220, 255} }},
	{{ {-702, 1396, 489}, 0, {1345, 32}, {33, 139, 220, 255} }},
	{{ {-999, 1222, 784}, 0, {1585, 994}, {33, 139, 220, 255} }},
	{{ {-1878, 1222, -22}, 0, {-1210, 994}, {33, 139, 220, 255} }},
	{{ {778, 1396, 489}, 0, {-281, 28}, {224, 139, 219, 255} }},
	{{ {1422, 1396, -58}, 0, {1087, 28}, {224, 139, 219, 255} }},
	{{ {1992, 1222, 5}, 0, {1526, 979}, {224, 139, 219, 255} }},
	{{ {1075, 1222, 784}, 0, {-422, 979}, {224, 139, 219, 255} }},
};

Gfx ttm_dl_Plane_mesh_layer_1_tri_5[] = {
	gsSPVertex(ttm_dl_Plane_mesh_layer_1_vtx_5 + 0, 31, 0),
	gsSP2Triangles(0, 1, 2, 0, 0, 2, 3, 0),
	gsSP2Triangles(2, 4, 3, 0, 2, 5, 4, 0),
	gsSP2Triangles(0, 3, 6, 0, 7, 0, 6, 0),
	gsSP2Triangles(8, 7, 6, 0, 8, 6, 9, 0),
	gsSP2Triangles(6, 10, 9, 0, 6, 11, 10, 0),
	gsSP2Triangles(6, 12, 11, 0, 9, 13, 8, 0),
	gsSP2Triangles(14, 15, 16, 0, 17, 14, 16, 0),
	gsSP2Triangles(17, 16, 0, 0, 18, 17, 0, 0),
	gsSP2Triangles(7, 18, 0, 0, 18, 19, 17, 0),
	gsSP2Triangles(18, 20, 19, 0, 20, 21, 19, 0),
	gsSP2Triangles(19, 22, 17, 0, 19, 23, 22, 0),
	gsSP2Triangles(23, 24, 22, 0, 23, 25, 24, 0),
	gsSP2Triangles(24, 26, 22, 0, 27, 28, 14, 0),
	gsSP2Triangles(17, 27, 14, 0, 22, 29, 30, 0),
	gsSP1Triangle(22, 30, 17, 0),
	gsSPVertex(ttm_dl_Plane_mesh_layer_1_vtx_5 + 31, 32, 0),
	gsSP2Triangles(0, 1, 2, 0, 0, 2, 3, 0),
	gsSP2Triangles(4, 5, 6, 0, 4, 6, 7, 0),
	gsSP2Triangles(8, 9, 10, 0, 8, 10, 11, 0),
	gsSP2Triangles(12, 13, 14, 0, 12, 14, 15, 0),
	gsSP2Triangles(16, 17, 18, 0, 16, 18, 19, 0),
	gsSP2Triangles(20, 21, 22, 0, 20, 22, 23, 0),
	gsSP2Triangles(24, 25, 26, 0, 24, 26, 27, 0),
	gsSP2Triangles(28, 29, 30, 0, 28, 30, 31, 0),
	gsSPVertex(ttm_dl_Plane_mesh_layer_1_vtx_5 + 63, 32, 0),
	gsSP2Triangles(0, 1, 2, 0, 0, 2, 3, 0),
	gsSP2Triangles(4, 5, 6, 0, 4, 6, 7, 0),
	gsSP2Triangles(8, 9, 10, 0, 8, 10, 11, 0),
	gsSP2Triangles(12, 13, 14, 0, 12, 14, 15, 0),
	gsSP2Triangles(16, 17, 18, 0, 16, 18, 19, 0),
	gsSP2Triangles(20, 21, 22, 0, 20, 22, 23, 0),
	gsSP2Triangles(24, 25, 26, 0, 24, 26, 27, 0),
	gsSP2Triangles(28, 29, 30, 0, 28, 30, 31, 0),
	gsSPVertex(ttm_dl_Plane_mesh_layer_1_vtx_5 + 95, 32, 0),
	gsSP2Triangles(0, 1, 2, 0, 0, 2, 3, 0),
	gsSP2Triangles(4, 5, 6, 0, 4, 6, 7, 0),
	gsSP2Triangles(8, 9, 10, 0, 8, 10, 11, 0),
	gsSP2Triangles(12, 13, 14, 0, 12, 14, 15, 0),
	gsSP2Triangles(16, 17, 18, 0, 16, 18, 19, 0),
	gsSP2Triangles(20, 21, 22, 0, 20, 22, 23, 0),
	gsSP2Triangles(24, 25, 26, 0, 24, 26, 27, 0),
	gsSP2Triangles(28, 29, 30, 0, 28, 30, 31, 0),
	gsSPVertex(ttm_dl_Plane_mesh_layer_1_vtx_5 + 127, 28, 0),
	gsSP2Triangles(0, 1, 2, 0, 0, 2, 3, 0),
	gsSP2Triangles(4, 5, 6, 0, 4, 6, 7, 0),
	gsSP2Triangles(8, 9, 10, 0, 8, 10, 11, 0),
	gsSP2Triangles(12, 13, 14, 0, 13, 15, 14, 0),
	gsSP2Triangles(16, 17, 18, 0, 16, 18, 19, 0),
	gsSP2Triangles(20, 21, 22, 0, 20, 22, 23, 0),
	gsSP2Triangles(24, 25, 26, 0, 24, 26, 27, 0),
	gsSPEndDisplayList(),
};

Vtx ttm_dl_Plane_mesh_layer_4_vtx_cull[8] = {
	{{ {-1939, 0, 827}, 0, {0, 0}, {0, 0, 0, 0} }},
	{{ {-1939, 1396, 827}, 0, {0, 0}, {0, 0, 0, 0} }},
	{{ {-1939, 1396, -1027}, 0, {0, 0}, {0, 0, 0, 0} }},
	{{ {-1939, 0, -1027}, 0, {0, 0}, {0, 0, 0, 0} }},
	{{ {2054, 0, 827}, 0, {0, 0}, {0, 0, 0, 0} }},
	{{ {2054, 1396, 827}, 0, {0, 0}, {0, 0, 0, 0} }},
	{{ {2054, 1396, -1027}, 0, {0, 0}, {0, 0, 0, 0} }},
	{{ {2054, 0, -1027}, 0, {0, 0}, {0, 0, 0, 0} }},
};

Vtx ttm_dl_Plane_mesh_layer_4_vtx_0[8] = {
	{{ {-663, 682, -828}, 0, {9, 1008}, {0, 0, 127, 255} }},
	{{ {-431, 682, -828}, 0, {983, 1008}, {0, 0, 127, 255} }},
	{{ {-431, 914, -828}, 0, {983, -16}, {0, 0, 127, 255} }},
	{{ {-663, 914, -828}, 0, {9, -16}, {0, 0, 127, 255} }},
	{{ {-629, 682, 666}, 0, {9, 1008}, {0, 0, 129, 255} }},
	{{ {-629, 914, 666}, 0, {9, -16}, {0, 0, 129, 255} }},
	{{ {-397, 914, 666}, 0, {983, -16}, {0, 0, 129, 255} }},
	{{ {-397, 682, 666}, 0, {983, 1008}, {0, 0, 129, 255} }},
};

Gfx ttm_dl_Plane_mesh_layer_4_tri_0[] = {
	gsSPVertex(ttm_dl_Plane_mesh_layer_4_vtx_0 + 0, 8, 0),
	gsSP2Triangles(0, 1, 2, 0, 0, 2, 3, 0),
	gsSP2Triangles(4, 5, 6, 0, 4, 6, 7, 0),
	gsSPEndDisplayList(),
};

Vtx ttm_dl_Plane_mesh_layer_4_vtx_1[8] = {
	{{ {347, 682, -828}, 0, {9, 1008}, {0, 0, 127, 255} }},
	{{ {579, 682, -828}, 0, {983, 1008}, {0, 0, 127, 255} }},
	{{ {579, 914, -828}, 0, {983, -16}, {0, 0, 127, 255} }},
	{{ {347, 914, -828}, 0, {9, -16}, {0, 0, 127, 255} }},
	{{ {318, 682, 666}, 0, {983, 1008}, {0, 0, 129, 255} }},
	{{ {318, 914, 666}, 0, {983, -16}, {0, 0, 129, 255} }},
	{{ {551, 914, 666}, 0, {9, -16}, {0, 0, 129, 255} }},
	{{ {551, 682, 666}, 0, {9, 1008}, {0, 0, 129, 255} }},
};

Gfx ttm_dl_Plane_mesh_layer_4_tri_1[] = {
	gsSPVertex(ttm_dl_Plane_mesh_layer_4_vtx_1 + 0, 8, 0),
	gsSP2Triangles(0, 1, 2, 0, 0, 2, 3, 0),
	gsSP2Triangles(4, 5, 6, 0, 4, 6, 7, 0),
	gsSPEndDisplayList(),
};

Gfx mat_ttm_dl_f3dlite_material_002[] = {
	gsSPLightColor(LIGHT_1, 0xFFFFFFFF),
	gsSPLightColor(LIGHT_2, 0x7F7F7FFF),
	gsDPPipeSync(),
	gsDPSetCombineLERP(TEXEL0, 0, SHADE, 0, 0, 0, 0, ENVIRONMENT, TEXEL0, 0, SHADE, 0, 0, 0, 0, ENVIRONMENT),
	gsDPSetAlphaDither(G_AD_NOISE),
	gsDPSetTextureLUT(G_TT_RGBA16),
	gsSPTexture(65535, 65535, 0, 0, 1),
	gsDPSetTextureImage(G_IM_FMT_RGBA, G_IM_SIZ_16b, 1, ttm_dl_carpet_pal_rgba16),
	gsDPSetTile(0, 0, 0, 256, 5, 0, G_TX_WRAP | G_TX_NOMIRROR, 0, 0, G_TX_WRAP | G_TX_NOMIRROR, 0, 0),
	gsDPLoadTLUTCmd(5, 2),
	gsDPSetTextureImage(G_IM_FMT_CI, G_IM_SIZ_16b, 1, ttm_dl_carpet_ci4),
	gsDPSetTile(G_IM_FMT_CI, G_IM_SIZ_16b, 0, 0, 7, 0, G_TX_WRAP | G_TX_NOMIRROR, 0, 0, G_TX_WRAP | G_TX_NOMIRROR, 0, 0),
	gsDPLoadBlock(7, 0, 0, 255, 1024),
	gsDPSetTile(G_IM_FMT_CI, G_IM_SIZ_4b, 2, 0, 0, 0, G_TX_WRAP | G_TX_NOMIRROR, 5, 0, G_TX_WRAP | G_TX_NOMIRROR, 5, 0),
	gsDPSetTileSize(0, 0, 0, 124, 124),
	gsSPEndDisplayList(),
};

Gfx mat_revert_ttm_dl_f3dlite_material_002[] = {
	gsDPPipeSync(),
	gsDPSetAlphaDither(G_AD_DISABLE),
	gsDPSetTextureLUT(G_TT_NONE),
	gsSPEndDisplayList(),
};

Gfx mat_ttm_dl_f3dlite_material_003[] = {
	gsSPLightColor(LIGHT_1, 0xFFFFFFFF),
	gsSPLightColor(LIGHT_2, 0x7F7F7FFF),
	gsDPPipeSync(),
	gsDPSetCombineLERP(TEXEL0, 0, SHADE, 0, 0, 0, 0, ENVIRONMENT, TEXEL0, 0, SHADE, 0, 0, 0, 0, ENVIRONMENT),
	gsDPSetAlphaDither(G_AD_NOISE),
	gsSPTexture(65535, 65535, 0, 0, 1),
	gsDPSetTextureImage(G_IM_FMT_I, G_IM_SIZ_8b_LOAD_BLOCK, 1, ttm_dl_beta_checkerboard2_i8),
	gsDPSetTile(G_IM_FMT_I, G_IM_SIZ_8b_LOAD_BLOCK, 0, 0, 7, 0, G_TX_WRAP | G_TX_NOMIRROR, 0, 0, G_TX_WRAP | G_TX_NOMIRROR, 0, 0),
	gsDPLoadBlock(7, 0, 0, 511, 512),
	gsDPSetTile(G_IM_FMT_I, G_IM_SIZ_8b, 4, 0, 0, 0, G_TX_WRAP | G_TX_NOMIRROR, 5, 0, G_TX_WRAP | G_TX_NOMIRROR, 5, 0),
	gsDPSetTileSize(0, 0, 0, 124, 124),
	gsSPEndDisplayList(),
};

Gfx mat_revert_ttm_dl_f3dlite_material_003[] = {
	gsDPPipeSync(),
	gsDPSetAlphaDither(G_AD_DISABLE),
	gsSPEndDisplayList(),
};

Gfx mat_ttm_dl_f3dlite_material_004[] = {
	gsSPLightColor(LIGHT_1, 0xFFFFFFFF),
	gsSPLightColor(LIGHT_2, 0x7F7F7FFF),
	gsDPPipeSync(),
	gsDPSetCombineLERP(TEXEL0, 0, SHADE, 0, 0, 0, 0, ENVIRONMENT, TEXEL0, 0, SHADE, 0, 0, 0, 0, ENVIRONMENT),
	gsDPSetAlphaDither(G_AD_NOISE),
	gsDPSetTextureLUT(G_TT_RGBA16),
	gsSPTexture(65535, 65535, 0, 0, 1),
	gsDPSetTextureImage(G_IM_FMT_RGBA, G_IM_SIZ_16b, 1, ttm_dl_weird_graident__for_beta_fence_pal_rgba16),
	gsDPSetTile(0, 0, 0, 256, 5, 0, G_TX_WRAP | G_TX_NOMIRROR, 0, 0, G_TX_WRAP | G_TX_NOMIRROR, 0, 0),
	gsDPLoadTLUTCmd(5, 36),
	gsDPSetTextureImage(G_IM_FMT_CI, G_IM_SIZ_8b_LOAD_BLOCK, 1, ttm_dl_weird_graident__for_beta_fence_ci8),
	gsDPSetTile(G_IM_FMT_CI, G_IM_SIZ_8b_LOAD_BLOCK, 0, 0, 7, 0, G_TX_WRAP | G_TX_NOMIRROR, 0, 0, G_TX_WRAP | G_TX_NOMIRROR, 0, 0),
	gsDPLoadBlock(7, 0, 0, 1023, 512),
	gsDPSetTile(G_IM_FMT_CI, G_IM_SIZ_8b, 4, 0, 0, 0, G_TX_WRAP | G_TX_NOMIRROR, 6, 0, G_TX_WRAP | G_TX_NOMIRROR, 5, 0),
	gsDPSetTileSize(0, 0, 0, 124, 252),
	gsSPEndDisplayList(),
};

Gfx mat_revert_ttm_dl_f3dlite_material_004[] = {
	gsDPPipeSync(),
	gsDPSetAlphaDither(G_AD_DISABLE),
	gsDPSetTextureLUT(G_TT_NONE),
	gsSPEndDisplayList(),
};

Gfx mat_ttm_dl_f3dlite_material_001[] = {
	gsSPLightColor(LIGHT_1, 0xFFFFFFFF),
	gsSPLightColor(LIGHT_2, 0x7F7F7FFF),
	gsDPPipeSync(),
	gsDPSetCombineLERP(TEXEL0, 0, SHADE, 0, 0, 0, 0, ENVIRONMENT, TEXEL0, 0, SHADE, 0, 0, 0, 0, ENVIRONMENT),
	gsDPSetAlphaDither(G_AD_NOISE),
	gsSPTexture(65535, 65535, 0, 0, 1),
	gsDPSetTextureImage(G_IM_FMT_RGBA, G_IM_SIZ_16b_LOAD_BLOCK, 1, ttm_dl_beta_wall_real_1_rgba16),
	gsDPSetTile(G_IM_FMT_RGBA, G_IM_SIZ_16b_LOAD_BLOCK, 0, 0, 7, 0, G_TX_WRAP | G_TX_NOMIRROR, 0, 0, G_TX_WRAP | G_TX_NOMIRROR, 0, 0),
	gsDPLoadBlock(7, 0, 0, 2047, 256),
	gsDPSetTile(G_IM_FMT_RGBA, G_IM_SIZ_16b, 8, 0, 0, 0, G_TX_WRAP | G_TX_NOMIRROR, 6, 0, G_TX_WRAP | G_TX_NOMIRROR, 5, 0),
	gsDPSetTileSize(0, 0, 0, 124, 252),
	gsSPEndDisplayList(),
};

Gfx mat_revert_ttm_dl_f3dlite_material_001[] = {
	gsDPPipeSync(),
	gsDPSetAlphaDither(G_AD_DISABLE),
	gsSPEndDisplayList(),
};

Gfx mat_ttm_dl_f3dlite_material_006[] = {
	gsSPLightColor(LIGHT_1, 0xFFFFFFFF),
	gsSPLightColor(LIGHT_2, 0x7F7F7FFF),
	gsDPPipeSync(),
	gsDPSetCombineLERP(TEXEL0, 0, SHADE, 0, 0, 0, 0, ENVIRONMENT, TEXEL0, 0, SHADE, 0, 0, 0, 0, ENVIRONMENT),
	gsDPSetAlphaDither(G_AD_NOISE),
	gsDPSetTextureLUT(G_TT_RGBA16),
	gsSPTexture(65535, 65535, 0, 0, 1),
	gsDPSetTextureImage(G_IM_FMT_RGBA, G_IM_SIZ_16b, 1, ttm_dl_beta_wall_real_2_pal_rgba16),
	gsDPSetTile(0, 0, 0, 256, 5, 0, G_TX_WRAP | G_TX_NOMIRROR, 0, 0, G_TX_WRAP | G_TX_NOMIRROR, 0, 0),
	gsDPLoadTLUTCmd(5, 36),
	gsDPSetTextureImage(G_IM_FMT_CI, G_IM_SIZ_8b_LOAD_BLOCK, 1, ttm_dl_beta_wall_real_2_ci8),
	gsDPSetTile(G_IM_FMT_CI, G_IM_SIZ_8b_LOAD_BLOCK, 0, 0, 7, 0, G_TX_WRAP | G_TX_NOMIRROR, 0, 0, G_TX_WRAP | G_TX_NOMIRROR, 0, 0),
	gsDPLoadBlock(7, 0, 0, 1023, 512),
	gsDPSetTile(G_IM_FMT_CI, G_IM_SIZ_8b, 4, 0, 0, 0, G_TX_WRAP | G_TX_NOMIRROR, 6, 0, G_TX_WRAP | G_TX_NOMIRROR, 5, 0),
	gsDPSetTileSize(0, 0, 0, 124, 252),
	gsSPEndDisplayList(),
};

Gfx mat_revert_ttm_dl_f3dlite_material_006[] = {
	gsDPPipeSync(),
	gsDPSetAlphaDither(G_AD_DISABLE),
	gsDPSetTextureLUT(G_TT_NONE),
	gsSPEndDisplayList(),
};

Gfx mat_ttm_dl_f3dlite_material_007[] = {
	gsSPGeometryMode(G_CULL_BACK, 0),
	gsSPLightColor(LIGHT_1, 0xFFFFFFFF),
	gsSPLightColor(LIGHT_2, 0x7F7F7FFF),
	gsDPPipeSync(),
	gsDPSetCombineLERP(TEXEL0, 0, SHADE, 0, TEXEL0, 0, ENVIRONMENT, 0, TEXEL0, 0, SHADE, 0, TEXEL0, 0, ENVIRONMENT, 0),
	gsDPSetAlphaDither(G_AD_NOISE),
	gsDPSetTextureLUT(G_TT_RGBA16),
	gsSPTexture(65535, 65535, 0, 0, 1),
	gsDPSetTextureImage(G_IM_FMT_RGBA, G_IM_SIZ_16b, 1, ttm_dl_moon_pal_rgba16),
	gsDPSetTile(0, 0, 0, 256, 5, 0, G_TX_WRAP | G_TX_NOMIRROR, 0, 0, G_TX_WRAP | G_TX_NOMIRROR, 0, 0),
	gsDPLoadTLUTCmd(5, 1),
	gsDPSetTextureImage(G_IM_FMT_CI, G_IM_SIZ_8b_LOAD_BLOCK, 1, ttm_dl_moon_ci8),
	gsDPSetTile(G_IM_FMT_CI, G_IM_SIZ_8b_LOAD_BLOCK, 0, 0, 7, 0, G_TX_WRAP | G_TX_NOMIRROR, 0, 0, G_TX_WRAP | G_TX_NOMIRROR, 0, 0),
	gsDPLoadBlock(7, 0, 0, 511, 512),
	gsDPSetTile(G_IM_FMT_CI, G_IM_SIZ_8b, 4, 0, 0, 0, G_TX_WRAP | G_TX_NOMIRROR, 5, 0, G_TX_WRAP | G_TX_NOMIRROR, 5, 0),
	gsDPSetTileSize(0, 0, 0, 124, 124),
	gsSPEndDisplayList(),
};

Gfx mat_revert_ttm_dl_f3dlite_material_007[] = {
	gsSPGeometryMode(0, G_CULL_BACK),
	gsDPPipeSync(),
	gsDPSetAlphaDither(G_AD_DISABLE),
	gsDPSetTextureLUT(G_TT_NONE),
	gsSPEndDisplayList(),
};

Gfx mat_ttm_dl_f3dlite_material_008[] = {
	gsSPGeometryMode(G_CULL_BACK, 0),
	gsSPLightColor(LIGHT_1, 0xFFFFFFFF),
	gsSPLightColor(LIGHT_2, 0x7F7F7FFF),
	gsDPPipeSync(),
	gsDPSetCombineLERP(TEXEL0, 0, SHADE, 0, TEXEL0, 0, ENVIRONMENT, 0, TEXEL0, 0, SHADE, 0, TEXEL0, 0, ENVIRONMENT, 0),
	gsDPSetAlphaDither(G_AD_NOISE),
	gsDPSetTextureLUT(G_TT_RGBA16),
	gsSPTexture(65535, 65535, 0, 0, 1),
	gsDPSetTextureImage(G_IM_FMT_RGBA, G_IM_SIZ_16b, 1, ttm_dl_starlob_pal_rgba16),
	gsDPSetTile(0, 0, 0, 256, 5, 0, G_TX_WRAP | G_TX_NOMIRROR, 0, 0, G_TX_WRAP | G_TX_NOMIRROR, 0, 0),
	gsDPLoadTLUTCmd(5, 1),
	gsDPSetTextureImage(G_IM_FMT_CI, G_IM_SIZ_16b, 1, ttm_dl_starlob_ci4),
	gsDPSetTile(G_IM_FMT_CI, G_IM_SIZ_16b, 0, 0, 7, 0, G_TX_WRAP | G_TX_NOMIRROR, 0, 0, G_TX_WRAP | G_TX_NOMIRROR, 0, 0),
	gsDPLoadBlock(7, 0, 0, 255, 1024),
	gsDPSetTile(G_IM_FMT_CI, G_IM_SIZ_4b, 2, 0, 0, 0, G_TX_WRAP | G_TX_NOMIRROR, 5, 0, G_TX_WRAP | G_TX_NOMIRROR, 5, 0),
	gsDPSetTileSize(0, 0, 0, 124, 124),
	gsSPEndDisplayList(),
};

Gfx mat_revert_ttm_dl_f3dlite_material_008[] = {
	gsSPGeometryMode(0, G_CULL_BACK),
	gsDPPipeSync(),
	gsDPSetAlphaDither(G_AD_DISABLE),
	gsDPSetTextureLUT(G_TT_NONE),
	gsSPEndDisplayList(),
};

Gfx mat_ttm_dl_f3dlite_material[] = {
	gsSPLightColor(LIGHT_1, 0xFFFFFFFF),
	gsSPLightColor(LIGHT_2, 0x7F7F7FFF),
	gsDPPipeSync(),
	gsDPSetCombineLERP(TEXEL0, 0, SHADE, 0, 0, 0, 0, ENVIRONMENT, TEXEL0, 0, SHADE, 0, 0, 0, 0, ENVIRONMENT),
	gsDPSetAlphaDither(G_AD_NOISE),
	gsDPSetTextureLUT(G_TT_RGBA16),
	gsSPTexture(65535, 65535, 0, 0, 1),
	gsDPSetTextureImage(G_IM_FMT_RGBA, G_IM_SIZ_16b, 1, ttm_dl_goodstartransition_pal_rgba16),
	gsDPSetTile(0, 0, 0, 256, 5, 0, G_TX_WRAP | G_TX_NOMIRROR, 0, 0, G_TX_WRAP | G_TX_NOMIRROR, 0, 0),
	gsDPLoadTLUTCmd(5, 90),
	gsDPSetTextureImage(G_IM_FMT_CI, G_IM_SIZ_8b_LOAD_BLOCK, 1, ttm_dl_goodstartransition_ci8),
	gsDPSetTile(G_IM_FMT_CI, G_IM_SIZ_8b_LOAD_BLOCK, 0, 0, 7, 0, G_TX_WRAP | G_TX_NOMIRROR, 0, 0, G_TX_WRAP | G_TX_NOMIRROR, 0, 0),
	gsDPLoadBlock(7, 0, 0, 511, 512),
	gsDPSetTile(G_IM_FMT_CI, G_IM_SIZ_8b, 4, 0, 0, 0, G_TX_WRAP | G_TX_NOMIRROR, 5, 0, G_TX_WRAP | G_TX_NOMIRROR, 5, 0),
	gsDPSetTileSize(0, 0, 0, 124, 124),
	gsSPEndDisplayList(),
};

Gfx mat_revert_ttm_dl_f3dlite_material[] = {
	gsDPPipeSync(),
	gsDPSetAlphaDither(G_AD_DISABLE),
	gsDPSetTextureLUT(G_TT_NONE),
	gsSPEndDisplayList(),
};

Gfx ttm_dl_Plane_mesh_layer_1[] = {
	gsSPClearGeometryMode(G_LIGHTING),
	gsSPVertex(ttm_dl_Plane_mesh_layer_1_vtx_cull + 0, 8, 0),
	gsSPSetGeometryMode(G_LIGHTING),
	gsSPCullDisplayList(0, 7),
	gsSPDisplayList(mat_ttm_dl_f3dlite_material_002),
	gsSPDisplayList(ttm_dl_Plane_mesh_layer_1_tri_0),
	gsSPDisplayList(mat_revert_ttm_dl_f3dlite_material_002),
	gsSPDisplayList(mat_ttm_dl_f3dlite_material_003),
	gsSPDisplayList(ttm_dl_Plane_mesh_layer_1_tri_1),
	gsSPDisplayList(mat_revert_ttm_dl_f3dlite_material_003),
	gsSPDisplayList(mat_ttm_dl_f3dlite_material_004),
	gsSPDisplayList(ttm_dl_Plane_mesh_layer_1_tri_2),
	gsSPDisplayList(mat_revert_ttm_dl_f3dlite_material_004),
	gsSPDisplayList(mat_ttm_dl_f3dlite_material_001),
	gsSPDisplayList(ttm_dl_Plane_mesh_layer_1_tri_3),
	gsSPDisplayList(mat_revert_ttm_dl_f3dlite_material_001),
	gsSPDisplayList(mat_ttm_dl_f3dlite_material_006),
	gsSPDisplayList(ttm_dl_Plane_mesh_layer_1_tri_4),
	gsSPDisplayList(mat_revert_ttm_dl_f3dlite_material_006),
	gsSPDisplayList(mat_ttm_dl_f3dlite_material),
	gsSPDisplayList(ttm_dl_Plane_mesh_layer_1_tri_5),
	gsSPDisplayList(mat_revert_ttm_dl_f3dlite_material),
	gsDPPipeSync(),
	gsSPSetGeometryMode(G_LIGHTING),
	gsSPClearGeometryMode(G_TEXTURE_GEN),
	gsDPSetCombineLERP(0, 0, 0, SHADE, 0, 0, 0, ENVIRONMENT, 0, 0, 0, SHADE, 0, 0, 0, ENVIRONMENT),
	gsSPTexture(65535, 65535, 0, 0, 0),
	gsDPSetEnvColor(255, 255, 255, 255),
	gsDPSetAlphaCompare(G_AC_NONE),
	gsSPEndDisplayList(),
};

Gfx ttm_dl_Plane_mesh_layer_4[] = {
	gsSPClearGeometryMode(G_LIGHTING),
	gsSPVertex(ttm_dl_Plane_mesh_layer_4_vtx_cull + 0, 8, 0),
	gsSPSetGeometryMode(G_LIGHTING),
	gsSPCullDisplayList(0, 7),
	gsSPDisplayList(mat_ttm_dl_f3dlite_material_007),
	gsSPDisplayList(ttm_dl_Plane_mesh_layer_4_tri_0),
	gsSPDisplayList(mat_revert_ttm_dl_f3dlite_material_007),
	gsSPDisplayList(mat_ttm_dl_f3dlite_material_008),
	gsSPDisplayList(ttm_dl_Plane_mesh_layer_4_tri_1),
	gsSPDisplayList(mat_revert_ttm_dl_f3dlite_material_008),
	gsDPPipeSync(),
	gsSPSetGeometryMode(G_LIGHTING),
	gsSPClearGeometryMode(G_TEXTURE_GEN),
	gsDPSetCombineLERP(0, 0, 0, SHADE, 0, 0, 0, ENVIRONMENT, 0, 0, 0, SHADE, 0, 0, 0, ENVIRONMENT),
	gsSPTexture(65535, 65535, 0, 0, 0),
	gsDPSetEnvColor(255, 255, 255, 255),
	gsDPSetAlphaCompare(G_AC_NONE),
	gsSPEndDisplayList(),
};

