Gfx wf_dl_darkgrass_ci8_aligner[] = {gsSPEndDisplayList()};
u8 wf_dl_darkgrass_ci8[] = {
	0x00, 0x01, 0x01, 0x01, 0x01, 0x01, 0x01, 0x01, 
	0x01, 0x00, 0x02, 0x03, 0x04, 0x05, 0x02, 0x02, 
	0x06, 0x06, 0x04, 0x04, 0x01, 0x04, 0x04, 0x04, 
	0x06, 0x06, 0x04, 0x04, 0x04, 0x00, 0x06, 0x04, 
	0x04, 0x01, 0x03, 0x01, 0x00, 0x00, 0x04, 0x01, 
	0x04, 0x01, 0x02, 0x06, 0x03, 0x06, 0x00, 0x07, 
	0x04, 0x02, 0x03, 0x06, 0x04, 0x03, 0x08, 0x02, 
	0x03, 0x04, 0x04, 0x06, 0x06, 0x01, 0x04, 0x00, 
	0x00, 0x00, 0x00, 0x01, 0x04, 0x06, 0x01, 0x01, 
	0x00, 0x06, 0x03, 0x01, 0x04, 0x05, 0x09, 0x0a, 
	0x05, 0x0b, 0x0b, 0x00, 0x06, 0x02, 0x0c, 0x03, 
	0x06, 0x02, 0x00, 0x04, 0x00, 0x01, 0x00, 0x04, 
	0x00, 0x06, 0x04, 0x06, 0x00, 0x04, 0x01, 0x00, 
	0x04, 0x04, 0x04, 0x00, 0x00, 0x0a, 0x05, 0x0b, 
	0x05, 0x05, 0x06, 0x06, 0x0d, 0x04, 0x02, 0x08, 
	0x0e, 0x04, 0x01, 0x00, 0x04, 0x00, 0x03, 0x01, 
	0x01, 0x04, 0x00, 0x00, 0x06, 0x04, 0x00, 0x06, 
	0x00, 0x00, 0x04, 0x00, 0x04, 0x0b, 0x00, 0x0f, 
	0x06, 0x06, 0x05, 0x04, 0x04, 0x06, 0x10, 0x11, 
	0x04, 0x00, 0x01, 0x00, 0x00, 0x04, 0x01, 0x03, 
	0x00, 0x00, 0x00, 0x02, 0x06, 0x06, 0x04, 0x04, 
	0x01, 0x03, 0x12, 0x00, 0x00, 0x0a, 0x13, 0x14, 
	0x02, 0x06, 0x06, 0x04, 0x04, 0x15, 0x16, 0x04, 
	0x06, 0x04, 0x12, 0x12, 0x01, 0x01, 0x01, 0x00, 
	0x01, 0x03, 0x04, 0x00, 0x00, 0x02, 0x01, 0x00, 
	0x00, 0x03, 0x01, 0x01, 0x17, 0x00, 0x18, 0x19, 
	0x0d, 0x00, 0x1a, 0x00, 0x01, 0x01, 0x1b, 0x1c, 
	0x04, 0x04, 0x12, 0x00, 0x01, 0x01, 0x01, 0x00, 
	0x03, 0x03, 0x01, 0x06, 0x06, 0x06, 0x00, 0x01, 
	0x03, 0x01, 0x03, 0x01, 0x17, 0x00, 0x12, 0x00, 
	0x1d, 0x00, 0x1e, 0x1f, 0x20, 0x00, 0x04, 0x1f, 
	0x12, 0x04, 0x01, 0x12, 0x12, 0x01, 0x01, 0x00, 
	0x01, 0x12, 0x12, 0x01, 0x02, 0x00, 0x01, 0x00, 
	0x03, 0x01, 0x03, 0x00, 0x00, 0x04, 0x00, 0x01, 
	0x01, 0x00, 0x01, 0x1f, 0x01, 0x00, 0x01, 0x04, 
	0x01, 0x21, 0x12, 0x12, 0x12, 0x06, 0x01, 0x04, 
	0x01, 0x12, 0x00, 0x06, 0x00, 0x01, 0x21, 0x12, 
	0x01, 0x01, 0x01, 0x01, 0x00, 0x00, 0x00, 0x1b, 
	0x03, 0x00, 0x00, 0x00, 0x00, 0x00, 0x12, 0x1b, 
	0x00, 0x01, 0x03, 0x12, 0x00, 0x00, 0x00, 0x00, 
	0x00, 0x00, 0x00, 0x01, 0x01, 0x00, 0x03, 0x22, 
	0x01, 0x12, 0x12, 0x01, 0x00, 0x00, 0x00, 0x01, 
	0x03, 0x01, 0x23, 0x0a, 0x01, 0x03, 0x01, 0x1b, 
	0x03, 0x01, 0x12, 0x12, 0x00, 0x01, 0x00, 0x01, 
	0x03, 0x03, 0x03, 0x01, 0x01, 0x01, 0x01, 0x12, 
	0x03, 0x03, 0x12, 0x03, 0x00, 0x12, 0x01, 0x03, 
	0x01, 0x01, 0x01, 0x01, 0x00, 0x1b, 0x00, 0x03, 
	0x01, 0x01, 0x24, 0x12, 0x12, 0x03, 0x00, 0x01, 
	0x12, 0x21, 0x24, 0x01, 0x04, 0x04, 0x01, 0x03, 
	0x01, 0x03, 0x01, 0x03, 0x00, 0x00, 0x01, 0x03, 
	0x01, 0x01, 0x01, 0x12, 0x01, 0x01, 0x00, 0x00, 
	0x00, 0x03, 0x06, 0x03, 0x01, 0x25, 0x03, 0x01, 
	0x03, 0x21, 0x01, 0x00, 0x26, 0x01, 0x03, 0x00, 
	0x03, 0x03, 0x00, 0x00, 0x03, 0x00, 0x00, 0x01, 
	0x00, 0x03, 0x03, 0x00, 0x03, 0x01, 0x01, 0x04, 
	0x01, 0x01, 0x00, 0x12, 0x12, 0x1b, 0x03, 0x01, 
	0x03, 0x12, 0x00, 0x04, 0x00, 0x04, 0x1b, 0x03, 
	0x00, 0x03, 0x01, 0x1b, 0x04, 0x04, 0x00, 0x00, 
	0x01, 0x03, 0x1b, 0x03, 0x00, 0x01, 0x03, 0x1b, 
	0x03, 0x03, 0x01, 0x1b, 0x1b, 0x22, 0x1b, 0x01, 
	0x01, 0x00, 0x01, 0x06, 0x12, 0x04, 0x27, 0x04, 
	0x03, 0x00, 0x00, 0x04, 0x01, 0x00, 0x03, 0x04, 
	0x03, 0x1b, 0x1b, 0x12, 0x03, 0x25, 0x1b, 0x1b, 
	0x25, 0x1b, 0x22, 0x22, 0x1b, 0x28, 0x22, 0x01, 
	0x04, 0x04, 0x04, 0x01, 0x06, 0x04, 0x04, 0x00, 
	0x01, 0x00, 0x00, 0x04, 0x04, 0x25, 0x03, 0x06, 
	0x01, 0x03, 0x03, 0x12, 0x03, 0x25, 0x25, 0x1b, 
	0x1b, 0x1b, 0x12, 0x22, 0x1b, 0x1b, 0x04, 0x01, 
	0x04, 0x05, 0x06, 0x02, 0x06, 0x00, 0x03, 0x29, 
	0x00, 0x00, 0x11, 0x00, 0x00, 0x03, 0x1f, 0x02, 
	0x1f, 0x03, 0x00, 0x03, 0x03, 0x03, 0x01, 0x01, 
	0x25, 0x12, 0x03, 0x1b, 0x1b, 0x1b, 0x01, 0x01, 
	0x05, 0x03, 0x01, 0x04, 0x04, 0x2a, 0x00, 0x00, 
	0x00, 0x04, 0x04, 0x00, 0x25, 0x25, 0x25, 0x1f, 
	0x03, 0x25, 0x1f, 0x01, 0x25, 0x25, 0x1f, 0x1b, 
	0x1f, 0x03, 0x1b, 0x01, 0x25, 0x00, 0x06, 0x25, 
	0x03, 0x04, 0x04, 0x02, 0x00, 0x06, 0x04, 0x02, 
	0x25, 0x00, 0x00, 0x00, 0x00, 0x25, 0x23, 0x03, 
	0x00, 0x00, 0x00, 0x04, 0x03, 0x1b, 0x1f, 0x25, 
	0x25, 0x25, 0x1b, 0x03, 0x25, 0x00, 0x02, 0x00, 
	0x01, 0x00, 0x02, 0x05, 0x00, 0x02, 0x00, 0x01, 
	0x04, 0x04, 0x1f, 0x00, 0x2b, 0x1f, 0x2c, 0x00, 
	0x25, 0x04, 0x1f, 0x04, 0x00, 0x03, 0x1f, 0x25, 
	0x25, 0x1f, 0x2b, 0x1f, 0x01, 0x04, 0x03, 0x1f, 
	0x00, 0x04, 0x05, 0x06, 0x06, 0x02, 0x02, 0x04, 
	0x25, 0x04, 0x02, 0x06, 0x04, 0x00, 0x01, 0x01, 
	0x03, 0x1f, 0x2b, 0x1f, 0x25, 0x25, 0x25, 0x25, 
	0x2b, 0x11, 0x1f, 0x1f, 0x25, 0x00, 0x04, 0x1f, 
	0x01, 0x00, 0x00, 0x02, 0x00, 0x05, 0x02, 0x02, 
	0x03, 0x00, 0x00, 0x00, 0x01, 0x01, 0x25, 0x1f, 
	0x04, 0x1f, 0x01, 0x1f, 0x03, 0x1f, 0x1f, 0x2d, 
	0x2b, 0x2b, 0x2b, 0x2b, 0x25, 0x2b, 0x02, 0x2b, 
	0x00, 0x0c, 0x00, 0x00, 0x00, 0x04, 0x05, 0x04, 
	0x06, 0x04, 0x04, 0x04, 0x00, 0x04, 0x2b, 0x1f, 
	0x00, 0x00, 0x1f, 0x2e, 0x2e, 0x2f, 0x01, 0x1f, 
	0x1f, 0x2b, 0x2b, 0x2b, 0x1f, 0x04, 0x02, 0x04, 
	0x00, 0x04, 0x00, 0x04, 0x00, 0x06, 0x06, 0x06, 
	0x02, 0x06, 0x25, 0x25, 0x00, 0x25, 0x25, 0x06, 
	0x00, 0x2b, 0x00, 0x1f, 0x1f, 0x1f, 0x2b, 0x2b, 
	0x2b, 0x25, 0x2b, 0x2b, 0x1f, 0x06, 0x02, 0x04, 
	0x01, 0x03, 0x03, 0x04, 0x06, 0x04, 0x02, 0x01, 
	0x04, 0x25, 0x01, 0x00, 0x03, 0x04, 0x1f, 0x00, 
	0x04, 0x04, 0x04, 0x1f, 0x1f, 0x2b, 0x1f, 0x1f, 
	0x2b, 0x2f, 0x2d, 0x1f, 0x1f, 0x2b, 0x06, 0x00, 
	0x04, 0x04, 0x00, 0x00, 0x04, 0x02, 0x06, 0x04, 
	0x04, 0x06, 0x1f, 0x04, 0x06, 0x01, 0x01, 0x04, 
	0x04, 0x04, 0x2b, 0x2b, 0x1f, 0x11, 0x00, 0x1f, 
	0x2b, 0x1f, 0x11, 0x11, 0x1f, 0x11, 0x06, 0x01, 
	0x06, 0x02, 0x04, 0x04, 0x03, 0x04, 0x02, 0x06, 
	0x03, 0x02, 0x05, 0x06, 0x06, 0x04, 0x00, 0x04, 
	0x04, 0x00, 0x2b, 0x1f, 0x04, 0x2b, 0x30, 0x1f, 
	0x2e, 0x03, 0x1f, 0x31, 0x1f, 0x11, 0x00, 0x01, 
	0x04, 0x00, 0x00, 0x01, 0x00, 0x04, 0x00, 0x03, 
	0x04, 0x06, 0x04, 0x32, 0x02, 0x06, 0x00, 0x04, 
	0x06, 0x06, 0x01, 0x04, 0x03, 0x04, 0x2b, 0x1f, 
	0x25, 0x1f, 0x00, 0x2b, 0x11, 0x2b, 0x03, 0x2b, 
	0x04, 0x00, 0x03, 0x03, 0x01, 0x04, 0x04, 0x04, 
	0x04, 0x04, 0x02, 0x06, 0x0c, 0x04, 0x01, 0x04, 
	0x02, 0x06, 0x00, 0x03, 0x06, 0x1f, 0x06, 0x00, 
	0x01, 0x03, 0x02, 0x2b, 0x04, 0x2b, 0x16, 0x2b, 
	0x06, 0x06, 0x01, 0x06, 0x04, 0x02, 0x06, 0x04, 
	0x05, 0x06, 0x05, 0x0c, 0x04, 0x01, 0x03, 0x01, 
	0x00, 0x00, 0x04, 0x06, 0x04, 0x06, 0x03, 0x04, 
	0x04, 0x06, 0x00, 0x11, 0x33, 0x2b, 0x16, 0x04, 
	0x06, 0x03, 0x00, 0x00, 0x00, 0x04, 0x04, 0x04, 
	0x02, 0x00, 0x00, 0x0c, 0x04, 0x04, 0x04, 0x02, 
	0x00, 0x03, 0x03, 0x04, 0x04, 0x04, 0x04, 0x04, 
	0x00, 0x11, 0x01, 0x2b, 0x11, 0x03, 0x06, 0x04, 
	
};

Gfx wf_dl_darkgrass_pal_rgba16_aligner[] = {gsSPEndDisplayList()};
u8 wf_dl_darkgrass_pal_rgba16[] = {
	0x03, 0xc1, 0x04, 0x01, 0x03, 0x01, 0x04, 0x41, 
	0x03, 0x81, 0x02, 0xc1, 0x03, 0x41, 0x02, 0x01, 
	0x02, 0x41, 0x14, 0x01, 0x0b, 0xc1, 0x0c, 0x01, 
	0x02, 0x81, 0x0b, 0x41, 0x0b, 0x03, 0x2c, 0x85, 
	0x0b, 0x05, 0x03, 0x83, 0x04, 0x81, 0x24, 0x43, 
	0x23, 0xc1, 0x0c, 0x07, 0x03, 0x43, 0x0c, 0x83, 
	0x2c, 0x03, 0x64, 0x87, 0x0b, 0x81, 0x04, 0x83, 
	0x03, 0x03, 0x1b, 0xc3, 0x0c, 0xc5, 0x04, 0x03, 
	0x04, 0xc5, 0x04, 0xc1, 0x04, 0xc3, 0x0c, 0x03, 
	0x05, 0x01, 0x04, 0x43, 0x14, 0x81, 0x1c, 0xc3, 
	0x05, 0x05, 0x13, 0xc1, 0x1b, 0x81, 0x03, 0xc3, 
	0x2d, 0xcb, 0x04, 0x05, 0x04, 0x85, 0x04, 0x45, 
	0x04, 0x47, 0x0c, 0x47, 0x0a, 0xc1, 0x03, 0xc5, 
	
};

Gfx wf_dl_rombustile_ci8_aligner[] = {gsSPEndDisplayList()};
u8 wf_dl_rombustile_ci8[] = {
	0x00, 0x01, 0x02, 0x02, 0x01, 0x03, 0x01, 0x02, 
	0x04, 0x02, 0x01, 0x02, 0x04, 0x05, 0x06, 0x07, 
	0x08, 0x09, 0x0a, 0x05, 0x09, 0x05, 0x04, 0x04, 
	0x0a, 0x02, 0x05, 0x05, 0x09, 0x0b, 0x04, 0x04, 
	0x01, 0x01, 0x02, 0x01, 0x01, 0x02, 0x01, 0x02, 
	0x05, 0x01, 0x01, 0x01, 0x05, 0x06, 0x07, 0x0c, 
	0x0d, 0x0e, 0x05, 0x05, 0x01, 0x01, 0x02, 0x05, 
	0x05, 0x02, 0x01, 0x02, 0x05, 0x0a, 0x05, 0x05, 
	0x02, 0x02, 0x01, 0x02, 0x02, 0x05, 0x02, 0x05, 
	0x05, 0x01, 0x05, 0x04, 0x06, 0x0f, 0x10, 0x11, 
	0x11, 0x12, 0x13, 0x05, 0x02, 0x0a, 0x05, 0x05, 
	0x0a, 0x01, 0x02, 0x02, 0x05, 0x0a, 0x02, 0x02, 
	0x02, 0x01, 0x14, 0x01, 0x05, 0x05, 0x02, 0x15, 
	0x01, 0x05, 0x05, 0x06, 0x07, 0x16, 0x11, 0x17, 
	0x18, 0x11, 0x12, 0x13, 0x05, 0x0a, 0x05, 0x05, 
	0x05, 0x04, 0x0a, 0x05, 0x05, 0x0a, 0x02, 0x02, 
	0x02, 0x01, 0x02, 0x01, 0x02, 0x04, 0x01, 0x02, 
	0x01, 0x02, 0x06, 0x08, 0x19, 0x10, 0x10, 0x17, 
	0x17, 0x1a, 0x0d, 0x1b, 0x01, 0x05, 0x02, 0x01, 
	0x01, 0x05, 0x05, 0x05, 0x01, 0x01, 0x05, 0x05, 
	0x01, 0x02, 0x05, 0x02, 0x02, 0x02, 0x02, 0x05, 
	0x05, 0x06, 0x08, 0x11, 0x11, 0x17, 0x11, 0x17, 
	0x17, 0x1c, 0x17, 0x11, 0x07, 0x01, 0x02, 0x0a, 
	0x04, 0x05, 0x0a, 0x02, 0x02, 0x05, 0x02, 0x02, 
	0x03, 0x01, 0x05, 0x02, 0x15, 0x13, 0x02, 0x05, 
	0x01, 0x1b, 0x0c, 0x10, 0x17, 0x17, 0x17, 0x16, 
	0x11, 0x17, 0x17, 0x17, 0x1c, 0x07, 0x01, 0x0a, 
	0x0a, 0x05, 0x05, 0x05, 0x0a, 0x0a, 0x05, 0x05, 
	0x04, 0x02, 0x05, 0x02, 0x02, 0x05, 0x02, 0x01, 
	0x07, 0x0d, 0x11, 0x10, 0x17, 0x1d, 0x10, 0x10, 
	0x10, 0x17, 0x17, 0x11, 0x0d, 0x1a, 0x07, 0x06, 
	0x0a, 0x01, 0x01, 0x05, 0x0a, 0x0a, 0x02, 0x02, 
	0x05, 0x02, 0x01, 0x02, 0x04, 0x05, 0x01, 0x07, 
	0x11, 0x11, 0x17, 0x18, 0x17, 0x17, 0x07, 0x17, 
	0x11, 0x17, 0x1e, 0x11, 0x1f, 0x1d, 0x07, 0x0e, 
	0x09, 0x02, 0x0b, 0x05, 0x0a, 0x0a, 0x02, 0x02, 
	0x05, 0x01, 0x20, 0x01, 0x05, 0x01, 0x1b, 0x0c, 
	0x0d, 0x17, 0x17, 0x17, 0x0d, 0x16, 0x17, 0x17, 
	0x17, 0x1c, 0x0d, 0x17, 0x17, 0x17, 0x17, 0x10, 
	0x0e, 0x05, 0x0a, 0x0a, 0x04, 0x04, 0x05, 0x05, 
	0x04, 0x02, 0x0a, 0x02, 0x01, 0x07, 0x10, 0x17, 
	0x11, 0x11, 0x1d, 0x11, 0x10, 0x1f, 0x11, 0x1d, 
	0x17, 0x1a, 0x11, 0x1c, 0x17, 0x1e, 0x10, 0x10, 
	0x10, 0x13, 0x0a, 0x02, 0x01, 0x02, 0x0a, 0x0a, 
	0x03, 0x02, 0x05, 0x06, 0x12, 0x0d, 0x11, 0x17, 
	0x17, 0x11, 0x11, 0x17, 0x17, 0x17, 0x17, 0x17, 
	0x17, 0x17, 0x17, 0x17, 0x1e, 0x1e, 0x11, 0x1d, 
	0x17, 0x17, 0x01, 0x05, 0x0b, 0x0a, 0x0a, 0x0a, 
	0x02, 0x02, 0x06, 0x17, 0x0d, 0x1a, 0x10, 0x17, 
	0x17, 0x0d, 0x0d, 0x10, 0x17, 0x1e, 0x10, 0x21, 
	0x10, 0x17, 0x17, 0x17, 0x0d, 0x1b, 0x17, 0x17, 
	0x17, 0x10, 0x1b, 0x06, 0x0a, 0x0a, 0x02, 0x02, 
	0x0a, 0x06, 0x08, 0x11, 0x11, 0x17, 0x11, 0x17, 
	0x17, 0x11, 0x1d, 0x11, 0x17, 0x1e, 0x10, 0x17, 
	0x11, 0x17, 0x22, 0x1c, 0x11, 0x11, 0x17, 0x22, 
	0x17, 0x1a, 0x11, 0x23, 0x05, 0x0a, 0x01, 0x01, 
	0x06, 0x11, 0x0c, 0x16, 0x17, 0x17, 0x11, 0x0d, 
	0x24, 0x17, 0x17, 0x17, 0x10, 0x11, 0x17, 0x17, 
	0x17, 0x17, 0x17, 0x17, 0x1d, 0x17, 0x1d, 0x17, 
	0x17, 0x17, 0x1d, 0x17, 0x0e, 0x05, 0x0a, 0x0a, 
	0x0f, 0x25, 0x1f, 0x10, 0x11, 0x17, 0x10, 0x24, 
	0x10, 0x17, 0x1e, 0x11, 0x0d, 0x10, 0x18, 0x1e, 
	0x17, 0x0d, 0x10, 0x1f, 0x1e, 0x1e, 0x10, 0x0d, 
	0x1f, 0x1e, 0x1e, 0x11, 0x0d, 0x08, 0x01, 0x05, 
	0x01, 0x08, 0x17, 0x11, 0x11, 0x11, 0x17, 0x17, 
	0x18, 0x17, 0x17, 0x17, 0x17, 0x17, 0x17, 0x22, 
	0x17, 0x11, 0x1d, 0x18, 0x22, 0x1e, 0x24, 0x1d, 
	0x11, 0x22, 0x1e, 0x10, 0x17, 0x24, 0x26, 0x13, 
	0x03, 0x01, 0x17, 0x11, 0x0d, 0x21, 0x11, 0x17, 
	0x17, 0x10, 0x0d, 0x11, 0x17, 0x1e, 0x11, 0x0d, 
	0x11, 0x1e, 0x1e, 0x17, 0x1c, 0x17, 0x17, 0x1e, 
	0x1e, 0x1f, 0x17, 0x17, 0x17, 0x0e, 0x06, 0x01, 
	0x03, 0x01, 0x01, 0x23, 0x11, 0x17, 0x11, 0x1e, 
	0x17, 0x10, 0x1f, 0x1c, 0x1e, 0x1d, 0x10, 0x11, 
	0x1c, 0x1e, 0x22, 0x10, 0x10, 0x1c, 0x1d, 0x22, 
	0x11, 0x25, 0x10, 0x17, 0x0e, 0x06, 0x01, 0x01, 
	0x01, 0x02, 0x01, 0x01, 0x17, 0x17, 0x17, 0x10, 
	0x07, 0x17, 0x1d, 0x17, 0x18, 0x17, 0x17, 0x1d, 
	0x17, 0x17, 0x1e, 0x17, 0x1e, 0x17, 0x22, 0x22, 
	0x11, 0x1d, 0x17, 0x0f, 0x27, 0x02, 0x04, 0x02, 
	0x02, 0x02, 0x02, 0x02, 0x01, 0x08, 0x10, 0x0d, 
	0x1a, 0x17, 0x22, 0x07, 0x0d, 0x1a, 0x17, 0x22, 
	0x18, 0x0d, 0x10, 0x17, 0x1e, 0x1d, 0x10, 0x10, 
	0x1d, 0x17, 0x0e, 0x06, 0x02, 0x04, 0x04, 0x02, 
	0x20, 0x20, 0x28, 0x01, 0x05, 0x01, 0x11, 0x1d, 
	0x17, 0x17, 0x22, 0x11, 0x17, 0x11, 0x17, 0x22, 
	0x07, 0x11, 0x07, 0x17, 0x00, 0x17, 0x24, 0x1f, 
	0x11, 0x0e, 0x06, 0x01, 0x02, 0x02, 0x02, 0x02, 
	0x01, 0x02, 0x01, 0x00, 0x03, 0x05, 0x01, 0x08, 
	0x1d, 0x10, 0x0d, 0x17, 0x1e, 0x1e, 0x11, 0x10, 
	0x17, 0x17, 0x17, 0x17, 0x11, 0x17, 0x1d, 0x1d, 
	0x0e, 0x06, 0x0a, 0x0a, 0x0a, 0x05, 0x0a, 0x02, 
	0x02, 0x0a, 0x01, 0x20, 0x02, 0x02, 0x05, 0x15, 
	0x17, 0x10, 0x11, 0x11, 0x22, 0x22, 0x10, 0x10, 
	0x11, 0x22, 0x1e, 0x1a, 0x25, 0x11, 0x1e, 0x29, 
	0x01, 0x01, 0x02, 0x0a, 0x0a, 0x02, 0x01, 0x01, 
	0x01, 0x03, 0x14, 0x01, 0x01, 0x02, 0x01, 0x00, 
	0x14, 0x03, 0x12, 0x10, 0x0d, 0x2a, 0x0d, 0x24, 
	0x11, 0x10, 0x0c, 0x0d, 0x11, 0x11, 0x07, 0x29, 
	0x01, 0x02, 0x04, 0x05, 0x02, 0x02, 0x02, 0x02, 
	0x01, 0x01, 0x02, 0x02, 0x01, 0x02, 0x01, 0x01, 
	0x09, 0x01, 0x2b, 0x1b, 0x0d, 0x10, 0x0d, 0x24, 
	0x11, 0x0d, 0x0d, 0x16, 0x10, 0x07, 0x13, 0x01, 
	0x02, 0x02, 0x04, 0x05, 0x01, 0x01, 0x01, 0x01, 
	0x03, 0x01, 0x02, 0x02, 0x01, 0x15, 0x01, 0x02, 
	0x02, 0x02, 0x01, 0x13, 0x1b, 0x11, 0x1c, 0x24, 
	0x11, 0x10, 0x11, 0x1c, 0x07, 0x01, 0x05, 0x02, 
	0x0a, 0x02, 0x05, 0x05, 0x01, 0x0a, 0x02, 0x02, 
	0x15, 0x01, 0x02, 0x01, 0x03, 0x03, 0x15, 0x02, 
	0x02, 0x01, 0x14, 0x20, 0x2c, 0x12, 0x10, 0x0c, 
	0x0c, 0x10, 0x11, 0x2d, 0x13, 0x01, 0x02, 0x04, 
	0x05, 0x05, 0x01, 0x02, 0x04, 0x05, 0x05, 0x05, 
	0x02, 0x01, 0x02, 0x01, 0x01, 0x02, 0x01, 0x02, 
	0x02, 0x01, 0x02, 0x02, 0x02, 0x13, 0x0d, 0x0d, 
	0x10, 0x0d, 0x2d, 0x01, 0x01, 0x02, 0x02, 0x05, 
	0x05, 0x01, 0x01, 0x02, 0x04, 0x05, 0x05, 0x05, 
	0x02, 0x01, 0x22, 0x01, 0x02, 0x05, 0x02, 0x01, 
	0x01, 0x02, 0x04, 0x05, 0x02, 0x01, 0x0e, 0x10, 
	0x11, 0x2e, 0x01, 0x05, 0x02, 0x0a, 0x04, 0x02, 
	0x05, 0x01, 0x04, 0x05, 0x02, 0x05, 0x05, 0x05, 
	0x02, 0x15, 0x20, 0x20, 0x02, 0x02, 0x01, 0x03, 
	0x15, 0x02, 0x04, 0x02, 0x15, 0x15, 0x01, 0x0f, 
	0x2d, 0x13, 0x15, 0x01, 0x04, 0x05, 0x05, 0x01, 
	0x01, 0x05, 0x05, 0x05, 0x02, 0x01, 0x04, 0x04, 
	0x02, 0x01, 0x02, 0x02, 0x02, 0x02, 0x01, 0x02, 
	0x04, 0x02, 0x04, 0x02, 0x01, 0x05, 0x02, 0x06, 
	0x06, 0x01, 0x09, 0x09, 0x02, 0x05, 0x02, 0x01, 
	0x02, 0x02, 0x05, 0x05, 0x01, 0x02, 0x02, 0x02, 
	
};

Gfx wf_dl_rombustile_pal_rgba16_aligner[] = {gsSPEndDisplayList()};
u8 wf_dl_rombustile_pal_rgba16[] = {
	0x83, 0xe1, 0x8c, 0x63, 0x8c, 0x65, 0x84, 0x21, 
	0x8c, 0xa5, 0x94, 0xa5, 0x94, 0x63, 0x73, 0x5b, 
	0x7b, 0x9d, 0x94, 0x65, 0x94, 0xa7, 0x94, 0xa9, 
	0x52, 0x95, 0x5a, 0xd7, 0x83, 0xdf, 0x83, 0xdd, 
	0x63, 0x19, 0x6b, 0x5b, 0x6b, 0x59, 0x8c, 0x21, 
	0x7b, 0xe1, 0x8c, 0x23, 0x62, 0xd7, 0x73, 0x9d, 
	0x73, 0x5d, 0x5a, 0x97, 0x62, 0xd9, 0x6b, 0x19, 
	0x6b, 0x1b, 0x73, 0x9f, 0x7b, 0x9f, 0x6b, 0x5d, 
	0x84, 0x23, 0x52, 0x97, 0x7b, 0xdf, 0x73, 0x9b, 
	0x63, 0x1b, 0x5a, 0xd9, 0x7b, 0xdd, 0x94, 0xa3, 
	0x8c, 0xa7, 0x84, 0x1f, 0x4a, 0x53, 0x8c, 0x61, 
	0x8c, 0x1f, 0x7b, 0x9b, 0x7b, 0x5b, 
};

Gfx wf_dl_weirdwfthing_ci8_aligner[] = {gsSPEndDisplayList()};
u8 wf_dl_weirdwfthing_ci8[] = {
	0x00, 0x01, 0x02, 0x03, 0x04, 0x05, 0x06, 0x07, 
	0x08, 0x09, 0x0a, 0x0b, 0x0c, 0x06, 0x0d, 0x0e, 
	0x0f, 0x10, 0x0d, 0x0a, 0x06, 0x11, 0x12, 0x13, 
	0x06, 0x08, 0x10, 0x14, 0x15, 0x16, 0x17, 0x07, 
	0x18, 0x19, 0x1a, 0x1b, 0x1c, 0x1d, 0x0e, 0x1e, 
	0x06, 0x1f, 0x11, 0x0e, 0x20, 0x21, 0x11, 0x22, 
	0x02, 0x11, 0x11, 0x06, 0x03, 0x0c, 0x23, 0x24, 
	0x0d, 0x10, 0x25, 0x0e, 0x26, 0x27, 0x28, 0x29, 
	0x29, 0x2a, 0x2b, 0x2c, 0x2d, 0x2e, 0x2f, 0x21, 
	0x11, 0x2f, 0x2d, 0x0d, 0x30, 0x31, 0x32, 0x16, 
	0x0f, 0x0d, 0x10, 0x12, 0x33, 0x20, 0x34, 0x13, 
	0x08, 0x35, 0x36, 0x2e, 0x16, 0x2a, 0x28, 0x2d, 
	0x37, 0x38, 0x38, 0x39, 0x3a, 0x0e, 0x2f, 0x0c, 
	0x31, 0x0f, 0x21, 0x31, 0x0b, 0x1f, 0x3a, 0x3b, 
	0x05, 0x1d, 0x0c, 0x25, 0x3c, 0x3d, 0x11, 0x16, 
	0x39, 0x23, 0x10, 0x2d, 0x16, 0x3e, 0x3f, 0x06, 
	0x11, 0x40, 0x17, 0x41, 0x19, 0x06, 0x0a, 0x0f, 
	0x42, 0x43, 0x06, 0x02, 0x30, 0x25, 0x44, 0x1d, 
	0x2e, 0x03, 0x3b, 0x04, 0x06, 0x23, 0x40, 0x0d, 
	0x44, 0x11, 0x12, 0x2e, 0x16, 0x45, 0x46, 0x47, 
	0x48, 0x1f, 0x27, 0x49, 0x07, 0x4a, 0x1c, 0x2b, 
	0x08, 0x4b, 0x1d, 0x4c, 0x08, 0x02, 0x12, 0x04, 
	0x21, 0x3a, 0x4d, 0x22, 0x3a, 0x44, 0x0b, 0x21, 
	0x07, 0x12, 0x12, 0x0d, 0x04, 0x0c, 0x29, 0x4e, 
	0x4a, 0x22, 0x09, 0x4f, 0x0e, 0x3b, 0x08, 0x0b, 
	0x29, 0x0d, 0x29, 0x32, 0x0a, 0x19, 0x0e, 0x04, 
	0x0d, 0x0d, 0x08, 0x50, 0x0d, 0x51, 0x42, 0x43, 
	0x10, 0x12, 0x12, 0x0d, 0x52, 0x0f, 0x22, 0x25, 
	0x53, 0x07, 0x29, 0x21, 0x54, 0x55, 0x02, 0x08, 
	0x0e, 0x0c, 0x51, 0x55, 0x06, 0x0e, 0x11, 0x13, 
	0x21, 0x0d, 0x3d, 0x06, 0x44, 0x10, 0x08, 0x0f, 
	0x51, 0x12, 0x12, 0x51, 0x05, 0x56, 0x47, 0x57, 
	0x07, 0x02, 0x31, 0x08, 0x0f, 0x43, 0x31, 0x2f, 
	0x1f, 0x02, 0x1d, 0x06, 0x1c, 0x51, 0x08, 0x56, 
	0x2d, 0x2e, 0x46, 0x3c, 0x0e, 0x11, 0x44, 0x04, 
	0x0d, 0x11, 0x07, 0x44, 0x53, 0x06, 0x14, 0x12, 
	0x06, 0x0d, 0x2d, 0x23, 0x58, 0x08, 0x11, 0x0c, 
	0x51, 0x59, 0x40, 0x3a, 0x29, 0x31, 0x08, 0x0b, 
	0x15, 0x0f, 0x0e, 0x0e, 0x13, 0x5a, 0x13, 0x03, 
	0x06, 0x44, 0x11, 0x0e, 0x05, 0x06, 0x4e, 0x23, 
	0x31, 0x0e, 0x0c, 0x43, 0x06, 0x3a, 0x19, 0x51, 
	0x2d, 0x15, 0x3f, 0x5b, 0x5c, 0x5d, 0x1c, 0x08, 
	0x1d, 0x2f, 0x2d, 0x51, 0x0d, 0x2e, 0x2e, 0x50, 
	0x5d, 0x18, 0x55, 0x13, 0x1a, 0x5e, 0x03, 0x2d, 
	0x2d, 0x0d, 0x1f, 0x3a, 0x0c, 0x0e, 0x3b, 0x51, 
	0x29, 0x5f, 0x28, 0x16, 0x60, 0x26, 0x1c, 0x56, 
	0x31, 0x50, 0x3b, 0x11, 0x3b, 0x06, 0x16, 0x56, 
	0x0d, 0x0d, 0x13, 0x31, 0x61, 0x5d, 0x62, 0x40, 
	0x4f, 0x05, 0x06, 0x2d, 0x0d, 0x06, 0x06, 0x44, 
	0x0c, 0x3a, 0x63, 0x40, 0x26, 0x5c, 0x19, 0x51, 
	0x0d, 0x1d, 0x64, 0x02, 0x50, 0x03, 0x04, 0x20, 
	0x10, 0x0d, 0x0a, 0x0e, 0x2e, 0x65, 0x5c, 0x5b, 
	0x3b, 0x45, 0x66, 0x4f, 0x3a, 0x0d, 0x1d, 0x67, 
	0x31, 0x0c, 0x68, 0x2a, 0x16, 0x5a, 0x29, 0x21, 
	0x0d, 0x21, 0x50, 0x30, 0x0f, 0x21, 0x0d, 0x69, 
	0x51, 0x0d, 0x47, 0x13, 0x10, 0x13, 0x3a, 0x21, 
	0x16, 0x2a, 0x26, 0x6a, 0x4a, 0x2d, 0x0f, 0x3a, 
	0x3b, 0x0c, 0x6b, 0x6c, 0x1d, 0x3a, 0x3a, 0x36, 
	0x30, 0x04, 0x1f, 0x07, 0x2e, 0x07, 0x10, 0x3c, 
	0x3b, 0x10, 0x0f, 0x1d, 0x04, 0x3a, 0x44, 0x10, 
	0x2b, 0x2b, 0x26, 0x5c, 0x6d, 0x06, 0x2f, 0x0d, 
	0x31, 0x4b, 0x11, 0x0f, 0x19, 0x05, 0x5f, 0x0d, 
	0x21, 0x43, 0x3a, 0x04, 0x6e, 0x0d, 0x10, 0x10, 
	0x30, 0x6c, 0x0e, 0x6f, 0x1f, 0x64, 0x11, 0x12, 
	0x15, 0x40, 0x2a, 0x50, 0x5f, 0x21, 0x29, 0x11, 
	0x0d, 0x50, 0x51, 0x1d, 0x51, 0x51, 0x0e, 0x4b, 
	0x06, 0x0f, 0x2d, 0x04, 0x70, 0x06, 0x0c, 0x57, 
	0x5a, 0x44, 0x11, 0x10, 0x71, 0x56, 0x10, 0x12, 
	0x26, 0x15, 0x04, 0x01, 0x3a, 0x72, 0x0e, 0x59, 
	0x3a, 0x0f, 0x31, 0x3a, 0x3a, 0x51, 0x0e, 0x56, 
	0x73, 0x0d, 0x0d, 0x56, 0x51, 0x1d, 0x44, 0x26, 
	0x20, 0x2e, 0x3a, 0x51, 0x07, 0x2f, 0x44, 0x11, 
	0x3a, 0x4b, 0x51, 0x01, 0x0f, 0x4b, 0x30, 0x3b, 
	0x1c, 0x06, 0x24, 0x5f, 0x3a, 0x0d, 0x2e, 0x50, 
	0x20, 0x44, 0x3a, 0x56, 0x0d, 0x0d, 0x2d, 0x74, 
	0x3a, 0x2d, 0x1d, 0x25, 0x4c, 0x50, 0x11, 0x12, 
	0x4f, 0x3a, 0x30, 0x29, 0x21, 0x05, 0x3b, 0x29, 
	0x3b, 0x06, 0x2f, 0x56, 0x69, 0x1d, 0x0e, 0x56, 
	0x21, 0x3a, 0x06, 0x0f, 0x11, 0x21, 0x51, 0x75, 
	0x35, 0x04, 0x50, 0x44, 0x56, 0x20, 0x07, 0x50, 
	0x29, 0x0e, 0x19, 0x5f, 0x76, 0x5d, 0x1d, 0x29, 
	0x2e, 0x66, 0x0d, 0x2e, 0x21, 0x0d, 0x77, 0x0c, 
	0x21, 0x44, 0x06, 0x78, 0x51, 0x0c, 0x4c, 0x62, 
	0x24, 0x3b, 0x31, 0x07, 0x78, 0x06, 0x0d, 0x10, 
	0x42, 0x1d, 0x79, 0x06, 0x3c, 0x6e, 0x1d, 0x1c, 
	0x19, 0x1d, 0x7a, 0x21, 0x21, 0x2e, 0x1f, 0x02, 
	0x11, 0x04, 0x36, 0x3a, 0x31, 0x11, 0x6b, 0x29, 
	0x2d, 0x10, 0x10, 0x08, 0x2f, 0x10, 0x78, 0x10, 
	0x3a, 0x0e, 0x06, 0x7b, 0x0f, 0x4f, 0x3a, 0x04, 
	0x06, 0x1f, 0x3a, 0x21, 0x31, 0x0e, 0x1d, 0x50, 
	0x6e, 0x3b, 0x2b, 0x0d, 0x29, 0x0b, 0x5a, 0x2d, 
	0x51, 0x11, 0x51, 0x08, 0x3a, 0x4e, 0x1d, 0x0d, 
	0x1c, 0x09, 0x2f, 0x4b, 0x72, 0x3a, 0x0e, 0x3b, 
	0x01, 0x03, 0x06, 0x1d, 0x30, 0x46, 0x06, 0x1f, 
	0x29, 0x3b, 0x0e, 0x11, 0x5e, 0x1d, 0x1d, 0x3c, 
	0x04, 0x0e, 0x2e, 0x0e, 0x4b, 0x2e, 0x04, 0x3a, 
	0x12, 0x02, 0x1c, 0x1c, 0x1d, 0x36, 0x3b, 0x1c, 
	0x19, 0x54, 0x1c, 0x19, 0x19, 0x0c, 0x19, 0x0d, 
	0x21, 0x04, 0x1d, 0x0e, 0x06, 0x2d, 0x1d, 0x3b, 
	0x51, 0x56, 0x0e, 0x1f, 0x7c, 0x22, 0x25, 0x1d, 
	0x32, 0x4f, 0x02, 0x22, 0x1d, 0x4b, 0x1f, 0x01, 
	0x29, 0x25, 0x02, 0x11, 0x51, 0x3a, 0x0d, 0x21, 
	0x40, 0x20, 0x0d, 0x0f, 0x02, 0x2e, 0x0e, 0x3b, 
	0x21, 0x0d, 0x30, 0x5e, 0x0d, 0x44, 0x34, 0x54, 
	0x3b, 0x42, 0x0e, 0x3b, 0x2d, 0x7d, 0x15, 0x7e, 
	0x25, 0x04, 0x01, 0x19, 0x02, 0x19, 0x02, 0x31, 
	0x0a, 0x01, 0x31, 0x21, 0x2f, 0x0c, 0x19, 0x0c, 
	0x0d, 0x30, 0x31, 0x6a, 0x3b, 0x0d, 0x2e, 0x06, 
	0x1c, 0x39, 0x0e, 0x01, 0x02, 0x29, 0x0f, 0x50, 
	0x4b, 0x06, 0x3a, 0x0c, 0x3b, 0x3a, 0x3a, 0x13, 
	0x7f, 0x7d, 0x1c, 0x29, 0x40, 0x40, 0x30, 0x1d, 
	0x12, 0x11, 0x0c, 0x12, 0x80, 0x30, 0x50, 0x36, 
	0x02, 0x31, 0x15, 0x1d, 0x06, 0x29, 0x21, 0x3b, 
	0x1c, 0x19, 0x81, 0x68, 0x81, 0x82, 0x26, 0x29, 
	0x56, 0x19, 0x3b, 0x60, 0x3f, 0x30, 0x7d, 0x0e, 
	0x2f, 0x31, 0x21, 0x0d, 0x3b, 0x2e, 0x44, 0x44, 
	0x29, 0x3a, 0x3a, 0x1c, 0x13, 0x06, 0x0d, 0x6a, 
	0x0c, 0x01, 0x1d, 0x33, 0x26, 0x83, 0x0f, 0x21, 
	0x2e, 0x2d, 0x7c, 0x2a, 0x60, 0x64, 0x7d, 0x21, 
	0x06, 0x3b, 0x0c, 0x0f, 0x3a, 0x44, 0x0d, 0x0d, 
	0x80, 0x6a, 0x29, 0x02, 0x78, 0x4b, 0x5e, 0x24, 
	0x01, 0x0d, 0x19, 0x26, 0x5b, 0x3a, 0x01, 0x0f, 
	0x2d, 0x0d, 0x35, 0x16, 0x28, 0x84, 0x2d, 0x51, 
	0x21, 0x20, 0x1d, 0x54, 0x56, 0x6a, 0x3a, 0x3a, 
	0x51, 0x3d, 0x02, 0x21, 0x0e, 0x29, 0x19, 0x1d, 
	0x06, 0x1d, 0x2c, 0x32, 0x04, 0x72, 0x31, 0x13, 
	0x4a, 0x85, 0x26, 0x09, 0x5c, 0x3b, 0x29, 0x06, 
	0x1d, 0x24, 0x06, 0x44, 0x1d, 0x6d, 0x0d, 0x10, 
	
};

Gfx wf_dl_weirdwfthing_pal_rgba16_aligner[] = {gsSPEndDisplayList()};
u8 wf_dl_weirdwfthing_pal_rgba16[] = {
	0x49, 0xcf, 0x18, 0xc5, 0x29, 0x09, 0x7b, 0x9b, 
	0x62, 0xd5, 0x62, 0xd7, 0x4a, 0x0f, 0x42, 0x0f, 
	0x52, 0x53, 0x7b, 0x5b, 0x73, 0x19, 0x83, 0xdf, 
	0x29, 0x49, 0x39, 0x8d, 0x52, 0x51, 0x62, 0x93, 
	0x39, 0xcf, 0x41, 0xcf, 0x4a, 0x11, 0x6a, 0xd5, 
	0x3a, 0x11, 0x8c, 0x1f, 0x8c, 0x21, 0x94, 0x65, 
	0x73, 0x5b, 0x31, 0x49, 0x4a, 0x51, 0x63, 0x19, 
	0x20, 0xc7, 0x5a, 0x93, 0x21, 0x49, 0x83, 0xdd, 
	0x49, 0xcd, 0x31, 0x8b, 0x73, 0x59, 0x42, 0x11, 
	0x62, 0xd3, 0x5a, 0x95, 0x9c, 0xa5, 0xad, 0x2d, 
	0xa4, 0xe9, 0x21, 0x07, 0x94, 0xa5, 0x8b, 0xdf, 
	0x18, 0x41, 0x21, 0x09, 0x29, 0x4b, 0x52, 0x0f, 
	0x73, 0x17, 0x31, 0x4b, 0x7b, 0x9d, 0xa5, 0x2b, 
	0x21, 0x4b, 0x83, 0x9b, 0x7b, 0x59, 0x6b, 0x5d, 
	0xa4, 0xa7, 0x6a, 0xd7, 0x41, 0xcd, 0x39, 0x8b, 
	0x6b, 0x15, 0x5a, 0x53, 0xa4, 0xeb, 0xb5, 0xaf, 
	0x94, 0x63, 0xad, 0x6d, 0x6b, 0x19, 0x52, 0x11, 
	0x31, 0x8d, 0xb5, 0x6b, 0x83, 0x9d, 0x4a, 0x53, 
	0x20, 0x85, 0x83, 0x9f, 0x18, 0xc7, 0x29, 0x07, 
	0x8c, 0x63, 0x7b, 0x5d, 0x29, 0x8d, 0x18, 0x83, 
	0x6b, 0x17, 0x39, 0xcd, 0x62, 0xd9, 0x52, 0x95, 
	0x62, 0x95, 0x83, 0xdb, 0x5a, 0x51, 0x52, 0x93, 
	0x7b, 0xdf, 0x94, 0x61, 0x7b, 0x57, 0xa4, 0xe7, 
	0xad, 0x2b, 0x8c, 0x61, 0x7b, 0x99, 0x5a, 0x91, 
	0x9c, 0xa7, 0x19, 0x0b, 0xc5, 0xf1, 0xac, 0xe9, 
	0x52, 0x0d, 0xac, 0xe7, 0x41, 0x8d, 0x39, 0x4b, 
	0xa4, 0xa5, 0x73, 0x15, 0x4a, 0x0d, 0x8b, 0xdd, 
	0x73, 0x57, 0x39, 0x49, 0x41, 0x8b, 0x31, 0x8f, 
	0x8b, 0xdb, 0x5a, 0xd7, 0x18, 0x85, 0x72, 0xd5, 
	0xbd, 0xaf, 0xce, 0x73, 0x20, 0x83, 0x83, 0x99, 
	0x52, 0x4f, 0x18, 0x43, 0x39, 0xcb, 0x8c, 0x5f, 
	0x6a, 0xd3, 0x20, 0xc5, 0x6b, 0x59, 0x7b, 0x17, 
	0x8c, 0x1d, 0x94, 0xa3, 0xb5, 0x29, 0xad, 0x29, 
	0x41, 0xcb, 0x83, 0x59, 
};

Gfx wf_dl_dirt_dark_ci8_aligner[] = {gsSPEndDisplayList()};
u8 wf_dl_dirt_dark_ci8[] = {
	0x00, 0x01, 0x02, 0x03, 0x04, 0x05, 0x01, 0x03, 
	0x06, 0x07, 0x08, 0x04, 0x09, 0x0a, 0x0b, 0x0c, 
	0x0d, 0x0e, 0x05, 0x0f, 0x06, 0x10, 0x00, 0x11, 
	0x12, 0x13, 0x10, 0x01, 0x14, 0x15, 0x16, 0x13, 
	0x17, 0x04, 0x18, 0x04, 0x00, 0x19, 0x1a, 0x1b, 
	0x1c, 0x1d, 0x16, 0x1d, 0x1e, 0x1f, 0x20, 0x0f, 
	0x0f, 0x00, 0x21, 0x22, 0x01, 0x07, 0x23, 0x11, 
	0x11, 0x10, 0x04, 0x24, 0x25, 0x26, 0x27, 0x0c, 
	0x04, 0x23, 0x03, 0x01, 0x21, 0x28, 0x29, 0x2a, 
	0x2b, 0x2c, 0x16, 0x2d, 0x04, 0x01, 0x00, 0x2e, 
	0x15, 0x05, 0x2f, 0x04, 0x22, 0x30, 0x31, 0x21, 
	0x11, 0x0c, 0x32, 0x12, 0x33, 0x0f, 0x34, 0x21, 
	0x05, 0x23, 0x18, 0x00, 0x00, 0x35, 0x36, 0x37, 
	0x2a, 0x16, 0x38, 0x32, 0x39, 0x3a, 0x20, 0x18, 
	0x3b, 0x05, 0x3c, 0x0f, 0x3d, 0x3e, 0x31, 0x3d, 
	0x07, 0x3f, 0x3f, 0x12, 0x07, 0x1c, 0x0c, 0x01, 
	0x07, 0x04, 0x40, 0x3f, 0x05, 0x3f, 0x29, 0x05, 
	0x04, 0x10, 0x41, 0x42, 0x42, 0x43, 0x24, 0x05, 
	0x29, 0x26, 0x44, 0x00, 0x23, 0x1f, 0x18, 0x3d, 
	0x1c, 0x19, 0x07, 0x07, 0x3f, 0x45, 0x46, 0x03, 
	0x11, 0x24, 0x19, 0x02, 0x47, 0x47, 0x18, 0x2e, 
	0x31, 0x3f, 0x15, 0x02, 0x48, 0x49, 0x11, 0x47, 
	0x0e, 0x19, 0x24, 0x18, 0x0f, 0x06, 0x0e, 0x4a, 
	0x19, 0x0e, 0x05, 0x4b, 0x4c, 0x0b, 0x44, 0x4d, 
	0x12, 0x00, 0x13, 0x13, 0x13, 0x18, 0x03, 0x4e, 
	0x0c, 0x16, 0x07, 0x05, 0x24, 0x3c, 0x01, 0x2e, 
	0x05, 0x4f, 0x4f, 0x21, 0x22, 0x50, 0x45, 0x1f, 
	0x45, 0x2a, 0x10, 0x1f, 0x06, 0x51, 0x52, 0x10, 
	0x02, 0x01, 0x20, 0x13, 0x00, 0x53, 0x54, 0x4e, 
	0x19, 0x19, 0x55, 0x05, 0x31, 0x44, 0x2e, 0x31, 
	0x05, 0x56, 0x0f, 0x1f, 0x31, 0x57, 0x4c, 0x32, 
	0x30, 0x05, 0x47, 0x33, 0x3c, 0x10, 0x58, 0x59, 
	0x4d, 0x03, 0x2e, 0x31, 0x2e, 0x5a, 0x46, 0x5b, 
	0x24, 0x5c, 0x5d, 0x3f, 0x05, 0x3c, 0x01, 0x20, 
	0x5e, 0x5f, 0x29, 0x04, 0x04, 0x0b, 0x60, 0x07, 
	0x05, 0x61, 0x3f, 0x33, 0x0f, 0x1e, 0x62, 0x2e, 
	0x63, 0x00, 0x13, 0x07, 0x2e, 0x00, 0x10, 0x21, 
	0x13, 0x06, 0x3f, 0x27, 0x16, 0x1c, 0x10, 0x00, 
	0x64, 0x65, 0x51, 0x27, 0x4f, 0x24, 0x2d, 0x32, 
	0x1c, 0x66, 0x46, 0x19, 0x33, 0x07, 0x51, 0x12, 
	0x47, 0x3d, 0x02, 0x20, 0x01, 0x2e, 0x2e, 0x13, 
	0x13, 0x67, 0x08, 0x3f, 0x50, 0x68, 0x1c, 0x23, 
	0x69, 0x6a, 0x6a, 0x5c, 0x44, 0x01, 0x07, 0x43, 
	0x6b, 0x61, 0x6c, 0x61, 0x60, 0x11, 0x32, 0x20, 
	0x2e, 0x07, 0x05, 0x19, 0x1c, 0x0c, 0x02, 0x2b, 
	0x19, 0x67, 0x16, 0x27, 0x07, 0x6b, 0x12, 0x22, 
	0x27, 0x6d, 0x57, 0x07, 0x12, 0x13, 0x41, 0x0c, 
	0x07, 0x66, 0x51, 0x51, 0x6e, 0x43, 0x22, 0x01, 
	0x01, 0x1c, 0x6f, 0x70, 0x6f, 0x04, 0x6e, 0x0e, 
	0x1c, 0x71, 0x5c, 0x16, 0x07, 0x24, 0x18, 0x00, 
	0x12, 0x07, 0x07, 0x13, 0x15, 0x20, 0x1e, 0x05, 
	0x05, 0x6b, 0x61, 0x0b, 0x6e, 0x72, 0x07, 0x20, 
	0x1c, 0x07, 0x47, 0x07, 0x18, 0x23, 0x07, 0x05, 
	0x19, 0x73, 0x5c, 0x74, 0x18, 0x00, 0x19, 0x61, 
	0x06, 0x07, 0x05, 0x15, 0x33, 0x75, 0x25, 0x44, 
	0x04, 0x06, 0x6b, 0x50, 0x0b, 0x6c, 0x6e, 0x75, 
	0x07, 0x02, 0x10, 0x18, 0x00, 0x21, 0x18, 0x01, 
	0x10, 0x3f, 0x32, 0x32, 0x12, 0x0c, 0x76, 0x0b, 
	0x47, 0x3f, 0x02, 0x26, 0x3f, 0x12, 0x1c, 0x2d, 
	0x3d, 0x04, 0x0e, 0x19, 0x47, 0x00, 0x60, 0x22, 
	0x15, 0x21, 0x33, 0x0f, 0x3d, 0x2e, 0x31, 0x00, 
	0x01, 0x10, 0x01, 0x6e, 0x19, 0x3f, 0x0b, 0x61, 
	0x01, 0x3f, 0x0e, 0x3f, 0x1c, 0x21, 0x33, 0x0f, 
	0x3d, 0x2e, 0x31, 0x00, 0x01, 0x10, 0x01, 0x3f, 
	0x20, 0x12, 0x1c, 0x2d, 0x3d, 0x04, 0x0e, 0x19, 
	0x47, 0x00, 0x60, 0x19, 0x07, 0x6e, 0x61, 0x1c, 
	0x60, 0x19, 0x07, 0x6e, 0x61, 0x02, 0x10, 0x18, 
	0x00, 0x21, 0x18, 0x01, 0x10, 0x3f, 0x32, 0x07, 
	0x59, 0x75, 0x25, 0x44, 0x04, 0x06, 0x6b, 0x50, 
	0x0b, 0x6c, 0x6e, 0x07, 0x3f, 0x6e, 0x6b, 0x0e, 
	0x4d, 0x45, 0x3f, 0x6e, 0x6b, 0x07, 0x47, 0x07, 
	0x18, 0x23, 0x07, 0x05, 0x19, 0x73, 0x5c, 0x77, 
	0x23, 0x20, 0x1e, 0x05, 0x05, 0x6b, 0x61, 0x0b, 
	0x6e, 0x72, 0x07, 0x44, 0x05, 0x19, 0x73, 0x19, 
	0x01, 0x47, 0x05, 0x19, 0x73, 0x1c, 0x6f, 0x70, 
	0x6f, 0x04, 0x6e, 0x0e, 0x1c, 0x71, 0x5c, 0x6f, 
	0x12, 0x13, 0x41, 0x0c, 0x07, 0x66, 0x51, 0x51, 
	0x6e, 0x43, 0x22, 0x33, 0x33, 0x4f, 0x47, 0x47, 
	0x22, 0x00, 0x20, 0x4f, 0x47, 0x07, 0x05, 0x19, 
	0x1c, 0x0c, 0x02, 0x2b, 0x19, 0x67, 0x16, 0x18, 
	0x02, 0x01, 0x07, 0x43, 0x6b, 0x61, 0x6c, 0x61, 
	0x60, 0x11, 0x32, 0x3c, 0x07, 0x78, 0x6b, 0x07, 
	0x4a, 0x6e, 0x06, 0x78, 0x6b, 0x3d, 0x02, 0x20, 
	0x01, 0x2e, 0x2e, 0x13, 0x13, 0x67, 0x08, 0x18, 
	0x10, 0x24, 0x2d, 0x32, 0x1c, 0x66, 0x46, 0x19, 
	0x33, 0x07, 0x51, 0x52, 0x6e, 0x4c, 0x63, 0x06, 
	0x51, 0x79, 0x0b, 0x4c, 0x63, 0x00, 0x13, 0x07, 
	0x2e, 0x00, 0x10, 0x21, 0x13, 0x06, 0x3f, 0x6b, 
	0x12, 0x0b, 0x60, 0x07, 0x05, 0x61, 0x3f, 0x33, 
	0x0f, 0x1e, 0x62, 0x43, 0x6e, 0x6b, 0x43, 0x21, 
	0x62, 0x4c, 0x4c, 0x66, 0x43, 0x03, 0x2e, 0x31, 
	0x2e, 0x5a, 0x46, 0x5b, 0x24, 0x5c, 0x5d, 0x4c, 
	0x0c, 0x57, 0x4c, 0x32, 0x30, 0x05, 0x47, 0x33, 
	0x3c, 0x10, 0x58, 0x6e, 0x19, 0x3a, 0x24, 0x10, 
	0x58, 0x66, 0x4d, 0x4d, 0x24, 0x01, 0x20, 0x13, 
	0x00, 0x53, 0x54, 0x4e, 0x19, 0x19, 0x55, 0x60, 
	0x10, 0x50, 0x45, 0x1f, 0x45, 0x2a, 0x10, 0x1f, 
	0x06, 0x51, 0x52, 0x00, 0x19, 0x24, 0x3f, 0x19, 
	0x22, 0x00, 0x32, 0x24, 0x3f, 0x00, 0x13, 0x13, 
	0x13, 0x18, 0x03, 0x4e, 0x0c, 0x16, 0x07, 0x12, 
	0x07, 0x06, 0x0e, 0x4a, 0x19, 0x0e, 0x05, 0x4b, 
	0x4c, 0x0b, 0x44, 0x4d, 0x7a, 0x4d, 0x4d, 0x39, 
	0x21, 0x4d, 0x7a, 0x7b, 0x5b, 0x24, 0x19, 0x02, 
	0x47, 0x47, 0x18, 0x2e, 0x31, 0x3f, 0x15, 0x23, 
	0x18, 0x1f, 0x18, 0x3d, 0x1c, 0x19, 0x07, 0x07, 
	0x3f, 0x45, 0x46, 0x46, 0x46, 0x4d, 0x39, 0x4e, 
	0x63, 0x7c, 0x49, 0x4d, 0x39, 0x04, 0x40, 0x3f, 
	0x05, 0x3f, 0x29, 0x05, 0x04, 0x10, 0x41, 0x22, 
	0x7d, 0x3e, 0x31, 0x3d, 0x07, 0x3f, 0x3f, 0x12, 
	0x07, 0x1c, 0x0c, 0x7e, 0x3a, 0x7f, 0x39, 0x80, 
	0x33, 0x81, 0x3a, 0x7f, 0x39, 0x23, 0x18, 0x00, 
	0x00, 0x35, 0x36, 0x37, 0x2a, 0x16, 0x38, 0x10, 
	0x45, 0x30, 0x31, 0x21, 0x11, 0x0c, 0x32, 0x12, 
	0x33, 0x0f, 0x34, 0x12, 0x02, 0x05, 0x22, 0x13, 
	0x55, 0x12, 0x03, 0x13, 0x22, 0x23, 0x03, 0x01, 
	0x21, 0x28, 0x29, 0x2a, 0x2b, 0x2c, 0x16, 0x02, 
	0x26, 0x07, 0x23, 0x11, 0x11, 0x10, 0x04, 0x24, 
	0x25, 0x26, 0x27, 0x0c, 0x02, 0x05, 0x32, 0x61, 
	0x55, 0x0c, 0x00, 0x00, 0x32, 0x04, 0x18, 0x04, 
	0x00, 0x19, 0x1a, 0x1b, 0x1c, 0x1d, 0x16, 0x10, 
	0x1c, 0x10, 0x00, 0x11, 0x12, 0x13, 0x10, 0x01, 
	0x14, 0x15, 0x16, 0x16, 0x12, 0x05, 0x3f, 0x60, 
	0x04, 0x0c, 0x4f, 0x1c, 0x1c, 0x01, 0x02, 0x03, 
	0x04, 0x05, 0x01, 0x03, 0x06, 0x07, 0x08, 0x12, 
	0x3f, 0x20, 0x47, 0x11, 0x05, 0x11, 0x10, 0x23, 
	0x05, 0x82, 0x16, 0x83, 0x2d, 0x35, 0x51, 0x39, 
	0x84, 0x6b, 0x05, 0x1c, 0x3f, 0x39, 0x1c, 0x1c, 
	0x3f, 0x39, 0x0e, 0x1c, 0x51, 0x05, 0x47, 0x79, 
	
};

Gfx wf_dl_dirt_dark_pal_rgba16_aligner[] = {gsSPEndDisplayList()};
u8 wf_dl_dirt_dark_pal_rgba16[] = {
	0x40, 0xc1, 0x49, 0x01, 0x59, 0xc3, 0x59, 0x81, 
	0x51, 0x83, 0x59, 0xc5, 0x72, 0x89, 0x62, 0x07, 
	0x5a, 0xc7, 0x51, 0xc7, 0x83, 0x11, 0x8b, 0x51, 
	0x6a, 0x47, 0x5a, 0xc9, 0x7a, 0xcd, 0x49, 0x03, 
	0x51, 0x41, 0x59, 0x83, 0x62, 0x05, 0x51, 0x81, 
	0x49, 0x85, 0x49, 0x43, 0x62, 0x47, 0x94, 0x19, 
	0x38, 0xc1, 0x72, 0x8b, 0x93, 0xd7, 0x7a, 0xcf, 
	0x83, 0x0f, 0x62, 0x49, 0x49, 0x45, 0x41, 0x03, 
	0x41, 0x01, 0x38, 0x81, 0x30, 0x41, 0x30, 0x81, 
	0x61, 0xc5, 0x39, 0x03, 0x6a, 0x4b, 0x5a, 0x05, 
	0x59, 0xc9, 0x83, 0x51, 0x7b, 0x0f, 0x72, 0xcb, 
	0x5a, 0x47, 0x62, 0x09, 0x20, 0x01, 0x72, 0x07, 
	0x51, 0x87, 0x28, 0x01, 0x6a, 0x07, 0x51, 0x85, 
	0x73, 0x0b, 0x8b, 0x53, 0x93, 0x95, 0x9c, 0x19, 
	0x5a, 0x07, 0x6a, 0x05, 0x7a, 0x89, 0x51, 0xc3, 
	0x61, 0xc7, 0x28, 0x41, 0x38, 0x83, 0x6a, 0x49, 
	0x62, 0x4b, 0x59, 0xc7, 0x69, 0xc1, 0x72, 0x49, 
	0x59, 0x85, 0x6a, 0x09, 0x82, 0xcb, 0x49, 0x41, 
	0xa3, 0x8d, 0x8b, 0x0b, 0x40, 0xc3, 0x59, 0x87, 
	0x93, 0x91, 0x72, 0x47, 0x82, 0xc9, 0x51, 0x43, 
	0x93, 0xd5, 0x93, 0x93, 0x72, 0x4b, 0x83, 0x0b, 
	0x9b, 0xcf, 0x62, 0x87, 0x51, 0xc5, 0x93, 0xd3, 
	0x9b, 0xd3, 0x10, 0x01, 0x7a, 0x87, 0x61, 0xc3, 
	0x6a, 0x89, 0x6a, 0xcb, 0x5a, 0x45, 0x8b, 0xd3, 
	0x7a, 0x8b, 0x8b, 0x4f, 0xa4, 0x57, 0x8b, 0x0d, 
	0x8c, 0x53, 0x84, 0x51, 0x93, 0x4f, 0x6a, 0xc9, 
	0x93, 0x53, 0x94, 0x55, 0x94, 0x13, 0x83, 0x0d, 
	0x8b, 0x0f, 0x94, 0x15, 0x82, 0xcd, 0x72, 0xcd, 
	0x7b, 0x11, 0x7b, 0x0d, 0x93, 0x51, 0x6a, 0x8b, 
	0x5a, 0x03, 0x18, 0x01, 0x9c, 0x59, 0x62, 0x0b, 
	0x9c, 0x17, 0x7a, 0xcb, 0x93, 0x8d, 0x7a, 0x45, 
	0x9b, 0xd1, 0x49, 0x05, 0x72, 0x87, 0x6a, 0x45, 
	0x61, 0xc1, 0x7a, 0xc9, 0x6a, 0x87, 0x62, 0x89, 
	0x73, 0x4d, 
};

Gfx wf_dl_wfredbrick_ci8_aligner[] = {gsSPEndDisplayList()};
u8 wf_dl_wfredbrick_ci8[] = {
	0x00, 0x01, 0x02, 0x01, 0x03, 0x00, 0x03, 0x00, 
	0x00, 0x00, 0x00, 0x01, 0x00, 0x01, 0x04, 0x05, 
	0x06, 0x06, 0x07, 0x08, 0x08, 0x08, 0x07, 0x02, 
	0x02, 0x08, 0x07, 0x02, 0x02, 0x09, 0x01, 0x02, 
	0x0a, 0x0b, 0x0c, 0x0b, 0x0a, 0x0d, 0x0a, 0x0e, 
	0x0a, 0x0f, 0x0b, 0x0f, 0x0a, 0x10, 0x11, 0x12, 
	0x13, 0x0b, 0x13, 0x0b, 0x0b, 0x0b, 0x0b, 0x0b, 
	0x0b, 0x0b, 0x0b, 0x13, 0x0b, 0x0b, 0x0a, 0x0b, 
	0x0d, 0x0d, 0x14, 0x0d, 0x14, 0x0d, 0x14, 0x14, 
	0x14, 0x0d, 0x14, 0x14, 0x0d, 0x15, 0x16, 0x17, 
	0x13, 0x13, 0x14, 0x13, 0x14, 0x14, 0x14, 0x14, 
	0x14, 0x14, 0x14, 0x14, 0x14, 0x18, 0x14, 0x14, 
	0x14, 0x14, 0x0d, 0x0d, 0x14, 0x14, 0x14, 0x0d, 
	0x0d, 0x0d, 0x14, 0x14, 0x0d, 0x0d, 0x16, 0x19, 
	0x13, 0x13, 0x13, 0x13, 0x13, 0x14, 0x14, 0x13, 
	0x18, 0x18, 0x14, 0x14, 0x1a, 0x14, 0x0d, 0x0d, 
	0x18, 0x0d, 0x0d, 0x0d, 0x0d, 0x14, 0x0d, 0x0d, 
	0x0d, 0x0d, 0x0d, 0x14, 0x0d, 0x15, 0x1b, 0x1c, 
	0x14, 0x13, 0x13, 0x14, 0x14, 0x18, 0x14, 0x1a, 
	0x14, 0x14, 0x18, 0x14, 0x14, 0x18, 0x0d, 0x0d, 
	0x0d, 0x0d, 0x14, 0x0d, 0x10, 0x0d, 0x10, 0x0d, 
	0x0d, 0x0d, 0x0d, 0x0d, 0x1d, 0x15, 0x1b, 0x1e, 
	0x13, 0x14, 0x0a, 0x14, 0x0d, 0x18, 0x1a, 0x18, 
	0x1a, 0x0d, 0x0d, 0x14, 0x14, 0x14, 0x0d, 0x0d, 
	0x1f, 0x20, 0x21, 0x22, 0x23, 0x20, 0x24, 0x22, 
	0x25, 0x25, 0x22, 0x1f, 0x26, 0x0b, 0x27, 0x28, 
	0x29, 0x2a, 0x2b, 0x23, 0x2b, 0x23, 0x2b, 0x2c, 
	0x21, 0x2d, 0x23, 0x23, 0x23, 0x23, 0x23, 0x2e, 
	0x2f, 0x30, 0x30, 0x31, 0x32, 0x33, 0x34, 0x35, 
	0x36, 0x30, 0x2f, 0x37, 0x37, 0x38, 0x39, 0x3a, 
	0x3b, 0x3c, 0x37, 0x3c, 0x3d, 0x3e, 0x3f, 0x38, 
	0x34, 0x3f, 0x2f, 0x37, 0x40, 0x41, 0x42, 0x43, 
	0x44, 0x45, 0x1a, 0x46, 0x44, 0x07, 0x44, 0x45, 
	0x45, 0x47, 0x07, 0x07, 0x07, 0x46, 0x06, 0x02, 
	0x48, 0x02, 0x02, 0x02, 0x01, 0x02, 0x02, 0x02, 
	0x46, 0x46, 0x06, 0x06, 0x1a, 0x03, 0x49, 0x4a, 
	0x4b, 0x4b, 0x4b, 0x4b, 0x4c, 0x4d, 0x4d, 0x4e, 
	0x4b, 0x4d, 0x4b, 0x4c, 0x4c, 0x4c, 0x4b, 0x4b, 
	0x13, 0x13, 0x13, 0x0b, 0x0b, 0x0b, 0x0b, 0x13, 
	0x13, 0x4f, 0x0b, 0x13, 0x4f, 0x50, 0x51, 0x52, 
	0x4d, 0x4b, 0x4d, 0x4b, 0x4d, 0x4d, 0x4d, 0x4d, 
	0x4b, 0x4d, 0x4d, 0x4b, 0x4b, 0x4b, 0x4b, 0x4b, 
	0x4b, 0x13, 0x13, 0x13, 0x13, 0x14, 0x14, 0x14, 
	0x14, 0x13, 0x13, 0x14, 0x13, 0x44, 0x53, 0x2d, 
	0x4d, 0x4d, 0x4b, 0x4b, 0x4b, 0x4b, 0x4b, 0x50, 
	0x4d, 0x4d, 0x4d, 0x4b, 0x4b, 0x4b, 0x4d, 0x4d, 
	0x13, 0x13, 0x13, 0x13, 0x13, 0x0b, 0x14, 0x0b, 
	0x13, 0x13, 0x13, 0x13, 0x13, 0x44, 0x54, 0x55, 
	0x4d, 0x4d, 0x4b, 0x4b, 0x4c, 0x4b, 0x4d, 0x4d, 
	0x50, 0x50, 0x4d, 0x4b, 0x4b, 0x4d, 0x50, 0x4d, 
	0x13, 0x13, 0x13, 0x13, 0x13, 0x13, 0x0b, 0x13, 
	0x13, 0x4b, 0x4b, 0x13, 0x13, 0x50, 0x56, 0x57, 
	0x4d, 0x4d, 0x4b, 0x4d, 0x50, 0x4d, 0x4d, 0x4b, 
	0x4b, 0x4b, 0x4b, 0x4d, 0x4b, 0x4b, 0x4b, 0x4b, 
	0x4b, 0x13, 0x13, 0x0b, 0x13, 0x13, 0x13, 0x4f, 
	0x4f, 0x4b, 0x4f, 0x4f, 0x13, 0x44, 0x54, 0x4b, 
	0x58, 0x52, 0x59, 0x2c, 0x5a, 0x2c, 0x5b, 0x5c, 
	0x5d, 0x5e, 0x5d, 0x5d, 0x5c, 0x5c, 0x5d, 0x5c, 
	0x5f, 0x5f, 0x60, 0x23, 0x61, 0x60, 0x60, 0x62, 
	0x63, 0x29, 0x5c, 0x5e, 0x64, 0x65, 0x66, 0x67, 
	0x68, 0x69, 0x6a, 0x6b, 0x6b, 0x6c, 0x6d, 0x6d, 
	0x6d, 0x6d, 0x6e, 0x3c, 0x6f, 0x70, 0x37, 0x3d, 
	0x71, 0x27, 0x72, 0x3c, 0x6e, 0x72, 0x73, 0x3c, 
	0x3c, 0x74, 0x74, 0x3a, 0x75, 0x76, 0x77, 0x78, 
	0x00, 0x00, 0x09, 0x00, 0x00, 0x00, 0x01, 0x03, 
	0x79, 0x79, 0x00, 0x02, 0x02, 0x02, 0x7a, 0x7b, 
	0x09, 0x09, 0x7c, 0x09, 0x79, 0x09, 0x09, 0x09, 
	0x00, 0x09, 0x09, 0x01, 0x01, 0x48, 0x00, 0x7d, 
	0x7e, 0x7e, 0x7e, 0x7e, 0x7e, 0x7f, 0x80, 0x15, 
	0x15, 0x1a, 0x06, 0x7e, 0x02, 0x48, 0x81, 0x82, 
	0x48, 0x02, 0x02, 0x7e, 0x48, 0x48, 0x7e, 0x01, 
	0x48, 0x48, 0x48, 0x48, 0x48, 0x48, 0x7e, 0x7e, 
	0x7e, 0x7e, 0x02, 0x7e, 0x7f, 0x7e, 0x7e, 0x7e, 
	0x7e, 0x7e, 0x07, 0x02, 0x02, 0x48, 0x83, 0x84, 
	0x48, 0x02, 0x02, 0x02, 0x02, 0x02, 0x02, 0x48, 
	0x48, 0x7e, 0x48, 0x48, 0x7e, 0x02, 0x7f, 0x7e, 
	0x7e, 0x7e, 0x02, 0x7e, 0x7e, 0x7e, 0x7e, 0x06, 
	0x7e, 0x7e, 0x02, 0x02, 0x07, 0x02, 0x85, 0x86, 
	0x7e, 0x06, 0x06, 0x02, 0x48, 0x02, 0x06, 0x02, 
	0x02, 0x07, 0x48, 0x07, 0x7e, 0x7e, 0x02, 0x02, 
	0x06, 0x06, 0x02, 0x07, 0x06, 0x06, 0x06, 0x06, 
	0x06, 0x7e, 0x7e, 0x02, 0x07, 0x02, 0x87, 0x88, 
	0x18, 0x46, 0x06, 0x06, 0x02, 0x06, 0x07, 0x7e, 
	0x06, 0x02, 0x02, 0x06, 0x7e, 0x7e, 0x06, 0x06, 
	0x06, 0x06, 0x15, 0x15, 0x18, 0x06, 0x06, 0x7e, 
	0x7e, 0x48, 0x02, 0x02, 0x48, 0x02, 0x89, 0x8a, 
	0x18, 0x06, 0x46, 0x06, 0x06, 0x02, 0x46, 0x7e, 
	0x06, 0x02, 0x7e, 0x06, 0x06, 0x15, 0x15, 0x06, 
	0x8b, 0x8c, 0x8c, 0x1a, 0x8d, 0x8e, 0x8c, 0x8c, 
	0x8c, 0x8f, 0x8c, 0x18, 0x06, 0x14, 0x90, 0x91, 
	0x92, 0x2d, 0x93, 0x94, 0x95, 0x93, 0x2d, 0x96, 
	0x97, 0x96, 0x98, 0x99, 0x99, 0x99, 0x92, 0x99, 
	0x9a, 0x9b, 0x6d, 0x9c, 0x9b, 0x9d, 0x9b, 0x9b, 
	0x3a, 0x9e, 0x3a, 0x3c, 0x9b, 0x9f, 0xa0, 0xa1, 
	0xa2, 0x9b, 0x39, 0xa3, 0xa4, 0xa5, 0x3b, 0x3b, 
	0x6c, 0xa2, 0xa6, 0xa7, 0x9a, 0xa6, 0x6f, 0x3a, 
	0x00, 0xa8, 0x09, 0x03, 0x01, 0x09, 0x00, 0x01, 
	0x01, 0x48, 0x7d, 0x00, 0x79, 0x00, 0x02, 0x01, 
	0x01, 0x00, 0x00, 0x09, 0x7c, 0xa9, 0x09, 0xaa, 
	0x09, 0x00, 0xab, 0xab, 0xab, 0x48, 0xac, 0xad, 
	0x0f, 0x0f, 0x0c, 0x0f, 0x0c, 0xae, 0xae, 0x0c, 
	0x0c, 0xae, 0x0c, 0x0c, 0xae, 0x0c, 0x0c, 0x0f, 
	0x0a, 0x0f, 0x0c, 0x0f, 0x0c, 0xaf, 0x0f, 0x0e, 
	0x0e, 0x14, 0x0a, 0xb0, 0xb0, 0xb0, 0xb1, 0xb2, 
	0x0d, 0x0d, 0x14, 0x0a, 0x14, 0x0b, 0x14, 0x0b, 
	0x14, 0x14, 0x14, 0x14, 0x14, 0x14, 0x14, 0x14, 
	0x0d, 0x0a, 0x0a, 0x0d, 0x0d, 0x0d, 0x0d, 0x0d, 
	0x0d, 0x0d, 0x0d, 0x1d, 0x0d, 0x15, 0xb3, 0xb4, 
	0x0d, 0x14, 0x0a, 0x14, 0x14, 0x0a, 0x0a, 0x0a, 
	0x0a, 0x0a, 0x0d, 0x14, 0x0a, 0x0b, 0x14, 0x14, 
	0x14, 0x0a, 0x0a, 0x14, 0x0d, 0x0d, 0x14, 0x0d, 
	0x0d, 0x0d, 0x0a, 0x14, 0x0d, 0x15, 0xb5, 0xb6, 
	0x14, 0x14, 0x14, 0x0d, 0x0d, 0x0d, 0x0a, 0x0b, 
	0x14, 0x14, 0x0a, 0x13, 0x0a, 0x14, 0x14, 0x0a, 
	0x14, 0x0a, 0x0a, 0x0d, 0x0d, 0x14, 0x0a, 0x0a, 
	0x0d, 0x0d, 0x0d, 0x14, 0x0d, 0x15, 0xb7, 0xb8, 
	0x0a, 0x14, 0x14, 0x0a, 0x0d, 0x0d, 0x0a, 0x0d, 
	0x14, 0x0a, 0x0b, 0x0b, 0x0a, 0x14, 0x14, 0x0a, 
	0x0a, 0x0a, 0x0a, 0x0a, 0x0a, 0x0a, 0x0a, 0x0a, 
	0x0d, 0x10, 0x0d, 0x0d, 0x0d, 0x15, 0x71, 0xb8, 
	0x0c, 0xaf, 0x0f, 0xb9, 0xba, 0xbb, 0x25, 0x22, 
	0x22, 0x25, 0x25, 0x2b, 0x26, 0x21, 0x23, 0x21, 
	0x0c, 0x0b, 0x0b, 0x0c, 0xbc, 0xb9, 0x0b, 0x0a, 
	0x0b, 0x0f, 0x0b, 0x14, 0x0a, 0xbd, 0xa6, 0xb6, 
	0x6f, 0x73, 0x73, 0x73, 0x9b, 0x9b, 0x3b, 0x3a, 
	0x3a, 0x3b, 0x6d, 0x3b, 0xbe, 0x9d, 0x3b, 0xbf, 
	0xc0, 0xa6, 0xa6, 0x3c, 0x3b, 0x6d, 0x73, 0xa6, 
	0xa7, 0x9b, 0x9a, 0xc1, 0xc1, 0xc2, 0xc3, 0x70, 
	
};

Gfx wf_dl_wfredbrick_pal_rgba16_aligner[] = {gsSPEndDisplayList()};
u8 wf_dl_wfredbrick_pal_rgba16[] = {
	0xf3, 0x91, 0xf3, 0x4f, 0xf3, 0x0d, 0xf3, 0x51, 
	0xf4, 0x5b, 0xbb, 0x99, 0xf2, 0xcb, 0xf2, 0xcd, 
	0xf3, 0x0f, 0xf3, 0xd3, 0xf2, 0x45, 0xf2, 0x05, 
	0xf1, 0xc3, 0xf2, 0x87, 0xf2, 0x43, 0xf2, 0x03, 
	0xf2, 0x85, 0xb9, 0xcb, 0x58, 0x87, 0xf2, 0x07, 
	0xf2, 0x47, 0xf2, 0xc9, 0xba, 0x0b, 0x71, 0x09, 
	0xf2, 0x89, 0x81, 0x49, 0xf2, 0x49, 0xb1, 0xcb, 
	0x79, 0x49, 0xf2, 0xc7, 0x89, 0x89, 0xe1, 0xc5, 
	0xd9, 0xc5, 0xd9, 0x85, 0xe1, 0xc3, 0xd9, 0x83, 
	0xd1, 0x83, 0xe1, 0x83, 0xd9, 0x45, 0x9a, 0x0f, 
	0x79, 0x07, 0xe0, 0xc5, 0xd1, 0x45, 0xd9, 0x43, 
	0xd0, 0xc5, 0xd9, 0xc9, 0xd1, 0x05, 0xbb, 0x15, 
	0xc3, 0x17, 0xcb, 0x99, 0xd3, 0x9b, 0xd3, 0x99, 
	0xcb, 0x9b, 0xcb, 0x59, 0xc3, 0x59, 0xb2, 0xd5, 
	0xc3, 0x9b, 0xa3, 0x17, 0xab, 0x17, 0x9a, 0xd5, 
	0xaa, 0xd5, 0xb3, 0x15, 0xbb, 0x57, 0xbb, 0x59, 
	0xaa, 0x93, 0xbb, 0x17, 0xcb, 0xdd, 0xcb, 0xdf, 
	0xf2, 0x4b, 0xf2, 0x8d, 0xf2, 0x8b, 0xf2, 0xcf, 
	0xf3, 0x4d, 0xc4, 0x21, 0xda, 0x4b, 0xf1, 0xc7, 
	0xf1, 0x87, 0xf1, 0xc9, 0xe9, 0x87, 0xf1, 0xc5, 
	0xf2, 0x09, 0x69, 0x0b, 0xc0, 0xc5, 0x89, 0x8d, 
	0x89, 0x8b, 0xe1, 0x87, 0x81, 0x4b, 0xd9, 0x87, 
	0xc0, 0x05, 0xc0, 0x85, 0xc8, 0xc7, 0xd0, 0x85, 
	0xd8, 0xc5, 0xd8, 0x85, 0xd0, 0x45, 0xe1, 0x85, 
	0xe1, 0x45, 0xd9, 0x05, 0xe1, 0x43, 0xd9, 0x03, 
	0xd0, 0x07, 0xc1, 0x89, 0x91, 0x8b, 0xa8, 0x05, 
	0x9b, 0x19, 0x92, 0xd7, 0x92, 0xd5, 0x92, 0x95, 
	0x92, 0x93, 0xa2, 0xd5, 0xab, 0x15, 0xaa, 0xd3, 
	0xb2, 0xd3, 0xa2, 0x0f, 0xa2, 0x51, 0xa2, 0x93, 
	0xb3, 0x17, 0xcc, 0x61, 0xe4, 0xa5, 0xc3, 0xdb, 
	0xab, 0x5b, 0xf3, 0x93, 0xf4, 0x19, 0xb3, 0x99, 
	0xf4, 0x15, 0xf3, 0xd1, 0xf3, 0x0b, 0xf3, 0x4b, 
	0xf3, 0x09, 0xd2, 0x8f, 0x48, 0x05, 0xc2, 0x0b, 
	0x48, 0xc9, 0xca, 0x8d, 0x59, 0x0b, 0xca, 0x8f, 
	0x61, 0x4d, 0xda, 0xd1, 0x71, 0x8d, 0xea, 0x4b, 
	0xea, 0x49, 0xea, 0x09, 0xea, 0x07, 0xe2, 0x4b, 
	0xc2, 0x4f, 0x91, 0xcb, 0xe1, 0xc9, 0xd1, 0x87, 
	0xc9, 0x47, 0xc9, 0x45, 0xda, 0x09, 0xd1, 0xc9, 
	0xe2, 0x49, 0xe2, 0x09, 0x92, 0x51, 0x9a, 0x93, 
	0xa2, 0xd3, 0x9a, 0x95, 0xb3, 0x57, 0xb3, 0x9b, 
	0xf4, 0xa1, 0xc3, 0xdd, 0x92, 0x53, 0xab, 0x9b, 
	0xab, 0x9d, 0xab, 0x59, 0x9a, 0x51, 0x9a, 0x91, 
	0xf3, 0xd5, 0xf4, 0x55, 0xf4, 0x13, 0xf3, 0x8f, 
	0xf4, 0xe1, 0xe4, 0x1b, 0xf1, 0x83, 0xf2, 0x01, 
	0xf2, 0x83, 0x99, 0x8d, 0x91, 0x05, 0x99, 0xcd, 
	0xa1, 0x89, 0x91, 0xcd, 0x99, 0x89, 0xa2, 0x0d, 
	0xa1, 0xc9, 0xe9, 0xc3, 0xea, 0x05, 0xea, 0x03, 
	0xe9, 0x83, 0xf2, 0x41, 0xa2, 0xd7, 0xbb, 0xdf, 
	0x92, 0x4f, 0x92, 0x0f, 0xd4, 0x1f, 0xc3, 0x99, 
	
};

Gfx wf_dl_wfbetatowerbrick_ci8_aligner[] = {gsSPEndDisplayList()};
u8 wf_dl_wfbetatowerbrick_ci8[] = {
	0x00, 0x01, 0x01, 0x02, 0x03, 0x04, 0x04, 0x04, 
	0x04, 0x04, 0x04, 0x04, 0x04, 0x04, 0x01, 0x01, 
	0x05, 0x06, 0x06, 0x01, 0x07, 0x08, 0x09, 0x09, 
	0x09, 0x09, 0x07, 0x07, 0x0a, 0x0b, 0x00, 0x0c, 
	0x09, 0x0d, 0x0e, 0x0f, 0x0f, 0x10, 0x11, 0x12, 
	0x13, 0x14, 0x11, 0x15, 0x15, 0x13, 0x12, 0x0d, 
	0x13, 0x13, 0x12, 0x10, 0x10, 0x16, 0x17, 0x13, 
	0x18, 0x10, 0x19, 0x0d, 0x14, 0x18, 0x12, 0x10, 
	0x0d, 0x1a, 0x1b, 0x10, 0x0f, 0x0f, 0x0f, 0x0f, 
	0x0e, 0x1c, 0x1c, 0x1c, 0x0f, 0x0f, 0x0f, 0x0f, 
	0x1d, 0x11, 0x10, 0x12, 0x0e, 0x1e, 0x1f, 0x0e, 
	0x20, 0x20, 0x1c, 0x21, 0x22, 0x22, 0x22, 0x17, 
	0x1a, 0x15, 0x1f, 0x1d, 0x0f, 0x0e, 0x1d, 0x0e, 
	0x1c, 0x1d, 0x23, 0x1c, 0x1c, 0x23, 0x0e, 0x0e, 
	0x1c, 0x1d, 0x1c, 0x1d, 0x21, 0x24, 0x24, 0x22, 
	0x25, 0x10, 0x17, 0x1c, 0x22, 0x22, 0x22, 0x12, 
	0x1a, 0x11, 0x1f, 0x1d, 0x0e, 0x0e, 0x0e, 0x0e, 
	0x22, 0x1c, 0x23, 0x22, 0x1d, 0x23, 0x0e, 0x1d, 
	0x23, 0x0e, 0x22, 0x1d, 0x1c, 0x22, 0x26, 0x21, 
	0x21, 0x12, 0x27, 0x24, 0x1c, 0x10, 0x18, 0x18, 
	0x0d, 0x28, 0x1c, 0x1d, 0x1d, 0x0e, 0x0e, 0x0e, 
	0x0e, 0x1c, 0x1d, 0x1d, 0x0e, 0x1d, 0x1d, 0x10, 
	0x1d, 0x1d, 0x1d, 0x24, 0x22, 0x1d, 0x22, 0x1c, 
	0x20, 0x25, 0x22, 0x10, 0x22, 0x29, 0x10, 0x12, 
	0x0d, 0x1a, 0x20, 0x10, 0x2a, 0x1d, 0x1d, 0x1d, 
	0x0e, 0x23, 0x0e, 0x2b, 0x1c, 0x1c, 0x0e, 0x0f, 
	0x1d, 0x1d, 0x1d, 0x1f, 0x1c, 0x1c, 0x22, 0x1c, 
	0x1c, 0x22, 0x12, 0x1d, 0x1c, 0x10, 0x10, 0x2c, 
	0x0d, 0x2d, 0x2b, 0x10, 0x0f, 0x0f, 0x1d, 0x1d, 
	0x0e, 0x0e, 0x0e, 0x1d, 0x22, 0x22, 0x1d, 0x10, 
	0x0e, 0x1c, 0x1c, 0x2b, 0x20, 0x1d, 0x1f, 0x2b, 
	0x24, 0x2b, 0x2b, 0x0e, 0x29, 0x1c, 0x1d, 0x10, 
	0x0d, 0x14, 0x1f, 0x2e, 0x11, 0x0f, 0x0f, 0x0e, 
	0x1c, 0x1c, 0x1c, 0x1c, 0x1d, 0x1d, 0x10, 0x0f, 
	0x1d, 0x1d, 0x10, 0x22, 0x24, 0x2b, 0x2b, 0x1c, 
	0x10, 0x10, 0x22, 0x1d, 0x1c, 0x22, 0x2b, 0x10, 
	0x14, 0x17, 0x27, 0x1d, 0x1c, 0x1c, 0x23, 0x1d, 
	0x1c, 0x10, 0x1c, 0x1d, 0x0e, 0x23, 0x0e, 0x1d, 
	0x1d, 0x22, 0x22, 0x0e, 0x1d, 0x1d, 0x1d, 0x26, 
	0x2f, 0x0e, 0x22, 0x1c, 0x1d, 0x10, 0x1d, 0x13, 
	0x2e, 0x13, 0x25, 0x22, 0x1c, 0x1c, 0x1c, 0x24, 
	0x2b, 0x0e, 0x0f, 0x1c, 0x22, 0x1c, 0x22, 0x0e, 
	0x0e, 0x1c, 0x1c, 0x22, 0x1c, 0x1c, 0x1d, 0x2b, 
	0x2b, 0x0e, 0x1d, 0x10, 0x12, 0x20, 0x0e, 0x0f, 
	0x17, 0x28, 0x1f, 0x1d, 0x0e, 0x1c, 0x1c, 0x1d, 
	0x1d, 0x1f, 0x1f, 0x1f, 0x1f, 0x25, 0x2b, 0x1f, 
	0x1c, 0x1f, 0x1f, 0x2b, 0x2b, 0x22, 0x1c, 0x2b, 
	0x25, 0x20, 0x22, 0x25, 0x1f, 0x22, 0x24, 0x1d, 
	0x14, 0x15, 0x1f, 0x22, 0x1c, 0x1c, 0x1c, 0x1c, 
	0x1c, 0x1f, 0x24, 0x27, 0x30, 0x1b, 0x22, 0x10, 
	0x22, 0x2b, 0x22, 0x1c, 0x23, 0x10, 0x2b, 0x1f, 
	0x1c, 0x22, 0x1f, 0x10, 0x22, 0x1c, 0x12, 0x16, 
	0x2d, 0x2a, 0x25, 0x24, 0x25, 0x25, 0x25, 0x25, 
	0x31, 0x32, 0x24, 0x24, 0x24, 0x25, 0x1f, 0x1c, 
	0x1f, 0x1f, 0x25, 0x27, 0x25, 0x27, 0x2b, 0x27, 
	0x25, 0x2b, 0x24, 0x25, 0x1f, 0x22, 0x1c, 0x19, 
	0x33, 0x18, 0x20, 0x28, 0x0d, 0x34, 0x14, 0x35, 
	0x0a, 0x09, 0x19, 0x2c, 0x35, 0x08, 0x09, 0x33, 
	0x0a, 0x36, 0x18, 0x1d, 0x0e, 0x12, 0x18, 0x1d, 
	0x13, 0x10, 0x1e, 0x14, 0x29, 0x12, 0x10, 0x13, 
	0x37, 0x00, 0x38, 0x39, 0x3a, 0x3b, 0x38, 0x06, 
	0x3c, 0x3d, 0x05, 0x38, 0x01, 0x01, 0x06, 0x06, 
	0x05, 0x3e, 0x00, 0x09, 0x02, 0x3f, 0x37, 0x40, 
	0x3f, 0x41, 0x42, 0x42, 0x03, 0x3f, 0x04, 0x00, 
	0x43, 0x35, 0x10, 0x1c, 0x1f, 0x28, 0x14, 0x17, 
	0x14, 0x33, 0x08, 0x40, 0x3a, 0x00, 0x07, 0x17, 
	0x12, 0x13, 0x09, 0x0d, 0x1d, 0x2b, 0x1f, 0x10, 
	0x22, 0x44, 0x14, 0x17, 0x1d, 0x1d, 0x12, 0x44, 
	0x13, 0x17, 0x10, 0x25, 0x24, 0x13, 0x45, 0x33, 
	0x44, 0x16, 0x17, 0x2d, 0x1f, 0x2b, 0x1d, 0x0e, 
	0x1d, 0x1c, 0x1d, 0x13, 0x22, 0x10, 0x29, 0x15, 
	0x36, 0x14, 0x25, 0x1f, 0x24, 0x13, 0x1d, 0x1c, 
	0x1f, 0x1f, 0x18, 0x46, 0x2b, 0x13, 0x14, 0x08, 
	0x0e, 0x10, 0x1d, 0x23, 0x23, 0x0e, 0x0e, 0x10, 
	0x10, 0x13, 0x10, 0x1c, 0x12, 0x17, 0x13, 0x2d, 
	0x1d, 0x24, 0x1c, 0x13, 0x22, 0x2b, 0x10, 0x10, 
	0x1d, 0x1d, 0x0f, 0x0e, 0x0f, 0x10, 0x36, 0x36, 
	0x0f, 0x0e, 0x0e, 0x22, 0x10, 0x2c, 0x17, 0x18, 
	0x12, 0x10, 0x21, 0x10, 0x13, 0x10, 0x1d, 0x17, 
	0x17, 0x24, 0x2b, 0x1d, 0x10, 0x20, 0x22, 0x1d, 
	0x0e, 0x1d, 0x12, 0x47, 0x48, 0x17, 0x0d, 0x13, 
	0x0e, 0x0e, 0x0e, 0x10, 0x1d, 0x0e, 0x1c, 0x0e, 
	0x21, 0x13, 0x13, 0x22, 0x1c, 0x23, 0x1c, 0x0d, 
	0x13, 0x2b, 0x12, 0x29, 0x2b, 0x1f, 0x1c, 0x10, 
	0x10, 0x12, 0x1d, 0x47, 0x0f, 0x13, 0x0d, 0x13, 
	0x0e, 0x1d, 0x29, 0x12, 0x1d, 0x0e, 0x0f, 0x1d, 
	0x24, 0x1c, 0x22, 0x21, 0x17, 0x0d, 0x18, 0x2d, 
	0x2b, 0x28, 0x22, 0x22, 0x22, 0x22, 0x10, 0x21, 
	0x13, 0x0f, 0x1d, 0x2e, 0x1a, 0x11, 0x0d, 0x36, 
	0x17, 0x1e, 0x0e, 0x1c, 0x10, 0x17, 0x17, 0x17, 
	0x17, 0x14, 0x10, 0x10, 0x13, 0x07, 0x18, 0x14, 
	0x13, 0x10, 0x1c, 0x1c, 0x22, 0x22, 0x1c, 0x1c, 
	0x13, 0x1c, 0x22, 0x23, 0x49, 0x10, 0x45, 0x0d, 
	0x12, 0x10, 0x29, 0x12, 0x17, 0x17, 0x1d, 0x29, 
	0x17, 0x18, 0x09, 0x37, 0x18, 0x10, 0x14, 0x1a, 
	0x18, 0x24, 0x1c, 0x22, 0x1c, 0x10, 0x1c, 0x1e, 
	0x23, 0x1c, 0x1d, 0x1d, 0x2b, 0x2e, 0x36, 0x0e, 
	0x2a, 0x0e, 0x0e, 0x11, 0x10, 0x24, 0x1c, 0x1d, 
	0x1e, 0x12, 0x22, 0x0e, 0x09, 0x15, 0x17, 0x0d, 
	0x0f, 0x1c, 0x23, 0x1d, 0x2b, 0x22, 0x23, 0x13, 
	0x1c, 0x22, 0x1d, 0x47, 0x4a, 0x11, 0x0d, 0x36, 
	0x12, 0x11, 0x0f, 0x13, 0x13, 0x17, 0x29, 0x1d, 
	0x10, 0x0f, 0x22, 0x1c, 0x2b, 0x13, 0x10, 0x28, 
	0x17, 0x1d, 0x22, 0x1c, 0x12, 0x1f, 0x2c, 0x22, 
	0x1d, 0x0e, 0x10, 0x22, 0x22, 0x0f, 0x0d, 0x14, 
	0x16, 0x17, 0x13, 0x29, 0x10, 0x12, 0x10, 0x0e, 
	0x0f, 0x10, 0x1c, 0x1d, 0x1d, 0x0f, 0x10, 0x15, 
	0x1d, 0x0e, 0x1d, 0x1d, 0x1c, 0x14, 0x10, 0x1d, 
	0x12, 0x10, 0x0e, 0x22, 0x22, 0x10, 0x0d, 0x14, 
	0x18, 0x12, 0x1d, 0x12, 0x13, 0x2b, 0x0f, 0x34, 
	0x13, 0x1d, 0x16, 0x1d, 0x1d, 0x28, 0x23, 0x28, 
	0x1d, 0x22, 0x0e, 0x10, 0x10, 0x36, 0x23, 0x10, 
	0x13, 0x1d, 0x0f, 0x21, 0x4b, 0x11, 0x0d, 0x08, 
	0x36, 0x13, 0x13, 0x14, 0x13, 0x16, 0x12, 0x1c, 
	0x10, 0x12, 0x17, 0x2c, 0x2c, 0x0d, 0x1d, 0x28, 
	0x10, 0x1c, 0x1c, 0x10, 0x12, 0x1c, 0x22, 0x12, 
	0x13, 0x14, 0x17, 0x11, 0x4c, 0x2e, 0x4d, 0x07, 
	0x12, 0x17, 0x17, 0x17, 0x36, 0x13, 0x1e, 0x0d, 
	0x36, 0x2c, 0x12, 0x17, 0x13, 0x14, 0x1e, 0x17, 
	0x4e, 0x1d, 0x1d, 0x0e, 0x23, 0x10, 0x1f, 0x10, 
	0x1d, 0x0f, 0x11, 0x4f, 0x2f, 0x11, 0x39, 0x14, 
	0x13, 0x12, 0x11, 0x17, 0x13, 0x16, 0x19, 0x19, 
	0x19, 0x1d, 0x13, 0x1d, 0x1d, 0x2f, 0x0f, 0x14, 
	0x12, 0x22, 0x26, 0x1d, 0x1d, 0x1d, 0x10, 0x12, 
	0x0f, 0x12, 0x0d, 0x35, 0x2d, 0x35, 0x3a, 0x43, 
	0x36, 0x14, 0x35, 0x36, 0x35, 0x36, 0x35, 0x35, 
	0x0d, 0x17, 0x12, 0x22, 0x10, 0x17, 0x14, 0x36, 
	0x0f, 0x20, 0x22, 0x2f, 0x0e, 0x0e, 0x1d, 0x10, 
	
};

Gfx wf_dl_wfbetatowerbrick_pal_rgba16_aligner[] = {gsSPEndDisplayList()};
u8 wf_dl_wfbetatowerbrick_pal_rgba16[] = {
	0x5b, 0x97, 0x53, 0x55, 0x32, 0x4f, 0x3a, 0x8f, 
	0x4b, 0x13, 0x42, 0xd3, 0x3a, 0x91, 0x74, 0x5d, 
	0x74, 0x5f, 0x7c, 0x9f, 0x6c, 0x1b, 0x64, 0x1b, 
	0x5b, 0xdd, 0x84, 0xa3, 0xb6, 0x2d, 0xad, 0xed, 
	0xa5, 0xeb, 0xa5, 0xab, 0x9d, 0xa9, 0x95, 0x67, 
	0x8c, 0xe5, 0x9d, 0x67, 0x95, 0xa7, 0x95, 0x25, 
	0x95, 0x65, 0x8d, 0x25, 0x94, 0xe5, 0xbe, 0x71, 
	0xbe, 0x6f, 0xae, 0x2d, 0x9d, 0xe9, 0xc6, 0xf1, 
	0xbe, 0xaf, 0xa6, 0x2b, 0xb6, 0x6f, 0xb6, 0x2f, 
	0xc6, 0xf3, 0xcf, 0x33, 0xb6, 0x6d, 0xcf, 0x35, 
	0x95, 0x27, 0x9d, 0xa7, 0xad, 0xeb, 0xbe, 0xb1, 
	0x8c, 0xe3, 0x8c, 0xa5, 0x9d, 0x69, 0xae, 0x6d, 
	0xc6, 0xb1, 0xdf, 0x37, 0xd7, 0x35, 0x74, 0x1d, 
	0x84, 0xe1, 0x84, 0xa1, 0x7c, 0xa1, 0x63, 0xd9, 
	0x53, 0x57, 0x74, 0x1f, 0x5b, 0x99, 0x4a, 0xd5, 
	0x29, 0xcb, 0x32, 0x0d, 0x4b, 0x15, 0x42, 0xd1, 
	0x63, 0xdb, 0x3a, 0xd1, 0x2a, 0x0d, 0x6c, 0x1d, 
	0x84, 0xe3, 0x7c, 0x61, 0xc6, 0xb3, 0xa6, 0x2d, 
	0xae, 0x6f, 0xad, 0xab, 0xb6, 0xef, 0xae, 0xaf, 
	0xa6, 0x6d, 0x6b, 0xdd, 0x95, 0x69, 0x95, 0xa5, 
	
};

Gfx wf_dl_wf_bricks_gray_ci8_aligner[] = {gsSPEndDisplayList()};
u8 wf_dl_wf_bricks_gray_ci8[] = {
	0x00, 0x00, 0x00, 0x00, 0x00, 0x00, 0x01, 0x02, 
	0x03, 0x04, 0x04, 0x04, 0x04, 0x04, 0x04, 0x04, 
	0x04, 0x05, 0x06, 0x07, 0x08, 0x09, 0x00, 0x00, 
	0x00, 0x00, 0x00, 0x00, 0x00, 0x00, 0x00, 0x00, 
	0x00, 0x00, 0x00, 0x00, 0x00, 0x00, 0x0a, 0x0b, 
	0x0c, 0x04, 0x04, 0x04, 0x04, 0x04, 0x04, 0x04, 
	0x04, 0x0d, 0x0e, 0x07, 0x0f, 0x10, 0x00, 0x00, 
	0x00, 0x00, 0x00, 0x00, 0x00, 0x00, 0x00, 0x00, 
	0x00, 0x00, 0x00, 0x00, 0x00, 0x00, 0x0a, 0x11, 
	0x12, 0x04, 0x04, 0x04, 0x04, 0x04, 0x04, 0x04, 
	0x04, 0x04, 0x13, 0x14, 0x15, 0x00, 0x00, 0x00, 
	0x00, 0x00, 0x00, 0x00, 0x00, 0x00, 0x00, 0x00, 
	0x00, 0x00, 0x00, 0x00, 0x00, 0x0f, 0x16, 0x0b, 
	0x17, 0x04, 0x04, 0x18, 0x18, 0x18, 0x18, 0x18, 
	0x18, 0x18, 0x05, 0x19, 0x1a, 0x00, 0x00, 0x00, 
	0x00, 0x00, 0x00, 0x00, 0x00, 0x00, 0x00, 0x00, 
	0x00, 0x00, 0x00, 0x00, 0x1b, 0x1c, 0x07, 0x14, 
	0x1d, 0x1e, 0x18, 0x18, 0x18, 0x18, 0x18, 0x18, 
	0x18, 0x18, 0x05, 0x0b, 0x1f, 0x00, 0x00, 0x00, 
	0x00, 0x00, 0x00, 0x00, 0x00, 0x00, 0x00, 0x00, 
	0x00, 0x00, 0x00, 0x1b, 0x02, 0x1c, 0x16, 0x20, 
	0x21, 0x22, 0x18, 0x18, 0x18, 0x18, 0x18, 0x18, 
	0x18, 0x18, 0x23, 0x24, 0x25, 0x00, 0x00, 0x00, 
	0x00, 0x00, 0x00, 0x00, 0x00, 0x00, 0x00, 0x00, 
	0x00, 0x00, 0x09, 0x26, 0x27, 0x28, 0x29, 0x2a, 
	0x2b, 0x2c, 0x2d, 0x18, 0x18, 0x18, 0x18, 0x18, 
	0x18, 0x1e, 0x23, 0x19, 0x2e, 0x0f, 0x00, 0x00, 
	0x00, 0x00, 0x00, 0x00, 0x00, 0x00, 0x00, 0x00, 
	0x2f, 0x2f, 0x30, 0x31, 0x27, 0x27, 0x27, 0x32, 
	0x33, 0x0b, 0x2c, 0x03, 0x34, 0x34, 0x35, 0x2d, 
	0x03, 0x12, 0x07, 0x14, 0x36, 0x2f, 0x00, 0x00, 
	0x00, 0x00, 0x00, 0x00, 0x00, 0x00, 0x00, 0x00, 
	0x37, 0x0b, 0x38, 0x27, 0x27, 0x27, 0x27, 0x27, 
	0x28, 0x1c, 0x19, 0x39, 0x3a, 0x21, 0x3b, 0x1a, 
	0x3c, 0x07, 0x3d, 0x07, 0x3e, 0x2e, 0x10, 0x00, 
	0x00, 0x00, 0x00, 0x00, 0x00, 0x00, 0x0f, 0x1f, 
	0x3f, 0x40, 0x31, 0x27, 0x27, 0x27, 0x27, 0x27, 
	0x27, 0x41, 0x07, 0x07, 0x23, 0x42, 0x3c, 0x3c, 
	0x42, 0x43, 0x44, 0x2a, 0x45, 0x46, 0x2e, 0x10, 
	0x00, 0x00, 0x00, 0x00, 0x1b, 0x15, 0x47, 0x24, 
	0x1c, 0x48, 0x27, 0x27, 0x27, 0x27, 0x27, 0x27, 
	0x49, 0x16, 0x3c, 0x01, 0x0a, 0x4a, 0x4a, 0x4a, 
	0x4a, 0x4a, 0x4a, 0x4b, 0x2a, 0x4c, 0x46, 0x4d, 
	0x2e, 0x4e, 0x15, 0x36, 0x4f, 0x0b, 0x14, 0x3f, 
	0x1c, 0x48, 0x31, 0x27, 0x27, 0x27, 0x27, 0x27, 
	0x23, 0x00, 0x4a, 0x4a, 0x4a, 0x4a, 0x4a, 0x4a, 
	0x4a, 0x4a, 0x4a, 0x4a, 0x50, 0x51, 0x4c, 0x1c, 
	0x0b, 0x0b, 0x52, 0x11, 0x0e, 0x53, 0x54, 0x20, 
	0x16, 0x55, 0x56, 0x27, 0x27, 0x27, 0x27, 0x0a, 
	0x00, 0x00, 0x4a, 0x4a, 0x4a, 0x4a, 0x4a, 0x4a, 
	0x4a, 0x4a, 0x4a, 0x4a, 0x4a, 0x42, 0x57, 0x07, 
	0x07, 0x14, 0x04, 0x18, 0x18, 0x05, 0x58, 0x59, 
	0x5a, 0x5b, 0x48, 0x5c, 0x56, 0x31, 0x24, 0x0f, 
	0x4a, 0x4a, 0x4a, 0x4a, 0x4a, 0x4a, 0x4a, 0x4a, 
	0x4a, 0x4a, 0x4a, 0x4a, 0x4a, 0x4a, 0x5d, 0x5e, 
	0x16, 0x34, 0x18, 0x18, 0x18, 0x04, 0x04, 0x04, 
	0x5f, 0x60, 0x19, 0x3b, 0x0b, 0x1c, 0x1b, 0x4a, 
	0x4a, 0x4a, 0x4a, 0x4a, 0x4a, 0x4a, 0x4a, 0x4a, 
	0x4a, 0x4a, 0x4a, 0x4a, 0x4a, 0x4a, 0x42, 0x61, 
	0x11, 0x62, 0x18, 0x18, 0x18, 0x04, 0x04, 0x04, 
	0x63, 0x64, 0x07, 0x07, 0x07, 0x39, 0x00, 0x4a, 
	0x4a, 0x4a, 0x4a, 0x4a, 0x4a, 0x4a, 0x4a, 0x4a, 
	0x4a, 0x4a, 0x4a, 0x4a, 0x4a, 0x4a, 0x01, 0x23, 
	0x52, 0x04, 0x18, 0x18, 0x18, 0x04, 0x04, 0x04, 
	0x04, 0x0e, 0x07, 0x07, 0x23, 0x2f, 0x4a, 0x4a, 
	0x4a, 0x4a, 0x4a, 0x4a, 0x4a, 0x4a, 0x4a, 0x4a, 
	0x4a, 0x4a, 0x4a, 0x4a, 0x4a, 0x4a, 0x01, 0x65, 
	0x17, 0x18, 0x18, 0x18, 0x18, 0x04, 0x04, 0x04, 
	0x04, 0x05, 0x07, 0x07, 0x1a, 0x00, 0x4a, 0x4a, 
	0x4a, 0x4a, 0x4a, 0x4a, 0x4a, 0x4a, 0x4a, 0x4a, 
	0x4a, 0x4a, 0x4a, 0x4a, 0x4a, 0x4a, 0x00, 0x37, 
	0x17, 0x18, 0x18, 0x18, 0x18, 0x04, 0x04, 0x04, 
	0x04, 0x0d, 0x0e, 0x18, 0x1a, 0x00, 0x4a, 0x4a, 
	0x4a, 0x4a, 0x4a, 0x4a, 0x4a, 0x4a, 0x4a, 0x4a, 
	0x4a, 0x4a, 0x4a, 0x4a, 0x4a, 0x4a, 0x00, 0x2b, 
	0x17, 0x18, 0x18, 0x18, 0x18, 0x04, 0x04, 0x04, 
	0x04, 0x0d, 0x08, 0x19, 0x09, 0x00, 0x4a, 0x4a, 
	0x4a, 0x4a, 0x4a, 0x4a, 0x4a, 0x4a, 0x4a, 0x4a, 
	0x4a, 0x4a, 0x4a, 0x4a, 0x4a, 0x00, 0x3c, 0x1c, 
	0x3a, 0x66, 0x18, 0x18, 0x18, 0x04, 0x04, 0x04, 
	0x04, 0x04, 0x67, 0x68, 0x2f, 0x00, 0x00, 0x4a, 
	0x4a, 0x4a, 0x4a, 0x4a, 0x4a, 0x4a, 0x4a, 0x4a, 
	0x4a, 0x4a, 0x4a, 0x4a, 0x4a, 0x0f, 0x16, 0x07, 
	0x39, 0x34, 0x18, 0x18, 0x04, 0x04, 0x04, 0x04, 
	0x04, 0x04, 0x05, 0x68, 0x2f, 0x00, 0x00, 0x4a, 
	0x4a, 0x4a, 0x4a, 0x4a, 0x4a, 0x4a, 0x4a, 0x4a, 
	0x4a, 0x4a, 0x4a, 0x4a, 0x0f, 0x14, 0x41, 0x07, 
	0x0b, 0x17, 0x18, 0x18, 0x04, 0x04, 0x04, 0x04, 
	0x04, 0x1e, 0x14, 0x3e, 0x1a, 0x00, 0x00, 0x00, 
	0x4a, 0x4a, 0x4a, 0x4a, 0x4a, 0x4a, 0x4a, 0x4a, 
	0x4a, 0x4a, 0x1b, 0x1a, 0x69, 0x28, 0x6a, 0x2a, 
	0x16, 0x21, 0x2d, 0x04, 0x04, 0x04, 0x04, 0x04, 
	0x2d, 0x11, 0x07, 0x0b, 0x2e, 0x1b, 0x00, 0x00, 
	0x00, 0x4a, 0x4a, 0x4a, 0x4a, 0x4a, 0x4a, 0x4a, 
	0x00, 0x1a, 0x6b, 0x31, 0x27, 0x27, 0x27, 0x6c, 
	0x6d, 0x39, 0x6e, 0x03, 0x2d, 0x1e, 0x1e, 0x34, 
	0x0b, 0x14, 0x07, 0x14, 0x2c, 0x25, 0x00, 0x00, 
	0x00, 0x00, 0x00, 0x4a, 0x4a, 0x4a, 0x4a, 0x1a, 
	0x09, 0x5b, 0x31, 0x6f, 0x27, 0x27, 0x27, 0x27, 
	0x49, 0x1c, 0x18, 0x47, 0x6e, 0x6e, 0x6e, 0x3a, 
	0x5d, 0x70, 0x54, 0x4c, 0x1c, 0x71, 0x1f, 0x1b, 
	0x00, 0x00, 0x00, 0x00, 0x00, 0x09, 0x4e, 0x68, 
	0x14, 0x24, 0x38, 0x27, 0x27, 0x27, 0x27, 0x27, 
	0x27, 0x72, 0x07, 0x14, 0x1c, 0x0a, 0x3c, 0x73, 
	0x00, 0x00, 0x74, 0x75, 0x76, 0x19, 0x2c, 0x77, 
	0x15, 0x1a, 0x1a, 0x4e, 0x78, 0x0b, 0x14, 0x07, 
	0x07, 0x30, 0x31, 0x27, 0x27, 0x27, 0x27, 0x27, 
	0x31, 0x79, 0x79, 0x3c, 0x01, 0x01, 0x00, 0x00, 
	0x00, 0x00, 0x00, 0x00, 0x7a, 0x7b, 0x14, 0x68, 
	0x47, 0x39, 0x12, 0x34, 0x7c, 0x7d, 0x4c, 0x07, 
	0x07, 0x46, 0x38, 0x27, 0x27, 0x27, 0x27, 0x6f, 
	0x30, 0x73, 0x0a, 0x4a, 0x00, 0x00, 0x00, 0x00, 
	0x00, 0x00, 0x00, 0x00, 0x00, 0x7e, 0x7f, 0x07, 
	0x07, 0x11, 0x18, 0x0d, 0x05, 0x80, 0x54, 0x59, 
	0x4c, 0x81, 0x56, 0x27, 0x27, 0x27, 0x31, 0x31, 
	0x0a, 0x00, 0x00, 0x00, 0x00, 0x00, 0x00, 0x00, 
	0x00, 0x00, 0x00, 0x00, 0x00, 0x3c, 0x82, 0x07, 
	0x2b, 0x62, 0x04, 0x04, 0x04, 0x04, 0x04, 0x58, 
	0x83, 0x84, 0x48, 0x85, 0x38, 0x56, 0x4d, 0x0f, 
	0x00, 0x00, 0x00, 0x00, 0x00, 0x00, 0x00, 0x00, 
	0x00, 0x00, 0x00, 0x00, 0x00, 0x00, 0x73, 0x08, 
	0x52, 0x1e, 0x04, 0x04, 0x04, 0x04, 0x04, 0x04, 
	0x64, 0x86, 0x87, 0x55, 0x88, 0x0b, 0x0f, 0x00, 
	0x00, 0x00, 0x00, 0x00, 0x00, 0x00, 0x00, 0x00, 
	0x00, 0x00, 0x00, 0x00, 0x00, 0x00, 0x01, 0x23, 
	0x17, 0x66, 0x04, 0x04, 0x04, 0x04, 0x04, 0x04, 
	0x63, 0x89, 0x07, 0x3f, 0x3f, 0x14, 0x10, 0x00, 
	0x00, 0x00, 0x00, 0x00, 0x00, 0x00, 0x00, 0x00, 
	
};

Gfx wf_dl_wf_bricks_gray_pal_rgba16_aligner[] = {gsSPEndDisplayList()};
u8 wf_dl_wf_bricks_gray_pal_rgba16[] = {
	0x83, 0x9b, 0x8b, 0xdd, 0x73, 0x5b, 0x73, 0xd9, 
	0x8c, 0x9f, 0x94, 0xe3, 0xa5, 0x65, 0xa5, 0x67, 
	0x9d, 0x25, 0x73, 0x19, 0x83, 0xdd, 0x7c, 0x1f, 
	0x6b, 0xd9, 0x94, 0xa1, 0x9d, 0x65, 0x7b, 0x9b, 
	0x7b, 0x5b, 0x84, 0x5f, 0x6b, 0x99, 0x95, 0x23, 
	0x94, 0xe5, 0x6a, 0xd7, 0x9d, 0x27, 0x63, 0x57, 
	0x8c, 0xa1, 0x84, 0x61, 0x6b, 0x17, 0x7b, 0x59, 
	0x94, 0xa5, 0x52, 0xd5, 0x84, 0x5d, 0x73, 0x17, 
	0xa5, 0x69, 0x5b, 0x17, 0x63, 0x97, 0x94, 0xa3, 
	0x84, 0x1f, 0x6a, 0xd5, 0x62, 0x97, 0x62, 0x99, 
	0x72, 0xdd, 0xac, 0xeb, 0xde, 0xf7, 0x8c, 0xa3, 
	0x52, 0x93, 0x7c, 0x1b, 0x5a, 0x93, 0x73, 0x59, 
	0x6b, 0x1b, 0x5a, 0x57, 0x9c, 0xa7, 0xb5, 0x6d, 
	0x7c, 0x1d, 0x74, 0x1b, 0x5a, 0x95, 0x7b, 0xdd, 
	0x5a, 0x17, 0x6b, 0x59, 0x5b, 0x15, 0x63, 0x59, 
	0x8c, 0x1f, 0xad, 0x69, 0x73, 0x9d, 0x9d, 0x67, 
	0x62, 0xd9, 0x9c, 0xe7, 0x94, 0x1f, 0xac, 0xe5, 
	0xd6, 0x2f, 0xad, 0xab, 0x5a, 0xd7, 0x63, 0x17, 
	0x41, 0xd1, 0x73, 0x1d, 0x83, 0x9d, 0xac, 0xe7, 
	0xb5, 0xed, 0x52, 0x53, 0x62, 0xd5, 0x5a, 0xd5, 
	0x94, 0x21, 0xde, 0xf5, 0x73, 0xdb, 0xc6, 0xad, 
	0xd6, 0xb3, 0x4a, 0x53, 0x52, 0x15, 0xc5, 0xed, 
	0xad, 0xa9, 0xd6, 0xf5, 0xe7, 0x37, 0x73, 0xdd, 
	0x49, 0xd3, 0xa4, 0xa5, 0xa5, 0x27, 0xad, 0xe7, 
	0xb5, 0xeb, 0x9c, 0xa5, 0x7c, 0x5d, 0x94, 0xe1, 
	0xb5, 0xe9, 0x8c, 0x61, 0x84, 0x9f, 0x95, 0x25, 
	0x73, 0x9b, 0x72, 0xdb, 0xac, 0xab, 0x62, 0x95, 
	0x94, 0x25, 0xce, 0x33, 0x52, 0xd3, 0x62, 0x59, 
	0xbd, 0xa9, 0x4a, 0x51, 0x83, 0xe1, 0x94, 0x61, 
	0x9c, 0xa3, 0xe6, 0xf7, 0xd6, 0xb5, 0x52, 0x51, 
	0x62, 0xd7, 0x9c, 0xe5, 0xc5, 0xef, 0xe7, 0x39, 
	0xad, 0xa7, 0xc6, 0x6f, 0xcd, 0xed, 0xb5, 0xab, 
	0xa5, 0xa7, 0x5a, 0x97, 0xb5, 0x27, 0xce, 0x71, 
	0x84, 0x21, 0x51, 0xd5, 0xbe, 0x2d, 0x6b, 0x9b, 
	0x63, 0x19, 0xad, 0xe9, 
};

Gfx wf_dl_wf_bricks_pink_ci8_aligner[] = {gsSPEndDisplayList()};
u8 wf_dl_wf_bricks_pink_ci8[] = {
	0x00, 0x00, 0x00, 0x00, 0x00, 0x00, 0x00, 0x00, 
	0x00, 0x01, 0x02, 0x03, 0x03, 0x04, 0x05, 0x06, 
	0x07, 0x07, 0x07, 0x07, 0x07, 0x07, 0x08, 0x09, 
	0x0a, 0x0b, 0x00, 0x00, 0x00, 0x00, 0x00, 0x00, 
	0x00, 0x00, 0x00, 0x00, 0x00, 0x00, 0x00, 0x00, 
	0x0c, 0x0d, 0x0e, 0x0f, 0x10, 0x11, 0x12, 0x13, 
	0x07, 0x07, 0x07, 0x07, 0x07, 0x07, 0x14, 0x15, 
	0x04, 0x16, 0x00, 0x00, 0x00, 0x00, 0x00, 0x00, 
	0x00, 0x00, 0x00, 0x00, 0x00, 0x00, 0x00, 0x00, 
	0x17, 0x18, 0x19, 0x1a, 0x1b, 0x1c, 0x1d, 0x1e, 
	0x1f, 0x07, 0x07, 0x07, 0x07, 0x07, 0x20, 0x21, 
	0x03, 0x22, 0x23, 0x00, 0x00, 0x00, 0x00, 0x00, 
	0x00, 0x00, 0x00, 0x00, 0x00, 0x00, 0x24, 0x25, 
	0x26, 0x27, 0x28, 0x28, 0x28, 0x29, 0x2a, 0x2b, 
	0x2c, 0x05, 0x1f, 0x2d, 0x06, 0x2e, 0x14, 0x03, 
	0x03, 0x2b, 0x2f, 0x00, 0x00, 0x00, 0x00, 0x00, 
	0x00, 0x00, 0x00, 0x00, 0x00, 0x24, 0x30, 0x31, 
	0x32, 0x28, 0x28, 0x28, 0x28, 0x33, 0x34, 0x03, 
	0x03, 0x2b, 0x35, 0x36, 0x37, 0x38, 0x39, 0x3a, 
	0x3b, 0x3c, 0x22, 0x2f, 0x00, 0x00, 0x00, 0x00, 
	0x00, 0x00, 0x3d, 0x23, 0x3d, 0x3e, 0x3f, 0x40, 
	0x28, 0x28, 0x28, 0x28, 0x28, 0x27, 0x41, 0x03, 
	0x03, 0x3c, 0x42, 0x43, 0x44, 0x45, 0x46, 0x47, 
	0x48, 0x49, 0x4a, 0x2c, 0x4b, 0x23, 0x00, 0x00, 
	0x4c, 0x4d, 0x4e, 0x4f, 0x3c, 0x03, 0x50, 0x28, 
	0x28, 0x28, 0x28, 0x28, 0x28, 0x51, 0x52, 0x3c, 
	0x53, 0x54, 0x55, 0x0c, 0x00, 0x00, 0x00, 0x00, 
	0x56, 0x57, 0x58, 0x59, 0x2b, 0x2c, 0x22, 0x4b, 
	0x5a, 0x5b, 0x5b, 0x5c, 0x5d, 0x5e, 0x5f, 0x60, 
	0x28, 0x28, 0x28, 0x28, 0x61, 0x62, 0x63, 0x64, 
	0x65, 0x0c, 0x00, 0x00, 0x00, 0x00, 0x00, 0x00, 
	0x00, 0x00, 0x66, 0x67, 0x3c, 0x03, 0x3c, 0x68, 
	0x69, 0x6a, 0x6a, 0x6b, 0x6c, 0x5c, 0x6d, 0x22, 
	0x6e, 0x28, 0x28, 0x28, 0x62, 0x6f, 0x70, 0x0c, 
	0x00, 0x00, 0x00, 0x00, 0x00, 0x00, 0x00, 0x00, 
	0x00, 0x00, 0x71, 0x72, 0x4a, 0x03, 0x73, 0x74, 
	0x07, 0x07, 0x07, 0x07, 0x07, 0x69, 0x5a, 0x3f, 
	0x2c, 0x4b, 0x75, 0x76, 0x65, 0x77, 0x00, 0x00, 
	0x00, 0x00, 0x00, 0x00, 0x00, 0x00, 0x00, 0x00, 
	0x00, 0x00, 0x00, 0x78, 0x3b, 0x79, 0x14, 0x07, 
	0x07, 0x07, 0x07, 0x07, 0x07, 0x07, 0x7a, 0x68, 
	0x03, 0x2b, 0x7b, 0x7c, 0x00, 0x00, 0x00, 0x00, 
	0x00, 0x00, 0x00, 0x00, 0x00, 0x00, 0x00, 0x00, 
	0x00, 0x00, 0x00, 0x55, 0x7d, 0x06, 0x07, 0x07, 
	0x07, 0x07, 0x07, 0x07, 0x07, 0x07, 0x7e, 0x7f, 
	0x03, 0x80, 0x81, 0x00, 0x00, 0x00, 0x00, 0x00, 
	0x00, 0x00, 0x00, 0x00, 0x00, 0x00, 0x00, 0x00, 
	0x00, 0x00, 0x00, 0x55, 0x82, 0x83, 0x07, 0x07, 
	0x07, 0x07, 0x07, 0x07, 0x07, 0x07, 0x6b, 0x5a, 
	0x59, 0x84, 0x0c, 0x00, 0x00, 0x00, 0x00, 0x00, 
	0x00, 0x00, 0x00, 0x00, 0x00, 0x00, 0x00, 0x00, 
	0x00, 0x00, 0x00, 0x55, 0x85, 0x12, 0x06, 0x07, 
	0x07, 0x07, 0x07, 0x07, 0x07, 0x07, 0x07, 0x86, 
	0x87, 0x88, 0x00, 0x00, 0x00, 0x00, 0x00, 0x00, 
	0x00, 0x00, 0x00, 0x00, 0x00, 0x00, 0x00, 0x00, 
	0x00, 0x00, 0x00, 0x70, 0x89, 0x12, 0x2d, 0x07, 
	0x07, 0x07, 0x07, 0x07, 0x07, 0x07, 0x07, 0x6c, 
	0x8a, 0x00, 0x00, 0x00, 0x00, 0x00, 0x00, 0x00, 
	0x00, 0x00, 0x00, 0x00, 0x00, 0x00, 0x00, 0x00, 
	0x00, 0x00, 0x00, 0x8b, 0x03, 0x12, 0x13, 0x07, 
	0x07, 0x07, 0x07, 0x07, 0x07, 0x07, 0x07, 0x8c, 
	0x8d, 0x3d, 0x00, 0x00, 0x00, 0x00, 0x00, 0x00, 
	0x00, 0x00, 0x00, 0x00, 0x00, 0x00, 0x00, 0x00, 
	0x00, 0x00, 0x8e, 0x8f, 0x03, 0x2b, 0x05, 0x07, 
	0x07, 0x07, 0x07, 0x07, 0x07, 0x07, 0x6a, 0x15, 
	0x90, 0x23, 0x00, 0x00, 0x00, 0x00, 0x00, 0x00, 
	0x00, 0x00, 0x00, 0x00, 0x00, 0x00, 0x00, 0x00, 
	0x00, 0x0c, 0x91, 0x03, 0x03, 0x03, 0x22, 0x2d, 
	0x07, 0x07, 0x07, 0x07, 0x07, 0x07, 0x73, 0x92, 
	0x12, 0x93, 0x00, 0x00, 0x00, 0x00, 0x00, 0x00, 
	0x00, 0x00, 0x00, 0x00, 0x00, 0x00, 0x00, 0x00, 
	0x00, 0x94, 0x95, 0x42, 0x96, 0x97, 0x12, 0x13, 
	0x07, 0x07, 0x07, 0x07, 0x07, 0x07, 0x98, 0x99, 
	0x2b, 0x2f, 0x00, 0x00, 0x00, 0x00, 0x00, 0x00, 
	0x00, 0x00, 0x00, 0x00, 0x00, 0x00, 0x00, 0x00, 
	0x01, 0x8a, 0x9a, 0x9b, 0x9b, 0x1c, 0x9c, 0x22, 
	0x05, 0x1f, 0x2d, 0x07, 0x07, 0x9d, 0x9e, 0x03, 
	0x03, 0x2c, 0x23, 0x00, 0x00, 0x00, 0x00, 0x00, 
	0x00, 0x00, 0x00, 0x00, 0x00, 0x00, 0x24, 0x88, 
	0x8a, 0x9f, 0x28, 0x28, 0x28, 0xa0, 0xa1, 0x3f, 
	0xa2, 0x35, 0x22, 0x05, 0xa3, 0x6d, 0x42, 0x4a, 
	0x59, 0x2b, 0x4c, 0x23, 0x00, 0x00, 0x00, 0x00, 
	0x00, 0x00, 0x00, 0x00, 0x00, 0x00, 0x88, 0xa4, 
	0x62, 0x28, 0x28, 0x28, 0x28, 0x27, 0xa5, 0x59, 
	0x03, 0x3c, 0x42, 0xa6, 0x43, 0x44, 0x47, 0xa7, 
	0xa8, 0xa9, 0xaa, 0x4c, 0x23, 0x00, 0x00, 0x00, 
	0x00, 0x00, 0x00, 0x00, 0x00, 0xab, 0x80, 0xac, 
	0x28, 0x28, 0x28, 0x28, 0x28, 0x28, 0xad, 0x59, 
	0xae, 0xaf, 0xb0, 0xb1, 0x00, 0x00, 0x00, 0x00, 
	0x77, 0x72, 0xa9, 0x3f, 0x2c, 0x4c, 0x2f, 0x93, 
	0x93, 0x16, 0x16, 0xb2, 0x03, 0x03, 0x7b, 0x28, 
	0x28, 0x28, 0x28, 0x28, 0x28, 0x27, 0xb3, 0x03, 
	0x65, 0x0c, 0x00, 0x00, 0x00, 0x00, 0x00, 0x00, 
	0x00, 0x77, 0x72, 0x3b, 0x03, 0x04, 0x2b, 0xb4, 
	0xb5, 0xb6, 0xb7, 0xb7, 0xb8, 0x97, 0x5f, 0x75, 
	0x28, 0x28, 0x28, 0x28, 0x28, 0x29, 0xb9, 0xba, 
	0x00, 0x00, 0x00, 0x00, 0x00, 0x00, 0x00, 0x00, 
	0x00, 0x00, 0xbb, 0xbc, 0x3c, 0x03, 0xbd, 0xbe, 
	0x7e, 0x7e, 0x7e, 0xbf, 0xc0, 0xc1, 0x68, 0x22, 
	0x6e, 0x28, 0x28, 0x28, 0x40, 0xc2, 0xc3, 0x8e, 
	0x00, 0x00, 0x00, 0x00, 0x00, 0x00, 0x00, 0x00, 
	0x00, 0x00, 0x0c, 0xc4, 0x97, 0xc5, 0xc6, 0x07, 
	0x07, 0x07, 0x07, 0x07, 0x07, 0x69, 0x5b, 0x97, 
	0xc7, 0xc8, 0xc9, 0x61, 0xca, 0xcb, 0x0c, 0x00, 
	0x00, 0x00, 0x00, 0x00, 0x00, 0x00, 0x00, 0x00, 
	0x00, 0x00, 0x00, 0xcc, 0xae, 0x2e, 0x07, 0x07, 
	0x07, 0x07, 0x07, 0x07, 0x07, 0x07, 0xcd, 0xce, 
	0x04, 0x2b, 0xcf, 0xd0, 0x94, 0x00, 0x00, 0x00, 
	0x00, 0x00, 0x00, 0x00, 0x00, 0x00, 0x00, 0x00, 
	0x00, 0x00, 0x00, 0x45, 0x42, 0xd1, 0x07, 0x07, 
	0x07, 0x07, 0x07, 0x07, 0x07, 0x07, 0x6b, 0x5b, 
	0x3c, 0x03, 0xd2, 0xd3, 0x00, 0x00, 0x00, 0x00, 
	0x00, 0x00, 0x00, 0x00, 0x00, 0x00, 0x00, 0x00, 
	0x00, 0x00, 0x00, 0x65, 0x97, 0xd4, 0x07, 0x07, 
	0x07, 0x07, 0x07, 0x07, 0x07, 0x07, 0x07, 0x7a, 
	0x4a, 0x80, 0xd3, 0x00, 0x00, 0x00, 0x00, 0x00, 
	0x00, 0x00, 0x00, 0x00, 0x00, 0x00, 0x00, 0x00, 
	0x00, 0x00, 0x00, 0xcc, 0x3c, 0x35, 0x07, 0x07, 
	0x07, 0x07, 0x07, 0x07, 0x07, 0x07, 0x07, 0x6c, 
	0xd5, 0x25, 0x24, 0x00, 0x00, 0x00, 0x00, 0x00, 
	0x00, 0x00, 0x00, 0x00, 0x00, 0x00, 0x00, 0x00, 
	0x00, 0x00, 0x88, 0xd6, 0x03, 0x2c, 0x2d, 0x07, 
	0x07, 0x07, 0x07, 0x07, 0x07, 0x07, 0x07, 0xd7, 
	0x68, 0x24, 0x00, 0x00, 0x00, 0x00, 0x00, 0x00, 
	0x00, 0x00, 0x00, 0x00, 0x00, 0x00, 0x00, 0x00, 
	0x00, 0x00, 0xd8, 0xd9, 0x03, 0x35, 0x1f, 0x07, 
	0x07, 0x07, 0x07, 0x07, 0x07, 0x07, 0x07, 0xbe, 
	0xda, 0x00, 0x00, 0x00, 0x00, 0x00, 0x00, 0x00, 
	
};

Gfx wf_dl_wf_bricks_pink_pal_rgba16_aligner[] = {gsSPEndDisplayList()};
u8 wf_dl_wf_bricks_pink_pal_rgba16[] = {
	0xf6, 0x37, 0xf5, 0x73, 0xf6, 0xef, 0xf7, 0xaf, 
	0xf7, 0xb1, 0xef, 0xb9, 0xdf, 0xaf, 0xd7, 0xaf, 
	0xcf, 0xab, 0x9e, 0xa3, 0xef, 0x33, 0xf6, 0xb9, 
	0xf5, 0xf5, 0xed, 0x6f, 0xce, 0x69, 0xbd, 0x69, 
	0xa5, 0x25, 0xce, 0x67, 0xf7, 0xb5, 0xe7, 0xb5, 
	0xc7, 0x69, 0xb6, 0xe5, 0xf6, 0xfb, 0xed, 0x71, 
	0xb4, 0xeb, 0xbc, 0xf3, 0xc5, 0x77, 0xb4, 0xb1, 
	0x94, 0x65, 0xd6, 0xab, 0xef, 0xb7, 0xe7, 0xb3, 
	0xbf, 0xa9, 0xdf, 0x2b, 0xf7, 0xbb, 0xf6, 0x79, 
	0xf5, 0xf7, 0xf5, 0xf3, 0xc5, 0x33, 0xcd, 0xb9, 
	0xe6, 0x3d, 0xbd, 0x35, 0xb5, 0x29, 0xf7, 0xb3, 
	0xf7, 0xb9, 0xdf, 0xb1, 0xd7, 0xad, 0xf7, 0x3b, 
	0xf6, 0x73, 0xcd, 0xb3, 0xd5, 0xbb, 0xcd, 0x77, 
	0xb5, 0x69, 0xf7, 0xb7, 0xef, 0x75, 0xd6, 0xaf, 
	0xc5, 0xe9, 0xcd, 0xa7, 0xbd, 0x65, 0xce, 0x27, 
	0xef, 0x6d, 0xf6, 0x39, 0xf7, 0x31, 0xef, 0x71, 
	0xcd, 0x79, 0xc5, 0xad, 0xd6, 0x69, 0xcc, 0xe7, 
	0xd4, 0xa9, 0xdc, 0xed, 0xd4, 0xed, 0xd4, 0xab, 
	0xb4, 0x25, 0xb4, 0xa3, 0xd6, 0xa9, 0xf7, 0x7d, 
	0xf7, 0x7b, 0xee, 0xf9, 0xe6, 0xb3, 0xef, 0x2f, 
	0xee, 0xf7, 0xc5, 0x37, 0xd6, 0x6d, 0xd5, 0xe9, 
	0xd4, 0xa7, 0xe5, 0x2f, 0xed, 0xf5, 0xdd, 0x2f, 
	0xac, 0x63, 0xe7, 0x2b, 0x9d, 0xe1, 0x95, 0xa1, 
	0x95, 0x9f, 0xad, 0xe5, 0xd6, 0xe9, 0xf7, 0x73, 
	0xee, 0xfd, 0xdd, 0xfd, 0xcd, 0xb7, 0xd6, 0x29, 
	0xdc, 0xe9, 0xe4, 0xed, 0xc4, 0xa9, 0xb4, 0xe5, 
	0xce, 0xa9, 0xbf, 0x29, 0xcf, 0xad, 0xc7, 0x6b, 
	0xa6, 0xa5, 0xc6, 0x67, 0xe6, 0x7d, 0xcc, 0xe9, 
	0xe4, 0xab, 0xe5, 0xb3, 0xbc, 0xa5, 0xbf, 0x67, 
	0xaf, 0x25, 0xf7, 0x3d, 0xe6, 0x39, 0xed, 0xb3, 
	0xd4, 0xeb, 0xdf, 0xad, 0x96, 0x21, 0xf7, 0x71, 
	0xf5, 0x6d, 0xcd, 0x67, 0xb7, 0x27, 0xae, 0x25, 
	0xf7, 0x6f, 0xf5, 0x6f, 0xd5, 0xa7, 0xef, 0xb3, 
	0xf6, 0x2f, 0xe6, 0x2b, 0xa6, 0x23, 0xe6, 0xed, 
	0xf5, 0xb3, 0xde, 0xab, 0xe6, 0x2f, 0xdd, 0x29, 
	0xa6, 0x63, 0xee, 0xb3, 0xed, 0x2f, 0xee, 0xad, 
	0xf7, 0x37, 0xe5, 0x6b, 0xce, 0xe9, 0xf6, 0xbb, 
	0xf5, 0x2f, 0xef, 0x2d, 0xbd, 0xe7, 0xde, 0xeb, 
	0xb7, 0xa7, 0xef, 0xad, 0xb5, 0x31, 0xac, 0xaf, 
	0xc6, 0x29, 0xc7, 0xab, 0xdf, 0xab, 0xc5, 0x75, 
	0xbd, 0x33, 0xa4, 0xa7, 0xe7, 0x2f, 0xdf, 0x2f, 
	0xee, 0xb1, 0x9c, 0xa9, 0xc5, 0x25, 0xc4, 0x65, 
	0xb4, 0x65, 0xbd, 0xa5, 0xef, 0x73, 0xf6, 0x75, 
	0xd5, 0xf7, 0xa4, 0xa9, 0xde, 0x69, 0xd4, 0xe7, 
	0xdc, 0xa9, 0xed, 0x73, 0xf6, 0xf5, 0xbd, 0x6d, 
	0xdf, 0x31, 0xbe, 0x6b, 0xae, 0x65, 0xa5, 0xe3, 
	0xbe, 0x25, 0xd6, 0x6b, 0xde, 0x2b, 0xe5, 0x71, 
	0xbc, 0xe5, 0xb6, 0xa5, 0xa6, 0xe5, 0xb6, 0xe7, 
	0xae, 0xa5, 0x95, 0x5f, 0xcd, 0xb1, 0xe5, 0x2b, 
	0xc4, 0xa5, 0xd7, 0xab, 0xc7, 0xa9, 0xf7, 0xbd, 
	0xef, 0x3d, 0xee, 0xbd, 0xd5, 0x35, 0xe5, 0x31, 
	0xdc, 0xeb, 0x9e, 0x65, 0xb5, 0xe5, 0xf7, 0x75, 
	0xe5, 0xed, 0xe7, 0xaf, 0xf6, 0xaf, 0xf5, 0x71, 
	0xef, 0xb5, 0xce, 0xa7, 0xdd, 0xeb, 0xae, 0xe5, 
	0xec, 0xed, 0xf7, 0x2f, 0xd6, 0x2b, 
};

Gfx wf_dl_piss_brick_ci8_aligner[] = {gsSPEndDisplayList()};
u8 wf_dl_piss_brick_ci8[] = {
	0x00, 0x01, 0x01, 0x02, 0x03, 0x04, 0x04, 0x04, 
	0x04, 0x04, 0x04, 0x04, 0x04, 0x04, 0x01, 0x01, 
	0x05, 0x06, 0x06, 0x01, 0x07, 0x08, 0x09, 0x09, 
	0x09, 0x09, 0x07, 0x07, 0x0a, 0x0b, 0x00, 0x0c, 
	0x09, 0x0d, 0x0e, 0x0f, 0x0f, 0x10, 0x11, 0x12, 
	0x13, 0x14, 0x11, 0x15, 0x15, 0x13, 0x12, 0x0d, 
	0x13, 0x13, 0x12, 0x10, 0x10, 0x16, 0x17, 0x13, 
	0x18, 0x10, 0x19, 0x0d, 0x14, 0x18, 0x12, 0x10, 
	0x1a, 0x1b, 0x1c, 0x10, 0x0f, 0x0f, 0x0f, 0x0f, 
	0x0e, 0x1d, 0x1d, 0x1d, 0x0f, 0x0f, 0x0f, 0x0f, 
	0x1e, 0x11, 0x10, 0x12, 0x0e, 0x1f, 0x20, 0x0e, 
	0x21, 0x21, 0x1d, 0x22, 0x23, 0x23, 0x23, 0x24, 
	0x1b, 0x15, 0x20, 0x1e, 0x0f, 0x0e, 0x1e, 0x0e, 
	0x1d, 0x1e, 0x25, 0x1d, 0x1d, 0x25, 0x0e, 0x0e, 
	0x1d, 0x1e, 0x1d, 0x1e, 0x22, 0x26, 0x26, 0x23, 
	0x27, 0x10, 0x24, 0x1d, 0x23, 0x23, 0x23, 0x12, 
	0x1b, 0x11, 0x20, 0x1e, 0x0e, 0x0e, 0x0e, 0x0e, 
	0x23, 0x1d, 0x25, 0x23, 0x1e, 0x25, 0x0e, 0x1e, 
	0x25, 0x0e, 0x23, 0x1e, 0x1d, 0x23, 0x28, 0x22, 
	0x22, 0x12, 0x29, 0x26, 0x1d, 0x10, 0x2a, 0x2a, 
	0x1a, 0x2b, 0x1d, 0x1e, 0x1e, 0x0e, 0x0e, 0x0e, 
	0x0e, 0x1d, 0x1e, 0x1e, 0x0e, 0x1e, 0x1e, 0x10, 
	0x1e, 0x1e, 0x1e, 0x26, 0x23, 0x1e, 0x23, 0x1d, 
	0x21, 0x27, 0x23, 0x10, 0x23, 0x2c, 0x10, 0x12, 
	0x0d, 0x1b, 0x21, 0x10, 0x2d, 0x1e, 0x1e, 0x1e, 
	0x0e, 0x25, 0x0e, 0x2e, 0x1d, 0x1d, 0x0e, 0x0f, 
	0x1e, 0x1e, 0x1e, 0x20, 0x1d, 0x1d, 0x23, 0x1d, 
	0x1d, 0x23, 0x12, 0x1e, 0x1d, 0x10, 0x10, 0x2f, 
	0x0d, 0x30, 0x2e, 0x10, 0x0f, 0x0f, 0x1e, 0x1e, 
	0x0e, 0x0e, 0x0e, 0x1e, 0x23, 0x23, 0x1e, 0x10, 
	0x0e, 0x1d, 0x1d, 0x2e, 0x21, 0x1e, 0x20, 0x2e, 
	0x26, 0x2e, 0x2e, 0x0e, 0x2c, 0x1d, 0x1e, 0x10, 
	0x0d, 0x14, 0x20, 0x31, 0x11, 0x0f, 0x0f, 0x0e, 
	0x1d, 0x1d, 0x1d, 0x1d, 0x1e, 0x1e, 0x10, 0x0f, 
	0x1e, 0x1e, 0x10, 0x23, 0x26, 0x2e, 0x2e, 0x1d, 
	0x10, 0x10, 0x23, 0x1e, 0x1d, 0x23, 0x2e, 0x10, 
	0x14, 0x17, 0x29, 0x1e, 0x1d, 0x1d, 0x25, 0x1e, 
	0x1d, 0x10, 0x1d, 0x1e, 0x0e, 0x25, 0x0e, 0x1e, 
	0x1e, 0x23, 0x23, 0x0e, 0x1e, 0x1e, 0x1e, 0x28, 
	0x32, 0x0e, 0x23, 0x1d, 0x1e, 0x10, 0x1e, 0x13, 
	0x31, 0x13, 0x27, 0x23, 0x1d, 0x1d, 0x1d, 0x26, 
	0x2e, 0x0e, 0x0f, 0x1d, 0x23, 0x1d, 0x23, 0x0e, 
	0x0e, 0x1d, 0x1d, 0x23, 0x1d, 0x1d, 0x1e, 0x2e, 
	0x2e, 0x0e, 0x1e, 0x10, 0x12, 0x21, 0x0e, 0x0f, 
	0x17, 0x2b, 0x20, 0x1e, 0x0e, 0x1d, 0x1d, 0x1e, 
	0x1e, 0x20, 0x20, 0x20, 0x20, 0x27, 0x2e, 0x20, 
	0x1d, 0x20, 0x20, 0x2e, 0x2e, 0x23, 0x1d, 0x2e, 
	0x27, 0x21, 0x23, 0x27, 0x20, 0x23, 0x26, 0x1e, 
	0x14, 0x15, 0x20, 0x23, 0x1d, 0x1d, 0x1d, 0x1d, 
	0x1d, 0x20, 0x26, 0x29, 0x33, 0x1c, 0x23, 0x10, 
	0x23, 0x2e, 0x23, 0x1d, 0x25, 0x10, 0x2e, 0x20, 
	0x1d, 0x23, 0x20, 0x10, 0x23, 0x1d, 0x12, 0x16, 
	0x30, 0x2d, 0x27, 0x26, 0x27, 0x27, 0x27, 0x27, 
	0x34, 0x35, 0x26, 0x26, 0x26, 0x27, 0x20, 0x1d, 
	0x20, 0x20, 0x27, 0x29, 0x27, 0x29, 0x2e, 0x29, 
	0x27, 0x2e, 0x26, 0x27, 0x20, 0x23, 0x1d, 0x19, 
	0x36, 0x18, 0x21, 0x2b, 0x0d, 0x37, 0x14, 0x38, 
	0x0a, 0x09, 0x19, 0x2f, 0x38, 0x08, 0x09, 0x36, 
	0x0a, 0x39, 0x2a, 0x1e, 0x0e, 0x12, 0x2a, 0x1e, 
	0x13, 0x10, 0x1f, 0x14, 0x2c, 0x12, 0x10, 0x13, 
	0x3a, 0x00, 0x3b, 0x3c, 0x3d, 0x3e, 0x3b, 0x06, 
	0x3f, 0x40, 0x05, 0x3b, 0x01, 0x01, 0x06, 0x06, 
	0x05, 0x41, 0x00, 0x09, 0x02, 0x42, 0x3a, 0x43, 
	0x42, 0x44, 0x45, 0x45, 0x03, 0x42, 0x04, 0x00, 
	0x46, 0x38, 0x10, 0x1d, 0x20, 0x2b, 0x14, 0x17, 
	0x14, 0x36, 0x08, 0x43, 0x3d, 0x00, 0x07, 0x17, 
	0x12, 0x13, 0x09, 0x0d, 0x1e, 0x2e, 0x20, 0x10, 
	0x23, 0x47, 0x14, 0x24, 0x1e, 0x1e, 0x12, 0x47, 
	0x13, 0x17, 0x10, 0x27, 0x26, 0x13, 0x48, 0x36, 
	0x47, 0x16, 0x17, 0x30, 0x20, 0x2e, 0x1e, 0x0e, 
	0x1e, 0x1d, 0x1e, 0x13, 0x23, 0x10, 0x2c, 0x15, 
	0x39, 0x14, 0x27, 0x20, 0x26, 0x13, 0x1e, 0x1d, 
	0x20, 0x20, 0x2a, 0x49, 0x2e, 0x13, 0x14, 0x08, 
	0x0e, 0x10, 0x1e, 0x25, 0x25, 0x0e, 0x0e, 0x10, 
	0x10, 0x13, 0x10, 0x1d, 0x12, 0x24, 0x13, 0x30, 
	0x1e, 0x26, 0x1d, 0x13, 0x23, 0x2e, 0x10, 0x10, 
	0x1e, 0x1e, 0x0f, 0x0e, 0x0f, 0x10, 0x39, 0x39, 
	0x0f, 0x0e, 0x0e, 0x23, 0x10, 0x2f, 0x24, 0x4a, 
	0x12, 0x10, 0x22, 0x10, 0x13, 0x10, 0x1e, 0x17, 
	0x17, 0x26, 0x2e, 0x1e, 0x10, 0x21, 0x23, 0x1e, 
	0x0e, 0x1e, 0x12, 0x4b, 0x4c, 0x17, 0x0d, 0x13, 
	0x0e, 0x0e, 0x0e, 0x10, 0x1e, 0x0e, 0x1d, 0x0e, 
	0x22, 0x13, 0x13, 0x23, 0x1d, 0x25, 0x1d, 0x0d, 
	0x13, 0x2e, 0x12, 0x2c, 0x2e, 0x20, 0x1d, 0x10, 
	0x10, 0x12, 0x1e, 0x4b, 0x0f, 0x13, 0x0d, 0x13, 
	0x0e, 0x1e, 0x2c, 0x12, 0x1e, 0x0e, 0x0f, 0x1e, 
	0x26, 0x1d, 0x23, 0x22, 0x24, 0x0d, 0x18, 0x30, 
	0x2e, 0x2b, 0x23, 0x23, 0x23, 0x23, 0x10, 0x22, 
	0x13, 0x0f, 0x1e, 0x31, 0x1b, 0x11, 0x1a, 0x39, 
	0x17, 0x1f, 0x0e, 0x1d, 0x10, 0x24, 0x24, 0x17, 
	0x24, 0x14, 0x10, 0x10, 0x13, 0x07, 0x18, 0x14, 
	0x13, 0x10, 0x1d, 0x1d, 0x23, 0x23, 0x1d, 0x1d, 
	0x13, 0x1d, 0x23, 0x25, 0x4d, 0x10, 0x48, 0x0d, 
	0x12, 0x10, 0x2c, 0x12, 0x17, 0x17, 0x1e, 0x2c, 
	0x17, 0x2a, 0x09, 0x3a, 0x18, 0x10, 0x14, 0x1b, 
	0x2a, 0x26, 0x1d, 0x23, 0x1d, 0x10, 0x1d, 0x1f, 
	0x25, 0x1d, 0x1e, 0x1e, 0x2e, 0x31, 0x39, 0x0e, 
	0x2d, 0x0e, 0x0e, 0x11, 0x10, 0x26, 0x1d, 0x1e, 
	0x1f, 0x12, 0x23, 0x0e, 0x09, 0x15, 0x24, 0x0d, 
	0x0f, 0x1d, 0x25, 0x1e, 0x2e, 0x23, 0x25, 0x13, 
	0x1d, 0x23, 0x1e, 0x4b, 0x4e, 0x11, 0x0d, 0x39, 
	0x12, 0x11, 0x0f, 0x13, 0x13, 0x24, 0x2c, 0x1e, 
	0x10, 0x0f, 0x23, 0x1d, 0x2e, 0x13, 0x10, 0x2b, 
	0x17, 0x1e, 0x23, 0x1d, 0x12, 0x20, 0x2f, 0x23, 
	0x1e, 0x0e, 0x10, 0x23, 0x23, 0x0f, 0x1a, 0x14, 
	0x16, 0x24, 0x13, 0x2c, 0x10, 0x12, 0x10, 0x0e, 
	0x0f, 0x10, 0x1d, 0x1e, 0x1e, 0x0f, 0x10, 0x15, 
	0x1e, 0x0e, 0x1e, 0x1e, 0x1d, 0x14, 0x10, 0x1e, 
	0x12, 0x10, 0x0e, 0x23, 0x23, 0x10, 0x1a, 0x14, 
	0x18, 0x12, 0x1e, 0x12, 0x13, 0x2e, 0x0f, 0x37, 
	0x13, 0x1e, 0x16, 0x1e, 0x1e, 0x2b, 0x25, 0x2b, 
	0x1e, 0x23, 0x0e, 0x10, 0x10, 0x39, 0x25, 0x10, 
	0x13, 0x1e, 0x0f, 0x22, 0x4f, 0x11, 0x1a, 0x08, 
	0x39, 0x13, 0x13, 0x14, 0x13, 0x16, 0x12, 0x1d, 
	0x10, 0x12, 0x17, 0x2f, 0x2f, 0x0d, 0x1e, 0x2b, 
	0x10, 0x1d, 0x1d, 0x10, 0x12, 0x1d, 0x23, 0x12, 
	0x13, 0x14, 0x24, 0x11, 0x50, 0x31, 0x51, 0x07, 
	0x12, 0x17, 0x17, 0x17, 0x39, 0x13, 0x1f, 0x0d, 
	0x39, 0x2f, 0x12, 0x24, 0x13, 0x14, 0x1f, 0x17, 
	0x52, 0x1e, 0x1e, 0x0e, 0x25, 0x10, 0x20, 0x10, 
	0x1e, 0x0f, 0x11, 0x53, 0x32, 0x11, 0x3c, 0x14, 
	0x13, 0x12, 0x11, 0x17, 0x13, 0x16, 0x19, 0x19, 
	0x19, 0x1e, 0x13, 0x1e, 0x1e, 0x32, 0x0f, 0x14, 
	0x12, 0x23, 0x28, 0x1e, 0x1e, 0x1e, 0x10, 0x12, 
	0x0f, 0x12, 0x0d, 0x38, 0x30, 0x38, 0x3d, 0x46, 
	0x39, 0x14, 0x38, 0x39, 0x38, 0x39, 0x38, 0x38, 
	0x0d, 0x17, 0x12, 0x23, 0x10, 0x17, 0x14, 0x39, 
	0x0f, 0x21, 0x23, 0x32, 0x0e, 0x0e, 0x1e, 0x10, 
	
};

Gfx wf_dl_piss_brick_pal_rgba16_aligner[] = {gsSPEndDisplayList()};
u8 wf_dl_piss_brick_pal_rgba16[] = {
	0x8b, 0x8f, 0x83, 0x4d, 0x63, 0x45, 0x6a, 0xc7, 
	0x7b, 0x4b, 0x73, 0x89, 0x6b, 0x47, 0xa4, 0x55, 
	0xa5, 0x15, 0xac, 0x97, 0x9c, 0x13, 0xad, 0x0f, 
	0x6d, 0x0d, 0xb5, 0x99, 0xde, 0x69, 0xc6, 0xa7, 
	0xde, 0xe3, 0xbe, 0x65, 0xd6, 0xa1, 0xce, 0x5f, 
	0xbd, 0xdb, 0xc5, 0xa3, 0xde, 0xdb, 0xc6, 0x1d, 
	0xd6, 0x9b, 0xce, 0x59, 0x95, 0x1b, 0xa5, 0x9f, 
	0xd7, 0x2b, 0xe6, 0xab, 0xe7, 0x25, 0xe7, 0x1d, 
	0xff, 0x2b, 0xf6, 0xe9, 0xef, 0x5f, 0xef, 0x67, 
	0xc5, 0x5d, 0xce, 0xe9, 0xff, 0xeb, 0xff, 0x6d, 
	0xee, 0xa7, 0xff, 0xed, 0xcd, 0x9f, 0xad, 0xe1, 
	0xd5, 0xe1, 0xd6, 0x27, 0xf7, 0xa9, 0xbd, 0x1b, 
	0x9d, 0x5d, 0xb6, 0x23, 0xf7, 0xa1, 0xee, 0xed, 
	0xef, 0x35, 0xff, 0x71, 0x94, 0x17, 0xc5, 0x57, 
	0xb4, 0xd9, 0xad, 0x57, 0x93, 0xd1, 0x84, 0x0d, 
	0x8c, 0x97, 0x8c, 0x4f, 0x63, 0x4d, 0x49, 0xc5, 
	0x52, 0x07, 0x7b, 0xcb, 0x73, 0x09, 0x94, 0x91, 
	0x83, 0xc5, 0x5b, 0x03, 0x9c, 0xd3, 0xc6, 0x17, 
	0x94, 0xd9, 0xdf, 0x6d, 0xd5, 0x9b, 0xd7, 0x5f, 
	0xdf, 0xa1, 0xc5, 0xe9, 0xff, 0xe1, 0xff, 0xdf, 
	0xf7, 0xdd, 0x84, 0x55, 0xae, 0x5f, 0xdd, 0xdb, 
	
};

Gfx wf_dl_wf_rock_ci8_aligner[] = {gsSPEndDisplayList()};
u8 wf_dl_wf_rock_ci8[] = {
	0x00, 0x01, 0x02, 0x03, 0x03, 0x04, 0x05, 0x06, 
	0x03, 0x07, 0x08, 0x09, 0x0a, 0x03, 0x0b, 0x0c, 
	0x0c, 0x0d, 0x0e, 0x0f, 0x10, 0x11, 0x12, 0x13, 
	0x14, 0x15, 0x09, 0x0d, 0x02, 0x0c, 0x03, 0x0d, 
	0x06, 0x09, 0x05, 0x03, 0x06, 0x02, 0x06, 0x16, 
	0x17, 0x18, 0x19, 0x1a, 0x1b, 0x0b, 0x0c, 0x16, 
	0x0b, 0x17, 0x1c, 0x1d, 0x1e, 0x15, 0x1f, 0x20, 
	0x21, 0x22, 0x23, 0x00, 0x24, 0x24, 0x06, 0x06, 
	0x06, 0x03, 0x03, 0x24, 0x02, 0x06, 0x0d, 0x0d, 
	0x0b, 0x06, 0x03, 0x00, 0x25, 0x26, 0x0d, 0x0d, 
	0x27, 0x28, 0x29, 0x2a, 0x16, 0x2b, 0x2c, 0x16, 
	0x18, 0x25, 0x2d, 0x2e, 0x0b, 0x18, 0x0c, 0x03, 
	0x02, 0x02, 0x24, 0x03, 0x0d, 0x2f, 0x2b, 0x0d, 
	0x30, 0x0c, 0x0d, 0x0d, 0x31, 0x32, 0x33, 0x27, 
	0x25, 0x25, 0x34, 0x35, 0x36, 0x37, 0x34, 0x00, 
	0x03, 0x38, 0x39, 0x2e, 0x30, 0x0c, 0x0b, 0x0c, 
	0x03, 0x03, 0x30, 0x0c, 0x0d, 0x0d, 0x3a, 0x0c, 
	0x3b, 0x03, 0x0d, 0x2f, 0x3c, 0x3d, 0x00, 0x3e, 
	0x17, 0x3f, 0x40, 0x00, 0x00, 0x41, 0x42, 0x42, 
	0x42, 0x34, 0x43, 0x44, 0x45, 0x46, 0x47, 0x0c, 
	0x03, 0x03, 0x30, 0x30, 0x0d, 0x02, 0x2b, 0x03, 
	0x2b, 0x03, 0x02, 0x48, 0x07, 0x49, 0x3f, 0x46, 
	0x24, 0x30, 0x4a, 0x35, 0x18, 0x35, 0x0d, 0x34, 
	0x41, 0x34, 0x4b, 0x4c, 0x4d, 0x4e, 0x24, 0x05, 
	0x03, 0x2b, 0x24, 0x03, 0x02, 0x0d, 0x0c, 0x16, 
	0x4f, 0x35, 0x24, 0x00, 0x50, 0x0f, 0x51, 0x04, 
	0x04, 0x52, 0x27, 0x20, 0x53, 0x18, 0x0d, 0x0d, 
	0x03, 0x54, 0x55, 0x56, 0x57, 0x58, 0x0c, 0x46, 
	0x35, 0x59, 0x0c, 0x09, 0x09, 0x02, 0x4f, 0x2b, 
	0x16, 0x46, 0x17, 0x5a, 0x26, 0x5b, 0x04, 0x0f, 
	0x30, 0x17, 0x0d, 0x1d, 0x17, 0x5c, 0x0f, 0x51, 
	0x5d, 0x5e, 0x1d, 0x3d, 0x2e, 0x5f, 0x60, 0x0c, 
	0x0d, 0x0d, 0x0d, 0x0d, 0x02, 0x61, 0x61, 0x16, 
	0x2b, 0x34, 0x16, 0x44, 0x30, 0x51, 0x30, 0x04, 
	0x62, 0x63, 0x64, 0x65, 0x66, 0x67, 0x68, 0x69, 
	0x1d, 0x4a, 0x0f, 0x58, 0x6a, 0x2d, 0x05, 0x02, 
	0x0d, 0x00, 0x0d, 0x0d, 0x0d, 0x35, 0x59, 0x2b, 
	0x36, 0x35, 0x6b, 0x6c, 0x6d, 0x04, 0x05, 0x30, 
	0x62, 0x0d, 0x62, 0x26, 0x6e, 0x11, 0x6e, 0x6f, 
	0x17, 0x3e, 0x3f, 0x0f, 0x38, 0x1b, 0x40, 0x0b, 
	0x01, 0x0d, 0x41, 0x0d, 0x0d, 0x03, 0x18, 0x0c, 
	0x70, 0x6f, 0x50, 0x4e, 0x06, 0x04, 0x62, 0x6d, 
	0x30, 0x02, 0x71, 0x27, 0x72, 0x0f, 0x73, 0x58, 
	0x74, 0x0b, 0x63, 0x46, 0x75, 0x74, 0x4a, 0x26, 
	0x76, 0x0b, 0x03, 0x09, 0x0d, 0x16, 0x77, 0x78, 
	0x79, 0x7a, 0x7b, 0x1b, 0x4e, 0x04, 0x30, 0x7c, 
	0x04, 0x7d, 0x7e, 0x65, 0x0f, 0x6d, 0x7d, 0x17, 
	0x17, 0x04, 0x04, 0x0c, 0x0c, 0x3f, 0x08, 0x77, 
	0x2d, 0x2d, 0x7f, 0x44, 0x80, 0x78, 0x49, 0x16, 
	0x39, 0x2c, 0x6a, 0x81, 0x76, 0x51, 0x05, 0x62, 
	0x6d, 0x17, 0x82, 0x80, 0x51, 0x30, 0x04, 0x63, 
	0x38, 0x30, 0x46, 0x17, 0x0c, 0x83, 0x0d, 0x84, 
	0x0d, 0x18, 0x0d, 0x0d, 0x85, 0x16, 0x0a, 0x18, 
	0x03, 0x0d, 0x0b, 0x35, 0x40, 0x86, 0x62, 0x6d, 
	0x0b, 0x04, 0x84, 0x30, 0x6d, 0x87, 0x24, 0x0b, 
	0x0b, 0x17, 0x46, 0x0b, 0x75, 0x16, 0x88, 0x08, 
	0x2b, 0x18, 0x18, 0x49, 0x85, 0x0a, 0x03, 0x2b, 
	0x0c, 0x03, 0x05, 0x18, 0x44, 0x51, 0x62, 0x17, 
	0x17, 0x55, 0x6b, 0x89, 0x8a, 0x8b, 0x03, 0x05, 
	0x46, 0x0f, 0x0c, 0x03, 0x0c, 0x74, 0x0a, 0x08, 
	0x6b, 0x8c, 0x8d, 0x78, 0x25, 0x0c, 0x03, 0x0b, 
	0x03, 0x05, 0x03, 0x0a, 0x8e, 0x02, 0x0e, 0x0b, 
	0x8f, 0x1e, 0x1b, 0x6d, 0x1b, 0x46, 0x46, 0x24, 
	0x0b, 0x0b, 0x0b, 0x3f, 0x90, 0x0b, 0x20, 0x08, 
	0x26, 0x0d, 0x00, 0x0c, 0x3f, 0x0c, 0x03, 0x02, 
	0x91, 0x03, 0x0a, 0x2b, 0x49, 0x26, 0x41, 0x04, 
	0x3b, 0x65, 0x7d, 0x7d, 0x6d, 0x24, 0x30, 0x30, 
	0x63, 0x83, 0x0f, 0x66, 0x92, 0x20, 0x08, 0x40, 
	0x09, 0x4e, 0x03, 0x24, 0x0c, 0x16, 0x16, 0x0b, 
	0x16, 0x16, 0x0a, 0x16, 0x00, 0x22, 0x93, 0x4a, 
	0x6b, 0x94, 0x7e, 0x71, 0x46, 0x02, 0x63, 0x95, 
	0x62, 0x96, 0x92, 0x29, 0x6f, 0x21, 0x44, 0x00, 
	0x44, 0x34, 0x1b, 0x03, 0x46, 0x0c, 0x46, 0x0b, 
	0x18, 0x18, 0x0b, 0x16, 0x97, 0x3d, 0x98, 0x00, 
	0x0a, 0x44, 0x22, 0x99, 0x99, 0x7d, 0x9a, 0x7e, 
	0x92, 0x68, 0x77, 0x0a, 0x1b, 0x34, 0x9b, 0x9c, 
	0x10, 0x0d, 0x09, 0x34, 0x00, 0x30, 0x24, 0x24, 
	0x46, 0x2c, 0x17, 0x0a, 0x9d, 0x70, 0x5b, 0x7d, 
	0x04, 0x97, 0x1e, 0x9e, 0x9f, 0x2d, 0x29, 0x11, 
	0x50, 0x09, 0x34, 0x44, 0x24, 0x79, 0x4c, 0xa0, 
	0x6f, 0x15, 0x03, 0x02, 0x62, 0x05, 0x05, 0x0b, 
	0x0b, 0x2b, 0x2c, 0x53, 0x70, 0x41, 0x05, 0x4e, 
	0x30, 0x0b, 0x2a, 0xa1, 0xa2, 0x11, 0x65, 0x4f, 
	0x54, 0x0b, 0xa3, 0x0d, 0xa3, 0x61, 0x34, 0x79, 
	0x03, 0x1e, 0x49, 0x17, 0x0c, 0x05, 0x03, 0x0c, 
	0x05, 0x47, 0x2b, 0x4f, 0x41, 0x1b, 0x30, 0x03, 
	0x30, 0x30, 0x8d, 0x1e, 0x6b, 0x00, 0x88, 0x18, 
	0x3b, 0x0d, 0x18, 0x0c, 0x0d, 0x87, 0x03, 0x2b, 
	0x0c, 0x03, 0x6b, 0x40, 0x17, 0x24, 0x04, 0x0c, 
	0x16, 0x16, 0x4f, 0x18, 0x24, 0x26, 0x06, 0x09, 
	0x30, 0x87, 0x3b, 0x26, 0x4f, 0xa4, 0x24, 0x02, 
	0x47, 0x2b, 0x0c, 0x16, 0x18, 0x64, 0x02, 0x0d, 
	0x0b, 0x0b, 0x0b, 0x6b, 0x40, 0x3e, 0x17, 0x4f, 
	0x4f, 0x2b, 0x4f, 0x60, 0x2b, 0x15, 0x24, 0x02, 
	0xa5, 0x9a, 0x8d, 0x55, 0xa6, 0x16, 0x0d, 0x03, 
	0x2f, 0x0b, 0x0d, 0x2b, 0x2b, 0x2b, 0xa7, 0x0b, 
	0x03, 0x0c, 0x0d, 0xa8, 0x2d, 0x6c, 0x17, 0x3a, 
	0x18, 0x16, 0x18, 0x53, 0x70, 0x5a, 0x02, 0x9e, 
	0xa9, 0x8a, 0x8d, 0x80, 0x2b, 0x03, 0x0c, 0x0c, 
	0x03, 0x03, 0x47, 0x0d, 0x36, 0x2b, 0x3c, 0x03, 
	0x1b, 0x57, 0x8c, 0x01, 0x4a, 0x77, 0xa6, 0x16, 
	0x2b, 0x0a, 0x16, 0x0a, 0x35, 0x5a, 0x3b, 0x8b, 
	0x76, 0xaa, 0xab, 0x49, 0x00, 0x05, 0x35, 0x0d, 
	0x03, 0x36, 0x16, 0x2b, 0x34, 0x03, 0x2b, 0x35, 
	0x78, 0xac, 0xad, 0xae, 0x6c, 0xaf, 0xa8, 0x6a, 
	0x18, 0x16, 0x0d, 0x00, 0x97, 0x22, 0x04, 0x30, 
	0x7e, 0x96, 0x6d, 0x1b, 0x34, 0x18, 0x64, 0xb0, 
	0x61, 0x59, 0x0d, 0x03, 0x2b, 0xb1, 0x39, 0x15, 
	0xb2, 0xb3, 0xab, 0x82, 0x25, 0x40, 0xa8, 0x34, 
	0xa6, 0xb4, 0xa6, 0x0d, 0x44, 0x44, 0x54, 0x3b, 
	0xb5, 0xb6, 0xb7, 0x7f, 0x1b, 0x16, 0x16, 0xb8, 
	0x64, 0x03, 0x0d, 0x30, 0x0a, 0x25, 0x84, 0x6f, 
	0x23, 0x8a, 0x8a, 0x5f, 0xab, 0x79, 0x7f, 0x8c, 
	0x26, 0xaf, 0x78, 0x27, 0x82, 0x82, 0xa3, 0x03, 
	0xb9, 0x9f, 0x2a, 0x25, 0x25, 0xb0, 0x4f, 0x59, 
	0x2b, 0x16, 0x03, 0x0a, 0x00, 0x82, 0x8d, 0x46, 
	0x02, 0x06, 0x23, 0x25, 0x0b, 0xba, 0xbb, 0x82, 
	0x2d, 0x4a, 0x6f, 0x79, 0x00, 0x25, 0x6f, 0xaf, 
	0x5f, 0x8e, 0x16, 0x6a, 0x1b, 0x26, 0x43, 0x59, 
	0x0d, 0x59, 0x0a, 0x79, 0xbc, 0x0d, 0x3e, 0x06, 
	0x09, 0x4e, 0x09, 0x0d, 0x59, 0x18, 0x2c, 0x2f, 
	0x00, 0x72, 0x35, 0x0a, 0x00, 0x62, 0x2b, 0x3d, 
	0x5a, 0x58, 0x16, 0x0c, 0xa6, 0xbd, 0x87, 0x4f, 
	0xb0, 0x52, 0x78, 0x33, 0x0c, 0x53, 0x24, 0x09, 
	0x0d, 0x0d, 0x02, 0x03, 0x03, 0x16, 0x4f, 0x46, 
	0xa8, 0x94, 0x80, 0x4f, 0x0d, 0x00, 0x0b, 0x70, 
	0x1b, 0x0c, 0x0c, 0x59, 0xb8, 0x35, 0x9b, 0x4d, 
	0x41, 0x27, 0x77, 0x74, 0x6a, 0x75, 0x0c, 0x0d, 
	
};

Gfx wf_dl_wf_rock_pal_rgba16_aligner[] = {gsSPEndDisplayList()};
u8 wf_dl_wf_rock_pal_rgba16[] = {
	0x9c, 0xa5, 0x94, 0x61, 0xac, 0xa5, 0xac, 0xe7, 
	0xbd, 0x27, 0xb5, 0x27, 0xac, 0xe5, 0x6b, 0x19, 
	0x5a, 0x53, 0x9c, 0xa3, 0xc5, 0xaf, 0xbd, 0x6b, 
	0xb5, 0x29, 0xa4, 0xa5, 0xcd, 0xed, 0xc5, 0xab, 
	0x41, 0x8d, 0x10, 0x43, 0x39, 0x47, 0x83, 0x15, 
	0xbc, 0xe5, 0x83, 0x5b, 0xb5, 0x2b, 0xc5, 0xad, 
	0xbd, 0x6d, 0x84, 0x23, 0x6b, 0x17, 0x94, 0x1f, 
	0x72, 0xd5, 0x08, 0x01, 0x4a, 0x0f, 0x51, 0xcf, 
	0x31, 0x09, 0x31, 0x49, 0x6a, 0x93, 0x94, 0x5f, 
	0xb4, 0xe7, 0x8b, 0xdf, 0x8b, 0xdd, 0x5a, 0x51, 
	0x49, 0x8b, 0x18, 0x85, 0x52, 0x53, 0xac, 0xe9, 
	0xbd, 0xaf, 0x52, 0x0f, 0x73, 0x59, 0xad, 0x29, 
	0xb4, 0xe5, 0xc5, 0xf5, 0x6a, 0xd9, 0x39, 0x8b, 
	0x94, 0x63, 0xa4, 0xa7, 0xa4, 0xe7, 0x9c, 0x65, 
	0xcd, 0xaf, 0xce, 0x35, 0xb5, 0x2d, 0xac, 0xa3, 
	0xad, 0x2b, 0x5a, 0x95, 0xd6, 0x31, 0xcd, 0xef, 
	0x73, 0x17, 0x94, 0x21, 0x93, 0xe1, 0xb5, 0x6f, 
	0x6a, 0xd7, 0x94, 0x1b, 0xbd, 0x29, 0xbd, 0xad, 
	0xc5, 0xb3, 0x83, 0x9b, 0x49, 0xcd, 0xd6, 0x77, 
	0x94, 0xa5, 0x7b, 0x57, 0xa4, 0xa3, 0xb5, 0x6d, 
	0x4a, 0x11, 0xcd, 0xab, 0xc5, 0xef, 0xce, 0x33, 
	0xe6, 0xf7, 0x8b, 0x9b, 0x28, 0xc7, 0x7b, 0x19, 
	0xde, 0x73, 0xac, 0xa7, 0x83, 0x9d, 0xd5, 0xef, 
	0xde, 0xb5, 0x83, 0x19, 0x20, 0x43, 0x8b, 0xdb, 
	0xd6, 0x35, 0xb4, 0xe9, 0xbd, 0x69, 0xc5, 0x6b, 
	0xbd, 0x6f, 0x41, 0xcf, 0x8b, 0x99, 0x7a, 0xd5, 
	0x39, 0x49, 0x10, 0x01, 0xcd, 0xf3, 0x52, 0x11, 
	0x7b, 0x17, 0xbd, 0x25, 0x20, 0xc7, 0x62, 0x95, 
	0x94, 0x65, 0xc5, 0x67, 0x7b, 0x9d, 0xd6, 0x2f, 
	0xcd, 0xf1, 0xbd, 0x2b, 0x93, 0xdd, 0x6a, 0xd5, 
	0x62, 0x93, 0x7b, 0x5b, 0x94, 0x23, 0xac, 0xeb, 
	0xb5, 0x25, 0xc5, 0x69, 0x93, 0xdb, 0x5a, 0x93, 
	0x73, 0x19, 0x8c, 0x23, 0x62, 0xd5, 0xd6, 0x33, 
	0x52, 0x51, 0x8c, 0x21, 0xd5, 0xeb, 0x9c, 0x63, 
	0xde, 0xb7, 0xc5, 0x25, 0xa4, 0xa1, 0x9c, 0x5f, 
	0x7b, 0x59, 0x9c, 0x61, 0x73, 0x5b, 0xc5, 0xa9, 
	0xd6, 0x73, 0xad, 0x27, 0x29, 0x07, 0x49, 0xcf, 
	0x52, 0x55, 0xde, 0x31, 0x83, 0x59, 0x8b, 0xe1, 
	0x83, 0xe1, 0xcd, 0xad, 0xb4, 0xa5, 0x41, 0x8b, 
	0x62, 0x53, 0xa4, 0xeb, 0x9c, 0x1d, 0x7b, 0x15, 
	0x29, 0x09, 0x20, 0x85, 0x10, 0x03, 0x93, 0xdf, 
	0xe6, 0xb7, 0xa4, 0x9f, 0xc5, 0xf1, 0xb5, 0x71, 
	0x8b, 0x9d, 0xa4, 0x5f, 0x93, 0x9b, 0x94, 0x1d, 
	0x6b, 0x15, 0x62, 0xd1, 0x41, 0x49, 0x6a, 0x95, 
	0xb5, 0x6b, 0xc5, 0xb1, 0x8b, 0xd9, 0x9c, 0x9f, 
	0xde, 0x77, 0x6a, 0x91, 0xa4, 0x61, 0xb4, 0xa3, 
	0xbd, 0xb1, 0xac, 0x9f, 0xa4, 0xe5, 0x83, 0xdd, 
	0x31, 0x4b, 0x62, 0x91, 
};

Gfx wf_dl_widefancycarpet_ci4_aligner[] = {gsSPEndDisplayList()};
u8 wf_dl_widefancycarpet_ci4[] = {
	0x00, 0x12, 0x33, 0x30, 0x30, 0x33, 0x30, 0x33, 
	0x33, 0x33, 0x30, 0x33, 0x33, 0x33, 0x30, 0x00, 
	0x00, 0x30, 0x33, 0x30, 0x30, 0x33, 0x30, 0x33, 
	0x33, 0x33, 0x30, 0x33, 0x33, 0x33, 0x42, 0x00, 
	0x30, 0x21, 0x33, 0x03, 0x33, 0x33, 0x33, 0x30, 
	0x03, 0x30, 0x33, 0x33, 0x30, 0x30, 0x30, 0x33, 
	0x30, 0x03, 0x33, 0x03, 0x33, 0x33, 0x33, 0x30, 
	0x03, 0x30, 0x33, 0x33, 0x30, 0x30, 0x42, 0x33, 
	0x33, 0x24, 0x33, 0x33, 0x30, 0x30, 0x33, 0x30, 
	0x33, 0x33, 0x33, 0x33, 0x33, 0x33, 0x33, 0x00, 
	0x33, 0x03, 0x33, 0x33, 0x30, 0x30, 0x33, 0x30, 
	0x33, 0x33, 0x33, 0x33, 0x33, 0x33, 0x14, 0x00, 
	0x03, 0x21, 0x30, 0x03, 0x00, 0x03, 0x33, 0x30, 
	0x03, 0x33, 0x30, 0x30, 0x33, 0x00, 0x30, 0x33, 
	0x03, 0x03, 0x30, 0x03, 0x00, 0x03, 0x33, 0x30, 
	0x03, 0x33, 0x30, 0x30, 0x33, 0x00, 0x42, 0x33, 
	0x33, 0x14, 0x33, 0x00, 0x33, 0x30, 0x03, 0x03, 
	0x00, 0x33, 0x00, 0x00, 0x03, 0x03, 0x03, 0x33, 
	0x33, 0x33, 0x33, 0x00, 0x33, 0x30, 0x03, 0x03, 
	0x00, 0x33, 0x00, 0x00, 0x03, 0x03, 0x24, 0x33, 
	0x30, 0x24, 0x30, 0x33, 0x33, 0x33, 0x30, 0x33, 
	0x03, 0x00, 0x30, 0x33, 0x00, 0x33, 0x33, 0x03, 
	0x30, 0x03, 0x30, 0x33, 0x33, 0x33, 0x30, 0x33, 
	0x03, 0x00, 0x30, 0x33, 0x00, 0x33, 0x44, 0x03, 
	0x33, 0x14, 0x30, 0x33, 0x00, 0x33, 0x33, 0x03, 
	0x33, 0x30, 0x30, 0x00, 0x30, 0x03, 0x03, 0x30, 
	0x33, 0x33, 0x30, 0x33, 0x00, 0x33, 0x33, 0x03, 
	0x33, 0x30, 0x30, 0x00, 0x30, 0x03, 0x21, 0x30, 
	0x33, 0x11, 0x30, 0x33, 0x33, 0x30, 0x33, 0x00, 
	0x33, 0x33, 0x03, 0x33, 0x03, 0x00, 0x03, 0x33, 
	0x33, 0x33, 0x30, 0x33, 0x33, 0x30, 0x33, 0x00, 
	0x33, 0x33, 0x03, 0x33, 0x03, 0x00, 0x24, 0x33, 
	0x33, 0x41, 0x30, 0x33, 0x00, 0x33, 0x00, 0x33, 
	0x03, 0x00, 0x30, 0x30, 0x03, 0x33, 0x03, 0x33, 
	0x33, 0x33, 0x30, 0x33, 0x00, 0x33, 0x00, 0x33, 
	0x03, 0x00, 0x30, 0x30, 0x03, 0x33, 0x21, 0x33, 
	0x30, 0x44, 0x00, 0x00, 0x00, 0x00, 0x33, 0x33, 
	0x33, 0x03, 0x03, 0x33, 0x00, 0x33, 0x30, 0x30, 
	0x30, 0x33, 0x00, 0x00, 0x00, 0x00, 0x33, 0x33, 
	0x33, 0x03, 0x03, 0x33, 0x00, 0x33, 0x12, 0x30, 
	0x33, 0x22, 0x30, 0x33, 0x03, 0x30, 0x33, 0x33, 
	0x30, 0x30, 0x30, 0x33, 0x30, 0x33, 0x03, 0x30, 
	0x33, 0x00, 0x30, 0x33, 0x03, 0x30, 0x33, 0x33, 
	0x30, 0x30, 0x30, 0x33, 0x30, 0x33, 0x21, 0x30, 
	0x30, 0x14, 0x33, 0x03, 0x33, 0x33, 0x33, 0x30, 
	0x03, 0x03, 0x30, 0x33, 0x30, 0x33, 0x03, 0x33, 
	0x30, 0x33, 0x33, 0x03, 0x33, 0x33, 0x33, 0x30, 
	0x03, 0x03, 0x30, 0x33, 0x30, 0x33, 0x21, 0x33, 
	0x03, 0x11, 0x33, 0x30, 0x33, 0x33, 0x30, 0x33, 
	0x33, 0x03, 0x33, 0x03, 0x33, 0x30, 0x30, 0x03, 
	0x03, 0x33, 0x33, 0x30, 0x33, 0x33, 0x30, 0x33, 
	0x33, 0x03, 0x33, 0x03, 0x33, 0x30, 0x12, 0x03, 
	0x00, 0x12, 0x33, 0x03, 0x00, 0x00, 0x33, 0x33, 
	0x03, 0x33, 0x03, 0x30, 0x00, 0x33, 0x33, 0x33, 
	0x00, 0x30, 0x33, 0x03, 0x00, 0x00, 0x33, 0x33, 
	0x03, 0x33, 0x03, 0x30, 0x00, 0x33, 0x11, 0x33, 
	0x00, 0x12, 0x03, 0x33, 0x30, 0x33, 0x30, 0x03, 
	0x30, 0x33, 0x33, 0x00, 0x30, 0x00, 0x30, 0x33, 
	0x00, 0x30, 0x03, 0x33, 0x30, 0x33, 0x30, 0x03, 
	0x30, 0x33, 0x33, 0x00, 0x30, 0x00, 0x42, 0x33, 
	0x33, 0x12, 0x33, 0x03, 0x00, 0x00, 0x33, 0x33, 
	0x33, 0x03, 0x33, 0x30, 0x33, 0x03, 0x33, 0x33, 
	0x33, 0x30, 0x33, 0x03, 0x00, 0x00, 0x33, 0x33, 
	0x33, 0x03, 0x33, 0x30, 0x33, 0x03, 0x44, 0x33, 
	0x33, 0x11, 0x33, 0x33, 0x30, 0x33, 0x30, 0x30, 
	0x30, 0x03, 0x00, 0x33, 0x30, 0x30, 0x33, 0x33, 
	0x33, 0x33, 0x33, 0x33, 0x30, 0x33, 0x30, 0x30, 
	0x30, 0x03, 0x00, 0x33, 0x30, 0x30, 0x11, 0x33, 
	0x33, 0x14, 0x03, 0x03, 0x30, 0x33, 0x00, 0x33, 
	0x00, 0x00, 0x33, 0x33, 0x33, 0x03, 0x00, 0x03, 
	0x33, 0x33, 0x03, 0x03, 0x30, 0x33, 0x00, 0x33, 
	0x00, 0x00, 0x33, 0x33, 0x33, 0x03, 0x22, 0x03, 
	0x03, 0x44, 0x30, 0x33, 0x33, 0x33, 0x30, 0x03, 
	0x33, 0x03, 0x00, 0x33, 0x03, 0x00, 0x33, 0x03, 
	0x03, 0x33, 0x30, 0x33, 0x33, 0x33, 0x30, 0x03, 
	0x33, 0x03, 0x00, 0x33, 0x03, 0x00, 0x14, 0x03, 
	0x33, 0x24, 0x03, 0x30, 0x00, 0x03, 0x33, 0x03, 
	0x33, 0x30, 0x33, 0x03, 0x33, 0x00, 0x03, 0x30, 
	0x33, 0x03, 0x03, 0x30, 0x00, 0x03, 0x33, 0x03, 
	0x33, 0x30, 0x33, 0x03, 0x33, 0x00, 0x21, 0x30, 
	0x33, 0x44, 0x33, 0x33, 0x33, 0x03, 0x03, 0x30, 
	0x30, 0x03, 0x30, 0x33, 0x03, 0x30, 0x33, 0x33, 
	0x33, 0x33, 0x33, 0x33, 0x33, 0x03, 0x03, 0x30, 
	0x30, 0x03, 0x30, 0x33, 0x03, 0x30, 0x11, 0x33, 
	0x03, 0x42, 0x33, 0x00, 0x33, 0x03, 0x33, 0x33, 
	0x03, 0x03, 0x30, 0x00, 0x30, 0x33, 0x33, 0x03, 
	0x03, 0x30, 0x33, 0x00, 0x33, 0x03, 0x33, 0x33, 
	0x03, 0x03, 0x30, 0x00, 0x30, 0x33, 0x11, 0x03, 
	0x00, 0x41, 0x03, 0x33, 0x33, 0x33, 0x03, 0x30, 
	0x00, 0x30, 0x30, 0x33, 0x33, 0x03, 0x03, 0x30, 
	0x00, 0x33, 0x03, 0x33, 0x33, 0x33, 0x03, 0x30, 
	0x00, 0x30, 0x30, 0x33, 0x33, 0x03, 0x21, 0x30, 
	0x30, 0x14, 0x03, 0x33, 0x33, 0x03, 0x33, 0x33, 
	0x30, 0x33, 0x30, 0x30, 0x03, 0x00, 0x30, 0x00, 
	0x30, 0x33, 0x03, 0x33, 0x33, 0x03, 0x33, 0x33, 
	0x30, 0x33, 0x30, 0x30, 0x03, 0x00, 0x12, 0x00, 
	0x30, 0x21, 0x30, 0x30, 0x00, 0x33, 0x00, 0x00, 
	0x00, 0x30, 0x30, 0x03, 0x30, 0x03, 0x33, 0x03, 
	0x30, 0x03, 0x30, 0x30, 0x00, 0x33, 0x00, 0x00, 
	0x00, 0x30, 0x30, 0x03, 0x30, 0x03, 0x11, 0x03, 
	0x30, 0x22, 0x03, 0x33, 0x30, 0x00, 0x30, 0x30, 
	0x30, 0x33, 0x03, 0x30, 0x00, 0x30, 0x03, 0x30, 
	0x30, 0x00, 0x03, 0x33, 0x30, 0x00, 0x30, 0x30, 
	0x30, 0x33, 0x03, 0x30, 0x00, 0x30, 0x21, 0x30, 
	0x03, 0x42, 0x30, 0x33, 0x30, 0x30, 0x33, 0x03, 
	0x30, 0x30, 0x33, 0x33, 0x30, 0x03, 0x33, 0x30, 
	0x03, 0x30, 0x30, 0x33, 0x30, 0x30, 0x33, 0x03, 
	0x30, 0x30, 0x33, 0x33, 0x30, 0x03, 0x11, 0x30, 
	0x03, 0x11, 0x33, 0x33, 0x30, 0x03, 0x03, 0x33, 
	0x33, 0x03, 0x00, 0x33, 0x30, 0x33, 0x00, 0x33, 
	0x03, 0x33, 0x33, 0x33, 0x30, 0x03, 0x03, 0x33, 
	0x33, 0x03, 0x00, 0x33, 0x30, 0x33, 0x22, 0x33, 
	0x03, 0x14, 0x33, 0x33, 0x30, 0x33, 0x03, 0x03, 
	0x33, 0x03, 0x33, 0x03, 0x33, 0x30, 0x33, 0x03, 
	0x03, 0x33, 0x33, 0x33, 0x30, 0x33, 0x03, 0x03, 
	0x33, 0x03, 0x33, 0x03, 0x33, 0x30, 0x11, 0x03, 
	0x00, 0x12, 0x03, 0x33, 0x33, 0x30, 0x00, 0x00, 
	0x03, 0x30, 0x03, 0x33, 0x30, 0x30, 0x33, 0x33, 
	0x00, 0x30, 0x03, 0x33, 0x33, 0x30, 0x00, 0x00, 
	0x03, 0x30, 0x03, 0x33, 0x30, 0x30, 0x41, 0x33, 
	0x30, 0x44, 0x03, 0x33, 0x03, 0x03, 0x33, 0x33, 
	0x33, 0x30, 0x33, 0x33, 0x00, 0x00, 0x30, 0x30, 
	0x30, 0x33, 0x03, 0x33, 0x03, 0x03, 0x33, 0x33, 
	0x33, 0x30, 0x33, 0x33, 0x00, 0x00, 0x42, 0x30, 
	0x33, 0x22, 0x33, 0x00, 0x03, 0x30, 0x03, 0x33, 
	0x03, 0x03, 0x33, 0x33, 0x00, 0x30, 0x33, 0x33, 
	0x33, 0x00, 0x33, 0x00, 0x03, 0x30, 0x03, 0x33, 
	0x03, 0x03, 0x33, 0x33, 0x00, 0x30, 0x11, 0x33, 
	
};

Gfx wf_dl_widefancycarpet_pal_rgba16_aligner[] = {gsSPEndDisplayList()};
u8 wf_dl_widefancycarpet_pal_rgba16[] = {
	0xa0, 0x01, 0xcc, 0x81, 0xdc, 0xc1, 0x90, 0x01, 
	0xd4, 0x81, 
};

Gfx wf_dl_fences_rgba16_aligner[] = {gsSPEndDisplayList()};
u8 wf_dl_fences_rgba16[] = {
	0xf7, 0xbc, 0xf7, 0xbc, 0xf7, 0xbc, 0xf7, 0xbc, 
	0xf7, 0xbc, 0xf7, 0xbc, 0xf7, 0xbc, 0xf7, 0xbc, 
	0xf7, 0xbc, 0xf7, 0xbc, 0xf7, 0xbc, 0xf7, 0xbc, 
	0xf7, 0xbc, 0xf7, 0xbc, 0xf7, 0xbc, 0xf7, 0xbc, 
	0xf7, 0xbc, 0xf7, 0xbc, 0xf7, 0xbc, 0xf7, 0xbc, 
	0xf7, 0xbc, 0xf7, 0xbc, 0xf7, 0xbc, 0xf7, 0xbc, 
	0xf7, 0xbc, 0xf7, 0xbc, 0xf7, 0xbc, 0xf7, 0xbc, 
	0xf7, 0xbc, 0xf7, 0xbc, 0xf7, 0xbc, 0xf7, 0xbc, 
	0xf7, 0xbc, 0xf7, 0xbc, 0xf7, 0xbc, 0xf7, 0xbc, 
	0xf7, 0xbc, 0xf7, 0xbc, 0xf7, 0xbc, 0xf7, 0xbc, 
	0xf7, 0xbc, 0xf7, 0xbc, 0xf7, 0xbc, 0xf7, 0x9e, 
	0xf7, 0x9e, 0xf7, 0x9e, 0xf7, 0x9c, 0xf7, 0x9e, 
	0xf7, 0x9e, 0xf7, 0x9e, 0xf7, 0x9e, 0xf7, 0x9e, 
	0xf7, 0x9e, 0xf7, 0x9e, 0xf7, 0xbc, 0xf7, 0xbc, 
	0xf7, 0xbc, 0xf7, 0xbc, 0xf7, 0xbc, 0xf7, 0xbc, 
	0xf7, 0xbc, 0xf7, 0xbc, 0xf7, 0xbc, 0xf7, 0xbc, 
	0xf7, 0xbc, 0xf7, 0xbc, 0xf7, 0xbc, 0xf7, 0xbc, 
	0xf7, 0xbc, 0xf7, 0xbc, 0xf7, 0xbc, 0xf7, 0xbc, 
	0xf7, 0xbc, 0xf7, 0xbc, 0xf6, 0xde, 0xf7, 0x9a, 
	0xf7, 0x9e, 0xf7, 0x9c, 0xf7, 0x9c, 0xf7, 0x9e, 
	0xf7, 0x9e, 0xf7, 0x9e, 0xf7, 0xa0, 0xf7, 0x9e, 
	0xf7, 0xa2, 0xf7, 0xa4, 0xf7, 0xa0, 0xf7, 0xbc, 
	0xf7, 0xbc, 0xf7, 0xbc, 0xf7, 0xbc, 0xf7, 0xbc, 
	0xf7, 0xbc, 0xf7, 0xbc, 0xf7, 0xbc, 0xf7, 0xbc, 
	0xf7, 0xbc, 0xf7, 0xbc, 0xf7, 0xbc, 0xf7, 0xbc, 
	0xf7, 0xbc, 0xf7, 0xbc, 0xf7, 0xbc, 0xf7, 0xbc, 
	0xf7, 0xbc, 0xf7, 0x9c, 0xf6, 0x16, 0xf6, 0xd6, 
	0xf7, 0x61, 0xf7, 0x9b, 0xf7, 0x9d, 0xf7, 0x9f, 
	0xf7, 0x9f, 0xf7, 0xa3, 0xf7, 0xa5, 0xf7, 0xab, 
	0xf7, 0xb3, 0xf7, 0xa4, 0xf7, 0xa4, 0xf7, 0xaa, 
	0xf7, 0xbc, 0xf7, 0xbc, 0xf7, 0xbc, 0xf7, 0xbc, 
	0xf7, 0xbc, 0xf7, 0xbc, 0xf7, 0xbc, 0xf7, 0xbc, 
	0xf7, 0xbc, 0xf7, 0xbc, 0xf7, 0xbc, 0xf7, 0xbc, 
	0xf7, 0xbc, 0xf7, 0xbc, 0xf7, 0xbc, 0xf7, 0xbc, 
	0xf7, 0xbc, 0xf7, 0x9e, 0xf6, 0x21, 0xf6, 0x97, 
	0xf7, 0x57, 0xf7, 0x99, 0xf7, 0x9b, 0xf7, 0x9d, 
	0xf7, 0xa1, 0xf7, 0xa3, 0xf7, 0xa5, 0xf7, 0xa7, 
	0xf7, 0xa9, 0xf7, 0xaf, 0xf7, 0xa8, 0xf7, 0xb0, 
	0xf7, 0xbc, 0xf7, 0xbc, 0xf7, 0xbc, 0xf7, 0xbc, 
	0xf7, 0xbc, 0xf7, 0xbc, 0xf7, 0xbc, 0xf7, 0xbc, 
	0xf7, 0xbc, 0xf7, 0xbc, 0xf7, 0xbc, 0xf7, 0xbc, 
	0xf7, 0xbc, 0xf7, 0xbc, 0xf7, 0xbc, 0xf7, 0xbc, 
	0xf7, 0xbc, 0x93, 0x0f, 0xe5, 0x5f, 0xf6, 0xdd, 
	0xf7, 0x1d, 0xf7, 0x9d, 0xf7, 0x9d, 0xf7, 0x9d, 
	0xf7, 0x9f, 0xf7, 0xa3, 0xf7, 0xa5, 0xf7, 0xa9, 
	0xf7, 0xab, 0xf7, 0xaf, 0xf6, 0xa1, 0xf6, 0xe4, 
	0xf7, 0xbc, 0xf7, 0xbc, 0xf7, 0xbc, 0xf7, 0xbc, 
	0xf7, 0xbc, 0xf7, 0xbc, 0xf7, 0xbc, 0xf7, 0xbc, 
	0xf7, 0xbc, 0xf7, 0xbc, 0xf7, 0xbc, 0xf7, 0xbc, 
	0xf7, 0xbc, 0xf7, 0xbc, 0xf7, 0xbc, 0xf7, 0xbc, 
	0x6a, 0x0c, 0x92, 0xcf, 0x93, 0x0f, 0xbc, 0x53, 
	0xdc, 0xd5, 0xf6, 0x59, 0xf6, 0xdd, 0xf7, 0x1f, 
	0xf7, 0xa3, 0xf7, 0xa7, 0xf7, 0xa9, 0xf7, 0xa5, 
	0xf5, 0x95, 0xe5, 0x11, 0xf5, 0x95, 0xf6, 0x1a, 
	0xf7, 0xbc, 0xf7, 0xbc, 0xf7, 0xbc, 0xf7, 0xbc, 
	0xf7, 0xbc, 0xf7, 0xbc, 0xf7, 0xbc, 0xf7, 0xbc, 
	0xf7, 0xbc, 0xf7, 0xbc, 0xf7, 0xbc, 0xf7, 0xbc, 
	0xf7, 0xbc, 0xf7, 0xbc, 0xf7, 0xbc, 0xf7, 0xbc, 
	0x6a, 0x0c, 0x93, 0x11, 0x93, 0x0f, 0x93, 0x0f, 
	0x9b, 0x4f, 0xbc, 0x13, 0xdc, 0x91, 0xf5, 0x51, 
	0xf5, 0x4f, 0xf5, 0x4f, 0xed, 0x0f, 0xdc, 0xd3, 
	0xe5, 0x17, 0xe5, 0x59, 0xed, 0xdd, 0xf6, 0x1e, 
	0xf7, 0xbc, 0xf7, 0xbc, 0xf7, 0xbc, 0xf7, 0xbc, 
	0xf7, 0xbc, 0xf7, 0xbc, 0xf7, 0xbc, 0xf7, 0xbc, 
	0xf7, 0xbc, 0xf7, 0xbc, 0xf7, 0xbc, 0xf7, 0xbc, 
	0xf7, 0xbc, 0xf7, 0xbc, 0xf7, 0xbc, 0xf7, 0xbc, 
	0x6a, 0x0c, 0x93, 0x11, 0x92, 0xcf, 0x93, 0x0f, 
	0x9b, 0x4f, 0xa3, 0x4f, 0xab, 0x8d, 0xc4, 0x4d, 
	0xcc, 0x8d, 0xd4, 0x91, 0xd4, 0xd3, 0xdc, 0xd5, 
	0xe5, 0x19, 0xdd, 0x19, 0xe5, 0x9d, 0xe5, 0x9e, 
	0xed, 0xe2, 0xf7, 0xbc, 0xf7, 0xbc, 0xf7, 0xbc, 
	0xf7, 0xbc, 0xf7, 0xbc, 0xf7, 0xbc, 0xf7, 0xbc, 
	0xf7, 0xbc, 0xf7, 0xbc, 0xf7, 0xbc, 0xf7, 0xbc, 
	0xf7, 0xbc, 0xf7, 0xbc, 0xf7, 0xbc, 0xf7, 0xbc, 
	0x6a, 0x0c, 0x7a, 0x4d, 0x93, 0x0f, 0x93, 0x0f, 
	0xa3, 0x4d, 0xb3, 0xcf, 0xc4, 0x0d, 0xcc, 0x8f, 
	0xcc, 0x8f, 0xcc, 0x8f, 0xd4, 0x93, 0xdc, 0xd7, 
	0xdd, 0x19, 0xdd, 0x19, 0xdd, 0x5b, 0xe5, 0xa0, 
	0xe5, 0xe2, 0xf7, 0xbc, 0xf7, 0xbc, 0xf7, 0xbc, 
	0xf7, 0xbc, 0xf7, 0xbc, 0xf7, 0xbc, 0xf7, 0xbc, 
	0xf7, 0xbc, 0xf7, 0xbc, 0xf7, 0xbc, 0xf7, 0xbc, 
	0xf7, 0xbc, 0xf7, 0xbc, 0xf7, 0xbc, 0xf7, 0xbc, 
	0x6a, 0x0c, 0x7a, 0x8f, 0x8a, 0x8d, 0x92, 0xcd, 
	0xa3, 0x8f, 0xbc, 0x0f, 0xcc, 0x4d, 0xc4, 0x0d, 
	0xc4, 0x4d, 0xd4, 0x91, 0xd4, 0x93, 0xd4, 0xd5, 
	0xd4, 0xd5, 0xd4, 0xd7, 0xdd, 0x19, 0xdd, 0x9e, 
	0xe5, 0xe2, 0xf7, 0xbc, 0xf7, 0xbc, 0xf7, 0xbc, 
	0xf7, 0xbc, 0xf7, 0xbc, 0xf7, 0xbc, 0xf7, 0xbc, 
	0xf7, 0xbc, 0xf7, 0xbc, 0xf7, 0xbc, 0xf7, 0xbc, 
	0xf7, 0xbc, 0xf7, 0xbc, 0xf7, 0xbc, 0xf7, 0xbc, 
	0x6a, 0x0c, 0x6a, 0x0d, 0x82, 0x4d, 0x92, 0xcd, 
	0xa3, 0x4d, 0xb3, 0xcd, 0xbc, 0x0d, 0xcc, 0x4d, 
	0xd4, 0x4d, 0xd4, 0x91, 0xd4, 0x91, 0xd4, 0x93, 
	0xd4, 0x95, 0xd4, 0xd7, 0xd5, 0x19, 0xe5, 0xe2, 
	0xe5, 0xe2, 0xf7, 0xbc, 0xf7, 0xbc, 0xf7, 0xbc, 
	0xf7, 0xbc, 0xf7, 0xbc, 0xf7, 0xbc, 0xf7, 0xbc, 
	0xf7, 0xbc, 0xf7, 0xbc, 0xf7, 0xbc, 0xf7, 0xbc, 
	0xf7, 0xbc, 0xf7, 0xbc, 0xf7, 0xbc, 0xf7, 0xbc, 
	0x6a, 0x0c, 0x72, 0x4d, 0x7a, 0x8d, 0x93, 0x0f, 
	0xa3, 0x4d, 0xb3, 0xcf, 0xcc, 0x4f, 0xc4, 0x0d, 
	0xdc, 0x91, 0xd4, 0x91, 0xd4, 0x4f, 0xd4, 0x91, 
	0xd4, 0xd5, 0xd4, 0x95, 0xd4, 0xd9, 0xdd, 0xa0, 
	0xe5, 0xa0, 0xf7, 0xbc, 0xf7, 0xbc, 0xf7, 0xbc, 
	0xf7, 0xbc, 0xf7, 0xbc, 0xf7, 0xbc, 0xf7, 0xbc, 
	0xf7, 0xbc, 0xf7, 0xbc, 0xf7, 0xbc, 0xf7, 0xbc, 
	0xf7, 0xbc, 0xf7, 0xbc, 0xf7, 0xbc, 0xf7, 0xbc, 
	0x6a, 0x0c, 0x7a, 0x8f, 0x82, 0x4d, 0x93, 0x0d, 
	0xa3, 0x4d, 0xbb, 0xcf, 0xc4, 0x0d, 0xd4, 0x8f, 
	0xd4, 0x8f, 0xdc, 0x8f, 0xe4, 0x8f, 0xdc, 0x91, 
	0xd4, 0x93, 0xd4, 0x95, 0xdd, 0x1b, 0xee, 0x24, 
	0xee, 0x24, 0xf7, 0xbc, 0xf7, 0xbc, 0xf7, 0xbc, 
	0xf7, 0xbc, 0xf7, 0xbc, 0xf7, 0xbc, 0xf7, 0xbc, 
	0xf7, 0xbc, 0xf7, 0xbc, 0xf7, 0xbc, 0xf7, 0xbc, 
	0xf7, 0xbc, 0xf7, 0xbc, 0xf7, 0xbc, 0xf7, 0xbc, 
	0x6a, 0x0c, 0x82, 0x8f, 0x8a, 0x8d, 0x93, 0x0d, 
	0xab, 0x8d, 0xb3, 0x8d, 0xbc, 0x0d, 0xc4, 0x0d, 
	0xdc, 0x8d, 0xdc, 0x8d, 0xe4, 0x8f, 0xe4, 0x8d, 
	0xd4, 0x91, 0xd4, 0x95, 0xd5, 0x1b, 0xe5, 0xa0, 
	0xe5, 0xe2, 0xe5, 0x9e, 0xe5, 0xe4, 0xf6, 0x5c, 
	0xf7, 0xbc, 0xf7, 0xbc, 0xf7, 0xbc, 0xf7, 0xbc, 
	0xf7, 0xbc, 0xf7, 0xbc, 0xf7, 0xbc, 0xf7, 0xbc, 
	0xf7, 0xbc, 0xf7, 0xbc, 0xf7, 0xbc, 0xf7, 0xbc, 
	0x6a, 0x0c, 0x7a, 0x4d, 0x8a, 0x8d, 0x93, 0x0f, 
	0xa3, 0x4d, 0xb3, 0xcf, 0xcc, 0x0d, 0xd4, 0x4d, 
	0xdc, 0x8d, 0xe4, 0x8d, 0xec, 0xcf, 0xe4, 0x8d, 
	0xd4, 0x8f, 0xd4, 0x95, 0xdd, 0x5d, 0xdd, 0x5c, 
	0xed, 0xda, 0xed, 0xda, 0xf6, 0x1a, 0xf6, 0x5a, 
	0xf6, 0xa2, 0xf6, 0xe4, 0xf7, 0xbc, 0xf7, 0xbc, 
	0xed, 0x4a, 0xed, 0x4a, 0xed, 0x4a, 0xed, 0x4a, 
	0xed, 0x4a, 0xed, 0x4a, 0xed, 0x4a, 0xf5, 0xd6, 
	0xa3, 0x8c, 0x6a, 0x0d, 0x8a, 0x8d, 0x9b, 0x0f, 
	0xb3, 0x8f, 0xc4, 0x0f, 0xd4, 0x8f, 0xe4, 0x91, 
	0xdc, 0x8d, 0xdc, 0x8d, 0xe4, 0x8f, 0xdc, 0x8d, 
	0xd4, 0x8f, 0xd4, 0x95, 0xdd, 0x1d, 0xed, 0xda, 
	0xed, 0x92, 0xf5, 0xd2, 0xf6, 0x16, 0xf6, 0x9e, 
	0xf6, 0xa0, 0xf6, 0xe4, 0xf6, 0x60, 0xf6, 0x5e, 
	0xed, 0x4d, 0xed, 0x4d, 0xed, 0x4b, 0xed, 0x4b, 
	0xed, 0x0b, 0xed, 0x0b, 0xed, 0x4b, 0xf5, 0x4d, 
	0xed, 0x4d, 0x7a, 0x8f, 0x82, 0x8d, 0x92, 0xcd, 
	0xa3, 0x4f, 0xa3, 0x4d, 0x52, 0x95, 0x84, 0x21, 
	0x9c, 0xe7, 0x94, 0xa5, 0xdc, 0x8d, 0xdc, 0x8d, 
	0xdc, 0x8f, 0xd4, 0x93, 0xdd, 0x1b, 0xed, 0x4b, 
	0xed, 0x4b, 0xf5, 0x8d, 0xf5, 0x8d, 0xf5, 0x4d, 
	0xed, 0x4d, 0xed, 0x4d, 0xed, 0x4d, 0xed, 0x4d, 
	0xf5, 0xcd, 0xf5, 0xcd, 0xf5, 0xcd, 0xf5, 0xcd, 
	0xf5, 0x8b, 0xf5, 0x8b, 0xed, 0x8b, 0xed, 0x4b, 
	0xdc, 0xcb, 0x82, 0x8d, 0x8a, 0x8d, 0x8a, 0xcd, 
	0x92, 0xcd, 0x29, 0x4b, 0x5a, 0xd7, 0xb5, 0xad, 
	0xf7, 0xbd, 0xc6, 0x31, 0x7b, 0xdf, 0xdc, 0x8f, 
	0xdc, 0x8d, 0xd4, 0x93, 0xdd, 0x1b, 0xed, 0x49, 
	0xed, 0x4b, 0xf5, 0xcb, 0xf5, 0xcd, 0xf5, 0xcd, 
	0xf5, 0xcd, 0xf5, 0xcd, 0xf5, 0xcd, 0xf5, 0xcd, 
	0xf5, 0xcb, 0xf5, 0xcb, 0xf5, 0xcb, 0xf5, 0xcb, 
	0xf5, 0xcb, 0xf5, 0x8b, 0xed, 0x4b, 0xd4, 0x8b, 
	0xbb, 0xc9, 0x82, 0x8d, 0x92, 0xcd, 0x8a, 0xcd, 
	0x82, 0x8d, 0x21, 0x09, 0x42, 0x11, 0xad, 0x6b, 
	0xf7, 0xbd, 0xce, 0x73, 0x5a, 0xd7, 0xdc, 0x8f, 
	0xdc, 0x8d, 0xd4, 0x91, 0xdd, 0x17, 0xe4, 0xcb, 
	0xe5, 0x0b, 0xed, 0x4b, 0xed, 0x8b, 0xf5, 0x8b, 
	0xf5, 0x8b, 0xf5, 0x8b, 0xf5, 0x8b, 0xf5, 0xcb, 
	0xdc, 0x8b, 0xdc, 0x8b, 0xdc, 0x8b, 0xdc, 0x8b, 
	0xdc, 0xcb, 0xdc, 0x8b, 0xcc, 0x8b, 0xbb, 0x89, 
	0xa2, 0x89, 0x7a, 0x8f, 0x92, 0xcd, 0x92, 0xcd, 
	0x82, 0x8d, 0x39, 0xcf, 0x29, 0x4b, 0x5a, 0xd7, 
	0x94, 0xa5, 0x73, 0x9d, 0x52, 0x95, 0xdc, 0x8d, 
	0xdc, 0x8d, 0xcc, 0x91, 0xdc, 0xd5, 0xcc, 0x0b, 
	0xcc, 0x4b, 0xd4, 0x8b, 0xdc, 0xcb, 0xd4, 0x89, 
	0xd4, 0x89, 0xdc, 0x89, 0xd4, 0x89, 0xdc, 0x8b, 
	0xbb, 0x89, 0xbb, 0x49, 0xb3, 0x49, 0xb3, 0x0b, 
	0xb3, 0x09, 0xb3, 0x09, 0xa2, 0xc9, 0x92, 0x09, 
	0x81, 0xcb, 0x72, 0x4d, 0x8a, 0x8d, 0x8a, 0x8d, 
	0x8a, 0x8d, 0x82, 0x4d, 0x39, 0xcf, 0x4a, 0x53, 
	0x63, 0x19, 0x63, 0x19, 0xa3, 0x4d, 0xd4, 0x4d, 
	0xd4, 0x8d, 0xcc, 0x8f, 0xdc, 0xd5, 0xbb, 0x4d, 
	0xb3, 0x4d, 0xb3, 0x49, 0xb3, 0x49, 0xbb, 0x89, 
	0xbb, 0x89, 0xbb, 0x89, 0xc3, 0xc9, 0xc4, 0x09, 
	0xaa, 0xc9, 0xa2, 0x8b, 0x9a, 0x49, 0xa2, 0x89, 
	0x9a, 0x49, 0xa2, 0xc9, 0x92, 0x0b, 0x71, 0x09, 
	0x71, 0x49, 0x79, 0xcb, 0x8a, 0x8d, 0x8a, 0x8d, 
	0x8a, 0xcd, 0x82, 0x8d, 0x82, 0x8d, 0x8a, 0x8d, 
	0x92, 0xcd, 0x9b, 0x0d, 0xbb, 0xcd, 0xd4, 0x4d, 
	0xd4, 0x4d, 0xcc, 0x4f, 0xdc, 0xd3, 0xa2, 0xcb, 
	0x9a, 0x4b, 0x9a, 0x49, 0x9a, 0x49, 0xa2, 0x89, 
	0xa2, 0xc9, 0xaa, 0xc9, 0xb3, 0x0b, 0xb3, 0x09, 
	0xaa, 0xc9, 0xb3, 0x0b, 0xaa, 0xc9, 0xb3, 0x09, 
	0xaa, 0xc9, 0xa2, 0x89, 0x92, 0x09, 0x89, 0x89, 
	0x81, 0x89, 0x82, 0x8f, 0x8a, 0x8d, 0x93, 0x0d, 
	0x92, 0xcd, 0x93, 0x0f, 0x92, 0xcd, 0xab, 0x8d, 
	0xbb, 0xcd, 0xc4, 0x0d, 0xd4, 0x4d, 0xdc, 0x8f, 
	0xd4, 0x8f, 0xcc, 0x4f, 0xdc, 0xd3, 0x92, 0x09, 
	0x92, 0x09, 0x91, 0xc9, 0x92, 0x09, 0x9a, 0x09, 
	0xa2, 0x49, 0xaa, 0xc9, 0xb3, 0x09, 0xb3, 0x0b, 
	0xaa, 0x88, 0xaa, 0x88, 0xbb, 0x09, 0xc3, 0x89, 
	0xc3, 0x49, 0xbb, 0x09, 0xbb, 0x09, 0xaa, 0x89, 
	0xb2, 0xc9, 0x7a, 0x4d, 0x8a, 0x8d, 0x93, 0x0d, 
	0xa3, 0x4d, 0xab, 0x8d, 0xab, 0x8d, 0xc4, 0x0d, 
	0xcc, 0x0d, 0xcc, 0x4d, 0xd4, 0x4d, 0xd4, 0x4f, 
	0xcc, 0x4f, 0xcc, 0x4f, 0xdc, 0xd3, 0xaa, 0x89, 
	0xaa, 0x89, 0xa2, 0x49, 0xb2, 0xc9, 0xaa, 0x89, 
	0xb2, 0xc9, 0xb2, 0xc9, 0xaa, 0xca, 0xaa, 0x88, 
	0xaa, 0x88, 0xaa, 0x88, 0xaa, 0x88, 0xaa, 0x88, 
	0xaa, 0x88, 0xaa, 0x88, 0xaa, 0x88, 0xaa, 0x88, 
	0xaa, 0x88, 0x8a, 0xcf, 0x92, 0xcd, 0x93, 0x0d, 
	0xab, 0x8d, 0xb3, 0x8d, 0xbb, 0xcd, 0xc4, 0x0d, 
	0xd4, 0x4f, 0xd4, 0x4f, 0xcc, 0x0d, 0xd4, 0x4f, 
	0xcc, 0x4f, 0xcc, 0x4f, 0xdc, 0xd3, 0xaa, 0x88, 
	0xaa, 0x88, 0xaa, 0x88, 0xaa, 0x88, 0xaa, 0x88, 
	0xaa, 0x88, 0xaa, 0x88, 0xaa, 0x88, 0xaa, 0x88, 
	0xf7, 0xbc, 0xf7, 0xbc, 0xf7, 0xbc, 0xf7, 0xbc, 
	0xf7, 0xbc, 0xf7, 0xbc, 0xf7, 0xbc, 0xf7, 0xbc, 
	0x8a, 0xce, 0x8a, 0x8d, 0x92, 0xcd, 0xa3, 0x4d, 
	0xab, 0x8d, 0xbb, 0xcd, 0xb3, 0x8d, 0xbb, 0xcd, 
	0xbb, 0xcd, 0xcc, 0x4f, 0xcc, 0x4d, 0xcc, 0x4f, 
	0xc4, 0x0f, 0xcc, 0x8f, 0xdc, 0xd3, 0xcc, 0x9a, 
	0xe5, 0x5a, 0xe5, 0x5a, 0xe5, 0x5a, 0xe5, 0x5a, 
	0xe5, 0x5a, 0xe5, 0x5a, 0xe5, 0x5a, 0xe5, 0x5a, 
	0xf7, 0xbc, 0xf7, 0xbc, 0xf7, 0xbc, 0xf7, 0xbc, 
	0xf7, 0xbc, 0xf7, 0xbc, 0xf7, 0xbc, 0xf7, 0xbc, 
	0x8a, 0xce, 0x92, 0xcd, 0x92, 0xcd, 0x9b, 0x0d, 
	0xab, 0x8d, 0xc4, 0x0f, 0xc4, 0x0d, 0xc3, 0xcd, 
	0xcc, 0x0d, 0xc4, 0x0d, 0xcc, 0x0d, 0xcc, 0x4f, 
	0xc4, 0x0f, 0xd4, 0x91, 0xdd, 0x17, 0xe5, 0x5a, 
	0xf7, 0xbc, 0xf7, 0xbc, 0xf7, 0xbc, 0xf7, 0xbc, 
	0xf7, 0xbc, 0xf7, 0xbc, 0xf7, 0xbc, 0xf7, 0xbc, 
	0xf7, 0xbc, 0xf7, 0xbc, 0xf7, 0xbc, 0xf7, 0xbc, 
	0xf7, 0xbc, 0xf7, 0xbc, 0xf7, 0xbc, 0xf7, 0xbc, 
	0x8a, 0xce, 0x92, 0xcd, 0x93, 0x0d, 0xa3, 0x4d, 
	0xb3, 0x8d, 0xb3, 0x8d, 0xc4, 0x0d, 0xcc, 0x4f, 
	0xd4, 0x4f, 0xcc, 0x0d, 0xcc, 0x4d, 0xcc, 0x4f, 
	0xcc, 0x51, 0xd4, 0x93, 0xe5, 0x19, 0xe5, 0x5a, 
	0xf7, 0xbc, 0xf7, 0xbc, 0xf7, 0xbc, 0xf7, 0xbc, 
	0xf7, 0xbc, 0xf7, 0xbc, 0xf7, 0xbc, 0xf7, 0xbc, 
	0xf7, 0xbc, 0xf7, 0xbc, 0xf7, 0xbc, 0xf7, 0xbc, 
	0xf7, 0xbc, 0xf7, 0xbc, 0xf7, 0xbc, 0xf7, 0xbc, 
	0x8a, 0xce, 0x92, 0xcd, 0x9b, 0x0d, 0xa3, 0x4d, 
	0xb3, 0x8f, 0xb3, 0xcf, 0xb3, 0x8d, 0xc4, 0x0f, 
	0xd4, 0x4f, 0xd4, 0x4f, 0xcc, 0x0d, 0xc4, 0x0f, 
	0xc4, 0x0f, 0xd4, 0x91, 0xe5, 0x5b, 0xe5, 0x5a, 
	0xf7, 0xbc, 0xf7, 0xbc, 0xf7, 0xbc, 0xf7, 0xbc, 
	0xf7, 0xbc, 0xf7, 0xbc, 0xf7, 0xbc, 0xf7, 0xbc, 
	0xf7, 0xbc, 0xf7, 0xbc, 0xf7, 0xbc, 0xf7, 0xbc, 
	0xf7, 0xbc, 0xf7, 0xbc, 0xf7, 0xbc, 0xf7, 0xbc, 
	0x8a, 0xce, 0x93, 0x0f, 0x9b, 0x0d, 0xab, 0x8d, 
	0xb3, 0x8d, 0xb3, 0x8d, 0xb3, 0x8d, 0xbb, 0xcd, 
	0xcc, 0x4f, 0xd4, 0x4f, 0xcc, 0x0d, 0xc4, 0x0d, 
	0xcc, 0x4f, 0xd4, 0x91, 0xe5, 0x5b, 0xe5, 0x5a, 
	0xf7, 0xbc, 0xf7, 0xbc, 0xf7, 0xbc, 0xf7, 0xbc, 
	0xf7, 0xbc, 0xf7, 0xbc, 0xf7, 0xbc, 0xf7, 0xbc, 
	0xf7, 0xbc, 0xf7, 0xbc, 0xf7, 0xbc, 0xf7, 0xbc, 
	0xf7, 0xbc, 0xf7, 0xbc, 0xf7, 0xbc, 0xf7, 0xbc, 
	0x8a, 0xce, 0x9b, 0x51, 0x93, 0x0f, 0x9b, 0x4f, 
	0xa3, 0x4f, 0xb3, 0xcf, 0xbc, 0x0f, 0xbb, 0xcd, 
	0xcc, 0x4f, 0xd4, 0x4f, 0xd4, 0x4f, 0xc3, 0xcd, 
	0xcc, 0x51, 0xd4, 0x93, 0xe5, 0x9d, 0xe5, 0x5a, 
	0xf7, 0xbc, 0xf7, 0xbc, 0xf7, 0xbc, 0xf7, 0xbc, 
	0xf7, 0xbc, 0xf7, 0xbc, 0xf7, 0xbc, 0xf7, 0xbc, 
	0xf7, 0xbc, 0xf7, 0xbc, 0xf7, 0xbc, 0xf7, 0xbc, 
	0xf7, 0xbc, 0xf7, 0xbc, 0xf7, 0xbc, 0xf7, 0xbc, 
	0x8a, 0xce, 0xa3, 0xd5, 0x93, 0x0f, 0xa3, 0x4d, 
	0xb3, 0xcf, 0xb3, 0xcd, 0xbb, 0xcd, 0xc3, 0xcd, 
	0xc4, 0x0d, 0xcc, 0x4f, 0xd4, 0x4f, 0xcc, 0x0f, 
	0xcc, 0x4f, 0xd4, 0x93, 0xe5, 0x5b, 0xe5, 0x5a, 
	0xf7, 0xbc, 0xf7, 0xbc, 0xf7, 0xbc, 0xf7, 0xbc, 
	0xf7, 0xbc, 0xf7, 0xbc, 0xf7, 0xbc, 0xf7, 0xbc, 
	0xf7, 0xbc, 0xf7, 0xbc, 0xf7, 0xbc, 0xf7, 0xbc, 
	0xf7, 0xbc, 0xf7, 0xbc, 0xf7, 0xbc, 0xf7, 0xbc, 
	0x8a, 0xce, 0x9b, 0x51, 0x9b, 0x4f, 0xb3, 0xd1, 
	0xab, 0x8d, 0xb3, 0x8d, 0xbb, 0xcf, 0xbb, 0xcd, 
	0xbb, 0xcd, 0xc4, 0x0f, 0xcc, 0x0d, 0xc4, 0x0d, 
	0xc4, 0x4f, 0xd4, 0x95, 0xdd, 0x19, 0xe5, 0x5a, 
	0xf7, 0xbc, 0xf7, 0xbc, 0xf7, 0xbc, 0xf7, 0xbc, 
	0xf7, 0xbc, 0xf7, 0xbc, 0xf7, 0xbc, 0xf7, 0xbc, 
	0xf7, 0xbc, 0xf7, 0xbc, 0xf7, 0xbc, 0xf7, 0xbc, 
	0xf7, 0xbc, 0xf7, 0xbc, 0xf7, 0xbc, 0xf7, 0xbc, 
	0x8a, 0xce, 0x9b, 0x51, 0x93, 0x0f, 0xab, 0x8f, 
	0xab, 0x91, 0xbb, 0xcf, 0xbb, 0xcd, 0xbb, 0xcd, 
	0xbb, 0xcd, 0xcc, 0x0f, 0xcc, 0x0d, 0xc4, 0x0d, 
	0xcc, 0x51, 0xcc, 0x91, 0xe5, 0x1b, 0xe5, 0x5a, 
	0xe5, 0x5a, 0xe5, 0x5a, 0xf7, 0xbc, 0xf7, 0xbc, 
	0xf7, 0xbc, 0xf7, 0xbc, 0xe5, 0x5a, 0xe5, 0x5a, 
	0xed, 0x4a, 0xed, 0x4a, 0xed, 0x4a, 0xed, 0x4a, 
	0xed, 0x4a, 0xed, 0x4a, 0xed, 0x4a, 0xed, 0x4a, 
	0x8a, 0xce, 0x92, 0xcf, 0x93, 0x0f, 0xa3, 0x4f, 
	0x9b, 0x0f, 0xa3, 0x4f, 0xb3, 0xcf, 0xb3, 0xcf, 
	0xbc, 0x0d, 0xcc, 0x0d, 0xcc, 0x0f, 0xcc, 0x0d, 
	0xcc, 0x4f, 0xd4, 0x93, 0xdd, 0x19, 0xe5, 0x5a, 
	0xe5, 0x5a, 0xe5, 0x5a, 0xe5, 0x5a, 0xe5, 0x5a, 
	0xe5, 0x5a, 0xe5, 0x5a, 0xe5, 0x5a, 0xe5, 0x5a, 
	0xed, 0x4b, 0xed, 0x4b, 0xed, 0x4b, 0xed, 0x4b, 
	0xed, 0x09, 0xe5, 0x0b, 0xe5, 0x0b, 0xdc, 0xd3, 
	0xb3, 0x91, 0x8a, 0xcd, 0x92, 0xcd, 0x9b, 0x4f, 
	0x9b, 0x4f, 0xab, 0x91, 0xb3, 0xcf, 0xc4, 0x0d, 
	0xc4, 0x0f, 0xcc, 0x0f, 0xc4, 0x0f, 0xc4, 0x0d, 
	0xcc, 0x4f, 0xd4, 0x91, 0xdd, 0x19, 0xed, 0x4b, 
	0xed, 0x4b, 0xf5, 0x4d, 0xf5, 0x4b, 0xed, 0x4b, 
	0xed, 0x4b, 0xed, 0x4b, 0xed, 0x4b, 0xed, 0x4b, 
	0xf5, 0xcb, 0xf5, 0xcb, 0xf5, 0xcb, 0xf5, 0xcb, 
	0xf5, 0xcb, 0xed, 0x4d, 0xdc, 0x8d, 0xbb, 0xcd, 
	0x9a, 0xcb, 0x8a, 0x8d, 0x92, 0xcd, 0x93, 0x0d, 
	0x9b, 0x4f, 0xa3, 0x4f, 0xab, 0x8f, 0xbb, 0xcf, 
	0xbb, 0xcf, 0xcc, 0x0f, 0xc4, 0x0f, 0xbb, 0xcd, 
	0xcc, 0x4f, 0xd4, 0x93, 0xe5, 0x5b, 0xed, 0x09, 
	0xed, 0x49, 0xf5, 0x8b, 0xf5, 0xcd, 0xf5, 0xcd, 
	0xf5, 0xcd, 0xf5, 0xcd, 0xf5, 0xcd, 0xf5, 0xcb, 
	0xf5, 0xcb, 0xf5, 0xcb, 0xf5, 0xcb, 0xf5, 0xcb, 
	0xed, 0x4b, 0xcc, 0x8b, 0xbb, 0xcb, 0xab, 0x4b, 
	0x9a, 0x8b, 0x8a, 0x8d, 0x92, 0xcd, 0x93, 0x0d, 
	0x93, 0x0d, 0x92, 0xcd, 0x52, 0x95, 0x84, 0x21, 
	0x9c, 0xe7, 0x94, 0xa5, 0xc4, 0x0d, 0xbb, 0xcd, 
	0xcc, 0x4d, 0xdc, 0xd3, 0xe5, 0x5b, 0xdc, 0x8b, 
	0xe4, 0xcb, 0xe5, 0x0b, 0xed, 0x4b, 0xed, 0x8b, 
	0xf5, 0x8b, 0xf5, 0xcb, 0xf5, 0xcb, 0xf5, 0xcb, 
	0xdc, 0x89, 0xdc, 0x89, 0xdc, 0x89, 0xd4, 0x4b, 
	0xc3, 0xcb, 0xab, 0x4b, 0x9a, 0xc9, 0x92, 0x49, 
	0x92, 0x4b, 0x82, 0x8d, 0x8a, 0xcd, 0x92, 0xcd, 
	0x8a, 0x8d, 0x29, 0x4b, 0x5a, 0xd7, 0xb5, 0xad, 
	0xf7, 0xbd, 0xc6, 0x31, 0x7b, 0xdf, 0xc4, 0x0f, 
	0xcc, 0x4d, 0xdc, 0xd3, 0xe5, 0x9b, 0xc3, 0xc9, 
	0xc3, 0xc9, 0xc3, 0xc9, 0xcc, 0x4b, 0xcc, 0x49, 
	0xd4, 0x89, 0xd4, 0x89, 0xd4, 0x89, 0xd4, 0x89, 
	0xb3, 0x49, 0xb3, 0x09, 0xb3, 0x09, 0xb3, 0x0b, 
	0xa2, 0xc9, 0xa2, 0xc9, 0x9a, 0x89, 0x92, 0x09, 
	0x8a, 0x0b, 0x82, 0x4d, 0x8a, 0x8d, 0x8a, 0xcd, 
	0x82, 0x8d, 0x21, 0x09, 0x42, 0x11, 0xad, 0x6b, 
	0xf7, 0xbd, 0xce, 0x73, 0x5a, 0xd7, 0xbc, 0x0f, 
	0xcc, 0x4d, 0xdc, 0xd1, 0xed, 0x99, 0xb3, 0x0b, 
	0xb3, 0x0b, 0xaa, 0xc9, 0xa2, 0xc9, 0xaa, 0xc9, 
	0xab, 0x09, 0xb3, 0x09, 0xb3, 0x49, 0xbb, 0x49, 
	0xaa, 0x89, 0xa2, 0x89, 0xa2, 0x49, 0xa2, 0x89, 
	0xa2, 0x89, 0xa2, 0x89, 0x92, 0x09, 0x79, 0x49, 
	0x79, 0x89, 0x82, 0x4d, 0x8a, 0x8d, 0x92, 0xcd, 
	0x82, 0x8d, 0x39, 0xcf, 0x29, 0x4b, 0x5a, 0xd7, 
	0x94, 0xa5, 0x73, 0x9d, 0x52, 0x95, 0xbc, 0x0f, 
	0xcc, 0x4d, 0xdc, 0x8f, 0xe5, 0x57, 0x9a, 0x49, 
	0x92, 0x09, 0x89, 0xc9, 0x91, 0xc9, 0x92, 0x09, 
	0xa2, 0x49, 0xa2, 0x89, 0xaa, 0xc9, 0xaa, 0xc9, 
	0xaa, 0xc9, 0xb3, 0x0b, 0xaa, 0x89, 0xbb, 0x09, 
	0xb3, 0x09, 0x9a, 0x49, 0x91, 0xc9, 0x89, 0x89, 
	0x81, 0x89, 0x82, 0x8d, 0x8a, 0x8d, 0x92, 0xcd, 
	0x92, 0xcd, 0x82, 0x8d, 0x39, 0xcf, 0x4a, 0x53, 
	0x63, 0x19, 0x63, 0x19, 0xa3, 0x8d, 0xc4, 0x0d, 
	0xcc, 0x8d, 0xe4, 0xcf, 0xf5, 0xd7, 0xa2, 0xcd, 
	0x92, 0x09, 0x89, 0xc9, 0x91, 0xc9, 0x92, 0x09, 
	0x9a, 0x09, 0xa2, 0x89, 0xaa, 0x89, 0xb3, 0x09, 
	0xb3, 0x0a, 0xb3, 0x0a, 0xbb, 0x09, 0xcb, 0x89, 
	0xcb, 0x8b, 0xbb, 0x09, 0xbb, 0x09, 0xa2, 0x89, 
	0xaa, 0xc9, 0x8a, 0x8d, 0x8a, 0xcd, 0x93, 0x0d, 
	0x9b, 0x0d, 0x92, 0xcd, 0x8a, 0x8d, 0x93, 0x0d, 
	0x9b, 0x4d, 0xab, 0xcd, 0xc4, 0x0d, 0xcc, 0x8d, 
	0xdc, 0xcf, 0xe5, 0x11, 0xf5, 0xd7, 0xbb, 0x91, 
	0xaa, 0x89, 0xa2, 0x49, 0xb2, 0xc9, 0xb2, 0xc9, 
	0xb2, 0xc9, 0xb3, 0x09, 0xf7, 0xbc, 0xf7, 0xbc, 
	0xf7, 0xbc, 0xb3, 0x0a, 0xcb, 0x88, 0xcb, 0x88, 
	0xcb, 0x88, 0xcb, 0x88, 0xcb, 0x88, 0xcb, 0x88, 
	0x93, 0x0e, 0x92, 0xcf, 0x92, 0xcd, 0x93, 0x0d, 
	0x9b, 0x0d, 0xa3, 0x4d, 0xab, 0x8d, 0xc4, 0x0d, 
	0xd4, 0x8f, 0xe4, 0xcf, 0xe4, 0xcd, 0xe4, 0x8f, 
	0xe4, 0xcf, 0xe5, 0x0f, 0xf5, 0xd7, 0xdd, 0x16, 
	0xdd, 0x16, 0xf7, 0xbc, 0xf7, 0xbc, 0xf7, 0xbc, 
	0xf7, 0xbc, 0xf7, 0xbc, 0xf7, 0xbc, 0xf7, 0xbc, 
	0xf7, 0xbc, 0xf7, 0xbc, 0xf7, 0xbc, 0xf7, 0xbc, 
	0xf7, 0xbc, 0xf7, 0xbc, 0xf7, 0xbc, 0xf7, 0xbc, 
	0x93, 0x0e, 0x9b, 0x4f, 0x93, 0x0d, 0x9b, 0x4d, 
	0xa3, 0x8d, 0xb3, 0xcd, 0xcc, 0x4d, 0xdc, 0x8d, 
	0xe4, 0xcd, 0xf5, 0x0d, 0xf5, 0x0f, 0xed, 0x0f, 
	0xe5, 0x0f, 0xed, 0x4f, 0xf6, 0x17, 0xdd, 0x16, 
	0xdd, 0x16, 0xf7, 0xbc, 0xf7, 0xbc, 0xf7, 0xbc, 
	0xf7, 0xbc, 0xf7, 0xbc, 0xf7, 0xbc, 0xf7, 0xbc, 
	0xf7, 0xbc, 0xf7, 0xbc, 0xf7, 0xbc, 0xf7, 0xbc, 
	0xf7, 0xbc, 0xf7, 0xbc, 0xf7, 0xbc, 0xf7, 0xbc, 
	0x93, 0x0e, 0xa3, 0x8f, 0x93, 0x0f, 0xa3, 0x4d, 
	0xbb, 0xcd, 0xcc, 0x4d, 0xd4, 0x4d, 0xe4, 0x8d, 
	0xf5, 0x0f, 0xf5, 0x0d, 0xf5, 0x4d, 0xf5, 0x4f, 
	0xed, 0x0f, 0xf5, 0x51, 0xf6, 0x57, 0xdd, 0x16, 
	0xdd, 0x16, 0xf7, 0xbc, 0xf7, 0xbc, 0xf7, 0xbc, 
	0xf7, 0xbc, 0xf7, 0xbc, 0xf7, 0xbc, 0xf7, 0xbc, 
	0xf7, 0xbc, 0xf7, 0xbc, 0xf7, 0xbc, 0xf7, 0xbc, 
	0xf7, 0xbc, 0xf7, 0xbc, 0xf7, 0xbc, 0xf7, 0xbc, 
	0x93, 0x0e, 0xa3, 0x91, 0x93, 0x0d, 0xa3, 0x8f, 
	0xbb, 0xcd, 0xcc, 0x4d, 0xdc, 0x8d, 0xe4, 0xcf, 
	0xed, 0x0d, 0xf5, 0x4f, 0xf5, 0x4f, 0xf5, 0x8f, 
	0xed, 0x4f, 0xf5, 0x91, 0xf6, 0x59, 0xdd, 0x16, 
	0xdd, 0x16, 0xf7, 0xbc, 0xf7, 0xbc, 0xf7, 0xbc, 
	0xf7, 0xbc, 0xf7, 0xbc, 0xf7, 0xbc, 0xf7, 0xbc, 
	0xf7, 0xbc, 0xf7, 0xbc, 0xf7, 0xbc, 0xf7, 0xbc, 
	0xf7, 0xbc, 0xf7, 0xbc, 0xf7, 0xbc, 0xf7, 0xbc, 
	0x93, 0x0e, 0x9b, 0x91, 0x93, 0x0f, 0x9b, 0x4f, 
	0xb3, 0xcd, 0xcc, 0x4f, 0xdc, 0x8f, 0xdc, 0x8d, 
	0xf5, 0x0f, 0xf5, 0x4f, 0xf5, 0x4f, 0xf5, 0x4f, 
	0xed, 0x4f, 0xf5, 0x93, 0xf6, 0x1b, 0xdd, 0x16, 
	0xdd, 0x16, 0xf7, 0xbc, 0xf7, 0xbc, 0xf7, 0xbc, 
	0xf7, 0xbc, 0xf7, 0xbc, 0xf7, 0xbc, 0xf7, 0xbc, 
	0xf7, 0xbc, 0xf7, 0xbc, 0xf7, 0xbc, 0xf7, 0xbc, 
	0xf7, 0xbc, 0xf7, 0xbc, 0xf7, 0xbc, 0xf7, 0xbc, 
	0x93, 0x0e, 0x93, 0x0f, 0x92, 0xcf, 0x93, 0x0d, 
	0xab, 0x8d, 0xd4, 0x8f, 0xd4, 0x4d, 0xd4, 0x4d, 
	0xec, 0xcf, 0xf5, 0x0f, 0xed, 0x0f, 0xe5, 0x0f, 
	0xe5, 0x0f, 0xed, 0x53, 0xed, 0x99, 0xdd, 0x16, 
	0xdd, 0x16, 0xf7, 0xbc, 0xf7, 0xbc, 0xf7, 0xbc, 
	0xf7, 0xbc, 0xf7, 0xbc, 0xf7, 0xbc, 0xf7, 0xbc, 
	0xf7, 0xbc, 0xf7, 0xbc, 0xf7, 0xbc, 0xf7, 0xbc, 
	0xf7, 0xbc, 0xf7, 0xbc, 0xf7, 0xbc, 0xf7, 0xbc, 
	0x93, 0x0e, 0x93, 0x53, 0x92, 0xcf, 0x9b, 0x4f, 
	0xc4, 0x0f, 0xd4, 0x4d, 0xcc, 0x4d, 0xd4, 0x8d, 
	0xec, 0xcf, 0xe4, 0xcf, 0xe4, 0xcf, 0xe4, 0xcf, 
	0xdc, 0xd1, 0xdd, 0x13, 0xdd, 0x17, 0xdd, 0x16, 
	0xdd, 0x16, 0xf7, 0xbc, 0xf7, 0xbc, 0xf7, 0xbc, 
	0xf7, 0xbc, 0xf7, 0xbc, 0xf7, 0xbc, 0xf7, 0xbc, 
	0xf7, 0xbc, 0xf7, 0xbc, 0xf7, 0xbc, 0xf7, 0xbc, 
	0xf7, 0xbc, 0xf7, 0xbc, 0xf7, 0xbc, 0xf7, 0xbc, 
	0x93, 0x0e, 0x93, 0x97, 0x93, 0x11, 0x9b, 0x4f, 
	0xbb, 0xcd, 0xcc, 0x4f, 0xd4, 0x4d, 0xdc, 0x8d, 
	0xe4, 0xcf, 0xdc, 0x8f, 0xe4, 0xcf, 0xdc, 0xcf, 
	0xdc, 0xd1, 0xcc, 0x91, 0xd4, 0xd5, 0xdd, 0x16, 
	0xdd, 0x16, 0xf7, 0xbc, 0xf7, 0xbc, 0xf7, 0xbc, 
	0xf7, 0xbc, 0xf7, 0xbc, 0xf7, 0xbc, 0xf7, 0xbc, 
	0xf7, 0xbc, 0xf7, 0xbc, 0xf7, 0xbc, 0xf7, 0xbc, 
	0xf7, 0xbc, 0xf7, 0xbc, 0xf7, 0xbc, 0xf7, 0xbc, 
	0x93, 0x0e, 0x93, 0x0f, 0x93, 0x53, 0x92, 0xcd, 
	0xab, 0x8d, 0xbb, 0xcf, 0xc4, 0x0f, 0xcc, 0x4f, 
	0xdc, 0x8f, 0xd4, 0x8d, 0xdc, 0x8f, 0xdc, 0x8f, 
	0xd4, 0x8f, 0xcc, 0x91, 0xd4, 0xd5, 0xdd, 0x16, 
	0xdd, 0x16, 0xf7, 0xbc, 0xf7, 0xbc, 0xf7, 0xbc, 
	0xf7, 0xbc, 0xf7, 0xbc, 0xf7, 0xbc, 0xf7, 0xbc, 
	0xf7, 0xbc, 0xf7, 0xbc, 0xf7, 0xbc, 0xf7, 0xbc, 
	0xf7, 0xbc, 0xf7, 0xbc, 0xf7, 0xbc, 0xf7, 0xbc, 
	0x93, 0x0e, 0x82, 0x8d, 0x82, 0x8f, 0x93, 0x11, 
	0x9b, 0x0d, 0xb3, 0x8d, 0xc4, 0x0d, 0xcc, 0x4d, 
	0xcc, 0x4d, 0xd4, 0x8d, 0xdc, 0x8f, 0xd4, 0x8f, 
	0xcc, 0x8f, 0xcc, 0x93, 0xd4, 0xd7, 0xdd, 0x16, 
	0xdd, 0x16, 0xf7, 0xbc, 0xf7, 0xbc, 0xf7, 0xbc, 
	0xf7, 0xbc, 0xf7, 0xbc, 0xf7, 0xbc, 0xf7, 0xbc, 
	0xf7, 0xbc, 0xf7, 0xbc, 0xf7, 0xbc, 0xf7, 0xbc, 
	0xf7, 0xbc, 0xf7, 0xbc, 0xf7, 0xbc, 0xf7, 0xbc, 
	0x93, 0x0e, 0x93, 0x55, 0x93, 0x13, 0x92, 0xcf, 
	0x93, 0x0d, 0xb3, 0x8d, 0xbb, 0xcd, 0xc4, 0x0d, 
	0xcc, 0x8f, 0xcc, 0x4f, 0xcc, 0x8d, 0xcc, 0x8f, 
	0xc4, 0x8f, 0xd4, 0xd5, 0xd5, 0x17, 0xdd, 0x16, 
	0xdd, 0x16, 0xf7, 0xbc, 0xf7, 0xbc, 0xf7, 0xbc, 
	0xf7, 0xbc, 0xf7, 0xbc, 0xf7, 0xbc, 0xf7, 0xbc, 
	0xf7, 0xbc, 0xf7, 0xbc, 0xf7, 0xbc, 0xf7, 0xbc, 
	0xf7, 0xbc, 0xf7, 0xbc, 0xf7, 0xbc, 0xf7, 0xbc, 
	0x93, 0x0e, 0x93, 0x11, 0x8a, 0xcd, 0x92, 0xcd, 
	0x9b, 0x4f, 0xa3, 0x4d, 0xbc, 0x0d, 0xc4, 0x0f, 
	0xd4, 0x8f, 0xcc, 0x4f, 0xd4, 0x8f, 0xd4, 0x8f, 
	0xc4, 0x8f, 0xcc, 0x93, 0xcc, 0xd5, 0xdd, 0x16, 
	0xdd, 0x16, 0xf7, 0xbc, 0xf7, 0xbc, 0xf7, 0xbc, 
	0xf7, 0xbc, 0xf7, 0xbc, 0xf7, 0xbc, 0xf7, 0xbc, 
	0xf7, 0xbc, 0xf7, 0xbc, 0xf7, 0xbc, 0xf7, 0xbc, 
	0xf7, 0xbc, 0xf7, 0xbc, 0xf7, 0xbc, 0xf7, 0xbc, 
	0x93, 0x0e, 0x8a, 0xcd, 0x93, 0x0f, 0x92, 0xcd, 
	0x9b, 0x4d, 0xa3, 0x4f, 0xb3, 0x8d, 0xbc, 0x0d, 
	0xcc, 0x4f, 0xcc, 0x8f, 0xcc, 0x8d, 0xd4, 0x8f, 
	0xcc, 0x8f, 0xcc, 0x91, 0xdd, 0x59, 0xdd, 0x16, 
	0xdd, 0x16, 0xf7, 0xbc, 0xf7, 0xbc, 0xf7, 0xbc, 
	0xf7, 0xbc, 0xf7, 0xbc, 0xf7, 0xbc, 0xf7, 0xbc, 
	0xf7, 0xbc, 0xf7, 0xbc, 0xf7, 0xbc, 0xf7, 0xbc, 
	0xf7, 0xbc, 0xf7, 0xbc, 0xf7, 0xbc, 0xf7, 0xbc, 
	0x93, 0x0e, 0x9b, 0x4f, 0x93, 0x0f, 0x93, 0x0f, 
	0x93, 0x0d, 0xa3, 0x4d, 0xbb, 0xcf, 0xc4, 0x0f, 
	0xcc, 0x4f, 0xcc, 0x4f, 0xd4, 0x8f, 0xcc, 0x8d, 
	0xcc, 0x8f, 0xcc, 0x93, 0xdd, 0x17, 0xdd, 0x16, 
	0xdd, 0x16, 0xf7, 0xbc, 0xf7, 0xbc, 0xf7, 0xbc, 
	0xf7, 0xbc, 0xf7, 0xbc, 0xf7, 0xbc, 0xf7, 0xbc, 
	0xf7, 0xbc, 0xf7, 0xbc, 0xf7, 0xbc, 0xf7, 0xbc, 
	0xf7, 0xbc, 0xf7, 0xbc, 0xf7, 0xbc, 0xf7, 0xbc, 
	0x93, 0x0e, 0x93, 0x0d, 0x92, 0xcd, 0x93, 0x0d, 
	0x93, 0x0d, 0xa3, 0x4d, 0xbb, 0xcd, 0xbb, 0xcd, 
	0xcc, 0x4f, 0xd4, 0x8f, 0xdc, 0x8f, 0xcc, 0x4d, 
	0xcc, 0x8f, 0xd4, 0xd3, 0xed, 0xdd, 0xdd, 0x16, 
	0xf7, 0xbc, 0xf7, 0xbc, 0xf7, 0xbc, 0xf7, 0xbc, 
	0xf7, 0xbc, 0xf7, 0xbc, 0xf7, 0xbc, 0xf7, 0xbc, 
	0xf7, 0xbc, 0xf7, 0xbc, 0xf7, 0xbc, 0xf7, 0xbc, 
	0xf7, 0xbc, 0xf7, 0xbc, 0xf7, 0xbc, 0xf7, 0xbc, 
	0x93, 0x0c, 0xc4, 0x9d, 0x9b, 0x4f, 0x93, 0x0f, 
	0x93, 0x0f, 0xa3, 0x4d, 0xb3, 0x8d, 0xbb, 0xcf, 
	0xcc, 0x0d, 0xcc, 0x4d, 0xd4, 0x8d, 0xd4, 0x8f, 
	0xdc, 0x91, 0xe5, 0x15, 0xf5, 0xd9, 0xed, 0x10, 
	0xf7, 0xbc, 0xf7, 0xbc, 0xf7, 0xbc, 0xf7, 0xbc, 
	0xf7, 0xbc, 0xf7, 0xbc, 0xf7, 0xbc, 0xf7, 0xbc, 
	0xf7, 0xbc, 0xf7, 0xbc, 0xf7, 0xbc, 0xf7, 0xbc, 
	0xf7, 0xbc, 0xf7, 0xbc, 0xf7, 0xbc, 0xf7, 0xbc, 
	0x93, 0x0c, 0x93, 0x0c, 0xb3, 0xcf, 0xa3, 0x8f, 
	0x93, 0x0d, 0xab, 0x4d, 0xbb, 0xcd, 0xcc, 0x4f, 
	0xcc, 0x4d, 0xdc, 0x8f, 0xdc, 0x8d, 0xdc, 0x8f, 
	0xe5, 0x15, 0xf5, 0xdf, 0xed, 0x10, 0xed, 0x10, 
	0xf7, 0xbc, 0xf7, 0xbc, 0xf7, 0xbc, 0xf7, 0xbc, 
	0xf7, 0xbc, 0xf7, 0xbc, 0xf7, 0xbc, 0xf7, 0xbc, 
	0xf7, 0xbc, 0xf7, 0xbc, 0xf7, 0xbc, 0xf7, 0xbc, 
	0xf7, 0xbc, 0xf7, 0xbc, 0xf7, 0xbc, 0xf7, 0xbc, 
	0xf7, 0xbc, 0x93, 0x0c, 0x93, 0x0c, 0xcc, 0x99, 
	0xbb, 0xcf, 0xbc, 0x0d, 0xd4, 0x8f, 0xed, 0x11, 
	0xed, 0x11, 0xed, 0x51, 0xed, 0x53, 0xf5, 0x95, 
	0xed, 0x11, 0xed, 0x10, 0xed, 0x10, 0xf7, 0xbc, 
	0xf7, 0xbc, 0xf7, 0xbc, 0xf7, 0xbc, 0xf7, 0xbc, 
	0xf7, 0xbc, 0xf7, 0xbc, 0xf7, 0xbc, 0xf7, 0xbc, 
	0xf7, 0xbc, 0xf7, 0xbc, 0xf7, 0xbc, 0xf7, 0xbc, 
	0xf7, 0xbc, 0xf7, 0xbc, 0xf7, 0xbc, 0xf7, 0xbc, 
	0xf7, 0xbc, 0xf7, 0xbc, 0x93, 0x0c, 0x93, 0x0c, 
	0xbc, 0x0c, 0xbc, 0x0c, 0xed, 0x10, 0xed, 0x10, 
	0xed, 0x10, 0xed, 0x10, 0xed, 0x10, 0xed, 0x10, 
	0xed, 0x10, 0xf7, 0xbc, 0xf7, 0xbc, 0xf7, 0xbc, 
	0xf7, 0xbc, 0xf7, 0xbc, 0xf7, 0xbc, 0xf7, 0xbc, 
	0xf7, 0xbc, 0xf7, 0xbc, 0xf7, 0xbc, 0xf7, 0xbc, 
	0xf7, 0xbc, 0xf7, 0xbc, 0xf7, 0xbc, 0xf7, 0xbc, 
	0xf7, 0xbc, 0xf7, 0xbc, 0xf7, 0xbc, 0xf7, 0xbc, 
	0xf7, 0xbc, 0xf7, 0xbc, 0xf7, 0xbc, 0xf7, 0xbc, 
	0xf7, 0xbc, 0xf7, 0xbc, 0xf7, 0xbc, 0xf7, 0xbc, 
	0xf7, 0xbc, 0xf7, 0xbc, 0xf7, 0xbc, 0xf7, 0xbc, 
	0xf7, 0xbc, 0xf7, 0xbc, 0xf7, 0xbc, 0xf7, 0xbc, 
	0xf7, 0xbc, 0xf7, 0xbc, 0xf7, 0xbc, 0xf7, 0xbc, 
	0xf7, 0xbc, 0xf7, 0xbc, 0xf7, 0xbc, 0xf7, 0xbc, 
	
};

Gfx wf_dl_dirtgrass_rgba16_aligner[] = {gsSPEndDisplayList()};
u8 wf_dl_dirtgrass_rgba16[] = {
	0x24, 0x09, 0x1c, 0x87, 0x1c, 0x47, 0x1c, 0x87, 
	0x15, 0x07, 0x1d, 0x07, 0x24, 0xc7, 0x15, 0x45, 
	0x15, 0x45, 0x15, 0x45, 0x15, 0x45, 0x15, 0x45, 
	0x15, 0x45, 0x15, 0x07, 0x15, 0x07, 0x15, 0x47, 
	0x15, 0x45, 0x15, 0x45, 0x15, 0x45, 0x15, 0x45, 
	0x15, 0x45, 0x15, 0x45, 0x15, 0x45, 0x15, 0x45, 
	0x15, 0x45, 0x15, 0x45, 0x15, 0x45, 0x15, 0x45, 
	0x15, 0x45, 0x1d, 0x45, 0x1d, 0x07, 0x24, 0xc7, 
	0x1c, 0x87, 0x15, 0x45, 0x1c, 0x47, 0x1c, 0x87, 
	0x15, 0x07, 0x1d, 0x07, 0x24, 0xc7, 0x15, 0x45, 
	0x15, 0x45, 0x15, 0x45, 0x15, 0x45, 0x15, 0x45, 
	0x15, 0x45, 0x15, 0x07, 0x15, 0x07, 0x15, 0x47, 
	0x15, 0x45, 0x15, 0x45, 0x15, 0x45, 0x15, 0x45, 
	0x15, 0x45, 0x15, 0x45, 0x15, 0x45, 0x15, 0x45, 
	0x15, 0x45, 0x15, 0x45, 0x15, 0x45, 0x15, 0x45, 
	0x1c, 0xc5, 0x15, 0x45, 0x15, 0x45, 0x24, 0xc7, 
	0x1c, 0xc7, 0x1c, 0x87, 0x15, 0x07, 0x1c, 0x87, 
	0x15, 0x45, 0x24, 0x87, 0x2c, 0x87, 0x24, 0x85, 
	0x24, 0x87, 0x15, 0x45, 0x15, 0x05, 0x1c, 0xc7, 
	0x15, 0x45, 0x2c, 0x87, 0x2c, 0xc7, 0x3c, 0x47, 
	0x3c, 0x87, 0x34, 0x87, 0x1d, 0x45, 0x15, 0x45, 
	0x2c, 0xc7, 0x3c, 0x87, 0x3c, 0x47, 0x3c, 0x47, 
	0x4c, 0x47, 0x2c, 0x87, 0x44, 0x89, 0x24, 0x85, 
	0x1c, 0x85, 0x15, 0x45, 0x2c, 0x47, 0x2c, 0x87, 
	0x3b, 0x85, 0x54, 0x07, 0x3c, 0x87, 0x4b, 0x07, 
	0x1c, 0x45, 0x34, 0x47, 0x53, 0x87, 0x3c, 0x05, 
	0x3c, 0x07, 0x3c, 0x87, 0x25, 0x07, 0x5b, 0x49, 
	0x2c, 0x87, 0x34, 0x47, 0x2a, 0x89, 0x53, 0x07, 
	0x54, 0x09, 0x53, 0xc9, 0x3c, 0x47, 0x3c, 0x05, 
	0x3b, 0x05, 0x63, 0x89, 0x4b, 0xc7, 0x53, 0xc7, 
	0x4c, 0x09, 0x5b, 0x89, 0x54, 0x07, 0x2c, 0x47, 
	0x2b, 0xc5, 0x2c, 0x05, 0x43, 0x87, 0x5a, 0x87, 
	0x33, 0xc5, 0x73, 0x49, 0x6c, 0x49, 0x6a, 0x87, 
	0x31, 0xc3, 0x62, 0x87, 0x61, 0x43, 0x38, 0x41, 
	0x6a, 0x87, 0x83, 0x07, 0x4c, 0x89, 0x54, 0x49, 
	0x43, 0x87, 0x62, 0x47, 0x42, 0x45, 0x6a, 0x07, 
	0x73, 0x49, 0x7b, 0x8b, 0x53, 0x89, 0x4a, 0xc5, 
	0x5a, 0x85, 0x82, 0x47, 0x6b, 0x07, 0x82, 0x47, 
	0x6b, 0x89, 0x8b, 0x09, 0x73, 0x49, 0x4b, 0x05, 
	0x2a, 0xc5, 0x53, 0x09, 0x9c, 0x0d, 0x5b, 0x49, 
	0x5a, 0x05, 0x93, 0x4b, 0x94, 0x0b, 0x8a, 0x89, 
	0x4b, 0x45, 0x43, 0x87, 0x38, 0x41, 0x42, 0x45, 
	0x5b, 0x47, 0x7a, 0x87, 0x74, 0x4b, 0x9b, 0x4b, 
	0x4b, 0x07, 0x62, 0x05, 0x51, 0x05, 0x50, 0xc5, 
	0x82, 0xc9, 0x93, 0x4b, 0x62, 0xc7, 0x5a, 0x45, 
	0x8a, 0x89, 0x61, 0x83, 0x69, 0x85, 0x62, 0x87, 
	0x6a, 0x87, 0x92, 0xcb, 0x71, 0xc5, 0x52, 0x03, 
	0x3a, 0x03, 0x8b, 0x4b, 0xb3, 0xcf, 0x69, 0xc5, 
	0x53, 0x07, 0xa3, 0x4b, 0xa3, 0xcd, 0x82, 0x47, 
	0x5a, 0xc7, 0x5b, 0x47, 0x50, 0xc1, 0x41, 0x83, 
	0x69, 0x85, 0x93, 0x09, 0xa3, 0x8d, 0x7b, 0x89, 
	0x62, 0x87, 0x38, 0x41, 0x30, 0x43, 0x51, 0x05, 
	0x82, 0x49, 0x9b, 0x0b, 0x62, 0x05, 0x5a, 0x05, 
	0x69, 0xc5, 0x8a, 0x47, 0x7a, 0xc9, 0x61, 0xc5, 
	0x62, 0x05, 0x8a, 0x49, 0x38, 0x41, 0x69, 0x85, 
	0x92, 0x89, 0x93, 0x0b, 0x9b, 0x0b, 0x5a, 0x05, 
	0x72, 0xc9, 0x8a, 0x47, 0xb3, 0x8d, 0x92, 0x89, 
	0x6a, 0x87, 0x73, 0x09, 0x59, 0x01, 0x41, 0x03, 
	0x30, 0x01, 0x71, 0x85, 0xa4, 0x0d, 0xa2, 0xcb, 
	0x6a, 0x45, 0x40, 0x41, 0x20, 0x03, 0x18, 0x43, 
	0x82, 0x47, 0x50, 0xc1, 0x51, 0x43, 0x51, 0x03, 
	0x48, 0x81, 0xab, 0x4d, 0xbb, 0x4d, 0x79, 0xc5, 
	0x7a, 0x07, 0x7a, 0x07, 0x48, 0xc1, 0x82, 0x49, 
	0xa3, 0x0b, 0x92, 0x89, 0x92, 0x89, 0x6a, 0x05, 
	0x6a, 0x05, 0x48, 0xc1, 0xa3, 0x0b, 0xb3, 0x0b, 
	0x72, 0x87, 0x82, 0xc9, 0x71, 0xc5, 0x49, 0x03, 
	0x52, 0x05, 0x92, 0x49, 0xcc, 0x0f, 0x9b, 0x8b, 
	0x8a, 0x47, 0x40, 0x81, 0x28, 0x03, 0x20, 0x03, 
	0x59, 0x03, 0x69, 0x87, 0x59, 0x45, 0x72, 0x07, 
	0x82, 0x07, 0xab, 0x0d, 0x92, 0x89, 0x82, 0x05, 
	0x9a, 0xcb, 0x8a, 0x47, 0x40, 0x81, 0x61, 0x45, 
	0x82, 0x47, 0x59, 0x03, 0x61, 0x85, 0x71, 0xc5, 
	0x92, 0x47, 0xa2, 0xcb, 0xbb, 0x4d, 0xcb, 0x8f, 
	0x8a, 0x89, 0x92, 0x89, 0x71, 0xc5, 0x51, 0x03, 
	0x61, 0xc5, 0x69, 0x85, 0xcb, 0xcf, 0xaa, 0xcb, 
	0x61, 0x43, 0x30, 0x01, 0x30, 0x01, 0x40, 0x81, 
	0x40, 0x41, 0x51, 0x05, 0x92, 0xcb, 0xcc, 0x11, 
	0xc3, 0x8f, 0x9a, 0xc9, 0x92, 0x89, 0x92, 0x89, 
	0xd3, 0xd1, 0x79, 0xc5, 0x28, 0x01, 0x59, 0x45, 
	0x8a, 0x89, 0x48, 0xc3, 0x20, 0x01, 0x48, 0xc3, 
	0xc3, 0x4d, 0xbb, 0x4d, 0xc3, 0x4d, 0x92, 0x89, 
	0x59, 0x41, 0x40, 0x41, 0x48, 0x81, 0x92, 0x87, 
	0x92, 0x89, 0x92, 0x89, 0x8a, 0x47, 0x9b, 0x0b, 
	0x92, 0x89, 0x61, 0x43, 0x51, 0x03, 0x59, 0x43, 
	0x38, 0x41, 0x50, 0xc3, 0x61, 0x03, 0x9a, 0xcb, 
	0x92, 0x87, 0x8a, 0x47, 0x82, 0x07, 0x71, 0xc5, 
	0x69, 0xc3, 0x59, 0x43, 0x38, 0x43, 0x28, 0x01, 
	0x59, 0x47, 0x7a, 0x05, 0x71, 0xc5, 0x82, 0x07, 
	0x92, 0xcb, 0x92, 0x47, 0x9a, 0x89, 0x9a, 0xc9, 
	0x7a, 0x05, 0x40, 0x81, 0x69, 0x85, 0xf4, 0x95, 
	0xf4, 0x51, 0x92, 0x47, 0x82, 0x07, 0xb3, 0x4d, 
	0x9a, 0xc9, 0x59, 0x43, 0x30, 0x01, 0x71, 0xc7, 
	0x51, 0x03, 0x92, 0xcb, 0xab, 0x0d, 0x8a, 0x05, 
	0x69, 0x83, 0xbb, 0x8f, 0xa2, 0xcb, 0x61, 0x43, 
	0x40, 0x41, 0x38, 0x41, 0x38, 0x41, 0x30, 0x01, 
	0x69, 0x87, 0x92, 0x89, 0x82, 0x47, 0x71, 0xc5, 
	0x59, 0x03, 0x61, 0x43, 0xa3, 0x0b, 0xc3, 0x4d, 
	0x92, 0x89, 0x51, 0x01, 0xb2, 0xcb, 0xf4, 0x93, 
	0xdb, 0x8d, 0x92, 0x47, 0xab, 0x4d, 0xdb, 0xcf, 
	0x92, 0x89, 0x50, 0xc1, 0x48, 0xc1, 0x7a, 0x07, 
	0x61, 0x83, 0x69, 0x83, 0x50, 0xc3, 0x7a, 0x07, 
	0x82, 0x47, 0xc3, 0x8f, 0x81, 0xc5, 0x40, 0x41, 
	0x40, 0x41, 0x82, 0x09, 0x61, 0x43, 0x71, 0xc7, 
	0x8a, 0x49, 0x79, 0xc5, 0x9a, 0xcb, 0x9a, 0xcb, 
	0x40, 0x81, 0x72, 0x07, 0xbb, 0x8f, 0xab, 0x0b, 
	0x69, 0x83, 0x61, 0x43, 0xdb, 0xd1, 0xbb, 0x0b, 
	0x9a, 0x89, 0x92, 0x89, 0xa3, 0x0b, 0x9a, 0xc9, 
	0x69, 0x83, 0x50, 0xc1, 0x51, 0x03, 0x40, 0x81, 
	0x71, 0xc5, 0x71, 0xc5, 0x50, 0xc1, 0x61, 0x87, 
	0x82, 0x47, 0x40, 0x81, 0x28, 0x01, 0x51, 0x05, 
	0x92, 0xcb, 0xc3, 0x8f, 0x69, 0x85, 0x69, 0x85, 
	0x82, 0x07, 0x82, 0x07, 0x92, 0x89, 0x50, 0xc3, 
	0x40, 0x81, 0x82, 0x49, 0x9a, 0xcb, 0x82, 0x07, 
	0x40, 0x81, 0x82, 0x09, 0xc3, 0x8d, 0x82, 0x05, 
	0x82, 0x47, 0x8a, 0x49, 0x82, 0x47, 0x59, 0x03, 
	0x51, 0x03, 0x61, 0x83, 0x48, 0xc1, 0x30, 0x01, 
	0x82, 0x07, 0x8a, 0x89, 0x69, 0x85, 0x48, 0xc3, 
	0x40, 0x83, 0x28, 0x01, 0x20, 0x01, 0x59, 0x45, 
	0x8a, 0x49, 0x92, 0x89, 0x71, 0xc7, 0x82, 0x89, 
	0x92, 0xc9, 0x7a, 0x05, 0x71, 0xc5, 0x38, 0x41, 
	0x59, 0x43, 0x79, 0xc7, 0x8a, 0x49, 0x82, 0x47, 
	0x69, 0x83, 0xbb, 0x8f, 0xec, 0x53, 0x92, 0x47, 
	0x7a, 0x05, 0x71, 0xc5, 0x48, 0x83, 0x28, 0x01, 
	0x38, 0x83, 0x71, 0xc5, 0x72, 0x07, 0x69, 0x85, 
	0xa2, 0xc9, 0x92, 0xcb, 0x61, 0x45, 0x59, 0x03, 
	0x40, 0x83, 0x38, 0x83, 0x38, 0x83, 0x61, 0x45, 
	0x8a, 0x07, 0x92, 0x49, 0x82, 0x07, 0x9a, 0xcb, 
	0xa3, 0x0b, 0x59, 0x01, 0xa3, 0x0b, 0x8a, 0x07, 
	0x51, 0x05, 0x61, 0x45, 0x71, 0xc7, 0x79, 0xc7, 
	0x92, 0x49, 0xd3, 0x8f, 0x8a, 0x47, 0x92, 0xcb, 
	0x92, 0x89, 0x92, 0x89, 0x71, 0xc5, 0x40, 0x41, 
	0x30, 0x01, 0x92, 0x8b, 0x92, 0xc9, 0x7a, 0x07, 
	0x7a, 0x07, 0x8a, 0x49, 0x71, 0xc5, 0x61, 0x45, 
	0x59, 0x03, 0x48, 0xc3, 0x40, 0x83, 0x40, 0x83, 
	0x59, 0x05, 0x71, 0x85, 0x71, 0x85, 0xa2, 0xc9, 
	0x82, 0x07, 0x79, 0xc5, 0x59, 0x03, 0x61, 0x43, 
	0x82, 0x89, 0x71, 0xc7, 0x7a, 0x07, 0x82, 0x07, 
	0xcb, 0xd1, 0xa2, 0xcb, 0x92, 0xc9, 0x71, 0x85, 
	0x38, 0x41, 0x61, 0x45, 0x51, 0x03, 0x30, 0x01, 
	0x48, 0xc3, 0xa3, 0x0d, 0x79, 0xc5, 0x69, 0x85, 
	0x92, 0x49, 0x82, 0x07, 0x61, 0x43, 0x59, 0x43, 
	0x51, 0x03, 0x38, 0x83, 0x30, 0x43, 0x30, 0x43, 
	0x59, 0x05, 0x69, 0x45, 0x79, 0xc7, 0x92, 0x49, 
	0x61, 0x43, 0x48, 0x81, 0x30, 0x01, 0x51, 0x03, 
	0x7a, 0x07, 0x92, 0x8b, 0x8a, 0x49, 0x92, 0x89, 
	0xb3, 0x4d, 0x79, 0xc5, 0x59, 0x03, 0x38, 0x41, 
	0x28, 0x01, 0x61, 0x45, 0x72, 0x07, 0x61, 0x85, 
	0x8a, 0x49, 0x9a, 0xcb, 0x82, 0x07, 0x92, 0x89, 
	0x8a, 0x47, 0x82, 0x07, 0x7a, 0x07, 0x69, 0x85, 
	0x48, 0xc3, 0x48, 0xc5, 0x69, 0xc5, 0x51, 0x03, 
	0x61, 0x85, 0x71, 0xc7, 0xa3, 0x0d, 0x71, 0x85, 
	0x51, 0x03, 0x61, 0x45, 0x30, 0x01, 0x38, 0x43, 
	0x81, 0xc9, 0x9a, 0xcb, 0x92, 0x49, 0xab, 0x4d, 
	0x92, 0x47, 0x40, 0x41, 0x28, 0x03, 0x30, 0x01, 
	0x69, 0x87, 0x9a, 0xcb, 0x9a, 0xcb, 0x48, 0x81, 
	0x59, 0x45, 0x8a, 0x89, 0x7a, 0x05, 0x79, 0xc5, 
	0xb3, 0x4d, 0x9a, 0xc9, 0x7a, 0x07, 0x59, 0x43, 
	0x30, 0x01, 0x59, 0x05, 0x8a, 0x87, 0x69, 0x83, 
	0x8a, 0x89, 0xa3, 0x0d, 0xab, 0x0b, 0x8a, 0x07, 
	0x92, 0x8b, 0x8a, 0x47, 0x40, 0x41, 0x30, 0x01, 
	0xa3, 0x0d, 0xb3, 0x0b, 0x7a, 0x05, 0xab, 0x0d, 
	0x8a, 0x47, 0x38, 0x41, 0x20, 0x01, 0x38, 0x41, 
	0xab, 0x0d, 0x92, 0x89, 0x71, 0xc5, 0x40, 0x41, 
	0x61, 0x85, 0x71, 0xc5, 0x69, 0xc5, 0x69, 0x85, 
	0x82, 0x47, 0x69, 0x83, 0x69, 0x83, 0x61, 0x83, 
	0x48, 0x81, 0x48, 0x81, 0xc3, 0x8f, 0xb3, 0x0b, 
	0x82, 0x47, 0x7a, 0x07, 0x7a, 0x05, 0xb3, 0x4d, 
	0xcb, 0x8f, 0x79, 0xc5, 0x40, 0x81, 0x51, 0x03, 
	0x9a, 0xcb, 0xa2, 0x89, 0xab, 0x0b, 0xec, 0x95, 
	0x92, 0x89, 0x51, 0x03, 0x51, 0x05, 0x79, 0xc7, 
	0x92, 0x89, 0x71, 0x85, 0x48, 0xc1, 0x82, 0x49, 
	0x69, 0x85, 0x38, 0x41, 0x82, 0x49, 0x92, 0xcb, 
	0x71, 0xc5, 0x7a, 0x07, 0x72, 0x05, 0x82, 0x47, 
	0x82, 0x07, 0x92, 0x89, 0xdb, 0x8f, 0xb3, 0x0b, 
	0x61, 0x43, 0x38, 0x01, 0x92, 0x89, 0xec, 0x95, 
	0x9a, 0x89, 0x61, 0x43, 0x38, 0x01, 0x61, 0x45, 
	0xab, 0x0d, 0xc3, 0x4d, 0xbb, 0x4d, 0xc3, 0x8d, 
	0x82, 0x05, 0x61, 0x85, 0x8a, 0x89, 0x82, 0x47, 
	0x79, 0xc5, 0x82, 0x49, 0x71, 0xc5, 0x8a, 0x49, 
	0x50, 0xc3, 0x8a, 0x09, 0xb3, 0x0d, 0x92, 0x89, 
	0x69, 0x83, 0x82, 0x49, 0x61, 0x83, 0x7a, 0x07, 
	0x9b, 0x0d, 0x9a, 0xcb, 0x92, 0x89, 0x8a, 0x47, 
	0x51, 0x01, 0x51, 0x03, 0x92, 0xcb, 0xa3, 0x0b, 
	0x7a, 0x05, 0x72, 0x05, 0x48, 0x81, 0x48, 0x83, 
	0x9a, 0xcb, 0xbb, 0x4d, 0x9a, 0xc9, 0x8a, 0x47, 
	0x40, 0x41, 0x59, 0x05, 0x9b, 0x0b, 0x92, 0x89, 
	0x92, 0xcb, 0x82, 0x47, 0x59, 0x43, 0x38, 0x01, 
	0x48, 0x83, 0xe4, 0x11, 0xd3, 0x8d, 0x7a, 0x05, 
	0x7a, 0x05, 0x61, 0x43, 0x48, 0x81, 0x92, 0x49, 
	0xbb, 0x4d, 0x82, 0x07, 0x82, 0x07, 0x71, 0xc5, 
	0x7a, 0x05, 0x71, 0xc5, 0x40, 0x41, 0x59, 0x43, 
	0x8a, 0x47, 0x7a, 0x07, 0x40, 0x81, 0x59, 0x43, 
	0x92, 0x49, 0xc3, 0x8f, 0x69, 0x43, 0x59, 0x43, 
	0x48, 0x81, 0x69, 0xc7, 0x8a, 0x47, 0xa2, 0xcb, 
	0x9a, 0xcb, 0x69, 0x83, 0x30, 0x01, 0x40, 0x83, 
	0xa3, 0x0d, 0xdb, 0xcf, 0xa2, 0xc9, 0x71, 0xc3, 
	0xc3, 0x4d, 0x82, 0x07, 0x8a, 0x49, 0xd3, 0xcf, 
	0xd3, 0x8d, 0x82, 0x05, 0x61, 0x43, 0x61, 0x83, 
	0x7a, 0x47, 0x71, 0xc5, 0x50, 0xc3, 0x69, 0x85, 
	0x92, 0xcb, 0x7a, 0x07, 0x51, 0x03, 0x7a, 0x07, 
	0x8a, 0x89, 0x82, 0x07, 0x38, 0x01, 0x61, 0x45, 
	0x69, 0xc3, 0x51, 0x01, 0x8a, 0x49, 0xcb, 0x8f, 
	0x8a, 0x47, 0x82, 0x47, 0x51, 0x01, 0x69, 0x45, 
	0xbb, 0x8f, 0x71, 0x83, 0x69, 0x83, 0x61, 0x43, 
	0xd3, 0xcf, 0x92, 0x47, 0x69, 0x83, 0xc3, 0x4d, 
	0xc3, 0x4d, 0x8a, 0x49, 0x51, 0x03, 0x40, 0x83, 
	0x59, 0x43, 0x72, 0x05, 0x82, 0x89, 0x61, 0x83, 
	0x79, 0xc5, 0x92, 0x89, 0x82, 0x07, 0x61, 0x43, 
	0x40, 0xc3, 0x49, 0x03, 0x38, 0x83, 0x71, 0xc7, 
	0x61, 0x43, 0x8a, 0x47, 0xdb, 0xcf, 0xb3, 0x0d, 
	0x8a, 0x47, 0x7a, 0x07, 0x48, 0xc1, 0x50, 0xc3, 
	0x9b, 0x0b, 0x50, 0x81, 0x82, 0x09, 0x59, 0x03, 
	0x8a, 0x05, 0x61, 0x83, 0x61, 0x45, 0xc3, 0x4f, 
	0x9a, 0x89, 0x69, 0x85, 0x40, 0x81, 0x28, 0x01, 
	0x48, 0xc3, 0x8a, 0x89, 0x79, 0xc5, 0x71, 0xc5, 
	0x9a, 0xcb, 0xa3, 0x0b, 0x61, 0x43, 0x30, 0x01, 
	0x40, 0x83, 0x82, 0x49, 0x7a, 0x07, 0x8a, 0x89, 
	0x69, 0x81, 0xcb, 0x4d, 0xf4, 0x51, 0xbb, 0x0b, 
	0x8a, 0x47, 0x69, 0x83, 0x40, 0x41, 0x48, 0xc3, 
	0x71, 0xc7, 0x69, 0x85, 0x92, 0x89, 0x9a, 0xcb, 
	0x9a, 0xcb, 0x69, 0x83, 0x92, 0x8b, 0xc3, 0x8f, 
	0x79, 0xc5, 0x7a, 0x47, 0x59, 0x03, 0x38, 0x01, 
	0x48, 0x81, 0xb3, 0x0d, 0xc3, 0x4d, 0xc3, 0x8d, 
	0xb3, 0x0b, 0x92, 0x87, 0x50, 0xc3, 0x28, 0x01, 
	0x69, 0x45, 0xe4, 0x11, 0x8a, 0x05, 0x82, 0x07, 
	0x92, 0x89, 0xdb, 0xcf, 0xe3, 0xcf, 0xb3, 0x0b, 
	0x92, 0x89, 0x7a, 0x05, 0x61, 0x43, 0x30, 0x01, 
	0x40, 0x83, 0xb3, 0x4d, 0xdc, 0x11, 0xab, 0x0b, 
	0x92, 0x89, 0x69, 0xc5, 0x8a, 0x89, 0x7a, 0x05, 
	0x61, 0x83, 0x7a, 0x05, 0x61, 0x83, 0x40, 0x81, 
	0x69, 0x85, 0xd3, 0xcf, 0xaa, 0xcb, 0xa2, 0xcb, 
	0x92, 0xc9, 0x71, 0xc5, 0x30, 0x01, 0x28, 0x01, 
	0x79, 0xc7, 0xcb, 0x8f, 0x82, 0x05, 0x9a, 0xcb, 
	0xa2, 0xcb, 0x8a, 0x07, 0x92, 0x89, 0x92, 0x47, 
	0x82, 0x47, 0x72, 0x05, 0x59, 0x43, 0x30, 0x01, 
	0x59, 0x05, 0xd3, 0xd1, 0xc3, 0x4b, 0xa2, 0xcb, 
	0x59, 0x45, 0x48, 0x81, 0x69, 0x83, 0x92, 0x47, 
	0x7a, 0x07, 0x7a, 0x07, 0x61, 0x83, 0x48, 0xc1, 
	0x82, 0x4b, 0x92, 0x87, 0x48, 0x81, 0x51, 0x03, 
	0x92, 0x47, 0x71, 0x85, 0x50, 0xc3, 0x40, 0x81, 
	0x82, 0x47, 0x71, 0xc3, 0x9a, 0xcb, 0xc3, 0x4d, 
	0x61, 0x43, 0x40, 0x41, 0x79, 0xc7, 0xab, 0x0b, 
	0x7a, 0x05, 0x69, 0xc3, 0x69, 0x85, 0x40, 0x41, 
	0x59, 0x03, 0x92, 0xcb, 0x8a, 0x47, 0x8a, 0x49, 
	0x48, 0x81, 0x48, 0x81, 0xa2, 0xcb, 0xdb, 0xcf, 
	0x71, 0x85, 0x38, 0x41, 0x40, 0xc3, 0x51, 0x03, 
	0x69, 0x85, 0x69, 0x85, 0x30, 0x01, 0x7a, 0x09, 
	0xc3, 0x8f, 0x92, 0x47, 0xcb, 0x8f, 0x92, 0x89, 
	0x92, 0xc9, 0x82, 0x07, 0x92, 0x89, 0x82, 0x07, 
	0x40, 0x81, 0x28, 0x01, 0x8a, 0x4b, 0xab, 0x0b, 
	0x71, 0xc5, 0x8a, 0x89, 0x69, 0x85, 0x30, 0x01, 
	0x48, 0xc5, 0x92, 0x89, 0x71, 0xc5, 0x59, 0x43, 
	0x48, 0xc1, 0x9b, 0x0d, 0xcb, 0xcf, 0x92, 0x45, 
	0x69, 0x83, 0x38, 0x01, 0x30, 0x43, 0x38, 0x41, 
	0x59, 0x45, 0x7a, 0x07, 0x71, 0xc7, 0xa2, 0xcb, 
	0xa2, 0xcb, 0xbb, 0x4d, 0xec, 0x11, 0xaa, 0xcb, 
	0x61, 0x43, 0x92, 0x8b, 0x92, 0x47, 0x7a, 0x05, 
	0x48, 0xc3, 0x20, 0x03, 0x38, 0x41, 0x71, 0xc5, 
	0x8a, 0x47, 0x9a, 0xcb, 0x69, 0x43, 0x40, 0x41, 
	0x69, 0x87, 0xa3, 0x0d, 0x48, 0xc3, 0x30, 0x01, 
	0x79, 0xc5, 0xd4, 0x53, 0x92, 0x89, 0x69, 0xc3, 
	0x61, 0x83, 0x48, 0x81, 0x30, 0x01, 0x38, 0x41, 
	0xbb, 0x91, 0xdc, 0x11, 0xc3, 0x4d, 0xa2, 0xcb, 
	0x8a, 0x47, 0xc3, 0x8f, 0x9a, 0x89, 0x82, 0x47, 
	0x38, 0x01, 0x9a, 0xcb, 0xab, 0x0b, 0x92, 0x87, 
	0x48, 0xc3, 0x30, 0x01, 0x61, 0x85, 0x8a, 0x89, 
	0x8a, 0x47, 0x9a, 0xc9, 0x92, 0x89, 0x7a, 0x07, 
	0x7a, 0x07, 0x7a, 0x05, 0x59, 0x45, 0x7a, 0x07, 
	0xd4, 0x95, 0xc3, 0x8d, 0x7a, 0x05, 0x61, 0x43, 
	0x51, 0x01, 0x59, 0x43, 0x40, 0x81, 0x71, 0x85, 
	0xe4, 0x97, 0xbb, 0x8f, 0xc3, 0x4d, 0xa2, 0xcb, 
	0x82, 0x47, 0x61, 0x41, 0x69, 0xc5, 0x61, 0x43, 
	0x61, 0x43, 0x8a, 0x49, 0x9a, 0xcb, 0x79, 0xc5, 
	0x38, 0x01, 0x59, 0x03, 0x82, 0x49, 0x61, 0x83, 
	0x69, 0x83, 0xab, 0x0b, 0xc3, 0x4b, 0x92, 0x89, 
	0x7a, 0x07, 0x61, 0x43, 0x7a, 0x07, 0x82, 0x47, 
	0xa3, 0x0d, 0xab, 0x0b, 0x92, 0xcb, 0x69, 0xc5, 
	0x51, 0x03, 0x92, 0x8b, 0x7a, 0x05, 0x7a, 0x05, 
	0xbb, 0x4d, 0x92, 0x47, 0xab, 0x0d, 0x8a, 0x47, 
	0x40, 0x41, 0x38, 0x01, 0x8a, 0x49, 0x8a, 0x07, 
	0x61, 0x43, 0x92, 0x89, 0xcb, 0x8f, 0x81, 0xc7, 
	0x40, 0x81, 0x7a, 0x47, 0x61, 0x43, 0x38, 0x41, 
	0x8a, 0x89, 0x92, 0x89, 0xdb, 0xcf, 0xaa, 0xcb, 
	0x7a, 0x07, 0x71, 0xc5, 0x49, 0x03, 0x71, 0xc7, 
	0x92, 0x49, 0xb3, 0x4d, 0x82, 0x47, 0x51, 0x01, 
	0x71, 0xc7, 0x82, 0x47, 0x82, 0x47, 0x82, 0x47, 
	0x9a, 0xcb, 0x9a, 0xcb, 0x92, 0xc9, 0x71, 0x85, 
	0x30, 0x01, 0x82, 0x0b, 0xf4, 0x95, 0xa2, 0xcb, 
	0x69, 0x85, 0xbb, 0x4d, 0xe3, 0xd1, 0xa2, 0xcb, 
	0x7a, 0x07, 0x71, 0xc5, 0x38, 0x41, 0x40, 0x83, 
	0x92, 0x8b, 0x7a, 0x05, 0xd3, 0x8f, 0xbb, 0x4d, 
	0x7a, 0x05, 0x59, 0x43, 0x51, 0x05, 0x50, 0xc5, 
	0x92, 0x49, 0xb3, 0x0d, 0x71, 0xc5, 0x69, 0xc5, 
	0x8a, 0x89, 0x61, 0x83, 0x69, 0x85, 0x7a, 0x07, 
	0x79, 0xc5, 0x92, 0xcb, 0x71, 0xc5, 0x59, 0x01, 
	0x50, 0xc1, 0xb3, 0x8f, 0xd3, 0x8f, 0x71, 0x43, 
	0x92, 0x8b, 0xab, 0x0b, 0xbb, 0x4d, 0x82, 0x05, 
	0x92, 0x89, 0x92, 0x89, 0x50, 0xc1, 0x48, 0xc3, 
	0x69, 0x85, 0x7a, 0x05, 0xab, 0x0d, 0xa2, 0xcb, 
	0x71, 0xc5, 0x38, 0x41, 0x30, 0x43, 0x51, 0x05, 
	0x79, 0xc7, 0xa3, 0x0b, 0x69, 0x83, 0x59, 0x03, 
	0x69, 0xc5, 0x82, 0x07, 0x8a, 0x49, 0x61, 0x43, 
	0x51, 0x03, 0x8a, 0x49, 0x38, 0x41, 0x69, 0x85, 
	0x92, 0x89, 0xa3, 0x0b, 0x8a, 0x47, 0x48, 0x81, 
	0x92, 0x89, 0x8a, 0x47, 0xbb, 0x4f, 0x92, 0x89, 
	0x92, 0x89, 0x92, 0x89, 0x59, 0x01, 0x40, 0x81, 
	0x30, 0x01, 0x71, 0x85, 0xd3, 0x8f, 0xa2, 0xcb, 
	0x7a, 0x05, 0x40, 0x41, 0x20, 0x03, 0x18, 0x43, 
	0x82, 0x07, 0x50, 0xc1, 0x38, 0x41, 0x30, 0x01, 
	0x48, 0x81, 0xab, 0x4d, 0xbb, 0x4d, 0x79, 0xc5, 
	0x7a, 0x07, 0x7a, 0x07, 0x48, 0xc1, 0x82, 0x49, 
	0xa3, 0x0b, 0x82, 0x07, 0x92, 0x89, 0x7a, 0x05, 
	0x59, 0x03, 0x48, 0xc1, 0x92, 0x49, 0xb3, 0x0b, 
	0x8a, 0x47, 0x92, 0xcb, 0x71, 0xc5, 0x51, 0x01, 
	0x40, 0x81, 0x92, 0x49, 0xec, 0x0f, 0xc3, 0x4d, 
	0x8a, 0x47, 0x40, 0x81, 0x28, 0x03, 0x20, 0x03, 
	0x59, 0x03, 0x30, 0x01, 0x61, 0x45, 0x8a, 0x49, 
	0x82, 0x07, 0xab, 0x0d, 0x92, 0x89, 0x82, 0x05, 
	0x9a, 0xcb, 0x8a, 0x47, 0x40, 0x81, 0x61, 0x45, 
	0x82, 0x47, 0x59, 0x03, 0x61, 0x85, 0x71, 0xc5, 
	0x92, 0x47, 0xa2, 0xcb, 0xbb, 0x4d, 0xcb, 0x8f, 
	0x92, 0x89, 0x92, 0x89, 0x71, 0xc5, 0x61, 0x43, 
	0x69, 0xc5, 0x69, 0x85, 0xd3, 0x8f, 0xaa, 0xcb, 
	0x61, 0x43, 0x30, 0x01, 0x30, 0x01, 0x40, 0x81, 
	0x40, 0x41, 0x38, 0x41, 0x92, 0xcb, 0xcc, 0x11, 
	0xc3, 0x8f, 0x9a, 0xc9, 0x92, 0x87, 0x92, 0x89, 
	0xd3, 0xd1, 0x79, 0xc5, 0x28, 0x01, 0x59, 0x45, 
	0x8a, 0x89, 0x48, 0xc3, 0x20, 0x01, 0x48, 0xc3, 
	0xf4, 0x95, 0xcb, 0x4d, 0xe4, 0x53, 0xbb, 0x4d, 
	0x71, 0xc5, 0x59, 0x01, 0x69, 0x83, 0x7a, 0x07, 
	0x69, 0x85, 0x69, 0x45, 0xb3, 0x8f, 0x9a, 0xc9, 
	0x7a, 0x07, 0x48, 0x81, 0x51, 0x03, 0x69, 0xc5, 
	0x30, 0x43, 0x28, 0x01, 0x51, 0x03, 0x92, 0x89, 
	0xb3, 0x4d, 0x92, 0x89, 0x8a, 0x47, 0x8a, 0x47, 
	0x92, 0xc9, 0x61, 0x03, 0x30, 0x03, 0x38, 0x43, 
	0x59, 0x43, 0x51, 0x03, 0x38, 0x41, 0x71, 0xc7, 
	0xc3, 0x4d, 0xbb, 0x4d, 0xc3, 0x4d, 0x92, 0x89, 
	0x59, 0x41, 0x40, 0x41, 0x48, 0x81, 0x92, 0x87, 
	0xcb, 0x8f, 0x92, 0x89, 0x8a, 0x47, 0x92, 0xcb, 
	0x92, 0x89, 0x61, 0x43, 0x51, 0x03, 0x59, 0x43, 
	0x38, 0x41, 0x50, 0xc3, 0x61, 0x03, 0x9a, 0xcb, 
	0x92, 0x87, 0x8a, 0x47, 0x82, 0x07, 0x71, 0xc5, 
	0x69, 0xc3, 0x59, 0x43, 0x38, 0x43, 0x28, 0x01, 
	0x59, 0x47, 0x7a, 0x05, 0x71, 0xc5, 0x82, 0x07, 
	0x92, 0xcb, 0x92, 0x47, 0x9a, 0x89, 0x9a, 0xc9, 
	0x7a, 0x05, 0x40, 0x81, 0x69, 0x85, 0xf4, 0x95, 
	0xf4, 0x51, 0x92, 0x05, 0x82, 0x07, 0xcb, 0x8f, 
	0x9a, 0xc9, 0x59, 0x43, 0x30, 0x01, 0x71, 0xc7, 
	0x51, 0x03, 0x92, 0xcb, 0xab, 0x0d, 0x8a, 0x05, 
	0x69, 0x83, 0xbb, 0x8f, 0xa2, 0xcb, 0x61, 0x43, 
	0x40, 0x41, 0x38, 0x41, 0x38, 0x41, 0x30, 0x01, 
	0x69, 0x87, 0x92, 0x89, 0x82, 0x47, 0x71, 0xc5, 
	0x59, 0x03, 0x61, 0x43, 0xa3, 0x0b, 0xc3, 0x4d, 
	0x92, 0x89, 0x51, 0x01, 0xb2, 0xcb, 0xf4, 0x93, 
	0xdb, 0x8d, 0x92, 0x47, 0xab, 0x4d, 0xdb, 0xcf, 
	0x92, 0x89, 0x50, 0xc1, 0x48, 0xc1, 0x7a, 0x07, 
	0x61, 0x83, 0x69, 0x83, 0x50, 0xc3, 0x7a, 0x07, 
	0x82, 0x47, 0xc3, 0x8f, 0x81, 0xc5, 0x40, 0x41, 
	0x40, 0x41, 0x82, 0x09, 0x61, 0x43, 0x71, 0xc7, 
	0x8a, 0x49, 0x79, 0xc5, 0x9a, 0xcb, 0x9a, 0xcb, 
	0x40, 0x81, 0x72, 0x07, 0xbb, 0x8f, 0xab, 0x0b, 
	0x69, 0x83, 0x61, 0x43, 0xdb, 0xd1, 0xbb, 0x0b, 
	0x9a, 0x89, 0x92, 0x89, 0xa3, 0x0b, 0x9a, 0xc9, 
	0x69, 0x83, 0x50, 0xc1, 0x51, 0x03, 0x40, 0x81, 
	0x71, 0xc5, 0x71, 0xc5, 0x50, 0xc1, 0x61, 0x87, 
	0x82, 0x47, 0x40, 0x81, 0x28, 0x01, 0x51, 0x05, 
	0x92, 0xcb, 0xc3, 0x8f, 0x69, 0x85, 0x69, 0x85, 
	0x82, 0x07, 0x82, 0x07, 0x92, 0x89, 0x50, 0xc3, 
	0x40, 0x81, 0x82, 0x49, 0x9a, 0xcb, 0x82, 0x07, 
	0x40, 0x81, 0x82, 0x09, 0xc3, 0x8d, 0x82, 0x05, 
	0x82, 0x47, 0x8a, 0x49, 0x82, 0x47, 0x59, 0x03, 
	0x51, 0x03, 0x61, 0x83, 0x48, 0xc1, 0x30, 0x01, 
	0x82, 0x07, 0x8a, 0x89, 0x69, 0x85, 0x48, 0xc3, 
	0x40, 0x83, 0x28, 0x01, 0x20, 0x01, 0x59, 0x45, 
	0x8a, 0x49, 0x92, 0x89, 0x71, 0xc7, 0x82, 0x89, 
	0x92, 0xc9, 0x7a, 0x05, 0x71, 0xc5, 0x38, 0x41, 
	0x59, 0x43, 0x79, 0xc7, 0x8a, 0x49, 0x82, 0x47, 
	0x69, 0x83, 0xbb, 0x8f, 0xec, 0x53, 0x92, 0x47, 
	0x7a, 0x05, 0x71, 0xc5, 0x48, 0x83, 0x28, 0x01, 
	0x38, 0x83, 0x71, 0xc5, 0x72, 0x07, 0x69, 0x85, 
	0xa2, 0xc9, 0x92, 0xcb, 0x61, 0x45, 0x59, 0x03, 
	0x40, 0x83, 0x38, 0x83, 0x38, 0x83, 0x61, 0x45, 
	0x8a, 0x07, 0x92, 0x49, 0x82, 0x07, 0x9a, 0xcb, 
	0xa3, 0x0b, 0x59, 0x01, 0xa3, 0x0b, 0x8a, 0x07, 
	0x51, 0x05, 0x61, 0x45, 0x71, 0xc7, 0x79, 0xc7, 
	0x92, 0x49, 0xd3, 0x8f, 0x8a, 0x47, 0x92, 0xcb, 
	0x92, 0x89, 0x92, 0x89, 0x71, 0xc5, 0x40, 0x41, 
	0x30, 0x01, 0x92, 0x8b, 0x92, 0xc9, 0x7a, 0x07, 
	0x7a, 0x07, 0x8a, 0x49, 0x71, 0xc5, 0x61, 0x45, 
	0x59, 0x03, 0x48, 0xc3, 0x40, 0x83, 0x40, 0x83, 
	0x59, 0x05, 0x71, 0x85, 0x71, 0x85, 0xa2, 0xc9, 
	0x82, 0x07, 0x79, 0xc5, 0x59, 0x03, 0x61, 0x43, 
	0x82, 0x89, 0x71, 0xc7, 0x7a, 0x07, 0x82, 0x07, 
	0xcb, 0xd1, 0xa2, 0xcb, 0x92, 0xc9, 0x71, 0x85, 
	0x38, 0x41, 0x61, 0x45, 0x51, 0x03, 0x30, 0x01, 
	0x48, 0xc3, 0xa3, 0x0d, 0x79, 0xc5, 0x69, 0x85, 
	0x92, 0x49, 0x82, 0x07, 0x61, 0x43, 0x59, 0x43, 
	0x51, 0x03, 0x38, 0x83, 0x30, 0x43, 0x30, 0x43, 
	0x59, 0x05, 0x69, 0x45, 0x79, 0xc7, 0x92, 0x49, 
	0x61, 0x43, 0x48, 0x81, 0x30, 0x01, 0x51, 0x03, 
	0x7a, 0x07, 0x92, 0x8b, 0x8a, 0x49, 0x92, 0x89, 
	0xb3, 0x4d, 0x79, 0xc5, 0x59, 0x03, 0x38, 0x41, 
	0x28, 0x01, 0x61, 0x45, 0x72, 0x07, 0x61, 0x85, 
	0x8a, 0x49, 0x9a, 0xcb, 0x82, 0x07, 0x92, 0x89, 
	0x8a, 0x47, 0x82, 0x07, 0x7a, 0x07, 0x69, 0x85, 
	0x48, 0xc3, 0x48, 0xc5, 0x69, 0xc5, 0x51, 0x03, 
	0x61, 0x85, 0x71, 0xc7, 0xa3, 0x0d, 0x71, 0x85, 
	0x51, 0x03, 0x61, 0x45, 0x30, 0x01, 0x38, 0x43, 
	0x81, 0xc9, 0x9a, 0xcb, 0x92, 0x49, 0xab, 0x4d, 
	0x92, 0x47, 0x40, 0x41, 0x28, 0x03, 0x30, 0x01, 
	0x69, 0x87, 0x9a, 0xcb, 0x9a, 0xcb, 0x48, 0x81, 
	0x59, 0x45, 0x8a, 0x89, 0x7a, 0x05, 0x79, 0xc5, 
	0xb3, 0x4d, 0x9a, 0xc9, 0x7a, 0x07, 0x59, 0x43, 
	0x30, 0x01, 0x59, 0x05, 0x8a, 0x87, 0x69, 0x83, 
	0x8a, 0x89, 0xa3, 0x0d, 0xab, 0x0b, 0x8a, 0x07, 
	0x92, 0x8b, 0x8a, 0x47, 0x40, 0x41, 0x30, 0x01, 
	0xa3, 0x0d, 0xb3, 0x0b, 0x7a, 0x05, 0xab, 0x0d, 
	0x8a, 0x47, 0x38, 0x41, 0x20, 0x01, 0x38, 0x41, 
	0xab, 0x0d, 0x92, 0x89, 0x71, 0xc5, 0x40, 0x41, 
	0x61, 0x85, 0x71, 0xc5, 0x69, 0xc5, 0x69, 0x85, 
	0x82, 0x47, 0x69, 0x83, 0x69, 0x83, 0x61, 0x83, 
	0x48, 0x81, 0x48, 0x81, 0xc3, 0x8f, 0xb3, 0x0b, 
	0x82, 0x47, 0x7a, 0x07, 0x7a, 0x05, 0xb3, 0x4d, 
	0xcb, 0x8f, 0x79, 0xc5, 0x40, 0x81, 0x51, 0x03, 
	0x9a, 0xcb, 0xa2, 0x89, 0xab, 0x0b, 0xec, 0x95, 
	0x92, 0x89, 0x51, 0x03, 0x51, 0x05, 0x79, 0xc7, 
	0x92, 0x89, 0x71, 0x85, 0x48, 0xc1, 0x82, 0x49, 
	0x69, 0x85, 0x38, 0x41, 0x82, 0x49, 0x92, 0xcb, 
	0x71, 0xc5, 0x7a, 0x07, 0x72, 0x05, 0x82, 0x47, 
	0x82, 0x07, 0x92, 0x89, 0xdb, 0x8f, 0xb3, 0x0b, 
	0x61, 0x43, 0x38, 0x01, 0x92, 0x89, 0xec, 0x95, 
	0x9a, 0x89, 0x61, 0x43, 0x38, 0x01, 0x61, 0x45, 
	0xab, 0x0d, 0xc3, 0x4d, 0xbb, 0x4d, 0xc3, 0x8d, 
	0x82, 0x05, 0x61, 0x85, 0x8a, 0x89, 0x82, 0x47, 
	0x79, 0xc5, 0x82, 0x49, 0x71, 0xc5, 0x8a, 0x49, 
	0x50, 0xc3, 0x8a, 0x09, 0xb3, 0x0d, 0x92, 0x89, 
	0x69, 0x83, 0x82, 0x49, 0x61, 0x83, 0x7a, 0x07, 
	0x9b, 0x0d, 0x9a, 0xcb, 0x92, 0x89, 0x8a, 0x47, 
	0x51, 0x01, 0x51, 0x03, 0x92, 0xcb, 0xa3, 0x0b, 
	0x7a, 0x05, 0x72, 0x05, 0x48, 0x81, 0x48, 0x83, 
	0x9a, 0xcb, 0xbb, 0x4d, 0x9a, 0xc9, 0x8a, 0x47, 
	0x40, 0x41, 0x59, 0x05, 0x9b, 0x0b, 0x92, 0x89, 
	0x92, 0xcb, 0x82, 0x47, 0x59, 0x43, 0x38, 0x01, 
	0x48, 0x83, 0xe4, 0x11, 0xd3, 0x8d, 0x7a, 0x05, 
	0x7a, 0x05, 0x61, 0x43, 0x48, 0x81, 0x92, 0x49, 
	0xbb, 0x4d, 0x82, 0x07, 0x82, 0x07, 0x71, 0xc5, 
	0x7a, 0x05, 0x71, 0xc5, 0x40, 0x41, 0x59, 0x43, 
	0x8a, 0x47, 0x7a, 0x07, 0x40, 0x81, 0x59, 0x43, 
	0x92, 0x49, 0xc3, 0x8f, 0x69, 0x43, 0x59, 0x43, 
	0x48, 0x81, 0x69, 0xc7, 0x8a, 0x47, 0xa2, 0xcb, 
	0x9a, 0xcb, 0x69, 0x83, 0x30, 0x01, 0x40, 0x83, 
	0xa3, 0x0d, 0xdb, 0xcf, 0xa2, 0xc9, 0x71, 0xc3, 
	0xc3, 0x4d, 0x82, 0x07, 0x8a, 0x49, 0xd3, 0xcf, 
	0xd3, 0x8d, 0x82, 0x05, 0x61, 0x43, 0x61, 0x83, 
	0x7a, 0x47, 0x71, 0xc5, 0x50, 0xc3, 0x69, 0x85, 
	0x92, 0xcb, 0x7a, 0x07, 0x51, 0x03, 0x7a, 0x07, 
	0x8a, 0x89, 0x82, 0x07, 0x38, 0x01, 0x61, 0x45, 
	0x69, 0xc3, 0x51, 0x01, 0x8a, 0x49, 0xcb, 0x8f, 
	0x8a, 0x47, 0x82, 0x47, 0x51, 0x01, 0x69, 0x45, 
	0xbb, 0x8f, 0x71, 0x83, 0x69, 0x83, 0x61, 0x43, 
	0xd3, 0xcf, 0x92, 0x47, 0x69, 0x83, 0xc3, 0x4d, 
	0xc3, 0x4d, 0x8a, 0x49, 0x51, 0x03, 0x40, 0x83, 
	0x59, 0x43, 0x72, 0x05, 0x82, 0x89, 0x61, 0x83, 
	0x79, 0xc5, 0x92, 0x89, 0x82, 0x07, 0x61, 0x43, 
	0x40, 0xc3, 0x49, 0x03, 0x38, 0x83, 0x71, 0xc7, 
	0x61, 0x43, 0x8a, 0x47, 0xdb, 0xcf, 0xb3, 0x0d, 
	0x8a, 0x47, 0x7a, 0x07, 0x48, 0xc1, 0x50, 0xc3, 
	0x9b, 0x0b, 0x50, 0x81, 0x82, 0x09, 0x59, 0x03, 
	0x8a, 0x05, 0x61, 0x83, 0x61, 0x45, 0xc3, 0x4f, 
	0x9a, 0x89, 0x69, 0x85, 0x40, 0x81, 0x28, 0x01, 
	0x48, 0xc3, 0x8a, 0x89, 0x79, 0xc5, 0x71, 0xc5, 
	0x9a, 0xcb, 0xa3, 0x0b, 0x61, 0x43, 0x30, 0x01, 
	0x40, 0x83, 0x82, 0x49, 0x7a, 0x07, 0x8a, 0x89, 
	0x69, 0x81, 0xcb, 0x4d, 0xf4, 0x51, 0xbb, 0x0b, 
	0x8a, 0x47, 0x69, 0x83, 0x40, 0x41, 0x48, 0xc3, 
	0x71, 0xc7, 0x69, 0x85, 0x92, 0x89, 0x9a, 0xcb, 
	0x9a, 0xcb, 0x69, 0x83, 0x92, 0x8b, 0xc3, 0x8f, 
	0x79, 0xc5, 0x7a, 0x47, 0x59, 0x03, 0x38, 0x01, 
	0x48, 0x81, 0xb3, 0x0d, 0xc3, 0x4d, 0xc3, 0x8d, 
	0xb3, 0x0b, 0x92, 0x87, 0x50, 0xc3, 0x28, 0x01, 
	0x69, 0x45, 0xe4, 0x11, 0x8a, 0x05, 0x82, 0x07, 
	0x92, 0x89, 0xdb, 0xcf, 0xe3, 0xcf, 0xb3, 0x0b, 
	0x92, 0x89, 0x7a, 0x05, 0x61, 0x43, 0x30, 0x01, 
	0x40, 0x83, 0xb3, 0x4d, 0xdc, 0x11, 0xab, 0x0b, 
	0x92, 0x89, 0x69, 0xc5, 0x8a, 0x89, 0x7a, 0x05, 
	0x61, 0x83, 0x7a, 0x05, 0x61, 0x83, 0x40, 0x81, 
	0x69, 0x85, 0xd3, 0xcf, 0xaa, 0xcb, 0xa2, 0xcb, 
	0x92, 0xc9, 0x71, 0xc5, 0x30, 0x01, 0x28, 0x01, 
	0x79, 0xc7, 0xcb, 0x8f, 0x82, 0x05, 0x9a, 0xcb, 
	0xa2, 0xcb, 0x8a, 0x07, 0x92, 0x89, 0x92, 0x47, 
	0x82, 0x47, 0x72, 0x05, 0x59, 0x43, 0x30, 0x01, 
	0x59, 0x05, 0xd3, 0xd1, 0xc3, 0x4b, 0xa2, 0xcb, 
	0x59, 0x45, 0x48, 0x81, 0x69, 0x83, 0x92, 0x47, 
	0x7a, 0x07, 0x7a, 0x07, 0x61, 0x83, 0x48, 0xc1, 
	0x82, 0x4b, 0x92, 0x87, 0x48, 0x81, 0x51, 0x03, 
	0x92, 0x47, 0x71, 0x85, 0x50, 0xc3, 0x40, 0x81, 
	0x82, 0x47, 0x71, 0xc3, 0x9a, 0xcb, 0xc3, 0x4d, 
	0x61, 0x43, 0x40, 0x41, 0x79, 0xc7, 0xab, 0x0b, 
	0x7a, 0x05, 0x69, 0xc3, 0x69, 0x85, 0x40, 0x41, 
	0x59, 0x03, 0x92, 0xcb, 0x8a, 0x47, 0x8a, 0x49, 
	0x48, 0x81, 0x48, 0x81, 0xa2, 0xcb, 0xdb, 0xcf, 
	0x71, 0x85, 0x38, 0x41, 0x40, 0xc3, 0x51, 0x03, 
	0x69, 0x85, 0x69, 0x85, 0x30, 0x01, 0x7a, 0x09, 
	0xc3, 0x8f, 0x92, 0x47, 0xcb, 0x8f, 0x92, 0x89, 
	0x92, 0xc9, 0x82, 0x07, 0x92, 0x89, 0x82, 0x07, 
	0x40, 0x81, 0x28, 0x01, 0x8a, 0x4b, 0xab, 0x0b, 
	0x71, 0xc5, 0x8a, 0x89, 0x69, 0x85, 0x30, 0x01, 
	0x48, 0xc5, 0x92, 0x89, 0x71, 0xc5, 0x59, 0x43, 
	0x48, 0xc1, 0x9b, 0x0d, 0xcb, 0xcf, 0x92, 0x45, 
	0x69, 0x83, 0x38, 0x01, 0x30, 0x43, 0x38, 0x41, 
	0x59, 0x45, 0x7a, 0x07, 0x71, 0xc7, 0xa2, 0xcb, 
	0xa2, 0xcb, 0xbb, 0x4d, 0xec, 0x11, 0xaa, 0xcb, 
	
};

Gfx wf_dl_betawftxt_rgba16_aligner[] = {gsSPEndDisplayList()};
u8 wf_dl_betawftxt_rgba16[] = {
	0x94, 0x59, 0x6b, 0x51, 0x6b, 0x0f, 0x73, 0x51, 
	0x6b, 0x51, 0x6b, 0x4f, 0x6b, 0x91, 0x5a, 0xcb, 
	0x52, 0xcd, 0x8c, 0x5d, 0xce, 0x73, 0xef, 0x7b, 
	0xef, 0x7b, 0xd6, 0xfb, 0xef, 0x7b, 0xa4, 0xe5, 
	0x73, 0x57, 0x94, 0x5b, 0xa4, 0xe3, 0x84, 0x19, 
	0xa5, 0x25, 0xef, 0x7b, 0xce, 0x6d, 0xb5, 0xa5, 
	0xad, 0x25, 0xad, 0x23, 0xad, 0x25, 0xd6, 0x71, 
	0xe6, 0xf7, 0xe7, 0x3b, 0xe6, 0xf7, 0xe6, 0xef, 
	0x83, 0xd9, 0x94, 0xa3, 0xb5, 0x69, 0xce, 0x31, 
	0xde, 0xb3, 0xd6, 0x71, 0xc5, 0xa9, 0xc5, 0xed, 
	0x94, 0xa3, 0x63, 0x51, 0xb5, 0xa5, 0xb5, 0xa9, 
	0xd6, 0xb1, 0xef, 0x7b, 0xef, 0x77, 0xa5, 0x25, 
	0x7b, 0x99, 0x9c, 0xa3, 0x94, 0xa1, 0x8c, 0x5d, 
	0xc6, 0x2b, 0xef, 0x7b, 0xef, 0x7b, 0xde, 0xf3, 
	0xa5, 0x23, 0x94, 0x9d, 0x73, 0x95, 0xa4, 0xe5, 
	0x94, 0xa1, 0xce, 0x69, 0xef, 0x7b, 0xef, 0x7b, 
	0x7c, 0x17, 0xbd, 0xed, 0xd6, 0x71, 0xd6, 0xb3, 
	0xd6, 0x73, 0xd6, 0xb5, 0xce, 0x73, 0xd6, 0xb3, 
	0xd6, 0xb5, 0xde, 0xb3, 0xd6, 0xb5, 0xef, 0x73, 
	0xd6, 0xb5, 0xef, 0x7b, 0xef, 0x7b, 0xe7, 0x37, 
	0xd6, 0x6f, 0xef, 0x75, 0xde, 0xf3, 0xa5, 0x23, 
	0xbe, 0x29, 0xe7, 0x7b, 0xef, 0x7b, 0xef, 0x7b, 
	0xb5, 0xa5, 0xb5, 0xa7, 0x8c, 0x5f, 0x94, 0x9f, 
	0x9c, 0xa3, 0xa4, 0xe3, 0x9c, 0xa3, 0x94, 0x5d, 
	0x6b, 0x55, 0xad, 0x69, 0xc6, 0x2f, 0xbd, 0xed, 
	0xc6, 0x31, 0xd6, 0x73, 0xde, 0xb3, 0xd6, 0xb3, 
	0xd6, 0x71, 0xc5, 0xe9, 0xd6, 0xb5, 0xe7, 0x39, 
	0x52, 0xc9, 0x94, 0xa3, 0xef, 0x7b, 0xe6, 0xf7, 
	0xce, 0x71, 0xef, 0x7b, 0xef, 0x7b, 0xad, 0x23, 
	0x8c, 0x5f, 0xef, 0x7b, 0xef, 0x7b, 0xef, 0x7b, 
	0xe7, 0x31, 0xce, 0x29, 0xc6, 0x29, 0xc6, 0x2b, 
	0xa4, 0xe3, 0xef, 0x77, 0xa5, 0x23, 0x5b, 0x0f, 
	0x42, 0x4b, 0x6b, 0x53, 0x73, 0x97, 0x7b, 0xd9, 
	0x8c, 0x5f, 0xc5, 0xeb, 0xce, 0x2f, 0xce, 0x6f, 
	0xce, 0x71, 0xce, 0x6f, 0xad, 0x23, 0xc6, 0x27, 
	0xde, 0xef, 0xad, 0x69, 0xad, 0x67, 0xad, 0x27, 
	0xbd, 0xa5, 0xad, 0x67, 0x52, 0xcb, 0x3a, 0x05, 
	0x84, 0x1b, 0xce, 0x6f, 0x9c, 0xe3, 0xd6, 0xb5, 
	0xef, 0x71, 0xde, 0xed, 0xad, 0x23, 0xc5, 0xe7, 
	0xad, 0x23, 0x63, 0x4b, 0xc5, 0xe9, 0xb5, 0x69, 
	0x83, 0xd9, 0x3a, 0x05, 0x52, 0x8f, 0x94, 0xa3, 
	0xbd, 0xa7, 0xd6, 0x6f, 0xd6, 0x6f, 0xd6, 0x71, 
	0xd6, 0x73, 0xb5, 0x65, 0x8c, 0x53, 0x84, 0x15, 
	0xbd, 0xa7, 0xb5, 0xa9, 0xc6, 0x2d, 0xd6, 0xb1, 
	0xef, 0x7b, 0xef, 0x7b, 0x94, 0xa3, 0x42, 0x0d, 
	0x5a, 0xd1, 0x8c, 0x61, 0x7b, 0x97, 0xde, 0xf1, 
	0xce, 0xad, 0xef, 0x79, 0xe6, 0xed, 0x94, 0x9d, 
	0x94, 0x9f, 0x9c, 0xa3, 0xc5, 0xe7, 0xde, 0xad, 
	0x94, 0xa1, 0x94, 0x9f, 0xad, 0xa5, 0xce, 0x2d, 
	0xef, 0x7b, 0xe7, 0x39, 0xd6, 0xf5, 0xce, 0xb3, 
	0xbd, 0xe9, 0xa5, 0x1f, 0xbe, 0x29, 0xef, 0x7b, 
	0xd6, 0xaf, 0x94, 0x9f, 0xe7, 0x35, 0xef, 0x7b, 
	0xef, 0x7b, 0xef, 0x7b, 0xe7, 0x73, 0xd6, 0xaf, 
	0xd6, 0xf3, 0x4a, 0x8d, 0x7b, 0xdb, 0xef, 0x7b, 
	0xe7, 0x35, 0xd6, 0xb5, 0xef, 0x7b, 0xce, 0x29, 
	0x94, 0x5b, 0xad, 0x25, 0xd6, 0xad, 0xe6, 0xf1, 
	0x8c, 0x5d, 0x9d, 0x25, 0xd6, 0xb1, 0xc6, 0x2d, 
	0xdf, 0x37, 0x84, 0x61, 0x52, 0xd3, 0xa4, 0xe3, 
	0xb5, 0x63, 0xce, 0x29, 0xde, 0xb1, 0xef, 0x75, 
	0xef, 0x79, 0xe7, 0x35, 0xe7, 0x35, 0xde, 0xf9, 
	0xef, 0x7b, 0xdf, 0x3b, 0xdf, 0x3b, 0xef, 0x7b, 
	0xe7, 0x35, 0x94, 0xa1, 0x8c, 0x63, 0xa5, 0x65, 
	0xef, 0x7b, 0xe7, 0x71, 0xef, 0x7b, 0xb5, 0x63, 
	0xad, 0x25, 0x9c, 0xa1, 0x94, 0x9f, 0xb5, 0xa5, 
	0x84, 0x1b, 0xc6, 0x71, 0xe7, 0x7b, 0xa5, 0x25, 
	0x73, 0x8f, 0x73, 0xd3, 0x73, 0xd5, 0x9c, 0xdd, 
	0xad, 0x63, 0xad, 0x63, 0xa4, 0xe3, 0x9c, 0xe3, 
	0xb5, 0xa7, 0xce, 0x71, 0xef, 0x7b, 0xef, 0x7b, 
	0xef, 0x7b, 0xef, 0x7b, 0xef, 0x7b, 0xde, 0xaf, 
	0xde, 0xb3, 0xef, 0x79, 0xef, 0x77, 0xd6, 0xb1, 
	0x9c, 0xa1, 0xef, 0x73, 0xef, 0x7b, 0x8c, 0x5b, 
	0xbd, 0xa9, 0xd6, 0x6d, 0xc6, 0x29, 0xb5, 0x65, 
	0x8c, 0x19, 0xd6, 0xb5, 0xe7, 0x79, 0xa5, 0x21, 
	0x8c, 0x55, 0x94, 0x9f, 0x94, 0x9f, 0xc6, 0x27, 
	0xde, 0xf7, 0xe7, 0x39, 0xef, 0x79, 0xe7, 0x77, 
	0xd6, 0xb3, 0xad, 0x25, 0xd6, 0xb3, 0xef, 0x7b, 
	0xdf, 0x3b, 0xe7, 0x7b, 0xef, 0x7b, 0xe7, 0x75, 
	0xef, 0x7b, 0xef, 0x7b, 0xef, 0x7b, 0xef, 0x7b, 
	0xb5, 0x65, 0xbd, 0xe9, 0xef, 0x7b, 0xa5, 0x23, 
	0xe7, 0x33, 0xe7, 0x31, 0xad, 0x25, 0x8c, 0x5b, 
	0x39, 0xc7, 0xa4, 0xe3, 0xbd, 0xa5, 0xb5, 0xa5, 
	0x9c, 0xe3, 0x94, 0x5d, 0x94, 0x9f, 0xde, 0xf1, 
	0xde, 0xf5, 0xe7, 0x39, 0xef, 0x7b, 0xef, 0x7b, 
	0xef, 0x7b, 0x8c, 0x5d, 0x8c, 0x5d, 0xef, 0x7b, 
	0xd6, 0xb7, 0xce, 0x71, 0xa5, 0x25, 0x94, 0x5f, 
	0xad, 0x25, 0xce, 0x69, 0xce, 0x31, 0xef, 0x71, 
	0xd6, 0x73, 0xde, 0xb1, 0xef, 0x7b, 0xad, 0x25, 
	0xb5, 0x65, 0xc5, 0xe9, 0x9c, 0xa1, 0x9c, 0xa3, 
	0xc6, 0x71, 0x8c, 0x5d, 0xbd, 0xe7, 0xe7, 0x7b, 
	0xe7, 0x39, 0xd6, 0xb3, 0xe7, 0x37, 0xce, 0x6f, 
	0xde, 0xf5, 0xe7, 0x39, 0xd6, 0xf9, 0xd6, 0xf9, 
	0xef, 0x7b, 0xce, 0x2f, 0xbd, 0xeb, 0xce, 0x71, 
	0xc6, 0x2b, 0xbd, 0xe9, 0xc6, 0x2b, 0xb5, 0x65, 
	0xa5, 0x25, 0xde, 0xf3, 0xce, 0x71, 0x94, 0x9f, 
	0xe7, 0x37, 0xef, 0x7b, 0xef, 0x7b, 0xc6, 0x2b, 
	0xce, 0x2b, 0xbd, 0xe7, 0xef, 0x77, 0xe7, 0x77, 
	0xe7, 0x79, 0xe7, 0x7b, 0xd6, 0x6f, 0xbd, 0xe7, 
	0xde, 0xf5, 0xef, 0x7b, 0xef, 0x7b, 0xce, 0x6d, 
	0xde, 0xf7, 0xc6, 0x2d, 0x84, 0x5f, 0x94, 0xa3, 
	0xef, 0x7b, 0xdf, 0x37, 0xef, 0x7b, 0xef, 0x7b, 
	0xde, 0xf3, 0xde, 0xf1, 0xe7, 0x33, 0xd6, 0xaf, 
	0xde, 0xf1, 0xef, 0x75, 0xef, 0x7b, 0x94, 0x9f, 
	0xef, 0x77, 0xef, 0x79, 0xe7, 0x39, 0xce, 0x2f, 
	0xe6, 0xef, 0xef, 0x77, 0xe7, 0x31, 0xef, 0x7b, 
	0xef, 0x7b, 0xef, 0x7b, 0xef, 0x35, 0x94, 0x5b, 
	0xc6, 0x2d, 0xef, 0x7b, 0xd6, 0xb3, 0x6b, 0x4b, 
	0x63, 0x4d, 0xde, 0xf3, 0xef, 0x7b, 0xef, 0x7b, 
	0x8c, 0x5d, 0x6b, 0x51, 0x94, 0x5d, 0x8c, 0x59, 
	0x31, 0xc7, 0x94, 0xa5, 0xef, 0x7b, 0xc6, 0x71, 
	0xb5, 0xa9, 0xbd, 0xed, 0xd6, 0x73, 0x8c, 0x5f, 
	0x84, 0x15, 0xa4, 0xe1, 0xc5, 0xa5, 0x7b, 0x93, 
	0x84, 0x15, 0xb5, 0xa9, 0xce, 0xb5, 0xe7, 0x7b, 
	0xad, 0x23, 0xd6, 0xaf, 0x94, 0xe5, 0x21, 0x87, 
	0x94, 0xa5, 0xbe, 0x2f, 0xa4, 0xe1, 0xde, 0xef, 
	0x8c, 0x55, 0x94, 0x97, 0xc6, 0x2b, 0x94, 0x9f, 
	0x8c, 0x59, 0xbd, 0x65, 0xde, 0xf5, 0xef, 0x7b, 
	0xce, 0x6f, 0xad, 0x23, 0xb5, 0xa9, 0xdf, 0x39, 
	0xe7, 0x7b, 0xef, 0x7b, 0xc6, 0x71, 0x7b, 0xd3, 
	0xb5, 0x65, 0xc5, 0xe9, 0xd6, 0x29, 0xd6, 0x6f, 
	0x94, 0xa1, 0x8c, 0x19, 0x94, 0x5f, 0x9c, 0xa3, 
	0x9c, 0xe5, 0x8c, 0x5b, 0x6b, 0x4d, 0x63, 0x0d, 
	0x32, 0x07, 0x4a, 0x8b, 0xef, 0x79, 0xc5, 0xe9, 
	0xef, 0x7b, 0xe7, 0x37, 0xa5, 0x25, 0x9c, 0xe5, 
	0xe7, 0x35, 0xef, 0x7b, 0xef, 0x7b, 0xd6, 0xb7, 
	0xb5, 0xa7, 0x94, 0x57, 0x8b, 0xd3, 0xe6, 0xef, 
	0xef, 0x77, 0xb5, 0xa9, 0x94, 0x5d, 0x9c, 0x99, 
	0xef, 0x79, 0xde, 0xf3, 0xb5, 0x63, 0xe7, 0x35, 
	0xe7, 0x3b, 0xce, 0x73, 0xd6, 0xb3, 0xce, 0x6f, 
	0x9c, 0xe5, 0xa5, 0x25, 0xc6, 0x29, 0xe7, 0x77, 
	0x8c, 0x5f, 0x94, 0x5f, 0xe7, 0x37, 0xa4, 0xe3, 
	0xe7, 0x37, 0xef, 0x39, 0xe7, 0x79, 0xef, 0x79, 
	0xef, 0x79, 0xce, 0x6f, 0xad, 0x67, 0x42, 0x0d, 
	0x73, 0x53, 0xc5, 0xe9, 0xe6, 0xb1, 0xd6, 0x29, 
	0x9c, 0x9f, 0x8b, 0xd5, 0xad, 0x23, 0xe6, 0xf1, 
	0xbd, 0xa9, 0xd6, 0xb3, 0xe7, 0x37, 0xce, 0x6f, 
	0xd6, 0xb1, 0xef, 0x7b, 0xef, 0x7b, 0xef, 0x77, 
	0xad, 0x23, 0x94, 0x9f, 0x9c, 0xa1, 0x94, 0x9d, 
	0x8c, 0x59, 0xce, 0x6f, 0xef, 0x7b, 0xc6, 0x2b, 
	0xa5, 0x23, 0xce, 0x71, 0xc6, 0x2f, 0xc5, 0xed, 
	0xb5, 0x65, 0xde, 0xf3, 0xe7, 0x7b, 0xde, 0xf7, 
	0x84, 0x1b, 0x8c, 0x5f, 0xef, 0x7b, 0xce, 0x2b, 
	0xa4, 0xa3, 0x94, 0xa3, 0xde, 0xf7, 0xef, 0x7b, 
	0xef, 0x7b, 0xb5, 0x63, 0x94, 0x9b, 0xc5, 0xa5, 
	0xd5, 0xe5, 0x73, 0x4f, 0x8c, 0x19, 0xd6, 0x6d, 
	0xc5, 0xa5, 0xef, 0x75, 0xe7, 0x79, 0xc6, 0x2f, 
	0x94, 0x9f, 0x94, 0xa1, 0xbd, 0xeb, 0xde, 0xf3, 
	0xde, 0xf7, 0xdf, 0x7b, 0xe7, 0x7b, 0xe7, 0x39, 
	0xd6, 0x71, 0x9c, 0xe3, 0xa4, 0xe3, 0xa4, 0x9f, 
	0x94, 0x15, 0x9c, 0x9f, 0x8c, 0x5f, 0xad, 0x25, 
	0xd6, 0x6f, 0x9c, 0xe3, 0x94, 0xe3, 0x94, 0xe5, 
	0xa5, 0x25, 0xb5, 0x65, 0xc6, 0x2b, 0xef, 0x7b, 
	0xce, 0x2d, 0x8c, 0x57, 0x94, 0x9d, 0xad, 0x23, 
	0xad, 0x23, 0xc6, 0x2b, 0xdf, 0x37, 0xd6, 0xb3, 
	0xb5, 0xa9, 0xa5, 0x25, 0x84, 0x15, 0x31, 0xc9, 
	0xb5, 0xad, 0xef, 0x7b, 0xef, 0x7b, 0xef, 0x7b, 
	0xad, 0x69, 0x8c, 0x9f, 0xb5, 0x63, 0xac, 0xe3, 
	0xbd, 0xa7, 0x94, 0x9b, 0x8c, 0x15, 0xad, 0x69, 
	0xbd, 0xed, 0xb5, 0xa9, 0x73, 0xd3, 0x84, 0x15, 
	0x9c, 0xe3, 0xe7, 0x39, 0xef, 0x7b, 0xef, 0x7b, 
	0xde, 0xb3, 0xc6, 0x2b, 0xde, 0xf3, 0xa5, 0x67, 
	0xc6, 0x29, 0xce, 0x6d, 0xe7, 0x79, 0xef, 0x7b, 
	0xd6, 0xaf, 0xbd, 0xa5, 0xc5, 0xe7, 0x42, 0x47, 
	0x7c, 0x17, 0xef, 0x79, 0xde, 0xf1, 0xad, 0x25, 
	0x8c, 0xa1, 0x84, 0x1b, 0xa5, 0x27, 0xe7, 0x37, 
	0xde, 0xf5, 0xd6, 0x6f, 0xc6, 0x2f, 0xc6, 0x2f, 
	0xbd, 0xeb, 0xad, 0x27, 0xa5, 0x65, 0xef, 0x79, 
	0xb5, 0xa5, 0x83, 0xd5, 0x94, 0x5b, 0x9c, 0x9d, 
	0xbd, 0xa9, 0xdf, 0x39, 0xe7, 0x7b, 0xdf, 0x39, 
	0xd6, 0xb3, 0xef, 0x7b, 0xef, 0x7b, 0xef, 0x7b, 
	0xd6, 0xaf, 0xce, 0x29, 0xbd, 0xe9, 0xa5, 0x23, 
	0x84, 0x19, 0x63, 0x15, 0xad, 0x25, 0xb5, 0x65, 
	0xa5, 0x25, 0x83, 0xd7, 0x94, 0x5f, 0xef, 0x7b, 
	0xef, 0x7b, 0xef, 0x7b, 0xef, 0x7b, 0xef, 0x79, 
	0xe7, 0x37, 0xe7, 0x39, 0xef, 0x7b, 0xc6, 0x2b, 
	0x9c, 0xe3, 0xad, 0x65, 0x94, 0x9d, 0x8b, 0xcf, 
	0x94, 0x57, 0xdf, 0x35, 0xef, 0x7b, 0xd6, 0xf7, 
	0xad, 0x25, 0xef, 0x75, 0xbd, 0xa5, 0xde, 0xf1, 
	0xef, 0x7b, 0xad, 0x6b, 0x10, 0xc1, 0xb5, 0xa9, 
	0x94, 0xa3, 0x5a, 0xd1, 0xad, 0x25, 0xbd, 0xa9, 
	0xa5, 0x25, 0xce, 0x2d, 0xef, 0x77, 0xc6, 0x2f, 
	0xa5, 0x25, 0xef, 0x7b, 0xa5, 0x23, 0x94, 0x5b, 
	0xe7, 0x79, 0xef, 0x7b, 0xdf, 0x33, 0xb5, 0xa5, 
	0xde, 0xf5, 0xef, 0x7b, 0xef, 0x7b, 0xce, 0x6f, 
	0xce, 0x6f, 0xe7, 0x77, 0xef, 0x79, 0xad, 0x69, 
	0xd6, 0x29, 0xce, 0x2b, 0xbd, 0x65, 0xa5, 0x23, 
	0xe7, 0x7b, 0x8c, 0x61, 0x7c, 0x1b, 0xbd, 0xef, 
	0xbd, 0xe9, 0x8c, 0x5b, 0xb5, 0xab, 0xe7, 0x79, 
	0xe7, 0x37, 0xef, 0x7b, 0xe7, 0x79, 0xef, 0x7b, 
	0x94, 0xa1, 0x6b, 0x53, 0xce, 0xb1, 0xc6, 0x2b, 
	0xb5, 0xa5, 0xc6, 0x2f, 0xef, 0x79, 0xef, 0x7b, 
	0xef, 0x7b, 0xe7, 0x79, 0xe7, 0x39, 0xef, 0x7b, 
	0xe7, 0x39, 0xc6, 0x31, 0xd6, 0xf3, 0xde, 0xad, 
	0xc5, 0xe9, 0xc6, 0x2d, 0xe7, 0x79, 0xbe, 0x2f, 
	0x3a, 0x07, 0x6b, 0x95, 0xef, 0x7b, 0xad, 0x69, 
	0xc6, 0x2f, 0xad, 0x25, 0xbd, 0xe7, 0xef, 0x79, 
	0xef, 0x7b, 0xde, 0xf7, 0xd6, 0xb3, 0xef, 0x7b, 
	0xe7, 0x39, 0x94, 0xa1, 0xd6, 0xb3, 0xef, 0x7b, 
	0xd6, 0xb1, 0x73, 0x91, 0x84, 0x19, 0xe7, 0x39, 
	0xef, 0x7b, 0xef, 0x7b, 0xef, 0x7b, 0xef, 0x7b, 
	0xc6, 0x2b, 0x8c, 0x5b, 0xcd, 0xe9, 0xc5, 0xe7, 
	0xc6, 0x2f, 0xce, 0x73, 0xef, 0x7b, 0xef, 0x35, 
	0xa4, 0xe3, 0x6b, 0x55, 0x8c, 0x5b, 0xd6, 0xf7, 
	0xc6, 0x2f, 0xce, 0x2f, 0xbd, 0x63, 0xc5, 0xe5, 
	0xe6, 0xf5, 0xef, 0x79, 0xbe, 0x2d, 0xb5, 0xa9, 
	0xde, 0xf3, 0xef, 0x77, 0x94, 0x9f, 0x94, 0xe3, 
	0xbd, 0xe7, 0x94, 0x9b, 0x8c, 0x0f, 0xce, 0x6f, 
	0xef, 0x7b, 0xef, 0x7b, 0xe7, 0x35, 0x9c, 0xe3, 
	0x84, 0x15, 0x8c, 0x9d, 0xc6, 0x2f, 0xde, 0xb3, 
	0xb5, 0x65, 0x94, 0xa3, 0x7b, 0xd9, 0x94, 0xa3, 
	0xe7, 0x39, 0xef, 0x7b, 0xa4, 0xe3, 0xce, 0x6f, 
	0xdf, 0x39, 0xd6, 0xf7, 0xde, 0xf5, 0xef, 0x7b, 
	0xd6, 0x6d, 0xb5, 0xa5, 0x63, 0x11, 0x8c, 0x19, 
	0xe6, 0xf1, 0xe6, 0xf3, 0xac, 0xdf, 0x94, 0x59, 
	0x94, 0x99, 0xa5, 0x23, 0xce, 0x2b, 0xd6, 0x6b, 
	0xde, 0xf3, 0xc5, 0xe7, 0x9c, 0x9f, 0x94, 0xe1, 
	0x84, 0x59, 0x6b, 0x91, 0x4a, 0xcf, 0x8c, 0x5d, 
	0xbd, 0xa9, 0xc6, 0x29, 0x73, 0x0f, 0x8c, 0x5f, 
	0xef, 0x7b, 0xe7, 0x79, 0xde, 0xb1, 0x9c, 0x9d, 
	0xde, 0xf1, 0xef, 0x77, 0xd6, 0xb1, 0xbd, 0xed, 
	0x9c, 0xa1, 0x94, 0x5b, 0xad, 0x65, 0xc6, 0x2b, 
	0xde, 0xf5, 0xef, 0x79, 0xd6, 0xaf, 0xce, 0x71, 
	0xc6, 0x6f, 0xef, 0x7b, 0xef, 0x7b, 0xce, 0x27, 
	0x94, 0x99, 0x94, 0x9d, 0xb5, 0xab, 0xde, 0xb5, 
	0xde, 0xb3, 0xa4, 0xe3, 0x6b, 0x51, 0x5a, 0xcf, 
	0xce, 0x2b, 0xef, 0x79, 0xef, 0x33, 0xd6, 0x69, 
	0xde, 0xf3, 0xe7, 0x39, 0xe7, 0x35, 0xe7, 0x37, 
	0xde, 0xf1, 0xbd, 0x65, 0xbd, 0xa7, 0xbd, 0x67, 
	0xbd, 0xe9, 0xef, 0x7b, 0xef, 0x7b, 0xe7, 0x79, 
	0xad, 0x25, 0x6b, 0x0f, 0xce, 0xb3, 0xef, 0x7b, 
	0xef, 0x7b, 0x94, 0xa3, 0xb5, 0xa7, 0xef, 0x75, 
	0xad, 0x65, 0xc6, 0x6f, 0xde, 0xf5, 0xbd, 0xab, 
	0xce, 0x2f, 0xbd, 0xeb, 0xb5, 0xa9, 0xbd, 0xa7, 
	0xde, 0x71, 0xef, 0x7b, 0xef, 0x79, 0xef, 0x77, 
	0xef, 0x7b, 0xef, 0x7b, 0xdf, 0x37, 0xe7, 0x77, 
	0xef, 0x7b, 0xbd, 0xa7, 0x73, 0x4d, 0x63, 0x0b, 
	0x94, 0x9f, 0xef, 0x7b, 0xe7, 0x79, 0xe7, 0x7b, 
	0xc6, 0x2f, 0x73, 0x8f, 0xbd, 0xe9, 0xdf, 0x39, 
	0x8c, 0x63, 0x84, 0x15, 0x94, 0x57, 0xce, 0x6d, 
	0xe7, 0x3b, 0xb5, 0xa9, 0xc5, 0xeb, 0xe7, 0x7b, 
	0xdf, 0x39, 0xdf, 0x39, 0xbe, 0x2f, 0xc5, 0xe9, 
	0x94, 0xa3, 0xbd, 0xa9, 0xef, 0x7b, 0xe7, 0x35, 
	0xde, 0xf3, 0xef, 0x77, 0xef, 0x7b, 0xef, 0x7b, 
	0xef, 0x7b, 0xe7, 0x37, 0xbd, 0xe7, 0x94, 0x9f, 
	0x8c, 0x59, 0xce, 0x71, 0xef, 0x7b, 0xef, 0x7b, 
	0xef, 0x39, 0xce, 0x6d, 0x8c, 0x9f, 0x29, 0xc7, 
	0x42, 0x89, 0xa5, 0x23, 0xa4, 0x9d, 0xa5, 0x23, 
	0xe7, 0x7b, 0xce, 0x71, 0xde, 0xf5, 0xef, 0x7b, 
	0xef, 0x7b, 0xef, 0x7b, 0xdf, 0x37, 0xdf, 0x37, 
	0x83, 0xd3, 0x94, 0x9f, 0x94, 0x5f, 0x62, 0xcd, 
	0x6b, 0x0d, 0x73, 0x4f, 0x94, 0xa1, 0x4a, 0x4f, 
	0xc6, 0x2f, 0xef, 0x7b, 0xde, 0xf7, 0xef, 0x7b, 
	0xef, 0x7b, 0xd6, 0xfb, 0xef, 0x7b, 0xa4, 0xe5, 
	0x73, 0x57, 0x94, 0x5b, 0xa4, 0xe3, 0x84, 0x19, 
	0xa5, 0x25, 0xef, 0x7b, 0xce, 0x6d, 0xb5, 0xa5, 
	0xad, 0x25, 0xad, 0x23, 0xad, 0x25, 0xd6, 0x71, 
	0xe6, 0xf7, 0xe7, 0x3b, 0xe6, 0xf7, 0xe6, 0xef, 
	
};

Gfx wf_dl_wf_rock_yellow_ci8_aligner[] = {gsSPEndDisplayList()};
u8 wf_dl_wf_rock_yellow_ci8[] = {
	0x00, 0x01, 0x02, 0x03, 0x03, 0x04, 0x05, 0x06, 
	0x03, 0x07, 0x08, 0x09, 0x0a, 0x03, 0x0b, 0x0c, 
	0x0c, 0x0d, 0x0e, 0x0f, 0x10, 0x11, 0x12, 0x13, 
	0x14, 0x15, 0x09, 0x16, 0x02, 0x0c, 0x03, 0x16, 
	0x06, 0x09, 0x05, 0x03, 0x06, 0x02, 0x17, 0x18, 
	0x19, 0x1a, 0x1b, 0x1c, 0x1d, 0x0b, 0x0c, 0x18, 
	0x0b, 0x19, 0x1e, 0x1f, 0x20, 0x15, 0x21, 0x12, 
	0x22, 0x23, 0x24, 0x00, 0x25, 0x25, 0x06, 0x06, 
	0x06, 0x03, 0x03, 0x25, 0x02, 0x06, 0x0d, 0x16, 
	0x0b, 0x06, 0x03, 0x26, 0x27, 0x28, 0x29, 0x0d, 
	0x2a, 0x2b, 0x2c, 0x2d, 0x18, 0x2e, 0x0a, 0x18, 
	0x1a, 0x27, 0x2f, 0x30, 0x0b, 0x1a, 0x0c, 0x03, 
	0x02, 0x02, 0x25, 0x03, 0x16, 0x31, 0x2e, 0x29, 
	0x32, 0x0c, 0x29, 0x16, 0x33, 0x34, 0x35, 0x2a, 
	0x27, 0x27, 0x36, 0x37, 0x38, 0x39, 0x3a, 0x00, 
	0x03, 0x0a, 0x33, 0x30, 0x3b, 0x0c, 0x0b, 0x0c, 
	0x03, 0x03, 0x3b, 0x0c, 0x3c, 0x16, 0x3d, 0x0c, 
	0x3e, 0x03, 0x29, 0x31, 0x3f, 0x40, 0x26, 0x41, 
	0x19, 0x42, 0x43, 0x26, 0x26, 0x44, 0x45, 0x45, 
	0x45, 0x3a, 0x46, 0x34, 0x47, 0x48, 0x19, 0x0c, 
	0x03, 0x03, 0x3b, 0x3b, 0x0d, 0x02, 0x2e, 0x03, 
	0x2e, 0x03, 0x02, 0x49, 0x1c, 0x4a, 0x42, 0x48, 
	0x25, 0x3b, 0x4b, 0x37, 0x1a, 0x37, 0x16, 0x3a, 
	0x44, 0x3a, 0x4c, 0x4d, 0x4e, 0x4f, 0x25, 0x05, 
	0x03, 0x2e, 0x25, 0x03, 0x02, 0x16, 0x0c, 0x18, 
	0x50, 0x37, 0x25, 0x26, 0x51, 0x0f, 0x0f, 0x04, 
	0x04, 0x42, 0x2a, 0x52, 0x53, 0x1a, 0x3c, 0x16, 
	0x03, 0x54, 0x55, 0x56, 0x57, 0x58, 0x0c, 0x48, 
	0x37, 0x59, 0x0c, 0x09, 0x09, 0x02, 0x50, 0x2e, 
	0x18, 0x48, 0x19, 0x5a, 0x28, 0x5b, 0x04, 0x0f, 
	0x3b, 0x19, 0x16, 0x1f, 0x19, 0x5c, 0x0f, 0x0f, 
	0x5d, 0x5e, 0x1f, 0x40, 0x30, 0x5f, 0x60, 0x0c, 
	0x0d, 0x16, 0x29, 0x29, 0x02, 0x61, 0x61, 0x18, 
	0x2e, 0x3a, 0x18, 0x34, 0x3b, 0x0f, 0x32, 0x04, 
	0x62, 0x0b, 0x63, 0x64, 0x65, 0x13, 0x52, 0x66, 
	0x1f, 0x4b, 0x0f, 0x58, 0x53, 0x2f, 0x05, 0x02, 
	0x16, 0x00, 0x0d, 0x0d, 0x16, 0x37, 0x59, 0x2e, 
	0x38, 0x37, 0x67, 0x68, 0x69, 0x04, 0x05, 0x3b, 
	0x62, 0x16, 0x62, 0x28, 0x6a, 0x11, 0x6a, 0x40, 
	0x19, 0x41, 0x42, 0x0f, 0x0a, 0x1d, 0x43, 0x0b, 
	0x01, 0x16, 0x44, 0x29, 0x16, 0x03, 0x1a, 0x0c, 
	0x6b, 0x6c, 0x51, 0x6d, 0x17, 0x04, 0x62, 0x69, 
	0x3b, 0x6e, 0x6f, 0x2a, 0x70, 0x0f, 0x5b, 0x58, 
	0x71, 0x0b, 0x0b, 0x48, 0x72, 0x71, 0x4b, 0x28, 
	0x73, 0x0b, 0x03, 0x09, 0x3c, 0x18, 0x74, 0x75, 
	0x76, 0x77, 0x78, 0x1d, 0x4f, 0x04, 0x32, 0x79, 
	0x04, 0x62, 0x7a, 0x64, 0x0f, 0x69, 0x62, 0x19, 
	0x19, 0x04, 0x04, 0x0c, 0x0c, 0x42, 0x7b, 0x6c, 
	0x2f, 0x2f, 0x7c, 0x34, 0x43, 0x75, 0x4a, 0x18, 
	0x33, 0x0a, 0x53, 0x7d, 0x73, 0x0f, 0x05, 0x62, 
	0x69, 0x19, 0x7e, 0x43, 0x0f, 0x3b, 0x04, 0x0b, 
	0x0a, 0x3b, 0x48, 0x19, 0x0c, 0x58, 0x3c, 0x7f, 
	0x16, 0x1a, 0x16, 0x16, 0x80, 0x18, 0x0a, 0x1a, 
	0x03, 0x16, 0x0b, 0x37, 0x43, 0x81, 0x62, 0x69, 
	0x0b, 0x04, 0x7f, 0x32, 0x69, 0x82, 0x25, 0x0b, 
	0x0b, 0x19, 0x48, 0x0b, 0x72, 0x18, 0x54, 0x08, 
	0x2e, 0x1a, 0x1a, 0x4a, 0x80, 0x0a, 0x03, 0x2e, 
	0x0c, 0x03, 0x05, 0x1a, 0x34, 0x0f, 0x62, 0x19, 
	0x19, 0x55, 0x67, 0x69, 0x83, 0x84, 0x03, 0x05, 
	0x48, 0x0f, 0x0c, 0x03, 0x0c, 0x71, 0x0a, 0x08, 
	0x67, 0x85, 0x86, 0x75, 0x27, 0x0c, 0x03, 0x0b, 
	0x03, 0x05, 0x03, 0x0a, 0x87, 0x6e, 0x0e, 0x0b, 
	0x88, 0x20, 0x1d, 0x69, 0x89, 0x48, 0x48, 0x25, 
	0x0b, 0x0b, 0x0b, 0x42, 0x58, 0x0b, 0x52, 0x8a, 
	0x28, 0x29, 0x00, 0x0c, 0x42, 0x0c, 0x03, 0x02, 
	0x8b, 0x03, 0x0a, 0x2e, 0x4a, 0x28, 0x8c, 0x04, 
	0x8d, 0x64, 0x62, 0x62, 0x69, 0x25, 0x3b, 0x3b, 
	0x0b, 0x58, 0x0f, 0x65, 0x56, 0x12, 0x8e, 0x34, 
	0x09, 0x4f, 0x03, 0x25, 0x0c, 0x18, 0x18, 0x0b, 
	0x18, 0x18, 0x0a, 0x18, 0x00, 0x23, 0x8f, 0x4b, 
	0x67, 0x90, 0x7a, 0x6f, 0x48, 0x6e, 0x0b, 0x41, 
	0x62, 0x91, 0x92, 0x2c, 0x93, 0x94, 0x95, 0x96, 
	0x34, 0x3a, 0x1d, 0x03, 0x48, 0x0c, 0x48, 0x0b, 
	0x1a, 0x1a, 0x0b, 0x18, 0x97, 0x40, 0x98, 0x26, 
	0x0a, 0x34, 0x23, 0x19, 0x19, 0x62, 0x99, 0x7a, 
	0x92, 0x9a, 0x74, 0x0a, 0x1d, 0x3a, 0x9b, 0x9c, 
	0x9d, 0x0d, 0x09, 0x3a, 0x00, 0x3b, 0x25, 0x25, 
	0x48, 0x0a, 0x19, 0x0a, 0x9e, 0x9f, 0x5b, 0x62, 
	0x04, 0x97, 0x20, 0xa0, 0xa1, 0x2f, 0x2c, 0x11, 
	0x51, 0x09, 0x3a, 0x34, 0x25, 0x76, 0x4d, 0xa2, 
	0x40, 0x15, 0x03, 0x02, 0x62, 0x05, 0x05, 0x0b, 
	0x0b, 0x2e, 0x0a, 0x53, 0x9f, 0x44, 0x05, 0x4f, 
	0x32, 0x0b, 0xa3, 0xa4, 0xa5, 0x11, 0x64, 0x50, 
	0x54, 0x0b, 0xa6, 0x16, 0xa6, 0x61, 0x3a, 0x76, 
	0x03, 0x20, 0x4a, 0x19, 0x0c, 0x05, 0x03, 0x0c, 
	0x05, 0x19, 0x2e, 0x50, 0x44, 0x89, 0x3b, 0x03, 
	0x3b, 0x3b, 0x86, 0x20, 0x67, 0x26, 0x54, 0x1a, 
	0x3e, 0x16, 0x1a, 0x0c, 0x16, 0x82, 0x03, 0x2e, 
	0x0c, 0x03, 0x67, 0x43, 0x19, 0x25, 0x04, 0x0c, 
	0x18, 0x18, 0x50, 0x1a, 0x25, 0x28, 0x06, 0x09, 
	0x3b, 0x82, 0x8d, 0x28, 0x50, 0x54, 0x25, 0x02, 
	0x19, 0x2e, 0x0c, 0x18, 0x1a, 0x63, 0x02, 0x16, 
	0x0b, 0x0b, 0x0b, 0x67, 0x43, 0x41, 0x19, 0x50, 
	0x50, 0x2e, 0x50, 0x60, 0x2e, 0x15, 0x25, 0x6e, 
	0xa7, 0x99, 0x86, 0x55, 0x71, 0x18, 0x0d, 0x03, 
	0x31, 0x0b, 0x16, 0x2e, 0x2e, 0x2e, 0xa8, 0x0b, 
	0x03, 0x0c, 0x16, 0xa9, 0x2f, 0x68, 0x19, 0x3d, 
	0x1a, 0x18, 0x1a, 0x53, 0x6b, 0x5a, 0x6e, 0xa0, 
	0xaa, 0x83, 0x86, 0x43, 0x2e, 0x03, 0x0c, 0x0c, 
	0x03, 0x03, 0x19, 0x16, 0x38, 0x2e, 0x3f, 0x03, 
	0x1d, 0x57, 0x85, 0x01, 0x64, 0x6c, 0x71, 0x18, 
	0x2e, 0x0a, 0x18, 0x0a, 0x37, 0x5a, 0x3e, 0x84, 
	0xab, 0xac, 0xad, 0x4a, 0x00, 0x05, 0x37, 0x16, 
	0x03, 0x38, 0x18, 0x2e, 0x3a, 0x03, 0x2e, 0x37, 
	0x75, 0xae, 0xaf, 0xb0, 0x43, 0xb1, 0xa9, 0x53, 
	0x1a, 0x18, 0x16, 0x00, 0x97, 0x23, 0x04, 0x32, 
	0x7a, 0x91, 0x69, 0x1d, 0x36, 0x1a, 0x63, 0xb2, 
	0x61, 0x59, 0x16, 0x03, 0x2e, 0xb3, 0x33, 0x15, 
	0xb4, 0xb5, 0xb6, 0x7e, 0x27, 0x43, 0xa9, 0x3a, 
	0x71, 0x4c, 0x71, 0x29, 0x34, 0x95, 0x54, 0x3e, 
	0xb7, 0xb8, 0xb9, 0x7c, 0x1d, 0x18, 0x18, 0xb3, 
	0x63, 0x03, 0x16, 0x3b, 0x0a, 0x27, 0x7f, 0x6c, 
	0x24, 0x83, 0x83, 0x5f, 0xb6, 0x76, 0x7c, 0x85, 
	0x28, 0x6c, 0xba, 0x2a, 0x40, 0xbb, 0xa6, 0x03, 
	0xbc, 0xa1, 0xa3, 0x27, 0x27, 0xb2, 0x50, 0x59, 
	0x2e, 0x18, 0x03, 0x0a, 0x00, 0x7e, 0x86, 0x48, 
	0x6e, 0x17, 0x24, 0x27, 0x0b, 0xbd, 0xbe, 0x7e, 
	0x2f, 0x4b, 0x40, 0x76, 0x96, 0x27, 0x6c, 0xbf, 
	0x5f, 0x87, 0x18, 0x53, 0x1d, 0x28, 0x46, 0x59, 
	0x16, 0x59, 0x0a, 0x76, 0xc0, 0x16, 0x41, 0x06, 
	0x09, 0x4f, 0x09, 0x0d, 0x59, 0x1a, 0x0a, 0x31, 
	0x26, 0x70, 0x37, 0x0a, 0x26, 0x62, 0x2e, 0x40, 
	0x5a, 0x58, 0x18, 0x0c, 0x71, 0xc1, 0x82, 0x50, 
	0xb2, 0x42, 0x75, 0x35, 0x0c, 0x53, 0x25, 0x09, 
	0x0d, 0x0d, 0x02, 0x03, 0x03, 0x18, 0x50, 0x48, 
	0xa9, 0x90, 0x43, 0x50, 0x0d, 0x00, 0x0b, 0x6b, 
	0x1d, 0x0c, 0x0c, 0x59, 0xb3, 0x37, 0x9b, 0x4e, 
	0x44, 0xc2, 0x6c, 0x71, 0x53, 0x72, 0x0c, 0x0d, 
	
};

Gfx wf_dl_wf_rock_yellow_pal_rgba16_aligner[] = {gsSPEndDisplayList()};
u8 wf_dl_wf_rock_yellow_pal_rgba16[] = {
	0xcd, 0xdd, 0xc5, 0x99, 0xde, 0x1f, 0xde, 0x61, 
	0xee, 0xa1, 0xe6, 0xa1, 0xde, 0x5f, 0x83, 0xd5, 
	0x6a, 0xcf, 0xcd, 0xdb, 0xef, 0x29, 0xee, 0xe5, 
	0xe6, 0xa3, 0xd6, 0x1d, 0xef, 0x67, 0xef, 0x25, 
	0x52, 0x09, 0x18, 0x83, 0x39, 0x47, 0x93, 0x91, 
	0xee, 0x5d, 0xac, 0x93, 0xd6, 0x1f, 0xde, 0x5d, 
	0xe6, 0xa5, 0xef, 0x27, 0xee, 0xe7, 0xad, 0x5b, 
	0x83, 0xd3, 0xbd, 0x57, 0x8b, 0x91, 0x10, 0x41, 
	0x5a, 0x8b, 0x62, 0x4b, 0x41, 0xc7, 0x83, 0x4f, 
	0xc5, 0x97, 0xe6, 0x61, 0xcd, 0xdf, 0xb5, 0x17, 
	0xb5, 0x15, 0xd5, 0xdd, 0x6b, 0x0d, 0x5a, 0x07, 
	0x20, 0xc5, 0x62, 0xcf, 0xde, 0x63, 0x62, 0x8b, 
	0x9c, 0x91, 0xde, 0xa3, 0xe6, 0x5d, 0xef, 0x6f, 
	0x83, 0x93, 0x4a, 0x07, 0xbd, 0x9b, 0xd6, 0x21, 
	0xd6, 0x61, 0xcd, 0x9d, 0xc5, 0x9b, 0xe6, 0x5f, 
	0xd5, 0xdf, 0xe6, 0xa7, 0xde, 0x1b, 0xde, 0xa5, 
	0x73, 0x51, 0xf7, 0x6b, 0xef, 0x69, 0x8b, 0xd3, 
	0xbd, 0x59, 0xbd, 0x19, 0xe6, 0xe9, 0xbd, 0x53, 
	0xee, 0xa3, 0xef, 0x2d, 0xac, 0xd3, 0x5a, 0x49, 
	0xf7, 0x71, 0xc5, 0xdd, 0xa4, 0x8f, 0xd5, 0xdb, 
	0xe6, 0xe7, 0x5a, 0x8d, 0x41, 0x87, 0xef, 0x6d, 
	0xf7, 0xb1, 0xb4, 0xd3, 0x31, 0x45, 0xa4, 0x51, 
	0xf7, 0x6d, 0xde, 0x21, 0xac, 0xd5, 0xf7, 0x69, 
	0xf7, 0xaf, 0xac, 0x51, 0x28, 0x83, 0xb5, 0x13, 
	0xf7, 0x6f, 0xe6, 0x63, 0xee, 0xe3, 0xee, 0xe9, 
	0x52, 0x4b, 0xb4, 0xd1, 0x18, 0x41, 0x62, 0x8d, 
	0x93, 0xd3, 0xee, 0x9f, 0x29, 0x05, 0xc5, 0x9d, 
	0x7b, 0x51, 0xd6, 0x1b, 0xde, 0x1d, 0xee, 0xe1, 
	0xa4, 0xd5, 0xef, 0x6b, 0xee, 0xa5, 0xbd, 0x15, 
	0x83, 0x91, 0x7b, 0x4f, 0xa4, 0x93, 0xbd, 0x5b, 
	0xde, 0x65, 0xe6, 0x9f, 0xbd, 0x13, 0x6b, 0x0f, 
	0x6b, 0x4f, 0xb5, 0x5b, 0x7b, 0x91, 0x62, 0xcd, 
	0xb5, 0x59, 0xf7, 0x65, 0xcd, 0x9b, 0xd5, 0xd9, 
	0xcd, 0x97, 0xa4, 0x91, 0xcd, 0x99, 0x9c, 0x93, 
	0xef, 0x23, 0xc5, 0x57, 0x5a, 0x51, 0xde, 0xa1, 
	0xc5, 0x59, 0xdd, 0xdb, 0x62, 0x91, 0x5a, 0x4b, 
	0x62, 0xd1, 0xac, 0x91, 0x39, 0x85, 0x73, 0x11, 
	0x39, 0x87, 0x7b, 0x53, 0xce, 0x1f, 0xb5, 0x19, 
	0xad, 0x19, 0xe6, 0x1d, 0x49, 0xc7, 0x52, 0x07, 
	0x72, 0xcf, 0x4a, 0x0b, 0xd6, 0x65, 0xbd, 0x9d, 
	0xcd, 0x55, 0x93, 0xd1, 0x31, 0x87, 0x63, 0x0f, 
	0x28, 0xc5, 0x10, 0x03, 0xbd, 0x17, 0xd5, 0xd7, 
	0xe6, 0xeb, 0xb4, 0xd5, 0xd5, 0x97, 0xc5, 0x15, 
	0xbc, 0xd3, 0xc5, 0x55, 0x83, 0xd1, 0x7b, 0x8d, 
	0x51, 0xc7, 0x7b, 0x11, 0xe6, 0xe5, 0xef, 0x2b, 
	0xb5, 0x11, 0xcd, 0xd7, 0xbd, 0x55, 0x83, 0x4d, 
	0xd5, 0x99, 0xe6, 0x1b, 0x73, 0x0f, 0x73, 0x91, 
	0xdd, 0xd7, 0xd6, 0x5f, 0xad, 0x15, 0x83, 0x51, 
	0x41, 0xc9, 0x73, 0x4d, 0x6a, 0xcd, 
};

Gfx wf_dl_grainy_wall_dark_ci8_aligner[] = {gsSPEndDisplayList()};
u8 wf_dl_grainy_wall_dark_ci8[] = {
	0x00, 0x01, 0x02, 0x03, 0x03, 0x04, 0x05, 0x03, 
	0x04, 0x06, 0x07, 0x08, 0x01, 0x09, 0x09, 0x0a, 
	0x0b, 0x08, 0x02, 0x06, 0x00, 0x08, 0x0c, 0x0a, 
	0x0d, 0x0b, 0x03, 0x03, 0x00, 0x01, 0x01, 0x0e, 
	0x0b, 0x00, 0x02, 0x03, 0x0f, 0x10, 0x04, 0x02, 
	0x02, 0x0b, 0x11, 0x0b, 0x0b, 0x00, 0x00, 0x00, 
	0x07, 0x07, 0x12, 0x12, 0x13, 0x14, 0x15, 0x00, 
	0x01, 0x16, 0x17, 0x01, 0x03, 0x0e, 0x18, 0x01, 
	0x19, 0x1a, 0x1b, 0x02, 0x03, 0x1c, 0x12, 0x0b, 
	0x1d, 0x08, 0x00, 0x1e, 0x02, 0x0b, 0x08, 0x08, 
	0x1f, 0x08, 0x00, 0x0b, 0x1d, 0x12, 0x20, 0x0b, 
	0x00, 0x00, 0x21, 0x21, 0x08, 0x07, 0x1e, 0x01, 
	0x0c, 0x08, 0x1d, 0x01, 0x02, 0x03, 0x12, 0x0b, 
	0x0b, 0x00, 0x22, 0x03, 0x23, 0x13, 0x07, 0x07, 
	0x0b, 0x01, 0x02, 0x08, 0x0b, 0x1b, 0x24, 0x08, 
	0x00, 0x0b, 0x07, 0x0c, 0x21, 0x21, 0x21, 0x01, 
	0x21, 0x08, 0x07, 0x07, 0x12, 0x04, 0x03, 0x00, 
	0x1d, 0x02, 0x25, 0x03, 0x18, 0x0b, 0x17, 0x08, 
	0x04, 0x04, 0x19, 0x26, 0x0e, 0x20, 0x27, 0x0b, 
	0x12, 0x00, 0x12, 0x28, 0x28, 0x19, 0x07, 0x20, 
	0x21, 0x00, 0x0c, 0x0e, 0x01, 0x02, 0x12, 0x08, 
	0x0b, 0x01, 0x01, 0x01, 0x00, 0x14, 0x00, 0x03, 
	0x03, 0x1b, 0x29, 0x0e, 0x2a, 0x08, 0x19, 0x04, 
	0x01, 0x0b, 0x2b, 0x21, 0x26, 0x0b, 0x17, 0x20, 
	0x1d, 0x08, 0x15, 0x01, 0x01, 0x03, 0x02, 0x20, 
	0x00, 0x00, 0x02, 0x03, 0x12, 0x20, 0x0b, 0x03, 
	0x03, 0x1b, 0x2c, 0x06, 0x12, 0x07, 0x00, 0x0b, 
	0x07, 0x0c, 0x07, 0x00, 0x07, 0x0b, 0x1d, 0x0e, 
	0x28, 0x21, 0x14, 0x03, 0x01, 0x01, 0x00, 0x12, 
	0x00, 0x01, 0x02, 0x02, 0x02, 0x03, 0x03, 0x23, 
	0x2d, 0x1b, 0x03, 0x06, 0x01, 0x01, 0x0d, 0x2e, 
	0x07, 0x12, 0x08, 0x00, 0x02, 0x1e, 0x0b, 0x08, 
	0x2f, 0x00, 0x03, 0x03, 0x02, 0x08, 0x00, 0x03, 
	0x01, 0x02, 0x1b, 0x01, 0x03, 0x03, 0x03, 0x2d, 
	0x0b, 0x30, 0x04, 0x03, 0x03, 0x03, 0x01, 0x28, 
	0x00, 0x12, 0x12, 0x12, 0x01, 0x1b, 0x12, 0x21, 
	0x0b, 0x02, 0x03, 0x02, 0x0b, 0x00, 0x02, 0x01, 
	0x03, 0x09, 0x21, 0x0e, 0x06, 0x1c, 0x2a, 0x08, 
	0x07, 0x03, 0x03, 0x03, 0x03, 0x03, 0x06, 0x03, 
	0x07, 0x07, 0x12, 0x08, 0x19, 0x20, 0x08, 0x19, 
	0x01, 0x02, 0x01, 0x21, 0x0b, 0x02, 0x03, 0x02, 
	0x00, 0x19, 0x2d, 0x03, 0x31, 0x22, 0x1b, 0x0b, 
	0x08, 0x02, 0x32, 0x04, 0x03, 0x33, 0x34, 0x03, 
	0x01, 0x23, 0x08, 0x29, 0x0c, 0x26, 0x21, 0x21, 
	0x09, 0x01, 0x00, 0x0b, 0x03, 0x02, 0x01, 0x00, 
	0x08, 0x00, 0x03, 0x03, 0x22, 0x03, 0x12, 0x16, 
	0x13, 0x06, 0x34, 0x03, 0x03, 0x02, 0x02, 0x07, 
	0x0b, 0x0e, 0x19, 0x15, 0x26, 0x19, 0x07, 0x19, 
	0x35, 0x01, 0x00, 0x12, 0x0b, 0x0b, 0x07, 0x28, 
	0x0b, 0x03, 0x05, 0x1c, 0x02, 0x19, 0x07, 0x00, 
	0x03, 0x02, 0x00, 0x2d, 0x03, 0x36, 0x07, 0x26, 
	0x16, 0x00, 0x00, 0x07, 0x28, 0x08, 0x07, 0x0c, 
	0x0b, 0x37, 0x12, 0x0b, 0x26, 0x08, 0x0b, 0x00, 
	0x01, 0x03, 0x03, 0x06, 0x12, 0x26, 0x29, 0x03, 
	0x04, 0x0c, 0x26, 0x14, 0x03, 0x08, 0x08, 0x12, 
	0x02, 0x0b, 0x01, 0x18, 0x12, 0x08, 0x21, 0x08, 
	0x0b, 0x00, 0x12, 0x23, 0x00, 0x00, 0x02, 0x04, 
	0x23, 0x01, 0x12, 0x03, 0x03, 0x2a, 0x12, 0x03, 
	0x02, 0x21, 0x19, 0x02, 0x03, 0x1b, 0x12, 0x0b, 
	0x0b, 0x0b, 0x30, 0x30, 0x03, 0x12, 0x07, 0x0b, 
	0x00, 0x07, 0x29, 0x03, 0x02, 0x23, 0x03, 0x30, 
	0x03, 0x1d, 0x21, 0x21, 0x23, 0x23, 0x03, 0x03, 
	0x0b, 0x21, 0x08, 0x03, 0x01, 0x0b, 0x00, 0x12, 
	0x00, 0x00, 0x02, 0x12, 0x0b, 0x0e, 0x12, 0x00, 
	0x12, 0x0c, 0x15, 0x00, 0x1e, 0x23, 0x03, 0x02, 
	0x00, 0x19, 0x38, 0x12, 0x02, 0x14, 0x08, 0x03, 
	0x12, 0x0b, 0x03, 0x03, 0x17, 0x07, 0x0b, 0x2d, 
	0x00, 0x01, 0x28, 0x39, 0x19, 0x07, 0x02, 0x1b, 
	0x2b, 0x08, 0x0c, 0x00, 0x12, 0x30, 0x1b, 0x12, 
	0x07, 0x0b, 0x08, 0x0b, 0x07, 0x21, 0x29, 0x03, 
	0x03, 0x00, 0x00, 0x08, 0x0c, 0x0a, 0x07, 0x12, 
	0x03, 0x02, 0x0b, 0x19, 0x3a, 0x08, 0x03, 0x02, 
	0x00, 0x00, 0x17, 0x12, 0x02, 0x1b, 0x2a, 0x0b, 
	0x01, 0x3b, 0x19, 0x08, 0x3a, 0x13, 0x23, 0x04, 
	0x3c, 0x0b, 0x0b, 0x21, 0x07, 0x3d, 0x3e, 0x0a, 
	0x0b, 0x0b, 0x0b, 0x13, 0x0c, 0x08, 0x08, 0x12, 
	0x0b, 0x00, 0x20, 0x12, 0x0b, 0x08, 0x0b, 0x2d, 
	0x01, 0x12, 0x08, 0x26, 0x21, 0x1b, 0x03, 0x01, 
	0x0d, 0x00, 0x00, 0x25, 0x0d, 0x21, 0x21, 0x11, 
	0x08, 0x14, 0x0b, 0x08, 0x19, 0x19, 0x39, 0x07, 
	0x2b, 0x01, 0x0e, 0x1e, 0x29, 0x08, 0x0b, 0x3f, 
	0x07, 0x08, 0x07, 0x08, 0x08, 0x0b, 0x20, 0x0b, 
	0x37, 0x12, 0x01, 0x36, 0x0b, 0x35, 0x07, 0x0b, 
	0x0b, 0x08, 0x0b, 0x29, 0x07, 0x19, 0x28, 0x08, 
	0x3c, 0x02, 0x3f, 0x12, 0x1e, 0x01, 0x12, 0x00, 
	0x07, 0x00, 0x00, 0x17, 0x29, 0x2d, 0x0b, 0x0b, 
	0x00, 0x03, 0x01, 0x12, 0x40, 0x12, 0x12, 0x12, 
	0x41, 0x12, 0x00, 0x19, 0x42, 0x28, 0x29, 0x08, 
	0x08, 0x00, 0x08, 0x21, 0x2a, 0x02, 0x03, 0x1b, 
	0x0b, 0x0b, 0x21, 0x17, 0x0b, 0x04, 0x00, 0x0b, 
	0x02, 0x12, 0x00, 0x29, 0x07, 0x12, 0x12, 0x02, 
	0x00, 0x12, 0x03, 0x0b, 0x39, 0x19, 0x3f, 0x08, 
	0x07, 0x00, 0x00, 0x08, 0x0b, 0x01, 0x03, 0x03, 
	0x00, 0x21, 0x21, 0x20, 0x12, 0x04, 0x03, 0x03, 
	0x12, 0x08, 0x07, 0x21, 0x13, 0x0b, 0x07, 0x19, 
	0x43, 0x28, 0x08, 0x0b, 0x08, 0x19, 0x1d, 0x12, 
	0x0b, 0x01, 0x12, 0x00, 0x13, 0x23, 0x03, 0x03, 
	0x30, 0x0b, 0x0b, 0x17, 0x12, 0x1e, 0x01, 0x12, 
	0x08, 0x08, 0x0b, 0x12, 0x08, 0x07, 0x21, 0x28, 
	0x43, 0x0c, 0x28, 0x21, 0x0b, 0x28, 0x07, 0x00, 
	0x07, 0x12, 0x01, 0x01, 0x0e, 0x2a, 0x2a, 0x02, 
	0x1b, 0x00, 0x00, 0x08, 0x08, 0x43, 0x08, 0x0b, 
	0x0b, 0x00, 0x01, 0x00, 0x0b, 0x16, 0x21, 0x0b, 
	0x14, 0x29, 0x07, 0x08, 0x01, 0x01, 0x0b, 0x08, 
	0x44, 0x02, 0x12, 0x01, 0x09, 0x07, 0x08, 0x02, 
	0x30, 0x01, 0x0b, 0x0b, 0x0b, 0x13, 0x00, 0x12, 
	0x02, 0x03, 0x01, 0x08, 0x24, 0x19, 0x00, 0x0b, 
	0x14, 0x12, 0x00, 0x00, 0x01, 0x02, 0x00, 0x21, 
	0x00, 0x01, 0x0c, 0x07, 0x0c, 0x28, 0x30, 0x03, 
	0x30, 0x12, 0x1d, 0x20, 0x0b, 0x08, 0x1e, 0x1c, 
	0x12, 0x45, 0x0c, 0x07, 0x38, 0x00, 0x12, 0x16, 
	0x1f, 0x3f, 0x00, 0x08, 0x28, 0x21, 0x00, 0x21, 
	0x05, 0x1e, 0x07, 0x12, 0x0b, 0x35, 0x07, 0x02, 
	0x03, 0x01, 0x1e, 0x1d, 0x1d, 0x0e, 0x0e, 0x01, 
	0x01, 0x46, 0x19, 0x23, 0x02, 0x01, 0x02, 0x1d, 
	0x19, 0x08, 0x00, 0x0b, 0x42, 0x26, 0x0b, 0x07, 
	0x00, 0x03, 0x12, 0x30, 0x01, 0x08, 0x0b, 0x03, 
	0x03, 0x1e, 0x17, 0x47, 0x2a, 0x02, 0x01, 0x00, 
	0x12, 0x0b, 0x00, 0x06, 0x0f, 0x01, 0x18, 0x20, 
	0x07, 0x00, 0x12, 0x12, 0x0b, 0x28, 0x15, 0x19, 
	0x28, 0x02, 0x0b, 0x1c, 0x32, 0x03, 0x01, 0x0e, 
	0x0b, 0x13, 0x26, 0x48, 0x03, 0x03, 0x2a, 0x0b, 
	0x08, 0x3c, 0x12, 0x04, 0x06, 0x0b, 0x13, 0x01, 
	0x12, 0x12, 0x08, 0x26, 0x3b, 0x0c, 0x2f, 0x3b, 
	0x0b, 0x12, 0x1b, 0x31, 0x06, 0x03, 0x03, 0x12, 
	0x12, 0x2c, 0x16, 0x19, 0x23, 0x1b, 0x3f, 0x14, 
	0x0b, 0x0b, 0x49, 0x04, 0x04, 0x07, 0x07, 0x20, 
	0x00, 0x2b, 0x07, 0x42, 0x08, 0x0c, 0x00, 0x20, 
	
};

Gfx wf_dl_grainy_wall_dark_pal_rgba16_aligner[] = {gsSPEndDisplayList()};
u8 wf_dl_grainy_wall_dark_pal_rgba16[] = {
	0x73, 0x9d, 0x84, 0x21, 0x8c, 0x63, 0x94, 0xa5, 
	0x9c, 0xe7, 0x94, 0xe7, 0xa5, 0x29, 0x5a, 0xd7, 
	0x63, 0x19, 0x7b, 0xdd, 0x63, 0x17, 0x6b, 0x5b, 
	0x39, 0xcf, 0x84, 0x1f, 0x73, 0xdf, 0xad, 0xad, 
	0xb5, 0xad, 0x5a, 0xd5, 0x7b, 0xdf, 0x5b, 0x19, 
	0x63, 0x5b, 0x21, 0x09, 0x52, 0x97, 0x5a, 0xd9, 
	0x8c, 0xa5, 0x4a, 0x53, 0x73, 0x5b, 0x84, 0x23, 
	0x94, 0xa7, 0x63, 0x1b, 0x7b, 0xe1, 0x4a, 0x95, 
	0x6b, 0x5d, 0x52, 0x95, 0x9c, 0xe9, 0x84, 0x63, 
	0x29, 0x8d, 0x94, 0xa3, 0x31, 0x8d, 0x08, 0x43, 
	0x42, 0x11, 0x52, 0xd7, 0x7c, 0x21, 0x8c, 0x21, 
	0xa5, 0x2b, 0x73, 0x9f, 0x41, 0xcf, 0x42, 0x13, 
	0x8c, 0x65, 0x9d, 0x29, 0xa5, 0x6b, 0xad, 0x29, 
	0xad, 0x6b, 0x6b, 0x19, 0x7b, 0x9d, 0x83, 0xdf, 
	0x18, 0xc7, 0x39, 0xd1, 0x3a, 0x11, 0x4a, 0x55, 
	0x6b, 0x59, 0x52, 0x53, 0x4a, 0x51, 0x6b, 0x9d, 
	0x62, 0xd7, 0x73, 0x9b, 0x29, 0x4b, 0x42, 0x53, 
	0x5a, 0x95, 0x63, 0x59, 0x31, 0x4b, 0x31, 0xcf, 
	0x00, 0x01, 0x8c, 0x61, 
};

Gfx wf_dl_wood_from_wf_ci8_aligner[] = {gsSPEndDisplayList()};
u8 wf_dl_wood_from_wf_ci8[] = {
	0x00, 0x01, 0x02, 0x03, 0x04, 0x05, 0x06, 0x07, 
	0x08, 0x09, 0x0a, 0x05, 0x0b, 0x0c, 0x0d, 0x09, 
	0x0e, 0x07, 0x05, 0x0f, 0x10, 0x11, 0x12, 0x13, 
	0x14, 0x07, 0x15, 0x16, 0x17, 0x18, 0x19, 0x07, 
	0x05, 0x01, 0x0a, 0x0e, 0x03, 0x0e, 0x1a, 0x1b, 
	0x08, 0x19, 0x00, 0x05, 0x0b, 0x0c, 0x0d, 0x0c, 
	0x12, 0x0c, 0x1c, 0x1d, 0x1e, 0x1f, 0x20, 0x0c, 
	0x0c, 0x19, 0x04, 0x1d, 0x21, 0x16, 0x17, 0x0c, 
	0x1c, 0x12, 0x22, 0x05, 0x23, 0x10, 0x07, 0x1b, 
	0x24, 0x1a, 0x25, 0x26, 0x0b, 0x01, 0x27, 0x05, 
	0x09, 0x19, 0x28, 0x1b, 0x1e, 0x20, 0x23, 0x13, 
	0x0c, 0x19, 0x0c, 0x29, 0x04, 0x16, 0x23, 0x0c, 
	0x19, 0x10, 0x02, 0x2a, 0x21, 0x05, 0x0c, 0x13, 
	0x2b, 0x19, 0x0e, 0x11, 0x06, 0x12, 0x0d, 0x05, 
	0x01, 0x07, 0x2c, 0x19, 0x25, 0x04, 0x23, 0x19, 
	0x19, 0x2d, 0x14, 0x2e, 0x00, 0x2f, 0x12, 0x25, 
	0x2d, 0x20, 0x0a, 0x03, 0x27, 0x10, 0x0b, 0x1b, 
	0x11, 0x12, 0x06, 0x30, 0x0b, 0x05, 0x31, 0x03, 
	0x09, 0x12, 0x20, 0x12, 0x0d, 0x04, 0x00, 0x32, 
	0x1b, 0x33, 0x1b, 0x2e, 0x00, 0x1b, 0x19, 0x21, 
	0x0c, 0x24, 0x0e, 0x05, 0x04, 0x09, 0x09, 0x13, 
	0x11, 0x05, 0x10, 0x34, 0x0c, 0x05, 0x31, 0x0e, 
	0x0c, 0x19, 0x04, 0x05, 0x0d, 0x12, 0x21, 0x1d, 
	0x1a, 0x0c, 0x19, 0x2e, 0x04, 0x19, 0x18, 0x35, 
	0x0c, 0x08, 0x12, 0x10, 0x05, 0x0c, 0x0b, 0x1a, 
	0x25, 0x01, 0x10, 0x11, 0x07, 0x10, 0x0d, 0x10, 
	0x0b, 0x19, 0x01, 0x20, 0x10, 0x23, 0x0c, 0x1b, 
	0x1b, 0x19, 0x12, 0x1d, 0x25, 0x36, 0x37, 0x24, 
	0x12, 0x20, 0x00, 0x05, 0x20, 0x0b, 0x09, 0x07, 
	0x05, 0x05, 0x10, 0x38, 0x06, 0x0e, 0x0e, 0x30, 
	0x0b, 0x1b, 0x2d, 0x09, 0x0c, 0x05, 0x1b, 0x1b, 
	0x13, 0x1b, 0x19, 0x1b, 0x05, 0x2a, 0x2e, 0x00, 
	0x1c, 0x10, 0x24, 0x0d, 0x00, 0x33, 0x1a, 0x19, 
	0x25, 0x0d, 0x1e, 0x39, 0x09, 0x10, 0x0e, 0x0d, 
	0x1a, 0x19, 0x04, 0x1a, 0x05, 0x2a, 0x1b, 0x16, 
	0x07, 0x16, 0x09, 0x1b, 0x05, 0x20, 0x3a, 0x12, 
	0x20, 0x08, 0x15, 0x05, 0x02, 0x33, 0x09, 0x2a, 
	0x25, 0x10, 0x1e, 0x3b, 0x0b, 0x12, 0x1e, 0x05, 
	0x1a, 0x19, 0x03, 0x0c, 0x12, 0x05, 0x1b, 0x16, 
	0x32, 0x1b, 0x0c, 0x1b, 0x05, 0x20, 0x1d, 0x14, 
	0x05, 0x21, 0x25, 0x05, 0x11, 0x1a, 0x09, 0x04, 
	0x09, 0x3c, 0x0c, 0x3b, 0x0b, 0x0e, 0x09, 0x10, 
	0x2f, 0x19, 0x25, 0x0c, 0x04, 0x17, 0x1d, 0x3a, 
	0x0c, 0x16, 0x0c, 0x16, 0x05, 0x0c, 0x2e, 0x16, 
	0x01, 0x2b, 0x01, 0x10, 0x02, 0x3d, 0x3e, 0x3f, 
	0x0c, 0x2b, 0x01, 0x40, 0x1b, 0x04, 0x09, 0x09, 
	0x2f, 0x07, 0x05, 0x0c, 0x04, 0x31, 0x1d, 0x32, 
	0x0c, 0x2f, 0x0c, 0x18, 0x01, 0x19, 0x41, 0x16, 
	0x05, 0x00, 0x05, 0x0c, 0x0a, 0x0c, 0x01, 0x42, 
	0x09, 0x25, 0x01, 0x0a, 0x0b, 0x43, 0x0e, 0x10, 
	0x1b, 0x16, 0x04, 0x44, 0x0d, 0x03, 0x1b, 0x17, 
	0x10, 0x1d, 0x2d, 0x16, 0x09, 0x0c, 0x45, 0x16, 
	0x0c, 0x25, 0x10, 0x12, 0x0a, 0x0c, 0x0c, 0x2b, 
	0x0c, 0x46, 0x03, 0x00, 0x07, 0x43, 0x01, 0x10, 
	0x1a, 0x1b, 0x0a, 0x0f, 0x25, 0x36, 0x1b, 0x15, 
	0x19, 0x16, 0x19, 0x16, 0x19, 0x09, 0x18, 0x1b, 
	0x0c, 0x04, 0x2d, 0x01, 0x47, 0x0c, 0x09, 0x17, 
	0x10, 0x48, 0x25, 0x49, 0x1a, 0x05, 0x05, 0x1e, 
	0x1b, 0x1b, 0x31, 0x45, 0x25, 0x19, 0x14, 0x44, 
	0x0c, 0x33, 0x04, 0x1b, 0x19, 0x09, 0x18, 0x16, 
	0x0c, 0x25, 0x01, 0x07, 0x22, 0x0c, 0x07, 0x17, 
	0x09, 0x42, 0x31, 0x05, 0x07, 0x03, 0x03, 0x10, 
	0x0c, 0x16, 0x03, 0x16, 0x04, 0x0c, 0x4a, 0x4b, 
	0x14, 0x32, 0x00, 0x32, 0x1a, 0x0c, 0x16, 0x07, 
	0x01, 0x03, 0x05, 0x36, 0x4c, 0x0c, 0x0b, 0x25, 
	0x05, 0x4d, 0x4e, 0x0c, 0x0b, 0x05, 0x12, 0x09, 
	0x1b, 0x16, 0x4f, 0x16, 0x04, 0x19, 0x16, 0x07, 
	0x19, 0x0c, 0x20, 0x33, 0x1a, 0x2d, 0x16, 0x1b, 
	0x0c, 0x23, 0x10, 0x0c, 0x47, 0x0c, 0x0c, 0x02, 
	0x00, 0x1e, 0x0d, 0x09, 0x1b, 0x03, 0x05, 0x09, 
	0x0b, 0x18, 0x36, 0x32, 0x25, 0x19, 0x16, 0x19, 
	0x32, 0x20, 0x05, 0x0c, 0x0c, 0x0b, 0x16, 0x1b, 
	0x09, 0x00, 0x09, 0x21, 0x47, 0x0b, 0x12, 0x11, 
	0x2b, 0x09, 0x0d, 0x0c, 0x06, 0x25, 0x09, 0x19, 
	0x0c, 0x2e, 0x04, 0x1a, 0x03, 0x12, 0x19, 0x19, 
	0x19, 0x12, 0x21, 0x19, 0x1b, 0x0c, 0x14, 0x16, 
	0x2d, 0x02, 0x4f, 0x3c, 0x3c, 0x19, 0x12, 0x42, 
	0x00, 0x0b, 0x0d, 0x19, 0x07, 0x04, 0x2c, 0x19, 
	0x50, 0x45, 0x08, 0x19, 0x03, 0x12, 0x33, 0x51, 
	0x01, 0x05, 0x02, 0x19, 0x16, 0x14, 0x16, 0x0f, 
	0x0d, 0x4c, 0x02, 0x52, 0x2b, 0x1a, 0x0e, 0x53, 
	0x03, 0x0b, 0x54, 0x55, 0x1a, 0x03, 0x4e, 0x0c, 
	0x19, 0x19, 0x25, 0x56, 0x09, 0x12, 0x19, 0x1f, 
	0x57, 0x17, 0x11, 0x12, 0x19, 0x1b, 0x1b, 0x3a, 
	0x05, 0x26, 0x4e, 0x2b, 0x25, 0x10, 0x05, 0x47, 
	0x05, 0x44, 0x05, 0x06, 0x1b, 0x03, 0x08, 0x19, 
	0x01, 0x23, 0x01, 0x25, 0x05, 0x19, 0x0c, 0x56, 
	0x12, 0x25, 0x58, 0x05, 0x19, 0x19, 0x19, 0x0c, 
	0x0c, 0x03, 0x0d, 0x0d, 0x0d, 0x05, 0x1e, 0x42, 
	0x03, 0x09, 0x59, 0x06, 0x1a, 0x0c, 0x03, 0x0c, 
	0x0b, 0x25, 0x0c, 0x19, 0x12, 0x1b, 0x32, 0x04, 
	0x12, 0x10, 0x04, 0x05, 0x19, 0x12, 0x07, 0x1b, 
	0x19, 0x12, 0x05, 0x05, 0x05, 0x36, 0x03, 0x40, 
	0x09, 0x5a, 0x1e, 0x10, 0x1b, 0x09, 0x05, 0x01, 
	0x0c, 0x2d, 0x2d, 0x06, 0x10, 0x1b, 0x16, 0x01, 
	0x1c, 0x5b, 0x43, 0x4f, 0x19, 0x0c, 0x1b, 0x1b, 
	0x0c, 0x0d, 0x0c, 0x05, 0x0c, 0x05, 0x0d, 0x47, 
	0x0c, 0x17, 0x0d, 0x25, 0x2f, 0x01, 0x2a, 0x09, 
	0x0c, 0x1b, 0x12, 0x0c, 0x32, 0x16, 0x07, 0x19, 
	0x04, 0x20, 0x20, 0x05, 0x19, 0x09, 0x07, 0x33, 
	0x0c, 0x0e, 0x12, 0x0d, 0x03, 0x04, 0x31, 0x40, 
	0x1b, 0x0e, 0x10, 0x0a, 0x0b, 0x10, 0x2b, 0x0c, 
	0x10, 0x19, 0x10, 0x07, 0x0c, 0x2f, 0x07, 0x2d, 
	0x03, 0x46, 0x05, 0x05, 0x0c, 0x0c, 0x07, 0x19, 
	0x4f, 0x31, 0x09, 0x1e, 0x0d, 0x25, 0x08, 0x48, 
	0x13, 0x12, 0x03, 0x00, 0x16, 0x10, 0x0d, 0x0c, 
	0x10, 0x04, 0x09, 0x10, 0x0c, 0x18, 0x19, 0x19, 
	0x04, 0x24, 0x12, 0x57, 0x07, 0x09, 0x19, 0x19, 
	0x12, 0x0d, 0x05, 0x10, 0x0d, 0x05, 0x31, 0x42, 
	0x1b, 0x01, 0x03, 0x05, 0x1b, 0x0d, 0x10, 0x05, 
	0x5c, 0x04, 0x0c, 0x03, 0x19, 0x2f, 0x19, 0x0c, 
	0x03, 0x1c, 0x0c, 0x36, 0x44, 0x04, 0x44, 0x19, 
	0x05, 0x03, 0x10, 0x09, 0x03, 0x05, 0x43, 0x5d, 
	0x1b, 0x09, 0x0d, 0x05, 0x16, 0x43, 0x09, 0x05, 
	0x1e, 0x25, 0x01, 0x0e, 0x12, 0x07, 0x0c, 0x12, 
	0x1c, 0x19, 0x5e, 0x21, 0x0c, 0x24, 0x0c, 0x5f, 
	0x05, 0x0e, 0x10, 0x10, 0x0a, 0x09, 0x04, 0x1f, 
	0x1b, 0x0b, 0x0d, 0x05, 0x1b, 0x43, 0x10, 0x0c, 
	0x1e, 0x04, 0x10, 0x03, 0x01, 0x19, 0x10, 0x08, 
	0x0c, 0x19, 0x3f, 0x00, 0x19, 0x20, 0x36, 0x19, 
	0x03, 0x0d, 0x01, 0x09, 0x40, 0x03, 0x25, 0x5d, 
	0x0b, 0x0c, 0x0d, 0x05, 0x0b, 0x00, 0x43, 0x32, 
	0x01, 0x04, 0x09, 0x12, 0x0c, 0x0c, 0x57, 0x22, 
	0x2d, 0x19, 0x48, 0x15, 0x01, 0x4f, 0x12, 0x14, 
	0x03, 0x03, 0x10, 0x10, 0x26, 0x12, 0x04, 0x60, 
	0x0b, 0x50, 0x25, 0x05, 0x0b, 0x25, 0x04, 0x33, 
	0x0c, 0x05, 0x00, 0x01, 0x01, 0x19, 0x0c, 0x53, 
	0x10, 0x09, 0x3c, 0x05, 0x12, 0x19, 0x0c, 0x32, 
	
};

Gfx wf_dl_wood_from_wf_pal_rgba16_aligner[] = {gsSPEndDisplayList()};
u8 wf_dl_wood_from_wf_pal_rgba16[] = {
	0x82, 0xcd, 0x9b, 0x51, 0x7a, 0x8d, 0x93, 0x0f, 
	0x8b, 0x0f, 0x93, 0x4f, 0xa3, 0x8f, 0xa3, 0x93, 
	0x82, 0xcf, 0x9b, 0x8f, 0x82, 0x8d, 0xa3, 0x91, 
	0x9b, 0x91, 0x93, 0x0d, 0x93, 0x4d, 0xa4, 0x13, 
	0x9b, 0x4f, 0x7a, 0x8b, 0x93, 0x51, 0xa3, 0x95, 
	0x9b, 0xd5, 0x83, 0x0d, 0xa3, 0xd5, 0x8b, 0x11, 
	0xac, 0x15, 0x9b, 0x93, 0xa3, 0xd1, 0xa3, 0xd3, 
	0x93, 0x8f, 0xa3, 0xd7, 0x9b, 0x4d, 0x72, 0x4d, 
	0x8b, 0x4f, 0x83, 0x0f, 0x6a, 0x0b, 0x8b, 0x51, 
	0x7a, 0xcd, 0x8b, 0x0d, 0x8a, 0xcb, 0x8b, 0x4d, 
	0x8b, 0x53, 0xac, 0x59, 0x93, 0x11, 0x82, 0xcb, 
	0x93, 0x13, 0x9b, 0x53, 0xac, 0x17, 0xab, 0xd5, 
	0x93, 0x0b, 0x8a, 0xcd, 0x9b, 0x95, 0x9b, 0xd3, 
	0x82, 0x4b, 0x72, 0xcd, 0x93, 0x53, 0xa4, 0x19, 
	0x8a, 0x8b, 0x72, 0x49, 0xa4, 0x15, 0x72, 0x0b, 
	0x72, 0x8d, 0x9b, 0xcf, 0xa3, 0x4f, 0x82, 0x8f, 
	0x82, 0x8b, 0xa4, 0x17, 0x7a, 0x4b, 0x8a, 0xcf, 
	0x9b, 0xd1, 0xab, 0xd7, 0x7a, 0xcf, 0x72, 0x4b, 
	0x6a, 0x4b, 0x93, 0x4b, 0xa3, 0x97, 0x9b, 0x55, 
	0x72, 0x89, 0x82, 0xc9, 0x8b, 0x0b, 0x93, 0x91, 
	0xa3, 0xcf, 0x7a, 0xd1, 0x62, 0x0b, 0x6a, 0x09, 
	0x9b, 0x0d, 0xa3, 0x8d, 0x7a, 0x8f, 0x93, 0x93, 
	0x7a, 0xcb, 0x9b, 0x0f, 0x93, 0x8d, 0x8b, 0x13, 
	0x9b, 0x8d, 0x7a, 0x89, 0x8a, 0xd1, 0x93, 0x95, 
	0x93, 0x49, 
};

Gfx wf_dl_window_rgba16_aligner[] = {gsSPEndDisplayList()};
u8 wf_dl_window_rgba16[] = {
	0x18, 0xc6, 0x18, 0xc6, 0x18, 0xc6, 0x18, 0xc6, 
	0x18, 0xc6, 0x18, 0xc6, 0x18, 0xc6, 0x18, 0xc6, 
	0x10, 0x84, 0x10, 0x86, 0x31, 0x4a, 0x52, 0x0e, 
	0x6a, 0xd5, 0x73, 0x17, 0x7b, 0x57, 0x83, 0x59, 
	0x83, 0x99, 0x7b, 0x57, 0x7b, 0x17, 0x6a, 0xd3, 
	0x4a, 0x0e, 0x29, 0x4a, 0x10, 0x84, 0x10, 0x84, 
	0x18, 0xc6, 0x18, 0xc6, 0x18, 0xc6, 0x18, 0xc6, 
	0x18, 0xc6, 0x18, 0xc6, 0x18, 0xc6, 0x18, 0xc6, 
	0x18, 0xc6, 0x18, 0xc6, 0x18, 0xc6, 0x18, 0xc6, 
	0x18, 0xc6, 0x18, 0xc6, 0x10, 0x84, 0x18, 0xc6, 
	0x4a, 0x0e, 0x7b, 0x17, 0x93, 0x99, 0x93, 0x99, 
	0x83, 0x57, 0x7b, 0x17, 0x83, 0x17, 0x83, 0x17, 
	0x7b, 0x17, 0x7b, 0x17, 0x7b, 0x17, 0x83, 0x59, 
	0x93, 0x99, 0x93, 0x99, 0x7b, 0x17, 0x4a, 0x0e, 
	0x10, 0xc6, 0x10, 0x84, 0x18, 0xc6, 0x18, 0xc6, 
	0x18, 0xc6, 0x18, 0xc6, 0x18, 0xc6, 0x18, 0xc6, 
	0x18, 0xc6, 0x18, 0xc6, 0x18, 0xc6, 0x18, 0xc6, 
	0x18, 0xc6, 0x10, 0x84, 0x39, 0xcc, 0x83, 0x99, 
	0x93, 0x9b, 0x83, 0x59, 0x83, 0x57, 0x94, 0x1d, 
	0xac, 0xa3, 0xc5, 0x67, 0xcd, 0xeb, 0xde, 0x6b, 
	0xde, 0x69, 0xcd, 0xe7, 0xbd, 0x63, 0xa4, 0x9d, 
	0x93, 0x99, 0x7b, 0x17, 0x8b, 0x59, 0x93, 0xdb, 
	0x83, 0x59, 0x39, 0x8c, 0x08, 0x84, 0x18, 0xc6, 
	0x18, 0xc6, 0x18, 0xc6, 0x18, 0xc6, 0x18, 0xc6, 
	0x18, 0xc6, 0x18, 0xc6, 0x18, 0xc6, 0x18, 0xc6, 
	0x18, 0xc6, 0x6b, 0x15, 0x93, 0xd9, 0x83, 0x59, 
	0x83, 0x57, 0x9c, 0x5f, 0xc5, 0xab, 0xe6, 0xf5, 
	0xe6, 0xf5, 0xde, 0xef, 0xc5, 0xe9, 0xbd, 0x65, 
	0xbd, 0x65, 0xc5, 0xe5, 0xe6, 0xa7, 0xf7, 0xa9, 
	0xf7, 0xa9, 0xde, 0x25, 0xa4, 0x5b, 0x7b, 0x17, 
	0x83, 0x99, 0x9b, 0xdb, 0x6a, 0xd4, 0x10, 0xc6, 
	0x18, 0xc6, 0x18, 0xc6, 0x18, 0xc6, 0x18, 0xc6, 
	0x18, 0xc6, 0x18, 0xc6, 0x18, 0xc6, 0x10, 0xc6, 
	0x73, 0x17, 0x8b, 0x99, 0x83, 0x57, 0x9c, 0x61, 
	0xde, 0x73, 0xe7, 0x39, 0xd6, 0x6f, 0x94, 0x1d, 
	0x5a, 0x51, 0x41, 0x8b, 0x49, 0xcb, 0x49, 0xcd, 
	0x49, 0xcd, 0x41, 0x8b, 0x41, 0x8d, 0x5a, 0x51, 
	0x8b, 0xd9, 0xd6, 0x23, 0xf7, 0xa9, 0xe6, 0x23, 
	0x93, 0xdb, 0x83, 0x57, 0xa4, 0x1b, 0x7b, 0x17, 
	0x10, 0x86, 0x18, 0xc6, 0x18, 0xc6, 0x18, 0xc6, 
	0x18, 0xc6, 0x18, 0xc6, 0x10, 0x84, 0x62, 0x93, 
	0x83, 0x59, 0x83, 0x57, 0xa4, 0xa1, 0xe7, 0x39, 
	0xe6, 0xf5, 0x7b, 0x99, 0x41, 0x8b, 0x39, 0x8b, 
	0x41, 0x8b, 0x41, 0xcd, 0x5a, 0x4f, 0x73, 0x15, 
	0x7b, 0x55, 0x6a, 0xd3, 0x41, 0xcd, 0x41, 0x8d, 
	0x39, 0x8b, 0x39, 0x8b, 0x7b, 0x55, 0xe6, 0xa5, 
	0xf7, 0x25, 0xa4, 0x9d, 0x7b, 0x59, 0x93, 0xdb, 
	0x73, 0x15, 0x10, 0x84, 0x18, 0xc6, 0x18, 0xc6, 
	0x18, 0xc6, 0x10, 0x84, 0x52, 0x50, 0x8b, 0x9b, 
	0x83, 0x59, 0xac, 0xa3, 0xe7, 0x39, 0xd6, 0x2f, 
	0x52, 0x0d, 0x39, 0x8b, 0x41, 0xcd, 0x41, 0xcd, 
	0x41, 0xcd, 0x39, 0x8b, 0xac, 0xdf, 0xee, 0xe5, 
	0xe6, 0xe5, 0xa4, 0x9d, 0x41, 0xcd, 0x41, 0xcd, 
	0x39, 0x8d, 0x39, 0x8d, 0x31, 0x4b, 0x39, 0x8d, 
	0xc5, 0x5f, 0xf7, 0x25, 0xac, 0x9d, 0x83, 0x59, 
	0x9c, 0x1b, 0x52, 0x10, 0x08, 0x84, 0x18, 0xc6, 
	0x18, 0xc6, 0x21, 0x08, 0x93, 0xd9, 0x7b, 0x57, 
	0xac, 0xa1, 0xe7, 0x39, 0xde, 0xaf, 0x62, 0x4f, 
	0x5a, 0x4f, 0x62, 0x91, 0x62, 0x91, 0x6a, 0x91, 
	0x6a, 0xd1, 0x62, 0x91, 0xcd, 0xa3, 0xf6, 0xe5, 
	0xde, 0x25, 0xa4, 0x9d, 0x7b, 0x55, 0x94, 0x19, 
	0x94, 0x17, 0x7b, 0x55, 0x72, 0xd3, 0x6a, 0x91, 
	0x62, 0x91, 0xd5, 0xa1, 0xf6, 0x63, 0x93, 0xdb, 
	0x8b, 0x99, 0x93, 0xd9, 0x21, 0x08, 0x10, 0xc6, 
	0x10, 0x84, 0x5a, 0x92, 0x93, 0xdb, 0x83, 0x59, 
	0xee, 0xed, 0xef, 0x73, 0x73, 0x15, 0x52, 0x0f, 
	0x62, 0x91, 0x62, 0x91, 0x62, 0x91, 0x62, 0x91, 
	0x6a, 0x91, 0x5a, 0x4f, 0xd5, 0xe3, 0xee, 0xe5, 
	0xde, 0x23, 0xa4, 0x9b, 0x62, 0x93, 0x62, 0x91, 
	0x5a, 0x0f, 0x5a, 0x4f, 0x5a, 0x4f, 0x62, 0x4f, 
	0x49, 0xcd, 0x5a, 0x51, 0xf6, 0x61, 0xe5, 0x5f, 
	0x83, 0x99, 0x9c, 0x1b, 0x62, 0x92, 0x10, 0x84, 
	0x18, 0xc6, 0x83, 0x59, 0x83, 0x59, 0xa4, 0x9f, 
	0xf7, 0xb1, 0xbd, 0xa5, 0x49, 0xcd, 0x4a, 0x0f, 
	0x4a, 0x0f, 0x49, 0xcd, 0x41, 0x8b, 0x41, 0xcd, 
	0x4a, 0x0f, 0x62, 0xd3, 0xd5, 0xe3, 0xf6, 0xa5, 
	0xde, 0x23, 0xa4, 0x9b, 0x52, 0x51, 0x62, 0xd5, 
	0x7b, 0x99, 0x8c, 0x1b, 0x94, 0x5b, 0x8c, 0x1b, 
	0x62, 0xd3, 0x4a, 0x0f, 0xbc, 0x9b, 0xf6, 0x21, 
	0xa4, 0x5b, 0x93, 0x99, 0x8b, 0x99, 0x18, 0xc6, 
	0x29, 0x4a, 0x93, 0xdb, 0x7b, 0x17, 0xd6, 0x25, 
	0xf7, 0xaf, 0x8b, 0xd9, 0x4a, 0x0f, 0x52, 0x0f, 
	0x73, 0x57, 0x94, 0xa1, 0xc5, 0xab, 0xde, 0x6f, 
	0xe6, 0xb5, 0xde, 0x73, 0xde, 0x25, 0xf6, 0xa5, 
	0xde, 0x23, 0xac, 0xdd, 0x7b, 0x59, 0xc5, 0xeb, 
	0xef, 0x33, 0xe7, 0x39, 0xe7, 0x39, 0xe7, 0x39, 
	0xe7, 0x39, 0xce, 0x6b, 0xb4, 0x9d, 0xed, 0x9f, 
	0xd4, 0xdf, 0x8b, 0x99, 0x9c, 0x1b, 0x29, 0x4a, 
	0x39, 0xcc, 0x93, 0xdb, 0x83, 0x99, 0xf7, 0x67, 
	0xf7, 0xa9, 0x72, 0xd3, 0x62, 0x91, 0x62, 0x91, 
	0x62, 0x91, 0x83, 0x57, 0x94, 0x5b, 0x9c, 0x19, 
	0x94, 0x1b, 0x94, 0x1b, 0xde, 0x25, 0xf6, 0xa5, 
	0xe6, 0x63, 0xbd, 0x1f, 0x83, 0x57, 0x94, 0x1b, 
	0x94, 0x19, 0x9c, 0x19, 0x9c, 0x19, 0x9c, 0x19, 
	0x9c, 0x19, 0x9c, 0x5b, 0xa4, 0x5b, 0xed, 0x9f, 
	0xed, 0x9f, 0x93, 0xdb, 0x9c, 0x1b, 0x41, 0xcc, 
	0x41, 0xce, 0x93, 0x9b, 0x8b, 0xd9, 0xf7, 0x67, 
	0xf7, 0x27, 0x52, 0x51, 0x52, 0x0f, 0x52, 0x4f, 
	0x5a, 0x51, 0x52, 0x0f, 0x49, 0xcb, 0x41, 0xcb, 
	0x41, 0xcb, 0x4a, 0x0d, 0xd5, 0xe3, 0xf6, 0xa5, 
	0xee, 0x65, 0xbd, 0x5f, 0x5a, 0x51, 0x4a, 0x0d, 
	0x49, 0xcd, 0x41, 0xcb, 0x41, 0x8b, 0x41, 0xcb, 
	0x49, 0xcd, 0x52, 0x0d, 0x62, 0x91, 0xed, 0x5f, 
	0xed, 0x9f, 0x93, 0xdb, 0x9c, 0x1b, 0x41, 0xce, 
	0x41, 0xce, 0x93, 0x9b, 0x93, 0xdb, 0xf7, 0x67, 
	0xf6, 0xe5, 0x52, 0x0f, 0x4a, 0x0d, 0x52, 0x51, 
	0x94, 0x5f, 0xad, 0x25, 0xc5, 0xeb, 0xde, 0xf3, 
	0xde, 0xb1, 0xbd, 0xa9, 0xde, 0x25, 0xf6, 0xa5, 
	0xee, 0xa5, 0xbd, 0x1f, 0x6b, 0x15, 0x94, 0x5f, 
	0xad, 0x25, 0xb5, 0xa5, 0xbd, 0xa7, 0xbd, 0xa7, 
	0xe6, 0xef, 0xe6, 0xef, 0xe6, 0x25, 0xe5, 0x5f, 
	0xed, 0x5f, 0x93, 0xdb, 0x9c, 0x1b, 0x49, 0xce, 
	0x31, 0x8a, 0x94, 0x1b, 0x93, 0x99, 0xf6, 0x65, 
	0xf6, 0xa5, 0x5a, 0x51, 0x52, 0x4f, 0x7b, 0x59, 
	0xa4, 0xa3, 0xce, 0x2b, 0xde, 0xaf, 0xf7, 0x31, 
	0xee, 0xf3, 0xde, 0xb1, 0xde, 0x25, 0xf6, 0xa5, 
	0xee, 0xa5, 0xb5, 0x1d, 0x94, 0x19, 0xb5, 0x65, 
	0xde, 0x6d, 0xee, 0xb1, 0xee, 0xb5, 0xee, 0xb5, 
	0xee, 0xb5, 0xee, 0xf5, 0xf6, 0x65, 0xe5, 0x5f, 
	0xd5, 0x1d, 0x94, 0x1b, 0xa4, 0x1d, 0x31, 0x8a, 
	0x10, 0x86, 0x8b, 0x99, 0x8b, 0x99, 0xc5, 0x21, 
	0xf7, 0xa7, 0x94, 0x19, 0x62, 0x91, 0x62, 0x93, 
	0x73, 0x15, 0x6a, 0xd1, 0x62, 0x8f, 0x6a, 0x91, 
	0x73, 0x13, 0x83, 0x99, 0xde, 0x23, 0xf6, 0xa5, 
	0xee, 0xa5, 0xb4, 0xdd, 0x6a, 0xd3, 0x73, 0x13, 
	0x72, 0xd1, 0x6a, 0x8f, 0x62, 0x4f, 0x62, 0x4f, 
	0x62, 0x4f, 0x7b, 0x17, 0xc4, 0x9d, 0xed, 0x9f, 
	0xbc, 0x9d, 0x9c, 0x1b, 0x93, 0x99, 0x10, 0x84, 
	0x10, 0x84, 0x8b, 0x98, 0x9c, 0x1d, 0x94, 0x1b, 
	0xf6, 0x63, 0xee, 0x23, 0x83, 0x97, 0x73, 0x15, 
	0x73, 0x17, 0x83, 0xdb, 0x83, 0x99, 0x7b, 0x99, 
	0x7b, 0x99, 0x7b, 0x99, 0xdd, 0xe5, 0xf6, 0xa5, 
	0xee, 0x65, 0xb4, 0xdd, 0x52, 0x51, 0x6a, 0xd5, 
	0x83, 0xd9, 0x7b, 0x99, 0x7b, 0x97, 0x7b, 0x99, 
	0x73, 0x15, 0xac, 0x5b, 0xe5, 0x1d, 0xe5, 0x5f, 
	0xac, 0x9d, 0xbc, 0x9d, 0x52, 0x0e, 0x10, 0x84, 
	0x18, 0xc6, 0x10, 0x84, 0x7b, 0x57, 0x9c, 0x1d, 
	0xac, 0x9d, 0xe5, 0xe1, 0xc4, 0xdf, 0xa4, 0x9d, 
	0xac, 0xe5, 0xde, 0xf5, 0xe7, 0x39, 0xe7, 0x39, 
	0xe7, 0x39, 0xd6, 0x71, 0xde, 0x25, 0xf6, 0xa5, 
	0xee, 0x65, 0xb4, 0xdd, 0x62, 0x93, 0xce, 0x7d, 
	0xe7, 0x39, 0xe7, 0x39, 0xe7, 0x39, 0xe7, 0x39, 
	0xe5, 0x61, 0xe5, 0x5d, 0xd4, 0xdd, 0xb4, 0x9f, 
	0xb4, 0x9f, 0x5a, 0x92, 0x08, 0x84, 0x18, 0xc6, 
	0x18, 0xc6, 0x18, 0xc6, 0x10, 0x84, 0x7b, 0x59, 
	0x9c, 0x1f, 0xac, 0x5d, 0xdd, 0x61, 0xd5, 0xa1, 
	0xc5, 0x23, 0xa4, 0xa5, 0xb5, 0x25, 0xbd, 0x25, 
	0xbd, 0x25, 0xb5, 0x25, 0xde, 0x25, 0xf6, 0xa5, 
	0xee, 0x65, 0xbc, 0xdd, 0x83, 0x99, 0xbd, 0x67, 
	0xbd, 0x65, 0xc5, 0x65, 0xbd, 0x65, 0xe5, 0xa5, 
	0xe5, 0x5d, 0xcc, 0x9d, 0x94, 0x1d, 0xb4, 0x9f, 
	0x41, 0xcc, 0x08, 0x44, 0x18, 0xc6, 0x18, 0xc6, 
	0x18, 0xc6, 0x18, 0xc6, 0x18, 0xc6, 0x08, 0x84, 
	0x73, 0x15, 0x93, 0xdb, 0xac, 0x5d, 0xee, 0xa5, 
	0xac, 0x9b, 0x49, 0xcb, 0x49, 0xcb, 0x52, 0x0d, 
	0x5a, 0x4f, 0x5a, 0x91, 0xd5, 0xe5, 0xee, 0xa5, 
	0xee, 0x65, 0xc5, 0x1f, 0x52, 0x0d, 0x52, 0x0d, 
	0x52, 0x0d, 0x52, 0x0d, 0x6a, 0x91, 0x8b, 0x55, 
	0xf5, 0x9f, 0x9b, 0xdb, 0xa4, 0x5d, 0x52, 0x50, 
	0x00, 0x42, 0x18, 0xc6, 0x18, 0xc6, 0x18, 0xc6, 
	0x18, 0xc6, 0x18, 0xc6, 0x18, 0xc6, 0x18, 0xc6, 
	0x10, 0x84, 0x8b, 0x59, 0x8b, 0x99, 0xf7, 0x25, 
	0xbd, 0x5f, 0x83, 0xdb, 0xa5, 0x25, 0xbd, 0xeb, 
	0xc5, 0xeb, 0xad, 0x27, 0xd5, 0xe5, 0xee, 0x65, 
	0xf6, 0xa5, 0xc5, 0x1f, 0x83, 0x99, 0xad, 0x25, 
	0xc6, 0x2b, 0xc6, 0x2b, 0xc5, 0xe9, 0xed, 0x5f, 
	0xf5, 0x9f, 0xa4, 0x1b, 0x9b, 0xdb, 0x18, 0xc6, 
	0x18, 0xc6, 0x18, 0xc6, 0x18, 0xc6, 0x18, 0xc6, 
	0x18, 0xc6, 0x18, 0xc6, 0x18, 0xc6, 0x18, 0xc6, 
	0x18, 0xc6, 0x6a, 0xd3, 0x93, 0xd9, 0xf7, 0xab, 
	0x9c, 0x9b, 0x94, 0x1d, 0xde, 0x73, 0xee, 0xb7, 
	0xe7, 0x39, 0xd6, 0x71, 0xd5, 0xe5, 0xee, 0x65, 
	0xf6, 0xa5, 0xbd, 0x1f, 0xa4, 0xa3, 0xde, 0xb5, 
	0xcf, 0xbd, 0xe7, 0x39, 0xe7, 0x39, 0xf6, 0xa7, 
	0xf5, 0xdf, 0xac, 0x5d, 0x9b, 0xdb, 0x39, 0x8c, 
	0x10, 0x84, 0x18, 0xc6, 0x18, 0xc6, 0x18, 0xc6, 
	0x18, 0xc6, 0x18, 0xc6, 0x18, 0xc6, 0x10, 0x84, 
	0x4a, 0x0e, 0x72, 0xd5, 0xd6, 0x65, 0xef, 0x27, 
	0x6a, 0xd3, 0x6a, 0xd3, 0x73, 0x13, 0x83, 0x97, 
	0x8b, 0x99, 0x93, 0xdb, 0xd5, 0xe5, 0xee, 0x63, 
	0xf6, 0xa5, 0xbd, 0x1d, 0x83, 0x99, 0x93, 0xd9, 
	0x8b, 0x97, 0x8b, 0x97, 0x8b, 0x99, 0x83, 0x99, 
	0xf6, 0x21, 0xc4, 0xdf, 0x93, 0xdb, 0x83, 0x57, 
	0x18, 0xc6, 0x18, 0xc6, 0x18, 0xc6, 0x18, 0xc6, 
	0x18, 0xc6, 0x18, 0xc6, 0x10, 0xc6, 0x31, 0x4a, 
	0x83, 0x57, 0x8b, 0x99, 0xee, 0xe5, 0xd5, 0x61, 
	0x49, 0xcd, 0x52, 0x0f, 0x52, 0x4f, 0x52, 0x4f, 
	0x62, 0x91, 0x73, 0x15, 0xd5, 0xa3, 0xf6, 0x63, 
	0xf6, 0xa5, 0xbd, 0x1d, 0x52, 0x0f, 0x6a, 0x91, 
	0x73, 0x15, 0x6a, 0xd3, 0x6a, 0xd3, 0x73, 0x15, 
	0xd5, 0x1f, 0xf5, 0xe1, 0x9c, 0x1b, 0x93, 0xd9, 
	0x52, 0x10, 0x18, 0xc6, 0x18, 0xc6, 0x18, 0xc6, 
	0x18, 0xc6, 0x18, 0xc6, 0x10, 0xc6, 0x7b, 0x16, 
	0x93, 0x99, 0x93, 0xdb, 0xcc, 0xdf, 0xf5, 0x9f, 
	0xdd, 0x5f, 0x93, 0xd7, 0x72, 0xd5, 0x94, 0x1f, 
	0xef, 0x35, 0xe7, 0x39, 0xee, 0xa7, 0xf6, 0x63, 
	0xf6, 0xa5, 0xb4, 0xdd, 0x94, 0x1b, 0xde, 0xaf, 
	0xf7, 0xb3, 0xee, 0x27, 0xc4, 0x9d, 0xe5, 0x5f, 
	0xed, 0x5f, 0xd4, 0xdf, 0xac, 0x5d, 0xb4, 0x5d, 
	0x8b, 0x58, 0x18, 0xc6, 0x18, 0xc6, 0x18, 0xc6, 
	0x18, 0xc6, 0x18, 0xc6, 0x10, 0x86, 0x31, 0x4a, 
	0x9b, 0xd9, 0x93, 0x99, 0x93, 0x99, 0xbc, 0x9d, 
	0xf5, 0x9f, 0xe5, 0x9f, 0xcc, 0xdd, 0xcd, 0x21, 
	0xed, 0xa3, 0xf6, 0x69, 0xf6, 0x65, 0xf6, 0x23, 
	0xf6, 0xa5, 0xbc, 0xdd, 0x94, 0x1b, 0xee, 0x25, 
	0xed, 0xa1, 0xdd, 0x1d, 0xed, 0x9f, 0xe5, 0x5f, 
	0xbc, 0x9d, 0xac, 0x1b, 0xac, 0x1d, 0x9b, 0xdb, 
	0x31, 0x4a, 0x18, 0xc6, 0x18, 0xc6, 0x18, 0xc6, 
	0x18, 0xc6, 0x18, 0xc6, 0x18, 0xc6, 0x08, 0x84, 
	0x39, 0x8c, 0x9b, 0xd9, 0x93, 0x99, 0x93, 0x99, 
	0x9b, 0xdb, 0xbc, 0x9d, 0xdd, 0x5f, 0xed, 0x9f, 
	0xed, 0x5f, 0xe5, 0x5d, 0xe5, 0x5f, 0xe5, 0x5f, 
	0xe5, 0x5f, 0xe5, 0x5f, 0xed, 0x5f, 0xe5, 0x5d, 
	0xe5, 0x5f, 0xdd, 0x1f, 0xbc, 0x9d, 0xac, 0x1b, 
	0xa4, 0x1b, 0xb4, 0x1b, 0xac, 0x5b, 0x39, 0x8a, 
	0x10, 0x84, 0x18, 0xc6, 0x18, 0xc6, 0x18, 0xc6, 
	0x18, 0xc6, 0x18, 0xc6, 0x18, 0xc6, 0x18, 0xc6, 
	0x10, 0x84, 0x31, 0x4a, 0x93, 0x99, 0xac, 0x1b, 
	0xa3, 0xd9, 0x93, 0x99, 0x93, 0x99, 0xa4, 0x1b, 
	0xbc, 0x9d, 0xc4, 0x9d, 0xcc, 0xdd, 0xd5, 0x1d, 
	0xd5, 0x1d, 0xcc, 0xdd, 0xcc, 0xdd, 0xbc, 0x9d, 
	0xac, 0x5b, 0xa4, 0x1b, 0xa3, 0xdb, 0xac, 0x1b, 
	0xac, 0x5b, 0x9b, 0xd9, 0x39, 0x8c, 0x10, 0x84, 
	0x18, 0xc6, 0x18, 0xc6, 0x18, 0xc6, 0x18, 0xc6, 
	0x18, 0xc6, 0x18, 0xc6, 0x18, 0xc6, 0x18, 0xc6, 
	0x18, 0xc6, 0x10, 0x84, 0x18, 0xc6, 0x52, 0x50, 
	0x8b, 0x59, 0x9b, 0xdb, 0xa3, 0xdb, 0x9b, 0xdb, 
	0x9b, 0xdb, 0x93, 0xdb, 0x93, 0xd9, 0x9b, 0xdb, 
	0x9b, 0xdb, 0x9b, 0xdb, 0x9b, 0xdb, 0xa3, 0xdb, 
	0xa4, 0x1b, 0xa4, 0x1b, 0x9b, 0xdb, 0x9b, 0xd9, 
	0x62, 0x92, 0x31, 0x4a, 0x10, 0xc6, 0x18, 0xc6, 
	0x18, 0xc6, 0x18, 0xc6, 0x18, 0xc6, 0x18, 0xc6, 
	0x18, 0xc6, 0x18, 0xc6, 0x18, 0xc6, 0x18, 0xc6, 
	0x18, 0xc6, 0x18, 0xc6, 0x18, 0xc6, 0x10, 0x86, 
	0x29, 0x08, 0x39, 0x8c, 0x8b, 0x59, 0x93, 0x99, 
	0x93, 0x99, 0x9b, 0xdb, 0xa4, 0x1b, 0xa4, 0x1b, 
	0xac, 0x5b, 0xa4, 0x1b, 0x93, 0xdb, 0x93, 0xdb, 
	0x93, 0xd9, 0x93, 0x99, 0x5a, 0x50, 0x29, 0x08, 
	0x18, 0xc6, 0x18, 0xc6, 0x18, 0xc6, 0x18, 0xc6, 
	0x18, 0xc6, 0x18, 0xc6, 0x18, 0xc6, 0x18, 0xc6, 
	0x18, 0xc6, 0x18, 0xc6, 0x18, 0xc6, 0x18, 0xc6, 
	0x18, 0xc6, 0x18, 0xc6, 0x18, 0xc6, 0x20, 0xc6, 
	0x21, 0x08, 0x21, 0x08, 0x18, 0xc6, 0x18, 0xc6, 
	0x18, 0xc6, 0x21, 0x08, 0x31, 0x4a, 0x31, 0x8a, 
	0x31, 0x8a, 0x29, 0x4a, 0x29, 0x08, 0x18, 0xc6, 
	0x10, 0x86, 0x10, 0x84, 0x10, 0xc6, 0x18, 0xc6, 
	0x18, 0xc6, 0x18, 0xc6, 0x18, 0xc6, 0x18, 0xc6, 
	0x18, 0xc6, 0x18, 0xc6, 0x18, 0xc6, 0x18, 0xc6, 
	0x4a, 0x52, 0x4a, 0x52, 0x4a, 0x52, 0x4a, 0x52, 
	0x4a, 0x52, 0x4a, 0x52, 0x4a, 0x52, 0x4a, 0x52, 
	0x42, 0x10, 0x42, 0x10, 0x39, 0xce, 0x42, 0x0e, 
	0x42, 0x50, 0x4a, 0x50, 0x4a, 0x10, 0x42, 0x10, 
	0x42, 0x0e, 0x31, 0x8c, 0x31, 0x8c, 0x42, 0x0e, 
	0x42, 0x10, 0x39, 0xcc, 0x31, 0x8a, 0x39, 0xcc, 
	0x4a, 0x52, 0x4a, 0x52, 0x4a, 0x52, 0x4a, 0x52, 
	0x4a, 0x52, 0x4a, 0x52, 0x4a, 0x52, 0x4a, 0x52, 
	
};

Gfx wf_dl_that_one_b3313_wall_ci8_aligner[] = {gsSPEndDisplayList()};
u8 wf_dl_that_one_b3313_wall_ci8[] = {
	0x00, 0x01, 0x02, 0x03, 0x04, 0x05, 0x06, 0x07, 
	0x08, 0x09, 0x00, 0x0a, 0x0b, 0x0b, 0x0c, 0x0d, 
	0x0e, 0x0f, 0x10, 0x0b, 0x0b, 0x0b, 0x11, 0x0b, 
	0x12, 0x13, 0x13, 0x13, 0x0c, 0x0c, 0x0c, 0x0c, 
	0x14, 0x15, 0x16, 0x16, 0x17, 0x12, 0x17, 0x18, 
	0x08, 0x19, 0x1a, 0x1b, 0x1c, 0x1d, 0x1e, 0x1f, 
	0x16, 0x20, 0x17, 0x17, 0x21, 0x0b, 0x22, 0x0b, 
	0x13, 0x23, 0x0d, 0x24, 0x13, 0x25, 0x26, 0x13, 
	0x27, 0x27, 0x28, 0x29, 0x2a, 0x11, 0x2b, 0x2c, 
	0x2d, 0x28, 0x2e, 0x2f, 0x30, 0x31, 0x1c, 0x09, 
	0x32, 0x33, 0x20, 0x34, 0x35, 0x35, 0x27, 0x0b, 
	0x05, 0x36, 0x0a, 0x00, 0x13, 0x13, 0x26, 0x13, 
	0x27, 0x28, 0x17, 0x27, 0x0b, 0x2a, 0x37, 0x05, 
	0x1e, 0x1f, 0x38, 0x39, 0x3a, 0x3b, 0x3c, 0x1e, 
	0x3b, 0x3d, 0x32, 0x3b, 0x19, 0x3e, 0x3f, 0x40, 
	0x41, 0x42, 0x43, 0x10, 0x05, 0x13, 0x26, 0x13, 
	0x34, 0x27, 0x44, 0x28, 0x0d, 0x11, 0x18, 0x05, 
	0x2e, 0x45, 0x46, 0x47, 0x30, 0x3b, 0x1c, 0x48, 
	0x30, 0x3b, 0x49, 0x49, 0x1f, 0x19, 0x4a, 0x4b, 
	0x4c, 0x4d, 0x4c, 0x4e, 0x05, 0x13, 0x13, 0x13, 
	0x28, 0x4e, 0x4f, 0x44, 0x35, 0x35, 0x4e, 0x50, 
	0x09, 0x45, 0x51, 0x52, 0x49, 0x3b, 0x09, 0x1c, 
	0x3b, 0x49, 0x32, 0x53, 0x1f, 0x0d, 0x3a, 0x4b, 
	0x54, 0x55, 0x56, 0x57, 0x04, 0x4b, 0x58, 0x13, 
	0x45, 0x23, 0x23, 0x40, 0x45, 0x4b, 0x59, 0x50, 
	0x1f, 0x28, 0x1f, 0x1e, 0x5a, 0x53, 0x5b, 0x5c, 
	0x5d, 0x1d, 0x3a, 0x31, 0x1c, 0x0b, 0x5e, 0x5f, 
	0x4e, 0x28, 0x60, 0x34, 0x44, 0x42, 0x4f, 0x13, 
	0x23, 0x40, 0x40, 0x40, 0x45, 0x34, 0x61, 0x59, 
	0x62, 0x28, 0x09, 0x09, 0x53, 0x32, 0x63, 0x5b, 
	0x5d, 0x64, 0x49, 0x49, 0x0b, 0x0c, 0x5e, 0x28, 
	0x4e, 0x17, 0x65, 0x36, 0x66, 0x67, 0x4b, 0x23, 
	0x4b, 0x34, 0x68, 0x69, 0x45, 0x45, 0x18, 0x6a, 
	0x6b, 0x1f, 0x28, 0x09, 0x60, 0x34, 0x0c, 0x53, 
	0x6c, 0x34, 0x27, 0x29, 0x27, 0x29, 0x5e, 0x6d, 
	0x6e, 0x6e, 0x0d, 0x34, 0x09, 0x19, 0x4b, 0x4e, 
	0x08, 0x08, 0x6f, 0x6f, 0x70, 0x70, 0x71, 0x08, 
	0x08, 0x08, 0x08, 0x3c, 0x72, 0x72, 0x73, 0x70, 
	0x74, 0x74, 0x75, 0x76, 0x76, 0x74, 0x77, 0x78, 
	0x76, 0x74, 0x08, 0x08, 0x3c, 0x6b, 0x79, 0x79, 
	0x7a, 0x1f, 0x7b, 0x7b, 0x1c, 0x1c, 0x7a, 0x11, 
	0x6e, 0x7c, 0x11, 0x7d, 0x0b, 0x0b, 0x2a, 0x7e, 
	0x7f, 0x80, 0x5e, 0x5e, 0x80, 0x48, 0x81, 0x81, 
	0x81, 0x82, 0x83, 0x7a, 0x83, 0x7a, 0x1c, 0x1f, 
	0x5f, 0x04, 0x02, 0x84, 0x40, 0x02, 0x40, 0x04, 
	0x07, 0x00, 0x5f, 0x7d, 0x25, 0x25, 0x01, 0x84, 
	0x84, 0x84, 0x85, 0x85, 0x84, 0x84, 0x04, 0x40, 
	0x5f, 0x40, 0x43, 0x28, 0x22, 0x11, 0x4f, 0x4f, 
	0x1f, 0x1c, 0x1f, 0x09, 0x1f, 0x1f, 0x20, 0x6a, 
	0x1a, 0x60, 0x17, 0x7a, 0x4b, 0x84, 0x04, 0x40, 
	0x00, 0x36, 0x86, 0x18, 0x4b, 0x0a, 0x00, 0x43, 
	0x41, 0x4e, 0x87, 0x65, 0x4f, 0x88, 0x89, 0x4a, 
	0x8a, 0x48, 0x8a, 0x48, 0x48, 0x1d, 0x8b, 0x47, 
	0x1b, 0x1b, 0x1c, 0x8c, 0x19, 0x4e, 0x40, 0x18, 
	0x00, 0x36, 0x86, 0x4e, 0x4e, 0x0a, 0x18, 0x17, 
	0x34, 0x6e, 0x21, 0x40, 0x4f, 0x88, 0x89, 0x47, 
	0x5a, 0x5c, 0x5a, 0x5a, 0x1c, 0x1c, 0x1c, 0x1f, 
	0x1b, 0x8d, 0x6e, 0x74, 0x27, 0x58, 0x4e, 0x18, 
	0x86, 0x4e, 0x58, 0x18, 0x34, 0x60, 0x17, 0x12, 
	0x34, 0x53, 0x09, 0x0c, 0x28, 0x27, 0x4a, 0x4a, 
	0x5a, 0x5b, 0x30, 0x5b, 0x19, 0x09, 0x29, 0x29, 
	0x8d, 0x7c, 0x4e, 0x49, 0x6e, 0x58, 0x18, 0x4e, 
	0x18, 0x4e, 0x4f, 0x19, 0x27, 0x28, 0x12, 0x17, 
	0x34, 0x4b, 0x19, 0x09, 0x28, 0x09, 0x4a, 0x8b, 
	0x09, 0x1e, 0x3b, 0x5a, 0x09, 0x09, 0x27, 0x8e, 
	0x09, 0x0d, 0x8f, 0x19, 0x0c, 0x23, 0x4e, 0x60, 
	0x1a, 0x90, 0x6a, 0x6a, 0x90, 0x28, 0x17, 0x45, 
	0x34, 0x18, 0x27, 0x19, 0x0b, 0x19, 0x19, 0x1c, 
	0x0b, 0x09, 0x3d, 0x5a, 0x19, 0x09, 0x20, 0x91, 
	0x0c, 0x23, 0x92, 0x2a, 0x0b, 0x23, 0x58, 0x28, 
	0x27, 0x19, 0x20, 0x20, 0x6e, 0x6e, 0x33, 0x12, 
	0x27, 0x28, 0x28, 0x90, 0x0b, 0x19, 0x0b, 0x19, 
	0x21, 0x0d, 0x35, 0x23, 0x40, 0x45, 0x35, 0x24, 
	0x23, 0x93, 0x93, 0x09, 0x19, 0x45, 0x28, 0x09, 
	0x1a, 0x27, 0x1a, 0x27, 0x19, 0x27, 0x94, 0x94, 
	0x95, 0x95, 0x09, 0x19, 0x22, 0x11, 0x28, 0x28, 
	0x5f, 0x40, 0x40, 0x40, 0x35, 0x23, 0x0a, 0x07, 
	0x93, 0x93, 0x93, 0x1f, 0x7e, 0x12, 0x0c, 0x0c, 
	0x43, 0x43, 0x5f, 0x5f, 0x60, 0x90, 0x90, 0x43, 
	0x4f, 0x43, 0x28, 0x22, 0x81, 0x81, 0x0d, 0x28, 
	0x96, 0x96, 0x7f, 0x80, 0x97, 0x78, 0x98, 0x7d, 
	0x7d, 0x11, 0x7b, 0x99, 0x9a, 0x70, 0x70, 0x70, 
	0x9b, 0x96, 0x9a, 0x77, 0x74, 0x74, 0x9b, 0x96, 
	0x5e, 0x9a, 0x73, 0x9a, 0x9a, 0x08, 0x74, 0x75, 
	0x97, 0x9c, 0x9d, 0x16, 0x94, 0x16, 0x16, 0x7c, 
	0x6a, 0x6a, 0x88, 0x9e, 0x6d, 0x7a, 0x7a, 0x7a, 
	0x7b, 0x98, 0x9f, 0xa0, 0x53, 0x1c, 0x7b, 0x6d, 
	0x82, 0x81, 0x81, 0x82, 0x48, 0x48, 0x1c, 0x1c, 
	0x3a, 0x14, 0xa1, 0xa2, 0xa2, 0xa2, 0xa3, 0xa2, 
	0xa4, 0xa5, 0xa6, 0xa7, 0xa2, 0xa3, 0xa5, 0xa5, 
	0x14, 0x79, 0x6e, 0x5f, 0x05, 0x04, 0x04, 0x04, 
	0x84, 0x84, 0xa8, 0x05, 0x85, 0xa9, 0x0a, 0x23, 
	0x3a, 0x14, 0x8d, 0xaa, 0x14, 0xaa, 0xab, 0xab, 
	0xac, 0xac, 0xad, 0xae, 0xa4, 0xaf, 0xb0, 0x56, 
	0xad, 0x38, 0x28, 0x84, 0x04, 0x0a, 0x4f, 0x90, 
	0x65, 0x65, 0xb1, 0x44, 0x5f, 0x65, 0x35, 0x23, 
	0x79, 0xb2, 0x14, 0xaa, 0x14, 0x14, 0xb3, 0xb4, 
	0xb5, 0xb4, 0xab, 0xb4, 0xab, 0xb6, 0xb6, 0xb2, 
	0xb6, 0xb7, 0xb8, 0x4e, 0x2b, 0x2e, 0xb9, 0xba, 
	0x29, 0x27, 0x4a, 0x2e, 0x20, 0x16, 0x7a, 0x43, 
	0x8c, 0xa3, 0xad, 0xad, 0xa2, 0xa3, 0xbb, 0xaa, 
	0xbc, 0xb2, 0xbd, 0xbc, 0xb2, 0xb6, 0xbc, 0xbc, 
	0xa4, 0xb7, 0x2b, 0x37, 0x2e, 0x47, 0xb9, 0xb9, 
	0x53, 0x1d, 0x3d, 0xbe, 0x6c, 0xbf, 0x29, 0x43, 
	0x5e, 0xc0, 0xb2, 0xa2, 0xa3, 0xa4, 0xa4, 0xad, 
	0xa6, 0xb2, 0xa4, 0xa3, 0xa6, 0xb6, 0xa3, 0xa3, 
	0xa4, 0xc1, 0x61, 0x18, 0xb9, 0x39, 0x2e, 0xc2, 
	0x8e, 0x27, 0x29, 0x34, 0x53, 0xbf, 0x6e, 0x60, 
	0x5e, 0xc0, 0xad, 0xa4, 0xa4, 0xa3, 0xb2, 0xad, 
	0xb2, 0xb2, 0xa4, 0xa3, 0xb2, 0xb5, 0xa3, 0xa3, 
	0xc3, 0x9f, 0x0f, 0x05, 0xc4, 0x4a, 0xc5, 0xc5, 
	0x6e, 0x6a, 0x18, 0x34, 0xc5, 0xc5, 0x28, 0x60, 
	0x38, 0xad, 0x56, 0x56, 0xa4, 0xa4, 0xb6, 0xb6, 
	0xbc, 0xb6, 0xb6, 0xb2, 0xaa, 0xaa, 0xb6, 0xa2, 
	0xc6, 0x7d, 0x81, 0x04, 0x43, 0x67, 0x6a, 0x2b, 
	0x1a, 0x27, 0x18, 0x45, 0x17, 0x16, 0x12, 0x0a, 
	0x38, 0xad, 0xaa, 0x14, 0xad, 0xa4, 0xaa, 0xbd, 
	0xb2, 0xb6, 0xab, 0xb4, 0xab, 0xaa, 0xb6, 0xa3, 
	0xc6, 0x2a, 0x7e, 0x7e, 0x86, 0x86, 0x18, 0x4e, 
	0x90, 0x60, 0x34, 0x12, 0x17, 0x45, 0x4b, 0x40, 
	0x6b, 0x1f, 0xa1, 0xc7, 0xc8, 0xa1, 0xc9, 0xa4, 
	0xc9, 0xa1, 0x91, 0xc9, 0xa4, 0xa5, 0xa4, 0xa4, 
	0x0c, 0x19, 0x7e, 0x7e, 0x7e, 0x04, 0xa9, 0xa9, 
	0x0a, 0x0a, 0x0c, 0x23, 0x40, 0x04, 0x23, 0x0c, 
	0xca, 0x80, 0xcb, 0xcb, 0x82, 0x5e, 0xcb, 0xcb, 
	0x5e, 0x81, 0x83, 0x62, 0x82, 0x82, 0x82, 0x81, 
	0x83, 0x0b, 0x7d, 0x7d, 0x0b, 0x0b, 0x7e, 0x62, 
	0x62, 0x5e, 0x62, 0x83, 0x81, 0x81, 0x83, 0x62, 
	
};

Gfx wf_dl_that_one_b3313_wall_pal_rgba16_aligner[] = {gsSPEndDisplayList()};
u8 wf_dl_that_one_b3313_wall_pal_rgba16[] = {
	0x20, 0x81, 0x08, 0x41, 0x18, 0x81, 0x10, 0x81, 
	0x18, 0x41, 0x20, 0x41, 0x18, 0xc1, 0x18, 0x83, 
	0x8b, 0x57, 0x51, 0xcb, 0x28, 0x83, 0x41, 0x89, 
	0x39, 0x47, 0x31, 0x05, 0x28, 0xc7, 0x28, 0x85, 
	0x20, 0xc3, 0x52, 0x0b, 0x41, 0x49, 0x39, 0x49, 
	0x59, 0x47, 0x69, 0x89, 0x61, 0xcb, 0x41, 0x07, 
	0x38, 0xc5, 0x49, 0x89, 0x49, 0x87, 0x6a, 0x0b, 
	0x62, 0x0d, 0x6a, 0x0f, 0x6a, 0x4f, 0x5a, 0x0d, 
	0x51, 0x49, 0x31, 0x03, 0x49, 0xcb, 0x28, 0xc5, 
	0x20, 0xc5, 0x41, 0x8b, 0x49, 0x8b, 0x51, 0x89, 
	0x41, 0x47, 0x59, 0xcb, 0x49, 0xc9, 0x40, 0xc5, 
	0x20, 0x01, 0x83, 0x15, 0x61, 0x8b, 0x7a, 0x4f, 
	0x6a, 0x11, 0x62, 0x11, 0x62, 0x51, 0x59, 0x8b, 
	0x49, 0x49, 0x31, 0x07, 0x28, 0x81, 0x38, 0x85, 
	0x8a, 0xd3, 0x72, 0x0d, 0x72, 0x51, 0x59, 0xcf, 
	0x7a, 0xd3, 0x59, 0x4b, 0x31, 0x47, 0x5a, 0x0b, 
	0x20, 0x83, 0x30, 0x81, 0x40, 0xc3, 0x30, 0xc3, 
	0x38, 0x83, 0x39, 0x07, 0x71, 0x8b, 0x72, 0x0f, 
	0x7a, 0x91, 0x62, 0x0f, 0x69, 0xcd, 0x30, 0xc5, 
	0x49, 0x03, 0x69, 0x41, 0x30, 0x83, 0x39, 0x05, 
	0x18, 0x01, 0x72, 0x93, 0x72, 0x11, 0x59, 0xcd, 
	0x51, 0x47, 0x61, 0x43, 0x59, 0x45, 0x30, 0x41, 
	0x38, 0xc3, 0x28, 0x43, 0x59, 0x8d, 0x49, 0x4b, 
	0x69, 0xcf, 0x6a, 0x51, 0x7b, 0x13, 0x28, 0xc3, 
	0x41, 0x05, 0x30, 0x85, 0x72, 0xd1, 0x61, 0xcf, 
	0x6a, 0x93, 0x39, 0x03, 0x38, 0x41, 0x49, 0x05, 
	0x41, 0xc7, 0x39, 0x43, 0x49, 0x07, 0x72, 0x91, 
	0x51, 0x8b, 0x62, 0x8d, 0x49, 0x47, 0x8b, 0xd9, 
	0x94, 0x5d, 0x93, 0x99, 0x72, 0xd5, 0x93, 0xd9, 
	0x8b, 0x9b, 0x8b, 0x17, 0x82, 0xd5, 0x8b, 0x99, 
	0x83, 0x55, 0x82, 0x91, 0x62, 0x4d, 0x5a, 0x4d, 
	0x51, 0x87, 0x4a, 0x0b, 0x62, 0x8f, 0x7a, 0xd1, 
	0x83, 0x13, 0x62, 0x4f, 0x6a, 0x91, 0x6a, 0x8f, 
	0x10, 0x41, 0x08, 0x01, 0x28, 0x41, 0x41, 0x43, 
	0x51, 0xc9, 0x69, 0xcb, 0x72, 0x4f, 0x7a, 0x0f, 
	0x8b, 0x15, 0x61, 0xc9, 0x59, 0x89, 0x18, 0xc3, 
	0x41, 0x45, 0x51, 0x07, 0x4a, 0x0d, 0x52, 0x0d, 
	0x59, 0xc7, 0x59, 0xc9, 0x7b, 0x57, 0x7b, 0x15, 
	0x72, 0xd3, 0x6a, 0xcf, 0x8b, 0x97, 0x8c, 0x1d, 
	0x6a, 0xd1, 0x62, 0x0b, 0x5a, 0x4b, 0x6a, 0x8d, 
	0x62, 0x8b, 0x50, 0xc3, 0x50, 0x81, 0x50, 0x41, 
	0x50, 0x83, 0x48, 0x41, 0x50, 0x01, 0x48, 0x01, 
	0x10, 0x01, 0x18, 0x43, 0x59, 0x05, 0x61, 0x45, 
	0x61, 0xc7, 0x58, 0xc5, 0x50, 0x43, 0x59, 0x03, 
	0x61, 0x85, 0x41, 0x03, 0x58, 0x83, 0x61, 0x87, 
	0x61, 0x05, 0x58, 0x43, 0x58, 0xc3, 0xa4, 0x59, 
	0x40, 0xc7, 0x69, 0x8b, 0x61, 0x49, 0x58, 0x85, 
	0x58, 0x41, 0x61, 0x03, 0x51, 0x09, 0x61, 0xcd, 
	0x50, 0xc5, 0x93, 0x93, 0x61, 0x4b, 0x48, 0x83, 
	0x59, 0x09, 0x59, 0x49, 0x40, 0x83, 0x51, 0x03, 
	0x59, 0x07, 0x51, 0x05, 0x72, 0x8f, 0x7b, 0x55, 
	
};

Gfx wf_dl_grate_ci8_aligner[] = {gsSPEndDisplayList()};
u8 wf_dl_grate_ci8[] = {
	0x00, 0x00, 0x01, 0x01, 0x01, 0x00, 0x00, 0x02, 
	0x03, 0x00, 0x00, 0x01, 0x04, 0x04, 0x01, 0x00, 
	0x00, 0x00, 0x00, 0x00, 0x01, 0x00, 0x00, 0x05, 
	0x00, 0x01, 0x00, 0x01, 0x00, 0x00, 0x06, 0x07, 
	0x00, 0x08, 0x08, 0x08, 0x08, 0x08, 0x08, 0x09, 
	0x0a, 0x08, 0x08, 0x08, 0x08, 0x08, 0x08, 0x0b, 
	0x00, 0x08, 0x08, 0x08, 0x08, 0x08, 0x08, 0x0c, 
	0x00, 0x08, 0x08, 0x08, 0x08, 0x08, 0x08, 0x0b, 
	0x00, 0x08, 0x08, 0x08, 0x08, 0x08, 0x08, 0x0d, 
	0x0e, 0x08, 0x08, 0x08, 0x08, 0x08, 0x08, 0x0b, 
	0x00, 0x08, 0x08, 0x08, 0x08, 0x08, 0x08, 0x0f, 
	0x00, 0x08, 0x08, 0x08, 0x08, 0x08, 0x08, 0x10, 
	0x04, 0x08, 0x08, 0x08, 0x08, 0x08, 0x08, 0x11, 
	0x0e, 0x08, 0x08, 0x08, 0x08, 0x08, 0x08, 0x12, 
	0x04, 0x08, 0x08, 0x08, 0x08, 0x08, 0x08, 0x13, 
	0x04, 0x08, 0x08, 0x08, 0x08, 0x08, 0x08, 0x12, 
	0x14, 0x08, 0x08, 0x08, 0x08, 0x08, 0x08, 0x15, 
	0x0a, 0x08, 0x08, 0x08, 0x08, 0x08, 0x08, 0x16, 
	0x14, 0x08, 0x08, 0x08, 0x08, 0x08, 0x08, 0x17, 
	0x14, 0x08, 0x08, 0x08, 0x08, 0x08, 0x08, 0x16, 
	0x00, 0x08, 0x08, 0x08, 0x08, 0x08, 0x08, 0x18, 
	0x01, 0x08, 0x08, 0x08, 0x08, 0x08, 0x08, 0x19, 
	0x00, 0x08, 0x08, 0x08, 0x08, 0x08, 0x08, 0x1a, 
	0x04, 0x08, 0x08, 0x08, 0x08, 0x08, 0x08, 0x19, 
	0x00, 0x08, 0x08, 0x08, 0x08, 0x08, 0x08, 0x1b, 
	0x00, 0x08, 0x08, 0x08, 0x08, 0x08, 0x08, 0x1c, 
	0x00, 0x08, 0x08, 0x08, 0x08, 0x08, 0x08, 0x1d, 
	0x04, 0x08, 0x08, 0x08, 0x08, 0x08, 0x08, 0x1e, 
	0x00, 0x1f, 0x20, 0x21, 0x22, 0x23, 0x24, 0x25, 
	0x26, 0x27, 0x28, 0x29, 0x20, 0x2a, 0x2a, 0x2b, 
	0x00, 0x2c, 0x2d, 0x2e, 0x2f, 0x30, 0x31, 0x32, 
	0x33, 0x34, 0x35, 0x36, 0x37, 0x01, 0x1b, 0x38, 
	0x06, 0x00, 0x00, 0x01, 0x01, 0x00, 0x00, 0x00, 
	0x00, 0x00, 0x00, 0x00, 0x01, 0x01, 0x00, 0x39, 
	0x01, 0x00, 0x00, 0x00, 0x04, 0x04, 0x01, 0x01, 
	0x00, 0x00, 0x00, 0x00, 0x00, 0x00, 0x00, 0x3a, 
	0x00, 0x08, 0x08, 0x08, 0x08, 0x08, 0x08, 0x3b, 
	0x04, 0x08, 0x08, 0x08, 0x08, 0x08, 0x08, 0x3c, 
	0x00, 0x08, 0x08, 0x08, 0x08, 0x08, 0x08, 0x3d, 
	0x00, 0x08, 0x08, 0x08, 0x08, 0x08, 0x08, 0x19, 
	0x00, 0x08, 0x08, 0x08, 0x08, 0x08, 0x08, 0x3e, 
	0x00, 0x08, 0x08, 0x08, 0x08, 0x08, 0x08, 0x3f, 
	0x00, 0x08, 0x08, 0x08, 0x08, 0x08, 0x08, 0x17, 
	0x00, 0x08, 0x08, 0x08, 0x08, 0x08, 0x08, 0x40, 
	0x04, 0x08, 0x08, 0x08, 0x08, 0x08, 0x08, 0x41, 
	0x04, 0x08, 0x08, 0x08, 0x08, 0x08, 0x08, 0x36, 
	0x04, 0x08, 0x08, 0x08, 0x08, 0x08, 0x08, 0x1f, 
	0x04, 0x08, 0x08, 0x08, 0x08, 0x08, 0x08, 0x36, 
	0x14, 0x08, 0x08, 0x08, 0x08, 0x08, 0x08, 0x42, 
	0x14, 0x08, 0x08, 0x08, 0x08, 0x08, 0x08, 0x43, 
	0x14, 0x08, 0x08, 0x08, 0x08, 0x08, 0x08, 0x29, 
	0x14, 0x08, 0x08, 0x08, 0x08, 0x08, 0x08, 0x2d, 
	0x00, 0x08, 0x08, 0x08, 0x08, 0x08, 0x08, 0x44, 
	0x45, 0x08, 0x08, 0x08, 0x08, 0x08, 0x08, 0x46, 
	0x00, 0x08, 0x08, 0x08, 0x08, 0x08, 0x08, 0x47, 
	0x04, 0x08, 0x08, 0x08, 0x08, 0x08, 0x08, 0x48, 
	0x00, 0x08, 0x08, 0x08, 0x08, 0x08, 0x08, 0x49, 
	0x01, 0x08, 0x08, 0x08, 0x08, 0x08, 0x08, 0x07, 
	0x00, 0x08, 0x08, 0x08, 0x08, 0x08, 0x08, 0x3a, 
	0x04, 0x08, 0x08, 0x08, 0x08, 0x08, 0x08, 0x4a, 
	0x3a, 0x4b, 0x4c, 0x36, 0x4d, 0x01, 0x4a, 0x4e, 
	0x00, 0x10, 0x2d, 0x13, 0x4f, 0x22, 0x27, 0x50, 
	0x3a, 0x4b, 0x4c, 0x36, 0x17, 0x01, 0x01, 0x38, 
	0x01, 0x4a, 0x2c, 0x13, 0x21, 0x51, 0x31, 0x38, 
	0x00, 0x00, 0x01, 0x01, 0x01, 0x00, 0x00, 0x52, 
	0x00, 0x00, 0x00, 0x01, 0x04, 0x04, 0x01, 0x00, 
	0x00, 0x00, 0x00, 0x00, 0x14, 0x00, 0x00, 0x3a, 
	0x01, 0x07, 0x00, 0x01, 0x00, 0x00, 0x06, 0x07, 
	0x00, 0x08, 0x08, 0x08, 0x08, 0x08, 0x08, 0x53, 
	0x04, 0x08, 0x08, 0x08, 0x08, 0x08, 0x08, 0x0b, 
	0x00, 0x08, 0x08, 0x08, 0x08, 0x08, 0x08, 0x54, 
	0x00, 0x08, 0x08, 0x08, 0x08, 0x08, 0x08, 0x0b, 
	0x00, 0x08, 0x08, 0x08, 0x08, 0x08, 0x08, 0x55, 
	0x00, 0x08, 0x08, 0x08, 0x08, 0x08, 0x08, 0x0b, 
	0x00, 0x08, 0x08, 0x08, 0x08, 0x08, 0x08, 0x21, 
	0x00, 0x08, 0x08, 0x08, 0x08, 0x08, 0x08, 0x0b, 
	0x04, 0x08, 0x08, 0x08, 0x08, 0x08, 0x08, 0x56, 
	0x04, 0x08, 0x08, 0x08, 0x08, 0x08, 0x08, 0x12, 
	0x04, 0x08, 0x08, 0x08, 0x08, 0x08, 0x08, 0x13, 
	0x04, 0x08, 0x08, 0x08, 0x08, 0x08, 0x08, 0x12, 
	0x14, 0x08, 0x08, 0x08, 0x08, 0x08, 0x08, 0x09, 
	0x14, 0x08, 0x08, 0x08, 0x08, 0x08, 0x08, 0x16, 
	0x14, 0x08, 0x08, 0x08, 0x08, 0x08, 0x08, 0x37, 
	0x14, 0x08, 0x08, 0x08, 0x08, 0x08, 0x08, 0x16, 
	0x00, 0x08, 0x08, 0x08, 0x08, 0x08, 0x08, 0x3e, 
	0x01, 0x08, 0x08, 0x08, 0x08, 0x08, 0x08, 0x19, 
	0x01, 0x08, 0x08, 0x08, 0x08, 0x08, 0x08, 0x57, 
	0x04, 0x08, 0x08, 0x08, 0x08, 0x08, 0x08, 0x19, 
	0x00, 0x08, 0x08, 0x08, 0x08, 0x08, 0x08, 0x4a, 
	0x00, 0x08, 0x08, 0x08, 0x08, 0x08, 0x08, 0x1e, 
	0x04, 0x08, 0x08, 0x08, 0x08, 0x08, 0x08, 0x1a, 
	0x04, 0x08, 0x08, 0x08, 0x08, 0x08, 0x08, 0x1e, 
	0x00, 0x1f, 0x20, 0x21, 0x22, 0x23, 0x24, 0x58, 
	0x25, 0x24, 0x40, 0x36, 0x37, 0x3d, 0x1b, 0x4e, 
	0x59, 0x5a, 0x3e, 0x4f, 0x5b, 0x5c, 0x5d, 0x4e, 
	0x5e, 0x30, 0x40, 0x36, 0x37, 0x3d, 0x4a, 0x32, 
	0x01, 0x00, 0x00, 0x01, 0x01, 0x00, 0x00, 0x00, 
	0x00, 0x00, 0x00, 0x01, 0x04, 0x04, 0x00, 0x5f, 
	0x04, 0x00, 0x00, 0x00, 0x01, 0x0e, 0x0e, 0x0e, 
	0x0e, 0x0e, 0x00, 0x00, 0x00, 0x00, 0x00, 0x60, 
	0x01, 0x08, 0x08, 0x08, 0x08, 0x08, 0x08, 0x61, 
	0x01, 0x08, 0x08, 0x08, 0x08, 0x08, 0x08, 0x30, 
	0x01, 0x08, 0x08, 0x08, 0x08, 0x08, 0x08, 0x62, 
	0x00, 0x08, 0x08, 0x08, 0x08, 0x08, 0x08, 0x3c, 
	0x00, 0x08, 0x08, 0x08, 0x08, 0x08, 0x08, 0x37, 
	0x01, 0x08, 0x08, 0x08, 0x08, 0x08, 0x08, 0x29, 
	0x01, 0x08, 0x08, 0x08, 0x08, 0x08, 0x08, 0x1b, 
	0x00, 0x08, 0x08, 0x08, 0x08, 0x08, 0x08, 0x3f, 
	0x04, 0x08, 0x08, 0x08, 0x08, 0x08, 0x08, 0x63, 
	0x01, 0x08, 0x08, 0x08, 0x08, 0x08, 0x08, 0x36, 
	0x04, 0x08, 0x08, 0x08, 0x08, 0x08, 0x08, 0x64, 
	0x04, 0x08, 0x08, 0x08, 0x08, 0x08, 0x08, 0x36, 
	0x14, 0x08, 0x08, 0x08, 0x08, 0x08, 0x08, 0x65, 
	0x66, 0x08, 0x08, 0x08, 0x08, 0x08, 0x08, 0x2d, 
	0x01, 0x08, 0x08, 0x08, 0x08, 0x08, 0x08, 0x30, 
	0x14, 0x08, 0x08, 0x08, 0x08, 0x08, 0x08, 0x67, 
	0x00, 0x08, 0x08, 0x08, 0x08, 0x08, 0x08, 0x30, 
	0x68, 0x08, 0x08, 0x08, 0x08, 0x08, 0x08, 0x69, 
	0x00, 0x08, 0x08, 0x08, 0x08, 0x08, 0x08, 0x3a, 
	0x04, 0x08, 0x08, 0x08, 0x08, 0x08, 0x08, 0x48, 
	0x00, 0x08, 0x08, 0x08, 0x08, 0x08, 0x08, 0x5f, 
	0x6a, 0x08, 0x08, 0x08, 0x08, 0x08, 0x08, 0x07, 
	0x00, 0x08, 0x08, 0x08, 0x08, 0x08, 0x08, 0x32, 
	0x01, 0x08, 0x08, 0x08, 0x08, 0x08, 0x08, 0x07, 
	0x3a, 0x4b, 0x4c, 0x36, 0x4d, 0x01, 0x4a, 0x32, 
	0x6b, 0x2c, 0x2c, 0x13, 0x4f, 0x23, 0x24, 0x32, 
	0x6c, 0x3a, 0x6d, 0x36, 0x4d, 0x01, 0x01, 0x33, 
	0x00, 0x4a, 0x2d, 0x13, 0x21, 0x51, 0x31, 0x38, 
	
};

Gfx wf_dl_grate_pal_rgba16_aligner[] = {gsSPEndDisplayList()};
u8 wf_dl_grate_pal_rgba16[] = {
	0x00, 0x05, 0x00, 0x45, 0x6b, 0xdb, 0x00, 0x89, 
	0x00, 0x85, 0x7b, 0xd5, 0x08, 0x45, 0x10, 0x85, 
	0x00, 0x04, 0x42, 0x51, 0x00, 0x87, 0x51, 0x85, 
	0x52, 0x91, 0x31, 0x8b, 0x00, 0x47, 0x42, 0x0d, 
	0x5a, 0x07, 0x29, 0x09, 0x62, 0x49, 0x41, 0x89, 
	0x08, 0xc5, 0x31, 0x07, 0x6a, 0xcd, 0x41, 0x87, 
	0x39, 0x07, 0x6b, 0x55, 0x51, 0xc5, 0x31, 0x05, 
	0x84, 0xa5, 0x62, 0x05, 0x6c, 0x63, 0x51, 0xc9, 
	0x49, 0xcb, 0x39, 0xcd, 0x3a, 0x11, 0x3a, 0x55, 
	0x74, 0x63, 0x84, 0xe7, 0x64, 0x63, 0x5b, 0x59, 
	0x5a, 0xd3, 0x5a, 0x4d, 0x29, 0x07, 0x95, 0xa9, 
	0x62, 0x45, 0x51, 0xc7, 0x49, 0xc9, 0x4a, 0x4d, 
	0x63, 0x15, 0x84, 0xa3, 0x95, 0xed, 0x84, 0x5b, 
	0x73, 0x51, 0x6a, 0xcb, 0x5a, 0x09, 0x41, 0x47, 
	0xaf, 0x7b, 0x7c, 0x1b, 0x8c, 0xa3, 0x20, 0xc9, 
	0x6b, 0x15, 0x20, 0xc7, 0x41, 0xcb, 0x62, 0x4d, 
	0x62, 0x8d, 0x52, 0x4f, 0x5b, 0x17, 0x62, 0x47, 
	0x6c, 0x1f, 0x08, 0x85, 0x6a, 0x47, 0x73, 0x55, 
	0x41, 0x85, 0x7c, 0xe7, 0x29, 0x05, 0x7b, 0x95, 
	0x72, 0xcd, 0x28, 0xc5, 0x8d, 0xad, 0x31, 0x8d, 
	0x8d, 0x29, 0x52, 0xd5, 0x7d, 0x29, 0x64, 0x65, 
	0x3a, 0x95, 0x4b, 0x9f, 0x42, 0xd7, 0x49, 0x87, 
	0x96, 0x31, 0x21, 0x05, 0x4a, 0x09, 0x31, 0xd1, 
	0x32, 0x55, 0x64, 0x23, 0x5c, 0x23, 0x7c, 0x63, 
	0x84, 0x63, 0x20, 0x87, 0x18, 0x85, 0x49, 0x89, 
	0x5a, 0x0d, 0x52, 0x0d, 0x08, 0xc7, 0x62, 0x07, 
	0x11, 0x0b, 0x39, 0x85, 0x11, 0x4b, 0x09, 0x0b, 
	0x95, 0x67, 0x84, 0x17, 
};

Gfx wf_dl_water_more_transparent_ia8_aligner[] = {gsSPEndDisplayList()};
u8 wf_dl_water_more_transparent_ia8[] = {
	0x58, 0x68, 0x68, 0x68, 0x58, 0x58, 0x58, 0x58, 
	0x68, 0x68, 0x68, 0x68, 0x68, 0x78, 0x78, 0x78, 
	0x88, 0x88, 0x88, 0x78, 0x78, 0x68, 0x78, 0x78, 
	0x68, 0x78, 0x88, 0x88, 0x88, 0x88, 0x78, 0x68, 
	0x58, 0x58, 0x58, 0x58, 0x58, 0x58, 0x58, 0x68, 
	0x68, 0x68, 0x68, 0x68, 0x68, 0x68, 0x68, 0x68, 
	0x78, 0x78, 0x78, 0x68, 0x78, 0x78, 0x78, 0x78, 
	0x98, 0x88, 0x88, 0x88, 0x88, 0x78, 0x68, 0x58, 
	0x58, 0x58, 0x58, 0x58, 0x58, 0x58, 0x58, 0x68, 
	0x58, 0x68, 0x68, 0x58, 0x58, 0x58, 0x58, 0x68, 
	0x68, 0x68, 0x78, 0x68, 0x68, 0x68, 0x78, 0x68, 
	0x98, 0x88, 0x88, 0x88, 0x88, 0x78, 0x68, 0x58, 
	0x58, 0x58, 0x58, 0x58, 0x68, 0x68, 0x58, 0x58, 
	0x68, 0x68, 0x68, 0x58, 0x58, 0x58, 0x58, 0x58, 
	0x58, 0x68, 0x78, 0x68, 0x78, 0x68, 0x78, 0x68, 
	0x78, 0x88, 0x88, 0x88, 0x78, 0x78, 0x78, 0x78, 
	0x68, 0x58, 0x58, 0x58, 0x68, 0x68, 0x68, 0x68, 
	0x68, 0x68, 0x68, 0x68, 0x58, 0x68, 0x68, 0x68, 
	0x68, 0x68, 0x68, 0x78, 0x88, 0x78, 0x78, 0x78, 
	0x68, 0x88, 0x88, 0x78, 0x78, 0x78, 0x78, 0x68, 
	0x68, 0x58, 0x58, 0x58, 0x58, 0x68, 0x78, 0x78, 
	0x78, 0x78, 0x68, 0x68, 0x68, 0x68, 0x68, 0x68, 
	0x68, 0x58, 0x68, 0x78, 0x78, 0x78, 0x78, 0x78, 
	0x78, 0x78, 0x78, 0x68, 0x78, 0x78, 0x78, 0x58, 
	0x58, 0x58, 0x58, 0x68, 0x68, 0x78, 0x78, 0x78, 
	0x78, 0x78, 0x68, 0x68, 0x68, 0x68, 0x68, 0x68, 
	0x68, 0x68, 0x68, 0x68, 0x68, 0x58, 0x58, 0x58, 
	0x68, 0x68, 0x68, 0x68, 0x78, 0x78, 0x78, 0x68, 
	0x58, 0x58, 0x68, 0x78, 0x78, 0x78, 0x78, 0x68, 
	0x68, 0x68, 0x68, 0x68, 0x68, 0x68, 0x68, 0x68, 
	0x58, 0x58, 0x68, 0x58, 0x58, 0x58, 0x58, 0x58, 
	0x58, 0x58, 0x68, 0x68, 0x68, 0x78, 0x78, 0x78, 
	0x68, 0x58, 0x68, 0x78, 0x68, 0x68, 0x68, 0x58, 
	0x58, 0x58, 0x58, 0x68, 0x68, 0x68, 0x68, 0x68, 
	0x58, 0x58, 0x68, 0x58, 0x58, 0x58, 0x48, 0x58, 
	0x58, 0x58, 0x58, 0x58, 0x68, 0x78, 0x78, 0x78, 
	0x78, 0x68, 0x68, 0x68, 0x68, 0x58, 0x58, 0x58, 
	0x58, 0x58, 0x58, 0x58, 0x68, 0x68, 0x68, 0x68, 
	0x58, 0x58, 0x58, 0x58, 0x58, 0x58, 0x58, 0x58, 
	0x58, 0x58, 0x58, 0x58, 0x58, 0x68, 0x68, 0x68, 
	0x68, 0x58, 0x58, 0x58, 0x58, 0x58, 0x58, 0x58, 
	0x58, 0x58, 0x58, 0x58, 0x58, 0x68, 0x68, 0x58, 
	0x58, 0x58, 0x58, 0x58, 0x58, 0x58, 0x58, 0x58, 
	0x58, 0x58, 0x58, 0x58, 0x58, 0x58, 0x68, 0x68, 
	0x68, 0x58, 0x58, 0x58, 0x58, 0x58, 0x58, 0x58, 
	0x58, 0x58, 0x58, 0x58, 0x68, 0x68, 0x68, 0x68, 
	0x68, 0x58, 0x58, 0x58, 0x58, 0x58, 0x58, 0x58, 
	0x58, 0x58, 0x58, 0x48, 0x58, 0x58, 0x68, 0x68, 
	0x68, 0x58, 0x58, 0x58, 0x58, 0x58, 0x58, 0x58, 
	0x58, 0x58, 0x58, 0x68, 0x68, 0x78, 0x78, 0x68, 
	0x78, 0x68, 0x68, 0x58, 0x58, 0x58, 0x58, 0x58, 
	0x58, 0x58, 0x58, 0x58, 0x58, 0x68, 0x68, 0x68, 
	0x58, 0x58, 0x58, 0x58, 0x58, 0x58, 0x58, 0x58, 
	0x58, 0x58, 0x68, 0x68, 0x68, 0x78, 0x78, 0x78, 
	0x78, 0x78, 0x68, 0x68, 0x58, 0x58, 0x68, 0x58, 
	0x58, 0x58, 0x58, 0x58, 0x68, 0x68, 0x58, 0x58, 
	0x58, 0x58, 0x58, 0x58, 0x58, 0x58, 0x58, 0x58, 
	0x58, 0x68, 0x78, 0x78, 0x68, 0x78, 0x78, 0x78, 
	0x78, 0x88, 0x78, 0x68, 0x68, 0x58, 0x68, 0x68, 
	0x58, 0x68, 0x68, 0x68, 0x68, 0x68, 0x68, 0x58, 
	0x78, 0x68, 0x68, 0x68, 0x58, 0x58, 0x58, 0x58, 
	0x68, 0x78, 0x78, 0x78, 0x68, 0x68, 0x78, 0x78, 
	0x88, 0x98, 0x78, 0x78, 0x68, 0x68, 0x78, 0x68, 
	0x68, 0x68, 0x68, 0x68, 0x58, 0x68, 0x68, 0x68, 
	0x78, 0x78, 0x78, 0x68, 0x68, 0x68, 0x68, 0x68, 
	0x68, 0x68, 0x78, 0x78, 0x78, 0x78, 0x78, 0x78, 
	0x78, 0x78, 0x78, 0x78, 0x68, 0x68, 0x78, 0x78, 
	0x78, 0x78, 0x78, 0x68, 0x68, 0x58, 0x58, 0x68, 
	0x78, 0x78, 0x78, 0x78, 0x78, 0x68, 0x68, 0x68, 
	0x68, 0x68, 0x68, 0x78, 0x78, 0x68, 0x68, 0x68, 
	0x78, 0x78, 0x78, 0x68, 0x68, 0x68, 0x68, 0x68, 
	0x78, 0x78, 0x78, 0x68, 0x58, 0x58, 0x68, 0x68, 
	0x78, 0x78, 0x88, 0x88, 0x78, 0x78, 0x78, 0x78, 
	0x68, 0x68, 0x68, 0x78, 0x78, 0x68, 0x68, 0x68, 
	0x68, 0x68, 0x68, 0x68, 0x68, 0x68, 0x68, 0x78, 
	0x78, 0x78, 0x78, 0x68, 0x58, 0x58, 0x68, 0x68, 
	0x68, 0x78, 0x78, 0x78, 0x78, 0x78, 0x78, 0x78, 
	0x78, 0x78, 0x78, 0x78, 0x68, 0x58, 0x58, 0x58, 
	0x58, 0x58, 0x58, 0x58, 0x58, 0x68, 0x78, 0x78, 
	0x78, 0x78, 0x68, 0x68, 0x58, 0x58, 0x58, 0x68, 
	0x68, 0x68, 0x78, 0x78, 0x78, 0x78, 0x78, 0x78, 
	0x78, 0x78, 0x78, 0x68, 0x68, 0x58, 0x58, 0x58, 
	0x58, 0x58, 0x58, 0x58, 0x58, 0x58, 0x68, 0x68, 
	0x68, 0x68, 0x78, 0x68, 0x58, 0x58, 0x58, 0x58, 
	0x58, 0x58, 0x68, 0x68, 0x68, 0x68, 0x78, 0x78, 
	0x68, 0x68, 0x68, 0x68, 0x58, 0x58, 0x58, 0x58, 
	0x58, 0x58, 0x58, 0x58, 0x58, 0x58, 0x58, 0x58, 
	0x68, 0x68, 0x68, 0x68, 0x58, 0x58, 0x58, 0x58, 
	0x58, 0x58, 0x58, 0x58, 0x58, 0x68, 0x68, 0x78, 
	0x68, 0x68, 0x68, 0x58, 0x58, 0x58, 0x58, 0x58, 
	0x58, 0x58, 0x58, 0x58, 0x58, 0x58, 0x58, 0x58, 
	0x58, 0x58, 0x68, 0x58, 0x58, 0x58, 0x58, 0x58, 
	0x58, 0x58, 0x58, 0x58, 0x58, 0x58, 0x68, 0x68, 
	0x68, 0x68, 0x58, 0x58, 0x58, 0x58, 0x58, 0x58, 
	0x58, 0x58, 0x58, 0x58, 0x58, 0x58, 0x58, 0x48, 
	0x58, 0x58, 0x68, 0x58, 0x58, 0x58, 0x58, 0x58, 
	0x48, 0x58, 0x58, 0x58, 0x58, 0x58, 0x68, 0x68, 
	0x58, 0x68, 0x58, 0x68, 0x58, 0x58, 0x58, 0x58, 
	0x58, 0x58, 0x58, 0x58, 0x58, 0x48, 0x58, 0x58, 
	0x58, 0x58, 0x58, 0x58, 0x58, 0x58, 0x58, 0x58, 
	0x58, 0x58, 0x58, 0x58, 0x68, 0x68, 0x78, 0x78, 
	0x78, 0x68, 0x58, 0x58, 0x58, 0x58, 0x58, 0x58, 
	0x58, 0x58, 0x58, 0x58, 0x58, 0x58, 0x58, 0x58, 
	0x58, 0x58, 0x58, 0x58, 0x58, 0x58, 0x58, 0x58, 
	0x58, 0x58, 0x48, 0x58, 0x68, 0x78, 0x78, 0x78, 
	0x78, 0x78, 0x68, 0x68, 0x58, 0x68, 0x68, 0x58, 
	0x58, 0x58, 0x58, 0x58, 0x58, 0x58, 0x58, 0x58, 
	0x58, 0x58, 0x58, 0x58, 0x48, 0x48, 0x58, 0x58, 
	0x58, 0x58, 0x58, 0x68, 0x78, 0x78, 0x88, 0x88, 
	0x88, 0x78, 0x68, 0x68, 0x68, 0x78, 0x68, 0x68, 
	0x68, 0x68, 0x58, 0x58, 0x58, 0x58, 0x48, 0x48, 
	0x58, 0x58, 0x48, 0x48, 0x48, 0x48, 0x58, 0x58, 
	0x58, 0x58, 0x68, 0x78, 0x78, 0x88, 0x88, 0x88, 
	0x88, 0x88, 0x78, 0x78, 0x68, 0x78, 0x78, 0x78, 
	0x78, 0x68, 0x68, 0x58, 0x58, 0x58, 0x58, 0x58, 
	0x58, 0x58, 0x58, 0x48, 0x48, 0x58, 0x58, 0x58, 
	0x58, 0x68, 0x78, 0x78, 0x88, 0x88, 0x88, 0x88, 
	0x88, 0x98, 0x88, 0x88, 0x78, 0x78, 0x78, 0x78, 
	0x78, 0x68, 0x58, 0x58, 0x58, 0x58, 0x58, 0x58, 
	0x48, 0x48, 0x58, 0x48, 0x48, 0x58, 0x58, 0x58, 
	0x68, 0x68, 0x68, 0x78, 0x88, 0x78, 0x78, 0x78, 
	0x88, 0x88, 0x88, 0x88, 0x78, 0x78, 0x78, 0x78, 
	0x78, 0x68, 0x58, 0x58, 0x68, 0x68, 0x68, 0x58, 
	0x58, 0x58, 0x58, 0x58, 0x58, 0x58, 0x68, 0x68, 
	0x68, 0x68, 0x68, 0x78, 0x78, 0x78, 0x68, 0x68, 
	0x78, 0x78, 0x78, 0x78, 0x78, 0x88, 0x88, 0x88, 
	0x88, 0x78, 0x68, 0x68, 0x78, 0x78, 0x78, 0x68, 
	0x68, 0x68, 0x68, 0x68, 0x68, 0x78, 0x78, 0x78, 
	
};

Gfx wf_dl_beta_bowser_hall_brick_ci8_aligner[] = {gsSPEndDisplayList()};
u8 wf_dl_beta_bowser_hall_brick_ci8[] = {
	0x00, 0x01, 0x02, 0x03, 0x04, 0x05, 0x06, 0x07, 
	0x07, 0x08, 0x09, 0x0a, 0x0b, 0x0c, 0x0d, 0x0e, 
	0x0d, 0x0f, 0x0f, 0x0f, 0x04, 0x10, 0x0f, 0x0f, 
	0x0c, 0x0f, 0x0f, 0x0f, 0x0f, 0x11, 0x12, 0x0f, 
	0x13, 0x14, 0x15, 0x16, 0x14, 0x17, 0x13, 0x18, 
	0x19, 0x1a, 0x1a, 0x1b, 0x05, 0x01, 0x0f, 0x0e, 
	0x01, 0x05, 0x01, 0x19, 0x1a, 0x01, 0x01, 0x1c, 
	0x1c, 0x1c, 0x1d, 0x1e, 0x1c, 0x1f, 0x11, 0x20, 
	0x1e, 0x19, 0x21, 0x21, 0x19, 0x19, 0x22, 0x23, 
	0x24, 0x25, 0x26, 0x27, 0x27, 0x28, 0x08, 0x0e, 
	0x01, 0x27, 0x26, 0x1e, 0x26, 0x01, 0x01, 0x1c, 
	0x1e, 0x01, 0x29, 0x1c, 0x20, 0x2a, 0x20, 0x1a, 
	0x28, 0x1c, 0x26, 0x28, 0x28, 0x2b, 0x2b, 0x1c, 
	0x2c, 0x17, 0x2d, 0x05, 0x27, 0x28, 0x0c, 0x0e, 
	0x01, 0x1e, 0x01, 0x01, 0x26, 0x20, 0x01, 0x29, 
	0x01, 0x01, 0x1c, 0x1c, 0x2e, 0x2f, 0x30, 0x01, 
	0x28, 0x31, 0x32, 0x31, 0x31, 0x2b, 0x33, 0x1c, 
	0x31, 0x22, 0x34, 0x35, 0x27, 0x27, 0x06, 0x0e, 
	0x01, 0x36, 0x1e, 0x20, 0x01, 0x1e, 0x20, 0x1c, 
	0x2e, 0x28, 0x31, 0x1c, 0x31, 0x37, 0x30, 0x31, 
	0x26, 0x28, 0x31, 0x31, 0x28, 0x31, 0x32, 0x2b, 
	0x28, 0x1e, 0x11, 0x38, 0x27, 0x26, 0x0b, 0x0e, 
	0x20, 0x01, 0x20, 0x20, 0x01, 0x01, 0x20, 0x20, 
	0x1c, 0x28, 0x1c, 0x31, 0x32, 0x16, 0x39, 0x31, 
	0x31, 0x31, 0x31, 0x28, 0x28, 0x2b, 0x32, 0x31, 
	0x31, 0x31, 0x3a, 0x09, 0x38, 0x26, 0x0c, 0x0e, 
	0x20, 0x1a, 0x20, 0x20, 0x01, 0x1c, 0x20, 0x01, 
	0x01, 0x1c, 0x01, 0x1c, 0x3b, 0x3c, 0x17, 0x0a, 
	0x31, 0x31, 0x31, 0x28, 0x28, 0x2b, 0x31, 0x31, 
	0x31, 0x32, 0x3d, 0x09, 0x38, 0x05, 0x08, 0x0e, 
	0x36, 0x20, 0x26, 0x26, 0x1c, 0x20, 0x1e, 0x26, 
	0x01, 0x01, 0x26, 0x1c, 0x2b, 0x12, 0x3e, 0x27, 
	0x31, 0x31, 0x31, 0x31, 0x28, 0x31, 0x2b, 0x31, 
	0x31, 0x31, 0x3f, 0x1b, 0x05, 0x26, 0x0f, 0x0e, 
	0x20, 0x20, 0x26, 0x26, 0x28, 0x1c, 0x20, 0x1e, 
	0x1c, 0x20, 0x26, 0x31, 0x1e, 0x39, 0x40, 0x22, 
	0x31, 0x28, 0x31, 0x31, 0x31, 0x2b, 0x2b, 0x32, 
	0x31, 0x31, 0x3d, 0x00, 0x05, 0x27, 0x0f, 0x0e, 
	0x26, 0x01, 0x01, 0x20, 0x26, 0x01, 0x20, 0x01, 
	0x01, 0x20, 0x1c, 0x28, 0x36, 0x3a, 0x27, 0x3f, 
	0x31, 0x28, 0x28, 0x31, 0x28, 0x2b, 0x31, 0x31, 
	0x28, 0x29, 0x41, 0x42, 0x35, 0x27, 0x08, 0x0e, 
	0x01, 0x20, 0x20, 0x20, 0x1c, 0x26, 0x01, 0x20, 
	0x01, 0x1c, 0x20, 0x26, 0x1c, 0x43, 0x44, 0x27, 
	0x31, 0x32, 0x32, 0x32, 0x31, 0x31, 0x31, 0x26, 
	0x1c, 0x20, 0x3f, 0x20, 0x35, 0x05, 0x08, 0x0e, 
	0x20, 0x29, 0x20, 0x1e, 0x20, 0x28, 0x29, 0x45, 
	0x22, 0x45, 0x30, 0x20, 0x01, 0x2a, 0x44, 0x32, 
	0x28, 0x32, 0x31, 0x31, 0x31, 0x31, 0x31, 0x1c, 
	0x1c, 0x1c, 0x27, 0x28, 0x27, 0x27, 0x0c, 0x0e, 
	0x20, 0x01, 0x1c, 0x29, 0x01, 0x28, 0x29, 0x2c, 
	0x46, 0x13, 0x15, 0x1b, 0x01, 0x47, 0x48, 0x28, 
	0x28, 0x31, 0x31, 0x28, 0x28, 0x28, 0x28, 0x28, 
	0x1c, 0x1c, 0x3d, 0x20, 0x27, 0x27, 0x03, 0x0e, 
	0x20, 0x1e, 0x1e, 0x1c, 0x28, 0x1c, 0x1c, 0x1e, 
	0x15, 0x21, 0x30, 0x05, 0x1e, 0x39, 0x26, 0x20, 
	0x31, 0x31, 0x31, 0x28, 0x28, 0x28, 0x28, 0x28, 
	0x1c, 0x32, 0x49, 0x1b, 0x27, 0x05, 0x4a, 0x0e, 
	0x23, 0x20, 0x20, 0x26, 0x26, 0x1c, 0x1c, 0x2e, 
	0x20, 0x01, 0x26, 0x27, 0x1e, 0x39, 0x26, 0x1c, 
	0x0e, 0x0e, 0x0e, 0x0e, 0x0e, 0x0e, 0x0e, 0x0e, 
	0x0e, 0x0e, 0x0e, 0x0e, 0x0e, 0x0e, 0x0e, 0x0e, 
	0x0e, 0x0e, 0x0e, 0x0e, 0x0e, 0x0e, 0x0e, 0x0e, 
	0x0e, 0x0e, 0x0e, 0x0e, 0x0e, 0x0e, 0x0e, 0x0e, 
	0x4a, 0x07, 0x4b, 0x4b, 0x4b, 0x07, 0x0c, 0x07, 
	0x4c, 0x0f, 0x40, 0x4d, 0x0c, 0x03, 0x07, 0x0f, 
	0x4e, 0x06, 0x0c, 0x08, 0x08, 0x0b, 0x0b, 0x08, 
	0x08, 0x08, 0x08, 0x0f, 0x4f, 0x50, 0x51, 0x0e, 
	0x31, 0x32, 0x31, 0x32, 0x32, 0x31, 0x31, 0x28, 
	0x2b, 0x20, 0x15, 0x14, 0x3c, 0x05, 0x31, 0x1c, 
	0x1c, 0x27, 0x28, 0x28, 0x27, 0x27, 0x28, 0x26, 
	0x29, 0x20, 0x1c, 0x28, 0x20, 0x00, 0x0f, 0x0e, 
	0x31, 0x31, 0x31, 0x32, 0x31, 0x31, 0x31, 0x32, 
	0x1c, 0x52, 0x17, 0x37, 0x15, 0x16, 0x3f, 0x31, 
	0x1c, 0x28, 0x01, 0x20, 0x1b, 0x53, 0x31, 0x28, 
	0x31, 0x20, 0x20, 0x28, 0x20, 0x47, 0x07, 0x0e, 
	0x32, 0x32, 0x32, 0x4d, 0x32, 0x32, 0x31, 0x31, 
	0x36, 0x14, 0x3e, 0x11, 0x20, 0x1e, 0x16, 0x54, 
	0x55, 0x16, 0x3f, 0x18, 0x15, 0x2d, 0x14, 0x30, 
	0x52, 0x14, 0x13, 0x56, 0x0e, 0x25, 0x02, 0x0e, 
	0x49, 0x3c, 0x14, 0x0d, 0x30, 0x15, 0x15, 0x25, 
	0x39, 0x57, 0x15, 0x19, 0x3f, 0x30, 0x13, 0x25, 
	0x19, 0x55, 0x58, 0x15, 0x01, 0x3e, 0x22, 0x19, 
	0x52, 0x0a, 0x4d, 0x59, 0x0e, 0x44, 0x4b, 0x0e, 
	0x0e, 0x0e, 0x0e, 0x0e, 0x43, 0x43, 0x0e, 0x0e, 
	0x24, 0x5a, 0x2d, 0x00, 0x28, 0x31, 0x13, 0x5b, 
	0x51, 0x30, 0x45, 0x2d, 0x5c, 0x20, 0x45, 0x45, 
	0x3e, 0x27, 0x01, 0x31, 0x59, 0x5d, 0x4b, 0x0e, 
	0x2f, 0x1f, 0x0e, 0x2d, 0x24, 0x2d, 0x5e, 0x52, 
	0x52, 0x1b, 0x49, 0x5f, 0x09, 0x28, 0x31, 0x21, 
	0x19, 0x4a, 0x30, 0x30, 0x3d, 0x01, 0x2c, 0x19, 
	0x16, 0x60, 0x19, 0x36, 0x1c, 0x00, 0x0f, 0x0e, 
	0x01, 0x30, 0x61, 0x2d, 0x62, 0x48, 0x30, 0x30, 
	0x1a, 0x30, 0x32, 0x0d, 0x18, 0x3d, 0x60, 0x48, 
	0x1e, 0x36, 0x30, 0x27, 0x30, 0x20, 0x31, 0x36, 
	0x2f, 0x47, 0x19, 0x1e, 0x59, 0x60, 0x07, 0x0e, 
	0x4d, 0x4d, 0x63, 0x15, 0x25, 0x4d, 0x32, 0x32, 
	0x64, 0x5c, 0x14, 0x55, 0x5c, 0x15, 0x60, 0x1a, 
	0x1a, 0x20, 0x31, 0x31, 0x27, 0x15, 0x13, 0x11, 
	0x45, 0x15, 0x30, 0x1e, 0x47, 0x1e, 0x07, 0x0e, 
	0x4d, 0x32, 0x4d, 0x32, 0x09, 0x32, 0x4d, 0x32, 
	0x63, 0x0d, 0x3d, 0x30, 0x1a, 0x27, 0x1c, 0x26, 
	0x20, 0x1b, 0x05, 0x26, 0x32, 0x1e, 0x2f, 0x15, 
	0x1c, 0x22, 0x15, 0x60, 0x26, 0x30, 0x0c, 0x0e, 
	0x4d, 0x4d, 0x31, 0x31, 0x1a, 0x27, 0x32, 0x32, 
	0x32, 0x01, 0x3f, 0x01, 0x27, 0x26, 0x27, 0x28, 
	0x26, 0x26, 0x26, 0x20, 0x26, 0x27, 0x32, 0x01, 
	0x1e, 0x46, 0x17, 0x1b, 0x48, 0x1a, 0x07, 0x0e, 
	0x31, 0x4d, 0x31, 0x1c, 0x01, 0x31, 0x28, 0x0a, 
	0x31, 0x1c, 0x01, 0x05, 0x26, 0x26, 0x26, 0x26, 
	0x05, 0x26, 0x01, 0x26, 0x26, 0x26, 0x1c, 0x26, 
	0x1e, 0x01, 0x1a, 0x21, 0x44, 0x1a, 0x08, 0x0e, 
	0x31, 0x32, 0x32, 0x1c, 0x20, 0x31, 0x27, 0x27, 
	0x1c, 0x2e, 0x01, 0x26, 0x31, 0x1c, 0x19, 0x26, 
	0x65, 0x1b, 0x26, 0x05, 0x20, 0x26, 0x26, 0x20, 
	0x31, 0x01, 0x01, 0x3f, 0x0d, 0x1b, 0x08, 0x0e, 
	0x32, 0x32, 0x32, 0x28, 0x30, 0x28, 0x27, 0x27, 
	0x29, 0x20, 0x28, 0x28, 0x28, 0x1e, 0x1a, 0x35, 
	0x27, 0x26, 0x01, 0x27, 0x26, 0x05, 0x32, 0x31, 
	0x27, 0x28, 0x20, 0x18, 0x15, 0x1a, 0x0b, 0x0e, 
	0x3e, 0x31, 0x32, 0x31, 0x20, 0x1c, 0x26, 0x27, 
	0x1c, 0x20, 0x28, 0x28, 0x28, 0x01, 0x1c, 0x27, 
	0x27, 0x27, 0x26, 0x26, 0x27, 0x26, 0x27, 0x28, 
	0x27, 0x2e, 0x1e, 0x21, 0x15, 0x1a, 0x0d, 0x0e, 
	0x0e, 0x0e, 0x0e, 0x0e, 0x0e, 0x0e, 0x0e, 0x0e, 
	0x0e, 0x0e, 0x0e, 0x0e, 0x0e, 0x0e, 0x0e, 0x0e, 
	0x0e, 0x0e, 0x0e, 0x0e, 0x0e, 0x0e, 0x0e, 0x0e, 
	0x0e, 0x0e, 0x0e, 0x0e, 0x0e, 0x0e, 0x0e, 0x0e, 
	0x07, 0x4b, 0x07, 0x4f, 0x66, 0x04, 0x4b, 0x02, 
	0x07, 0x67, 0x08, 0x0c, 0x08, 0x03, 0x51, 0x0e, 
	0x0d, 0x08, 0x0c, 0x06, 0x03, 0x03, 0x08, 0x0f, 
	0x07, 0x07, 0x4e, 0x68, 0x68, 0x08, 0x4e, 0x08, 
	0x31, 0x32, 0x32, 0x28, 0x26, 0x20, 0x26, 0x31, 
	0x30, 0x30, 0x30, 0x26, 0x1b, 0x27, 0x06, 0x0e, 
	0x28, 0x31, 0x27, 0x05, 0x26, 0x27, 0x27, 0x28, 
	0x05, 0x31, 0x1e, 0x20, 0x26, 0x1c, 0x1c, 0x26, 
	0x31, 0x31, 0x31, 0x01, 0x01, 0x36, 0x18, 0x20, 
	0x18, 0x30, 0x11, 0x05, 0x26, 0x27, 0x08, 0x0e, 
	0x31, 0x05, 0x05, 0x26, 0x26, 0x26, 0x27, 0x63, 
	0x1a, 0x3f, 0x19, 0x47, 0x60, 0x39, 0x4d, 0x64, 
	0x31, 0x31, 0x32, 0x36, 0x0d, 0x2b, 0x26, 0x1b, 
	0x39, 0x3f, 0x60, 0x27, 0x28, 0x27, 0x03, 0x0e, 
	0x26, 0x05, 0x05, 0x26, 0x05, 0x27, 0x01, 0x25, 
	0x19, 0x30, 0x46, 0x2d, 0x60, 0x3d, 0x52, 0x3c, 
	0x31, 0x31, 0x32, 0x18, 0x39, 0x28, 0x26, 0x29, 
	0x15, 0x25, 0x26, 0x0a, 0x31, 0x27, 0x06, 0x0e, 
	0x05, 0x26, 0x26, 0x31, 0x28, 0x37, 0x2a, 0x0e, 
	0x44, 0x20, 0x59, 0x2f, 0x26, 0x32, 0x69, 0x2d, 
	0x32, 0x31, 0x2b, 0x60, 0x42, 0x32, 0x31, 0x20, 
	0x1a, 0x15, 0x25, 0x11, 0x0d, 0x25, 0x6a, 0x0e, 
	0x64, 0x64, 0x32, 0x3f, 0x13, 0x56, 0x0e, 0x5f, 
	0x6b, 0x21, 0x14, 0x65, 0x1c, 0x1e, 0x1e, 0x28, 
	0x31, 0x31, 0x28, 0x1a, 0x60, 0x31, 0x28, 0x20, 
	0x30, 0x0d, 0x14, 0x18, 0x60, 0x14, 0x42, 0x0e, 
	0x3c, 0x3c, 0x17, 0x3a, 0x0d, 0x3f, 0x52, 0x00, 
	0x38, 0x1e, 0x18, 0x4d, 0x2b, 0x36, 0x01, 0x01, 
	0x31, 0x31, 0x31, 0x26, 0x5f, 0x1b, 0x31, 0x2b, 
	0x51, 0x1b, 0x40, 0x3e, 0x14, 0x64, 0x4e, 0x0e, 
	0x0e, 0x0e, 0x2a, 0x35, 0x26, 0x31, 0x37, 0x11, 
	0x05, 0x32, 0x16, 0x5c, 0x15, 0x21, 0x30, 0x20, 
	0x31, 0x31, 0x1c, 0x00, 0x37, 0x3d, 0x27, 0x32, 
	0x15, 0x3e, 0x20, 0x17, 0x43, 0x25, 0x6c, 0x0e, 
	0x46, 0x0e, 0x52, 0x64, 0x26, 0x28, 0x14, 0x11, 
	0x14, 0x52, 0x5b, 0x0e, 0x43, 0x60, 0x01, 0x31, 
	0x31, 0x2b, 0x1e, 0x6d, 0x60, 0x1e, 0x28, 0x63, 
	0x3f, 0x43, 0x5f, 0x14, 0x6e, 0x2d, 0x42, 0x0e, 
	0x1c, 0x0e, 0x62, 0x64, 0x27, 0x2e, 0x15, 0x52, 
	0x69, 0x13, 0x22, 0x15, 0x0e, 0x25, 0x31, 0x1e, 
	0x31, 0x31, 0x1e, 0x34, 0x05, 0x15, 0x2f, 0x1a, 
	0x55, 0x3a, 0x60, 0x26, 0x30, 0x15, 0x0a, 0x0e, 
	0x13, 0x0e, 0x6f, 0x35, 0x27, 0x20, 0x1b, 0x01, 
	0x1a, 0x20, 0x20, 0x29, 0x1f, 0x17, 0x20, 0x5b, 
	0x4d, 0x1c, 0x15, 0x2d, 0x42, 0x3d, 0x56, 0x25, 
	0x37, 0x60, 0x05, 0x27, 0x31, 0x26, 0x08, 0x0e, 
	0x45, 0x2f, 0x2d, 0x4d, 0x4d, 0x15, 0x55, 0x20, 
	0x20, 0x20, 0x1e, 0x70, 0x3c, 0x15, 0x71, 0x0e, 
	0x3d, 0x14, 0x27, 0x30, 0x55, 0x45, 0x15, 0x26, 
	0x30, 0x39, 0x27, 0x31, 0x31, 0x27, 0x08, 0x0e, 
	0x1c, 0x1c, 0x25, 0x72, 0x4d, 0x15, 0x3f, 0x01, 
	0x1e, 0x20, 0x19, 0x3f, 0x5c, 0x30, 0x73, 0x0e, 
	0x1a, 0x30, 0x16, 0x18, 0x31, 0x01, 0x6d, 0x09, 
	0x20, 0x1b, 0x32, 0x31, 0x31, 0x32, 0x0c, 0x0e, 
	0x31, 0x2b, 0x55, 0x52, 0x65, 0x30, 0x1c, 0x36, 
	0x1e, 0x1a, 0x1e, 0x15, 0x37, 0x01, 0x16, 0x5b, 
	0x60, 0x36, 0x1c, 0x31, 0x32, 0x31, 0x15, 0x39, 
	0x15, 0x60, 0x4d, 0x1c, 0x1c, 0x27, 0x4a, 0x0e, 
	0x46, 0x2b, 0x16, 0x18, 0x23, 0x60, 0x27, 0x1e, 
	0x1e, 0x30, 0x36, 0x22, 0x60, 0x20, 0x19, 0x23, 
	0x0e, 0x0e, 0x0e, 0x0e, 0x0e, 0x0e, 0x0e, 0x0e, 
	0x0e, 0x0e, 0x0e, 0x0e, 0x0e, 0x0e, 0x0e, 0x0e, 
	0x0e, 0x0e, 0x0e, 0x0e, 0x0e, 0x0e, 0x0e, 0x0e, 
	0x0e, 0x0e, 0x0e, 0x0e, 0x0e, 0x0e, 0x0e, 0x0e, 
	0x4a, 0x07, 0x74, 0x6a, 0x6c, 0x07, 0x02, 0x19, 
	0x50, 0x4f, 0x02, 0x75, 0x0c, 0x07, 0x07, 0x75, 
	0x0c, 0x0f, 0x76, 0x77, 0x42, 0x78, 0x03, 0x08, 
	0x0f, 0x77, 0x79, 0x79, 0x4d, 0x07, 0x7a, 0x0e, 
	0x32, 0x31, 0x30, 0x48, 0x0a, 0x31, 0x63, 0x37, 
	0x65, 0x1c, 0x28, 0x0a, 0x27, 0x27, 0x30, 0x26, 
	0x29, 0x7a, 0x3d, 0x5c, 0x56, 0x00, 0x05, 0x01, 
	0x1e, 0x1e, 0x36, 0x46, 0x25, 0x19, 0x05, 0x0e, 
	0x63, 0x30, 0x60, 0x1a, 0x26, 0x32, 0x63, 0x37, 
	0x65, 0x26, 0x27, 0x27, 0x27, 0x05, 0x20, 0x28, 
	0x2e, 0x5c, 0x2a, 0x0e, 0x14, 0x1a, 0x65, 0x1a, 
	0x20, 0x36, 0x45, 0x59, 0x37, 0x55, 0x12, 0x0e, 
	0x0d, 0x42, 0x7b, 0x63, 0x31, 0x32, 0x31, 0x1a, 
	0x25, 0x1b, 0x0a, 0x4d, 0x27, 0x28, 0x20, 0x30, 
	0x20, 0x2d, 0x43, 0x0e, 0x2f, 0x1a, 0x1a, 0x1b, 
	0x1e, 0x36, 0x46, 0x15, 0x1b, 0x09, 0x42, 0x0e, 
	0x00, 0x26, 0x14, 0x5f, 0x39, 0x64, 0x63, 0x53, 
	0x60, 0x26, 0x0a, 0x27, 0x26, 0x05, 0x01, 0x18, 
	0x11, 0x24, 0x56, 0x0e, 0x52, 0x26, 0x20, 0x01, 
	0x36, 0x2c, 0x7c, 0x0d, 0x05, 0x27, 0x42, 0x0e, 
	0x47, 0x5c, 0x2d, 0x2f, 0x2f, 0x0d, 0x5f, 0x3a, 
	0x7d, 0x27, 0x27, 0x31, 0x26, 0x05, 0x1c, 0x30, 
	0x26, 0x52, 0x1f, 0x0e, 0x2f, 0x20, 0x20, 0x20, 
	0x45, 0x3d, 0x14, 0x39, 0x0a, 0x27, 0x09, 0x0e, 
	0x7e, 0x0d, 0x30, 0x1a, 0x54, 0x52, 0x56, 0x0e, 
	0x14, 0x7f, 0x4d, 0x32, 0x27, 0x27, 0x31, 0x80, 
	0x31, 0x55, 0x1f, 0x0e, 0x24, 0x30, 0x1a, 0x1a, 
	0x14, 0x60, 0x27, 0x26, 0x4d, 0x28, 0x76, 0x0e, 
	0x01, 0x05, 0x31, 0x27, 0x27, 0x15, 0x62, 0x56, 
	0x1f, 0x81, 0x63, 0x4d, 0x31, 0x27, 0x0a, 0x29, 
	0x29, 0x82, 0x43, 0x2a, 0x56, 0x38, 0x1e, 0x15, 
	0x23, 0x37, 0x37, 0x57, 0x4d, 0x32, 0x50, 0x0e, 
	0x27, 0x27, 0x27, 0x26, 0x27, 0x35, 0x42, 0x2f, 
	0x6e, 0x83, 0x44, 0x3e, 0x30, 0x20, 0x00, 0x27, 
	0x1e, 0x7a, 0x3f, 0x3d, 0x0e, 0x2f, 0x26, 0x26, 
	0x31, 0x49, 0x25, 0x0a, 0x63, 0x32, 0x05, 0x0e, 
	0x26, 0x26, 0x27, 0x27, 0x05, 0x38, 0x27, 0x00, 
	0x53, 0x27, 0x26, 0x59, 0x0e, 0x1f, 0x52, 0x3e, 
	0x3f, 0x20, 0x32, 0x55, 0x2a, 0x1f, 0x44, 0x42, 
	0x15, 0x17, 0x2d, 0x30, 0x20, 0x19, 0x4f, 0x0e, 
	0x1b, 0x27, 0x31, 0x27, 0x27, 0x35, 0x4d, 0x22, 
	0x3e, 0x63, 0x32, 0x31, 0x59, 0x2f, 0x1b, 0x37, 
	0x25, 0x71, 0x55, 0x2a, 0x42, 0x11, 0x11, 0x42, 
	0x3d, 0x19, 0x25, 0x37, 0x20, 0x15, 0x0c, 0x0e, 
	0x27, 0x0a, 0x32, 0x0a, 0x0a, 0x0a, 0x63, 0x1c, 
	0x2d, 0x11, 0x28, 0x1a, 0x48, 0x30, 0x1e, 0x26, 
	0x30, 0x2d, 0x16, 0x24, 0x44, 0x39, 0x09, 0x26, 
	0x19, 0x1b, 0x32, 0x3d, 0x3e, 0x18, 0x4f, 0x0e, 
	0x53, 0x63, 0x32, 0x32, 0x4d, 0x4d, 0x32, 0x4d, 
	0x1a, 0x25, 0x14, 0x26, 0x3c, 0x52, 0x01, 0x30, 
	0x15, 0x09, 0x15, 0x1f, 0x25, 0x09, 0x65, 0x26, 
	0x20, 0x26, 0x2b, 0x19, 0x26, 0x26, 0x76, 0x0e, 
	0x64, 0x4d, 0x31, 0x28, 0x32, 0x1c, 0x32, 0x32, 
	0x26, 0x27, 0x11, 0x09, 0x19, 0x15, 0x45, 0x71, 
	0x5f, 0x40, 0x3f, 0x56, 0x30, 0x27, 0x05, 0x28, 
	0x31, 0x31, 0x29, 0x3f, 0x38, 0x1c, 0x4e, 0x0e, 
	0x3e, 0x32, 0x80, 0x28, 0x32, 0x1c, 0x26, 0x27, 
	0x27, 0x11, 0x7d, 0x32, 0x32, 0x63, 0x36, 0x41, 
	0x2d, 0x09, 0x27, 0x37, 0x26, 0x1a, 0x27, 0x32, 
	0x1c, 0x31, 0x1c, 0x15, 0x09, 0x36, 0x3d, 0x0e, 
	0x0e, 0x0e, 0x0e, 0x0e, 0x0e, 0x0e, 0x0e, 0x0e, 
	0x0e, 0x0e, 0x0e, 0x0e, 0x0e, 0x0e, 0x0e, 0x0e, 
	0x0e, 0x0e, 0x0e, 0x0e, 0x0e, 0x0e, 0x0e, 0x0e, 
	0x0e, 0x0e, 0x0e, 0x0e, 0x0e, 0x0e, 0x0e, 0x0e, 
	
};

Gfx wf_dl_beta_bowser_hall_brick_pal_rgba16_aligner[] = {gsSPEndDisplayList()};
u8 wf_dl_beta_bowser_hall_brick_pal_rgba16[] = {
	0x94, 0x63, 0xa4, 0xe9, 0xf7, 0xbf, 0xef, 0x7b, 
	0xde, 0xb7, 0xad, 0x6b, 0xf7, 0x7d, 0xef, 0x7d, 
	0xe7, 0x3b, 0x9c, 0xa5, 0xbd, 0xaf, 0xe7, 0x39, 
	0xef, 0x3b, 0x73, 0x9d, 0x00, 0x01, 0xde, 0xf9, 
	0xe6, 0xf9, 0x73, 0x5b, 0x63, 0x19, 0x41, 0xd1, 
	0x52, 0x53, 0x7b, 0x9f, 0x62, 0xd9, 0x20, 0xc7, 
	0x83, 0xe1, 0x8c, 0x23, 0x9c, 0xa7, 0xa5, 0x29, 
	0xa5, 0x2b, 0x94, 0xe9, 0x94, 0xa7, 0x08, 0x43, 
	0x9c, 0xe9, 0x7b, 0xdf, 0x6b, 0x5d, 0x52, 0x55, 
	0x18, 0xc7, 0x5a, 0x95, 0xad, 0x2b, 0xb5, 0x6d, 
	0xad, 0x2d, 0x9c, 0xeb, 0x18, 0x85, 0xa5, 0x2d, 
	0x83, 0xe3, 0x29, 0x09, 0xa4, 0xeb, 0x39, 0x8d, 
	0x94, 0x65, 0xad, 0x6d, 0xb5, 0xaf, 0xad, 0x6f, 
	0x42, 0x0f, 0xbd, 0xad, 0x8c, 0x65, 0x6b, 0x19, 
	0xb5, 0x6b, 0x94, 0xa5, 0x4a, 0x11, 0xb5, 0xb1, 
	0x39, 0xcf, 0x6b, 0x5b, 0x5a, 0xd7, 0x84, 0x23, 
	0xc6, 0x33, 0x5a, 0x97, 0x7b, 0x9d, 0x08, 0x01, 
	0x62, 0xd7, 0x7b, 0xe1, 0x52, 0x97, 0x83, 0xdf, 
	0x8c, 0x63, 0x31, 0x8d, 0x73, 0x9f, 0xf7, 0x7f, 
	0xe7, 0x3d, 0xbd, 0xef, 0xde, 0xf7, 0xd6, 0x75, 
	0xce, 0x31, 0x73, 0x5d, 0x31, 0x4b, 0xc5, 0xf1, 
	0x6b, 0x1b, 0x52, 0x95, 0x10, 0x43, 0xc5, 0xef, 
	0x4a, 0x53, 0x4a, 0x13, 0x94, 0x23, 0x10, 0x85, 
	0x42, 0x11, 0x73, 0x9b, 0x39, 0x8f, 0x41, 0xcf, 
	0x8c, 0x21, 0x4a, 0x55, 0x41, 0xcd, 0xbd, 0xf1, 
	0xc6, 0x31, 0xa4, 0xe7, 0xef, 0x39, 0xd6, 0xb5, 
	0xce, 0x73, 0x20, 0xc9, 0xe6, 0xf7, 0x9c, 0x63, 
	0xff, 0xbf, 0x7b, 0xdd, 0x49, 0xcf, 0x4a, 0x0f, 
	0x84, 0x25, 0x29, 0x0b, 0x84, 0x1f, 0x31, 0x8f, 
	0xce, 0x75, 0xf7, 0xbd, 0xb5, 0xad, 0xd6, 0xb7, 
	0xd6, 0x73, 0xbd, 0xb1, 0x63, 0x1b, 0xad, 0x27, 
	0x10, 0x45, 0xad, 0x29, 0x49, 0xd1, 0xce, 0x33, 
	0x9d, 0x2b, 0x83, 0x9d, 0x4a, 0x15, 0x39, 0x8b, 
	
};

Vtx wf_dl_Plane_mesh_layer_1_vtx_cull[8] = {
	{{ {-1864, -487, 3509}, 0, {0, 0}, {0, 0, 0, 0} }},
	{{ {-1864, 9639, 3509}, 0, {0, 0}, {0, 0, 0, 0} }},
	{{ {-1864, 9639, -2022}, 0, {0, 0}, {0, 0, 0, 0} }},
	{{ {-1864, -487, -2022}, 0, {0, 0}, {0, 0, 0, 0} }},
	{{ {3471, -487, 3509}, 0, {0, 0}, {0, 0, 0, 0} }},
	{{ {3471, 9639, 3509}, 0, {0, 0}, {0, 0, 0, 0} }},
	{{ {3471, 9639, -2022}, 0, {0, 0}, {0, 0, 0, 0} }},
	{{ {3471, -487, -2022}, 0, {0, 0}, {0, 0, 0, 0} }},
};

Vtx wf_dl_Plane_mesh_layer_1_vtx_0[254] = {
	{{ {2744, -341, 1699}, 0, {986, -3480}, {77, 0, 155, 255} }},
	{{ {2744, 530, 1699}, 0, {986, -2786}, {77, 0, 155, 255} }},
	{{ {2744, 42, 1699}, 0, {986, -3174}, {77, 0, 155, 255} }},
	{{ {-1396, 1033, 966}, 0, {2248, 590}, {0, 129, 0, 255} }},
	{{ {-1597, 1033, 966}, 0, {2408, 590}, {0, 129, 0, 255} }},
	{{ {-1797, 1033, 966}, 0, {2568, 590}, {0, 129, 0, 255} }},
	{{ {850, 2144, 1650}, 0, {946, -1500}, {127, 0, 0, 255} }},
	{{ {850, 2076, 1747}, 0, {1023, -1554}, {127, 0, 0, 255} }},
	{{ {850, 2076, 1558}, 0, {873, -1554}, {127, 0, 0, 255} }},
	{{ {267, 3421, -884}, 0, {-1072, -482}, {127, 0, 0, 255} }},
	{{ {267, 2144, 340}, 0, {-97, -1500}, {127, 0, 0, 255} }},
	{{ {267, 2144, -884}, 0, {-1072, -1500}, {127, 0, 0, 255} }},
	{{ {1624, 42, 3488}, 0, {1921, -885}, {0, 127, 0, 255} }},
	{{ {1894, 42, 3488}, 0, {1505, -885}, {0, 127, 0, 255} }},
	{{ {1894, 42, 2947}, 0, {1505, -50}, {0, 127, 0, 255} }},
	{{ {1624, 42, 2947}, 0, {1921, -50}, {0, 127, 0, 255} }},
	{{ {1624, 530, 1699}, 0, {-158, 6}, {0, 127, 0, 255} }},
	{{ {1624, 530, 2947}, 0, {-158, -988}, {0, 127, 0, 255} }},
	{{ {1894, 530, 2947}, 0, {-373, -988}, {0, 127, 0, 255} }},
	{{ {1894, 530, 1971}, 0, {-373, -210}, {0, 127, 0, 255} }},
	{{ {2385, 530, 1971}, 0, {-764, -210}, {0, 127, 0, 255} }},
	{{ {2136, 530, 2350}, 0, {-565, -512}, {0, 127, 0, 255} }},
	{{ {2744, 530, 1699}, 0, {-1050, 6}, {0, 127, 0, 255} }},
	{{ {2744, 530, 2789}, 0, {-1050, -862}, {0, 127, 0, 255} }},
	{{ {2385, 530, 2947}, 0, {-764, -988}, {0, 127, 0, 255} }},
	{{ {2744, 530, 2947}, 0, {-1050, -988}, {0, 127, 0, 255} }},
	{{ {2744, 530, 2634}, 0, {-1050, -739}, {0, 127, 0, 255} }},
	{{ {1624, 42, 2947}, 0, {1980, -3174}, {129, 0, 0, 255} }},
	{{ {1624, 530, 2947}, 0, {1980, -2786}, {129, 0, 0, 255} }},
	{{ {1624, 530, 1699}, 0, {986, -2786}, {129, 0, 0, 255} }},
	{{ {1624, 42, 1699}, 0, {986, -3174}, {129, 0, 0, 255} }},
	{{ {1624, 530, 1699}, 0, {986, -2786}, {129, 0, 0, 255} }},
	{{ {1624, 1730, 187}, 0, {-219, -1829}, {129, 0, 0, 255} }},
	{{ {1624, 42, 187}, 0, {-219, -3174}, {129, 0, 0, 255} }},
	{{ {1624, 42, 1699}, 0, {986, -3174}, {129, 0, 0, 255} }},
	{{ {1624, 42, 1699}, 0, {-158, 6}, {215, 136, 0, 255} }},
	{{ {1624, 42, 187}, 0, {-158, 1211}, {215, 136, 0, 255} }},
	{{ {2743, -341, 187}, 0, {-1099, 1174}, {215, 136, 0, 255} }},
	{{ {2744, -341, 1699}, 0, {-1050, 6}, {215, 136, 0, 255} }},
	{{ {1623, 42, -1067}, 0, {-157, 2211}, {0, 129, 0, 255} }},
	{{ {1624, 42, 187}, 0, {-158, 1211}, {0, 129, 0, 255} }},
	{{ {1434, 42, 188}, 0, {-7, 1211}, {0, 129, 0, 255} }},
	{{ {1434, 42, -1067}, 0, {-7, 2210}, {0, 129, 0, 255} }},
	{{ {1624, 42, 187}, 0, {-158, 1211}, {215, 136, 0, 255} }},
	{{ {1623, 42, -1067}, 0, {-157, 2211}, {215, 136, 0, 255} }},
	{{ {2744, -341, -1068}, 0, {-1050, 2211}, {215, 136, 0, 255} }},
	{{ {2743, -341, 187}, 0, {-1098, 1255}, {215, 136, 0, 255} }},
	{{ {267, 1360, -884}, 0, {924, -2124}, {0, 0, 127, 255} }},
	{{ {1434, 1360, -884}, 0, {-7, -2124}, {0, 0, 127, 255} }},
	{{ {1434, 1549, -884}, 0, {-7, -1974}, {0, 0, 127, 255} }},
	{{ {-901, 1360, -884}, 0, {1854, -2124}, {0, 0, 127, 255} }},
	{{ {-901, 1549, -884}, 0, {1854, -1974}, {0, 0, 127, 255} }},
	{{ {1434, 42, 188}, 0, {-219, -3174}, {129, 0, 0, 255} }},
	{{ {1434, 1730, 188}, 0, {-219, -1829}, {129, 0, 0, 255} }},
	{{ {1434, 1730, -217}, 0, {-541, -1829}, {129, 0, 0, 255} }},
	{{ {1434, 1730, -671}, 0, {-903, -1829}, {129, 0, 0, 255} }},
	{{ {1434, 1752, -217}, 0, {-541, -1812}, {129, 0, 0, 255} }},
	{{ {1434, 1752, -671}, 0, {-903, -1812}, {129, 0, 0, 255} }},
	{{ {1434, 42, -1067}, 0, {-1219, -3174}, {129, 0, 0, 255} }},
	{{ {1434, 1730, -1067}, 0, {-1219, -1829}, {129, 0, 0, 255} }},
	{{ {1624, 42, 187}, 0, {-219, -3174}, {0, 0, 127, 255} }},
	{{ {1624, 1730, 187}, 0, {-219, -1829}, {0, 0, 127, 255} }},
	{{ {1434, 1730, 188}, 0, {-219, -1829}, {0, 0, 127, 255} }},
	{{ {1624, 42, 187}, 0, {-219, -3174}, {0, 0, 127, 255} }},
	{{ {1434, 1730, 188}, 0, {-219, -1829}, {0, 0, 127, 255} }},
	{{ {1434, 42, 188}, 0, {-219, -3174}, {0, 0, 127, 255} }},
	{{ {1624, 1549, -1068}, 0, {-158, -1974}, {0, 0, 127, 255} }},
	{{ {1146, 1549, -1068}, 0, {223, -1974}, {0, 0, 127, 255} }},
	{{ {21, 1549, -1068}, 0, {1120, -1974}, {0, 0, 127, 255} }},
	{{ {-993, 1549, -1068}, 0, {1927, -1974}, {0, 0, 127, 255} }},
	{{ {-788, 1915, -1068}, 0, {1705, -2658}, {0, 0, 127, 255} }},
	{{ {-601, 2144, -1068}, 0, {1520, -3088}, {0, 0, 127, 255} }},
	{{ {-901, 1360, 1210}, 0, {596, -2124}, {129, 0, 0, 255} }},
	{{ {-901, 2144, -884}, 0, {-1072, -1500}, {129, 0, 0, 255} }},
	{{ {-901, 1360, -884}, 0, {-1072, -2124}, {129, 0, 0, 255} }},
	{{ {-901, 2144, 1210}, 0, {596, -1500}, {129, 0, 0, 255} }},
	{{ {-901, 2144, 2394}, 0, {1540, -1500}, {129, 0, 0, 255} }},
	{{ {-901, 1360, 2394}, 0, {1540, -2124}, {129, 0, 0, 255} }},
	{{ {-901, 2144, -884}, 0, {-1072, -1500}, {146, 15, 62, 255} }},
	{{ {-901, 2144, -1068}, 0, {-1219, -1500}, {146, 15, 62, 255} }},
	{{ {-1085, 1549, -1068}, 0, {-1219, -1974}, {146, 15, 62, 255} }},
	{{ {-901, 1360, -884}, 0, {-1072, -2124}, {146, 15, 62, 255} }},
	{{ {1434, 1360, 1210}, 0, {-7, 396}, {0, 129, 0, 255} }},
	{{ {1434, 1360, 2394}, 0, {-7, -548}, {0, 129, 0, 255} }},
	{{ {267, 1360, 2394}, 0, {924, -548}, {0, 129, 0, 255} }},
	{{ {267, 1360, 1210}, 0, {924, 396}, {0, 129, 0, 255} }},
	{{ {-901, 1360, 2394}, 0, {1854, -548}, {0, 129, 0, 255} }},
	{{ {-901, 1360, 1210}, 0, {1854, 396}, {0, 129, 0, 255} }},
	{{ {-1864, 1360, 2459}, 0, {2621, -599}, {0, 228, 132, 255} }},
	{{ {-1085, 1360, 2459}, 0, {2000, -599}, {0, 228, 132, 255} }},
	{{ {-1312, 42, 2759}, 0, {2181, -70}, {0, 228, 132, 255} }},
	{{ {-1637, 42, 2759}, 0, {2440, -70}, {0, 228, 132, 255} }},
	{{ {-1085, 1360, 2459}, 0, {1575, -2110}, {127, 0, 0, 255} }},
	{{ {-1085, 373, 1282}, 0, {653, -2911}, {127, 0, 0, 255} }},
	{{ {-1085, 1549, 2459}, 0, {1591, -1974}, {127, 0, 0, 255} }},
	{{ {-1085, 1360, 2459}, 0, {1575, -2110}, {127, 0, 0, 255} }},
	{{ {-1085, 185, 1281}, 0, {653, -3061}, {127, 0, 0, 255} }},
	{{ {-1085, 373, 1282}, 0, {653, -2911}, {127, 0, 0, 255} }},
	{{ {-1085, 374, 150}, 0, {-249, -2910}, {127, 0, 0, 255} }},
	{{ {-1085, 185, 149}, 0, {-249, -3060}, {127, 0, 0, 255} }},
	{{ {-1864, 185, 1281}, 0, {2621, 339}, {0, 129, 2, 255} }},
	{{ {-1085, 185, 1281}, 0, {2000, 339}, {0, 129, 2, 255} }},
	{{ {-1373, 195, 2121}, 0, {2280, 45}, {0, 129, 2, 255} }},
	{{ {-1576, 195, 2121}, 0, {2392, 58}, {0, 129, 2, 255} }},
	{{ {-1085, 185, 1281}, 0, {2000, 339}, {0, 129, 0, 255} }},
	{{ {-1864, 185, 1281}, 0, {2621, 339}, {0, 129, 0, 255} }},
	{{ {-1864, 185, 149}, 0, {2621, 1241}, {0, 129, 0, 255} }},
	{{ {-1720, 185, 149}, 0, {2506, 1241}, {0, 129, 0, 255} }},
	{{ {-1476, 185, 149}, 0, {2312, 1241}, {0, 129, 0, 255} }},
	{{ {-1231, 185, 149}, 0, {2117, 1241}, {0, 129, 0, 255} }},
	{{ {-1085, 185, 149}, 0, {2000, 1241}, {0, 129, 0, 255} }},
	{{ {-1396, 1033, 966}, 0, {402, -2385}, {127, 0, 0, 255} }},
	{{ {-1396, 1846, 966}, 0, {402, -1737}, {127, 0, 0, 255} }},
	{{ {-1396, 1845, 1096}, 0, {505, -1738}, {127, 0, 0, 255} }},
	{{ {-1396, 1033, 1096}, 0, {505, -2385}, {127, 0, 0, 255} }},
	{{ {-1396, 1846, 966}, 0, {2248, 590}, {0, 127, 0, 255} }},
	{{ {-1597, 1845, 966}, 0, {2408, 590}, {0, 127, 0, 255} }},
	{{ {-1797, 1845, 966}, 0, {2568, 590}, {0, 127, 0, 255} }},
	{{ {-1597, 1845, 1096}, 0, {2408, 487}, {0, 127, 0, 255} }},
	{{ {-1797, 1845, 1096}, 0, {2568, 487}, {0, 127, 0, 255} }},
	{{ {-1396, 1845, 1096}, 0, {2248, 487}, {0, 127, 0, 255} }},
	{{ {-1259, 1846, 966}, 0, {2139, 590}, {0, 127, 0, 255} }},
	{{ {-1396, 1846, 966}, 0, {2248, 590}, {0, 127, 0, 255} }},
	{{ {-1396, 1846, 1096}, 0, {2248, 487}, {0, 127, 0, 255} }},
	{{ {-1259, 1846, 1096}, 0, {2139, 487}, {0, 127, 0, 255} }},
	{{ {-1396, 1033, 1096}, 0, {505, -2385}, {129, 0, 0, 255} }},
	{{ {-1396, 1846, 1096}, 0, {505, -1737}, {129, 0, 0, 255} }},
	{{ {-1396, 1846, 966}, 0, {402, -1737}, {129, 0, 0, 255} }},
	{{ {-1396, 1033, 966}, 0, {402, -2385}, {129, 0, 0, 255} }},
	{{ {-601, 2144, -1068}, 0, {-1247, -1500}, {26, 0, 132, 255} }},
	{{ {-601, 3421, -1068}, 0, {-1247, -482}, {26, 0, 132, 255} }},
	{{ {267, 3421, -884}, 0, {-1072, -482}, {26, 0, 132, 255} }},
	{{ {267, 2144, -884}, 0, {-1072, -1500}, {26, 0, 132, 255} }},
	{{ {267, 1360, -884}, 0, {924, -2124}, {0, 167, 165, 255} }},
	{{ {1146, 1549, -1068}, 0, {223, -1974}, {0, 167, 165, 255} }},
	{{ {1434, 1549, -1068}, 0, {-7, -1974}, {0, 167, 165, 255} }},
	{{ {1434, 1360, -884}, 0, {-7, -2124}, {0, 167, 165, 255} }},
	{{ {-1259, 1845, 475}, 0, {2139, -1737}, {0, 0, 129, 255} }},
	{{ {-1259, 1338, 475}, 0, {2139, -2142}, {0, 0, 129, 255} }},
	{{ {-1396, 1338, 475}, 0, {2248, -2142}, {0, 0, 129, 255} }},
	{{ {-1396, 1845, 475}, 0, {2248, -1737}, {0, 0, 129, 255} }},
	{{ {267, 2144, -599}, 0, {924, 1837}, {0, 127, 0, 255} }},
	{{ {-901, 2144, -884}, 0, {1854, 2064}, {0, 127, 0, 255} }},
	{{ {-601, 2144, -599}, 0, {1615, 1837}, {0, 127, 0, 255} }},
	{{ {267, 2144, -884}, 0, {924, 2064}, {0, 127, 0, 255} }},
	{{ {267, 2144, -599}, 0, {924, 1837}, {0, 129, 0, 255} }},
	{{ {1135, 2144, -1068}, 0, {232, 2211}, {0, 129, 0, 255} }},
	{{ {1135, 2144, -599}, 0, {232, 1837}, {0, 129, 0, 255} }},
	{{ {380, 2144, -1068}, 0, {833, 2211}, {0, 129, 0, 255} }},
	{{ {-601, 2144, -599}, 0, {1615, 1837}, {0, 129, 0, 255} }},
	{{ {-601, 2144, -1068}, 0, {1615, 2211}, {0, 129, 0, 255} }},
	{{ {267, 2144, -884}, 0, {924, 2064}, {0, 129, 0, 255} }},
	{{ {267, 2144, 340}, 0, {924, 1089}, {0, 129, 0, 255} }},
	{{ {-901, 2144, 340}, 0, {1854, 1089}, {0, 129, 0, 255} }},
	{{ {-901, 2144, -884}, 0, {1854, 2064}, {0, 129, 0, 255} }},
	{{ {-1312, 42, 3188}, 0, {2181, -1180}, {0, 129, 0, 255} }},
	{{ {-1637, 42, 3188}, 0, {2440, -1180}, {0, 129, 0, 255} }},
	{{ {-1637, 42, 2759}, 0, {2440, -838}, {0, 129, 0, 255} }},
	{{ {-1312, 42, 2759}, 0, {2181, -838}, {0, 129, 0, 255} }},
	{{ {-1576, 195, 2429}, 0, {2392, -123}, {0, 129, 0, 255} }},
	{{ {-1576, 195, 2121}, 0, {2392, 0}, {0, 129, 0, 255} }},
	{{ {-1373, 195, 2121}, 0, {2305, 25}, {0, 129, 0, 255} }},
	{{ {-1373, 195, 2429}, 0, {2230, -123}, {0, 129, 0, 255} }},
	{{ {-1085, 1360, 2459}, 0, {2000, -599}, {0, 253, 127, 255} }},
	{{ {-1864, 1360, 2459}, 0, {2621, -599}, {0, 253, 127, 255} }},
	{{ {-1576, 195, 2429}, 0, {2392, -336}, {0, 253, 127, 255} }},
	{{ {-1373, 195, 2429}, 0, {2230, -336}, {0, 253, 127, 255} }},
	{{ {-1085, 185, 1281}, 0, {653, -3061}, {118, 218, 30, 255} }},
	{{ {-1085, 1360, 2459}, 0, {1591, -2129}, {118, 218, 30, 255} }},
	{{ {-1373, 195, 2429}, 0, {1541, -3026}, {118, 218, 30, 255} }},
	{{ {-1373, 195, 2121}, 0, {1316, -3046}, {118, 218, 30, 255} }},
	{{ {-1312, 42, 2759}, 0, {-16, 1008}, {0, 141, 202, 255} }},
	{{ {-1637, 42, 2759}, 0, {-16, 1008}, {0, 141, 202, 255} }},
	{{ {-1576, 195, 2429}, 0, {-16, 1008}, {0, 141, 202, 255} }},
	{{ {-1373, 195, 2429}, 0, {-16, 1008}, {0, 141, 202, 255} }},
	{{ {1894, 530, 2947}, 0, {-373, -2786}, {0, 0, 127, 255} }},
	{{ {1894, 42, 2947}, 0, {-373, -3174}, {0, 0, 127, 255} }},
	{{ {1894, 66, 2947}, 0, {-373, -3156}, {0, 0, 127, 255} }},
	{{ {1894, 553, 2947}, 0, {-373, -2767}, {0, 0, 127, 255} }},
	{{ {2744, 42, 2947}, 0, {193, -50}, {0, 127, 0, 255} }},
	{{ {2385, 42, 2947}, 0, {746, -50}, {0, 127, 0, 255} }},
	{{ {2385, 42, 3488}, 0, {746, -885}, {0, 127, 0, 255} }},
	{{ {3471, 42, 3488}, 0, {-929, -885}, {0, 127, 0, 255} }},
	{{ {2744, 42, 2634}, 0, {193, 433}, {0, 127, 0, 255} }},
	{{ {2947, 42, 2305}, 0, {-121, 941}, {0, 127, 0, 255} }},
	{{ {3203, 42, 2450}, 0, {-516, 718}, {0, 127, 0, 255} }},
	{{ {3336, 42, 2181}, 0, {-722, 1133}, {0, 127, 0, 255} }},
	{{ {3471, 42, 3488}, 0, {-929, -885}, {0, 127, 0, 255} }},
	{{ {3471, 42, 1699}, 0, {-929, 1877}, {0, 127, 0, 255} }},
	{{ {3336, 42, 2181}, 0, {-722, 1133}, {0, 127, 0, 255} }},
	{{ {3054, 42, 2055}, 0, {-286, 1327}, {0, 127, 0, 255} }},
	{{ {2744, 42, 1699}, 0, {193, 1877}, {0, 127, 0, 255} }},
	{{ {2947, 42, 2305}, 0, {-121, 941}, {0, 127, 0, 255} }},
	{{ {2744, 42, 2634}, 0, {193, 433}, {0, 127, 0, 255} }},
	{{ {2744, 42, 2789}, 0, {193, 195}, {0, 127, 0, 255} }},
	{{ {2744, 42, 2947}, 0, {193, -50}, {0, 127, 0, 255} }},
	{{ {2385, 42, 2947}, 0, {-764, -3174}, {0, 0, 129, 255} }},
	{{ {2385, 530, 2947}, 0, {-764, -2786}, {0, 0, 129, 255} }},
	{{ {2385, 553, 2947}, 0, {-764, -2767}, {0, 0, 129, 255} }},
	{{ {2385, 66, 2947}, 0, {-764, -3156}, {0, 0, 129, 255} }},
	{{ {1894, 66, 2947}, 0, {1505, -50}, {0, 129, 0, 255} }},
	{{ {2385, 66, 2947}, 0, {746, -50}, {0, 129, 0, 255} }},
	{{ {2385, 66, 2964}, 0, {746, -76}, {0, 129, 0, 255} }},
	{{ {1894, 66, 2964}, 0, {1505, -76}, {0, 129, 0, 255} }},
	{{ {-1396, 373, 475}, 0, {10, -2910}, {127, 0, 0, 255} }},
	{{ {-1396, 394, 410}, 0, {-41, -2894}, {127, 0, 0, 255} }},
	{{ {-1396, 394, 475}, 0, {10, -2894}, {127, 0, 0, 255} }},
	{{ {-1396, 373, 410}, 0, {-41, -2910}, {127, 0, 0, 255} }},
	{{ {-1396, 394, 346}, 0, {-93, -2894}, {127, 0, 0, 255} }},
	{{ {-1396, 373, 346}, 0, {-93, -2910}, {127, 0, 0, 255} }},
	{{ {-1396, 373, 346}, 0, {2248, -2910}, {0, 0, 127, 255} }},
	{{ {-1259, 373, 346}, 0, {2139, -2910}, {0, 0, 127, 255} }},
	{{ {-1259, 394, 346}, 0, {2139, -2894}, {0, 0, 127, 255} }},
	{{ {-1396, 394, 346}, 0, {2248, -2894}, {0, 0, 127, 255} }},
	{{ {-1231, -75, 149}, 0, {2117, 1241}, {0, 129, 0, 255} }},
	{{ {-1233, -75, 149}, 0, {2118, 1241}, {0, 129, 0, 255} }},
	{{ {-1233, -75, 114}, 0, {2118, 1241}, {0, 129, 0, 255} }},
	{{ {-1231, -75, 114}, 0, {2117, 1241}, {0, 129, 0, 255} }},
	{{ {-1259, 373, 475}, 0, {2139, -2910}, {0, 0, 129, 255} }},
	{{ {-1396, 373, 475}, 0, {2248, -2910}, {0, 0, 129, 255} }},
	{{ {-1396, 394, 475}, 0, {2248, -2894}, {0, 0, 129, 255} }},
	{{ {-1259, 394, 475}, 0, {2139, -2894}, {0, 0, 129, 255} }},
	{{ {-1719, 1360, 3488}, 0, {2505, -2124}, {127, 0, 0, 255} }},
	{{ {-1719, 1006, 3488}, 0, {2505, -2394}, {127, 0, 0, 255} }},
	{{ {-1719, 1026, 3488}, 0, {2505, -2379}, {127, 0, 0, 255} }},
	{{ {-1719, 1381, 3488}, 0, {2505, -2109}, {127, 0, 0, 255} }},
	{{ {-1259, 373, 346}, 0, {-93, -2910}, {129, 0, 0, 255} }},
	{{ {-1259, 373, 475}, 0, {10, -2910}, {129, 0, 0, 255} }},
	{{ {-1259, 394, 475}, 0, {10, -2894}, {129, 0, 0, 255} }},
	{{ {-1259, 394, 346}, 0, {-93, -2894}, {129, 0, 0, 255} }},
	{{ {-1720, -95, 149}, 0, {2506, 1241}, {0, 0, 127, 255} }},
	{{ {-1720, 185, 149}, 0, {2506, 1241}, {0, 0, 127, 255} }},
	{{ {-1720, 205, 149}, 0, {2506, 1241}, {0, 0, 127, 255} }},
	{{ {-1720, -75, 149}, 0, {2506, 1241}, {0, 0, 127, 255} }},
	{{ {-1231, 185, 149}, 0, {2117, 1241}, {127, 0, 0, 255} }},
	{{ {-1231, -95, 149}, 0, {2117, 1241}, {127, 0, 0, 255} }},
	{{ {-1231, -75, 149}, 0, {2117, 1241}, {127, 0, 0, 255} }},
	{{ {-1231, 205, 149}, 0, {2117, 1241}, {127, 0, 0, 255} }},
	{{ {-1231, 1026, 3488}, 0, {2117, -2379}, {0, 129, 0, 255} }},
	{{ {-1220, 1026, 3488}, 0, {2108, -2379}, {0, 129, 0, 255} }},
	{{ {-1220, 1026, 3504}, 0, {2108, -2379}, {0, 129, 0, 255} }},
	{{ {-1231, 1026, 3504}, 0, {2117, -2379}, {0, 129, 0, 255} }},
	{{ {-901, 1549, -884}, 0, {1854, 2064}, {0, 0, 129, 255} }},
	{{ {1434, 1549, -884}, 0, {-7, 2064}, {0, 0, 129, 255} }},
	{{ {1434, 1520, -884}, 0, {-7, 2064}, {0, 0, 129, 255} }},
	{{ {-901, 1520, -884}, 0, {1854, 2064}, {0, 0, 129, 255} }},
	{{ {1434, 1549, -884}, 0, {-7, 2064}, {127, 0, 0, 255} }},
	{{ {1434, 1549, 3304}, 0, {-7, -1272}, {127, 0, 0, 255} }},
	{{ {1434, 1520, 3304}, 0, {-7, -1272}, {127, 0, 0, 255} }},
	{{ {1434, 1520, -884}, 0, {-7, 2064}, {127, 0, 0, 255} }},
	{{ {1434, 1549, 3304}, 0, {-7, -1272}, {0, 0, 127, 255} }},
	{{ {-901, 1549, 3304}, 0, {1854, -1272}, {0, 0, 127, 255} }},
	{{ {-901, 1520, 3304}, 0, {1854, -1272}, {0, 0, 127, 255} }},
	{{ {1434, 1520, 3304}, 0, {-7, -1272}, {0, 0, 127, 255} }},
};

Gfx wf_dl_Plane_mesh_layer_1_tri_0[] = {
	gsSPVertex(wf_dl_Plane_mesh_layer_1_vtx_0 + 0, 31, 0),
	gsSP2Triangles(0, 1, 2, 0, 3, 4, 5, 0),
	gsSP2Triangles(6, 7, 8, 0, 9, 10, 11, 0),
	gsSP2Triangles(12, 13, 14, 0, 12, 14, 15, 0),
	gsSP2Triangles(16, 17, 18, 0, 16, 18, 19, 0),
	gsSP2Triangles(16, 19, 20, 0, 19, 21, 20, 0),
	gsSP2Triangles(22, 16, 20, 0, 20, 23, 22, 0),
	gsSP2Triangles(20, 24, 23, 0, 24, 25, 23, 0),
	gsSP2Triangles(23, 26, 22, 0, 27, 28, 29, 0),
	gsSP1Triangle(27, 29, 30, 0),
	gsSPVertex(wf_dl_Plane_mesh_layer_1_vtx_0 + 31, 32, 0),
	gsSP2Triangles(0, 1, 2, 0, 0, 2, 3, 0),
	gsSP2Triangles(4, 5, 6, 0, 4, 6, 7, 0),
	gsSP2Triangles(8, 9, 10, 0, 8, 10, 11, 0),
	gsSP2Triangles(12, 13, 14, 0, 12, 14, 15, 0),
	gsSP2Triangles(16, 17, 18, 0, 18, 19, 16, 0),
	gsSP2Triangles(18, 20, 19, 0, 21, 22, 23, 0),
	gsSP2Triangles(21, 23, 24, 0, 24, 23, 25, 0),
	gsSP2Triangles(24, 25, 26, 0, 24, 27, 21, 0),
	gsSP2Triangles(24, 28, 27, 0, 29, 30, 31, 0),
	gsSPVertex(wf_dl_Plane_mesh_layer_1_vtx_0 + 63, 32, 0),
	gsSP2Triangles(0, 1, 2, 0, 3, 4, 5, 0),
	gsSP2Triangles(6, 3, 5, 0, 6, 5, 7, 0),
	gsSP2Triangles(5, 8, 7, 0, 9, 10, 11, 0),
	gsSP2Triangles(9, 12, 10, 0, 9, 13, 12, 0),
	gsSP2Triangles(9, 14, 13, 0, 15, 16, 17, 0),
	gsSP2Triangles(15, 17, 18, 0, 19, 20, 21, 0),
	gsSP2Triangles(19, 21, 22, 0, 22, 21, 23, 0),
	gsSP2Triangles(22, 23, 24, 0, 25, 26, 27, 0),
	gsSP2Triangles(25, 27, 28, 0, 29, 30, 31, 0),
	gsSPVertex(wf_dl_Plane_mesh_layer_1_vtx_0 + 95, 30, 0),
	gsSP2Triangles(0, 1, 2, 0, 1, 3, 2, 0),
	gsSP2Triangles(1, 4, 3, 0, 5, 6, 7, 0),
	gsSP2Triangles(5, 7, 8, 0, 9, 10, 11, 0),
	gsSP2Triangles(9, 11, 12, 0, 9, 12, 13, 0),
	gsSP2Triangles(13, 14, 9, 0, 14, 15, 9, 0),
	gsSP2Triangles(16, 17, 18, 0, 16, 18, 19, 0),
	gsSP2Triangles(20, 21, 22, 0, 22, 23, 20, 0),
	gsSP2Triangles(22, 24, 23, 0, 23, 25, 20, 0),
	gsSP2Triangles(26, 27, 28, 0, 26, 28, 29, 0),
	gsSPVertex(wf_dl_Plane_mesh_layer_1_vtx_0 + 125, 30, 0),
	gsSP2Triangles(0, 1, 2, 0, 0, 2, 3, 0),
	gsSP2Triangles(4, 5, 6, 0, 4, 6, 7, 0),
	gsSP2Triangles(8, 9, 10, 0, 8, 10, 11, 0),
	gsSP2Triangles(12, 13, 14, 0, 12, 14, 15, 0),
	gsSP2Triangles(16, 17, 18, 0, 16, 19, 17, 0),
	gsSP2Triangles(20, 21, 22, 0, 20, 23, 21, 0),
	gsSP2Triangles(24, 23, 20, 0, 24, 25, 23, 0),
	gsSP2Triangles(26, 27, 28, 0, 26, 28, 29, 0),
	gsSPVertex(wf_dl_Plane_mesh_layer_1_vtx_0 + 155, 32, 0),
	gsSP2Triangles(0, 1, 2, 0, 0, 2, 3, 0),
	gsSP2Triangles(4, 5, 6, 0, 4, 6, 7, 0),
	gsSP2Triangles(8, 9, 10, 0, 8, 10, 11, 0),
	gsSP2Triangles(12, 13, 14, 0, 12, 14, 15, 0),
	gsSP2Triangles(16, 17, 18, 0, 16, 18, 19, 0),
	gsSP2Triangles(20, 21, 22, 0, 20, 22, 23, 0),
	gsSP2Triangles(24, 25, 26, 0, 24, 26, 27, 0),
	gsSP2Triangles(28, 24, 27, 0, 27, 29, 28, 0),
	gsSP2Triangles(27, 30, 29, 0, 27, 31, 30, 0),
	gsSPVertex(wf_dl_Plane_mesh_layer_1_vtx_0 + 187, 31, 0),
	gsSP2Triangles(0, 1, 2, 0, 3, 2, 1, 0),
	gsSP2Triangles(4, 3, 1, 0, 4, 5, 3, 0),
	gsSP2Triangles(5, 4, 6, 0, 6, 7, 8, 0),
	gsSP2Triangles(9, 10, 11, 0, 9, 11, 12, 0),
	gsSP2Triangles(13, 14, 15, 0, 13, 15, 16, 0),
	gsSP2Triangles(17, 18, 19, 0, 17, 20, 18, 0),
	gsSP2Triangles(20, 21, 18, 0, 20, 22, 21, 0),
	gsSP2Triangles(23, 24, 25, 0, 23, 25, 26, 0),
	gsSP2Triangles(27, 28, 29, 0, 27, 29, 30, 0),
	gsSPVertex(wf_dl_Plane_mesh_layer_1_vtx_0 + 218, 32, 0),
	gsSP2Triangles(0, 1, 2, 0, 0, 2, 3, 0),
	gsSP2Triangles(4, 5, 6, 0, 4, 6, 7, 0),
	gsSP2Triangles(8, 9, 10, 0, 8, 10, 11, 0),
	gsSP2Triangles(12, 13, 14, 0, 12, 14, 15, 0),
	gsSP2Triangles(16, 17, 18, 0, 16, 18, 19, 0),
	gsSP2Triangles(20, 21, 22, 0, 20, 22, 23, 0),
	gsSP2Triangles(24, 25, 26, 0, 24, 26, 27, 0),
	gsSP2Triangles(28, 29, 30, 0, 28, 30, 31, 0),
	gsSPVertex(wf_dl_Plane_mesh_layer_1_vtx_0 + 250, 4, 0),
	gsSP2Triangles(0, 1, 2, 0, 0, 2, 3, 0),
	gsSPEndDisplayList(),
};

Vtx wf_dl_Plane_mesh_layer_1_vtx_1[48] = {
	{{ {267, 1330, 3069}, 0, {496, 4346}, {0, 127, 0, 255} }},
	{{ {1177, 1330, 3069}, 0, {4812, 4346}, {0, 127, 0, 255} }},
	{{ {1177, 1330, 2643}, 0, {4812, 2323}, {0, 127, 0, 255} }},
	{{ {267, 1330, 2643}, 0, {496, 2323}, {0, 127, 0, 255} }},
	{{ {-644, 1330, 3069}, 0, {-3820, 4346}, {0, 127, 0, 255} }},
	{{ {-644, 1330, 2643}, 0, {-3820, 2323}, {0, 127, 0, 255} }},
	{{ {-664, 1360, 3144}, 0, {-3916, 4701}, {0, 127, 0, 255} }},
	{{ {-664, 1360, 2568}, 0, {-3916, 1969}, {0, 127, 0, 255} }},
	{{ {-901, 1360, 1210}, 0, {-5040, -4469}, {0, 127, 0, 255} }},
	{{ {-901, 1360, 3304}, 0, {-5040, 5461}, {0, 127, 0, 255} }},
	{{ {1434, 1360, 3304}, 0, {6032, 5461}, {0, 127, 0, 255} }},
	{{ {1197, 1360, 3144}, 0, {4908, 4701}, {0, 127, 0, 255} }},
	{{ {267, 1360, 3144}, 0, {496, 4701}, {0, 127, 0, 255} }},
	{{ {1192, 1360, 3304}, 0, {4886, 5461}, {0, 127, 0, 255} }},
	{{ {267, 1360, 3304}, 0, {496, 5461}, {0, 127, 0, 255} }},
	{{ {1197, 1360, 2568}, 0, {4908, 1969}, {0, 127, 0, 255} }},
	{{ {1197, 1360, 3144}, 0, {4908, 4701}, {0, 127, 0, 255} }},
	{{ {1434, 1360, 1210}, 0, {6032, -4469}, {0, 127, 0, 255} }},
	{{ {267, 1360, 3144}, 0, {496, 4701}, {0, 127, 0, 255} }},
	{{ {-664, 1360, 3144}, 0, {-3916, 4701}, {0, 127, 0, 255} }},
	{{ {267, 1360, 2568}, 0, {496, 1969}, {0, 127, 0, 255} }},
	{{ {1197, 1360, 2568}, 0, {4908, 1969}, {0, 127, 0, 255} }},
	{{ {267, 1360, 1210}, 0, {496, -4469}, {0, 127, 0, 255} }},
	{{ {-664, 1360, 2568}, 0, {-3916, 1969}, {0, 127, 0, 255} }},
	{{ {267, 1360, 2568}, 0, {496, 1969}, {0, 127, 0, 255} }},
	{{ {-644, 1330, 3069}, 0, {-3785, 4346}, {105, 71, 0, 255} }},
	{{ {-644, 1330, 2643}, 0, {-3785, 2323}, {105, 71, 0, 255} }},
	{{ {-664, 1360, 2568}, 0, {-3916, 1969}, {105, 71, 0, 255} }},
	{{ {-664, 1360, 3144}, 0, {-3916, 4701}, {105, 71, 0, 255} }},
	{{ {1177, 1330, 3069}, 0, {4812, 4346}, {0, 118, 209, 255} }},
	{{ {267, 1360, 3144}, 0, {496, 4701}, {0, 118, 209, 255} }},
	{{ {1197, 1360, 3144}, 0, {4908, 4701}, {0, 118, 209, 255} }},
	{{ {1177, 1330, 3069}, 0, {4812, 4346}, {0, 118, 209, 255} }},
	{{ {267, 1330, 3069}, 0, {496, 4346}, {0, 118, 209, 255} }},
	{{ {267, 1360, 3144}, 0, {496, 4701}, {0, 118, 209, 255} }},
	{{ {-664, 1360, 3144}, 0, {-3916, 4701}, {0, 118, 209, 255} }},
	{{ {-644, 1330, 3069}, 0, {-3820, 4346}, {0, 118, 209, 255} }},
	{{ {1177, 1330, 2643}, 0, {4777, 2323}, {151, 71, 0, 255} }},
	{{ {1177, 1330, 3069}, 0, {4777, 4346}, {151, 71, 0, 255} }},
	{{ {1197, 1360, 3144}, 0, {4908, 4701}, {151, 71, 0, 255} }},
	{{ {1197, 1360, 2568}, 0, {4908, 1969}, {151, 71, 0, 255} }},
	{{ {267, 1330, 2643}, 0, {496, 2324}, {0, 118, 47, 255} }},
	{{ {1177, 1330, 2643}, 0, {4812, 2324}, {0, 118, 47, 255} }},
	{{ {1197, 1360, 2568}, 0, {4908, 1969}, {0, 118, 47, 255} }},
	{{ {267, 1360, 2568}, 0, {496, 1969}, {0, 118, 47, 255} }},
	{{ {-644, 1330, 2643}, 0, {-3820, 2324}, {0, 118, 47, 255} }},
	{{ {267, 1330, 2643}, 0, {496, 2324}, {0, 118, 47, 255} }},
	{{ {-664, 1360, 2568}, 0, {-3916, 1969}, {0, 118, 47, 255} }},
};

Gfx wf_dl_Plane_mesh_layer_1_tri_1[] = {
	gsSPVertex(wf_dl_Plane_mesh_layer_1_vtx_1 + 0, 32, 0),
	gsSP2Triangles(0, 1, 2, 0, 0, 2, 3, 0),
	gsSP2Triangles(0, 3, 4, 0, 3, 5, 4, 0),
	gsSP2Triangles(6, 7, 8, 0, 6, 8, 9, 0),
	gsSP2Triangles(10, 11, 12, 0, 12, 13, 10, 0),
	gsSP2Triangles(12, 14, 13, 0, 15, 16, 10, 0),
	gsSP2Triangles(15, 10, 17, 0, 18, 19, 9, 0),
	gsSP2Triangles(18, 9, 14, 0, 20, 21, 17, 0),
	gsSP2Triangles(20, 17, 22, 0, 23, 24, 22, 0),
	gsSP2Triangles(23, 22, 8, 0, 25, 26, 27, 0),
	gsSP2Triangles(25, 27, 28, 0, 29, 30, 31, 0),
	gsSPVertex(wf_dl_Plane_mesh_layer_1_vtx_1 + 32, 16, 0),
	gsSP2Triangles(0, 1, 2, 0, 1, 3, 2, 0),
	gsSP2Triangles(1, 4, 3, 0, 5, 6, 7, 0),
	gsSP2Triangles(5, 7, 8, 0, 9, 10, 11, 0),
	gsSP2Triangles(9, 11, 12, 0, 13, 14, 12, 0),
	gsSP1Triangle(13, 12, 15, 0),
	gsSPEndDisplayList(),
};

Vtx wf_dl_Plane_mesh_layer_1_vtx_2[90] = {
	{{ {267, 1927, 1278}, 0, {496, -1446}, {0, 112, 60, 255} }},
	{{ {46, 1927, 1278}, 0, {-664, -1446}, {0, 112, 60, 255} }},
	{{ {46, 1520, 2041}, 0, {-664, 2566}, {0, 112, 60, 255} }},
	{{ {267, 1520, 2041}, 0, {496, 2566}, {0, 112, 60, 255} }},
	{{ {487, 1927, 1278}, 0, {1656, -1446}, {0, 112, 60, 255} }},
	{{ {487, 1520, 2041}, 0, {1656, 2566}, {0, 112, 60, 255} }},
	{{ {1624, 1171, 2118}, 0, {902, 90}, {127, 0, 0, 255} }},
	{{ {1624, 1224, 2048}, 0, {1022, -1}, {127, 0, 0, 255} }},
	{{ {1624, 1394, 2342}, 0, {518, -291}, {127, 0, 0, 255} }},
	{{ {1624, 1228, 2659}, 0, {-23, -8}, {127, 0, 0, 255} }},
	{{ {1624, 1312, 2531}, 0, {195, -152}, {127, 0, 0, 255} }},
	{{ {1624, 1171, 2578}, 0, {114, 90}, {127, 0, 0, 255} }},
	{{ {1624, 1171, 2578}, 0, {114, 90}, {127, 0, 0, 255} }},
	{{ {1624, 1228, 2659}, 0, {-23, -8}, {127, 0, 0, 255} }},
	{{ {1624, 1157, 2752}, 0, {-183, 115}, {127, 0, 0, 255} }},
	{{ {1624, 937, 2578}, 0, {114, 489}, {127, 0, 0, 255} }},
	{{ {1624, 651, 2361}, 0, {486, 978}, {127, 0, 0, 255} }},
	{{ {1624, 878, 2755}, 0, {-187, 591}, {127, 0, 0, 255} }},
	{{ {1624, 855, 1957}, 0, {1177, 630}, {127, 0, 0, 255} }},
	{{ {1624, 937, 2118}, 0, {902, 489}, {127, 0, 0, 255} }},
	{{ {1624, 1224, 2048}, 0, {1022, -1}, {127, 0, 0, 255} }},
	{{ {1624, 1171, 1956}, 0, {1179, 90}, {127, 0, 0, 255} }},
	{{ {1624, 1171, 2118}, 0, {902, 90}, {127, 0, 0, 255} }},
	{{ {679, 2063, 1076}, 0, {2664, -2571}, {0, 112, 60, 255} }},
	{{ {679, 1442, 2243}, 0, {2664, 3563}, {0, 112, 60, 255} }},
	{{ {850, 1361, 2394}, 0, {3564, 4357}, {0, 112, 60, 255} }},
	{{ {850, 2144, 925}, 0, {3564, -3365}, {0, 112, 60, 255} }},
	{{ {-146, 1442, 2243}, 0, {-1672, 3563}, {0, 112, 60, 255} }},
	{{ {-317, 2144, 925}, 0, {-2572, -3365}, {0, 112, 60, 255} }},
	{{ {-317, 1361, 2394}, 0, {-2572, 4357}, {0, 112, 60, 255} }},
	{{ {-146, 2063, 1076}, 0, {-1672, -2571}, {0, 112, 60, 255} }},
	{{ {267, 2144, 925}, 0, {496, -3365}, {0, 112, 60, 255} }},
	{{ {-146, 2063, 1076}, 0, {-1672, -2571}, {0, 112, 60, 255} }},
	{{ {267, 2063, 1076}, 0, {496, -2571}, {0, 112, 60, 255} }},
	{{ {267, 2144, 925}, 0, {496, -3365}, {0, 112, 60, 255} }},
	{{ {850, 2144, 925}, 0, {3564, -3365}, {0, 112, 60, 255} }},
	{{ {679, 2063, 1076}, 0, {2664, -2571}, {0, 112, 60, 255} }},
	{{ {267, 1442, 2243}, 0, {496, 3563}, {0, 112, 60, 255} }},
	{{ {-146, 1442, 2243}, 0, {-1672, 3563}, {0, 112, 60, 255} }},
	{{ {-317, 1361, 2394}, 0, {-2572, 4357}, {0, 112, 60, 255} }},
	{{ {267, 1361, 2394}, 0, {496, 4357}, {0, 112, 60, 255} }},
	{{ {679, 1442, 2243}, 0, {2664, 3563}, {0, 112, 60, 255} }},
	{{ {267, 1442, 2243}, 0, {496, 3563}, {0, 112, 60, 255} }},
	{{ {850, 1361, 2394}, 0, {3564, 4357}, {0, 112, 60, 255} }},
	{{ {593, 1975, 1154}, 0, {2214, -2060}, {200, 101, 54, 255} }},
	{{ {593, 1436, 2166}, 0, {2214, 3259}, {200, 101, 54, 255} }},
	{{ {679, 1442, 2243}, 0, {2664, 3563}, {200, 101, 54, 255} }},
	{{ {679, 2063, 1076}, 0, {2664, -2571}, {200, 101, 54, 255} }},
	{{ {-60, 1436, 2166}, 0, {-1222, 3259}, {56, 101, 54, 255} }},
	{{ {-60, 1975, 1154}, 0, {-1222, -2060}, {56, 101, 54, 255} }},
	{{ {-146, 2063, 1076}, 0, {-1672, -2571}, {56, 101, 54, 255} }},
	{{ {-146, 1442, 2243}, 0, {-1672, 3563}, {56, 101, 54, 255} }},
	{{ {-60, 1975, 1154}, 0, {-1219, -2062}, {0, 84, 96, 255} }},
	{{ {267, 2063, 1076}, 0, {496, -2571}, {0, 84, 96, 255} }},
	{{ {-146, 2063, 1076}, 0, {-1672, -2571}, {0, 84, 96, 255} }},
	{{ {267, 1975, 1154}, 0, {496, -2062}, {0, 84, 96, 255} }},
	{{ {679, 2063, 1076}, 0, {2664, -2571}, {0, 84, 96, 255} }},
	{{ {593, 1975, 1154}, 0, {2211, -2062}, {0, 84, 96, 255} }},
	{{ {267, 1436, 2166}, 0, {496, 3265}, {0, 127, 246, 255} }},
	{{ {-60, 1436, 2166}, 0, {-1219, 3265}, {0, 127, 246, 255} }},
	{{ {-146, 1442, 2243}, 0, {-1672, 3563}, {0, 127, 246, 255} }},
	{{ {267, 1442, 2243}, 0, {496, 3563}, {0, 127, 246, 255} }},
	{{ {593, 1436, 2166}, 0, {2211, 3265}, {0, 127, 246, 255} }},
	{{ {267, 1436, 2166}, 0, {496, 3265}, {0, 127, 246, 255} }},
	{{ {593, 1436, 2166}, 0, {2211, 3265}, {0, 127, 246, 255} }},
	{{ {267, 1442, 2243}, 0, {496, 3563}, {0, 127, 246, 255} }},
	{{ {679, 1442, 2243}, 0, {2664, 3563}, {0, 127, 246, 255} }},
	{{ {487, 1927, 1278}, 0, {1654, -1446}, {19, 111, 59, 255} }},
	{{ {487, 1520, 2041}, 0, {1654, 2566}, {19, 111, 59, 255} }},
	{{ {593, 1436, 2166}, 0, {2211, 3259}, {19, 111, 59, 255} }},
	{{ {593, 1975, 1154}, 0, {2211, -2060}, {19, 111, 59, 255} }},
	{{ {46, 1520, 2041}, 0, {-662, 2566}, {237, 111, 59, 255} }},
	{{ {46, 1927, 1278}, 0, {-662, -1446}, {237, 111, 59, 255} }},
	{{ {-60, 1975, 1154}, 0, {-1219, -2060}, {237, 111, 59, 255} }},
	{{ {-60, 1436, 2166}, 0, {-1219, 3259}, {237, 111, 59, 255} }},
	{{ {46, 1927, 1278}, 0, {-664, -1445}, {0, 118, 46, 255} }},
	{{ {267, 1927, 1278}, 0, {496, -1445}, {0, 118, 46, 255} }},
	{{ {267, 1975, 1154}, 0, {496, -2060}, {0, 118, 46, 255} }},
	{{ {-60, 1975, 1154}, 0, {-1219, -2060}, {0, 118, 46, 255} }},
	{{ {267, 1520, 2041}, 0, {496, 2565}, {0, 105, 71, 255} }},
	{{ {46, 1520, 2041}, 0, {-664, 2565}, {0, 105, 71, 255} }},
	{{ {-60, 1436, 2166}, 0, {-1219, 3259}, {0, 105, 71, 255} }},
	{{ {267, 1436, 2166}, 0, {496, 3259}, {0, 105, 71, 255} }},
	{{ {267, 1927, 1278}, 0, {496, -1445}, {0, 118, 46, 255} }},
	{{ {487, 1927, 1278}, 0, {1656, -1445}, {0, 118, 46, 255} }},
	{{ {593, 1975, 1154}, 0, {2211, -2060}, {0, 118, 46, 255} }},
	{{ {487, 1520, 2041}, 0, {1656, 2565}, {0, 105, 71, 255} }},
	{{ {267, 1520, 2041}, 0, {496, 2565}, {0, 105, 71, 255} }},
	{{ {267, 1436, 2166}, 0, {496, 3259}, {0, 105, 71, 255} }},
	{{ {593, 1436, 2166}, 0, {2211, 3259}, {0, 105, 71, 255} }},
};

Gfx wf_dl_Plane_mesh_layer_1_tri_2[] = {
	gsSPVertex(wf_dl_Plane_mesh_layer_1_vtx_2 + 0, 32, 0),
	gsSP2Triangles(0, 1, 2, 0, 0, 2, 3, 0),
	gsSP2Triangles(3, 4, 0, 0, 3, 5, 4, 0),
	gsSP2Triangles(6, 7, 8, 0, 8, 9, 6, 0),
	gsSP2Triangles(8, 10, 9, 0, 9, 11, 6, 0),
	gsSP2Triangles(12, 13, 14, 0, 15, 12, 14, 0),
	gsSP2Triangles(15, 14, 16, 0, 14, 17, 16, 0),
	gsSP2Triangles(16, 18, 15, 0, 18, 19, 15, 0),
	gsSP2Triangles(18, 20, 19, 0, 18, 21, 20, 0),
	gsSP2Triangles(20, 22, 19, 0, 23, 24, 25, 0),
	gsSP2Triangles(23, 25, 26, 0, 27, 28, 29, 0),
	gsSP2Triangles(27, 30, 28, 0, 30, 31, 28, 0),
	gsSPVertex(wf_dl_Plane_mesh_layer_1_vtx_2 + 32, 32, 0),
	gsSP2Triangles(0, 1, 2, 0, 1, 3, 2, 0),
	gsSP2Triangles(1, 4, 3, 0, 5, 6, 7, 0),
	gsSP2Triangles(5, 7, 8, 0, 9, 10, 8, 0),
	gsSP2Triangles(9, 8, 11, 0, 12, 13, 14, 0),
	gsSP2Triangles(12, 14, 15, 0, 16, 17, 18, 0),
	gsSP2Triangles(16, 18, 19, 0, 20, 21, 22, 0),
	gsSP2Triangles(20, 23, 21, 0, 23, 24, 21, 0),
	gsSP2Triangles(23, 25, 24, 0, 26, 27, 28, 0),
	gsSP2Triangles(26, 28, 29, 0, 30, 31, 29, 0),
	gsSPVertex(wf_dl_Plane_mesh_layer_1_vtx_2 + 64, 26, 0),
	gsSP2Triangles(0, 1, 2, 0, 3, 4, 5, 0),
	gsSP2Triangles(3, 5, 6, 0, 7, 8, 9, 0),
	gsSP2Triangles(7, 9, 10, 0, 11, 12, 13, 0),
	gsSP2Triangles(11, 13, 14, 0, 15, 16, 17, 0),
	gsSP2Triangles(15, 17, 18, 0, 19, 20, 21, 0),
	gsSP2Triangles(19, 21, 13, 0, 22, 23, 24, 0),
	gsSP1Triangle(22, 24, 25, 0),
	gsSPEndDisplayList(),
};

Vtx wf_dl_Plane_mesh_layer_1_vtx_3[74] = {
	{{ {1624, -341, 3488}, 0, {-158, -1419}, {0, 129, 0, 255} }},
	{{ {-1085, -341, 3488}, 0, {2000, -1419}, {0, 129, 0, 255} }},
	{{ {-1085, -341, -1068}, 0, {2000, 2211}, {0, 129, 0, 255} }},
	{{ {2744, -341, 1699}, 0, {-1050, 6}, {0, 129, 0, 255} }},
	{{ {2744, -341, 208}, 0, {-1050, 1194}, {0, 129, 0, 255} }},
	{{ {1894, -341, 3488}, 0, {-373, -1419}, {0, 129, 0, 255} }},
	{{ {1999, -341, 3488}, 0, {-456, -1419}, {0, 129, 0, 255} }},
	{{ {2276, -341, 3488}, 0, {-677, -1419}, {0, 129, 0, 255} }},
	{{ {2385, -341, 3488}, 0, {-764, -1419}, {0, 129, 0, 255} }},
	{{ {3471, -341, 3488}, 0, {-1629, -1419}, {0, 129, 0, 255} }},
	{{ {3471, -341, 1699}, 0, {-1629, 6}, {0, 129, 0, 255} }},
	{{ {2245, 981, 1212}, 0, {340, -202}, {0, 99, 79, 255} }},
	{{ {2245, 1407, 675}, 0, {341, 1162}, {0, 99, 79, 255} }},
	{{ {2123, 1407, 675}, 0, {651, 1162}, {0, 99, 79, 255} }},
	{{ {2123, 981, 1212}, 0, {651, -202}, {0, 99, 79, 255} }},
	{{ {2743, -71, 310}, 0, {-121, -3264}, {127, 0, 0, 255} }},
	{{ {2743, 382, 187}, 0, {-219, -2904}, {127, 0, 0, 255} }},
	{{ {2743, 758, 262}, 0, {-160, -2604}, {127, 0, 0, 255} }},
	{{ {2743, 1442, 281}, 0, {-144, -2059}, {127, 0, 0, 255} }},
	{{ {2743, 1192, 112}, 0, {-279, -2258}, {127, 0, 0, 255} }},
	{{ {2744, -341, 1699}, 0, {986, -3480}, {127, 0, 0, 255} }},
	{{ {2744, 530, 1699}, 0, {986, -2786}, {127, 0, 0, 255} }},
	{{ {2743, 1730, 187}, 0, {-219, -1829}, {127, 0, 0, 255} }},
	{{ {2743, -341, 231}, 0, {-184, -3480}, {127, 0, 0, 255} }},
	{{ {2743, -341, 187}, 0, {-219, -3480}, {127, 0, 0, 255} }},
	{{ {2744, -341, -1068}, 0, {-1219, -3480}, {127, 0, 0, 255} }},
	{{ {1789, 736, 1506}, 0, {1498, -528}, {0, 87, 93, 255} }},
	{{ {1624, 530, 1699}, 0, {1917, -1029}, {0, 87, 93, 255} }},
	{{ {2744, 530, 1699}, 0, {-926, -1029}, {0, 87, 93, 255} }},
	{{ {2578, 736, 1506}, 0, {-507, -528}, {0, 87, 93, 255} }},
	{{ {2578, 1700, 292}, 0, {-506, 2201}, {0, 122, 36, 255} }},
	{{ {2743, 1730, 187}, 0, {-925, 2417}, {0, 122, 36, 255} }},
	{{ {1624, 1730, 187}, 0, {1918, 2416}, {0, 122, 36, 255} }},
	{{ {1789, 1700, 292}, 0, {1499, 2201}, {0, 122, 36, 255} }},
	{{ {2578, 736, 1506}, 0, {-531, -923}, {31, 97, 77, 255} }},
	{{ {2744, 530, 1699}, 0, {-926, -1424}, {31, 97, 77, 255} }},
	{{ {2743, 1730, 187}, 0, {-925, 2417}, {31, 97, 77, 255} }},
	{{ {2578, 1700, 292}, 0, {-530, 2161}, {31, 97, 77, 255} }},
	{{ {1789, 1700, 292}, 0, {1523, 2161}, {225, 97, 77, 255} }},
	{{ {1624, 1730, 187}, 0, {1918, 2416}, {225, 97, 77, 255} }},
	{{ {1624, 530, 1699}, 0, {1917, -1425}, {225, 97, 77, 255} }},
	{{ {1789, 736, 1506}, 0, {1523, -924}, {225, 97, 77, 255} }},
	{{ {2380, 793, 1351}, 0, {-4, -609}, {0, 119, 44, 255} }},
	{{ {1987, 793, 1351}, 0, {995, -609}, {0, 119, 44, 255} }},
	{{ {1789, 736, 1506}, 0, {1498, -922}, {0, 119, 44, 255} }},
	{{ {2578, 736, 1506}, 0, {-507, -921}, {0, 119, 44, 255} }},
	{{ {1987, 1511, 447}, 0, {996, 1617}, {0, 81, 98, 255} }},
	{{ {2380, 1511, 447}, 0, {-3, 1617}, {0, 81, 98, 255} }},
	{{ {2578, 1700, 292}, 0, {-506, 2092}, {0, 81, 98, 255} }},
	{{ {1789, 1700, 292}, 0, {1498, 2092}, {0, 81, 98, 255} }},
	{{ {2380, 1511, 447}, 0, {25, 1646}, {224, 96, 76, 255} }},
	{{ {2380, 793, 1351}, 0, {25, -651}, {224, 96, 76, 255} }},
	{{ {2578, 736, 1506}, 0, {-478, -963}, {224, 96, 76, 255} }},
	{{ {2578, 1700, 292}, 0, {-478, 2121}, {224, 96, 76, 255} }},
	{{ {1987, 793, 1351}, 0, {967, -651}, {32, 96, 76, 255} }},
	{{ {1987, 1511, 447}, 0, {967, 1646}, {32, 96, 76, 255} }},
	{{ {1789, 1700, 292}, 0, {1470, 2121}, {32, 96, 76, 255} }},
	{{ {1789, 736, 1506}, 0, {1470, -963}, {32, 96, 76, 255} }},
	{{ {2245, 981, 1212}, 0, {340, -202}, {0, 76, 102, 255} }},
	{{ {2123, 981, 1212}, 0, {651, -202}, {0, 76, 102, 255} }},
	{{ {1987, 793, 1351}, 0, {995, -638}, {0, 76, 102, 255} }},
	{{ {2380, 793, 1351}, 0, {-4, -638}, {0, 76, 102, 255} }},
	{{ {2123, 1407, 675}, 0, {651, 1162}, {0, 116, 53, 255} }},
	{{ {2245, 1407, 675}, 0, {341, 1162}, {0, 116, 53, 255} }},
	{{ {2380, 1511, 447}, 0, {-3, 1580}, {0, 116, 53, 255} }},
	{{ {1987, 1511, 447}, 0, {995, 1580}, {0, 116, 53, 255} }},
	{{ {2245, 1407, 675}, 0, {341, 1162}, {52, 91, 72, 255} }},
	{{ {2245, 981, 1212}, 0, {340, -202}, {52, 91, 72, 255} }},
	{{ {2380, 793, 1351}, 0, {9, -651}, {52, 91, 72, 255} }},
	{{ {2380, 1511, 447}, 0, {10, 1646}, {52, 91, 72, 255} }},
	{{ {2123, 981, 1212}, 0, {651, -202}, {204, 91, 72, 255} }},
	{{ {2123, 1407, 675}, 0, {651, 1162}, {204, 91, 72, 255} }},
	{{ {1987, 1511, 447}, 0, {983, 1646}, {204, 91, 72, 255} }},
	{{ {1987, 793, 1351}, 0, {982, -651}, {204, 91, 72, 255} }},
};

Gfx wf_dl_Plane_mesh_layer_1_tri_3[] = {
	gsSPVertex(wf_dl_Plane_mesh_layer_1_vtx_3 + 0, 30, 0),
	gsSP2Triangles(0, 1, 2, 0, 0, 2, 3, 0),
	gsSP2Triangles(2, 4, 3, 0, 5, 0, 3, 0),
	gsSP2Triangles(6, 5, 3, 0, 3, 7, 6, 0),
	gsSP2Triangles(3, 8, 7, 0, 3, 9, 8, 0),
	gsSP2Triangles(3, 10, 9, 0, 11, 12, 13, 0),
	gsSP2Triangles(11, 13, 14, 0, 15, 16, 17, 0),
	gsSP2Triangles(15, 17, 18, 0, 17, 19, 18, 0),
	gsSP2Triangles(15, 18, 20, 0, 18, 21, 20, 0),
	gsSP2Triangles(18, 22, 21, 0, 23, 15, 20, 0),
	gsSP2Triangles(23, 20, 24, 0, 24, 25, 23, 0),
	gsSP2Triangles(26, 27, 28, 0, 26, 28, 29, 0),
	gsSPVertex(wf_dl_Plane_mesh_layer_1_vtx_3 + 30, 32, 0),
	gsSP2Triangles(0, 1, 2, 0, 0, 2, 3, 0),
	gsSP2Triangles(4, 5, 6, 0, 4, 6, 7, 0),
	gsSP2Triangles(8, 9, 10, 0, 8, 10, 11, 0),
	gsSP2Triangles(12, 13, 14, 0, 12, 14, 15, 0),
	gsSP2Triangles(16, 17, 18, 0, 16, 18, 19, 0),
	gsSP2Triangles(20, 21, 22, 0, 20, 22, 23, 0),
	gsSP2Triangles(24, 25, 26, 0, 24, 26, 27, 0),
	gsSP2Triangles(28, 29, 30, 0, 28, 30, 31, 0),
	gsSPVertex(wf_dl_Plane_mesh_layer_1_vtx_3 + 62, 12, 0),
	gsSP2Triangles(0, 1, 2, 0, 0, 2, 3, 0),
	gsSP2Triangles(4, 5, 6, 0, 4, 6, 7, 0),
	gsSP2Triangles(8, 9, 10, 0, 8, 10, 11, 0),
	gsSPEndDisplayList(),
};

Vtx wf_dl_Plane_mesh_layer_1_vtx_4[296] = {
	{{ {-1798, 1955, 475}, 0, {1937, -5231}, {158, 81, 0, 255} }},
	{{ {-1519, 2290, 686}, 0, {2454, -4733}, {158, 81, 0, 255} }},
	{{ {-1798, 1955, 411}, 0, {1778, -5231}, {158, 81, 0, 255} }},
	{{ {-1396, 1955, 346}, 0, {3387, -186}, {0, 91, 167, 255} }},
	{{ {-1517, 2290, 685}, 0, {3685, -692}, {0, 91, 167, 255} }},
	{{ {-1516, 2290, 685}, 0, {3683, -692}, {0, 91, 167, 255} }},
	{{ {-1259, 1955, 346}, 0, {3052, -186}, {0, 91, 167, 255} }},
	{{ {-1396, 1955, 1096}, 0, {3386, -1304}, {0, 98, 81, 255} }},
	{{ {-1517, 2290, 689}, 0, {3685, -697}, {0, 98, 81, 255} }},
	{{ {-1518, 2290, 689}, 0, {3687, -697}, {0, 98, 81, 255} }},
	{{ {-1597, 1955, 1096}, 0, {3880, -1304}, {0, 98, 81, 255} }},
	{{ {-1519, 2290, 689}, 0, {3689, -697}, {0, 98, 81, 255} }},
	{{ {-1797, 1955, 1096}, 0, {4373, -1304}, {0, 98, 81, 255} }},
	{{ {-1516, 2290, 686}, 0, {3683, -693}, {0, 127, 0, 255} }},
	{{ {-1516, 2290, 685}, 0, {3683, -692}, {0, 127, 0, 255} }},
	{{ {-1517, 2290, 685}, 0, {3685, -692}, {0, 127, 0, 255} }},
	{{ {-1519, 2290, 686}, 0, {3689, -693}, {0, 127, 0, 255} }},
	{{ {-1519, 2290, 685}, 0, {3689, -692}, {0, 127, 0, 255} }},
	{{ {-1517, 2290, 689}, 0, {3685, -697}, {0, 127, 0, 255} }},
	{{ {-1518, 2290, 689}, 0, {3687, -697}, {0, 127, 0, 255} }},
	{{ {-1519, 2290, 689}, 0, {3689, -697}, {0, 127, 0, 255} }},
	{{ {-1516, 2290, 689}, 0, {3683, -697}, {0, 127, 0, 255} }},
	{{ {-1797, 1955, 1096}, 0, {3461, -5232}, {158, 81, 0, 255} }},
	{{ {-1519, 2290, 689}, 0, {2461, -4733}, {158, 81, 0, 255} }},
	{{ {-1519, 2290, 686}, 0, {2455, -4733}, {158, 81, 0, 255} }},
	{{ {-1798, 1955, 475}, 0, {1937, -5231}, {158, 81, 0, 255} }},
	{{ {-1259, 1955, 346}, 0, {1619, -5231}, {101, 77, 0, 255} }},
	{{ {-1516, 2290, 685}, 0, {2453, -4733}, {101, 77, 0, 255} }},
	{{ {-1516, 2290, 686}, 0, {2455, -4733}, {101, 77, 0, 255} }},
	{{ {-1259, 1955, 475}, 0, {1936, -5231}, {101, 77, 0, 255} }},
	{{ {-1259, 1955, 1096}, 0, {3052, -1304}, {0, 98, 81, 255} }},
	{{ {-1516, 2290, 689}, 0, {3683, -697}, {0, 98, 81, 255} }},
	{{ {-1517, 2290, 689}, 0, {3685, -697}, {0, 98, 81, 255} }},
	{{ {-1396, 1955, 1096}, 0, {3386, -1304}, {0, 98, 81, 255} }},
	{{ {-1798, 1955, 346}, 0, {4373, -186}, {0, 90, 167, 255} }},
	{{ {-1519, 2290, 685}, 0, {3689, -692}, {0, 90, 167, 255} }},
	{{ {-1517, 2290, 685}, 0, {3685, -692}, {0, 90, 167, 255} }},
	{{ {-1396, 1955, 346}, 0, {3387, -186}, {0, 90, 167, 255} }},
	{{ {-1259, 1955, 475}, 0, {1936, -5231}, {101, 77, 0, 255} }},
	{{ {-1516, 2290, 686}, 0, {2455, -4733}, {101, 77, 0, 255} }},
	{{ {-1516, 2290, 689}, 0, {2461, -4733}, {101, 77, 0, 255} }},
	{{ {-1259, 1955, 1096}, 0, {3460, -5232}, {101, 77, 0, 255} }},
	{{ {-1798, 1955, 411}, 0, {1778, -5231}, {158, 81, 0, 255} }},
	{{ {-1519, 2290, 686}, 0, {2454, -4733}, {158, 81, 0, 255} }},
	{{ {-1519, 2290, 685}, 0, {2453, -4733}, {158, 81, 0, 255} }},
	{{ {-1798, 1955, 346}, 0, {1620, -5231}, {158, 81, 0, 255} }},
	{{ {488, 5755, -564}, 0, {2356, 3134}, {1, 0, 127, 255} }},
	{{ {145, 5886, -560}, 0, {3582, 3602}, {1, 0, 127, 255} }},
	{{ {145, 5755, -560}, 0, {3582, 3134}, {1, 0, 127, 255} }},
	{{ {488, 5886, -564}, 0, {2356, 3602}, {1, 0, 127, 255} }},
	{{ {145, 6043, -560}, 0, {3582, 4164}, {1, 0, 127, 255} }},
	{{ {488, 6043, -564}, 0, {2356, 4164}, {1, 0, 127, 255} }},
	{{ {30, 5755, 573}, 0, {3995, 3134}, {176, 0, 98, 255} }},
	{{ {30, 5886, 573}, 0, {3995, 3602}, {176, 0, 98, 255} }},
	{{ {-369, 5886, 247}, 0, {5419, 3602}, {176, 0, 98, 255} }},
	{{ {-369, 5755, 247}, 0, {5419, 3134}, {176, 0, 98, 255} }},
	{{ {145, 5755, -560}, 0, {3582, 3134}, {79, 0, 100, 255} }},
	{{ {145, 5886, -560}, 0, {3582, 3602}, {79, 0, 100, 255} }},
	{{ {-170, 5886, -312}, 0, {4709, 3602}, {79, 0, 100, 255} }},
	{{ {-170, 5755, -312}, 0, {4709, 3134}, {79, 0, 100, 255} }},
	{{ {-170, 5755, -312}, 0, {-3765, 3134}, {127, 0, 0, 255} }},
	{{ {-170, 5886, 153}, 0, {-2104, 3602}, {127, 0, 0, 255} }},
	{{ {-170, 5755, 153}, 0, {-2104, 3134}, {127, 0, 0, 255} }},
	{{ {-170, 5886, -312}, 0, {-3765, 3602}, {127, 0, 0, 255} }},
	{{ {-170, 6043, 153}, 0, {-2104, 4164}, {127, 0, 0, 255} }},
	{{ {-170, 6043, -312}, 0, {-3765, 4164}, {127, 0, 0, 255} }},
	{{ {-369, 5755, -408}, 0, {5419, 3134}, {177, 0, 156, 255} }},
	{{ {-369, 5886, -408}, 0, {5419, 3602}, {177, 0, 156, 255} }},
	{{ {75, 5886, -758}, 0, {3832, 3602}, {177, 0, 156, 255} }},
	{{ {75, 5755, -758}, 0, {3832, 3134}, {177, 0, 156, 255} }},
	{{ {748, 5755, -322}, 0, {1427, 3134}, {169, 0, 93, 255} }},
	{{ {748, 5886, -322}, 0, {1427, 3602}, {169, 0, 93, 255} }},
	{{ {488, 5886, -564}, 0, {2356, 3602}, {169, 0, 93, 255} }},
	{{ {488, 5755, -564}, 0, {2356, 3134}, {169, 0, 93, 255} }},
	{{ {946, 5886, 247}, 0, {717, 3602}, {205, 0, 116, 255} }},
	{{ {946, 6043, 247}, 0, {717, 4164}, {205, 0, 116, 255} }},
	{{ {748, 6043, 159}, 0, {1427, 4164}, {205, 0, 116, 255} }},
	{{ {748, 5886, 159}, 0, {1427, 3602}, {205, 0, 116, 255} }},
	{{ {748, 5886, 159}, 0, {-2080, 3602}, {129, 0, 0, 255} }},
	{{ {748, 6043, 159}, 0, {-2080, 4164}, {129, 0, 0, 255} }},
	{{ {748, 6043, -322}, 0, {-3801, 4164}, {129, 0, 0, 255} }},
	{{ {748, 5886, -322}, 0, {-3801, 3602}, {129, 0, 0, 255} }},
	{{ {748, 5755, 159}, 0, {-2080, 3134}, {129, 0, 0, 255} }},
	{{ {748, 5755, -322}, 0, {-3801, 3134}, {129, 0, 0, 255} }},
	{{ {514, 5886, 374}, 0, {-1313, 3602}, {118, 0, 210, 255} }},
	{{ {514, 6043, 374}, 0, {-1313, 4164}, {118, 0, 210, 255} }},
	{{ {592, 6043, 573}, 0, {-602, 4164}, {118, 0, 210, 255} }},
	{{ {592, 5886, 573}, 0, {-602, 3602}, {118, 0, 210, 255} }},
	{{ {947, 5886, -408}, 0, {-4110, 3602}, {127, 0, 0, 255} }},
	{{ {947, 6043, -408}, 0, {-4110, 4164}, {127, 0, 0, 255} }},
	{{ {946, 6043, 247}, 0, {-1768, 4164}, {127, 0, 0, 255} }},
	{{ {946, 5886, 247}, 0, {-1768, 3602}, {127, 0, 0, 255} }},
	{{ {947, 5755, -408}, 0, {-4110, 3134}, {127, 0, 0, 255} }},
	{{ {947, 5886, -408}, 0, {-4110, 3602}, {127, 0, 0, 255} }},
	{{ {946, 5886, 247}, 0, {-1768, 3602}, {127, 0, 0, 255} }},
	{{ {946, 5755, 247}, 0, {-1768, 3134}, {127, 0, 0, 255} }},
	{{ {-170, 5755, 153}, 0, {4709, 3134}, {80, 0, 158, 255} }},
	{{ {-170, 5886, 153}, 0, {4709, 3602}, {80, 0, 158, 255} }},
	{{ {100, 5886, 374}, 0, {3741, 3602}, {80, 0, 158, 255} }},
	{{ {100, 5755, 374}, 0, {3741, 3134}, {80, 0, 158, 255} }},
	{{ {946, 5755, 247}, 0, {717, 3134}, {86, 0, 94, 255} }},
	{{ {946, 5886, 247}, 0, {717, 3602}, {86, 0, 94, 255} }},
	{{ {592, 5886, 573}, 0, {1985, 3602}, {86, 0, 94, 255} }},
	{{ {592, 5755, 573}, 0, {1985, 3134}, {86, 0, 94, 255} }},
	{{ {100, 5755, 374}, 0, {3741, 3134}, {0, 0, 129, 255} }},
	{{ {514, 5886, 374}, 0, {2262, 3602}, {0, 0, 129, 255} }},
	{{ {514, 5755, 374}, 0, {2262, 3134}, {0, 0, 129, 255} }},
	{{ {100, 5886, 374}, 0, {3741, 3602}, {0, 0, 129, 255} }},
	{{ {514, 6043, 374}, 0, {2262, 4164}, {0, 0, 129, 255} }},
	{{ {100, 6043, 374}, 0, {3741, 4164}, {0, 0, 129, 255} }},
	{{ {514, 5755, 374}, 0, {2262, 3134}, {170, 0, 162, 255} }},
	{{ {514, 5886, 374}, 0, {2262, 3602}, {170, 0, 162, 255} }},
	{{ {748, 5886, 159}, 0, {1427, 3602}, {170, 0, 162, 255} }},
	{{ {748, 5755, 159}, 0, {1427, 3134}, {170, 0, 162, 255} }},
	{{ {565, 5755, -764}, 0, {2079, 3134}, {87, 0, 163, 255} }},
	{{ {565, 5886, -764}, 0, {2079, 3602}, {87, 0, 163, 255} }},
	{{ {947, 5886, -408}, 0, {717, 3602}, {87, 0, 163, 255} }},
	{{ {947, 5755, -408}, 0, {717, 3134}, {87, 0, 163, 255} }},
	{{ {-369, 5755, 247}, 0, {-1768, 3134}, {129, 0, 0, 255} }},
	{{ {-369, 5886, -408}, 0, {-4110, 3602}, {129, 0, 0, 255} }},
	{{ {-369, 5755, -408}, 0, {-4110, 3134}, {129, 0, 0, 255} }},
	{{ {-369, 5886, 247}, 0, {-1768, 3602}, {129, 0, 0, 255} }},
	{{ {-369, 6043, -408}, 0, {-4110, 4164}, {129, 0, 0, 255} }},
	{{ {-369, 6043, 247}, 0, {-1768, 4164}, {129, 0, 0, 255} }},
	{{ {269, 6682, -190}, 0, {-704, 1855}, {255, 183, 152, 255} }},
	{{ {120, 7452, -729}, 0, {-335, 2964}, {255, 183, 152, 255} }},
	{{ {567, 7452, -734}, 0, {-1433, 2964}, {255, 183, 152, 255} }},
	{{ {341, 6682, -190}, 0, {-879, 1855}, {255, 183, 152, 255} }},
	{{ {856, 7452, -464}, 0, {-2143, 1022}, {78, 156, 0, 255} }},
	{{ {1360, 7849, -805}, 0, {-3381, 1531}, {78, 156, 0, 255} }},
	{{ {1360, 7849, 699}, 0, {-3381, -712}, {78, 156, 0, 255} }},
	{{ {856, 7452, 326}, 0, {-2143, -156}, {78, 156, 0, 255} }},
	{{ {199, 6682, -30}, 0, {695, 1853}, {151, 185, 0, 255} }},
	{{ {-322, 7452, 268}, 0, {1428, 2964}, {151, 185, 0, 255} }},
	{{ {-322, 7452, -381}, 0, {-165, 2964}, {151, 185, 0, 255} }},
	{{ {199, 6682, -134}, 0, {441, 1853}, {151, 185, 0, 255} }},
	{{ {341, 6682, -190}, 0, {-694, 524}, {70, 182, 180, 255} }},
	{{ {567, 7452, -734}, 0, {-1585, 1073}, {70, 182, 180, 255} }},
	{{ {856, 7452, -464}, 0, {-2088, 431}, {70, 182, 180, 255} }},
	{{ {387, 6682, -147}, 0, {-775, 421}, {70, 182, 180, 255} }},
	{{ {387, 6682, -21}, 0, {-732, 318}, {69, 180, 75, 255} }},
	{{ {856, 7452, 326}, 0, {-1637, -658}, {69, 180, 75, 255} }},
	{{ {656, 7452, 509}, 0, {-1079, -723}, {69, 180, 75, 255} }},
	{{ {355, 6682, 8}, 0, {-643, 308}, {69, 180, 75, 255} }},
	{{ {246, 6682, 8}, 0, {-499, 369}, {191, 181, 79, 255} }},
	{{ {-27, 7452, 509}, 0, {472, -81}, {191, 181, 79, 255} }},
	{{ {-322, 7452, 268}, 0, {1003, 529}, {191, 181, 79, 255} }},
	{{ {199, 6682, -30}, 0, {-414, 466}, {191, 181, 79, 255} }},
	{{ {199, 6682, -134}, 0, {-962, 1796}, {191, 185, 173, 255} }},
	{{ {-322, 7452, -381}, 0, {-157, 3331}, {191, 185, 173, 255} }},
	{{ {120, 7452, -729}, 0, {-1160, 2916}, {191, 185, 173, 255} }},
	{{ {269, 6682, -190}, 0, {-1123, 1729}, {191, 185, 173, 255} }},
	{{ {387, 6682, -147}, 0, {408, 1848}, {108, 190, 0, 255} }},
	{{ {856, 7452, -464}, 0, {-371, 2964}, {108, 190, 0, 255} }},
	{{ {856, 7452, 326}, 0, {1570, 2964}, {108, 190, 0, 255} }},
	{{ {387, 6682, -21}, 0, {718, 1848}, {108, 190, 0, 255} }},
	{{ {355, 6682, 8}, 0, {-913, 1851}, {0, 187, 106, 255} }},
	{{ {656, 7452, 509}, 0, {-1652, 2964}, {0, 187, 106, 255} }},
	{{ {-27, 7452, 509}, 0, {26, 2964}, {0, 187, 106, 255} }},
	{{ {246, 6682, 8}, 0, {-645, 1851}, {0, 187, 106, 255} }},
	{{ {-321, 7849, 1048}, 0, {748, 3554}, {176, 0, 98, 255} }},
	{{ {-321, 8373, 1048}, 0, {748, 4335}, {176, 0, 98, 255} }},
	{{ {-883, 8373, 589}, 0, {2126, 4335}, {176, 0, 98, 255} }},
	{{ {-883, 7849, 589}, 0, {2126, 3554}, {176, 0, 98, 255} }},
	{{ {656, 7452, 509}, 0, {-1652, -429}, {0, 154, 75, 255} }},
	{{ {980, 7849, 1048}, 0, {-2448, -1233}, {0, 154, 75, 255} }},
	{{ {-321, 7849, 1048}, 0, {748, -1233}, {0, 154, 75, 255} }},
	{{ {-27, 7452, 509}, 0, {26, -429}, {0, 154, 75, 255} }},
	{{ {120, 7452, -729}, 0, {-335, 1417}, {255, 151, 185, 255} }},
	{{ {-41, 7849, -1309}, 0, {60, 2282}, {255, 151, 185, 255} }},
	{{ {810, 7849, -1319}, 0, {-2029, 2296}, {255, 151, 185, 255} }},
	{{ {567, 7452, -734}, 0, {-1433, 1424}, {255, 151, 185, 255} }},
	{{ {-322, 7452, 268}, 0, {750, -70}, {183, 152, 0, 255} }},
	{{ {-883, 7849, 589}, 0, {2126, -548}, {183, 152, 0, 255} }},
	{{ {-883, 7849, -646}, 0, {2126, 1293}, {183, 152, 0, 255} }},
	{{ {-322, 7452, -381}, 0, {750, 897}, {183, 152, 0, 255} }},
	{{ {567, 7452, -734}, 0, {-1585, 1073}, {48, 150, 204, 255} }},
	{{ {810, 7849, -1319}, 0, {-2470, 1650}, {48, 150, 204, 255} }},
	{{ {1360, 7849, -805}, 0, {-3426, 426}, {48, 150, 204, 255} }},
	{{ {856, 7452, -464}, 0, {-2088, 431}, {48, 150, 204, 255} }},
	{{ {856, 7452, 326}, 0, {-1637, -658}, {46, 149, 51, 255} }},
	{{ {1360, 7849, 699}, 0, {-2569, -1645}, {46, 149, 51, 255} }},
	{{ {980, 7849, 1048}, 0, {-1507, -1770}, {46, 149, 51, 255} }},
	{{ {656, 7452, 509}, 0, {-1079, -723}, {46, 149, 51, 255} }},
	{{ {-27, 7452, 509}, 0, {472, -81}, {212, 150, 54, 255} }},
	{{ {-321, 7849, 1048}, 0, {1446, -547}, {212, 150, 54, 255} }},
	{{ {-883, 7849, 589}, 0, {2458, 613}, {212, 150, 54, 255} }},
	{{ {-322, 7452, 268}, 0, {1003, 529}, {212, 150, 54, 255} }},
	{{ {-322, 7452, -381}, 0, {633, 1422}, {210, 153, 198, 255} }},
	{{ {-883, 7849, -646}, 0, {1753, 2314}, {210, 153, 198, 255} }},
	{{ {-41, 7849, -1309}, 0, {-534, 2437}, {210, 153, 198, 255} }},
	{{ {120, 7452, -729}, 0, {-568, 1486}, {210, 153, 198, 255} }},
	{{ {810, 8373, -1319}, 0, {-2470, 1650}, {62, 88, 189, 255} }},
	{{ {310, 9639, -115}, 0, {-649, 463}, {62, 88, 189, 255} }},
	{{ {322, 9639, -104}, 0, {-671, 435}, {62, 88, 189, 255} }},
	{{ {1360, 8373, -805}, 0, {-3426, 426}, {62, 88, 189, 255} }},
	{{ {-883, 7849, -646}, 0, {2126, 3554}, {177, 0, 156, 255} }},
	{{ {-883, 8373, -646}, 0, {2126, 4335}, {177, 0, 156, 255} }},
	{{ {-41, 8373, -1309}, 0, {60, 4335}, {177, 0, 156, 255} }},
	{{ {-41, 7849, -1309}, 0, {60, 3554}, {177, 0, 156, 255} }},
	{{ {1360, 7849, -805}, 0, {-1208, 3554}, {127, 0, 0, 255} }},
	{{ {1360, 8373, -805}, 0, {-1208, 4335}, {127, 0, 0, 255} }},
	{{ {1360, 8373, 699}, 0, {2486, 4335}, {127, 0, 0, 255} }},
	{{ {1360, 7849, 699}, 0, {2486, 3554}, {127, 0, 0, 255} }},
	{{ {980, 7849, 1048}, 0, {-2448, 3554}, {0, 0, 127, 255} }},
	{{ {980, 8373, 1048}, 0, {-2448, 4335}, {0, 0, 127, 255} }},
	{{ {-321, 8373, 1048}, 0, {748, 4335}, {0, 0, 127, 255} }},
	{{ {-321, 7849, 1048}, 0, {748, 3554}, {0, 0, 127, 255} }},
	{{ {-41, 7849, -1309}, 0, {60, 3554}, {255, 0, 129, 255} }},
	{{ {-41, 8373, -1309}, 0, {60, 4335}, {255, 0, 129, 255} }},
	{{ {810, 8373, -1319}, 0, {-2029, 4335}, {255, 0, 129, 255} }},
	{{ {810, 7849, -1319}, 0, {-2029, 3554}, {255, 0, 129, 255} }},
	{{ {-883, 7849, 589}, 0, {2216, 3554}, {129, 0, 0, 255} }},
	{{ {-883, 8373, 589}, 0, {2216, 4335}, {129, 0, 0, 255} }},
	{{ {-883, 8373, -646}, 0, {-817, 4335}, {129, 0, 0, 255} }},
	{{ {-883, 7849, -646}, 0, {-817, 3554}, {129, 0, 0, 255} }},
	{{ {810, 7849, -1319}, 0, {-2029, 3554}, {87, 0, 163, 255} }},
	{{ {810, 8373, -1319}, 0, {-2029, 4335}, {87, 0, 163, 255} }},
	{{ {1360, 8373, -805}, 0, {-3381, 4335}, {87, 0, 163, 255} }},
	{{ {1360, 7849, -805}, 0, {-3381, 3554}, {87, 0, 163, 255} }},
	{{ {1360, 7849, 699}, 0, {-3381, 3554}, {86, 0, 94, 255} }},
	{{ {1360, 8373, 699}, 0, {-3381, 4335}, {86, 0, 94, 255} }},
	{{ {980, 8373, 1048}, 0, {-2448, 4335}, {86, 0, 94, 255} }},
	{{ {980, 7849, 1048}, 0, {-2448, 3554}, {86, 0, 94, 255} }},
	{{ {314, 9639, -61}, 0, {-811, 420}, {0, 127, 0, 255} }},
	{{ {322, 9639, -69}, 0, {-833, 432}, {0, 127, 0, 255} }},
	{{ {322, 9639, -104}, 0, {-833, 484}, {0, 127, 0, 255} }},
	{{ {290, 9639, -115}, 0, {-753, 502}, {0, 127, 0, 255} }},
	{{ {310, 9639, -115}, 0, {-802, 502}, {0, 127, 0, 255} }},
	{{ {271, 9639, -71}, 0, {-705, 436}, {0, 127, 0, 255} }},
	{{ {271, 9639, -100}, 0, {-705, 479}, {0, 127, 0, 255} }},
	{{ {284, 9639, -61}, 0, {-737, 420}, {0, 127, 0, 255} }},
	{{ {1360, 8373, 699}, 0, {-2569, -1645}, {61, 90, 66, 255} }},
	{{ {322, 9639, -69}, 0, {-652, 387}, {61, 90, 66, 255} }},
	{{ {314, 9639, -61}, 0, {-627, 384}, {61, 90, 66, 255} }},
	{{ {980, 8373, 1048}, 0, {-1507, -1770}, {61, 90, 66, 255} }},
	{{ {-321, 8373, 1048}, 0, {1446, -547}, {199, 89, 70, 255} }},
	{{ {284, 9639, -61}, 0, {-559, 412}, {199, 89, 70, 255} }},
	{{ {271, 9639, -71}, 0, {-535, 439}, {199, 89, 70, 255} }},
	{{ {-883, 8373, 589}, 0, {2458, 613}, {199, 89, 70, 255} }},
	{{ {-883, 8373, -646}, 0, {1753, 2314}, {198, 85, 182, 255} }},
	{{ {271, 9639, -100}, 0, {-552, 478}, {198, 85, 182, 255} }},
	{{ {290, 9639, -115}, 0, {-604, 481}, {198, 85, 182, 255} }},
	{{ {-41, 8373, -1309}, 0, {-534, 2437}, {198, 85, 182, 255} }},
	{{ {1360, 8373, -805}, 0, {-1208, 4335}, {98, 80, 0, 255} }},
	{{ {322, 9639, -104}, 0, {515, 6224}, {98, 80, 0, 255} }},
	{{ {322, 9639, -69}, 0, {601, 6224}, {98, 80, 0, 255} }},
	{{ {1360, 8373, 699}, 0, {2486, 4335}, {98, 80, 0, 255} }},
	{{ {980, 8373, 1048}, 0, {-2448, 4335}, {0, 84, 96, 255} }},
	{{ {314, 9639, -61}, 0, {-811, 6224}, {0, 84, 96, 255} }},
	{{ {284, 9639, -61}, 0, {-737, 6224}, {0, 84, 96, 255} }},
	{{ {-321, 8373, 1048}, 0, {748, 4335}, {0, 84, 96, 255} }},
	{{ {-41, 8373, -1309}, 0, {60, 4335}, {255, 87, 164, 255} }},
	{{ {290, 9639, -115}, 0, {-753, 6224}, {255, 87, 164, 255} }},
	{{ {310, 9639, -115}, 0, {-802, 6224}, {255, 87, 164, 255} }},
	{{ {810, 8373, -1319}, 0, {-2029, 4335}, {255, 87, 164, 255} }},
	{{ {-883, 8373, 589}, 0, {2216, 4335}, {162, 85, 0, 255} }},
	{{ {271, 9639, -71}, 0, {595, 6224}, {162, 85, 0, 255} }},
	{{ {271, 9639, -100}, 0, {524, 6224}, {162, 85, 0, 255} }},
	{{ {-883, 8373, -646}, 0, {-817, 4335}, {162, 85, 0, 255} }},
	{{ {748, 5886, -322}, 0, {1427, 3602}, {205, 0, 140, 255} }},
	{{ {748, 6043, -322}, 0, {1427, 4164}, {205, 0, 140, 255} }},
	{{ {947, 6043, -408}, 0, {717, 4164}, {205, 0, 140, 255} }},
	{{ {947, 5886, -408}, 0, {717, 3602}, {205, 0, 140, 255} }},
	{{ {-369, 5886, -408}, 0, {5419, 3602}, {55, 0, 142, 255} }},
	{{ {-369, 6043, -408}, 0, {5419, 4164}, {55, 0, 142, 255} }},
	{{ {-170, 6043, -312}, 0, {4709, 4164}, {55, 0, 142, 255} }},
	{{ {-170, 5886, -312}, 0, {4709, 3602}, {55, 0, 142, 255} }},
	{{ {75, 5886, -758}, 0, {3832, 3602}, {255, 0, 129, 255} }},
	{{ {75, 6043, -758}, 0, {3832, 4164}, {255, 0, 129, 255} }},
	{{ {565, 6043, -764}, 0, {2079, 4164}, {255, 0, 129, 255} }},
	{{ {565, 5886, -764}, 0, {2079, 3602}, {255, 0, 129, 255} }},
	{{ {75, 5755, -758}, 0, {3832, 3134}, {255, 0, 129, 255} }},
	{{ {565, 5755, -764}, 0, {2079, 3134}, {255, 0, 129, 255} }},
	{{ {-170, 5886, 153}, 0, {4709, 3602}, {54, 0, 115, 255} }},
	{{ {-170, 6043, 153}, 0, {4709, 4164}, {54, 0, 115, 255} }},
	{{ {-369, 6043, 247}, 0, {5419, 4164}, {54, 0, 115, 255} }},
	{{ {-369, 5886, 247}, 0, {5419, 3602}, {54, 0, 115, 255} }},
	{{ {145, 5886, -560}, 0, {-4653, 3602}, {136, 0, 42, 255} }},
	{{ {145, 6043, -560}, 0, {-4653, 4164}, {136, 0, 42, 255} }},
	{{ {75, 6043, -758}, 0, {-5360, 4164}, {136, 0, 42, 255} }},
	{{ {75, 5886, -758}, 0, {-5360, 3602}, {136, 0, 42, 255} }},
	{{ {592, 5886, 573}, 0, {1985, 3602}, {0, 0, 127, 255} }},
	{{ {592, 6043, 573}, 0, {1985, 4164}, {0, 0, 127, 255} }},
	{{ {30, 6043, 573}, 0, {3995, 4164}, {0, 0, 127, 255} }},
	{{ {30, 5886, 573}, 0, {3995, 3602}, {0, 0, 127, 255} }},
	{{ {592, 5755, 573}, 0, {1985, 3134}, {0, 0, 127, 255} }},
	{{ {30, 5755, 573}, 0, {3995, 3134}, {0, 0, 127, 255} }},
	{{ {565, 5886, -764}, 0, {-5380, 3602}, {118, 0, 46, 255} }},
	{{ {565, 6043, -764}, 0, {-5380, 4164}, {118, 0, 46, 255} }},
	{{ {488, 6043, -564}, 0, {-4666, 4164}, {118, 0, 46, 255} }},
	{{ {488, 5886, -564}, 0, {-4666, 3602}, {118, 0, 46, 255} }},
	{{ {30, 5886, 573}, 0, {-602, 3602}, {136, 0, 213, 255} }},
	{{ {30, 6043, 573}, 0, {-602, 4164}, {136, 0, 213, 255} }},
	{{ {100, 6043, 374}, 0, {-1313, 4164}, {136, 0, 213, 255} }},
	{{ {100, 5886, 374}, 0, {-1313, 3602}, {136, 0, 213, 255} }},
};

Gfx wf_dl_Plane_mesh_layer_1_tri_4[] = {
	gsSPVertex(wf_dl_Plane_mesh_layer_1_vtx_4 + 0, 30, 0),
	gsSP2Triangles(0, 1, 2, 0, 3, 4, 5, 0),
	gsSP2Triangles(3, 5, 6, 0, 7, 8, 9, 0),
	gsSP2Triangles(7, 9, 10, 0, 10, 9, 11, 0),
	gsSP2Triangles(10, 11, 12, 0, 13, 14, 15, 0),
	gsSP2Triangles(13, 15, 16, 0, 15, 17, 16, 0),
	gsSP2Triangles(16, 18, 13, 0, 16, 19, 18, 0),
	gsSP2Triangles(16, 20, 19, 0, 18, 21, 13, 0),
	gsSP2Triangles(22, 23, 24, 0, 22, 24, 25, 0),
	gsSP2Triangles(26, 27, 28, 0, 26, 28, 29, 0),
	gsSPVertex(wf_dl_Plane_mesh_layer_1_vtx_4 + 30, 30, 0),
	gsSP2Triangles(0, 1, 2, 0, 0, 2, 3, 0),
	gsSP2Triangles(4, 5, 6, 0, 4, 6, 7, 0),
	gsSP2Triangles(8, 9, 10, 0, 8, 10, 11, 0),
	gsSP2Triangles(12, 13, 14, 0, 12, 14, 15, 0),
	gsSP2Triangles(16, 17, 18, 0, 16, 19, 17, 0),
	gsSP2Triangles(19, 20, 17, 0, 19, 21, 20, 0),
	gsSP2Triangles(22, 23, 24, 0, 22, 24, 25, 0),
	gsSP2Triangles(26, 27, 28, 0, 26, 28, 29, 0),
	gsSPVertex(wf_dl_Plane_mesh_layer_1_vtx_4 + 60, 32, 0),
	gsSP2Triangles(0, 1, 2, 0, 0, 3, 1, 0),
	gsSP2Triangles(3, 4, 1, 0, 3, 5, 4, 0),
	gsSP2Triangles(6, 7, 8, 0, 6, 8, 9, 0),
	gsSP2Triangles(10, 11, 12, 0, 10, 12, 13, 0),
	gsSP2Triangles(14, 15, 16, 0, 14, 16, 17, 0),
	gsSP2Triangles(18, 19, 20, 0, 18, 20, 21, 0),
	gsSP2Triangles(22, 18, 21, 0, 22, 21, 23, 0),
	gsSP2Triangles(24, 25, 26, 0, 24, 26, 27, 0),
	gsSP2Triangles(28, 29, 30, 0, 28, 30, 31, 0),
	gsSPVertex(wf_dl_Plane_mesh_layer_1_vtx_4 + 92, 32, 0),
	gsSP2Triangles(0, 1, 2, 0, 0, 2, 3, 0),
	gsSP2Triangles(4, 5, 6, 0, 4, 6, 7, 0),
	gsSP2Triangles(8, 9, 10, 0, 8, 10, 11, 0),
	gsSP2Triangles(12, 13, 14, 0, 12, 15, 13, 0),
	gsSP2Triangles(15, 16, 13, 0, 15, 17, 16, 0),
	gsSP2Triangles(18, 19, 20, 0, 18, 20, 21, 0),
	gsSP2Triangles(22, 23, 24, 0, 22, 24, 25, 0),
	gsSP2Triangles(26, 27, 28, 0, 26, 29, 27, 0),
	gsSP2Triangles(29, 30, 27, 0, 29, 31, 30, 0),
	gsSPVertex(wf_dl_Plane_mesh_layer_1_vtx_4 + 124, 32, 0),
	gsSP2Triangles(0, 1, 2, 0, 0, 2, 3, 0),
	gsSP2Triangles(4, 5, 6, 0, 4, 6, 7, 0),
	gsSP2Triangles(8, 9, 10, 0, 8, 10, 11, 0),
	gsSP2Triangles(12, 13, 14, 0, 12, 14, 15, 0),
	gsSP2Triangles(16, 17, 18, 0, 16, 18, 19, 0),
	gsSP2Triangles(20, 21, 22, 0, 20, 22, 23, 0),
	gsSP2Triangles(24, 25, 26, 0, 24, 26, 27, 0),
	gsSP2Triangles(28, 29, 30, 0, 28, 30, 31, 0),
	gsSPVertex(wf_dl_Plane_mesh_layer_1_vtx_4 + 156, 32, 0),
	gsSP2Triangles(0, 1, 2, 0, 0, 2, 3, 0),
	gsSP2Triangles(4, 5, 6, 0, 4, 6, 7, 0),
	gsSP2Triangles(8, 9, 10, 0, 8, 10, 11, 0),
	gsSP2Triangles(12, 13, 14, 0, 12, 14, 15, 0),
	gsSP2Triangles(16, 17, 18, 0, 16, 18, 19, 0),
	gsSP2Triangles(20, 21, 22, 0, 20, 22, 23, 0),
	gsSP2Triangles(24, 25, 26, 0, 24, 26, 27, 0),
	gsSP2Triangles(28, 29, 30, 0, 28, 30, 31, 0),
	gsSPVertex(wf_dl_Plane_mesh_layer_1_vtx_4 + 188, 32, 0),
	gsSP2Triangles(0, 1, 2, 0, 0, 2, 3, 0),
	gsSP2Triangles(4, 5, 6, 0, 4, 6, 7, 0),
	gsSP2Triangles(8, 9, 10, 0, 8, 10, 11, 0),
	gsSP2Triangles(12, 13, 14, 0, 12, 14, 15, 0),
	gsSP2Triangles(16, 17, 18, 0, 16, 18, 19, 0),
	gsSP2Triangles(20, 21, 22, 0, 20, 22, 23, 0),
	gsSP2Triangles(24, 25, 26, 0, 24, 26, 27, 0),
	gsSP2Triangles(28, 29, 30, 0, 28, 30, 31, 0),
	gsSPVertex(wf_dl_Plane_mesh_layer_1_vtx_4 + 220, 32, 0),
	gsSP2Triangles(0, 1, 2, 0, 0, 2, 3, 0),
	gsSP2Triangles(4, 5, 6, 0, 4, 6, 7, 0),
	gsSP2Triangles(6, 8, 7, 0, 7, 9, 4, 0),
	gsSP2Triangles(7, 10, 9, 0, 9, 11, 4, 0),
	gsSP2Triangles(12, 13, 14, 0, 12, 14, 15, 0),
	gsSP2Triangles(16, 17, 18, 0, 16, 18, 19, 0),
	gsSP2Triangles(20, 21, 22, 0, 20, 22, 23, 0),
	gsSP2Triangles(24, 25, 26, 0, 24, 26, 27, 0),
	gsSP2Triangles(28, 29, 30, 0, 28, 30, 31, 0),
	gsSPVertex(wf_dl_Plane_mesh_layer_1_vtx_4 + 252, 30, 0),
	gsSP2Triangles(0, 1, 2, 0, 0, 2, 3, 0),
	gsSP2Triangles(4, 5, 6, 0, 4, 6, 7, 0),
	gsSP2Triangles(8, 9, 10, 0, 8, 10, 11, 0),
	gsSP2Triangles(12, 13, 14, 0, 12, 14, 15, 0),
	gsSP2Triangles(16, 17, 18, 0, 16, 18, 19, 0),
	gsSP2Triangles(20, 16, 19, 0, 20, 19, 21, 0),
	gsSP2Triangles(22, 23, 24, 0, 22, 24, 25, 0),
	gsSP2Triangles(26, 27, 28, 0, 26, 28, 29, 0),
	gsSPVertex(wf_dl_Plane_mesh_layer_1_vtx_4 + 282, 14, 0),
	gsSP2Triangles(0, 1, 2, 0, 0, 2, 3, 0),
	gsSP2Triangles(4, 0, 3, 0, 4, 3, 5, 0),
	gsSP2Triangles(6, 7, 8, 0, 6, 8, 9, 0),
	gsSP2Triangles(10, 11, 12, 0, 10, 12, 13, 0),
	gsSPEndDisplayList(),
};

Vtx wf_dl_Plane_mesh_layer_1_vtx_5[336] = {
	{{ {-579, 4003, -87}, 0, {-2962, -3131}, {129, 0, 0, 255} }},
	{{ {-579, 4274, 90}, 0, {-2328, -2159}, {129, 0, 0, 255} }},
	{{ {-579, 4274, -277}, 0, {-3640, -2159}, {129, 0, 0, 255} }},
	{{ {-274, 3724, -741}, 0, {-5123, -4136}, {177, 5, 157, 255} }},
	{{ {-406, 4003, -620}, 0, {-4643, -3140}, {177, 5, 157, 255} }},
	{{ {-120, 3999, -850}, 0, {-5574, -3150}, {177, 5, 157, 255} }},
	{{ {-305, 4260, 552}, 0, {-4845, -2188}, {177, 5, 99, 255} }},
	{{ {-157, 4539, 654}, 0, {-4847, -1160}, {177, 5, 99, 255} }},
	{{ {-445, 4536, 426}, 0, {-4848, -1238}, {177, 5, 99, 255} }},
	{{ {307, 4510, 764}, 0, {-244, -1318}, {0, 0, 127, 255} }},
	{{ {485, 4782, 764}, 0, {-244, -346}, {0, 0, 127, 255} }},
	{{ {118, 4782, 764}, 0, {-244, -346}, {0, 0, 127, 255} }},
	{{ {904, 4764, 558}, 0, {-4846, -153}, {87, 5, 92, 255} }},
	{{ {1026, 5043, 427}, 0, {-4848, 862}, {87, 5, 92, 255} }},
	{{ {760, 5039, 679}, 0, {-4848, 803}, {87, 5, 92, 255} }},
	{{ {1137, 5018, -87}, 0, {-244, 500}, {127, 0, 0, 255} }},
	{{ {1137, 5290, -264}, 0, {-244, 1471}, {127, 0, 0, 255} }},
	{{ {1137, 5290, 103}, 0, {-244, 1471}, {127, 0, 0, 255} }},
	{{ {891, 5295, -709}, 0, {-244, 1491}, {86, 0, 162, 255} }},
	{{ {760, 5567, -829}, 0, {-244, 2463}, {86, 0, 162, 255} }},
	{{ {1031, 5567, -582}, 0, {-244, 2463}, {86, 0, 162, 255} }},
	{{ {-1085, 42, -1068}, 0, {2000, -3174}, {0, 0, 129, 255} }},
	{{ {-901, 1537, -1068}, 0, {1854, -1983}, {0, 0, 129, 255} }},
	{{ {21, 1549, -1068}, 0, {1120, -1974}, {0, 0, 129, 255} }},
	{{ {21, 1549, -1068}, 0, {1120, -1974}, {0, 0, 129, 255} }},
	{{ {1146, 1549, -1068}, 0, {223, -1974}, {0, 0, 129, 255} }},
	{{ {1105, 42, -1068}, 0, {255, -3174}, {0, 0, 129, 255} }},
	{{ {-901, 1537, -1068}, 0, {1854, -1983}, {0, 0, 129, 255} }},
	{{ {-788, 1915, -1068}, 0, {1764, -1682}, {0, 0, 129, 255} }},
	{{ {-601, 2144, -1068}, 0, {1615, -1500}, {0, 0, 129, 255} }},
	{{ {-901, 1537, -1068}, 0, {1899, -2409}, {0, 0, 129, 255} }},
	{{ {-901, 2144, -1068}, 0, {-16, 1008}, {0, 0, 129, 255} }},
	{{ {-601, 2144, -1068}, 0, {1615, -1500}, {0, 0, 129, 255} }},
	{{ {-901, 2144, -1068}, 0, {-1219, -1500}, {0, 0, 129, 255} }},
	{{ {-993, 1549, -1068}, 0, {-617, -246}, {0, 0, 129, 255} }},
	{{ {-1085, 1549, -1068}, 0, {-1219, -1500}, {0, 0, 129, 255} }},
	{{ {-993, 1549, -1068}, 0, {-617, -246}, {0, 0, 129, 255} }},
	{{ {-1085, 42, -1068}, 0, {-16, 1008}, {0, 0, 129, 255} }},
	{{ {-1085, 1549, -1068}, 0, {-1219, -1500}, {0, 0, 129, 255} }},
	{{ {-1085, 42, -1068}, 0, {-16, 1008}, {89, 245, 90, 255} }},
	{{ {-901, 1537, -1068}, 0, {1854, -1983}, {89, 245, 90, 255} }},
	{{ {-1085, 1549, -884}, 0, {-1072, -1500}, {89, 245, 90, 255} }},
	{{ {-901, 1537, -1068}, 0, {1854, -1983}, {248, 129, 0, 255} }},
	{{ {-1085, 1549, 2394}, 0, {-16, 1008}, {248, 129, 0, 255} }},
	{{ {-1085, 1549, -884}, 0, {-1072, -1500}, {248, 129, 0, 255} }},
	{{ {1135, 2144, -599}, 0, {-845, -1500}, {127, 0, 0, 255} }},
	{{ {1135, 2144, -1068}, 0, {-1219, -1500}, {127, 0, 0, 255} }},
	{{ {1135, 3697, -1068}, 0, {-1219, -262}, {127, 0, 0, 255} }},
	{{ {1135, 3697, -599}, 0, {-845, -262}, {127, 0, 0, 255} }},
	{{ {1813, 1171, 2118}, 0, {1319, -2275}, {127, 0, 0, 255} }},
	{{ {1813, 1171, 2578}, 0, {1686, -2275}, {127, 0, 0, 255} }},
	{{ {1813, 937, 2578}, 0, {1686, -2461}, {127, 0, 0, 255} }},
	{{ {1813, 937, 2118}, 0, {1319, -2461}, {127, 0, 0, 255} }},
	{{ {1624, 1171, 2118}, 0, {-158, -2275}, {0, 0, 129, 255} }},
	{{ {1813, 1171, 2118}, 0, {-309, -2275}, {0, 0, 129, 255} }},
	{{ {1813, 937, 2118}, 0, {-309, -2461}, {0, 0, 129, 255} }},
	{{ {1624, 937, 2118}, 0, {-158, -2461}, {0, 0, 129, 255} }},
	{{ {1624, 937, 2578}, 0, {-158, -2461}, {0, 0, 127, 255} }},
	{{ {1813, 937, 2578}, 0, {-309, -2461}, {0, 0, 127, 255} }},
	{{ {1813, 1171, 2578}, 0, {-309, -2275}, {0, 0, 127, 255} }},
	{{ {1624, 1171, 2578}, 0, {-158, -2275}, {0, 0, 127, 255} }},
	{{ {-1797, 1033, 966}, 0, {-101, 1704}, {0, 0, 129, 255} }},
	{{ {-1797, 1845, 966}, 0, {-101, -712}, {0, 0, 129, 255} }},
	{{ {-1597, 1845, 966}, 0, {496, -712}, {0, 0, 129, 255} }},
	{{ {-1597, 1033, 966}, 0, {496, 1704}, {0, 0, 129, 255} }},
	{{ {-1597, 1033, 966}, 0, {496, 1704}, {0, 0, 129, 255} }},
	{{ {-1597, 1845, 966}, 0, {496, -712}, {0, 0, 129, 255} }},
	{{ {-1396, 1846, 966}, 0, {1093, -712}, {0, 0, 129, 255} }},
	{{ {-1396, 1033, 966}, 0, {1093, 1704}, {0, 0, 129, 255} }},
	{{ {-1597, 1033, 475}, 0, {496, 1703}, {0, 0, 127, 255} }},
	{{ {-1396, 1033, 475}, 0, {1093, 1703}, {0, 0, 127, 255} }},
	{{ {-1396, 1845, 475}, 0, {1093, -712}, {0, 0, 127, 255} }},
	{{ {-1597, 1845, 475}, 0, {496, -712}, {0, 0, 127, 255} }},
	{{ {-1798, 1033, 475}, 0, {-101, 1703}, {0, 0, 127, 255} }},
	{{ {-1798, 1845, 475}, 0, {-101, -712}, {0, 0, 127, 255} }},
	{{ {-1660, 1845, 1096}, 0, {-427, -711}, {127, 0, 0, 255} }},
	{{ {-1660, 1337, 1095}, 0, {-426, 799}, {127, 0, 0, 255} }},
	{{ {-1660, 1338, 475}, 0, {1419, 798}, {127, 0, 0, 255} }},
	{{ {-1660, 1845, 475}, 0, {1418, -712}, {127, 0, 0, 255} }},
	{{ {-1660, 1338, 475}, 0, {306, -427}, {0, 129, 0, 255} }},
	{{ {-1660, 1337, 1095}, 0, {306, 1418}, {0, 129, 0, 255} }},
	{{ {-1796, 1337, 1095}, 0, {-98, 1418}, {0, 129, 0, 255} }},
	{{ {-1797, 1338, 475}, 0, {-99, -427}, {0, 129, 0, 255} }},
	{{ {1135, 2144, -599}, 0, {-845, -1500}, {127, 0, 0, 255} }},
	{{ {1135, 3697, -599}, 0, {-845, -262}, {127, 0, 0, 255} }},
	{{ {1135, 3697, 925}, 0, {369, -262}, {127, 0, 0, 255} }},
	{{ {1135, 2144, 925}, 0, {369, -1500}, {127, 0, 0, 255} }},
	{{ {929, 2334, 925}, 0, {2692, 2441}, {0, 0, 127, 255} }},
	{{ {1135, 2144, 925}, 0, {3374, 3071}, {0, 0, 127, 255} }},
	{{ {1135, 3697, 925}, 0, {3374, -2079}, {0, 0, 127, 255} }},
	{{ {602, 3155, 925}, 0, {1607, -281}, {0, 0, 127, 255} }},
	{{ {654, 3283, 925}, 0, {1780, -705}, {0, 0, 127, 255} }},
	{{ {648, 2750, 925}, 0, {1762, 1062}, {0, 0, 127, 255} }},
	{{ {602, 3155, 925}, 0, {1607, -281}, {0, 0, 127, 255} }},
	{{ {296, 3157, 925}, 0, {593, -287}, {0, 0, 127, 255} }},
	{{ {648, 2750, 925}, 0, {1762, 1062}, {0, 0, 127, 255} }},
	{{ {-39, 3173, 925}, 0, {-516, -341}, {0, 0, 127, 255} }},
	{{ {476, 3162, 925}, 0, {1191, -305}, {0, 0, 127, 255} }},
	{{ {0, 3267, 925}, 0, {-387, -653}, {0, 0, 127, 255} }},
	{{ {145, 2896, 925}, 0, {93, 579}, {0, 0, 127, 255} }},
	{{ {296, 2896, 925}, 0, {593, 579}, {0, 0, 127, 255} }},
	{{ {267, 2144, 925}, 0, {496, 3071}, {0, 0, 127, 255} }},
	{{ {1135, 2144, 925}, 0, {3374, 3071}, {0, 0, 127, 255} }},
	{{ {929, 2334, 925}, 0, {2692, 2441}, {0, 0, 127, 255} }},
	{{ {610, 2334, 925}, 0, {1634, 2442}, {0, 0, 127, 255} }},
	{{ {-145, 2325, 925}, 0, {-867, 2469}, {0, 0, 127, 255} }},
	{{ {24, 2520, 925}, 0, {-309, 1825}, {0, 0, 127, 255} }},
	{{ {474, 2520, 925}, 0, {1182, 1825}, {0, 0, 127, 255} }},
	{{ {-377, 2328, 925}, 0, {-1639, 2462}, {0, 0, 127, 255} }},
	{{ {-601, 2144, 925}, 0, {-2382, 3071}, {0, 0, 127, 255} }},
	{{ {604, 3512, 925}, 0, {1615, -1466}, {0, 0, 127, 255} }},
	{{ {654, 3283, 925}, 0, {1780, -705}, {0, 0, 127, 255} }},
	{{ {1135, 3697, 925}, 0, {3374, -2079}, {0, 0, 127, 255} }},
	{{ {604, 3603, 925}, 0, {1615, -1768}, {0, 0, 127, 255} }},
	{{ {489, 3603, 925}, 0, {1233, -1767}, {0, 0, 127, 255} }},
	{{ {267, 3697, 925}, 0, {496, -2079}, {0, 0, 127, 255} }},
	{{ {-35, 3635, 925}, 0, {-503, -1873}, {0, 0, 127, 255} }},
	{{ {-601, 3697, 925}, 0, {-2382, -2079}, {0, 0, 127, 255} }},
	{{ {-162, 3635, 925}, 0, {-927, -1873}, {0, 0, 127, 255} }},
	{{ {-186, 3289, 925}, 0, {-1004, -725}, {0, 0, 127, 255} }},
	{{ {87, 3508, 925}, 0, {-99, -1452}, {0, 0, 127, 255} }},
	{{ {402, 3517, 925}, 0, {944, -1483}, {0, 0, 127, 255} }},
	{{ {592, 3697, 573}, 0, {1985, -4223}, {0, 0, 127, 255} }},
	{{ {592, 5755, 573}, 0, {1985, 3134}, {0, 0, 127, 255} }},
	{{ {30, 5755, 573}, 0, {3995, 3134}, {0, 0, 127, 255} }},
	{{ {592, 3697, 573}, 0, {1985, -4223}, {0, 0, 127, 255} }},
	{{ {30, 5755, 573}, 0, {3995, 3134}, {0, 0, 127, 255} }},
	{{ {30, 3697, 573}, 0, {3995, -4223}, {0, 0, 127, 255} }},
	{{ {-901, 2144, -884}, 0, {-1072, -1500}, {129, 0, 0, 255} }},
	{{ {-901, 2144, 340}, 0, {-97, -1500}, {129, 0, 0, 255} }},
	{{ {-901, 3421, -884}, 0, {-1072, -482}, {129, 0, 0, 255} }},
	{{ {-901, 3421, -1068}, 0, {-1219, -482}, {129, 0, 0, 255} }},
	{{ {-901, 2144, -1068}, 0, {-1219, -1500}, {129, 0, 0, 255} }},
	{{ {-901, 2144, -1068}, 0, {1854, -1500}, {0, 0, 129, 255} }},
	{{ {-901, 3421, -1068}, 0, {1854, -482}, {0, 0, 129, 255} }},
	{{ {-601, 3421, -1068}, 0, {1615, -482}, {0, 0, 129, 255} }},
	{{ {-601, 2144, -1068}, 0, {1615, -1500}, {0, 0, 129, 255} }},
	{{ {341, 5755, -190}, 0, {843, 3148}, {87, 0, 163, 255} }},
	{{ {341, 6682, -190}, 0, {843, -1613}, {87, 0, 163, 255} }},
	{{ {387, 6682, -147}, 0, {1080, -1613}, {87, 0, 163, 255} }},
	{{ {387, 5755, -147}, 0, {1080, 3148}, {87, 0, 163, 255} }},
	{{ {565, 3697, -764}, 0, {2079, -4223}, {87, 0, 163, 255} }},
	{{ {565, 5755, -764}, 0, {2079, 3134}, {87, 0, 163, 255} }},
	{{ {947, 5755, -408}, 0, {717, 3134}, {87, 0, 163, 255} }},
	{{ {947, 3697, -408}, 0, {717, -4223}, {87, 0, 163, 255} }},
	{{ {946, 3697, 247}, 0, {717, -4223}, {86, 0, 94, 255} }},
	{{ {946, 5755, 247}, 0, {717, 3134}, {86, 0, 94, 255} }},
	{{ {592, 5755, 573}, 0, {1985, 3134}, {86, 0, 94, 255} }},
	{{ {592, 3697, 573}, 0, {1985, -4223}, {86, 0, 94, 255} }},
	{{ {30, 3697, 573}, 0, {3995, -4223}, {176, 0, 98, 255} }},
	{{ {30, 5755, 573}, 0, {3995, 3134}, {176, 0, 98, 255} }},
	{{ {-369, 5755, 247}, 0, {5419, 3134}, {176, 0, 98, 255} }},
	{{ {-369, 3697, 247}, 0, {5419, -4223}, {176, 0, 98, 255} }},
	{{ {75, 3697, -758}, 0, {3832, -4223}, {255, 0, 129, 255} }},
	{{ {75, 5755, -758}, 0, {3832, 3134}, {255, 0, 129, 255} }},
	{{ {565, 5755, -764}, 0, {2079, 3134}, {255, 0, 129, 255} }},
	{{ {565, 3697, -764}, 0, {2079, -4223}, {255, 0, 129, 255} }},
	{{ {-369, 3697, -408}, 0, {5419, -4223}, {177, 0, 156, 255} }},
	{{ {-369, 5755, -408}, 0, {5419, 3134}, {177, 0, 156, 255} }},
	{{ {75, 5755, -758}, 0, {3832, 3134}, {177, 0, 156, 255} }},
	{{ {75, 3697, -758}, 0, {3832, -4223}, {177, 0, 156, 255} }},
	{{ {-379, 4274, 90}, 0, {-2328, -2159}, {129, 1, 0, 255} }},
	{{ {-369, 3697, 247}, 0, {-1768, -4223}, {129, 1, 0, 255} }},
	{{ {-369, 5755, 247}, 0, {-1768, 3134}, {129, 1, 0, 255} }},
	{{ {-379, 4274, -277}, 0, {-3640, -2159}, {129, 1, 0, 255} }},
	{{ {-369, 5755, -408}, 0, {-4110, 3134}, {129, 1, 0, 255} }},
	{{ {-369, 3697, -408}, 0, {-4110, -4223}, {129, 1, 0, 255} }},
	{{ {947, 3697, -169}, 0, {-3253, -4223}, {127, 0, 0, 255} }},
	{{ {947, 3697, -408}, 0, {-4110, -4223}, {127, 0, 0, 255} }},
	{{ {947, 5755, -408}, 0, {-4110, 3134}, {127, 0, 0, 255} }},
	{{ {947, 3911, -169}, 0, {-3253, -3459}, {127, 0, 0, 255} }},
	{{ {946, 3911, 39}, 0, {-2509, -3459}, {127, 0, 0, 255} }},
	{{ {946, 3697, 247}, 0, {-1768, -4223}, {127, 0, 0, 255} }},
	{{ {946, 5755, 247}, 0, {-1768, 3134}, {127, 0, 0, 255} }},
	{{ {946, 3697, 39}, 0, {-2509, -4223}, {127, 0, 0, 255} }},
	{{ {387, 5755, -21}, 0, {1083, 3148}, {86, 0, 94, 255} }},
	{{ {387, 6682, -21}, 0, {1083, -1613}, {86, 0, 94, 255} }},
	{{ {355, 6682, 8}, 0, {919, -1613}, {86, 0, 94, 255} }},
	{{ {355, 5755, 8}, 0, {919, 3148}, {86, 0, 94, 255} }},
	{{ {246, 5755, 8}, 0, {172, 3148}, {176, 0, 98, 255} }},
	{{ {246, 6682, 8}, 0, {172, -1613}, {176, 0, 98, 255} }},
	{{ {199, 6682, -30}, 0, {-70, -1613}, {176, 0, 98, 255} }},
	{{ {199, 5755, -30}, 0, {-70, 3148}, {176, 0, 98, 255} }},
	{{ {199, 5755, -134}, 0, {-61, 3148}, {177, 0, 156, 255} }},
	{{ {199, 6682, -134}, 0, {-61, -1613}, {177, 0, 156, 255} }},
	{{ {269, 6682, -190}, 0, {302, -1613}, {177, 0, 156, 255} }},
	{{ {269, 5755, -190}, 0, {302, 3148}, {177, 0, 156, 255} }},
	{{ {387, 5755, -147}, 0, {780, 3148}, {127, 0, 0, 255} }},
	{{ {387, 6682, -147}, 0, {780, -1613}, {127, 0, 0, 255} }},
	{{ {387, 6682, -21}, 0, {131, -1613}, {127, 0, 0, 255} }},
	{{ {387, 5755, -21}, 0, {131, 3148}, {127, 0, 0, 255} }},
	{{ {355, 5755, 8}, 0, {822, 3148}, {0, 0, 127, 255} }},
	{{ {355, 6682, 8}, 0, {822, -1613}, {0, 0, 127, 255} }},
	{{ {246, 6682, 8}, 0, {261, -1613}, {0, 0, 127, 255} }},
	{{ {246, 5755, 8}, 0, {261, 3148}, {0, 0, 127, 255} }},
	{{ {269, 5755, -190}, 0, {380, 3148}, {255, 0, 129, 255} }},
	{{ {269, 6682, -190}, 0, {380, -1613}, {255, 0, 129, 255} }},
	{{ {341, 6682, -190}, 0, {747, -1613}, {255, 0, 129, 255} }},
	{{ {341, 5755, -190}, 0, {747, 3148}, {255, 0, 129, 255} }},
	{{ {199, 5755, -30}, 0, {178, 3148}, {129, 0, 0, 255} }},
	{{ {199, 6682, -30}, 0, {178, -1613}, {129, 0, 0, 255} }},
	{{ {199, 6682, -134}, 0, {711, -1613}, {129, 0, 0, 255} }},
	{{ {199, 5755, -134}, 0, {711, 3148}, {129, 0, 0, 255} }},
	{{ {-369, 3697, 247}, 0, {-1768, -4223}, {129, 253, 0, 255} }},
	{{ {-379, 4274, 90}, 0, {-2328, -2159}, {129, 253, 0, 255} }},
	{{ {-379, 4003, -87}, 0, {-2962, -3131}, {129, 253, 0, 255} }},
	{{ {-369, 3697, -408}, 0, {-4110, -4223}, {129, 253, 0, 255} }},
	{{ {-379, 4274, -277}, 0, {-3640, -2159}, {129, 253, 0, 255} }},
	{{ {-379, 4003, -87}, 0, {5457, -3236}, {0, 183, 152, 255} }},
	{{ {-579, 4003, -87}, 0, {6172, -3236}, {0, 183, 152, 255} }},
	{{ {-579, 4274, -277}, 0, {6172, -2264}, {0, 183, 152, 255} }},
	{{ {-379, 4274, -277}, 0, {5457, -2264}, {0, 183, 152, 255} }},
	{{ {-379, 4274, 90}, 0, {5457, -2255}, {0, 187, 106, 255} }},
	{{ {-579, 4274, 90}, 0, {6172, -2255}, {0, 187, 106, 255} }},
	{{ {-579, 4003, -87}, 0, {6172, -3227}, {0, 187, 106, 255} }},
	{{ {-379, 4003, -87}, 0, {5457, -3227}, {0, 187, 106, 255} }},
	{{ {380, 3697, -1068}, 0, {833, -262}, {0, 0, 129, 255} }},
	{{ {1135, 3697, -1068}, 0, {232, -262}, {0, 0, 129, 255} }},
	{{ {1135, 2144, -1068}, 0, {232, -1500}, {0, 0, 129, 255} }},
	{{ {380, 3697, -1068}, 0, {833, -262}, {0, 0, 129, 255} }},
	{{ {1135, 2144, -1068}, 0, {232, -1500}, {0, 0, 129, 255} }},
	{{ {380, 2144, -1068}, 0, {833, -1500}, {0, 0, 129, 255} }},
	{{ {-601, 3697, -1068}, 0, {1615, -262}, {0, 0, 129, 255} }},
	{{ {-601, 2144, -1068}, 0, {1615, -1500}, {0, 0, 129, 255} }},
	{{ {-149, 3715, -585}, 0, {4541, -3072}, {80, 184, 188, 255} }},
	{{ {-274, 3724, -741}, 0, {5030, -2787}, {80, 184, 188, 255} }},
	{{ {-120, 3999, -850}, 0, {4532, -1938}, {80, 184, 188, 255} }},
	{{ {5, 3990, -694}, 0, {4043, -2223}, {80, 184, 188, 255} }},
	{{ {-281, 3994, -464}, 0, {4615, -3731}, {171, 188, 65, 255} }},
	{{ {-406, 4003, -620}, 0, {5102, -3978}, {171, 188, 65, 255} }},
	{{ {-274, 3724, -741}, 0, {4561, -4852}, {171, 188, 65, 255} }},
	{{ {-149, 3715, -585}, 0, {4074, -4606}, {171, 188, 65, 255} }},
	{{ {-181, 4252, 395}, 0, {5042, -4019}, {172, 185, 193, 255} }},
	{{ {-305, 4260, 552}, 0, {5185, -4344}, {172, 185, 193, 255} }},
	{{ {-445, 4536, 426}, 0, {5368, -3546}, {172, 185, 193, 255} }},
	{{ {-321, 4527, 270}, 0, {5225, -3221}, {172, 185, 193, 255} }},
	{{ {-33, 4531, 497}, 0, {5043, -834}, {82, 188, 69, 255} }},
	{{ {-157, 4539, 654}, 0, {5224, -480}, {82, 188, 69, 255} }},
	{{ {-305, 4260, 552}, 0, {5283, -1241}, {82, 188, 69, 255} }},
	{{ {-181, 4252, 395}, 0, {5102, -1595}, {82, 188, 69, 255} }},
	{{ {-94, 3365, 925}, 0, {-699, -978}, {0, 0, 127, 255} }},
	{{ {0, 3267, 925}, 0, {-387, -653}, {0, 0, 127, 255} }},
	{{ {476, 3162, 925}, 0, {1191, -305}, {0, 0, 127, 255} }},
	{{ {445, 3292, 925}, 0, {1088, -737}, {0, 0, 127, 255} }},
	{{ {550, 3385, 925}, 0, {1434, -1045}, {0, 0, 127, 255} }},
	{{ {484, 3394, 925}, 0, {1218, -1074}, {0, 0, 127, 255} }},
	{{ {604, 3512, 925}, 0, {1615, -1466}, {0, 0, 127, 255} }},
	{{ {654, 3283, 925}, 0, {1780, -705}, {0, 0, 127, 255} }},
	{{ {402, 3394, 925}, 0, {944, -1074}, {0, 0, 127, 255} }},
	{{ {87, 3407, 925}, 0, {-99, -1116}, {0, 0, 127, 255} }},
	{{ {402, 3517, 925}, 0, {944, -1483}, {0, 0, 127, 255} }},
	{{ {402, 3517, 925}, 0, {944, -1483}, {0, 0, 127, 255} }},
	{{ {87, 3508, 925}, 0, {-99, -1452}, {0, 0, 127, 255} }},
	{{ {87, 3407, 925}, 0, {-99, -1116}, {0, 0, 127, 255} }},
	{{ {-22, 3407, 925}, 0, {-460, -1116}, {0, 0, 127, 255} }},
	{{ {-94, 3365, 925}, 0, {-699, -978}, {0, 0, 127, 255} }},
	{{ {-162, 3542, 925}, 0, {-927, -1565}, {0, 0, 127, 255} }},
	{{ {-186, 3289, 925}, 0, {-1004, -725}, {0, 0, 127, 255} }},
	{{ {-162, 3635, 925}, 0, {-927, -1873}, {0, 0, 127, 255} }},
	{{ {307, 4510, 564}, 0, {4373, -3751}, {152, 183, 0, 255} }},
	{{ {307, 4510, 764}, 0, {4373, -4087}, {152, 183, 0, 255} }},
	{{ {118, 4782, 764}, 0, {5051, -3433}, {152, 183, 0, 255} }},
	{{ {118, 4782, 564}, 0, {5051, -3098}, {152, 183, 0, 255} }},
	{{ {485, 4782, 564}, 0, {2754, -32}, {106, 187, 0, 255} }},
	{{ {485, 4782, 764}, 0, {2754, 296}, {106, 187, 0, 255} }},
	{{ {307, 4510, 764}, 0, {3388, -386}, {106, 187, 0, 255} }},
	{{ {307, 4510, 564}, 0, {3388, -713}, {106, 187, 0, 255} }},
	{{ {767, 4755, 413}, 0, {4670, -3211}, {182, 184, 74, 255} }},
	{{ {904, 4764, 558}, 0, {4626, -3451}, {182, 184, 74, 255} }},
	{{ {760, 5039, 679}, 0, {4900, -3199}, {182, 184, 74, 255} }},
	{{ {622, 5030, 534}, 0, {4944, -2959}, {182, 184, 74, 255} }},
	{{ {889, 5034, 281}, 0, {4185, -578}, {80, 188, 185, 255} }},
	{{ {1026, 5043, 427}, 0, {4174, -328}, {80, 188, 185, 255} }},
	{{ {904, 4764, 558}, 0, {4369, -604}, {80, 188, 185, 255} }},
	{{ {767, 4755, 413}, 0, {4380, -854}, {80, 188, 185, 255} }},
	{{ {937, 5018, -87}, 0, {4299, -3004}, {0, 183, 104, 255} }},
	{{ {1137, 5018, -87}, 0, {4065, -3230}, {0, 183, 104, 255} }},
	{{ {1137, 5290, 103}, 0, {4521, -3108}, {0, 183, 104, 255} }},
	{{ {937, 5290, 103}, 0, {4755, -2882}, {0, 183, 104, 255} }},
	{{ {937, 5290, -264}, 0, {1399, 132}, {0, 187, 150, 255} }},
	{{ {1137, 5290, -264}, 0, {1185, 361}, {0, 187, 150, 255} }},
	{{ {1137, 5018, -87}, 0, {1630, 174}, {0, 187, 150, 255} }},
	{{ {937, 5018, -87}, 0, {1843, -56}, {0, 187, 150, 255} }},
	{{ {757, 5295, -561}, 0, {4300, -2937}, {77, 183, 70, 255} }},
	{{ {891, 5295, -709}, 0, {4038, -3110}, {77, 183, 70, 255} }},
	{{ {1031, 5567, -582}, 0, {4281, -3160}, {77, 183, 70, 255} }},
	{{ {897, 5567, -434}, 0, {4543, -2987}, {77, 183, 70, 255} }},
	{{ {625, 5567, -681}, 0, {1230, -78}, {177, 187, 184, 255} }},
	{{ {760, 5567, -829}, 0, {987, 112}, {177, 187, 184, 255} }},
	{{ {891, 5295, -709}, 0, {1248, 94}, {177, 187, 184, 255} }},
	{{ {757, 5295, -561}, 0, {1491, -97}, {177, 187, 184, 255} }},
	{{ {-601, 3697, -599}, 0, {-845, -262}, {129, 0, 0, 255} }},
	{{ {-601, 3697, -1068}, 0, {-1219, -262}, {129, 0, 0, 255} }},
	{{ {-601, 2144, -1068}, 0, {-1219, -1500}, {129, 0, 0, 255} }},
	{{ {-601, 2144, -599}, 0, {-845, -1500}, {129, 0, 0, 255} }},
	{{ {-601, 3697, 925}, 0, {369, -262}, {129, 0, 0, 255} }},
	{{ {-601, 2144, 925}, 0, {369, -1500}, {129, 0, 0, 255} }},
	{{ {-138, 2750, 925}, 0, {-845, 1062}, {0, 0, 127, 255} }},
	{{ {648, 2750, 925}, 0, {1762, 1062}, {0, 0, 127, 255} }},
	{{ {296, 2896, 925}, 0, {593, 579}, {0, 0, 127, 255} }},
	{{ {145, 2896, 925}, 0, {93, 579}, {0, 0, 127, 255} }},
	{{ {-146, 3173, 925}, 0, {-871, -341}, {0, 0, 127, 255} }},
	{{ {-39, 3173, 925}, 0, {-516, -341}, {0, 0, 127, 255} }},
	{{ {-601, 2144, 925}, 0, {-2382, 3071}, {0, 0, 127, 255} }},
	{{ {-186, 3289, 925}, 0, {-1004, -725}, {0, 0, 127, 255} }},
	{{ {-601, 3697, 925}, 0, {-2382, -2079}, {0, 0, 127, 255} }},
	{{ {-377, 2328, 925}, 0, {-1639, 2462}, {0, 0, 127, 255} }},
	{{ {1146, 1549, -1068}, 0, {-16, 1008}, {0, 0, 129, 255} }},
	{{ {-901, 1537, -1068}, 0, {1899, -2409}, {0, 0, 129, 255} }},
	{{ {-601, 2144, -1068}, 0, {1615, -1500}, {0, 0, 129, 255} }},
	{{ {1123, 2144, -1068}, 0, {-16, 1008}, {0, 0, 129, 255} }},
	{{ {-1396, 1845, 1096}, 0, {1093, 1419}, {0, 129, 0, 255} }},
	{{ {-1597, 1845, 1096}, 0, {496, 1419}, {0, 129, 0, 255} }},
	{{ {-1797, 1845, 1096}, 0, {-101, 1419}, {0, 129, 0, 255} }},
	{{ {-1597, 1845, 475}, 0, {496, -426}, {0, 129, 0, 255} }},
	{{ {-1797, 1845, 1096}, 0, {-101, 1419}, {0, 129, 0, 255} }},
	{{ {-1798, 1845, 475}, 0, {-101, -426}, {0, 129, 0, 255} }},
	{{ {-1597, 1845, 475}, 0, {496, -426}, {0, 129, 0, 255} }},
	{{ {-1396, 1845, 475}, 0, {1093, -426}, {0, 129, 0, 255} }},
	{{ {-1396, 1845, 1096}, 0, {1093, 1419}, {0, 129, 0, 255} }},
	{{ {471, 3697, -169}, 0, {-3253, -4223}, {127, 0, 0, 255} }},
	{{ {471, 3911, -169}, 0, {-3253, -3459}, {127, 0, 0, 255} }},
	{{ {471, 3911, 39}, 0, {-2509, -3459}, {127, 0, 0, 255} }},
	{{ {471, 3697, 39}, 0, {-2509, -4223}, {127, 0, 0, 255} }},
	{{ {947, 3911, -169}, 0, {-3253, -3739}, {0, 129, 0, 255} }},
	{{ {946, 3911, 39}, 0, {-2509, -3738}, {0, 129, 0, 255} }},
	{{ {471, 3911, 39}, 0, {-2509, -3738}, {0, 129, 0, 255} }},
	{{ {471, 3911, -169}, 0, {-3253, -3739}, {0, 129, 0, 255} }},
	{{ {947, 3697, -169}, 0, {-3253, -4223}, {0, 0, 127, 255} }},
	{{ {947, 3911, -169}, 0, {-3253, -3459}, {0, 0, 127, 255} }},
	{{ {471, 3911, -169}, 0, {-3253, -3459}, {0, 0, 127, 255} }},
	{{ {471, 3697, -169}, 0, {-3253, -4223}, {0, 0, 127, 255} }},
	{{ {946, 3911, 39}, 0, {-2509, -3459}, {0, 0, 129, 255} }},
	{{ {946, 3697, 39}, 0, {-2509, -4223}, {0, 0, 129, 255} }},
	{{ {471, 3697, 39}, 0, {-2509, -4223}, {0, 0, 129, 255} }},
	{{ {471, 3911, 39}, 0, {-2509, -3459}, {0, 0, 129, 255} }},
};

Gfx wf_dl_Plane_mesh_layer_1_tri_5[] = {
	gsSPVertex(wf_dl_Plane_mesh_layer_1_vtx_5 + 0, 30, 0),
	gsSP2Triangles(0, 1, 2, 0, 3, 4, 5, 0),
	gsSP2Triangles(6, 7, 8, 0, 9, 10, 11, 0),
	gsSP2Triangles(12, 13, 14, 0, 15, 16, 17, 0),
	gsSP2Triangles(18, 19, 20, 0, 21, 22, 23, 0),
	gsSP2Triangles(24, 25, 26, 0, 27, 28, 29, 0),
	gsSPVertex(wf_dl_Plane_mesh_layer_1_vtx_5 + 30, 31, 0),
	gsSP2Triangles(0, 1, 2, 0, 3, 4, 5, 0),
	gsSP2Triangles(6, 7, 8, 0, 9, 10, 11, 0),
	gsSP2Triangles(12, 13, 14, 0, 15, 16, 17, 0),
	gsSP2Triangles(15, 17, 18, 0, 19, 20, 21, 0),
	gsSP2Triangles(19, 21, 22, 0, 23, 24, 25, 0),
	gsSP2Triangles(23, 25, 26, 0, 27, 28, 29, 0),
	gsSP1Triangle(27, 29, 30, 0),
	gsSPVertex(wf_dl_Plane_mesh_layer_1_vtx_5 + 61, 32, 0),
	gsSP2Triangles(0, 1, 2, 0, 0, 2, 3, 0),
	gsSP2Triangles(4, 5, 6, 0, 4, 6, 7, 0),
	gsSP2Triangles(8, 9, 10, 0, 8, 10, 11, 0),
	gsSP2Triangles(11, 12, 8, 0, 11, 13, 12, 0),
	gsSP2Triangles(14, 15, 16, 0, 14, 16, 17, 0),
	gsSP2Triangles(18, 19, 20, 0, 18, 20, 21, 0),
	gsSP2Triangles(22, 23, 24, 0, 22, 24, 25, 0),
	gsSP2Triangles(26, 27, 28, 0, 26, 28, 29, 0),
	gsSP2Triangles(28, 30, 29, 0, 31, 26, 29, 0),
	gsSPVertex(wf_dl_Plane_mesh_layer_1_vtx_5 + 93, 32, 0),
	gsSP2Triangles(0, 1, 2, 0, 0, 3, 1, 0),
	gsSP2Triangles(0, 4, 3, 0, 4, 5, 3, 0),
	gsSP2Triangles(3, 6, 1, 0, 1, 7, 2, 0),
	gsSP2Triangles(8, 9, 10, 0, 8, 10, 11, 0),
	gsSP2Triangles(8, 11, 12, 0, 11, 13, 12, 0),
	gsSP2Triangles(11, 14, 13, 0, 12, 15, 8, 0),
	gsSP2Triangles(15, 16, 8, 0, 17, 18, 19, 0),
	gsSP2Triangles(20, 17, 19, 0, 21, 20, 19, 0),
	gsSP2Triangles(21, 19, 22, 0, 23, 21, 22, 0),
	gsSP2Triangles(22, 24, 23, 0, 24, 25, 23, 0),
	gsSP2Triangles(24, 26, 25, 0, 23, 27, 21, 0),
	gsSP2Triangles(27, 28, 21, 0, 29, 30, 31, 0),
	gsSPVertex(wf_dl_Plane_mesh_layer_1_vtx_5 + 125, 32, 0),
	gsSP2Triangles(0, 1, 2, 0, 3, 4, 5, 0),
	gsSP2Triangles(3, 5, 6, 0, 3, 6, 7, 0),
	gsSP2Triangles(8, 9, 10, 0, 8, 10, 11, 0),
	gsSP2Triangles(12, 13, 14, 0, 12, 14, 15, 0),
	gsSP2Triangles(16, 17, 18, 0, 16, 18, 19, 0),
	gsSP2Triangles(20, 21, 22, 0, 20, 22, 23, 0),
	gsSP2Triangles(24, 25, 26, 0, 24, 26, 27, 0),
	gsSP2Triangles(28, 29, 30, 0, 28, 30, 31, 0),
	gsSPVertex(wf_dl_Plane_mesh_layer_1_vtx_5 + 157, 30, 0),
	gsSP2Triangles(0, 1, 2, 0, 0, 2, 3, 0),
	gsSP2Triangles(4, 5, 6, 0, 7, 4, 6, 0),
	gsSP2Triangles(6, 8, 7, 0, 8, 9, 7, 0),
	gsSP2Triangles(10, 11, 12, 0, 13, 10, 12, 0),
	gsSP2Triangles(12, 14, 13, 0, 12, 15, 14, 0),
	gsSP2Triangles(12, 16, 15, 0, 15, 17, 14, 0),
	gsSP2Triangles(18, 19, 20, 0, 18, 20, 21, 0),
	gsSP2Triangles(22, 23, 24, 0, 22, 24, 25, 0),
	gsSP2Triangles(26, 27, 28, 0, 26, 28, 29, 0),
	gsSPVertex(wf_dl_Plane_mesh_layer_1_vtx_5 + 187, 32, 0),
	gsSP2Triangles(0, 1, 2, 0, 0, 2, 3, 0),
	gsSP2Triangles(4, 5, 6, 0, 4, 6, 7, 0),
	gsSP2Triangles(8, 9, 10, 0, 8, 10, 11, 0),
	gsSP2Triangles(12, 13, 14, 0, 12, 14, 15, 0),
	gsSP2Triangles(16, 17, 18, 0, 19, 16, 18, 0),
	gsSP2Triangles(18, 20, 19, 0, 21, 22, 23, 0),
	gsSP2Triangles(21, 23, 24, 0, 25, 26, 27, 0),
	gsSP2Triangles(25, 27, 28, 0, 29, 30, 31, 0),
	gsSPVertex(wf_dl_Plane_mesh_layer_1_vtx_5 + 219, 32, 0),
	gsSP2Triangles(0, 1, 2, 0, 0, 2, 3, 0),
	gsSP2Triangles(2, 4, 3, 0, 5, 6, 7, 0),
	gsSP2Triangles(5, 7, 8, 0, 9, 10, 11, 0),
	gsSP2Triangles(9, 11, 12, 0, 13, 14, 15, 0),
	gsSP2Triangles(13, 15, 16, 0, 17, 18, 19, 0),
	gsSP2Triangles(17, 19, 20, 0, 21, 22, 23, 0),
	gsSP2Triangles(21, 23, 24, 0, 21, 24, 25, 0),
	gsSP2Triangles(21, 25, 26, 0, 25, 27, 26, 0),
	gsSP2Triangles(25, 28, 27, 0, 21, 26, 29, 0),
	gsSP2Triangles(29, 30, 21, 0, 29, 31, 30, 0),
	gsSPVertex(wf_dl_Plane_mesh_layer_1_vtx_5 + 251, 32, 0),
	gsSP2Triangles(0, 1, 2, 0, 2, 3, 4, 0),
	gsSP2Triangles(3, 5, 4, 0, 5, 6, 4, 0),
	gsSP2Triangles(5, 7, 6, 0, 8, 9, 10, 0),
	gsSP2Triangles(8, 10, 11, 0, 12, 13, 14, 0),
	gsSP2Triangles(12, 14, 15, 0, 16, 17, 18, 0),
	gsSP2Triangles(16, 18, 19, 0, 20, 21, 22, 0),
	gsSP2Triangles(20, 22, 23, 0, 24, 25, 26, 0),
	gsSP2Triangles(24, 26, 27, 0, 28, 29, 30, 0),
	gsSP1Triangle(28, 30, 31, 0),
	gsSPVertex(wf_dl_Plane_mesh_layer_1_vtx_5 + 283, 32, 0),
	gsSP2Triangles(0, 1, 2, 0, 0, 2, 3, 0),
	gsSP2Triangles(4, 5, 6, 0, 4, 6, 7, 0),
	gsSP2Triangles(8, 9, 10, 0, 8, 10, 11, 0),
	gsSP2Triangles(8, 11, 12, 0, 11, 13, 12, 0),
	gsSP2Triangles(14, 15, 16, 0, 14, 16, 17, 0),
	gsSP2Triangles(14, 17, 18, 0, 17, 19, 18, 0),
	gsSP2Triangles(18, 20, 14, 0, 18, 21, 20, 0),
	gsSP2Triangles(21, 22, 20, 0, 20, 23, 14, 0),
	gsSP2Triangles(24, 25, 26, 0, 24, 26, 27, 0),
	gsSP2Triangles(28, 29, 30, 0, 30, 31, 28, 0),
	gsSPVertex(wf_dl_Plane_mesh_layer_1_vtx_5 + 315, 21, 0),
	gsSP2Triangles(0, 1, 2, 0, 2, 3, 4, 0),
	gsSP2Triangles(5, 6, 7, 0, 5, 7, 8, 0),
	gsSP2Triangles(9, 10, 11, 0, 9, 11, 12, 0),
	gsSP2Triangles(13, 14, 15, 0, 13, 15, 16, 0),
	gsSP2Triangles(17, 18, 19, 0, 17, 19, 20, 0),
	gsSPEndDisplayList(),
};

Vtx wf_dl_Plane_mesh_layer_1_vtx_6[105] = {
	{{ {850, 2144, 2394}, 0, {-703, 1300}, {0, 0, 127, 255} }},
	{{ {1134, 1821, 2394}, 0, {-1285, 637}, {0, 0, 127, 255} }},
	{{ {1434, 2144, 2394}, 0, {-1902, 1300}, {0, 0, 127, 255} }},
	{{ {1624, 1171, 2578}, 0, {-158, -694}, {0, 127, 0, 255} }},
	{{ {1813, 1171, 2578}, 0, {-309, -694}, {0, 127, 0, 255} }},
	{{ {1813, 1171, 2118}, 0, {-309, -327}, {0, 127, 0, 255} }},
	{{ {1624, 1171, 2118}, 0, {-158, -327}, {0, 127, 0, 255} }},
	{{ {1434, 2144, -884}, 0, {-7, 2064}, {0, 127, 0, 255} }},
	{{ {1434, 2144, -1068}, 0, {-7, 2211}, {0, 127, 0, 255} }},
	{{ {-601, 2144, -1068}, 0, {1615, 2211}, {0, 127, 0, 255} }},
	{{ {267, 2144, -884}, 0, {924, 2064}, {0, 127, 0, 255} }},
	{{ {1135, 2144, -599}, 0, {232, 1837}, {0, 127, 0, 255} }},
	{{ {267, 2144, -599}, 0, {924, 1837}, {0, 127, 0, 255} }},
	{{ {1135, 2144, 925}, 0, {232, 623}, {0, 127, 0, 255} }},
	{{ {1434, 2144, 1210}, 0, {-7, 396}, {0, 127, 0, 255} }},
	{{ {-317, 2144, 925}, 0, {-693, -1000}, {0, 127, 0, 255} }},
	{{ {267, 2144, 925}, 0, {496, -1000}, {0, 127, 0, 255} }},
	{{ {-601, 2144, 925}, 0, {-1272, -1000}, {0, 127, 0, 255} }},
	{{ {-317, 2144, 1650}, 0, {-693, 476}, {0, 127, 0, 255} }},
	{{ {-901, 2144, 2394}, 0, {-1883, 1992}, {0, 127, 0, 255} }},
	{{ {-901, 2144, 1210}, 0, {-1883, -420}, {0, 127, 0, 255} }},
	{{ {-317, 2144, 2394}, 0, {-693, 1992}, {0, 127, 0, 255} }},
	{{ {145, 5886, -560}, 0, {4012, 6451}, {0, 127, 0, 255} }},
	{{ {75, 5886, -758}, 0, {4471, 7752}, {0, 127, 0, 255} }},
	{{ {-369, 5886, -408}, 0, {7387, 5454}, {0, 127, 0, 255} }},
	{{ {-170, 5886, -312}, 0, {6082, 4821}, {0, 127, 0, 255} }},
	{{ {-170, 5886, 153}, 0, {6082, 1770}, {0, 127, 0, 255} }},
	{{ {-369, 5886, 247}, 0, {7387, 1152}, {0, 127, 0, 255} }},
	{{ {30, 5886, 573}, 0, {4771, -989}, {0, 127, 0, 255} }},
	{{ {100, 5886, 374}, 0, {4305, 316}, {0, 127, 0, 255} }},
	{{ {514, 5886, 374}, 0, {1587, 316}, {0, 127, 0, 255} }},
	{{ {592, 5886, 573}, 0, {1079, -989}, {0, 127, 0, 255} }},
	{{ {946, 5886, 247}, 0, {-1251, 1152}, {0, 127, 0, 255} }},
	{{ {748, 5886, 159}, 0, {54, 1725}, {0, 127, 0, 255} }},
	{{ {748, 5886, -322}, 0, {54, 4886}, {0, 127, 0, 255} }},
	{{ {947, 5886, -408}, 0, {-1251, 5454}, {0, 127, 0, 255} }},
	{{ {565, 5886, -764}, 0, {1252, 7787}, {0, 127, 0, 255} }},
	{{ {488, 5886, -564}, 0, {1760, 6476}, {0, 127, 0, 255} }},
	{{ {-170, 6043, -312}, 0, {6082, 4821}, {0, 127, 0, 255} }},
	{{ {-369, 6043, -408}, 0, {7387, 5454}, {0, 127, 0, 255} }},
	{{ {-369, 6043, 247}, 0, {7387, 1152}, {0, 127, 0, 255} }},
	{{ {-170, 6043, 153}, 0, {6082, 1770}, {0, 127, 0, 255} }},
	{{ {488, 6043, -564}, 0, {1760, 6476}, {0, 127, 0, 255} }},
	{{ {565, 6043, -764}, 0, {1252, 7787}, {0, 127, 0, 255} }},
	{{ {75, 6043, -758}, 0, {4471, 7752}, {0, 127, 0, 255} }},
	{{ {145, 6043, -560}, 0, {4012, 6451}, {0, 127, 0, 255} }},
	{{ {100, 6043, 374}, 0, {4305, 316}, {0, 127, 0, 255} }},
	{{ {30, 6043, 573}, 0, {4771, -989}, {0, 127, 0, 255} }},
	{{ {592, 6043, 573}, 0, {1079, -989}, {0, 127, 0, 255} }},
	{{ {514, 6043, 374}, 0, {1587, 316}, {0, 127, 0, 255} }},
	{{ {748, 6043, 159}, 0, {54, 1725}, {0, 127, 0, 255} }},
	{{ {946, 6043, 247}, 0, {-1251, 1152}, {0, 127, 0, 255} }},
	{{ {947, 6043, -408}, 0, {-1251, 5454}, {0, 127, 0, 255} }},
	{{ {748, 6043, -322}, 0, {54, 4886}, {0, 127, 0, 255} }},
	{{ {-379, 4274, -277}, 0, {5457, 4048}, {0, 127, 0, 255} }},
	{{ {-579, 4274, -277}, 0, {6172, 4048}, {0, 127, 0, 255} }},
	{{ {-579, 4274, 90}, 0, {6172, 2736}, {0, 127, 0, 255} }},
	{{ {-379, 4274, 90}, 0, {5457, 2736}, {0, 127, 0, 255} }},
	{{ {5, 3990, -694}, 0, {4065, 5514}, {5, 127, 3, 255} }},
	{{ {-120, 3999, -850}, 0, {4512, 6072}, {5, 127, 3, 255} }},
	{{ {-406, 4003, -620}, 0, {5531, 5261}, {5, 127, 3, 255} }},
	{{ {-281, 3994, -464}, 0, {5084, 4704}, {5, 127, 3, 255} }},
	{{ {-321, 4527, 270}, 0, {5270, 2070}, {2, 127, 251, 255} }},
	{{ {-445, 4536, 426}, 0, {5712, 1516}, {2, 127, 251, 255} }},
	{{ {-157, 4539, 654}, 0, {4686, 701}, {2, 127, 251, 255} }},
	{{ {-33, 4531, 497}, 0, {4244, 1255}, {2, 127, 251, 255} }},
	{{ {118, 4782, 564}, 0, {3680, 1042}, {0, 127, 0, 255} }},
	{{ {118, 4782, 764}, 0, {3680, 327}, {0, 127, 0, 255} }},
	{{ {485, 4782, 764}, 0, {2368, 327}, {0, 127, 0, 255} }},
	{{ {485, 4782, 564}, 0, {2368, 1042}, {0, 127, 0, 255} }},
	{{ {622, 5030, 534}, 0, {1914, 1049}, {251, 127, 253, 255} }},
	{{ {760, 5039, 679}, 0, {1425, 530}, {251, 127, 253, 255} }},
	{{ {1026, 5043, 427}, 0, {476, 1417}, {251, 127, 253, 255} }},
	{{ {889, 5034, 281}, 0, {965, 1936}, {251, 127, 253, 255} }},
	{{ {937, 5290, 103}, 0, {751, 2691}, {0, 127, 0, 255} }},
	{{ {1137, 5290, 103}, 0, {36, 2691}, {0, 127, 0, 255} }},
	{{ {1137, 5290, -264}, 0, {36, 4003}, {0, 127, 0, 255} }},
	{{ {937, 5290, -264}, 0, {751, 4003}, {0, 127, 0, 255} }},
	{{ {897, 5567, -434}, 0, {895, 4609}, {0, 127, 0, 255} }},
	{{ {1031, 5567, -582}, 0, {413, 5137}, {0, 127, 0, 255} }},
	{{ {760, 5567, -829}, 0, {1383, 6021}, {0, 127, 0, 255} }},
	{{ {625, 5567, -681}, 0, {1865, 5492}, {0, 127, 0, 255} }},
	{{ {1624, 1730, 187}, 0, {2284, -1648}, {0, 127, 0, 255} }},
	{{ {2743, 1730, 187}, 0, {-2022, -1647}, {0, 127, 0, 255} }},
	{{ {2743, 1730, -217}, 0, {-2021, -94}, {0, 127, 0, 255} }},
	{{ {1434, 1730, 188}, 0, {3012, -1648}, {0, 127, 0, 255} }},
	{{ {1434, 1730, -217}, 0, {3013, -94}, {0, 127, 0, 255} }},
	{{ {1434, 1730, -1067}, 0, {3014, 3178}, {0, 127, 0, 255} }},
	{{ {1434, 1730, -671}, 0, {3013, 1655}, {0, 127, 0, 255} }},
	{{ {2743, 1730, -671}, 0, {-2021, 1655}, {0, 127, 0, 255} }},
	{{ {1623, 1730, -1067}, 0, {2286, 3179}, {0, 127, 0, 255} }},
	{{ {2743, 1730, -1068}, 0, {-2020, 3180}, {0, 127, 0, 255} }},
	{{ {1434, 1729, 189}, 0, {3012, -1653}, {0, 99, 79, 255} }},
	{{ {1526, 1619, 328}, 0, {2662, -2188}, {0, 99, 79, 255} }},
	{{ {1624, 1730, 187}, 0, {2284, -1648}, {0, 99, 79, 255} }},
	{{ {1434, 1730, 188}, 0, {3012, -1648}, {0, 99, 79, 255} }},
	{{ {1434, 2144, 2394}, 0, {2875, 1992}, {0, 127, 0, 255} }},
	{{ {1434, 2144, 1210}, 0, {2875, -420}, {0, 127, 0, 255} }},
	{{ {1135, 2144, 925}, 0, {2264, -1000}, {0, 127, 0, 255} }},
	{{ {850, 2144, 925}, 0, {1685, -1000}, {0, 127, 0, 255} }},
	{{ {267, 2144, 925}, 0, {496, -1000}, {0, 127, 0, 255} }},
	{{ {850, 2144, 2394}, 0, {1685, 1992}, {0, 127, 0, 255} }},
	{{ {-901, 2144, 2394}, 0, {2894, 1300}, {0, 0, 127, 255} }},
	{{ {-620, 1821, 2394}, 0, {2316, 637}, {0, 0, 127, 255} }},
	{{ {-317, 2144, 2394}, 0, {1695, 1300}, {0, 0, 127, 255} }},
};

Gfx wf_dl_Plane_mesh_layer_1_tri_6[] = {
	gsSPVertex(wf_dl_Plane_mesh_layer_1_vtx_6 + 0, 30, 0),
	gsSP2Triangles(0, 1, 2, 0, 3, 4, 5, 0),
	gsSP2Triangles(3, 5, 6, 0, 7, 8, 9, 0),
	gsSP2Triangles(7, 9, 10, 0, 7, 10, 11, 0),
	gsSP2Triangles(10, 12, 11, 0, 7, 11, 13, 0),
	gsSP2Triangles(13, 14, 7, 0, 15, 16, 17, 0),
	gsSP2Triangles(18, 15, 17, 0, 17, 19, 18, 0),
	gsSP2Triangles(17, 20, 19, 0, 19, 21, 18, 0),
	gsSP2Triangles(22, 23, 24, 0, 22, 24, 25, 0),
	gsSP2Triangles(26, 27, 28, 0, 26, 28, 29, 0),
	gsSPVertex(wf_dl_Plane_mesh_layer_1_vtx_6 + 30, 32, 0),
	gsSP2Triangles(0, 1, 2, 0, 0, 2, 3, 0),
	gsSP2Triangles(4, 5, 6, 0, 4, 6, 7, 0),
	gsSP2Triangles(8, 9, 10, 0, 8, 10, 11, 0),
	gsSP2Triangles(12, 13, 14, 0, 12, 14, 15, 0),
	gsSP2Triangles(16, 17, 18, 0, 16, 18, 19, 0),
	gsSP2Triangles(20, 21, 22, 0, 20, 22, 23, 0),
	gsSP2Triangles(24, 25, 26, 0, 24, 26, 27, 0),
	gsSP2Triangles(28, 29, 30, 0, 28, 30, 31, 0),
	gsSPVertex(wf_dl_Plane_mesh_layer_1_vtx_6 + 62, 30, 0),
	gsSP2Triangles(0, 1, 2, 0, 0, 2, 3, 0),
	gsSP2Triangles(4, 5, 6, 0, 4, 6, 7, 0),
	gsSP2Triangles(8, 9, 10, 0, 8, 10, 11, 0),
	gsSP2Triangles(12, 13, 14, 0, 12, 14, 15, 0),
	gsSP2Triangles(16, 17, 18, 0, 16, 18, 19, 0),
	gsSP2Triangles(20, 21, 22, 0, 22, 23, 20, 0),
	gsSP2Triangles(22, 24, 23, 0, 25, 26, 27, 0),
	gsSP2Triangles(27, 28, 25, 0, 27, 29, 28, 0),
	gsSPVertex(wf_dl_Plane_mesh_layer_1_vtx_6 + 92, 13, 0),
	gsSP2Triangles(0, 1, 2, 0, 0, 2, 3, 0),
	gsSP2Triangles(4, 5, 6, 0, 6, 7, 4, 0),
	gsSP2Triangles(6, 8, 7, 0, 7, 9, 4, 0),
	gsSP1Triangle(10, 11, 12, 0),
	gsSPEndDisplayList(),
};

Vtx wf_dl_Plane_mesh_layer_1_vtx_7[40] = {
	{{ {380, 3697, -1068}, 0, {114, 3843}, {0, 127, 0, 255} }},
	{{ {-601, 3697, -1068}, 0, {3411, 3843}, {0, 127, 0, 255} }},
	{{ {-601, 3697, -599}, 0, {3411, 2269}, {0, 127, 0, 255} }},
	{{ {-369, 3697, -408}, 0, {2630, 1629}, {0, 127, 0, 255} }},
	{{ {-601, 3697, 925}, 0, {3411, -2851}, {0, 127, 0, 255} }},
	{{ {-369, 3697, 247}, 0, {2630, -571}, {0, 127, 0, 255} }},
	{{ {30, 3697, 573}, 0, {1292, -1666}, {0, 127, 0, 255} }},
	{{ {267, 3697, 925}, 0, {496, -2851}, {0, 127, 0, 255} }},
	{{ {592, 3697, 573}, 0, {-596, -1666}, {0, 127, 0, 255} }},
	{{ {1135, 3697, 925}, 0, {-2419, -2851}, {0, 127, 0, 255} }},
	{{ {946, 3697, 247}, 0, {-1787, -571}, {0, 127, 0, 255} }},
	{{ {946, 3697, 39}, 0, {-1787, 125}, {0, 127, 0, 255} }},
	{{ {947, 3697, -169}, 0, {-1787, 824}, {0, 127, 0, 255} }},
	{{ {947, 3697, -408}, 0, {-1787, 1629}, {0, 127, 0, 255} }},
	{{ {1135, 3697, -599}, 0, {-2419, 2269}, {0, 127, 0, 255} }},
	{{ {1135, 3697, -1068}, 0, {-2419, 3843}, {0, 127, 0, 255} }},
	{{ {565, 3697, -764}, 0, {-507, 2822}, {0, 127, 0, 255} }},
	{{ {75, 3697, -758}, 0, {1139, 2804}, {0, 127, 0, 255} }},
	{{ {471, 3697, -169}, 0, {-192, 824}, {0, 127, 0, 255} }},
	{{ {471, 3697, 39}, 0, {-192, 125}, {0, 127, 0, 255} }},
	{{ {199, 5755, -134}, 0, {-120, 230}, {0, 127, 0, 255} }},
	{{ {269, 5755, -190}, 0, {363, -151}, {0, 127, 0, 255} }},
	{{ {145, 5755, -560}, 0, {-487, -2686}, {0, 127, 0, 255} }},
	{{ {-170, 5755, 153}, 0, {-2642, 2189}, {0, 127, 0, 255} }},
	{{ {-170, 5755, -312}, 0, {-2642, -988}, {0, 127, 0, 255} }},
	{{ {199, 5755, -30}, 0, {-120, 939}, {0, 127, 0, 255} }},
	{{ {246, 5755, 8}, 0, {202, 1203}, {0, 127, 0, 255} }},
	{{ {514, 5755, 374}, 0, {2038, 3703}, {0, 127, 0, 255} }},
	{{ {100, 5755, 374}, 0, {-792, 3703}, {0, 127, 0, 255} }},
	{{ {355, 5755, 8}, 0, {950, 1203}, {0, 127, 0, 255} }},
	{{ {748, 5755, -322}, 0, {3634, -1056}, {0, 127, 0, 255} }},
	{{ {748, 5755, 159}, 0, {3634, 2236}, {0, 127, 0, 255} }},
	{{ {748, 5755, -322}, 0, {3634, -1056}, {0, 127, 0, 255} }},
	{{ {387, 5755, -21}, 0, {1168, 1002}, {0, 127, 0, 255} }},
	{{ {355, 5755, 8}, 0, {950, 1203}, {0, 127, 0, 255} }},
	{{ {387, 5755, -147}, 0, {1168, 138}, {0, 127, 0, 255} }},
	{{ {488, 5755, -564}, 0, {1858, -2711}, {0, 127, 0, 255} }},
	{{ {341, 5755, -190}, 0, {852, -156}, {0, 127, 0, 255} }},
	{{ {145, 5755, -560}, 0, {-487, -2686}, {0, 127, 0, 255} }},
	{{ {269, 5755, -190}, 0, {363, -151}, {0, 127, 0, 255} }},
};

Gfx wf_dl_Plane_mesh_layer_1_tri_7[] = {
	gsSPVertex(wf_dl_Plane_mesh_layer_1_vtx_7 + 0, 32, 0),
	gsSP2Triangles(0, 1, 2, 0, 0, 2, 3, 0),
	gsSP2Triangles(3, 2, 4, 0, 5, 3, 4, 0),
	gsSP2Triangles(6, 5, 4, 0, 6, 4, 7, 0),
	gsSP2Triangles(8, 6, 7, 0, 8, 7, 9, 0),
	gsSP2Triangles(10, 8, 9, 0, 9, 11, 10, 0),
	gsSP2Triangles(9, 12, 11, 0, 9, 13, 12, 0),
	gsSP2Triangles(9, 14, 13, 0, 13, 14, 15, 0),
	gsSP2Triangles(13, 15, 0, 0, 16, 13, 0, 0),
	gsSP2Triangles(17, 16, 0, 0, 0, 3, 17, 0),
	gsSP2Triangles(11, 12, 18, 0, 11, 18, 19, 0),
	gsSP2Triangles(20, 21, 22, 0, 20, 22, 23, 0),
	gsSP2Triangles(22, 24, 23, 0, 25, 20, 23, 0),
	gsSP2Triangles(26, 25, 23, 0, 23, 27, 26, 0),
	gsSP2Triangles(23, 28, 27, 0, 27, 29, 26, 0),
	gsSP2Triangles(27, 30, 29, 0, 27, 31, 30, 0),
	gsSPVertex(wf_dl_Plane_mesh_layer_1_vtx_7 + 32, 8, 0),
	gsSP2Triangles(0, 1, 2, 0, 0, 3, 1, 0),
	gsSP2Triangles(3, 0, 4, 0, 3, 4, 5, 0),
	gsSP2Triangles(5, 4, 6, 0, 5, 6, 7, 0),
	gsSPEndDisplayList(),
};

Vtx wf_dl_Plane_mesh_layer_1_vtx_8[37] = {
	{{ {296, 2896, 925}, 0, {593, 579}, {0, 0, 127, 255} }},
	{{ {296, 3157, 925}, 0, {593, -287}, {0, 0, 127, 255} }},
	{{ {145, 2896, 925}, 0, {93, 579}, {0, 0, 127, 255} }},
	{{ {1624, 937, 2118}, 0, {-158, -327}, {0, 129, 0, 255} }},
	{{ {1813, 937, 2118}, 0, {-309, -327}, {0, 129, 0, 255} }},
	{{ {1813, 937, 2578}, 0, {-309, -694}, {0, 129, 0, 255} }},
	{{ {1624, 937, 2578}, 0, {-158, -694}, {0, 129, 0, 255} }},
	{{ {-138, 2750, 925}, 0, {-845, 1062}, {0, 0, 127, 255} }},
	{{ {-377, 2328, 925}, 0, {-1639, 2462}, {0, 0, 127, 255} }},
	{{ {-145, 2325, 925}, 0, {-867, 2469}, {0, 0, 127, 255} }},
	{{ {24, 2520, 925}, 0, {-309, 1825}, {0, 0, 127, 255} }},
	{{ {474, 2520, 925}, 0, {1182, 1825}, {0, 0, 127, 255} }},
	{{ {648, 2750, 925}, 0, {1762, 1062}, {0, 0, 127, 255} }},
	{{ {610, 2334, 925}, 0, {1634, 2442}, {0, 0, 127, 255} }},
	{{ {929, 2334, 925}, 0, {2692, 2441}, {0, 0, 127, 255} }},
	{{ {0, 3267, 925}, 0, {-387, -653}, {0, 0, 127, 255} }},
	{{ {-94, 3365, 925}, 0, {-699, -978}, {0, 0, 127, 255} }},
	{{ {-186, 3289, 925}, 0, {-1004, -725}, {0, 0, 127, 255} }},
	{{ {-39, 3173, 925}, 0, {-516, -341}, {0, 0, 127, 255} }},
	{{ {-146, 3173, 925}, 0, {-871, -341}, {0, 0, 127, 255} }},
	{{ {550, 3385, 925}, 0, {1434, -1045}, {0, 0, 127, 255} }},
	{{ {445, 3292, 925}, 0, {1088, -737}, {0, 0, 127, 255} }},
	{{ {476, 3162, 925}, 0, {1191, -305}, {0, 0, 127, 255} }},
	{{ {654, 3283, 925}, 0, {1780, -705}, {0, 0, 127, 255} }},
	{{ {602, 3155, 925}, 0, {1607, -281}, {0, 0, 127, 255} }},
	{{ {87, 3508, 925}, 0, {-99, -1452}, {0, 0, 127, 255} }},
	{{ {-35, 3635, 925}, 0, {-503, -1873}, {0, 0, 127, 255} }},
	{{ {-162, 3635, 925}, 0, {-927, -1873}, {0, 0, 127, 255} }},
	{{ {-22, 3407, 925}, 0, {-460, -1116}, {0, 0, 127, 255} }},
	{{ {-162, 3542, 925}, 0, {-927, -1565}, {0, 0, 127, 255} }},
	{{ {87, 3407, 925}, 0, {-99, -1116}, {0, 0, 127, 255} }},
	{{ {604, 3603, 925}, 0, {1615, -1768}, {0, 0, 127, 255} }},
	{{ {489, 3603, 925}, 0, {1233, -1767}, {0, 0, 127, 255} }},
	{{ {402, 3517, 925}, 0, {944, -1483}, {0, 0, 127, 255} }},
	{{ {484, 3394, 925}, 0, {1218, -1074}, {0, 0, 127, 255} }},
	{{ {402, 3394, 925}, 0, {944, -1074}, {0, 0, 127, 255} }},
	{{ {604, 3512, 925}, 0, {1615, -1466}, {0, 0, 127, 255} }},
};

Gfx wf_dl_Plane_mesh_layer_1_tri_8[] = {
	gsSPVertex(wf_dl_Plane_mesh_layer_1_vtx_8 + 0, 31, 0),
	gsSP2Triangles(0, 1, 2, 0, 3, 4, 5, 0),
	gsSP2Triangles(3, 5, 6, 0, 7, 8, 9, 0),
	gsSP2Triangles(7, 9, 10, 0, 7, 10, 11, 0),
	gsSP2Triangles(7, 11, 12, 0, 11, 13, 12, 0),
	gsSP2Triangles(13, 14, 12, 0, 15, 16, 17, 0),
	gsSP2Triangles(17, 18, 15, 0, 17, 19, 18, 0),
	gsSP2Triangles(20, 21, 22, 0, 22, 23, 20, 0),
	gsSP2Triangles(22, 24, 23, 0, 25, 26, 27, 0),
	gsSP2Triangles(27, 28, 25, 0, 27, 29, 28, 0),
	gsSP1Triangle(28, 30, 25, 0),
	gsSPVertex(wf_dl_Plane_mesh_layer_1_vtx_8 + 31, 6, 0),
	gsSP2Triangles(0, 1, 2, 0, 2, 3, 0, 0),
	gsSP2Triangles(2, 4, 3, 0, 3, 5, 0, 0),
	gsSPEndDisplayList(),
};

Vtx wf_dl_Plane_mesh_layer_1_vtx_9[206] = {
	{{ {-1085, 1549, 2459}, 0, {1591, -1974}, {129, 0, 253, 255} }},
	{{ {-993, 1549, -1068}, 0, {-1215, -1974}, {129, 0, 253, 255} }},
	{{ {-1085, 1360, 2459}, 0, {1593, -2095}, {129, 0, 253, 255} }},
	{{ {-901, 1537, -1068}, 0, {589, -112}, {0, 0, 129, 255} }},
	{{ {-993, 1549, -1068}, 0, {299, 434}, {0, 0, 129, 255} }},
	{{ {-788, 1915, -1068}, 0, {1764, -1682}, {0, 0, 129, 255} }},
	{{ {850, 1361, 2394}, 0, {2004, -307}, {129, 0, 0, 255} }},
	{{ {850, 2144, 2394}, 0, {2004, 1300}, {129, 0, 0, 255} }},
	{{ {850, 2144, 925}, 0, {-1012, 1300}, {129, 0, 0, 255} }},
	{{ {-901, 2144, 2394}, 0, {1540, -1500}, {0, 0, 127, 255} }},
	{{ {-1085, 1549, 2394}, 0, {1540, -1500}, {0, 0, 127, 255} }},
	{{ {-901, 1549, 2394}, 0, {-16, 1008}, {0, 0, 127, 255} }},
	{{ {2744, -341, 208}, 0, {-1050, 1194}, {0, 129, 0, 255} }},
	{{ {-1085, -341, -1068}, 0, {2000, 2211}, {0, 129, 0, 255} }},
	{{ {2744, -341, -1068}, 0, {-1050, 2211}, {0, 129, 0, 255} }},
	{{ {-1864, 374, 150}, 0, {-16, 367}, {0, 127, 0, 255} }},
	{{ {-1720, 374, 210}, 0, {174, 447}, {0, 127, 0, 255} }},
	{{ {-1720, 374, 150}, 0, {174, 367}, {0, 127, 0, 255} }},
	{{ {-1231, 374, 150}, 0, {815, 367}, {0, 127, 0, 255} }},
	{{ {-1231, 374, 314}, 0, {815, 583}, {0, 127, 0, 255} }},
	{{ {-1085, 374, 150}, 0, {1008, 367}, {0, 127, 0, 255} }},
	{{ {1105, 42, -1068}, 0, {255, -3174}, {0, 0, 129, 255} }},
	{{ {-1085, 42, -1068}, 0, {2000, -3174}, {0, 0, 129, 255} }},
	{{ {21, 1549, -1068}, 0, {1120, -1974}, {0, 0, 129, 255} }},
	{{ {-1085, 1549, -1068}, 0, {-1219, -1500}, {129, 0, 0, 255} }},
	{{ {-1085, 42, -1068}, 0, {-16, 1008}, {129, 0, 0, 255} }},
	{{ {-1085, 1549, -884}, 0, {-1072, -1500}, {129, 0, 0, 255} }},
	{{ {-317, 2144, 1650}, 0, {476, 1300}, {129, 0, 0, 255} }},
	{{ {-317, 2076, 1558}, 0, {287, 1160}, {129, 0, 0, 255} }},
	{{ {-317, 2076, 1747}, 0, {674, 1160}, {129, 0, 0, 255} }},
	{{ {-1085, 42, -1068}, 0, {-1219, -3174}, {129, 0, 0, 255} }},
	{{ {-1085, -341, -1068}, 0, {-1219, -3480}, {129, 0, 0, 255} }},
	{{ {-1085, -341, 3488}, 0, {2411, -3480}, {129, 0, 0, 255} }},
	{{ {-1085, 42, 3488}, 0, {2411, -3174}, {129, 0, 0, 255} }},
	{{ {1624, 42, -1068}, 0, {-158, -3174}, {0, 0, 129, 255} }},
	{{ {2744, -341, -1068}, 0, {-1050, -3480}, {0, 0, 129, 255} }},
	{{ {-1085, -341, -1068}, 0, {2000, -3480}, {0, 0, 129, 255} }},
	{{ {1105, 42, -1068}, 0, {255, -3174}, {0, 0, 129, 255} }},
	{{ {-1085, 42, -1068}, 0, {2000, -3174}, {0, 0, 129, 255} }},
	{{ {1623, 42, -1067}, 0, {-157, -3174}, {0, 0, 129, 255} }},
	{{ {2743, 1730, -1068}, 0, {-1049, -1829}, {0, 0, 129, 255} }},
	{{ {2744, -341, -1068}, 0, {-1050, -3480}, {0, 0, 129, 255} }},
	{{ {1623, 1730, -1067}, 0, {-157, -1829}, {0, 0, 129, 255} }},
	{{ {1434, 42, -1067}, 0, {-7, -3174}, {0, 0, 129, 255} }},
	{{ {1434, 1730, -1067}, 0, {-7, -1829}, {0, 0, 129, 255} }},
	{{ {-1085, 42, -1068}, 0, {-1219, -3174}, {129, 3, 255, 255} }},
	{{ {-1085, 42, 3488}, 0, {2411, -3174}, {129, 3, 255, 255} }},
	{{ {-1085, 1360, 3488}, 0, {2411, -2124}, {129, 3, 255, 255} }},
	{{ {-1085, 1360, 2459}, 0, {1592, -2128}, {129, 3, 255, 255} }},
	{{ {-993, 1549, -1068}, 0, {-1217, -1977}, {129, 3, 255, 255} }},
	{{ {-901, 1549, 3304}, 0, {1854, -1272}, {0, 127, 0, 255} }},
	{{ {-901, 1549, -884}, 0, {1854, 2064}, {0, 127, 0, 255} }},
	{{ {-993, 1549, -1068}, 0, {1927, 2211}, {0, 127, 0, 255} }},
	{{ {-1085, 1549, 3488}, 0, {2000, -1419}, {0, 127, 0, 255} }},
	{{ {-1085, 1549, 2459}, 0, {2000, -599}, {0, 127, 0, 255} }},
	{{ {-1231, 1549, 3488}, 0, {2117, -1419}, {0, 127, 0, 255} }},
	{{ {-1231, 1549, 2459}, 0, {2117, -599}, {0, 127, 0, 255} }},
	{{ {267, 1360, 3304}, 0, {924, -2124}, {0, 0, 129, 255} }},
	{{ {-901, 1360, 3304}, 0, {1854, -2124}, {0, 0, 129, 255} }},
	{{ {-901, 1549, 3304}, 0, {1854, -1974}, {0, 0, 129, 255} }},
	{{ {1347, 1459, 3304}, 0, {63, -2046}, {0, 0, 129, 255} }},
	{{ {1192, 1549, 3304}, 0, {186, -1974}, {0, 0, 129, 255} }},
	{{ {1347, 1459, 3304}, 0, {63, -2046}, {0, 0, 129, 255} }},
	{{ {1192, 1360, 3304}, 0, {186, -2124}, {0, 0, 129, 255} }},
	{{ {267, 1360, 3304}, 0, {924, -2124}, {0, 0, 129, 255} }},
	{{ {-901, 1360, 1210}, 0, {596, -2124}, {127, 0, 0, 255} }},
	{{ {-901, 1360, -884}, 0, {-1072, -2124}, {127, 0, 0, 255} }},
	{{ {-901, 1549, -884}, 0, {-1072, -1974}, {127, 0, 0, 255} }},
	{{ {-901, 1360, 3304}, 0, {2264, -2124}, {127, 0, 0, 255} }},
	{{ {-901, 1549, 3304}, 0, {2264, -1974}, {127, 0, 0, 255} }},
	{{ {1434, 1360, -884}, 0, {-1072, -2124}, {127, 0, 0, 255} }},
	{{ {1434, 2144, -884}, 0, {-1072, -1500}, {127, 0, 0, 255} }},
	{{ {1434, 2144, 1210}, 0, {596, -1500}, {127, 0, 0, 255} }},
	{{ {1434, 1360, 1210}, 0, {596, -2124}, {127, 0, 0, 255} }},
	{{ {1434, 2144, 1210}, 0, {596, -1500}, {127, 0, 0, 255} }},
	{{ {1434, 2144, 2394}, 0, {1540, -1500}, {127, 0, 0, 255} }},
	{{ {1434, 1360, 2394}, 0, {1540, -2124}, {127, 0, 0, 255} }},
	{{ {1434, 1360, 1210}, 0, {596, -2124}, {127, 0, 0, 255} }},
	{{ {-1085, 1549, 2459}, 0, {2000, -599}, {0, 90, 166, 255} }},
	{{ {-1085, 373, 1282}, 0, {2000, 339}, {0, 90, 166, 255} }},
	{{ {-1231, 373, 1282}, 0, {2117, 339}, {0, 90, 166, 255} }},
	{{ {-1231, 1549, 2459}, 0, {2117, -599}, {0, 90, 166, 255} }},
	{{ {-1085, 373, 1282}, 0, {2000, 339}, {0, 127, 0, 255} }},
	{{ {-1085, 374, 150}, 0, {2000, 1241}, {0, 127, 0, 255} }},
	{{ {-1231, 374, 314}, 0, {2117, 1110}, {0, 127, 0, 255} }},
	{{ {-1231, 373, 1282}, 0, {2117, 339}, {0, 127, 0, 255} }},
	{{ {1434, 1360, -884}, 0, {-1072, -2124}, {127, 0, 0, 255} }},
	{{ {1434, 1549, -1068}, 0, {-1219, -1974}, {127, 0, 0, 255} }},
	{{ {1434, 2144, -1068}, 0, {-1219, -1500}, {127, 0, 0, 255} }},
	{{ {1434, 2144, -884}, 0, {-1072, -1500}, {127, 0, 0, 255} }},
	{{ {-601, 2144, -599}, 0, {929, 2223}, {0, 127, 0, 255} }},
	{{ {-901, 2144, -884}, 0, {1386, 2956}, {0, 127, 0, 255} }},
	{{ {-901, 2144, 1210}, 0, {1386, -2437}, {0, 127, 0, 255} }},
	{{ {-601, 2144, 925}, 0, {929, -1704}, {0, 127, 0, 255} }},
	{{ {1434, 1360, 2394}, 0, {-1902, -308}, {0, 0, 127, 255} }},
	{{ {1434, 2144, 2394}, 0, {-1902, 1300}, {0, 0, 127, 255} }},
	{{ {1134, 1821, 2394}, 0, {-1285, 637}, {0, 0, 127, 255} }},
	{{ {850, 1361, 2394}, 0, {-703, -307}, {0, 0, 127, 255} }},
	{{ {850, 2144, 2394}, 0, {-703, 1300}, {0, 0, 127, 255} }},
	{{ {267, 1360, 2394}, 0, {496, -308}, {0, 0, 127, 255} }},
	{{ {267, 1361, 2394}, 0, {496, -307}, {0, 0, 127, 255} }},
	{{ {-317, 1361, 2394}, 0, {1695, -307}, {0, 0, 127, 255} }},
	{{ {-901, 1360, 2394}, 0, {2894, -308}, {0, 0, 127, 255} }},
	{{ {-620, 1821, 2394}, 0, {2316, 637}, {0, 0, 127, 255} }},
	{{ {-317, 2144, 2394}, 0, {1695, 1300}, {0, 0, 127, 255} }},
	{{ {-901, 2144, 2394}, 0, {2894, 1300}, {0, 0, 127, 255} }},
	{{ {-317, 2144, 925}, 0, {-1012, 1300}, {127, 0, 0, 255} }},
	{{ {-317, 2144, 1650}, 0, {476, 1300}, {127, 0, 0, 255} }},
	{{ {-317, 2144, 2394}, 0, {2004, 1300}, {127, 0, 0, 255} }},
	{{ {-317, 1361, 2394}, 0, {2004, -307}, {127, 0, 0, 255} }},
	{{ {267, 3421, -884}, 0, {-394, 2956}, {0, 127, 0, 255} }},
	{{ {-601, 3421, -1068}, 0, {929, 3429}, {0, 127, 0, 255} }},
	{{ {-901, 3421, -1068}, 0, {1386, 3429}, {0, 127, 0, 255} }},
	{{ {-901, 3421, -884}, 0, {1386, 2956}, {0, 127, 0, 255} }},
	{{ {267, 2144, 340}, 0, {-394, -1149}, {0, 87, 92, 255} }},
	{{ {-637, 2437, 64}, 0, {983, -395}, {0, 87, 92, 255} }},
	{{ {-860, 2440, 64}, 0, {1323, -385}, {0, 87, 92, 255} }},
	{{ {-901, 2144, 340}, 0, {1386, -1149}, {0, 87, 92, 255} }},
	{{ {-755, 2621, -109}, 0, {1162, 79}, {0, 85, 94, 255} }},
	{{ {-637, 2437, 64}, 0, {983, -395}, {0, 85, 94, 255} }},
	{{ {267, 2144, 340}, 0, {-394, -1149}, {0, 85, 94, 255} }},
	{{ {-852, 2813, -277}, 0, {1310, 574}, {0, 85, 94, 255} }},
	{{ {-638, 2813, -277}, 0, {984, 574}, {0, 85, 94, 255} }},
	{{ {-860, 2440, 64}, 0, {1323, -385}, {0, 85, 94, 255} }},
	{{ {-901, 2144, 340}, 0, {1386, -1149}, {0, 85, 94, 255} }},
	{{ {-901, 3421, -884}, 0, {1386, 2141}, {0, 88, 91, 255} }},
	{{ {-862, 3125, -589}, 0, {1327, 1378}, {0, 88, 91, 255} }},
	{{ {-756, 3346, -800}, 0, {1164, 1947}, {0, 88, 91, 255} }},
	{{ {267, 3421, -884}, 0, {-394, 2141}, {0, 88, 91, 255} }},
	{{ {-642, 3125, -600}, 0, {991, 1378}, {0, 88, 91, 255} }},
	{{ {-638, 2813, -277}, 0, {984, 574}, {0, 89, 91, 255} }},
	{{ {267, 2144, 340}, 0, {-394, -1149}, {0, 89, 91, 255} }},
	{{ {267, 3421, -884}, 0, {-394, 2141}, {0, 89, 91, 255} }},
	{{ {-642, 3125, -600}, 0, {991, 1378}, {0, 89, 91, 255} }},
	{{ {-757, 2975, -436}, 0, {1166, 991}, {0, 89, 91, 255} }},
	{{ {-862, 3125, -589}, 0, {1327, 1378}, {0, 89, 91, 255} }},
	{{ {-852, 2813, -277}, 0, {1310, 574}, {0, 89, 91, 255} }},
	{{ {-901, 2144, 340}, 0, {1386, -1149}, {0, 89, 91, 255} }},
	{{ {-901, 3421, -884}, 0, {1386, 2141}, {0, 89, 91, 255} }},
	{{ {2743, 1170, -694}, 0, {-921, -2275}, {127, 0, 0, 255} }},
	{{ {2743, 1730, -671}, 0, {-903, -1829}, {127, 0, 0, 255} }},
	{{ {2743, 1209, -671}, 0, {-903, -2245}, {127, 0, 0, 255} }},
	{{ {2743, 1752, -671}, 0, {-903, -1812}, {127, 0, 0, 255} }},
	{{ {-901, 2144, -884}, 0, {-1072, -1500}, {135, 37, 0, 255} }},
	{{ {-901, 2144, -1068}, 0, {-1219, -1500}, {135, 37, 0, 255} }},
	{{ {-1085, 1549, -1068}, 0, {-1219, -1500}, {135, 37, 0, 255} }},
	{{ {-1085, 1549, -884}, 0, {-1072, -1500}, {135, 37, 0, 255} }},
	{{ {-901, 2144, 1210}, 0, {596, -1500}, {135, 37, 0, 255} }},
	{{ {-1085, 1549, 1210}, 0, {596, -1500}, {135, 37, 0, 255} }},
	{{ {-1085, 1549, 2394}, 0, {1540, -1500}, {135, 37, 0, 255} }},
	{{ {-901, 2144, 2394}, 0, {1540, -1500}, {135, 37, 0, 255} }},
	{{ {-1085, 1360, 2459}, 0, {1596, -2126}, {125, 234, 0, 255} }},
	{{ {-1085, 1360, 3488}, 0, {2411, -2124}, {125, 234, 0, 255} }},
	{{ {-1312, 42, 3188}, 0, {2172, -3179}, {125, 234, 0, 255} }},
	{{ {-1312, 42, 2759}, 0, {1830, -3179}, {125, 234, 0, 255} }},
	{{ {2743, 1730, -217}, 0, {-541, -1829}, {127, 0, 0, 255} }},
	{{ {2743, 1730, 187}, 0, {-219, -1829}, {127, 0, 0, 255} }},
	{{ {2743, 1442, 281}, 0, {-144, -2059}, {127, 0, 0, 255} }},
	{{ {2743, 1192, 112}, 0, {-279, -2258}, {127, 0, 0, 255} }},
	{{ {2743, 1170, -216}, 0, {-541, -2275}, {127, 0, 0, 255} }},
	{{ {2743, 382, 187}, 0, {-219, -2904}, {127, 0, 0, 255} }},
	{{ {2743, 758, 262}, 0, {-160, -2604}, {127, 0, 0, 255} }},
	{{ {2743, 1170, -694}, 0, {-921, -2275}, {127, 0, 0, 255} }},
	{{ {2743, 1521, -450}, 0, {-727, -1996}, {127, 0, 0, 255} }},
	{{ {2744, -341, -1068}, 0, {-1219, -3480}, {127, 0, 0, 255} }},
	{{ {2743, -341, 231}, 0, {-184, -3480}, {127, 0, 0, 255} }},
	{{ {2743, -71, 310}, 0, {-121, -3264}, {127, 0, 0, 255} }},
	{{ {2743, 1730, -1068}, 0, {-1219, -1829}, {127, 0, 0, 255} }},
	{{ {2743, 1730, -671}, 0, {-903, -1829}, {127, 0, 0, 255} }},
	{{ {2743, 1170, -216}, 0, {-541, -2275}, {127, 0, 0, 255} }},
	{{ {2743, 1521, -450}, 0, {-727, -1996}, {127, 0, 0, 255} }},
	{{ {2743, 1559, -447}, 0, {-724, -1965}, {127, 0, 0, 255} }},
	{{ {2743, 1209, -216}, 0, {-541, -2245}, {127, 0, 0, 255} }},
	{{ {2743, 1521, -450}, 0, {-727, -1996}, {127, 0, 0, 255} }},
	{{ {2743, 1170, -694}, 0, {-921, -2275}, {127, 0, 0, 255} }},
	{{ {2743, 1209, -671}, 0, {-903, -2245}, {127, 0, 0, 255} }},
	{{ {2743, 1559, -447}, 0, {-724, -1965}, {127, 0, 0, 255} }},
	{{ {2743, 1730, -217}, 0, {-541, -1829}, {129, 0, 0, 255} }},
	{{ {2743, 1170, -216}, 0, {-541, -2275}, {129, 0, 0, 255} }},
	{{ {2743, 1209, -216}, 0, {-541, -2245}, {129, 0, 0, 255} }},
	{{ {2743, 1752, -217}, 0, {-541, -1812}, {129, 0, 0, 255} }},
	{{ {-1719, 1549, 3488}, 0, {2505, -1419}, {0, 127, 0, 255} }},
	{{ {-1719, 1549, 2459}, 0, {2505, -599}, {0, 127, 0, 255} }},
	{{ {-1864, 1549, 2459}, 0, {2621, -599}, {0, 127, 0, 255} }},
	{{ {-1864, 1549, 3488}, 0, {2621, -1419}, {0, 127, 0, 255} }},
	{{ {-1719, 1549, 2459}, 0, {2505, -599}, {0, 90, 166, 255} }},
	{{ {-1719, 373, 1282}, 0, {2505, 339}, {0, 90, 166, 255} }},
	{{ {-1864, 373, 1282}, 0, {2621, 339}, {0, 90, 166, 255} }},
	{{ {-1864, 1549, 2459}, 0, {2621, -599}, {0, 90, 166, 255} }},
	{{ {-1719, 373, 1282}, 0, {2505, 339}, {0, 127, 0, 255} }},
	{{ {-1720, 374, 210}, 0, {2506, 1193}, {0, 127, 0, 255} }},
	{{ {-1864, 374, 150}, 0, {2621, 1241}, {0, 127, 0, 255} }},
	{{ {-1864, 373, 1282}, 0, {2621, 339}, {0, 127, 0, 255} }},
	{{ {1146, 1549, -1068}, 0, {223, -1974}, {0, 0, 129, 255} }},
	{{ {1624, 1549, -1068}, 0, {-158, -1974}, {0, 0, 129, 255} }},
	{{ {1624, 42, -1068}, 0, {-158, -3174}, {0, 0, 129, 255} }},
	{{ {1105, 42, -1068}, 0, {255, -3174}, {0, 0, 129, 255} }},
	{{ {1434, 2144, -1068}, 0, {-7, -1500}, {0, 0, 129, 255} }},
	{{ {1434, 1549, -1068}, 0, {-7, -1974}, {0, 0, 129, 255} }},
	{{ {1146, 1549, -1068}, 0, {223, -1974}, {0, 0, 129, 255} }},
	{{ {1123, 2144, -1068}, 0, {241, -1500}, {0, 0, 129, 255} }},
	{{ {-601, 2144, -1068}, 0, {1615, -1500}, {0, 0, 129, 255} }},
	{{ {-901, 1549, 3304}, 0, {2264, -1974}, {129, 0, 0, 255} }},
	{{ {-901, 1549, -884}, 0, {-1072, -1974}, {129, 0, 0, 255} }},
	{{ {-901, 1520, -884}, 0, {-1072, -1997}, {129, 0, 0, 255} }},
	{{ {-901, 1520, 3304}, 0, {2264, -1997}, {129, 0, 0, 255} }},
};

Gfx wf_dl_Plane_mesh_layer_1_tri_9[] = {
	gsSPVertex(wf_dl_Plane_mesh_layer_1_vtx_9 + 0, 30, 0),
	gsSP2Triangles(0, 1, 2, 0, 3, 4, 5, 0),
	gsSP2Triangles(6, 7, 8, 0, 9, 10, 11, 0),
	gsSP2Triangles(12, 13, 14, 0, 15, 16, 17, 0),
	gsSP2Triangles(18, 19, 20, 0, 21, 22, 23, 0),
	gsSP2Triangles(24, 25, 26, 0, 27, 28, 29, 0),
	gsSPVertex(wf_dl_Plane_mesh_layer_1_vtx_9 + 30, 32, 0),
	gsSP2Triangles(0, 1, 2, 0, 0, 2, 3, 0),
	gsSP2Triangles(4, 5, 6, 0, 6, 7, 4, 0),
	gsSP2Triangles(6, 8, 7, 0, 9, 10, 11, 0),
	gsSP2Triangles(9, 12, 10, 0, 12, 9, 13, 0),
	gsSP2Triangles(12, 13, 14, 0, 15, 16, 17, 0),
	gsSP2Triangles(17, 18, 15, 0, 18, 19, 15, 0),
	gsSP2Triangles(20, 21, 22, 0, 22, 23, 20, 0),
	gsSP2Triangles(22, 24, 23, 0, 24, 25, 23, 0),
	gsSP2Triangles(24, 26, 25, 0, 27, 28, 29, 0),
	gsSP2Triangles(29, 30, 27, 0, 29, 31, 30, 0),
	gsSPVertex(wf_dl_Plane_mesh_layer_1_vtx_9 + 62, 32, 0),
	gsSP2Triangles(0, 1, 2, 0, 3, 4, 5, 0),
	gsSP2Triangles(5, 6, 3, 0, 5, 7, 6, 0),
	gsSP2Triangles(8, 9, 10, 0, 8, 10, 11, 0),
	gsSP2Triangles(12, 13, 14, 0, 12, 14, 15, 0),
	gsSP2Triangles(16, 17, 18, 0, 16, 18, 19, 0),
	gsSP2Triangles(20, 21, 22, 0, 20, 22, 23, 0),
	gsSP2Triangles(24, 25, 26, 0, 24, 26, 27, 0),
	gsSP2Triangles(28, 29, 30, 0, 28, 30, 31, 0),
	gsSPVertex(wf_dl_Plane_mesh_layer_1_vtx_9 + 94, 31, 0),
	gsSP2Triangles(0, 1, 2, 0, 0, 2, 3, 0),
	gsSP2Triangles(2, 4, 3, 0, 5, 0, 3, 0),
	gsSP2Triangles(5, 3, 6, 0, 5, 6, 7, 0),
	gsSP2Triangles(7, 8, 5, 0, 7, 9, 8, 0),
	gsSP2Triangles(7, 10, 9, 0, 9, 11, 8, 0),
	gsSP2Triangles(12, 13, 14, 0, 12, 14, 15, 0),
	gsSP2Triangles(16, 17, 18, 0, 16, 18, 19, 0),
	gsSP2Triangles(20, 21, 22, 0, 20, 22, 23, 0),
	gsSP2Triangles(24, 25, 26, 0, 24, 26, 27, 0),
	gsSP2Triangles(26, 28, 27, 0, 24, 27, 29, 0),
	gsSP1Triangle(27, 30, 29, 0),
	gsSPVertex(wf_dl_Plane_mesh_layer_1_vtx_9 + 125, 30, 0),
	gsSP2Triangles(0, 1, 2, 0, 3, 0, 2, 0),
	gsSP2Triangles(2, 4, 3, 0, 5, 6, 7, 0),
	gsSP2Triangles(5, 7, 8, 0, 9, 5, 8, 0),
	gsSP2Triangles(9, 8, 10, 0, 10, 11, 9, 0),
	gsSP2Triangles(10, 12, 11, 0, 10, 13, 12, 0),
	gsSP2Triangles(14, 15, 16, 0, 15, 17, 16, 0),
	gsSP2Triangles(18, 19, 20, 0, 18, 20, 21, 0),
	gsSP2Triangles(22, 18, 21, 0, 22, 21, 23, 0),
	gsSP2Triangles(23, 24, 22, 0, 24, 25, 22, 0),
	gsSP2Triangles(26, 27, 28, 0, 26, 28, 29, 0),
	gsSPVertex(wf_dl_Plane_mesh_layer_1_vtx_9 + 155, 30, 0),
	gsSP2Triangles(0, 1, 2, 0, 0, 2, 3, 0),
	gsSP2Triangles(4, 0, 3, 0, 4, 3, 5, 0),
	gsSP2Triangles(3, 6, 5, 0, 7, 4, 5, 0),
	gsSP2Triangles(7, 8, 4, 0, 5, 9, 7, 0),
	gsSP2Triangles(5, 10, 9, 0, 5, 11, 10, 0),
	gsSP2Triangles(9, 12, 7, 0, 12, 13, 7, 0),
	gsSP2Triangles(14, 15, 16, 0, 14, 16, 17, 0),
	gsSP2Triangles(18, 19, 20, 0, 18, 20, 21, 0),
	gsSP2Triangles(22, 23, 24, 0, 22, 24, 25, 0),
	gsSP2Triangles(26, 27, 28, 0, 26, 28, 29, 0),
	gsSPVertex(wf_dl_Plane_mesh_layer_1_vtx_9 + 185, 21, 0),
	gsSP2Triangles(0, 1, 2, 0, 0, 2, 3, 0),
	gsSP2Triangles(4, 5, 6, 0, 4, 6, 7, 0),
	gsSP2Triangles(8, 9, 10, 0, 8, 10, 11, 0),
	gsSP2Triangles(12, 13, 14, 0, 12, 14, 15, 0),
	gsSP2Triangles(16, 12, 15, 0, 17, 18, 19, 0),
	gsSP1Triangle(17, 19, 20, 0),
	gsSPEndDisplayList(),
};

Vtx wf_dl_Plane_mesh_layer_1_vtx_10[264] = {
	{{ {-1720, 205, 114}, 0, {-3, 2918}, {0, 0, 129, 255} }},
	{{ {-1476, 205, 114}, 0, {1001, 2918}, {0, 0, 129, 255} }},
	{{ {-1720, -75, 114}, 0, {-3, 4170}, {0, 0, 129, 255} }},
	{{ {1434, 1752, -217}, 0, {-3, -2038}, {0, 127, 0, 255} }},
	{{ {2743, 1752, -217}, 0, {-3, 2917}, {0, 127, 0, 255} }},
	{{ {2743, 1752, -671}, 0, {2021, 2917}, {0, 127, 0, 255} }},
	{{ {1434, 1752, -671}, 0, {2021, -2038}, {0, 127, 0, 255} }},
	{{ {1894, 42, 2947}, 0, {1008, 496}, {129, 0, 0, 255} }},
	{{ {1894, 42, 3488}, 0, {1008, 496}, {129, 0, 0, 255} }},
	{{ {1894, 66, 3488}, 0, {1008, 496}, {129, 0, 0, 255} }},
	{{ {1894, 66, 2947}, 0, {1008, 496}, {129, 0, 0, 255} }},
	{{ {2385, 530, 1971}, 0, {1008, 496}, {150, 0, 186, 255} }},
	{{ {2136, 530, 2350}, 0, {1008, 496}, {150, 0, 186, 255} }},
	{{ {2136, 553, 2350}, 0, {1008, 496}, {150, 0, 186, 255} }},
	{{ {2385, 553, 1971}, 0, {1008, 496}, {150, 0, 186, 255} }},
	{{ {1999, -341, 3488}, 0, {1008, 496}, {100, 178, 0, 255} }},
	{{ {2134, -168, 3488}, 0, {1008, 496}, {100, 178, 0, 255} }},
	{{ {2134, -168, 3509}, 0, {1008, 496}, {100, 178, 0, 255} }},
	{{ {1999, -341, 3509}, 0, {1008, 496}, {100, 178, 0, 255} }},
	{{ {2136, 553, 2350}, 0, {991, -976}, {0, 127, 0, 255} }},
	{{ {1894, 553, 1971}, 0, {-3, -2410}, {0, 127, 0, 255} }},
	{{ {1894, 553, 2947}, 0, {-3, 1280}, {0, 127, 0, 255} }},
	{{ {2385, 553, 1971}, 0, {2019, -2410}, {0, 127, 0, 255} }},
	{{ {2385, 553, 2947}, 0, {2019, 1280}, {0, 127, 0, 255} }},
	{{ {1894, 553, 2964}, 0, {-3, 1345}, {0, 127, 0, 255} }},
	{{ {2385, 553, 2964}, 0, {2019, 1345}, {0, 127, 0, 255} }},
	{{ {2385, 66, 2947}, 0, {1008, 496}, {127, 0, 0, 255} }},
	{{ {2385, 553, 2947}, 0, {1008, 496}, {127, 0, 0, 255} }},
	{{ {2385, 553, 2964}, 0, {1008, 496}, {127, 0, 0, 255} }},
	{{ {2385, 66, 2964}, 0, {1008, 496}, {127, 0, 0, 255} }},
	{{ {1894, 66, 2947}, 0, {-3, 1280}, {0, 127, 0, 255} }},
	{{ {2385, 66, 3488}, 0, {2019, 3323}, {0, 127, 0, 255} }},
	{{ {2385, 66, 2947}, 0, {2019, 1280}, {0, 127, 0, 255} }},
	{{ {1894, 66, 3488}, 0, {-3, 3323}, {0, 127, 0, 255} }},
	{{ {1894, 66, 3509}, 0, {-3, 3402}, {0, 127, 0, 255} }},
	{{ {2385, 66, 3509}, 0, {2019, 3402}, {0, 127, 0, 255} }},
	{{ {2385, 530, 2947}, 0, {1008, 496}, {127, 0, 0, 255} }},
	{{ {2385, 530, 1971}, 0, {1008, 496}, {127, 0, 0, 255} }},
	{{ {2385, 553, 1971}, 0, {1008, 496}, {127, 0, 0, 255} }},
	{{ {2385, 553, 2947}, 0, {1008, 496}, {127, 0, 0, 255} }},
	{{ {2385, 42, 3488}, 0, {1008, 496}, {127, 0, 0, 255} }},
	{{ {2385, 66, 3509}, 0, {1008, 496}, {127, 0, 0, 255} }},
	{{ {2385, 42, 3509}, 0, {1008, 496}, {127, 0, 0, 255} }},
	{{ {2385, 66, 3488}, 0, {1008, 496}, {127, 0, 0, 255} }},
	{{ {2385, 66, 2947}, 0, {1008, 496}, {127, 0, 0, 255} }},
	{{ {2385, 42, 2947}, 0, {1008, 496}, {127, 0, 0, 255} }},
	{{ {1894, 530, 1971}, 0, {1008, 496}, {129, 0, 0, 255} }},
	{{ {1894, 530, 2947}, 0, {1008, 496}, {129, 0, 0, 255} }},
	{{ {1894, 553, 2947}, 0, {1008, 496}, {129, 0, 0, 255} }},
	{{ {1894, 553, 1971}, 0, {1008, 496}, {129, 0, 0, 255} }},
	{{ {2136, 530, 2350}, 0, {1008, 496}, {107, 0, 188, 255} }},
	{{ {1894, 530, 1971}, 0, {1008, 496}, {107, 0, 188, 255} }},
	{{ {1894, 553, 1971}, 0, {1008, 496}, {107, 0, 188, 255} }},
	{{ {2136, 553, 2350}, 0, {1008, 496}, {107, 0, 188, 255} }},
	{{ {2385, 66, 2964}, 0, {2019, 374}, {0, 0, 127, 255} }},
	{{ {2385, 553, 2964}, 0, {2019, -1470}, {0, 0, 127, 255} }},
	{{ {1894, 553, 2964}, 0, {-3, -1470}, {0, 0, 127, 255} }},
	{{ {1894, 66, 2964}, 0, {-3, 374}, {0, 0, 127, 255} }},
	{{ {1894, 553, 2947}, 0, {1008, 496}, {129, 0, 0, 255} }},
	{{ {1894, 66, 2947}, 0, {1008, 496}, {129, 0, 0, 255} }},
	{{ {1894, 66, 2964}, 0, {1008, 496}, {129, 0, 0, 255} }},
	{{ {1894, 553, 2964}, 0, {1008, 496}, {129, 0, 0, 255} }},
	{{ {2276, -341, 3509}, 0, {1569, 1912}, {0, 0, 127, 255} }},
	{{ {2385, -487, 3509}, 0, {2019, 2462}, {0, 0, 127, 255} }},
	{{ {2385, -341, 3509}, 0, {2019, 1912}, {0, 0, 127, 255} }},
	{{ {2134, -168, 3509}, 0, {987, 1257}, {0, 0, 127, 255} }},
	{{ {1894, 42, 3509}, 0, {-3, 464}, {0, 0, 127, 255} }},
	{{ {2385, 42, 3509}, 0, {2019, 464}, {0, 0, 127, 255} }},
	{{ {2385, 66, 3509}, 0, {2019, 374}, {0, 0, 127, 255} }},
	{{ {1894, 66, 3509}, 0, {-3, 374}, {0, 0, 127, 255} }},
	{{ {1894, -341, 3509}, 0, {-3, 1912}, {0, 0, 127, 255} }},
	{{ {1999, -341, 3509}, 0, {429, 1912}, {0, 0, 127, 255} }},
	{{ {1894, -487, 3509}, 0, {-3, 2462}, {0, 0, 127, 255} }},
	{{ {2385, -487, 3488}, 0, {1008, 496}, {127, 0, 0, 255} }},
	{{ {2385, -341, 3488}, 0, {1008, 496}, {127, 0, 0, 255} }},
	{{ {2385, -341, 3509}, 0, {1008, 496}, {127, 0, 0, 255} }},
	{{ {2385, -487, 3509}, 0, {1008, 496}, {127, 0, 0, 255} }},
	{{ {2134, -168, 3488}, 0, {1008, 496}, {158, 176, 0, 255} }},
	{{ {2276, -341, 3488}, 0, {1008, 496}, {158, 176, 0, 255} }},
	{{ {2276, -341, 3509}, 0, {1008, 496}, {158, 176, 0, 255} }},
	{{ {2134, -168, 3509}, 0, {1008, 496}, {158, 176, 0, 255} }},
	{{ {1894, 42, 3488}, 0, {1008, 496}, {129, 0, 0, 255} }},
	{{ {1894, -341, 3488}, 0, {1008, 496}, {129, 0, 0, 255} }},
	{{ {1894, -341, 3509}, 0, {1008, 496}, {129, 0, 0, 255} }},
	{{ {1894, 42, 3509}, 0, {1008, 496}, {129, 0, 0, 255} }},
	{{ {1894, 66, 3488}, 0, {1008, 496}, {129, 0, 0, 255} }},
	{{ {1894, 42, 3488}, 0, {1008, 496}, {129, 0, 0, 255} }},
	{{ {1894, 42, 3509}, 0, {1008, 496}, {129, 0, 0, 255} }},
	{{ {1894, 66, 3509}, 0, {1008, 496}, {129, 0, 0, 255} }},
	{{ {1894, -487, 3488}, 0, {1008, 496}, {103, 182, 0, 255} }},
	{{ {1999, -341, 3488}, 0, {1008, 496}, {103, 182, 0, 255} }},
	{{ {1999, -341, 3509}, 0, {1008, 496}, {103, 182, 0, 255} }},
	{{ {1894, -487, 3509}, 0, {1008, 496}, {103, 182, 0, 255} }},
	{{ {1894, -341, 3488}, 0, {1008, 496}, {129, 0, 0, 255} }},
	{{ {1894, -487, 3488}, 0, {1008, 496}, {129, 0, 0, 255} }},
	{{ {1894, -487, 3509}, 0, {1008, 496}, {129, 0, 0, 255} }},
	{{ {1894, -341, 3509}, 0, {1008, 496}, {129, 0, 0, 255} }},
	{{ {2276, -341, 3488}, 0, {1008, 496}, {154, 180, 0, 255} }},
	{{ {2385, -487, 3488}, 0, {1008, 496}, {154, 180, 0, 255} }},
	{{ {2385, -487, 3509}, 0, {1008, 496}, {154, 180, 0, 255} }},
	{{ {2276, -341, 3509}, 0, {1008, 496}, {154, 180, 0, 255} }},
	{{ {2385, -341, 3488}, 0, {1008, 496}, {127, 0, 0, 255} }},
	{{ {2385, 42, 3488}, 0, {1008, 496}, {127, 0, 0, 255} }},
	{{ {2385, 42, 3509}, 0, {1008, 496}, {127, 0, 0, 255} }},
	{{ {2385, -341, 3509}, 0, {1008, 496}, {127, 0, 0, 255} }},
	{{ {1434, 1730, -217}, 0, {1008, 496}, {0, 0, 127, 255} }},
	{{ {2743, 1730, -217}, 0, {1008, 496}, {0, 0, 127, 255} }},
	{{ {2743, 1752, -217}, 0, {1008, 496}, {0, 0, 127, 255} }},
	{{ {1434, 1752, -217}, 0, {1008, 496}, {0, 0, 127, 255} }},
	{{ {2743, 1559, -447}, 0, {1008, 496}, {0, 188, 107, 255} }},
	{{ {2743, 1209, -671}, 0, {1008, 496}, {0, 188, 107, 255} }},
	{{ {2773, 1209, -671}, 0, {1008, 496}, {0, 188, 107, 255} }},
	{{ {2773, 1559, -447}, 0, {1008, 496}, {0, 188, 107, 255} }},
	{{ {2743, 1730, -671}, 0, {1008, 496}, {0, 0, 129, 255} }},
	{{ {1434, 1730, -671}, 0, {1008, 496}, {0, 0, 129, 255} }},
	{{ {1434, 1752, -671}, 0, {1008, 496}, {0, 0, 129, 255} }},
	{{ {2743, 1752, -671}, 0, {1008, 496}, {0, 0, 129, 255} }},
	{{ {2773, 1752, -217}, 0, {2019, 1471}, {127, 0, 0, 255} }},
	{{ {2773, 1209, -216}, 0, {2019, -542}, {127, 0, 0, 255} }},
	{{ {2773, 1559, -447}, 0, {929, 757}, {127, 0, 0, 255} }},
	{{ {2773, 1752, -671}, 0, {-12, 1471}, {127, 0, 0, 255} }},
	{{ {2773, 1209, -671}, 0, {-12, -542}, {127, 0, 0, 255} }},
	{{ {2743, 1752, -217}, 0, {1008, 496}, {0, 0, 127, 255} }},
	{{ {2743, 1209, -216}, 0, {1008, 496}, {0, 0, 127, 255} }},
	{{ {2773, 1209, -216}, 0, {1008, 496}, {0, 0, 127, 255} }},
	{{ {2743, 1752, -217}, 0, {1008, 496}, {0, 0, 127, 255} }},
	{{ {2773, 1209, -216}, 0, {1008, 496}, {0, 0, 127, 255} }},
	{{ {2773, 1752, -217}, 0, {1008, 496}, {0, 0, 127, 255} }},
	{{ {2743, 1752, -671}, 0, {2021, 2917}, {0, 127, 0, 255} }},
	{{ {2743, 1752, -217}, 0, {-3, 2917}, {0, 127, 0, 255} }},
	{{ {2773, 1752, -217}, 0, {-3, 3030}, {0, 127, 0, 255} }},
	{{ {2773, 1752, -671}, 0, {2021, 3030}, {0, 127, 0, 255} }},
	{{ {2743, 1209, -671}, 0, {1008, 496}, {0, 0, 129, 255} }},
	{{ {2743, 1752, -671}, 0, {1008, 496}, {0, 0, 129, 255} }},
	{{ {2773, 1752, -671}, 0, {1008, 496}, {0, 0, 129, 255} }},
	{{ {2773, 1209, -671}, 0, {1008, 496}, {0, 0, 129, 255} }},
	{{ {2743, 1209, -216}, 0, {1008, 496}, {0, 186, 150, 255} }},
	{{ {2743, 1559, -447}, 0, {1008, 496}, {0, 186, 150, 255} }},
	{{ {2773, 1559, -447}, 0, {1008, 496}, {0, 186, 150, 255} }},
	{{ {2773, 1209, -216}, 0, {1008, 496}, {0, 186, 150, 255} }},
	{{ {-1231, 1549, 3488}, 0, {1008, 496}, {127, 0, 0, 255} }},
	{{ {-1231, 1549, 2459}, 0, {1008, 496}, {127, 0, 0, 255} }},
	{{ {-1231, 1569, 2459}, 0, {1008, 496}, {127, 0, 0, 255} }},
	{{ {-1231, 1569, 3488}, 0, {1008, 496}, {127, 0, 0, 255} }},
	{{ {-1720, 374, 210}, 0, {1008, 496}, {129, 0, 0, 255} }},
	{{ {-1719, 373, 1282}, 0, {1008, 496}, {129, 0, 0, 255} }},
	{{ {-1719, 393, 1282}, 0, {1008, 496}, {129, 0, 0, 255} }},
	{{ {-1720, 394, 210}, 0, {1008, 496}, {129, 0, 0, 255} }},
	{{ {-1231, 1569, 3488}, 0, {2010, 8003}, {0, 127, 0, 255} }},
	{{ {-1231, 1569, 2459}, 0, {2010, 3404}, {0, 127, 0, 255} }},
	{{ {-1719, 1569, 2459}, 0, {0, 3404}, {0, 127, 0, 255} }},
	{{ {-1719, 1569, 3488}, 0, {0, 8003}, {0, 127, 0, 255} }},
	{{ {-1719, 1569, 3504}, 0, {0, 8076}, {0, 127, 0, 255} }},
	{{ {-1231, 1569, 3504}, 0, {2010, 8076}, {0, 127, 0, 255} }},
	{{ {-1231, 1569, 2459}, 0, {2010, 3404}, {0, 90, 166, 255} }},
	{{ {-1231, 393, 1282}, 0, {2010, -1863}, {0, 90, 166, 255} }},
	{{ {-1719, 393, 1282}, 0, {0, -1863}, {0, 90, 166, 255} }},
	{{ {-1231, 1569, 2459}, 0, {2010, 3404}, {0, 90, 166, 255} }},
	{{ {-1719, 393, 1282}, 0, {0, -1863}, {0, 90, 166, 255} }},
	{{ {-1719, 1569, 2459}, 0, {0, 3404}, {0, 90, 166, 255} }},
	{{ {-1231, 394, 150}, 0, {2011, -6924}, {0, 127, 0, 255} }},
	{{ {-1720, 394, 150}, 0, {-3, -6924}, {0, 127, 0, 255} }},
	{{ {-1720, 394, 210}, 0, {-3, -6653}, {0, 127, 0, 255} }},
	{{ {-1259, 394, 346}, 0, {1895, -6047}, {0, 127, 0, 255} }},
	{{ {-1396, 394, 346}, 0, {1333, -6047}, {0, 127, 0, 255} }},
	{{ {-1231, 394, 314}, 0, {2011, -6188}, {0, 127, 0, 255} }},
	{{ {-1231, 393, 1282}, 0, {2010, -1863}, {0, 127, 0, 255} }},
	{{ {-1259, 394, 346}, 0, {1895, -6047}, {0, 127, 0, 255} }},
	{{ {-1259, 394, 475}, 0, {1895, -5470}, {0, 127, 0, 255} }},
	{{ {-1396, 394, 475}, 0, {1333, -5470}, {0, 127, 0, 255} }},
	{{ {-1396, 394, 410}, 0, {1333, -5759}, {0, 127, 0, 255} }},
	{{ {-1396, 394, 346}, 0, {1333, -6047}, {0, 127, 0, 255} }},
	{{ {-1719, 393, 1282}, 0, {0, -1863}, {0, 127, 0, 255} }},
	{{ {-1231, 1381, 3488}, 0, {1008, 496}, {127, 0, 0, 255} }},
	{{ {-1231, 1569, 3488}, 0, {1008, 496}, {127, 0, 0, 255} }},
	{{ {-1231, 1569, 3504}, 0, {1008, 496}, {127, 0, 0, 255} }},
	{{ {-1231, 1381, 3504}, 0, {1008, 496}, {127, 0, 0, 255} }},
	{{ {-1220, 1026, 3488}, 0, {1008, 496}, {127, 4, 0, 255} }},
	{{ {-1231, 1381, 3488}, 0, {1008, 496}, {127, 4, 0, 255} }},
	{{ {-1231, 1381, 3504}, 0, {1008, 496}, {127, 4, 0, 255} }},
	{{ {-1220, 1026, 3504}, 0, {1008, 496}, {127, 4, 0, 255} }},
	{{ {-1720, -75, 149}, 0, {1008, 496}, {129, 0, 0, 255} }},
	{{ {-1720, 205, 149}, 0, {1008, 496}, {129, 0, 0, 255} }},
	{{ {-1720, 205, 114}, 0, {1008, 496}, {129, 0, 0, 255} }},
	{{ {-1720, -75, 114}, 0, {1008, 496}, {129, 0, 0, 255} }},
	{{ {-1233, -75, 149}, 0, {1008, 496}, {160, 173, 0, 255} }},
	{{ {-1476, 205, 149}, 0, {1008, 496}, {160, 173, 0, 255} }},
	{{ {-1476, 205, 114}, 0, {1008, 496}, {160, 173, 0, 255} }},
	{{ {-1233, -75, 114}, 0, {1008, 496}, {160, 173, 0, 255} }},
	{{ {-1720, 374, 150}, 0, {1008, 496}, {129, 0, 0, 255} }},
	{{ {-1720, 374, 210}, 0, {1008, 496}, {129, 0, 0, 255} }},
	{{ {-1720, 394, 210}, 0, {1008, 496}, {129, 0, 0, 255} }},
	{{ {-1720, 394, 150}, 0, {1008, 496}, {129, 0, 0, 255} }},
	{{ {-1719, 373, 1282}, 0, {1008, 496}, {129, 0, 0, 255} }},
	{{ {-1719, 1549, 2459}, 0, {1008, 496}, {129, 0, 0, 255} }},
	{{ {-1719, 1569, 2459}, 0, {1008, 496}, {129, 0, 0, 255} }},
	{{ {-1719, 393, 1282}, 0, {1008, 496}, {129, 0, 0, 255} }},
	{{ {-1231, 373, 1282}, 0, {1008, 496}, {127, 0, 0, 255} }},
	{{ {-1231, 374, 314}, 0, {1008, 496}, {127, 0, 0, 255} }},
	{{ {-1231, 394, 314}, 0, {1008, 496}, {127, 0, 0, 255} }},
	{{ {-1231, 393, 1282}, 0, {1008, 496}, {127, 0, 0, 255} }},
	{{ {-1231, 1549, 2459}, 0, {1008, 496}, {127, 0, 0, 255} }},
	{{ {-1231, 373, 1282}, 0, {1008, 496}, {127, 0, 0, 255} }},
	{{ {-1231, 393, 1282}, 0, {1008, 496}, {127, 0, 0, 255} }},
	{{ {-1231, 1569, 2459}, 0, {1008, 496}, {127, 0, 0, 255} }},
	{{ {-1719, 1549, 3488}, 0, {1008, 496}, {129, 0, 0, 255} }},
	{{ {-1719, 1569, 3488}, 0, {1008, 496}, {129, 0, 0, 255} }},
	{{ {-1719, 1569, 2459}, 0, {1008, 496}, {129, 0, 0, 255} }},
	{{ {-1231, 374, 314}, 0, {1008, 496}, {127, 0, 0, 255} }},
	{{ {-1231, 374, 150}, 0, {1008, 496}, {127, 0, 0, 255} }},
	{{ {-1231, 394, 150}, 0, {1008, 496}, {127, 0, 0, 255} }},
	{{ {-1231, 394, 314}, 0, {1008, 496}, {127, 0, 0, 255} }},
	{{ {-1231, 1381, 3504}, 0, {2010, -2336}, {0, 0, 127, 255} }},
	{{ {-1231, 1569, 3504}, 0, {2010, -3179}, {0, 0, 127, 255} }},
	{{ {-1719, 1569, 3504}, 0, {0, -3179}, {0, 0, 127, 255} }},
	{{ {-1719, 1381, 3504}, 0, {0, -2336}, {0, 0, 127, 255} }},
	{{ {-1719, 1026, 3504}, 0, {0, -751}, {0, 0, 127, 255} }},
	{{ {-1475, 1294, 3504}, 0, {1006, -1949}, {0, 0, 127, 255} }},
	{{ {-1231, 1381, 3504}, 0, {2010, -2336}, {0, 0, 127, 255} }},
	{{ {-1220, 1026, 3504}, 0, {2060, -751}, {0, 0, 127, 255} }},
	{{ {-1231, 1026, 3504}, 0, {2010, -751}, {0, 0, 127, 255} }},
	{{ {-1475, 1294, 3488}, 0, {1008, 496}, {162, 171, 0, 255} }},
	{{ {-1231, 1026, 3488}, 0, {1008, 496}, {162, 171, 0, 255} }},
	{{ {-1231, 1026, 3504}, 0, {1008, 496}, {162, 171, 0, 255} }},
	{{ {-1475, 1294, 3504}, 0, {1008, 496}, {162, 171, 0, 255} }},
	{{ {-1719, 1381, 3488}, 0, {1008, 496}, {129, 0, 0, 255} }},
	{{ {-1719, 1026, 3488}, 0, {1008, 496}, {129, 0, 0, 255} }},
	{{ {-1719, 1026, 3504}, 0, {1008, 496}, {129, 0, 0, 255} }},
	{{ {-1719, 1381, 3504}, 0, {1008, 496}, {129, 0, 0, 255} }},
	{{ {-1719, 1569, 3488}, 0, {1008, 496}, {129, 0, 0, 255} }},
	{{ {-1719, 1569, 3504}, 0, {1008, 496}, {129, 0, 0, 255} }},
	{{ {-1719, 1026, 3488}, 0, {1008, 496}, {94, 171, 0, 255} }},
	{{ {-1475, 1294, 3488}, 0, {1008, 496}, {94, 171, 0, 255} }},
	{{ {-1475, 1294, 3504}, 0, {1008, 496}, {94, 171, 0, 255} }},
	{{ {-1719, 1026, 3504}, 0, {1008, 496}, {94, 171, 0, 255} }},
	{{ {-1720, 394, 114}, 0, {-3, 2076}, {0, 0, 129, 255} }},
	{{ {-1231, 394, 114}, 0, {2011, 2076}, {0, 0, 129, 255} }},
	{{ {-1231, 205, 114}, 0, {2011, 2918}, {0, 0, 129, 255} }},
	{{ {-1476, 205, 114}, 0, {1001, 2918}, {0, 0, 129, 255} }},
	{{ {-1720, 205, 114}, 0, {-3, 2918}, {0, 0, 129, 255} }},
	{{ {-1233, -75, 114}, 0, {2005, 4170}, {0, 0, 129, 255} }},
	{{ {-1476, 205, 114}, 0, {1001, 2918}, {0, 0, 129, 255} }},
	{{ {-1231, 205, 114}, 0, {2011, 2918}, {0, 0, 129, 255} }},
	{{ {-1231, -75, 114}, 0, {2011, 4170}, {0, 0, 129, 255} }},
	{{ {-1720, 394, 150}, 0, {-3, -6924}, {0, 127, 0, 255} }},
	{{ {-1231, 394, 150}, 0, {2011, -6924}, {0, 127, 0, 255} }},
	{{ {-1231, 394, 114}, 0, {2011, -7084}, {0, 127, 0, 255} }},
	{{ {-1720, 394, 114}, 0, {-3, -7084}, {0, 127, 0, 255} }},
	{{ {-1476, 205, 149}, 0, {1008, 496}, {96, 173, 0, 255} }},
	{{ {-1720, -75, 149}, 0, {1008, 496}, {96, 173, 0, 255} }},
	{{ {-1720, -75, 114}, 0, {1008, 496}, {96, 173, 0, 255} }},
	{{ {-1476, 205, 114}, 0, {1008, 496}, {96, 173, 0, 255} }},
	{{ {-1231, 205, 149}, 0, {1008, 496}, {127, 0, 0, 255} }},
	{{ {-1231, -75, 149}, 0, {1008, 496}, {127, 0, 0, 255} }},
	{{ {-1231, -75, 114}, 0, {1008, 496}, {127, 0, 0, 255} }},
	{{ {-1231, 205, 114}, 0, {1008, 496}, {127, 0, 0, 255} }},
	{{ {-1720, 205, 149}, 0, {1008, 496}, {129, 0, 0, 255} }},
	{{ {-1720, 394, 150}, 0, {1008, 496}, {129, 0, 0, 255} }},
	{{ {-1720, 394, 114}, 0, {1008, 496}, {129, 0, 0, 255} }},
	{{ {-1720, 205, 114}, 0, {1008, 496}, {129, 0, 0, 255} }},
	{{ {-1231, 394, 150}, 0, {1008, 496}, {127, 0, 0, 255} }},
	{{ {-1231, 205, 149}, 0, {1008, 496}, {127, 0, 0, 255} }},
	{{ {-1231, 205, 114}, 0, {1008, 496}, {127, 0, 0, 255} }},
	{{ {-1231, 394, 114}, 0, {1008, 496}, {127, 0, 0, 255} }},
};

Gfx wf_dl_Plane_mesh_layer_1_tri_10[] = {
	gsSPVertex(wf_dl_Plane_mesh_layer_1_vtx_10 + 0, 30, 0),
	gsSP2Triangles(0, 1, 2, 0, 3, 4, 5, 0),
	gsSP2Triangles(3, 5, 6, 0, 7, 8, 9, 0),
	gsSP2Triangles(7, 9, 10, 0, 11, 12, 13, 0),
	gsSP2Triangles(11, 13, 14, 0, 15, 16, 17, 0),
	gsSP2Triangles(15, 17, 18, 0, 19, 20, 21, 0),
	gsSP2Triangles(22, 19, 21, 0, 21, 23, 22, 0),
	gsSP2Triangles(23, 21, 24, 0, 23, 24, 25, 0),
	gsSP2Triangles(26, 27, 28, 0, 26, 28, 29, 0),
	gsSPVertex(wf_dl_Plane_mesh_layer_1_vtx_10 + 30, 32, 0),
	gsSP2Triangles(0, 1, 2, 0, 0, 3, 1, 0),
	gsSP2Triangles(1, 3, 4, 0, 1, 4, 5, 0),
	gsSP2Triangles(6, 7, 8, 0, 6, 8, 9, 0),
	gsSP2Triangles(10, 11, 12, 0, 10, 13, 11, 0),
	gsSP2Triangles(10, 14, 13, 0, 10, 15, 14, 0),
	gsSP2Triangles(16, 17, 18, 0, 16, 18, 19, 0),
	gsSP2Triangles(20, 21, 22, 0, 20, 22, 23, 0),
	gsSP2Triangles(24, 25, 26, 0, 24, 26, 27, 0),
	gsSP2Triangles(28, 29, 30, 0, 28, 30, 31, 0),
	gsSPVertex(wf_dl_Plane_mesh_layer_1_vtx_10 + 62, 31, 0),
	gsSP2Triangles(0, 1, 2, 0, 3, 0, 2, 0),
	gsSP2Triangles(3, 2, 4, 0, 2, 5, 4, 0),
	gsSP2Triangles(4, 5, 6, 0, 4, 6, 7, 0),
	gsSP2Triangles(4, 8, 3, 0, 8, 9, 3, 0),
	gsSP2Triangles(8, 10, 9, 0, 11, 12, 13, 0),
	gsSP2Triangles(11, 13, 14, 0, 15, 16, 17, 0),
	gsSP2Triangles(15, 17, 18, 0, 19, 20, 21, 0),
	gsSP2Triangles(19, 21, 22, 0, 23, 24, 25, 0),
	gsSP2Triangles(23, 25, 26, 0, 27, 28, 29, 0),
	gsSP1Triangle(27, 29, 30, 0),
	gsSPVertex(wf_dl_Plane_mesh_layer_1_vtx_10 + 93, 32, 0),
	gsSP2Triangles(0, 1, 2, 0, 0, 2, 3, 0),
	gsSP2Triangles(4, 5, 6, 0, 4, 6, 7, 0),
	gsSP2Triangles(8, 9, 10, 0, 8, 10, 11, 0),
	gsSP2Triangles(12, 13, 14, 0, 12, 14, 15, 0),
	gsSP2Triangles(16, 17, 18, 0, 16, 18, 19, 0),
	gsSP2Triangles(20, 21, 22, 0, 20, 22, 23, 0),
	gsSP2Triangles(24, 25, 26, 0, 24, 26, 27, 0),
	gsSP2Triangles(26, 28, 27, 0, 29, 30, 31, 0),
	gsSPVertex(wf_dl_Plane_mesh_layer_1_vtx_10 + 125, 32, 0),
	gsSP2Triangles(0, 1, 2, 0, 3, 4, 5, 0),
	gsSP2Triangles(3, 5, 6, 0, 7, 8, 9, 0),
	gsSP2Triangles(7, 9, 10, 0, 11, 12, 13, 0),
	gsSP2Triangles(11, 13, 14, 0, 15, 16, 17, 0),
	gsSP2Triangles(15, 17, 18, 0, 19, 20, 21, 0),
	gsSP2Triangles(19, 21, 22, 0, 23, 24, 25, 0),
	gsSP2Triangles(23, 25, 26, 0, 23, 26, 27, 0),
	gsSP2Triangles(23, 27, 28, 0, 29, 30, 31, 0),
	gsSPVertex(wf_dl_Plane_mesh_layer_1_vtx_10 + 157, 32, 0),
	gsSP2Triangles(0, 1, 2, 0, 3, 4, 5, 0),
	gsSP2Triangles(5, 6, 3, 0, 5, 7, 6, 0),
	gsSP2Triangles(6, 8, 3, 0, 9, 8, 10, 0),
	gsSP2Triangles(9, 10, 11, 0, 9, 11, 12, 0),
	gsSP2Triangles(9, 12, 5, 0, 12, 13, 5, 0),
	gsSP2Triangles(13, 14, 5, 0, 5, 15, 9, 0),
	gsSP2Triangles(16, 17, 18, 0, 16, 18, 19, 0),
	gsSP2Triangles(20, 21, 22, 0, 20, 22, 23, 0),
	gsSP2Triangles(24, 25, 26, 0, 24, 26, 27, 0),
	gsSP2Triangles(28, 29, 30, 0, 28, 30, 31, 0),
	gsSPVertex(wf_dl_Plane_mesh_layer_1_vtx_10 + 189, 32, 0),
	gsSP2Triangles(0, 1, 2, 0, 0, 2, 3, 0),
	gsSP2Triangles(4, 5, 6, 0, 4, 6, 7, 0),
	gsSP2Triangles(8, 9, 10, 0, 8, 10, 11, 0),
	gsSP2Triangles(12, 13, 14, 0, 12, 14, 15, 0),
	gsSP2Triangles(5, 16, 17, 0, 5, 17, 18, 0),
	gsSP2Triangles(19, 20, 21, 0, 19, 21, 22, 0),
	gsSP2Triangles(23, 24, 25, 0, 23, 25, 26, 0),
	gsSP2Triangles(26, 27, 28, 0, 29, 26, 28, 0),
	gsSP2Triangles(29, 28, 30, 0, 28, 31, 30, 0),
	gsSPVertex(wf_dl_Plane_mesh_layer_1_vtx_10 + 221, 31, 0),
	gsSP2Triangles(0, 1, 2, 0, 0, 2, 3, 0),
	gsSP2Triangles(4, 5, 6, 0, 4, 6, 7, 0),
	gsSP2Triangles(8, 4, 7, 0, 8, 7, 9, 0),
	gsSP2Triangles(10, 11, 12, 0, 10, 12, 13, 0),
	gsSP2Triangles(14, 15, 16, 0, 16, 17, 14, 0),
	gsSP2Triangles(17, 18, 14, 0, 19, 20, 21, 0),
	gsSP2Triangles(19, 21, 22, 0, 23, 24, 25, 0),
	gsSP2Triangles(23, 25, 26, 0, 27, 28, 29, 0),
	gsSP1Triangle(27, 29, 30, 0),
	gsSPVertex(wf_dl_Plane_mesh_layer_1_vtx_10 + 252, 12, 0),
	gsSP2Triangles(0, 1, 2, 0, 0, 2, 3, 0),
	gsSP2Triangles(4, 5, 6, 0, 4, 6, 7, 0),
	gsSP2Triangles(8, 9, 10, 0, 8, 10, 11, 0),
	gsSPEndDisplayList(),
};

Vtx wf_dl_Plane_mesh_layer_1_vtx_11[38] = {
	{{ {2276, -341, 3488}, 0, {1038, 1129}, {0, 0, 127, 255} }},
	{{ {2134, -168, 3488}, 0, {1320, 622}, {0, 0, 127, 255} }},
	{{ {1999, -341, 3488}, 0, {1590, 1129}, {0, 0, 127, 255} }},
	{{ {3471, 42, 3488}, 0, {2280, 9}, {127, 0, 0, 255} }},
	{{ {3471, -341, 3488}, 0, {2280, 1129}, {127, 0, 0, 255} }},
	{{ {3471, -341, 1699}, 0, {-1288, 1129}, {127, 0, 0, 255} }},
	{{ {3471, 42, 1699}, 0, {-1288, 9}, {127, 0, 0, 255} }},
	{{ {3471, 42, 1699}, 0, {-1346, 9}, {0, 0, 129, 255} }},
	{{ {3471, -341, 1699}, 0, {-1346, 1129}, {0, 0, 129, 255} }},
	{{ {2744, -341, 1699}, 0, {104, 1129}, {0, 0, 129, 255} }},
	{{ {2744, 42, 1699}, 0, {104, 9}, {0, 0, 129, 255} }},
	{{ {2744, 42, 2947}, 0, {2134, 1734}, {0, 0, 127, 255} }},
	{{ {2744, 530, 2947}, 0, {2134, -6}, {0, 0, 127, 255} }},
	{{ {2385, 530, 2947}, 0, {1085, -6}, {0, 0, 127, 255} }},
	{{ {2385, 42, 2947}, 0, {1085, 1734}, {0, 0, 127, 255} }},
	{{ {1894, 42, 2947}, 0, {-353, 1734}, {0, 0, 127, 255} }},
	{{ {1894, 530, 2947}, 0, {-353, -6}, {0, 0, 127, 255} }},
	{{ {1624, 530, 2947}, 0, {-1142, -6}, {0, 0, 127, 255} }},
	{{ {1624, 42, 2947}, 0, {-1142, 1734}, {0, 0, 127, 255} }},
	{{ {2385, 42, 3488}, 0, {819, 9}, {0, 0, 127, 255} }},
	{{ {2385, -341, 3488}, 0, {819, 1129}, {0, 0, 127, 255} }},
	{{ {3471, -341, 3488}, 0, {-1346, 1129}, {0, 0, 127, 255} }},
	{{ {3471, 42, 3488}, 0, {-1346, 9}, {0, 0, 127, 255} }},
	{{ {1624, 42, 3488}, 0, {2338, 9}, {0, 0, 127, 255} }},
	{{ {1624, 42, 3488}, 0, {2338, 9}, {0, 0, 127, 255} }},
	{{ {1624, -341, 3488}, 0, {2338, 1129}, {0, 0, 127, 255} }},
	{{ {1894, 42, 3488}, 0, {1800, 9}, {0, 0, 127, 255} }},
	{{ {1894, -341, 3488}, 0, {1800, 1129}, {0, 0, 127, 255} }},
	{{ {2744, 42, 2634}, 0, {-414, 1734}, {127, 0, 0, 255} }},
	{{ {2744, 42, 1699}, 0, {2322, 1734}, {127, 0, 0, 255} }},
	{{ {2744, 530, 1699}, 0, {2322, -6}, {127, 0, 0, 255} }},
	{{ {2744, 530, 2634}, 0, {-414, -6}, {127, 0, 0, 255} }},
	{{ {2744, 42, 2789}, 0, {-866, 1734}, {127, 0, 0, 255} }},
	{{ {2744, 42, 2634}, 0, {-414, 1734}, {127, 0, 0, 255} }},
	{{ {2744, 530, 2634}, 0, {-414, -6}, {127, 0, 0, 255} }},
	{{ {2744, 530, 2789}, 0, {-866, -6}, {127, 0, 0, 255} }},
	{{ {2744, 530, 2947}, 0, {-1330, -6}, {127, 0, 0, 255} }},
	{{ {2744, 42, 2947}, 0, {-1330, 1734}, {127, 0, 0, 255} }},
};

Gfx wf_dl_Plane_mesh_layer_1_tri_11[] = {
	gsSPVertex(wf_dl_Plane_mesh_layer_1_vtx_11 + 0, 32, 0),
	gsSP2Triangles(0, 1, 2, 0, 3, 4, 5, 0),
	gsSP2Triangles(3, 5, 6, 0, 7, 8, 9, 0),
	gsSP2Triangles(7, 9, 10, 0, 11, 12, 13, 0),
	gsSP2Triangles(11, 13, 14, 0, 15, 16, 17, 0),
	gsSP2Triangles(15, 17, 18, 0, 19, 20, 21, 0),
	gsSP2Triangles(19, 21, 22, 0, 23, 24, 25, 0),
	gsSP2Triangles(25, 26, 23, 0, 25, 27, 26, 0),
	gsSP2Triangles(28, 29, 30, 0, 28, 30, 31, 0),
	gsSPVertex(wf_dl_Plane_mesh_layer_1_vtx_11 + 32, 6, 0),
	gsSP2Triangles(0, 1, 2, 0, 2, 3, 0, 0),
	gsSP2Triangles(3, 4, 0, 0, 4, 5, 0, 0),
	gsSPEndDisplayList(),
};

Vtx wf_dl_Plane_mesh_layer_1_vtx_12[115] = {
	{{ {-1864, 1360, 2459}, 0, {2621, -599}, {137, 228, 221, 255} }},
	{{ {-1576, 195, 2429}, 0, {2392, -336}, {137, 228, 221, 255} }},
	{{ {-1637, 42, 2759}, 0, {2440, -70}, {137, 228, 221, 255} }},
	{{ {-1312, 42, 3188}, 0, {-2921, 1364}, {155, 0, 77, 255} }},
	{{ {-1085, -341, 3488}, 0, {-3439, 1873}, {155, 0, 77, 255} }},
	{{ {-1085, 1360, 3488}, 0, {-3439, -390}, {155, 0, 77, 255} }},
	{{ {-1085, -341, 3488}, 0, {-1648, 1873}, {0, 0, 127, 255} }},
	{{ {1624, -341, 3488}, 0, {3032, 1873}, {0, 0, 127, 255} }},
	{{ {1624, 42, 3488}, 0, {3032, 1364}, {0, 0, 127, 255} }},
	{{ {769, 42, 3488}, 0, {1555, 1364}, {0, 0, 127, 255} }},
	{{ {1624, 1360, 3488}, 0, {3032, -390}, {0, 0, 127, 255} }},
	{{ {-1085, 42, 3488}, 0, {-1648, 1364}, {0, 0, 127, 255} }},
	{{ {-1085, 1360, 3488}, 0, {-1648, -390}, {0, 0, 127, 255} }},
	{{ {-1085, 1549, 3488}, 0, {-1648, -640}, {0, 0, 127, 255} }},
	{{ {1624, 1549, 3488}, 0, {3032, -640}, {0, 0, 127, 255} }},
	{{ {1624, 42, 3488}, 0, {-3439, 1364}, {127, 0, 0, 255} }},
	{{ {1624, 42, -1068}, 0, {4431, 1364}, {127, 0, 0, 255} }},
	{{ {1624, 1549, -1068}, 0, {4431, -640}, {127, 0, 0, 255} }},
	{{ {1624, 855, 1957}, 0, {-794, 282}, {127, 0, 0, 255} }},
	{{ {1624, 1171, 1956}, 0, {-792, -137}, {127, 0, 0, 255} }},
	{{ {1624, 1224, 2048}, 0, {-951, -208}, {127, 0, 0, 255} }},
	{{ {1624, 651, 2361}, 0, {-1492, 553}, {127, 0, 0, 255} }},
	{{ {1624, 878, 2755}, 0, {-2173, 252}, {127, 0, 0, 255} }},
	{{ {1624, 1360, 3488}, 0, {-3439, -390}, {127, 0, 0, 255} }},
	{{ {1624, 1157, 2752}, 0, {-2168, -118}, {127, 0, 0, 255} }},
	{{ {1624, 1228, 2659}, 0, {-2007, -214}, {127, 0, 0, 255} }},
	{{ {1624, 1312, 2531}, 0, {-1786, -326}, {127, 0, 0, 255} }},
	{{ {1624, 1394, 2342}, 0, {-1460, -434}, {127, 0, 0, 255} }},
	{{ {1624, 1549, -1068}, 0, {4431, -640}, {127, 0, 0, 255} }},
	{{ {1624, 1224, 2048}, 0, {-951, -208}, {127, 0, 0, 255} }},
	{{ {1624, 1549, 3488}, 0, {-3439, -640}, {127, 0, 0, 255} }},
	{{ {-1085, 1549, 3488}, 0, {2000, -1974}, {0, 0, 127, 255} }},
	{{ {-1231, 1549, 3488}, 0, {2117, -1974}, {0, 0, 127, 255} }},
	{{ {-1231, 1360, 3488}, 0, {2117, -2124}, {0, 0, 127, 255} }},
	{{ {-1085, 1360, 3488}, 0, {2000, -2124}, {0, 0, 127, 255} }},
	{{ {1434, 1360, 1210}, 0, {596, -2124}, {129, 0, 0, 255} }},
	{{ {1434, 1360, 3304}, 0, {2264, -2124}, {129, 0, 0, 255} }},
	{{ {1434, 1549, 3304}, 0, {2264, -1974}, {129, 0, 0, 255} }},
	{{ {1434, 1360, -884}, 0, {-1072, -2124}, {129, 0, 0, 255} }},
	{{ {1434, 1549, -884}, 0, {-1072, -1974}, {129, 0, 0, 255} }},
	{{ {1192, 1549, 3304}, 0, {2287, 3280}, {0, 127, 0, 255} }},
	{{ {-901, 1549, 3304}, 0, {-1330, 3280}, {0, 127, 0, 255} }},
	{{ {-1085, 1549, 3488}, 0, {-1648, 3525}, {0, 127, 0, 255} }},
	{{ {1434, 1549, 3304}, 0, {2704, 3280}, {0, 127, 0, 255} }},
	{{ {1624, 1549, 3488}, 0, {3032, 3525}, {0, 127, 0, 255} }},
	{{ {1434, 1549, -884}, 0, {2704, -2288}, {0, 127, 0, 255} }},
	{{ {1624, 1549, -1068}, 0, {3032, -2533}, {0, 127, 0, 255} }},
	{{ {-901, 1549, -884}, 0, {-1330, -2288}, {0, 127, 0, 255} }},
	{{ {-993, 1549, -1068}, 0, {-1489, -2533}, {0, 127, 0, 255} }},
	{{ {-1864, 1360, 3488}, 0, {2411, -2124}, {129, 0, 0, 255} }},
	{{ {-1864, 1549, 3488}, 0, {2411, -1974}, {129, 0, 0, 255} }},
	{{ {-1864, 1549, 2459}, 0, {1591, -1974}, {129, 0, 0, 255} }},
	{{ {-1864, 1360, 2459}, 0, {1591, -2124}, {129, 0, 0, 255} }},
	{{ {-1864, 185, 1281}, 0, {653, -3061}, {129, 0, 0, 255} }},
	{{ {-1864, 373, 1282}, 0, {653, -2911}, {129, 0, 0, 255} }},
	{{ {-1864, 185, 149}, 0, {-249, -3060}, {129, 0, 0, 255} }},
	{{ {-1864, 374, 150}, 0, {-249, -2910}, {129, 0, 0, 255} }},
	{{ {-1085, 185, 149}, 0, {2000, -3060}, {0, 0, 129, 255} }},
	{{ {-1231, 185, 149}, 0, {2117, -3060}, {0, 0, 129, 255} }},
	{{ {-1231, 374, 150}, 0, {2117, -2910}, {0, 0, 129, 255} }},
	{{ {-1085, 374, 150}, 0, {2000, -2910}, {0, 0, 129, 255} }},
	{{ {-1597, 1033, 475}, 0, {2408, 982}, {0, 127, 0, 255} }},
	{{ {-1798, 1033, 475}, 0, {2568, 982}, {0, 127, 0, 255} }},
	{{ {-1797, 1033, 966}, 0, {2568, 590}, {0, 127, 0, 255} }},
	{{ {-1396, 1033, 966}, 0, {2248, 590}, {0, 127, 0, 255} }},
	{{ {-1597, 1033, 966}, 0, {2408, 590}, {0, 127, 0, 255} }},
	{{ {-1396, 1033, 475}, 0, {2248, 982}, {0, 127, 0, 255} }},
	{{ {1624, 1549, 416}, 0, {3032, -560}, {0, 99, 79, 255} }},
	{{ {1624, 1730, 187}, 0, {3032, -864}, {0, 99, 79, 255} }},
	{{ {1526, 1619, 328}, 0, {2862, -677}, {0, 99, 79, 255} }},
	{{ {1434, 1549, 416}, 0, {2705, -560}, {0, 99, 79, 255} }},
	{{ {1434, 1729, 189}, 0, {2705, -862}, {0, 99, 79, 255} }},
	{{ {-1312, 42, 3188}, 0, {2181, -3182}, {0, 228, 124, 255} }},
	{{ {-1085, 1360, 3488}, 0, {2000, -2124}, {0, 228, 124, 255} }},
	{{ {-1231, 1360, 3488}, 0, {2117, -2124}, {0, 228, 124, 255} }},
	{{ {-1719, 1360, 3488}, 0, {2505, -2124}, {0, 228, 124, 255} }},
	{{ {-1637, 42, 3188}, 0, {2440, -3182}, {0, 228, 124, 255} }},
	{{ {-1864, 1360, 3488}, 0, {2621, -2124}, {0, 228, 124, 255} }},
	{{ {-1864, 1360, 3488}, 0, {2411, -2124}, {131, 234, 0, 255} }},
	{{ {-1864, 1360, 2459}, 0, {1591, -2124}, {131, 234, 0, 255} }},
	{{ {-1637, 42, 2759}, 0, {1830, -3179}, {131, 234, 0, 255} }},
	{{ {-1637, 42, 3188}, 0, {2172, -3179}, {131, 234, 0, 255} }},
	{{ {-1864, 1360, 2459}, 0, {1591, -2124}, {138, 218, 30, 255} }},
	{{ {-1864, 185, 1281}, 0, {653, -3061}, {138, 218, 30, 255} }},
	{{ {-1576, 195, 2121}, 0, {1316, -3046}, {138, 218, 30, 255} }},
	{{ {-1576, 195, 2429}, 0, {1541, -3026}, {138, 218, 30, 255} }},
	{{ {1434, 1360, 3304}, 0, {-7, -2124}, {0, 0, 129, 255} }},
	{{ {1192, 1360, 3304}, 0, {186, -2124}, {0, 0, 129, 255} }},
	{{ {1347, 1459, 3304}, 0, {63, -2046}, {0, 0, 129, 255} }},
	{{ {1434, 1549, 3304}, 0, {-7, -1974}, {0, 0, 129, 255} }},
	{{ {1192, 1549, 3304}, 0, {186, -1974}, {0, 0, 129, 255} }},
	{{ {-1719, 1549, 3488}, 0, {2505, -1974}, {127, 0, 0, 255} }},
	{{ {-1719, 1360, 3488}, 0, {2505, -2124}, {127, 0, 0, 255} }},
	{{ {-1719, 1381, 3488}, 0, {2505, -2108}, {127, 0, 0, 255} }},
	{{ {-1719, 1569, 3488}, 0, {2505, -1958}, {127, 0, 0, 255} }},
	{{ {-1719, 1360, 3488}, 0, {2505, -2124}, {0, 0, 127, 255} }},
	{{ {-1719, 1549, 3488}, 0, {2505, -1974}, {0, 0, 127, 255} }},
	{{ {-1864, 1549, 3488}, 0, {2621, -1974}, {0, 0, 127, 255} }},
	{{ {-1864, 1360, 3488}, 0, {2621, -2124}, {0, 0, 127, 255} }},
	{{ {-1720, 374, 150}, 0, {2506, -2910}, {0, 0, 129, 255} }},
	{{ {-1720, 185, 149}, 0, {2506, -3060}, {0, 0, 129, 255} }},
	{{ {-1864, 185, 149}, 0, {2621, -3060}, {0, 0, 129, 255} }},
	{{ {-1864, 374, 150}, 0, {2621, -2910}, {0, 0, 129, 255} }},
	{{ {-1231, 374, 150}, 0, {2117, -2910}, {123, 0, 224, 255} }},
	{{ {-1231, 185, 149}, 0, {2117, -3060}, {123, 0, 224, 255} }},
	{{ {-1231, 205, 149}, 0, {2117, -3044}, {123, 0, 224, 255} }},
	{{ {-1231, 394, 150}, 0, {2117, -2894}, {123, 0, 224, 255} }},
	{{ {-1231, 1360, 3488}, 0, {2117, -2124}, {129, 0, 0, 255} }},
	{{ {-1231, 1549, 3488}, 0, {2117, -1974}, {129, 0, 0, 255} }},
	{{ {-1231, 1569, 3488}, 0, {2117, -1958}, {129, 0, 0, 255} }},
	{{ {-1231, 1381, 3488}, 0, {2117, -2108}, {129, 0, 0, 255} }},
	{{ {-1720, 185, 149}, 0, {2506, -3060}, {134, 0, 220, 255} }},
	{{ {-1720, 374, 150}, 0, {2506, -2910}, {134, 0, 220, 255} }},
	{{ {-1720, 394, 150}, 0, {2506, -2894}, {134, 0, 220, 255} }},
	{{ {-1720, 205, 149}, 0, {2506, -3044}, {134, 0, 220, 255} }},
};

Gfx wf_dl_Plane_mesh_layer_1_tri_12[] = {
	gsSPVertex(wf_dl_Plane_mesh_layer_1_vtx_12 + 0, 31, 0),
	gsSP2Triangles(0, 1, 2, 0, 3, 4, 5, 0),
	gsSP2Triangles(6, 7, 8, 0, 6, 8, 9, 0),
	gsSP2Triangles(9, 8, 10, 0, 10, 11, 9, 0),
	gsSP2Triangles(10, 12, 11, 0, 10, 13, 12, 0),
	gsSP2Triangles(10, 14, 13, 0, 9, 11, 6, 0),
	gsSP2Triangles(15, 16, 17, 0, 15, 17, 18, 0),
	gsSP2Triangles(17, 19, 18, 0, 17, 20, 19, 0),
	gsSP2Triangles(15, 18, 21, 0, 21, 22, 15, 0),
	gsSP2Triangles(22, 23, 15, 0, 22, 24, 23, 0),
	gsSP2Triangles(24, 25, 23, 0, 23, 25, 26, 0),
	gsSP2Triangles(23, 26, 27, 0, 28, 23, 27, 0),
	gsSP2Triangles(27, 29, 28, 0, 28, 30, 23, 0),
	gsSPVertex(wf_dl_Plane_mesh_layer_1_vtx_12 + 31, 30, 0),
	gsSP2Triangles(0, 1, 2, 0, 0, 2, 3, 0),
	gsSP2Triangles(4, 5, 6, 0, 6, 7, 4, 0),
	gsSP2Triangles(6, 8, 7, 0, 9, 10, 11, 0),
	gsSP2Triangles(11, 12, 9, 0, 11, 13, 12, 0),
	gsSP2Triangles(14, 12, 13, 0, 15, 14, 13, 0),
	gsSP2Triangles(15, 16, 14, 0, 15, 17, 16, 0),
	gsSP2Triangles(18, 19, 20, 0, 18, 20, 21, 0),
	gsSP2Triangles(20, 22, 21, 0, 20, 23, 22, 0),
	gsSP2Triangles(23, 24, 22, 0, 23, 25, 24, 0),
	gsSP2Triangles(26, 27, 28, 0, 26, 28, 29, 0),
	gsSPVertex(wf_dl_Plane_mesh_layer_1_vtx_12 + 61, 30, 0),
	gsSP2Triangles(0, 1, 2, 0, 2, 3, 0, 0),
	gsSP2Triangles(2, 4, 3, 0, 3, 5, 0, 0),
	gsSP2Triangles(6, 7, 8, 0, 8, 9, 6, 0),
	gsSP2Triangles(8, 10, 9, 0, 11, 12, 13, 0),
	gsSP2Triangles(11, 13, 14, 0, 14, 15, 11, 0),
	gsSP2Triangles(14, 16, 15, 0, 17, 18, 19, 0),
	gsSP2Triangles(17, 19, 20, 0, 21, 22, 23, 0),
	gsSP2Triangles(21, 23, 24, 0, 25, 26, 27, 0),
	gsSP2Triangles(27, 28, 25, 0, 27, 29, 28, 0),
	gsSPVertex(wf_dl_Plane_mesh_layer_1_vtx_12 + 91, 24, 0),
	gsSP2Triangles(0, 1, 2, 0, 0, 2, 3, 0),
	gsSP2Triangles(4, 5, 6, 0, 4, 6, 7, 0),
	gsSP2Triangles(8, 9, 10, 0, 8, 10, 11, 0),
	gsSP2Triangles(12, 13, 14, 0, 12, 14, 15, 0),
	gsSP2Triangles(16, 17, 18, 0, 16, 18, 19, 0),
	gsSP2Triangles(20, 21, 22, 0, 20, 22, 23, 0),
	gsSPEndDisplayList(),
};

Vtx wf_dl_Plane_mesh_layer_1_vtx_13[9] = {
	{{ {-637, 2437, 64}, 0, {62, -1256}, {2, 87, 92, 255} }},
	{{ {-755, 2621, -109}, 0, {515, -546}, {2, 87, 92, 255} }},
	{{ {-860, 2440, 64}, 0, {920, -1241}, {2, 87, 92, 255} }},
	{{ {-756, 3346, -800}, 0, {520, 2248}, {5, 87, 93, 255} }},
	{{ {-862, 3125, -589}, 0, {930, 1396}, {5, 87, 93, 255} }},
	{{ {-642, 3125, -600}, 0, {81, 1396}, {5, 87, 93, 255} }},
	{{ {-757, 2975, -436}, 0, {523, 817}, {0, 89, 91, 255} }},
	{{ {-852, 2813, -277}, 0, {889, 193}, {0, 89, 91, 255} }},
	{{ {-638, 2813, -277}, 0, {64, 193}, {0, 89, 91, 255} }},
};

Gfx wf_dl_Plane_mesh_layer_1_tri_13[] = {
	gsSPVertex(wf_dl_Plane_mesh_layer_1_vtx_13 + 0, 9, 0),
	gsSP2Triangles(0, 1, 2, 0, 3, 4, 5, 0),
	gsSP1Triangle(6, 7, 8, 0),
	gsSPEndDisplayList(),
};

Vtx wf_dl_Plane_mesh_layer_1_vtx_14[12] = {
	{{ {3203, 42, 2450}, 0, {-40, 741}, {95, 70, 47, 255} }},
	{{ {3336, 42, 2181}, 0, {691, 741}, {95, 70, 47, 255} }},
	{{ {3152, 247, 2248}, 0, {526, 214}, {95, 70, 47, 255} }},
	{{ {3054, 42, 2055}, 0, {258, -34}, {165, 80, 217, 255} }},
	{{ {2947, 42, 2305}, 0, {-33, 646}, {165, 80, 217, 255} }},
	{{ {3152, 247, 2248}, 0, {562, 506}, {165, 80, 217, 255} }},
	{{ {3336, 42, 2181}, 0, {1026, 741}, {43, 70, 159, 255} }},
	{{ {3054, 42, 2055}, 0, {258, 741}, {43, 70, 159, 255} }},
	{{ {3152, 247, 2248}, 0, {509, 214}, {43, 70, 159, 255} }},
	{{ {2947, 42, 2305}, 0, {-33, 741}, {206, 75, 89, 255} }},
	{{ {3203, 42, 2450}, 0, {662, 741}, {206, 75, 89, 255} }},
	{{ {3152, 247, 2248}, 0, {544, 218}, {206, 75, 89, 255} }},
};

Gfx wf_dl_Plane_mesh_layer_1_tri_14[] = {
	gsSPVertex(wf_dl_Plane_mesh_layer_1_vtx_14 + 0, 12, 0),
	gsSP2Triangles(0, 1, 2, 0, 3, 4, 5, 0),
	gsSP2Triangles(6, 7, 8, 0, 9, 10, 11, 0),
	gsSPEndDisplayList(),
};

Vtx wf_dl_Plane_mesh_layer_1_vtx_15[52] = {
	{{ {-317, 2076, 1558}, 0, {1389, 119}, {0, 129, 0, 255} }},
	{{ {850, 2076, 1558}, 0, {459, 119}, {0, 129, 0, 255} }},
	{{ {850, 2076, 1747}, 0, {459, -31}, {0, 129, 0, 255} }},
	{{ {-317, 2076, 1747}, 0, {1389, -31}, {0, 129, 0, 255} }},
	{{ {-317, 2144, 1650}, 0, {-943, 330}, {0, 102, 180, 255} }},
	{{ {850, 2144, 1650}, 0, {1935, 330}, {0, 102, 180, 255} }},
	{{ {850, 2076, 1558}, 0, {1935, 64}, {0, 102, 180, 255} }},
	{{ {-317, 2076, 1558}, 0, {-943, 64}, {0, 102, 180, 255} }},
	{{ {-317, 2076, 1747}, 0, {-943, 602}, {0, 104, 73, 255} }},
	{{ {850, 2076, 1747}, 0, {1935, 602}, {0, 104, 73, 255} }},
	{{ {850, 2144, 1650}, 0, {1935, 325}, {0, 104, 73, 255} }},
	{{ {-317, 2144, 1650}, 0, {-943, 325}, {0, 104, 73, 255} }},
	{{ {3068, 42, 2634}, 0, {734, 1100}, {106, 70, 0, 255} }},
	{{ {2744, 530, 2634}, 0, {734, -403}, {106, 70, 0, 255} }},
	{{ {2744, 530, 2789}, 0, {258, -403}, {106, 70, 0, 255} }},
	{{ {3068, 42, 2789}, 0, {258, 1100}, {106, 70, 0, 255} }},
	{{ {2744, 530, 2634}, 0, {-414, -11}, {0, 0, 129, 255} }},
	{{ {3068, 42, 2634}, 0, {-414, 936}, {0, 0, 129, 255} }},
	{{ {3068, -54, 2634}, 0, {-414, 1065}, {0, 0, 129, 255} }},
	{{ {2744, 434, 2634}, 0, {-414, 118}, {0, 0, 129, 255} }},
	{{ {3068, 42, 2789}, 0, {995, 1100}, {0, 0, 127, 255} }},
	{{ {2744, 530, 2789}, 0, {-3, -403}, {0, 0, 127, 255} }},
	{{ {2744, 434, 2789}, 0, {-3, -108}, {0, 0, 127, 255} }},
	{{ {3068, -54, 2789}, 0, {995, 1395}, {0, 0, 127, 255} }},
	{{ {3068, -54, 2789}, 0, {-866, 1065}, {150, 186, 0, 255} }},
	{{ {2744, 434, 2789}, 0, {-866, 118}, {150, 186, 0, 255} }},
	{{ {2744, 434, 2634}, 0, {-414, 118}, {150, 186, 0, 255} }},
	{{ {3068, -54, 2634}, 0, {-414, 1065}, {150, 186, 0, 255} }},
	{{ {-317, 2076, 1099}, 0, {1389, 485}, {0, 129, 0, 255} }},
	{{ {850, 2076, 1099}, 0, {459, 485}, {0, 129, 0, 255} }},
	{{ {850, 2076, 1287}, 0, {459, 334}, {0, 129, 0, 255} }},
	{{ {-317, 2076, 1287}, 0, {1389, 334}, {0, 129, 0, 255} }},
	{{ {-317, 2144, 1191}, 0, {-943, -524}, {0, 102, 180, 255} }},
	{{ {850, 2144, 1191}, 0, {1935, -524}, {0, 102, 180, 255} }},
	{{ {850, 2076, 1099}, 0, {1935, -789}, {0, 102, 180, 255} }},
	{{ {-317, 2076, 1099}, 0, {-943, -789}, {0, 102, 180, 255} }},
	{{ {-317, 2076, 1287}, 0, {-943, -278}, {0, 104, 73, 255} }},
	{{ {850, 2076, 1287}, 0, {1935, -278}, {0, 104, 73, 255} }},
	{{ {850, 2144, 1191}, 0, {1935, -556}, {0, 104, 73, 255} }},
	{{ {-317, 2144, 1191}, 0, {-943, -556}, {0, 104, 73, 255} }},
	{{ {-317, 2076, 1978}, 0, {1389, -216}, {0, 129, 0, 255} }},
	{{ {850, 2076, 1978}, 0, {459, -216}, {0, 129, 0, 255} }},
	{{ {850, 2076, 2166}, 0, {459, -366}, {0, 129, 0, 255} }},
	{{ {-317, 2076, 2166}, 0, {1389, -366}, {0, 129, 0, 255} }},
	{{ {-317, 2144, 2070}, 0, {-943, 1110}, {0, 102, 180, 255} }},
	{{ {850, 2144, 2070}, 0, {1935, 1110}, {0, 102, 180, 255} }},
	{{ {850, 2076, 1978}, 0, {1935, 845}, {0, 102, 180, 255} }},
	{{ {-317, 2076, 1978}, 0, {-943, 845}, {0, 102, 180, 255} }},
	{{ {-317, 2076, 2166}, 0, {-943, 1407}, {0, 104, 73, 255} }},
	{{ {850, 2076, 2166}, 0, {1935, 1407}, {0, 104, 73, 255} }},
	{{ {850, 2144, 2070}, 0, {1935, 1130}, {0, 104, 73, 255} }},
	{{ {-317, 2144, 2070}, 0, {-943, 1130}, {0, 104, 73, 255} }},
};

Gfx wf_dl_Plane_mesh_layer_1_tri_15[] = {
	gsSPVertex(wf_dl_Plane_mesh_layer_1_vtx_15 + 0, 32, 0),
	gsSP2Triangles(0, 1, 2, 0, 0, 2, 3, 0),
	gsSP2Triangles(4, 5, 6, 0, 4, 6, 7, 0),
	gsSP2Triangles(8, 9, 10, 0, 8, 10, 11, 0),
	gsSP2Triangles(12, 13, 14, 0, 12, 14, 15, 0),
	gsSP2Triangles(16, 17, 18, 0, 16, 18, 19, 0),
	gsSP2Triangles(20, 21, 22, 0, 20, 22, 23, 0),
	gsSP2Triangles(24, 25, 26, 0, 24, 26, 27, 0),
	gsSP2Triangles(28, 29, 30, 0, 28, 30, 31, 0),
	gsSPVertex(wf_dl_Plane_mesh_layer_1_vtx_15 + 32, 20, 0),
	gsSP2Triangles(0, 1, 2, 0, 0, 2, 3, 0),
	gsSP2Triangles(4, 5, 6, 0, 4, 6, 7, 0),
	gsSP2Triangles(8, 9, 10, 0, 8, 10, 11, 0),
	gsSP2Triangles(12, 13, 14, 0, 12, 14, 15, 0),
	gsSP2Triangles(16, 17, 18, 0, 16, 18, 19, 0),
	gsSPEndDisplayList(),
};

Vtx wf_dl_Plane_mesh_layer_1_vtx_16[143] = {
	{{ {-1396, 373, 475}, 0, {850, 2601}, {0, 0, 127, 255} }},
	{{ {-1259, 373, 475}, 0, {1212, 2601}, {0, 0, 127, 255} }},
	{{ {-1259, 1033, 475}, 0, {1212, 846}, {0, 0, 127, 255} }},
	{{ {-1396, 703, 475}, 0, {850, 1724}, {0, 0, 127, 255} }},
	{{ {-1396, 1033, 475}, 0, {850, 846}, {0, 0, 127, 255} }},
	{{ {-1259, 373, 346}, 0, {1494, 2601}, {127, 0, 0, 255} }},
	{{ {-1259, 1033, 475}, 0, {1150, 846}, {127, 0, 0, 255} }},
	{{ {-1259, 373, 475}, 0, {1151, 2601}, {127, 0, 0, 255} }},
	{{ {-1259, 1033, 346}, 0, {1493, 846}, {127, 0, 0, 255} }},
	{{ {-1259, 1845, 475}, 0, {1150, -1317}, {127, 0, 0, 255} }},
	{{ {-1259, 1846, 346}, 0, {1493, -1317}, {127, 0, 0, 255} }},
	{{ {-1259, 1955, 475}, 0, {1150, -1609}, {127, 0, 0, 255} }},
	{{ {-1259, 1955, 346}, 0, {1493, -1609}, {127, 0, 0, 255} }},
	{{ {-1396, 703, 410}, 0, {850, -330}, {0, 129, 0, 255} }},
	{{ {-1798, 703, 410}, 0, {-220, -330}, {0, 129, 0, 255} }},
	{{ {-1798, 703, 346}, 0, {-220, -502}, {0, 129, 0, 255} }},
	{{ {-1396, 703, 346}, 0, {849, -502}, {0, 129, 0, 255} }},
	{{ {-1396, 373, 966}, 0, {849, 2601}, {0, 0, 129, 255} }},
	{{ {-1396, 1033, 966}, 0, {849, 846}, {0, 0, 129, 255} }},
	{{ {-1259, 1033, 966}, 0, {1212, 846}, {0, 0, 129, 255} }},
	{{ {-1259, 373, 966}, 0, {1212, 2601}, {0, 0, 129, 255} }},
	{{ {-1259, 373, 966}, 0, {-157, 2601}, {127, 0, 0, 255} }},
	{{ {-1259, 1033, 1096}, 0, {-502, 846}, {127, 0, 0, 255} }},
	{{ {-1259, 373, 1095}, 0, {-501, 2601}, {127, 0, 0, 255} }},
	{{ {-1259, 1033, 966}, 0, {-158, 846}, {127, 0, 0, 255} }},
	{{ {-1259, 1846, 1096}, 0, {-502, -1317}, {127, 0, 0, 255} }},
	{{ {-1259, 1846, 966}, 0, {-158, -1317}, {127, 0, 0, 255} }},
	{{ {-1396, 373, 1095}, 0, {-501, 2601}, {129, 0, 0, 255} }},
	{{ {-1396, 1033, 1096}, 0, {-502, 846}, {129, 0, 0, 255} }},
	{{ {-1396, 1033, 966}, 0, {-158, 846}, {129, 0, 0, 255} }},
	{{ {-1396, 373, 966}, 0, {-157, 2601}, {129, 0, 0, 255} }},
	{{ {-1396, 373, 410}, 0, {1322, 2601}, {129, 0, 0, 255} }},
	{{ {-1396, 373, 475}, 0, {1151, 2601}, {129, 0, 0, 255} }},
	{{ {-1396, 703, 475}, 0, {1150, 1724}, {129, 0, 0, 255} }},
	{{ {-1396, 703, 410}, 0, {1322, 1724}, {129, 0, 0, 255} }},
	{{ {-1396, 373, 346}, 0, {1494, 2601}, {129, 0, 0, 255} }},
	{{ {-1396, 703, 346}, 0, {1494, 1723}, {129, 0, 0, 255} }},
	{{ {-1798, 703, 410}, 0, {1322, 1724}, {129, 0, 0, 255} }},
	{{ {-1798, 703, 475}, 0, {1150, 1724}, {129, 0, 0, 255} }},
	{{ {-1798, 1033, 475}, 0, {1150, 846}, {129, 0, 0, 255} }},
	{{ {-1798, 1033, 346}, 0, {1493, 846}, {129, 0, 0, 255} }},
	{{ {-1798, 1033, 410}, 0, {1321, 846}, {129, 0, 0, 255} }},
	{{ {-1798, 1846, 410}, 0, {1321, -1317}, {129, 0, 0, 255} }},
	{{ {-1798, 1845, 475}, 0, {1150, -1317}, {129, 0, 0, 255} }},
	{{ {-1798, 1955, 411}, 0, {1321, -1609}, {129, 0, 0, 255} }},
	{{ {-1798, 1955, 475}, 0, {1149, -1609}, {129, 0, 0, 255} }},
	{{ {-1798, 1955, 346}, 0, {1493, -1609}, {129, 0, 0, 255} }},
	{{ {-1798, 1846, 346}, 0, {1493, -1317}, {129, 0, 0, 255} }},
	{{ {-1798, 703, 346}, 0, {1494, 1723}, {129, 0, 0, 255} }},
	{{ {-1396, 703, 475}, 0, {850, -158}, {0, 129, 0, 255} }},
	{{ {-1798, 703, 475}, 0, {-220, -158}, {0, 129, 0, 255} }},
	{{ {-1798, 703, 410}, 0, {-220, -330}, {0, 129, 0, 255} }},
	{{ {-1396, 703, 410}, 0, {850, -330}, {0, 129, 0, 255} }},
	{{ {-1798, 1033, 475}, 0, {1150, 846}, {129, 0, 0, 255} }},
	{{ {-1798, 703, 475}, 0, {1150, 1724}, {129, 0, 0, 255} }},
	{{ {-1797, 703, 1095}, 0, {-502, 1724}, {129, 0, 0, 255} }},
	{{ {-1797, 1033, 966}, 0, {-158, 846}, {129, 0, 0, 255} }},
	{{ {-1797, 1033, 1096}, 0, {-502, 847}, {129, 0, 0, 255} }},
	{{ {-1396, 703, 1095}, 0, {850, 1724}, {0, 0, 127, 255} }},
	{{ {-1396, 1033, 1096}, 0, {850, 847}, {0, 0, 127, 255} }},
	{{ {-1597, 1033, 1096}, 0, {315, 847}, {0, 0, 127, 255} }},
	{{ {-1797, 703, 1095}, 0, {-220, 1724}, {0, 0, 127, 255} }},
	{{ {-1797, 1033, 1096}, 0, {-220, 847}, {0, 0, 127, 255} }},
	{{ {-1396, 703, 475}, 0, {850, -158}, {0, 129, 0, 255} }},
	{{ {-1396, 703, 1095}, 0, {850, 1493}, {0, 129, 0, 255} }},
	{{ {-1797, 703, 1095}, 0, {-220, 1494}, {0, 129, 0, 255} }},
	{{ {-1798, 703, 475}, 0, {-220, -158}, {0, 129, 0, 255} }},
	{{ {-1396, 703, 475}, 0, {1150, 1724}, {127, 0, 0, 255} }},
	{{ {-1396, 1033, 475}, 0, {1150, 846}, {127, 0, 0, 255} }},
	{{ {-1396, 1033, 966}, 0, {-158, 846}, {127, 0, 0, 255} }},
	{{ {-1396, 703, 1095}, 0, {-501, 1724}, {127, 0, 0, 255} }},
	{{ {-1396, 1033, 1096}, 0, {-502, 847}, {127, 0, 0, 255} }},
	{{ {-1797, 1033, 1096}, 0, {-502, 847}, {129, 0, 0, 255} }},
	{{ {-1797, 1845, 1096}, 0, {-502, -1316}, {129, 0, 0, 255} }},
	{{ {-1797, 1845, 966}, 0, {-158, -1317}, {129, 0, 0, 255} }},
	{{ {-1797, 1033, 966}, 0, {-158, 846}, {129, 0, 0, 255} }},
	{{ {-1396, 1033, 966}, 0, {849, 846}, {0, 0, 129, 255} }},
	{{ {-1396, 1846, 966}, 0, {849, -1317}, {0, 0, 129, 255} }},
	{{ {-1259, 1846, 966}, 0, {1212, -1317}, {0, 0, 129, 255} }},
	{{ {-1259, 1033, 966}, 0, {1212, 846}, {0, 0, 129, 255} }},
	{{ {-1798, 1845, 475}, 0, {1150, -1317}, {129, 0, 0, 255} }},
	{{ {-1797, 1845, 1096}, 0, {-502, -1316}, {129, 0, 0, 255} }},
	{{ {-1797, 1955, 1096}, 0, {-502, -1608}, {129, 0, 0, 255} }},
	{{ {-1798, 1955, 475}, 0, {1149, -1609}, {129, 0, 0, 255} }},
	{{ {-1259, 1033, 475}, 0, {1212, 846}, {0, 0, 127, 255} }},
	{{ {-1259, 1845, 475}, 0, {1212, -1317}, {0, 0, 127, 255} }},
	{{ {-1396, 1845, 475}, 0, {850, -1317}, {0, 0, 127, 255} }},
	{{ {-1396, 1033, 475}, 0, {850, 846}, {0, 0, 127, 255} }},
	{{ {-1396, 1845, 1096}, 0, {850, -1316}, {0, 0, 127, 255} }},
	{{ {-1259, 1845, 1096}, 0, {1212, -1316}, {0, 0, 127, 255} }},
	{{ {-1259, 1955, 1096}, 0, {1212, -1608}, {0, 0, 127, 255} }},
	{{ {-1597, 1955, 1096}, 0, {315, -1608}, {0, 0, 127, 255} }},
	{{ {-1396, 1955, 1096}, 0, {850, -1608}, {0, 0, 127, 255} }},
	{{ {-1797, 1845, 1096}, 0, {-220, -1316}, {0, 0, 127, 255} }},
	{{ {-1797, 1955, 1096}, 0, {-220, -1608}, {0, 0, 127, 255} }},
	{{ {-1797, 1845, 1096}, 0, {-220, -1316}, {0, 0, 127, 255} }},
	{{ {-1597, 1845, 1096}, 0, {315, -1316}, {0, 0, 127, 255} }},
	{{ {-1396, 1845, 1096}, 0, {850, -1316}, {0, 0, 127, 255} }},
	{{ {-1259, 1955, 475}, 0, {1150, -1609}, {127, 0, 0, 255} }},
	{{ {-1259, 1955, 1096}, 0, {-502, -1608}, {127, 0, 0, 255} }},
	{{ {-1259, 1845, 1096}, 0, {-502, -1316}, {127, 0, 0, 255} }},
	{{ {-1259, 1845, 475}, 0, {1150, -1317}, {127, 0, 0, 255} }},
	{{ {-1259, 1338, 475}, 0, {1151, 35}, {127, 0, 0, 255} }},
	{{ {-1259, 1337, 1095}, 0, {-501, 36}, {127, 0, 0, 255} }},
	{{ {-1259, 1338, 475}, 0, {1212, -159}, {0, 129, 0, 255} }},
	{{ {-1259, 1337, 1095}, 0, {1212, 1493}, {0, 129, 0, 255} }},
	{{ {-1396, 1337, 1095}, 0, {850, 1493}, {0, 129, 0, 255} }},
	{{ {-1396, 1338, 475}, 0, {850, -159}, {0, 129, 0, 255} }},
	{{ {-1396, 1845, 1096}, 0, {850, -1316}, {0, 0, 127, 255} }},
	{{ {-1396, 1337, 1095}, 0, {850, 36}, {0, 0, 127, 255} }},
	{{ {-1259, 1337, 1095}, 0, {1212, 36}, {0, 0, 127, 255} }},
	{{ {-1259, 1845, 1096}, 0, {1212, -1316}, {0, 0, 127, 255} }},
	{{ {-1396, 1845, 475}, 0, {1418, -712}, {129, 0, 0, 255} }},
	{{ {-1396, 1338, 475}, 0, {1419, 798}, {129, 0, 0, 255} }},
	{{ {-1396, 1337, 1095}, 0, {-426, 799}, {129, 0, 0, 255} }},
	{{ {-1396, 1845, 1096}, 0, {-427, -711}, {129, 0, 0, 255} }},
	{{ {-1797, 1845, 475}, 0, {1150, -1317}, {129, 0, 0, 255} }},
	{{ {-1797, 1338, 475}, 0, {1151, 35}, {129, 0, 0, 255} }},
	{{ {-1796, 1337, 1095}, 0, {-501, 36}, {129, 0, 0, 255} }},
	{{ {-1796, 1845, 1096}, 0, {-502, -1316}, {129, 0, 0, 255} }},
	{{ {-1597, 1845, 1096}, 0, {315, -1316}, {0, 0, 127, 255} }},
	{{ {-1797, 1845, 1096}, 0, {-220, -1316}, {0, 0, 127, 255} }},
	{{ {-1797, 1033, 1096}, 0, {-220, 847}, {0, 0, 127, 255} }},
	{{ {-1597, 1033, 1096}, 0, {315, 847}, {0, 0, 127, 255} }},
	{{ {-1396, 1845, 1096}, 0, {850, -1316}, {0, 0, 127, 255} }},
	{{ {-1396, 1033, 1096}, 0, {850, 847}, {0, 0, 127, 255} }},
	{{ {-1396, 1033, 1096}, 0, {850, 846}, {0, 0, 127, 255} }},
	{{ {-1396, 373, 1095}, 0, {850, 2601}, {0, 0, 127, 255} }},
	{{ {-1259, 373, 1095}, 0, {1212, 2601}, {0, 0, 127, 255} }},
	{{ {-1259, 1033, 1096}, 0, {1212, 846}, {0, 0, 127, 255} }},
	{{ {-1396, 1846, 1096}, 0, {850, -1317}, {0, 0, 127, 255} }},
	{{ {-1259, 1846, 1096}, 0, {1212, -1317}, {0, 0, 127, 255} }},
	{{ {-1259, 1033, 346}, 0, {1212, 846}, {0, 0, 129, 255} }},
	{{ {-1259, 373, 346}, 0, {1212, 2601}, {0, 0, 129, 255} }},
	{{ {-1396, 373, 346}, 0, {849, 2601}, {0, 0, 129, 255} }},
	{{ {-1396, 703, 346}, 0, {849, 1723}, {0, 0, 129, 255} }},
	{{ {-1259, 1846, 346}, 0, {1212, -1317}, {0, 0, 129, 255} }},
	{{ {-1396, 1955, 346}, 0, {849, -1609}, {0, 0, 129, 255} }},
	{{ {-1798, 1846, 346}, 0, {-220, -1317}, {0, 0, 129, 255} }},
	{{ {-1798, 1033, 346}, 0, {-220, 846}, {0, 0, 129, 255} }},
	{{ {-1798, 703, 346}, 0, {-220, 1723}, {0, 0, 129, 255} }},
	{{ {-1798, 1955, 346}, 0, {-220, -1609}, {0, 0, 129, 255} }},
	{{ {-1259, 1955, 346}, 0, {1212, -1609}, {0, 0, 129, 255} }},
};

Gfx wf_dl_Plane_mesh_layer_1_tri_16[] = {
	gsSPVertex(wf_dl_Plane_mesh_layer_1_vtx_16 + 0, 31, 0),
	gsSP2Triangles(0, 1, 2, 0, 2, 3, 0, 0),
	gsSP2Triangles(2, 4, 3, 0, 5, 6, 7, 0),
	gsSP2Triangles(5, 8, 6, 0, 8, 9, 6, 0),
	gsSP2Triangles(8, 10, 9, 0, 10, 11, 9, 0),
	gsSP2Triangles(10, 12, 11, 0, 13, 14, 15, 0),
	gsSP2Triangles(13, 15, 16, 0, 17, 18, 19, 0),
	gsSP2Triangles(17, 19, 20, 0, 21, 22, 23, 0),
	gsSP2Triangles(21, 24, 22, 0, 24, 25, 22, 0),
	gsSP2Triangles(24, 26, 25, 0, 27, 28, 29, 0),
	gsSP1Triangle(27, 29, 30, 0),
	gsSPVertex(wf_dl_Plane_mesh_layer_1_vtx_16 + 31, 32, 0),
	gsSP2Triangles(0, 1, 2, 0, 0, 2, 3, 0),
	gsSP2Triangles(3, 4, 0, 0, 3, 5, 4, 0),
	gsSP2Triangles(6, 7, 8, 0, 6, 8, 9, 0),
	gsSP2Triangles(8, 10, 9, 0, 8, 11, 10, 0),
	gsSP2Triangles(8, 12, 11, 0, 12, 13, 11, 0),
	gsSP2Triangles(12, 14, 13, 0, 11, 13, 15, 0),
	gsSP2Triangles(11, 15, 16, 0, 10, 11, 16, 0),
	gsSP2Triangles(10, 16, 9, 0, 9, 17, 6, 0),
	gsSP2Triangles(18, 19, 20, 0, 18, 20, 21, 0),
	gsSP2Triangles(22, 23, 24, 0, 24, 25, 22, 0),
	gsSP2Triangles(24, 26, 25, 0, 27, 28, 29, 0),
	gsSP2Triangles(29, 30, 27, 0, 29, 31, 30, 0),
	gsSPVertex(wf_dl_Plane_mesh_layer_1_vtx_16 + 63, 32, 0),
	gsSP2Triangles(0, 1, 2, 0, 0, 2, 3, 0),
	gsSP2Triangles(4, 5, 6, 0, 6, 7, 4, 0),
	gsSP2Triangles(6, 8, 7, 0, 9, 10, 11, 0),
	gsSP2Triangles(9, 11, 12, 0, 13, 14, 15, 0),
	gsSP2Triangles(13, 15, 16, 0, 17, 18, 19, 0),
	gsSP2Triangles(17, 19, 20, 0, 21, 22, 23, 0),
	gsSP2Triangles(21, 23, 24, 0, 25, 26, 27, 0),
	gsSP2Triangles(25, 27, 28, 0, 27, 29, 28, 0),
	gsSP2Triangles(28, 30, 25, 0, 28, 31, 30, 0),
	gsSPVertex(wf_dl_Plane_mesh_layer_1_vtx_16 + 95, 31, 0),
	gsSP2Triangles(0, 1, 2, 0, 3, 4, 5, 0),
	gsSP2Triangles(3, 5, 6, 0, 5, 7, 6, 0),
	gsSP2Triangles(5, 8, 7, 0, 9, 10, 11, 0),
	gsSP2Triangles(9, 11, 12, 0, 13, 14, 15, 0),
	gsSP2Triangles(13, 15, 16, 0, 17, 18, 19, 0),
	gsSP2Triangles(17, 19, 20, 0, 21, 22, 23, 0),
	gsSP2Triangles(21, 23, 24, 0, 25, 26, 27, 0),
	gsSP2Triangles(25, 27, 28, 0, 25, 28, 29, 0),
	gsSP1Triangle(28, 30, 29, 0),
	gsSPVertex(wf_dl_Plane_mesh_layer_1_vtx_16 + 126, 17, 0),
	gsSP2Triangles(0, 1, 2, 0, 0, 2, 3, 0),
	gsSP2Triangles(0, 3, 4, 0, 3, 5, 4, 0),
	gsSP2Triangles(6, 7, 8, 0, 6, 8, 9, 0),
	gsSP2Triangles(10, 6, 9, 0, 11, 10, 9, 0),
	gsSP2Triangles(9, 12, 11, 0, 9, 13, 12, 0),
	gsSP2Triangles(9, 14, 13, 0, 12, 15, 11, 0),
	gsSP1Triangle(11, 16, 10, 0),
	gsSPEndDisplayList(),
};

Vtx wf_dl_Plane_mesh_layer_4_vtx_cull[8] = {
	{{ {-1864, -487, 3509}, 0, {0, 0}, {0, 0, 0, 0} }},
	{{ {-1864, 9639, 3509}, 0, {0, 0}, {0, 0, 0, 0} }},
	{{ {-1864, 9639, -2022}, 0, {0, 0}, {0, 0, 0, 0} }},
	{{ {-1864, -487, -2022}, 0, {0, 0}, {0, 0, 0, 0} }},
	{{ {3471, -487, 3509}, 0, {0, 0}, {0, 0, 0, 0} }},
	{{ {3471, 9639, 3509}, 0, {0, 0}, {0, 0, 0, 0} }},
	{{ {3471, 9639, -2022}, 0, {0, 0}, {0, 0, 0, 0} }},
	{{ {3471, -487, -2022}, 0, {0, 0}, {0, 0, 0, 0} }},
};

Vtx wf_dl_Plane_mesh_layer_4_vtx_0[30] = {
	{{ {2744, 42, 1699}, 0, {-3166, 1903}, {0, 0, 127, 255} }},
	{{ {3471, 42, 1699}, 0, {11278, 1903}, {0, 0, 127, 255} }},
	{{ {3471, 152, 1699}, 0, {11278, -15}, {0, 0, 127, 255} }},
	{{ {2744, 152, 1699}, 0, {-3166, -15}, {0, 0, 127, 255} }},
	{{ {3471, 42, 1699}, 0, {18261, 1903}, {129, 0, 0, 255} }},
	{{ {3471, 42, 3488}, 0, {-17269, 1903}, {129, 0, 0, 255} }},
	{{ {3471, 152, 3488}, 0, {-17269, -15}, {129, 0, 0, 255} }},
	{{ {3471, 152, 1699}, 0, {18261, -15}, {129, 0, 0, 255} }},
	{{ {2385, 42, 3488}, 0, {-10286, 1903}, {0, 0, 129, 255} }},
	{{ {2385, 152, 3488}, 0, {-10286, -15}, {0, 0, 129, 255} }},
	{{ {3471, 152, 3488}, 0, {11278, -15}, {0, 0, 129, 255} }},
	{{ {3471, 42, 3488}, 0, {11278, 1903}, {0, 0, 129, 255} }},
	{{ {2743, 1730, -1068}, 0, {-3094, 1974}, {129, 0, 0, 255} }},
	{{ {2743, 1730, -671}, 0, {5011, 1974}, {129, 0, 0, 255} }},
	{{ {2743, 1821, -671}, 0, {5011, 42}, {129, 0, 0, 255} }},
	{{ {2743, 1821, -1068}, 0, {-3094, 42}, {129, 0, 0, 255} }},
	{{ {1434, 1821, -1067}, 0, {14270, 42}, {0, 0, 127, 255} }},
	{{ {1434, 1730, -1067}, 0, {14270, 1974}, {0, 0, 127, 255} }},
	{{ {1623, 1730, -1067}, 0, {10399, 1974}, {0, 0, 127, 255} }},
	{{ {1623, 1821, -1067}, 0, {10399, 42}, {0, 0, 127, 255} }},
	{{ {2743, 1821, -1068}, 0, {-12492, 42}, {0, 0, 127, 255} }},
	{{ {2743, 1730, -1068}, 0, {-12492, 1974}, {0, 0, 127, 255} }},
	{{ {1894, 152, 3488}, 0, {-19327, -15}, {0, 0, 129, 255} }},
	{{ {1894, 42, 3488}, 0, {-19327, 1903}, {0, 0, 129, 255} }},
	{{ {1624, 42, 3488}, 0, {-24684, 1903}, {0, 0, 129, 255} }},
	{{ {1624, 152, 3488}, 0, {-24684, -15}, {0, 0, 129, 255} }},
	{{ {2743, 1730, -217}, 0, {14311, 1974}, {129, 0, 0, 255} }},
	{{ {2743, 1730, 187}, 0, {22565, 1974}, {129, 0, 0, 255} }},
	{{ {2743, 1821, 187}, 0, {22565, 42}, {129, 0, 0, 255} }},
	{{ {2743, 1821, -217}, 0, {14311, 42}, {129, 0, 0, 255} }},
};

Gfx wf_dl_Plane_mesh_layer_4_tri_0[] = {
	gsSPVertex(wf_dl_Plane_mesh_layer_4_vtx_0 + 0, 30, 0),
	gsSP2Triangles(0, 1, 2, 0, 0, 2, 3, 0),
	gsSP2Triangles(4, 5, 6, 0, 4, 6, 7, 0),
	gsSP2Triangles(8, 9, 10, 0, 8, 10, 11, 0),
	gsSP2Triangles(12, 13, 14, 0, 12, 14, 15, 0),
	gsSP2Triangles(16, 17, 18, 0, 19, 16, 18, 0),
	gsSP2Triangles(18, 20, 19, 0, 18, 21, 20, 0),
	gsSP2Triangles(22, 23, 24, 0, 22, 24, 25, 0),
	gsSP2Triangles(26, 27, 28, 0, 26, 28, 29, 0),
	gsSPEndDisplayList(),
};

Vtx wf_dl_Plane_mesh_layer_4_vtx_1[4] = {
	{{ {-1800, 1922, 992}, 0, {-16, -16}, {129, 0, 0, 255} }},
	{{ {-1800, 1922, 436}, 0, {1008, -16}, {129, 0, 0, 255} }},
	{{ {-1800, 1366, 436}, 0, {1008, 1008}, {129, 0, 0, 255} }},
	{{ {-1800, 1366, 992}, 0, {-16, 1008}, {129, 0, 0, 255} }},
};

Gfx wf_dl_Plane_mesh_layer_4_tri_1[] = {
	gsSPVertex(wf_dl_Plane_mesh_layer_4_vtx_1 + 0, 4, 0),
	gsSP2Triangles(0, 1, 2, 0, 0, 2, 3, 0),
	gsSPEndDisplayList(),
};

Vtx wf_dl_Plane_mesh_layer_4_vtx_2[4] = {
	{{ {-1797, 1033, 966}, 0, {-199, 927}, {127, 0, 0, 255} }},
	{{ {-1798, 1033, 475}, 0, {1191, 927}, {127, 0, 0, 255} }},
	{{ {-1798, 1338, 475}, 0, {1191, 65}, {127, 0, 0, 255} }},
	{{ {-1797, 1338, 966}, 0, {-199, 65}, {127, 0, 0, 255} }},
};

Gfx wf_dl_Plane_mesh_layer_4_tri_2[] = {
	gsSPVertex(wf_dl_Plane_mesh_layer_4_vtx_2 + 0, 4, 0),
	gsSP2Triangles(0, 1, 2, 0, 0, 2, 3, 0),
	gsSPEndDisplayList(),
};

Vtx wf_dl_Plane_mesh_layer_5_vtx_cull[8] = {
	{{ {-1864, -487, 3509}, 0, {0, 0}, {0, 0, 0, 0} }},
	{{ {-1864, 9639, 3509}, 0, {0, 0}, {0, 0, 0, 0} }},
	{{ {-1864, 9639, -2022}, 0, {0, 0}, {0, 0, 0, 0} }},
	{{ {-1864, -487, -2022}, 0, {0, 0}, {0, 0, 0, 0} }},
	{{ {3471, -487, 3509}, 0, {0, 0}, {0, 0, 0, 0} }},
	{{ {3471, 9639, 3509}, 0, {0, 0}, {0, 0, 0, 0} }},
	{{ {3471, 9639, -2022}, 0, {0, 0}, {0, 0, 0, 0} }},
	{{ {3471, -487, -2022}, 0, {0, 0}, {0, 0, 0, 0} }},
};

Vtx wf_dl_Plane_mesh_layer_5_vtx_0[4] = {
	{{ {-901, 1520, 3304}, 0, {4591, -6181}, {0, 127, 0, 255} }},
	{{ {1434, 1520, 3304}, 0, {-2744, -6181}, {0, 127, 0, 255} }},
	{{ {1434, 1520, -884}, 0, {-2744, 6973}, {0, 127, 0, 255} }},
	{{ {-901, 1520, -884}, 0, {4591, 6973}, {0, 127, 0, 255} }},
};

Gfx wf_dl_Plane_mesh_layer_5_tri_0[] = {
	gsSPVertex(wf_dl_Plane_mesh_layer_5_vtx_0 + 0, 4, 0),
	gsSP2Triangles(0, 1, 2, 0, 0, 2, 3, 0),
	gsSPEndDisplayList(),
};

Vtx wf_dl_Plane_001_mesh_layer_1_vtx_cull[8] = {
	{{ {-6137, 0, 6137}, 0, {0, 0}, {0, 0, 0, 0} }},
	{{ {-6137, 0, 6137}, 0, {0, 0}, {0, 0, 0, 0} }},
	{{ {-6137, 0, -6137}, 0, {0, 0}, {0, 0, 0, 0} }},
	{{ {-6137, 0, -6137}, 0, {0, 0}, {0, 0, 0, 0} }},
	{{ {6137, 0, 6137}, 0, {0, 0}, {0, 0, 0, 0} }},
	{{ {6137, 0, 6137}, 0, {0, 0}, {0, 0, 0, 0} }},
	{{ {6137, 0, -6137}, 0, {0, 0}, {0, 0, 0, 0} }},
	{{ {6137, 0, -6137}, 0, {0, 0}, {0, 0, 0, 0} }},
};

Vtx wf_dl_Plane_001_mesh_layer_1_vtx_0[4] = {
	{{ {-6137, 0, 6137}, 0, {-3439, 5076}, {0, 127, 0, 255} }},
	{{ {6137, 0, 6137}, 0, {4431, 5076}, {0, 127, 0, 255} }},
	{{ {6137, 0, -6137}, 0, {4431, -3060}, {0, 127, 0, 255} }},
	{{ {-6137, 0, -6137}, 0, {-3439, -3060}, {0, 127, 0, 255} }},
};

Gfx wf_dl_Plane_001_mesh_layer_1_tri_0[] = {
	gsSPVertex(wf_dl_Plane_001_mesh_layer_1_vtx_0 + 0, 4, 0),
	gsSP2Triangles(0, 1, 2, 0, 0, 2, 3, 0),
	gsSPEndDisplayList(),
};

Gfx mat_wf_dl_f3dlite_material_001[] = {
	gsSPLightColor(LIGHT_1, 0xFFFFFFFF),
	gsSPLightColor(LIGHT_2, 0x7F7F7FFF),
	gsDPPipeSync(),
	gsDPSetCombineLERP(TEXEL0, 0, SHADE, 0, 0, 0, 0, ENVIRONMENT, TEXEL0, 0, SHADE, 0, 0, 0, 0, ENVIRONMENT),
	gsDPSetAlphaDither(G_AD_NOISE),
	gsDPSetTextureLUT(G_TT_RGBA16),
	gsSPTexture(65535, 65535, 0, 0, 1),
	gsDPSetTextureImage(G_IM_FMT_RGBA, G_IM_SIZ_16b, 1, wf_dl_darkgrass_pal_rgba16),
	gsDPSetTile(0, 0, 0, 256, 5, 0, G_TX_WRAP | G_TX_NOMIRROR, 0, 0, G_TX_WRAP | G_TX_NOMIRROR, 0, 0),
	gsDPLoadTLUTCmd(5, 51),
	gsDPSetTextureImage(G_IM_FMT_CI, G_IM_SIZ_8b_LOAD_BLOCK, 1, wf_dl_darkgrass_ci8),
	gsDPSetTile(G_IM_FMT_CI, G_IM_SIZ_8b_LOAD_BLOCK, 0, 0, 7, 0, G_TX_WRAP | G_TX_NOMIRROR, 0, 0, G_TX_WRAP | G_TX_NOMIRROR, 0, 0),
	gsDPLoadBlock(7, 0, 0, 511, 512),
	gsDPSetTile(G_IM_FMT_CI, G_IM_SIZ_8b, 4, 0, 0, 0, G_TX_WRAP | G_TX_NOMIRROR, 5, 0, G_TX_WRAP | G_TX_NOMIRROR, 5, 0),
	gsDPSetTileSize(0, 0, 0, 124, 124),
	gsSPEndDisplayList(),
};

Gfx mat_revert_wf_dl_f3dlite_material_001[] = {
	gsDPPipeSync(),
	gsDPSetAlphaDither(G_AD_DISABLE),
	gsDPSetTextureLUT(G_TT_NONE),
	gsSPEndDisplayList(),
};

Gfx mat_wf_dl_f3dlite_material_002[] = {
	gsSPLightColor(LIGHT_1, 0xFFFFFFFF),
	gsSPLightColor(LIGHT_2, 0x7F7F7FFF),
	gsDPPipeSync(),
	gsDPSetCombineLERP(TEXEL0, 0, SHADE, 0, 0, 0, 0, ENVIRONMENT, TEXEL0, 0, SHADE, 0, 0, 0, 0, ENVIRONMENT),
	gsDPSetAlphaDither(G_AD_NOISE),
	gsDPSetTextureLUT(G_TT_RGBA16),
	gsSPTexture(65535, 65535, 0, 0, 1),
	gsDPSetTextureImage(G_IM_FMT_RGBA, G_IM_SIZ_16b, 1, wf_dl_rombustile_pal_rgba16),
	gsDPSetTile(0, 0, 0, 256, 5, 0, G_TX_WRAP | G_TX_NOMIRROR, 0, 0, G_TX_WRAP | G_TX_NOMIRROR, 0, 0),
	gsDPLoadTLUTCmd(5, 46),
	gsDPSetTextureImage(G_IM_FMT_CI, G_IM_SIZ_8b_LOAD_BLOCK, 1, wf_dl_rombustile_ci8),
	gsDPSetTile(G_IM_FMT_CI, G_IM_SIZ_8b_LOAD_BLOCK, 0, 0, 7, 0, G_TX_WRAP | G_TX_NOMIRROR, 0, 0, G_TX_WRAP | G_TX_NOMIRROR, 0, 0),
	gsDPLoadBlock(7, 0, 0, 511, 512),
	gsDPSetTile(G_IM_FMT_CI, G_IM_SIZ_8b, 4, 0, 0, 0, G_TX_WRAP | G_TX_NOMIRROR, 5, 0, G_TX_WRAP | G_TX_NOMIRROR, 5, 0),
	gsDPSetTileSize(0, 0, 0, 124, 124),
	gsSPEndDisplayList(),
};

Gfx mat_revert_wf_dl_f3dlite_material_002[] = {
	gsDPPipeSync(),
	gsDPSetAlphaDither(G_AD_DISABLE),
	gsDPSetTextureLUT(G_TT_NONE),
	gsSPEndDisplayList(),
};

Gfx mat_wf_dl_f3dlite_material_003[] = {
	gsSPLightColor(LIGHT_1, 0xFFFFFFFF),
	gsSPLightColor(LIGHT_2, 0x7F7F7FFF),
	gsDPPipeSync(),
	gsDPSetCombineLERP(TEXEL0, 0, SHADE, 0, 0, 0, 0, ENVIRONMENT, TEXEL0, 0, SHADE, 0, 0, 0, 0, ENVIRONMENT),
	gsDPSetAlphaDither(G_AD_NOISE),
	gsDPSetTextureLUT(G_TT_RGBA16),
	gsSPTexture(65535, 65535, 0, 0, 1),
	gsDPSetTextureImage(G_IM_FMT_RGBA, G_IM_SIZ_16b, 1, wf_dl_weirdwfthing_pal_rgba16),
	gsDPSetTile(0, 0, 0, 256, 5, 0, G_TX_WRAP | G_TX_NOMIRROR, 0, 0, G_TX_WRAP | G_TX_NOMIRROR, 0, 0),
	gsDPLoadTLUTCmd(5, 133),
	gsDPSetTextureImage(G_IM_FMT_CI, G_IM_SIZ_8b_LOAD_BLOCK, 1, wf_dl_weirdwfthing_ci8),
	gsDPSetTile(G_IM_FMT_CI, G_IM_SIZ_8b_LOAD_BLOCK, 0, 0, 7, 0, G_TX_WRAP | G_TX_NOMIRROR, 0, 0, G_TX_WRAP | G_TX_NOMIRROR, 0, 0),
	gsDPLoadBlock(7, 0, 0, 511, 512),
	gsDPSetTile(G_IM_FMT_CI, G_IM_SIZ_8b, 4, 0, 0, 0, G_TX_WRAP | G_TX_NOMIRROR, 5, 0, G_TX_WRAP | G_TX_NOMIRROR, 5, 0),
	gsDPSetTileSize(0, 0, 0, 124, 124),
	gsSPEndDisplayList(),
};

Gfx mat_revert_wf_dl_f3dlite_material_003[] = {
	gsDPPipeSync(),
	gsDPSetAlphaDither(G_AD_DISABLE),
	gsDPSetTextureLUT(G_TT_NONE),
	gsSPEndDisplayList(),
};

Gfx mat_wf_dl_f3dlite_material_004[] = {
	gsSPLightColor(LIGHT_1, 0xFFFFFFFF),
	gsSPLightColor(LIGHT_2, 0x7F7F7FFF),
	gsDPPipeSync(),
	gsDPSetCombineLERP(TEXEL0, 0, SHADE, 0, 0, 0, 0, ENVIRONMENT, TEXEL0, 0, SHADE, 0, 0, 0, 0, ENVIRONMENT),
	gsDPSetAlphaDither(G_AD_NOISE),
	gsDPSetTextureLUT(G_TT_RGBA16),
	gsSPTexture(65535, 65535, 0, 0, 1),
	gsDPSetTextureImage(G_IM_FMT_RGBA, G_IM_SIZ_16b, 1, wf_dl_dirt_dark_pal_rgba16),
	gsDPSetTile(0, 0, 0, 256, 5, 0, G_TX_WRAP | G_TX_NOMIRROR, 0, 0, G_TX_WRAP | G_TX_NOMIRROR, 0, 0),
	gsDPLoadTLUTCmd(5, 132),
	gsDPSetTextureImage(G_IM_FMT_CI, G_IM_SIZ_8b_LOAD_BLOCK, 1, wf_dl_dirt_dark_ci8),
	gsDPSetTile(G_IM_FMT_CI, G_IM_SIZ_8b_LOAD_BLOCK, 0, 0, 7, 0, G_TX_WRAP | G_TX_NOMIRROR, 0, 0, G_TX_WRAP | G_TX_NOMIRROR, 0, 0),
	gsDPLoadBlock(7, 0, 0, 511, 512),
	gsDPSetTile(G_IM_FMT_CI, G_IM_SIZ_8b, 4, 0, 0, 0, G_TX_WRAP | G_TX_NOMIRROR, 5, 0, G_TX_WRAP | G_TX_NOMIRROR, 5, 0),
	gsDPSetTileSize(0, 0, 0, 124, 124),
	gsSPEndDisplayList(),
};

Gfx mat_revert_wf_dl_f3dlite_material_004[] = {
	gsDPPipeSync(),
	gsDPSetAlphaDither(G_AD_DISABLE),
	gsDPSetTextureLUT(G_TT_NONE),
	gsSPEndDisplayList(),
};

Gfx mat_wf_dl_f3dlite_material_005[] = {
	gsSPLightColor(LIGHT_1, 0xFFFFFFFF),
	gsSPLightColor(LIGHT_2, 0x7F7F7FFF),
	gsDPPipeSync(),
	gsDPSetCombineLERP(TEXEL0, 0, SHADE, 0, 0, 0, 0, ENVIRONMENT, TEXEL0, 0, SHADE, 0, 0, 0, 0, ENVIRONMENT),
	gsDPSetAlphaDither(G_AD_NOISE),
	gsDPSetTextureLUT(G_TT_RGBA16),
	gsSPTexture(65535, 65535, 0, 0, 1),
	gsDPSetTextureImage(G_IM_FMT_RGBA, G_IM_SIZ_16b, 1, wf_dl_wfredbrick_pal_rgba16),
	gsDPSetTile(0, 0, 0, 256, 5, 0, G_TX_WRAP | G_TX_NOMIRROR, 0, 0, G_TX_WRAP | G_TX_NOMIRROR, 0, 0),
	gsDPLoadTLUTCmd(5, 195),
	gsDPSetTextureImage(G_IM_FMT_CI, G_IM_SIZ_8b_LOAD_BLOCK, 1, wf_dl_wfredbrick_ci8),
	gsDPSetTile(G_IM_FMT_CI, G_IM_SIZ_8b_LOAD_BLOCK, 0, 0, 7, 0, G_TX_WRAP | G_TX_NOMIRROR, 0, 0, G_TX_WRAP | G_TX_NOMIRROR, 0, 0),
	gsDPLoadBlock(7, 0, 0, 511, 512),
	gsDPSetTile(G_IM_FMT_CI, G_IM_SIZ_8b, 4, 0, 0, 0, G_TX_WRAP | G_TX_NOMIRROR, 5, 0, G_TX_WRAP | G_TX_NOMIRROR, 5, 0),
	gsDPSetTileSize(0, 0, 0, 124, 124),
	gsSPEndDisplayList(),
};

Gfx mat_revert_wf_dl_f3dlite_material_005[] = {
	gsDPPipeSync(),
	gsDPSetAlphaDither(G_AD_DISABLE),
	gsDPSetTextureLUT(G_TT_NONE),
	gsSPEndDisplayList(),
};

Gfx mat_wf_dl_f3dlite_material_006[] = {
	gsSPLightColor(LIGHT_1, 0xFFFFFFFF),
	gsSPLightColor(LIGHT_2, 0x7F7F7FFF),
	gsDPPipeSync(),
	gsDPSetCombineLERP(TEXEL0, 0, SHADE, 0, 0, 0, 0, ENVIRONMENT, TEXEL0, 0, SHADE, 0, 0, 0, 0, ENVIRONMENT),
	gsDPSetAlphaDither(G_AD_NOISE),
	gsDPSetTextureLUT(G_TT_RGBA16),
	gsSPTexture(65535, 65535, 0, 0, 1),
	gsDPSetTextureImage(G_IM_FMT_RGBA, G_IM_SIZ_16b, 1, wf_dl_wfbetatowerbrick_pal_rgba16),
	gsDPSetTile(0, 0, 0, 256, 5, 0, G_TX_WRAP | G_TX_NOMIRROR, 0, 0, G_TX_WRAP | G_TX_NOMIRROR, 0, 0),
	gsDPLoadTLUTCmd(5, 79),
	gsDPSetTextureImage(G_IM_FMT_CI, G_IM_SIZ_8b_LOAD_BLOCK, 1, wf_dl_wfbetatowerbrick_ci8),
	gsDPSetTile(G_IM_FMT_CI, G_IM_SIZ_8b_LOAD_BLOCK, 0, 0, 7, 0, G_TX_WRAP | G_TX_NOMIRROR, 0, 0, G_TX_WRAP | G_TX_NOMIRROR, 0, 0),
	gsDPLoadBlock(7, 0, 0, 511, 512),
	gsDPSetTile(G_IM_FMT_CI, G_IM_SIZ_8b, 4, 0, 0, 0, G_TX_WRAP | G_TX_NOMIRROR, 5, 0, G_TX_WRAP | G_TX_NOMIRROR, 5, 0),
	gsDPSetTileSize(0, 0, 0, 124, 124),
	gsSPEndDisplayList(),
};

Gfx mat_revert_wf_dl_f3dlite_material_006[] = {
	gsDPPipeSync(),
	gsDPSetAlphaDither(G_AD_DISABLE),
	gsDPSetTextureLUT(G_TT_NONE),
	gsSPEndDisplayList(),
};

Gfx mat_wf_dl_f3dlite_material_007[] = {
	gsSPLightColor(LIGHT_1, 0xFFFFFFFF),
	gsSPLightColor(LIGHT_2, 0x7F7F7FFF),
	gsDPPipeSync(),
	gsDPSetCombineLERP(TEXEL0, 0, SHADE, 0, 0, 0, 0, ENVIRONMENT, TEXEL0, 0, SHADE, 0, 0, 0, 0, ENVIRONMENT),
	gsDPSetAlphaDither(G_AD_NOISE),
	gsDPSetTextureLUT(G_TT_RGBA16),
	gsSPTexture(65535, 65535, 0, 0, 1),
	gsDPSetTextureImage(G_IM_FMT_RGBA, G_IM_SIZ_16b, 1, wf_dl_wf_bricks_gray_pal_rgba16),
	gsDPSetTile(0, 0, 0, 256, 5, 0, G_TX_WRAP | G_TX_NOMIRROR, 0, 0, G_TX_WRAP | G_TX_NOMIRROR, 0, 0),
	gsDPLoadTLUTCmd(5, 137),
	gsDPSetTextureImage(G_IM_FMT_CI, G_IM_SIZ_8b_LOAD_BLOCK, 1, wf_dl_wf_bricks_gray_ci8),
	gsDPSetTile(G_IM_FMT_CI, G_IM_SIZ_8b_LOAD_BLOCK, 0, 0, 7, 0, G_TX_WRAP | G_TX_NOMIRROR, 0, 0, G_TX_WRAP | G_TX_NOMIRROR, 0, 0),
	gsDPLoadBlock(7, 0, 0, 511, 512),
	gsDPSetTile(G_IM_FMT_CI, G_IM_SIZ_8b, 4, 0, 0, 0, G_TX_WRAP | G_TX_NOMIRROR, 5, 0, G_TX_WRAP | G_TX_NOMIRROR, 5, 0),
	gsDPSetTileSize(0, 0, 0, 124, 124),
	gsSPEndDisplayList(),
};

Gfx mat_revert_wf_dl_f3dlite_material_007[] = {
	gsDPPipeSync(),
	gsDPSetAlphaDither(G_AD_DISABLE),
	gsDPSetTextureLUT(G_TT_NONE),
	gsSPEndDisplayList(),
};

Gfx mat_wf_dl_f3dlite_material_008[] = {
	gsSPLightColor(LIGHT_1, 0xFFFFFFFF),
	gsSPLightColor(LIGHT_2, 0x7F7F7FFF),
	gsDPPipeSync(),
	gsDPSetCombineLERP(TEXEL0, 0, SHADE, 0, 0, 0, 0, ENVIRONMENT, TEXEL0, 0, SHADE, 0, 0, 0, 0, ENVIRONMENT),
	gsDPSetAlphaDither(G_AD_NOISE),
	gsDPSetTextureLUT(G_TT_RGBA16),
	gsSPTexture(65535, 65535, 0, 0, 1),
	gsDPSetTextureImage(G_IM_FMT_RGBA, G_IM_SIZ_16b, 1, wf_dl_wf_bricks_pink_pal_rgba16),
	gsDPSetTile(0, 0, 0, 256, 5, 0, G_TX_WRAP | G_TX_NOMIRROR, 0, 0, G_TX_WRAP | G_TX_NOMIRROR, 0, 0),
	gsDPLoadTLUTCmd(5, 218),
	gsDPSetTextureImage(G_IM_FMT_CI, G_IM_SIZ_8b_LOAD_BLOCK, 1, wf_dl_wf_bricks_pink_ci8),
	gsDPSetTile(G_IM_FMT_CI, G_IM_SIZ_8b_LOAD_BLOCK, 0, 0, 7, 0, G_TX_WRAP | G_TX_NOMIRROR, 0, 0, G_TX_WRAP | G_TX_NOMIRROR, 0, 0),
	gsDPLoadBlock(7, 0, 0, 511, 512),
	gsDPSetTile(G_IM_FMT_CI, G_IM_SIZ_8b, 4, 0, 0, 0, G_TX_WRAP | G_TX_NOMIRROR, 5, 0, G_TX_WRAP | G_TX_NOMIRROR, 5, 0),
	gsDPSetTileSize(0, 0, 0, 124, 124),
	gsSPEndDisplayList(),
};

Gfx mat_revert_wf_dl_f3dlite_material_008[] = {
	gsDPPipeSync(),
	gsDPSetAlphaDither(G_AD_DISABLE),
	gsDPSetTextureLUT(G_TT_NONE),
	gsSPEndDisplayList(),
};

Gfx mat_wf_dl_f3dlite_material_009[] = {
	gsSPLightColor(LIGHT_1, 0xFFFFFFFF),
	gsSPLightColor(LIGHT_2, 0x7F7F7FFF),
	gsDPPipeSync(),
	gsDPSetCombineLERP(TEXEL0, 0, SHADE, 0, 0, 0, 0, ENVIRONMENT, TEXEL0, 0, SHADE, 0, 0, 0, 0, ENVIRONMENT),
	gsDPSetAlphaDither(G_AD_NOISE),
	gsDPSetTextureLUT(G_TT_RGBA16),
	gsSPTexture(65535, 65535, 0, 0, 1),
	gsDPSetTextureImage(G_IM_FMT_RGBA, G_IM_SIZ_16b, 1, wf_dl_piss_brick_pal_rgba16),
	gsDPSetTile(0, 0, 0, 256, 5, 0, G_TX_WRAP | G_TX_NOMIRROR, 0, 0, G_TX_WRAP | G_TX_NOMIRROR, 0, 0),
	gsDPLoadTLUTCmd(5, 83),
	gsDPSetTextureImage(G_IM_FMT_CI, G_IM_SIZ_8b_LOAD_BLOCK, 1, wf_dl_piss_brick_ci8),
	gsDPSetTile(G_IM_FMT_CI, G_IM_SIZ_8b_LOAD_BLOCK, 0, 0, 7, 0, G_TX_WRAP | G_TX_NOMIRROR, 0, 0, G_TX_WRAP | G_TX_NOMIRROR, 0, 0),
	gsDPLoadBlock(7, 0, 0, 511, 512),
	gsDPSetTile(G_IM_FMT_CI, G_IM_SIZ_8b, 4, 0, 0, 0, G_TX_WRAP | G_TX_NOMIRROR, 5, 0, G_TX_WRAP | G_TX_NOMIRROR, 5, 0),
	gsDPSetTileSize(0, 0, 0, 124, 124),
	gsSPEndDisplayList(),
};

Gfx mat_revert_wf_dl_f3dlite_material_009[] = {
	gsDPPipeSync(),
	gsDPSetAlphaDither(G_AD_DISABLE),
	gsDPSetTextureLUT(G_TT_NONE),
	gsSPEndDisplayList(),
};

Gfx mat_wf_dl_f3dlite_material_010[] = {
	gsSPLightColor(LIGHT_1, 0xFFFFFFFF),
	gsSPLightColor(LIGHT_2, 0x7F7F7FFF),
	gsDPPipeSync(),
	gsDPSetCombineLERP(TEXEL0, 0, SHADE, 0, 0, 0, 0, ENVIRONMENT, TEXEL0, 0, SHADE, 0, 0, 0, 0, ENVIRONMENT),
	gsDPSetAlphaDither(G_AD_NOISE),
	gsDPSetTextureLUT(G_TT_RGBA16),
	gsSPTexture(65535, 65535, 0, 0, 1),
	gsDPSetTextureImage(G_IM_FMT_RGBA, G_IM_SIZ_16b, 1, wf_dl_wf_rock_pal_rgba16),
	gsDPSetTile(0, 0, 0, 256, 5, 0, G_TX_WRAP | G_TX_NOMIRROR, 0, 0, G_TX_WRAP | G_TX_NOMIRROR, 0, 0),
	gsDPLoadTLUTCmd(5, 189),
	gsDPSetTextureImage(G_IM_FMT_CI, G_IM_SIZ_8b_LOAD_BLOCK, 1, wf_dl_wf_rock_ci8),
	gsDPSetTile(G_IM_FMT_CI, G_IM_SIZ_8b_LOAD_BLOCK, 0, 0, 7, 0, G_TX_WRAP | G_TX_NOMIRROR, 0, 0, G_TX_WRAP | G_TX_NOMIRROR, 0, 0),
	gsDPLoadBlock(7, 0, 0, 511, 512),
	gsDPSetTile(G_IM_FMT_CI, G_IM_SIZ_8b, 4, 0, 0, 0, G_TX_WRAP | G_TX_NOMIRROR, 5, 0, G_TX_WRAP | G_TX_NOMIRROR, 5, 0),
	gsDPSetTileSize(0, 0, 0, 124, 124),
	gsSPEndDisplayList(),
};

Gfx mat_revert_wf_dl_f3dlite_material_010[] = {
	gsDPPipeSync(),
	gsDPSetAlphaDither(G_AD_DISABLE),
	gsDPSetTextureLUT(G_TT_NONE),
	gsSPEndDisplayList(),
};

Gfx mat_wf_dl_f3dlite_material_011[] = {
	gsSPLightColor(LIGHT_1, 0xFFFFFFFF),
	gsSPLightColor(LIGHT_2, 0x7F7F7FFF),
	gsDPPipeSync(),
	gsDPSetCombineLERP(TEXEL0, 0, SHADE, 0, 0, 0, 0, ENVIRONMENT, TEXEL0, 0, SHADE, 0, 0, 0, 0, ENVIRONMENT),
	gsDPSetAlphaDither(G_AD_NOISE),
	gsDPSetTextureLUT(G_TT_RGBA16),
	gsSPTexture(65535, 65535, 0, 0, 1),
	gsDPSetTextureImage(G_IM_FMT_RGBA, G_IM_SIZ_16b, 1, wf_dl_widefancycarpet_pal_rgba16),
	gsDPSetTile(0, 0, 0, 256, 5, 0, G_TX_WRAP | G_TX_NOMIRROR, 0, 0, G_TX_WRAP | G_TX_NOMIRROR, 0, 0),
	gsDPLoadTLUTCmd(5, 4),
	gsDPSetTextureImage(G_IM_FMT_CI, G_IM_SIZ_16b, 1, wf_dl_widefancycarpet_ci4),
	gsDPSetTile(G_IM_FMT_CI, G_IM_SIZ_16b, 0, 0, 7, 0, G_TX_WRAP | G_TX_NOMIRROR, 0, 0, G_TX_WRAP | G_TX_NOMIRROR, 0, 0),
	gsDPLoadBlock(7, 0, 0, 511, 512),
	gsDPSetTile(G_IM_FMT_CI, G_IM_SIZ_4b, 4, 0, 0, 0, G_TX_WRAP | G_TX_NOMIRROR, 5, 0, G_TX_WRAP | G_TX_NOMIRROR, 6, 0),
	gsDPSetTileSize(0, 0, 0, 252, 124),
	gsSPEndDisplayList(),
};

Gfx mat_revert_wf_dl_f3dlite_material_011[] = {
	gsDPPipeSync(),
	gsDPSetAlphaDither(G_AD_DISABLE),
	gsDPSetTextureLUT(G_TT_NONE),
	gsSPEndDisplayList(),
};

Gfx mat_wf_dl_f3dlite_material_012[] = {
	gsSPGeometryMode(G_CULL_BACK, 0),
	gsSPLightColor(LIGHT_1, 0xFFFFFFFF),
	gsSPLightColor(LIGHT_2, 0x7F7F7FFF),
	gsDPPipeSync(),
	gsDPSetCombineLERP(TEXEL0, 0, SHADE, 0, TEXEL0, 0, ENVIRONMENT, 0, TEXEL0, 0, SHADE, 0, TEXEL0, 0, ENVIRONMENT, 0),
	gsDPSetAlphaDither(G_AD_NOISE),
	gsSPTexture(65535, 65535, 0, 0, 1),
	gsDPSetTextureImage(G_IM_FMT_RGBA, G_IM_SIZ_16b_LOAD_BLOCK, 1, wf_dl_fences_rgba16),
	gsDPSetTile(G_IM_FMT_RGBA, G_IM_SIZ_16b_LOAD_BLOCK, 0, 0, 7, 0, G_TX_WRAP | G_TX_NOMIRROR, 0, 0, G_TX_WRAP | G_TX_NOMIRROR, 0, 0),
	gsDPLoadBlock(7, 0, 0, 2047, 256),
	gsDPSetTile(G_IM_FMT_RGBA, G_IM_SIZ_16b, 8, 0, 0, 0, G_TX_WRAP | G_TX_NOMIRROR, 6, 0, G_TX_WRAP | G_TX_NOMIRROR, 5, 0),
	gsDPSetTileSize(0, 0, 0, 124, 252),
	gsSPEndDisplayList(),
};

Gfx mat_revert_wf_dl_f3dlite_material_012[] = {
	gsSPGeometryMode(0, G_CULL_BACK),
	gsDPPipeSync(),
	gsDPSetAlphaDither(G_AD_DISABLE),
	gsSPEndDisplayList(),
};

Gfx mat_wf_dl_f3dlite_material_013[] = {
	gsSPLightColor(LIGHT_1, 0xFFFFFFFF),
	gsSPLightColor(LIGHT_2, 0x7F7F7FFF),
	gsDPPipeSync(),
	gsDPSetCombineLERP(TEXEL0, 0, SHADE, 0, 0, 0, 0, ENVIRONMENT, TEXEL0, 0, SHADE, 0, 0, 0, 0, ENVIRONMENT),
	gsDPSetAlphaDither(G_AD_NOISE),
	gsSPTexture(65535, 65535, 0, 0, 1),
	gsDPSetTextureImage(G_IM_FMT_RGBA, G_IM_SIZ_16b_LOAD_BLOCK, 1, wf_dl_dirtgrass_rgba16),
	gsDPSetTile(G_IM_FMT_RGBA, G_IM_SIZ_16b_LOAD_BLOCK, 0, 0, 7, 0, G_TX_WRAP | G_TX_NOMIRROR, 0, 0, G_TX_WRAP | G_TX_NOMIRROR, 0, 0),
	gsDPLoadBlock(7, 0, 0, 2047, 256),
	gsDPSetTile(G_IM_FMT_RGBA, G_IM_SIZ_16b, 8, 0, 0, 0, G_TX_WRAP | G_TX_NOMIRROR, 6, 0, G_TX_WRAP | G_TX_NOMIRROR, 5, 0),
	gsDPSetTileSize(0, 0, 0, 124, 252),
	gsSPEndDisplayList(),
};

Gfx mat_revert_wf_dl_f3dlite_material_013[] = {
	gsDPPipeSync(),
	gsDPSetAlphaDither(G_AD_DISABLE),
	gsSPEndDisplayList(),
};

Gfx mat_wf_dl_f3dlite_material_014[] = {
	gsSPLightColor(LIGHT_1, 0xFFFFFFFF),
	gsSPLightColor(LIGHT_2, 0x7F7F7FFF),
	gsDPPipeSync(),
	gsDPSetCombineLERP(TEXEL0, 0, SHADE, 0, 0, 0, 0, ENVIRONMENT, TEXEL0, 0, SHADE, 0, 0, 0, 0, ENVIRONMENT),
	gsDPSetAlphaDither(G_AD_NOISE),
	gsSPTexture(65535, 65535, 0, 0, 1),
	gsDPSetTextureImage(G_IM_FMT_RGBA, G_IM_SIZ_16b_LOAD_BLOCK, 1, wf_dl_betawftxt_rgba16),
	gsDPSetTile(G_IM_FMT_RGBA, G_IM_SIZ_16b_LOAD_BLOCK, 0, 0, 7, 0, G_TX_WRAP | G_TX_NOMIRROR, 0, 0, G_TX_WRAP | G_TX_NOMIRROR, 0, 0),
	gsDPLoadBlock(7, 0, 0, 1023, 256),
	gsDPSetTile(G_IM_FMT_RGBA, G_IM_SIZ_16b, 8, 0, 0, 0, G_TX_WRAP | G_TX_NOMIRROR, 5, 0, G_TX_WRAP | G_TX_NOMIRROR, 5, 0),
	gsDPSetTileSize(0, 0, 0, 124, 124),
	gsSPEndDisplayList(),
};

Gfx mat_revert_wf_dl_f3dlite_material_014[] = {
	gsDPPipeSync(),
	gsDPSetAlphaDither(G_AD_DISABLE),
	gsSPEndDisplayList(),
};

Gfx mat_wf_dl_f3dlite_material_015[] = {
	gsSPLightColor(LIGHT_1, 0xFFFFFFFF),
	gsSPLightColor(LIGHT_2, 0x7F7F7FFF),
	gsDPPipeSync(),
	gsDPSetCombineLERP(TEXEL0, 0, SHADE, 0, 0, 0, 0, ENVIRONMENT, TEXEL0, 0, SHADE, 0, 0, 0, 0, ENVIRONMENT),
	gsDPSetAlphaDither(G_AD_NOISE),
	gsDPSetTextureLUT(G_TT_RGBA16),
	gsSPTexture(65535, 65535, 0, 0, 1),
	gsDPSetTextureImage(G_IM_FMT_RGBA, G_IM_SIZ_16b, 1, wf_dl_wf_rock_yellow_pal_rgba16),
	gsDPSetTile(0, 0, 0, 256, 5, 0, G_TX_WRAP | G_TX_NOMIRROR, 0, 0, G_TX_WRAP | G_TX_NOMIRROR, 0, 0),
	gsDPLoadTLUTCmd(5, 194),
	gsDPSetTextureImage(G_IM_FMT_CI, G_IM_SIZ_8b_LOAD_BLOCK, 1, wf_dl_wf_rock_yellow_ci8),
	gsDPSetTile(G_IM_FMT_CI, G_IM_SIZ_8b_LOAD_BLOCK, 0, 0, 7, 0, G_TX_WRAP | G_TX_NOMIRROR, 0, 0, G_TX_WRAP | G_TX_NOMIRROR, 0, 0),
	gsDPLoadBlock(7, 0, 0, 511, 512),
	gsDPSetTile(G_IM_FMT_CI, G_IM_SIZ_8b, 4, 0, 0, 0, G_TX_WRAP | G_TX_NOMIRROR, 5, 0, G_TX_WRAP | G_TX_NOMIRROR, 5, 0),
	gsDPSetTileSize(0, 0, 0, 124, 124),
	gsSPEndDisplayList(),
};

Gfx mat_revert_wf_dl_f3dlite_material_015[] = {
	gsDPPipeSync(),
	gsDPSetAlphaDither(G_AD_DISABLE),
	gsDPSetTextureLUT(G_TT_NONE),
	gsSPEndDisplayList(),
};

Gfx mat_wf_dl_f3dlite_material_016[] = {
	gsSPLightColor(LIGHT_1, 0xFFFFFFFF),
	gsSPLightColor(LIGHT_2, 0x7F7F7FFF),
	gsDPPipeSync(),
	gsDPSetCombineLERP(TEXEL0, 0, SHADE, 0, 0, 0, 0, ENVIRONMENT, TEXEL0, 0, SHADE, 0, 0, 0, 0, ENVIRONMENT),
	gsDPSetAlphaDither(G_AD_NOISE),
	gsDPSetTextureLUT(G_TT_RGBA16),
	gsSPTexture(65535, 65535, 0, 0, 1),
	gsDPSetTextureImage(G_IM_FMT_RGBA, G_IM_SIZ_16b, 1, wf_dl_grainy_wall_dark_pal_rgba16),
	gsDPSetTile(0, 0, 0, 256, 5, 0, G_TX_WRAP | G_TX_NOMIRROR, 0, 0, G_TX_WRAP | G_TX_NOMIRROR, 0, 0),
	gsDPLoadTLUTCmd(5, 73),
	gsDPSetTextureImage(G_IM_FMT_CI, G_IM_SIZ_8b_LOAD_BLOCK, 1, wf_dl_grainy_wall_dark_ci8),
	gsDPSetTile(G_IM_FMT_CI, G_IM_SIZ_8b_LOAD_BLOCK, 0, 0, 7, 0, G_TX_WRAP | G_TX_NOMIRROR, 0, 0, G_TX_WRAP | G_TX_NOMIRROR, 0, 0),
	gsDPLoadBlock(7, 0, 0, 511, 512),
	gsDPSetTile(G_IM_FMT_CI, G_IM_SIZ_8b, 4, 0, 0, 0, G_TX_WRAP | G_TX_NOMIRROR, 5, 0, G_TX_WRAP | G_TX_NOMIRROR, 5, 0),
	gsDPSetTileSize(0, 0, 0, 124, 124),
	gsSPEndDisplayList(),
};

Gfx mat_revert_wf_dl_f3dlite_material_016[] = {
	gsDPPipeSync(),
	gsDPSetAlphaDither(G_AD_DISABLE),
	gsDPSetTextureLUT(G_TT_NONE),
	gsSPEndDisplayList(),
};

Gfx mat_wf_dl_f3dlite_material_017[] = {
	gsSPLightColor(LIGHT_1, 0xFFFFFFFF),
	gsSPLightColor(LIGHT_2, 0x7F7F7FFF),
	gsDPPipeSync(),
	gsDPSetCombineLERP(TEXEL0, 0, SHADE, 0, 0, 0, 0, ENVIRONMENT, TEXEL0, 0, SHADE, 0, 0, 0, 0, ENVIRONMENT),
	gsDPSetAlphaDither(G_AD_NOISE),
	gsDPSetTextureLUT(G_TT_RGBA16),
	gsSPTexture(65535, 65535, 0, 0, 1),
	gsDPSetTextureImage(G_IM_FMT_RGBA, G_IM_SIZ_16b, 1, wf_dl_wood_from_wf_pal_rgba16),
	gsDPSetTile(0, 0, 0, 256, 5, 0, G_TX_WRAP | G_TX_NOMIRROR, 0, 0, G_TX_WRAP | G_TX_NOMIRROR, 0, 0),
	gsDPLoadTLUTCmd(5, 96),
	gsDPSetTextureImage(G_IM_FMT_CI, G_IM_SIZ_8b_LOAD_BLOCK, 1, wf_dl_wood_from_wf_ci8),
	gsDPSetTile(G_IM_FMT_CI, G_IM_SIZ_8b_LOAD_BLOCK, 0, 0, 7, 0, G_TX_WRAP | G_TX_NOMIRROR, 0, 0, G_TX_WRAP | G_TX_NOMIRROR, 0, 0),
	gsDPLoadBlock(7, 0, 0, 511, 512),
	gsDPSetTile(G_IM_FMT_CI, G_IM_SIZ_8b, 4, 0, 0, 0, G_TX_WRAP | G_TX_NOMIRROR, 5, 0, G_TX_WRAP | G_TX_NOMIRROR, 5, 0),
	gsDPSetTileSize(0, 0, 0, 124, 124),
	gsSPEndDisplayList(),
};

Gfx mat_revert_wf_dl_f3dlite_material_017[] = {
	gsDPPipeSync(),
	gsDPSetAlphaDither(G_AD_DISABLE),
	gsDPSetTextureLUT(G_TT_NONE),
	gsSPEndDisplayList(),
};

Gfx mat_wf_dl_f3dlite_material_019[] = {
	gsSPGeometryMode(G_CULL_BACK, 0),
	gsSPLightColor(LIGHT_1, 0xFFFFFFFF),
	gsSPLightColor(LIGHT_2, 0x7F7F7FFF),
	gsDPPipeSync(),
	gsDPSetCombineLERP(TEXEL0, 0, SHADE, 0, TEXEL0, 0, ENVIRONMENT, 0, TEXEL0, 0, SHADE, 0, TEXEL0, 0, ENVIRONMENT, 0),
	gsDPSetAlphaDither(G_AD_NOISE),
	gsSPTexture(65535, 65535, 0, 0, 1),
	gsDPSetTextureImage(G_IM_FMT_RGBA, G_IM_SIZ_16b_LOAD_BLOCK, 1, wf_dl_window_rgba16),
	gsDPSetTile(G_IM_FMT_RGBA, G_IM_SIZ_16b_LOAD_BLOCK, 0, 0, 7, 0, G_TX_WRAP | G_TX_NOMIRROR, 0, 0, G_TX_WRAP | G_TX_NOMIRROR, 0, 0),
	gsDPLoadBlock(7, 0, 0, 1023, 256),
	gsDPSetTile(G_IM_FMT_RGBA, G_IM_SIZ_16b, 8, 0, 0, 0, G_TX_WRAP | G_TX_NOMIRROR, 5, 0, G_TX_WRAP | G_TX_NOMIRROR, 5, 0),
	gsDPSetTileSize(0, 0, 0, 124, 124),
	gsSPEndDisplayList(),
};

Gfx mat_revert_wf_dl_f3dlite_material_019[] = {
	gsSPGeometryMode(0, G_CULL_BACK),
	gsDPPipeSync(),
	gsDPSetAlphaDither(G_AD_DISABLE),
	gsSPEndDisplayList(),
};

Gfx mat_wf_dl_f3dlite_material_020[] = {
	gsSPLightColor(LIGHT_1, 0xFFFFFFFF),
	gsSPLightColor(LIGHT_2, 0x7F7F7FFF),
	gsDPPipeSync(),
	gsDPSetCombineLERP(TEXEL0, 0, SHADE, 0, 0, 0, 0, ENVIRONMENT, TEXEL0, 0, SHADE, 0, 0, 0, 0, ENVIRONMENT),
	gsDPSetAlphaDither(G_AD_NOISE),
	gsDPSetTextureLUT(G_TT_RGBA16),
	gsSPTexture(65535, 65535, 0, 0, 1),
	gsDPSetTextureImage(G_IM_FMT_RGBA, G_IM_SIZ_16b, 1, wf_dl_that_one_b3313_wall_pal_rgba16),
	gsDPSetTile(0, 0, 0, 256, 5, 0, G_TX_WRAP | G_TX_NOMIRROR, 0, 0, G_TX_WRAP | G_TX_NOMIRROR, 0, 0),
	gsDPLoadTLUTCmd(5, 203),
	gsDPSetTextureImage(G_IM_FMT_CI, G_IM_SIZ_8b_LOAD_BLOCK, 1, wf_dl_that_one_b3313_wall_ci8),
	gsDPSetTile(G_IM_FMT_CI, G_IM_SIZ_8b_LOAD_BLOCK, 0, 0, 7, 0, G_TX_WRAP | G_TX_NOMIRROR, 0, 0, G_TX_WRAP | G_TX_NOMIRROR, 0, 0),
	gsDPLoadBlock(7, 0, 0, 511, 512),
	gsDPSetTile(G_IM_FMT_CI, G_IM_SIZ_8b, 4, 0, 0, 0, G_TX_WRAP | G_TX_NOMIRROR, 5, 0, G_TX_WRAP | G_TX_NOMIRROR, 5, 0),
	gsDPSetTileSize(0, 0, 0, 124, 124),
	gsSPEndDisplayList(),
};

Gfx mat_revert_wf_dl_f3dlite_material_020[] = {
	gsDPPipeSync(),
	gsDPSetAlphaDither(G_AD_DISABLE),
	gsDPSetTextureLUT(G_TT_NONE),
	gsSPEndDisplayList(),
};

Gfx mat_wf_dl_f3dlite_material_021[] = {
	gsSPGeometryMode(G_CULL_BACK, 0),
	gsSPLightColor(LIGHT_1, 0xFFFFFFFF),
	gsSPLightColor(LIGHT_2, 0x7F7F7FFF),
	gsDPPipeSync(),
	gsDPSetCombineLERP(TEXEL0, 0, SHADE, 0, TEXEL0, 0, ENVIRONMENT, 0, TEXEL0, 0, SHADE, 0, TEXEL0, 0, ENVIRONMENT, 0),
	gsDPSetAlphaDither(G_AD_NOISE),
	gsDPSetTextureLUT(G_TT_RGBA16),
	gsSPTexture(65535, 65535, 0, 0, 1),
	gsDPSetTextureImage(G_IM_FMT_RGBA, G_IM_SIZ_16b, 1, wf_dl_grate_pal_rgba16),
	gsDPSetTile(0, 0, 0, 256, 5, 0, G_TX_WRAP | G_TX_NOMIRROR, 0, 0, G_TX_WRAP | G_TX_NOMIRROR, 0, 0),
	gsDPLoadTLUTCmd(5, 109),
	gsDPSetTextureImage(G_IM_FMT_CI, G_IM_SIZ_8b_LOAD_BLOCK, 1, wf_dl_grate_ci8),
	gsDPSetTile(G_IM_FMT_CI, G_IM_SIZ_8b_LOAD_BLOCK, 0, 0, 7, 0, G_TX_WRAP | G_TX_NOMIRROR, 0, 0, G_TX_WRAP | G_TX_NOMIRROR, 0, 0),
	gsDPLoadBlock(7, 0, 0, 511, 512),
	gsDPSetTile(G_IM_FMT_CI, G_IM_SIZ_8b, 4, 0, 0, 0, G_TX_WRAP | G_TX_NOMIRROR, 5, 0, G_TX_WRAP | G_TX_NOMIRROR, 5, 0),
	gsDPSetTileSize(0, 0, 0, 124, 124),
	gsSPEndDisplayList(),
};

Gfx mat_revert_wf_dl_f3dlite_material_021[] = {
	gsSPGeometryMode(0, G_CULL_BACK),
	gsDPPipeSync(),
	gsDPSetAlphaDither(G_AD_DISABLE),
	gsDPSetTextureLUT(G_TT_NONE),
	gsSPEndDisplayList(),
};

Gfx mat_wf_dl_f3dlite_material[] = {
	gsSPGeometryMode(G_CULL_BACK, 0),
	gsSPLightColor(LIGHT_1, 0x00E3FFFF),
	gsSPLightColor(LIGHT_2, 0x0017FFFF),
	gsDPPipeSync(),
	gsDPSetCombineLERP(TEXEL0, 0, SHADE, 0, TEXEL0, 0, PRIMITIVE, 0, TEXEL0, 0, SHADE, 0, TEXEL0, 0, PRIMITIVE, 0),
	gsDPSetAlphaDither(G_AD_NOISE),
	gsSPTexture(65535, 65535, 0, 0, 1),
	gsDPSetPrimColor(0, 0, 0, 197, 255, 255),
	gsDPSetTextureImage(G_IM_FMT_IA, G_IM_SIZ_8b_LOAD_BLOCK, 1, wf_dl_water_more_transparent_ia8),
	gsDPSetTile(G_IM_FMT_IA, G_IM_SIZ_8b_LOAD_BLOCK, 0, 0, 7, 0, G_TX_WRAP | G_TX_NOMIRROR, 0, 0, G_TX_WRAP | G_TX_NOMIRROR, 0, 0),
	gsDPLoadBlock(7, 0, 0, 511, 512),
	gsDPSetTile(G_IM_FMT_IA, G_IM_SIZ_8b, 4, 0, 0, 0, G_TX_WRAP | G_TX_NOMIRROR, 5, 0, G_TX_WRAP | G_TX_NOMIRROR, 5, 0),
	gsDPSetTileSize(0, 0, 0, 124, 124),
	gsSPEndDisplayList(),
};

Gfx mat_revert_wf_dl_f3dlite_material[] = {
	gsSPGeometryMode(0, G_CULL_BACK),
	gsDPPipeSync(),
	gsDPSetAlphaDither(G_AD_DISABLE),
	gsSPEndDisplayList(),
};

Gfx mat_wf_dl_f3dlite_material_018[] = {
	gsSPGeometryMode(0, G_CULL_FRONT),
	gsSPLightColor(LIGHT_1, 0xFFFFFFFF),
	gsSPLightColor(LIGHT_2, 0x7F7F7FFF),
	gsDPPipeSync(),
	gsDPSetCombineLERP(TEXEL0, 0, SHADE, 0, 0, 0, 0, ENVIRONMENT, TEXEL0, 0, SHADE, 0, 0, 0, 0, ENVIRONMENT),
	gsDPSetAlphaDither(G_AD_NOISE),
	gsDPSetTextureLUT(G_TT_RGBA16),
	gsSPTexture(65535, 65535, 0, 0, 1),
	gsDPSetTextureImage(G_IM_FMT_RGBA, G_IM_SIZ_16b, 1, wf_dl_beta_bowser_hall_brick_pal_rgba16),
	gsDPSetTile(0, 0, 0, 256, 5, 0, G_TX_WRAP | G_TX_NOMIRROR, 0, 0, G_TX_WRAP | G_TX_NOMIRROR, 0, 0),
	gsDPLoadTLUTCmd(5, 131),
	gsDPSetTextureImage(G_IM_FMT_CI, G_IM_SIZ_8b_LOAD_BLOCK, 1, wf_dl_beta_bowser_hall_brick_ci8),
	gsDPSetTile(G_IM_FMT_CI, G_IM_SIZ_8b_LOAD_BLOCK, 0, 0, 7, 0, G_TX_WRAP | G_TX_NOMIRROR, 0, 0, G_TX_WRAP | G_TX_NOMIRROR, 0, 0),
	gsDPLoadBlock(7, 0, 0, 1023, 512),
	gsDPSetTile(G_IM_FMT_CI, G_IM_SIZ_8b, 4, 0, 0, 0, G_TX_WRAP | G_TX_NOMIRROR, 6, 0, G_TX_WRAP | G_TX_NOMIRROR, 5, 0),
	gsDPSetTileSize(0, 0, 0, 124, 252),
	gsSPEndDisplayList(),
};

Gfx mat_revert_wf_dl_f3dlite_material_018[] = {
	gsSPGeometryMode(G_CULL_FRONT, 0),
	gsDPPipeSync(),
	gsDPSetAlphaDither(G_AD_DISABLE),
	gsDPSetTextureLUT(G_TT_NONE),
	gsSPEndDisplayList(),
};

Gfx wf_dl_Plane_mesh_layer_1[] = {
	gsSPClearGeometryMode(G_LIGHTING),
	gsSPVertex(wf_dl_Plane_mesh_layer_1_vtx_cull + 0, 8, 0),
	gsSPSetGeometryMode(G_LIGHTING),
	gsSPCullDisplayList(0, 7),
	gsSPDisplayList(mat_wf_dl_f3dlite_material_001),
	gsSPDisplayList(wf_dl_Plane_mesh_layer_1_tri_0),
	gsSPDisplayList(mat_revert_wf_dl_f3dlite_material_001),
	gsSPDisplayList(mat_wf_dl_f3dlite_material_002),
	gsSPDisplayList(wf_dl_Plane_mesh_layer_1_tri_1),
	gsSPDisplayList(mat_revert_wf_dl_f3dlite_material_002),
	gsSPDisplayList(mat_wf_dl_f3dlite_material_003),
	gsSPDisplayList(wf_dl_Plane_mesh_layer_1_tri_2),
	gsSPDisplayList(mat_revert_wf_dl_f3dlite_material_003),
	gsSPDisplayList(mat_wf_dl_f3dlite_material_004),
	gsSPDisplayList(wf_dl_Plane_mesh_layer_1_tri_3),
	gsSPDisplayList(mat_revert_wf_dl_f3dlite_material_004),
	gsSPDisplayList(mat_wf_dl_f3dlite_material_005),
	gsSPDisplayList(wf_dl_Plane_mesh_layer_1_tri_4),
	gsSPDisplayList(mat_revert_wf_dl_f3dlite_material_005),
	gsSPDisplayList(mat_wf_dl_f3dlite_material_006),
	gsSPDisplayList(wf_dl_Plane_mesh_layer_1_tri_5),
	gsSPDisplayList(mat_revert_wf_dl_f3dlite_material_006),
	gsSPDisplayList(mat_wf_dl_f3dlite_material_007),
	gsSPDisplayList(wf_dl_Plane_mesh_layer_1_tri_6),
	gsSPDisplayList(mat_revert_wf_dl_f3dlite_material_007),
	gsSPDisplayList(mat_wf_dl_f3dlite_material_008),
	gsSPDisplayList(wf_dl_Plane_mesh_layer_1_tri_7),
	gsSPDisplayList(mat_revert_wf_dl_f3dlite_material_008),
	gsSPDisplayList(mat_wf_dl_f3dlite_material_009),
	gsSPDisplayList(wf_dl_Plane_mesh_layer_1_tri_8),
	gsSPDisplayList(mat_revert_wf_dl_f3dlite_material_009),
	gsSPDisplayList(mat_wf_dl_f3dlite_material_010),
	gsSPDisplayList(wf_dl_Plane_mesh_layer_1_tri_9),
	gsSPDisplayList(mat_revert_wf_dl_f3dlite_material_010),
	gsSPDisplayList(mat_wf_dl_f3dlite_material_011),
	gsSPDisplayList(wf_dl_Plane_mesh_layer_1_tri_10),
	gsSPDisplayList(mat_revert_wf_dl_f3dlite_material_011),
	gsSPDisplayList(mat_wf_dl_f3dlite_material_013),
	gsSPDisplayList(wf_dl_Plane_mesh_layer_1_tri_11),
	gsSPDisplayList(mat_revert_wf_dl_f3dlite_material_013),
	gsSPDisplayList(mat_wf_dl_f3dlite_material_014),
	gsSPDisplayList(wf_dl_Plane_mesh_layer_1_tri_12),
	gsSPDisplayList(mat_revert_wf_dl_f3dlite_material_014),
	gsSPDisplayList(mat_wf_dl_f3dlite_material_015),
	gsSPDisplayList(wf_dl_Plane_mesh_layer_1_tri_13),
	gsSPDisplayList(mat_revert_wf_dl_f3dlite_material_015),
	gsSPDisplayList(mat_wf_dl_f3dlite_material_016),
	gsSPDisplayList(wf_dl_Plane_mesh_layer_1_tri_14),
	gsSPDisplayList(mat_revert_wf_dl_f3dlite_material_016),
	gsSPDisplayList(mat_wf_dl_f3dlite_material_017),
	gsSPDisplayList(wf_dl_Plane_mesh_layer_1_tri_15),
	gsSPDisplayList(mat_revert_wf_dl_f3dlite_material_017),
	gsSPDisplayList(mat_wf_dl_f3dlite_material_020),
	gsSPDisplayList(wf_dl_Plane_mesh_layer_1_tri_16),
	gsSPDisplayList(mat_revert_wf_dl_f3dlite_material_020),
	gsSPEndDisplayList(),
};

Gfx wf_dl_Plane_mesh_layer_4[] = {
	gsSPClearGeometryMode(G_LIGHTING),
	gsSPVertex(wf_dl_Plane_mesh_layer_4_vtx_cull + 0, 8, 0),
	gsSPSetGeometryMode(G_LIGHTING),
	gsSPCullDisplayList(0, 7),
	gsSPDisplayList(mat_wf_dl_f3dlite_material_012),
	gsSPDisplayList(wf_dl_Plane_mesh_layer_4_tri_0),
	gsSPDisplayList(mat_revert_wf_dl_f3dlite_material_012),
	gsSPDisplayList(mat_wf_dl_f3dlite_material_019),
	gsSPDisplayList(wf_dl_Plane_mesh_layer_4_tri_1),
	gsSPDisplayList(mat_revert_wf_dl_f3dlite_material_019),
	gsSPDisplayList(mat_wf_dl_f3dlite_material_021),
	gsSPDisplayList(wf_dl_Plane_mesh_layer_4_tri_2),
	gsSPDisplayList(mat_revert_wf_dl_f3dlite_material_021),
	gsDPPipeSync(),
	gsSPSetGeometryMode(G_LIGHTING),
	gsSPClearGeometryMode(G_TEXTURE_GEN),
	gsDPSetCombineLERP(0, 0, 0, SHADE, 0, 0, 0, ENVIRONMENT, 0, 0, 0, SHADE, 0, 0, 0, ENVIRONMENT),
	gsSPTexture(65535, 65535, 0, 0, 0),
	gsDPSetEnvColor(255, 255, 255, 255),
	gsDPSetAlphaCompare(G_AC_NONE),
	gsSPEndDisplayList(),
};

Gfx wf_dl_Plane_mesh_layer_5[] = {
	gsSPClearGeometryMode(G_LIGHTING),
	gsSPVertex(wf_dl_Plane_mesh_layer_5_vtx_cull + 0, 8, 0),
	gsSPSetGeometryMode(G_LIGHTING),
	gsSPCullDisplayList(0, 7),
	gsSPDisplayList(mat_wf_dl_f3dlite_material),
	gsSPDisplayList(wf_dl_Plane_mesh_layer_5_tri_0),
	gsSPDisplayList(mat_revert_wf_dl_f3dlite_material),
	gsDPPipeSync(),
	gsSPSetGeometryMode(G_LIGHTING),
	gsSPClearGeometryMode(G_TEXTURE_GEN),
	gsDPSetCombineLERP(0, 0, 0, SHADE, 0, 0, 0, ENVIRONMENT, 0, 0, 0, SHADE, 0, 0, 0, ENVIRONMENT),
	gsSPTexture(65535, 65535, 0, 0, 0),
	gsDPSetEnvColor(255, 255, 255, 255),
	gsDPSetAlphaCompare(G_AC_NONE),
	gsSPEndDisplayList(),
};

Gfx wf_dl_Plane_001_mesh_layer_1[] = {
	gsSPClearGeometryMode(G_LIGHTING),
	gsSPVertex(wf_dl_Plane_001_mesh_layer_1_vtx_cull + 0, 8, 0),
	gsSPSetGeometryMode(G_LIGHTING),
	gsSPCullDisplayList(0, 7),
	gsSPDisplayList(mat_wf_dl_f3dlite_material_018),
	gsSPDisplayList(wf_dl_Plane_001_mesh_layer_1_tri_0),
	gsSPDisplayList(mat_revert_wf_dl_f3dlite_material_018),
	gsDPPipeSync(),
	gsSPSetGeometryMode(G_LIGHTING),
	gsSPClearGeometryMode(G_TEXTURE_GEN),
	gsDPSetCombineLERP(0, 0, 0, SHADE, 0, 0, 0, ENVIRONMENT, 0, 0, 0, SHADE, 0, 0, 0, ENVIRONMENT),
	gsSPTexture(65535, 65535, 0, 0, 0),
	gsDPSetEnvColor(255, 255, 255, 255),
	gsDPSetAlphaCompare(G_AC_NONE),
	gsSPEndDisplayList(),
};

