Gfx ttc_dl_beta_wall_real_1_rgba16_aligner[] = {gsSPEndDisplayList()};
u8 ttc_dl_beta_wall_real_1_rgba16[] = {
	0x21, 0xbd, 0x29, 0xbd, 0x29, 0xbd, 0x21, 0x7d, 
	0x29, 0xff, 0x29, 0xff, 0x29, 0xff, 0x29, 0xff, 
	0x21, 0x7d, 0x21, 0x7d, 0x21, 0x7d, 0x21, 0x7d, 
	0x21, 0x7d, 0x21, 0x7d, 0x21, 0x7d, 0x21, 0x7d, 
	0x21, 0x7d, 0x29, 0xff, 0x21, 0x7d, 0x29, 0xff, 
	0x21, 0x7d, 0x32, 0x3d, 0x32, 0x3d, 0x21, 0x7d, 
	0x29, 0xff, 0x29, 0xff, 0x29, 0xff, 0x29, 0xff, 
	0x29, 0xff, 0x29, 0xff, 0x29, 0xfd, 0x08, 0xb1, 
	0x21, 0x7d, 0x29, 0xbd, 0x21, 0x7d, 0x21, 0x7d, 
	0x29, 0xfd, 0x29, 0xbd, 0x21, 0x7d, 0x29, 0xbd, 
	0x21, 0x7b, 0x29, 0xbd, 0x21, 0x7b, 0x31, 0xfd, 
	0x31, 0xfd, 0x29, 0xfd, 0x29, 0xbd, 0x29, 0xbd, 
	0x29, 0xfd, 0x29, 0xbd, 0x29, 0xbd, 0x21, 0x7d, 
	0x29, 0xbd, 0x31, 0xfd, 0x21, 0x7d, 0x21, 0x7d, 
	0x21, 0x7b, 0x29, 0xbd, 0x29, 0xfd, 0x31, 0xfd, 
	0x21, 0x7d, 0x21, 0x7d, 0x31, 0xfd, 0x08, 0xf1, 
	0x21, 0x7d, 0x29, 0xfd, 0x21, 0x7d, 0x29, 0xfd, 
	0x29, 0xbd, 0x21, 0x7d, 0x21, 0x7b, 0x31, 0xfd, 
	0x21, 0x7b, 0x29, 0xbd, 0x29, 0xbd, 0x21, 0x7b, 
	0x29, 0xfd, 0x29, 0xbd, 0x29, 0xbd, 0x29, 0xbd, 
	0x29, 0xbd, 0x31, 0xfd, 0x29, 0xfd, 0x29, 0xbd, 
	0x32, 0x3d, 0x29, 0xbd, 0x31, 0xfd, 0x3a, 0x7f, 
	0x31, 0xfd, 0x29, 0xfd, 0x29, 0xbd, 0x29, 0xbd, 
	0x29, 0xbd, 0x21, 0x7d, 0x3a, 0x7d, 0x10, 0xf3, 
	0x29, 0xbd, 0x29, 0xfd, 0x29, 0xbd, 0x29, 0xfd, 
	0x29, 0xfd, 0x29, 0x7d, 0x29, 0xbd, 0x31, 0xfd, 
	0x21, 0x7b, 0x29, 0x7d, 0x29, 0x7d, 0x29, 0x7d, 
	0x29, 0xbd, 0x31, 0xfd, 0x31, 0xfd, 0x29, 0xbd, 
	0x29, 0xfd, 0x29, 0xfd, 0x32, 0x3d, 0x29, 0xbd, 
	0x29, 0x7d, 0x29, 0x7d, 0x29, 0xbd, 0x3a, 0x7f, 
	0x29, 0xbd, 0x29, 0x7d, 0x29, 0xfd, 0x3a, 0x7f, 
	0x29, 0x7d, 0x29, 0xbd, 0x31, 0xfd, 0x10, 0xf3, 
	0x21, 0x7b, 0x29, 0x7b, 0x29, 0x7d, 0x3a, 0x3d, 
	0x31, 0xfd, 0x31, 0xfd, 0x29, 0x7d, 0x29, 0xbd, 
	0x29, 0x7b, 0x29, 0x7d, 0x29, 0x7d, 0x29, 0x7d, 
	0x29, 0x7d, 0x29, 0xbd, 0x29, 0xbd, 0x31, 0xfd, 
	0x32, 0x3d, 0x31, 0xfd, 0x29, 0xbd, 0x29, 0x7d, 
	0x29, 0xbd, 0x29, 0x7d, 0x32, 0x3d, 0x32, 0x3d, 
	0x29, 0xbd, 0x29, 0x7d, 0x29, 0x7d, 0x3a, 0x7f, 
	0x29, 0x7d, 0x29, 0xbd, 0x31, 0xfd, 0x10, 0xf1, 
	0x39, 0xfd, 0x31, 0x7b, 0x31, 0xbd, 0x31, 0x7d, 
	0x31, 0xbd, 0x31, 0xbd, 0x31, 0x7d, 0x31, 0x7d, 
	0x31, 0x7d, 0x31, 0xbd, 0x39, 0xfd, 0x39, 0xfd, 
	0x31, 0x7d, 0x31, 0x7d, 0x31, 0xbd, 0x39, 0xfd, 
	0x31, 0xbd, 0x31, 0x7d, 0x31, 0x7d, 0x31, 0xbd, 
	0x39, 0xfd, 0x31, 0x7d, 0x31, 0xbd, 0x31, 0x7d, 
	0x31, 0xbd, 0x39, 0xfd, 0x31, 0xbd, 0x3a, 0x3d, 
	0x31, 0xbd, 0x31, 0xbd, 0x39, 0xfd, 0x10, 0xf1, 
	0x31, 0x7b, 0x31, 0xbd, 0x39, 0xfd, 0x31, 0x7d, 
	0x31, 0x7d, 0x39, 0xbd, 0x39, 0xbd, 0x39, 0xbd, 
	0x31, 0xbd, 0x31, 0xbd, 0x39, 0xbd, 0x41, 0xfd, 
	0x41, 0xfd, 0x39, 0xfd, 0x39, 0xbd, 0x31, 0x7d, 
	0x39, 0xbd, 0x31, 0x7d, 0x42, 0x3d, 0x42, 0x3d, 
	0x39, 0xfd, 0x31, 0x7d, 0x31, 0x7d, 0x31, 0xbd, 
	0x4a, 0x7f, 0x39, 0xbd, 0x31, 0x7d, 0x39, 0xfd, 
	0x31, 0x7d, 0x39, 0xfd, 0x41, 0xfd, 0x10, 0xef, 
	0x31, 0x7d, 0x39, 0xbd, 0x41, 0xfd, 0x31, 0x7d, 
	0x39, 0xfd, 0x41, 0xfd, 0x41, 0xfd, 0x42, 0x3d, 
	0x39, 0xbd, 0x39, 0xfd, 0x39, 0xbd, 0x41, 0xfd, 
	0x42, 0x3d, 0x42, 0x3d, 0x41, 0xfd, 0x39, 0xbd, 
	0x42, 0x3d, 0x42, 0x3d, 0x42, 0x3d, 0x39, 0xfd, 
	0x39, 0xbd, 0x42, 0x3d, 0x4a, 0x7f, 0x4a, 0x7f, 
	0x39, 0xbd, 0x39, 0xbd, 0x42, 0x3d, 0x4a, 0x7f, 
	0x39, 0xfd, 0x39, 0xbd, 0x39, 0xbd, 0x18, 0xf1, 
	0x31, 0x7d, 0x39, 0xbd, 0x4a, 0x7d, 0x39, 0xbd, 
	0x42, 0x3d, 0x41, 0xfd, 0x41, 0xfd, 0x52, 0xbf, 
	0x52, 0xff, 0x39, 0xfd, 0x4a, 0x7f, 0x39, 0xfd, 
	0x42, 0x3d, 0x41, 0xfd, 0x52, 0xbf, 0x41, 0xfd, 
	0x39, 0xbd, 0x41, 0xfd, 0x41, 0xfd, 0x4a, 0x7d, 
	0x4a, 0xbf, 0x52, 0xbf, 0x4a, 0x7f, 0x41, 0xbd, 
	0x42, 0x3d, 0x4a, 0x7f, 0x4a, 0x7f, 0x41, 0xfd, 
	0x39, 0xbd, 0x31, 0x7d, 0x41, 0xfd, 0x20, 0xf1, 
	0x31, 0x7b, 0x39, 0xbd, 0x41, 0xfd, 0x41, 0xfd, 
	0x4a, 0x7f, 0x4a, 0x3d, 0x42, 0x3d, 0x5a, 0xff, 
	0x5b, 0x3f, 0x5b, 0x3f, 0x52, 0xbf, 0x4a, 0x7f, 
	0x41, 0xfd, 0x41, 0xfd, 0x52, 0xbf, 0x41, 0xfd, 
	0x52, 0xbf, 0x52, 0xbf, 0x41, 0xfd, 0x41, 0xfd, 
	0x42, 0x3d, 0x4a, 0x7f, 0x41, 0xfd, 0x39, 0xfd, 
	0x52, 0xbf, 0x4a, 0x3f, 0x39, 0xbd, 0x39, 0xbd, 
	0x41, 0xfd, 0x41, 0xfd, 0x4a, 0x7f, 0x18, 0xef, 
	0x39, 0x7b, 0x41, 0xff, 0x5b, 0x3f, 0x41, 0xfd, 
	0x39, 0xbd, 0x42, 0x3d, 0x39, 0xbd, 0x4a, 0x7f, 
	0x4a, 0x7f, 0x52, 0xbf, 0x4a, 0x3d, 0x41, 0xfd, 
	0x42, 0x3d, 0x4a, 0x3d, 0x42, 0x3d, 0x52, 0xbf, 
	0x52, 0xbf, 0x42, 0x3d, 0x4a, 0x3d, 0x52, 0xbf, 
	0x4a, 0x3d, 0x4a, 0x7f, 0x52, 0xbf, 0x4a, 0x7f, 
	0x4a, 0x3d, 0x4a, 0x7f, 0x52, 0xbf, 0x42, 0x3d, 
	0x41, 0xfd, 0x42, 0x3d, 0x5b, 0x3f, 0x19, 0x2d, 
	0x39, 0xbd, 0x41, 0xff, 0x52, 0xbf, 0x4a, 0x7d, 
	0x41, 0xfd, 0x52, 0xbf, 0x41, 0xfd, 0x52, 0x7f, 
	0x5a, 0xbf, 0x4a, 0x7f, 0x5a, 0xff, 0x4a, 0x7d, 
	0x52, 0xbf, 0x42, 0x3d, 0x42, 0x3d, 0x41, 0xff, 
	0x5b, 0x3f, 0x5b, 0x3f, 0x52, 0xbf, 0x4a, 0x3f, 
	0x42, 0x3d, 0x52, 0xbf, 0x4a, 0x7d, 0x4a, 0x3f, 
	0x42, 0x3d, 0x4a, 0x3f, 0x52, 0xbf, 0x52, 0xbf, 
	0x5b, 0x3f, 0x52, 0xff, 0x52, 0xbf, 0x19, 0x2d, 
	0x41, 0xbd, 0x49, 0xff, 0x52, 0x7d, 0x5a, 0xbf, 
	0x5b, 0x3f, 0x49, 0xbd, 0x51, 0xfd, 0x5a, 0xff, 
	0x5a, 0xff, 0x5a, 0x7f, 0x5a, 0xff, 0x5a, 0xff, 
	0x4a, 0x7f, 0x5a, 0x7f, 0x5a, 0xbf, 0x49, 0xfd, 
	0x5a, 0xbf, 0x4a, 0x7f, 0x52, 0x7f, 0x52, 0x7f, 
	0x5b, 0x3f, 0x52, 0xbf, 0x52, 0xbf, 0x5b, 0x3f, 
	0x4a, 0x7f, 0x5a, 0xbf, 0x5a, 0xff, 0x5b, 0x3f, 
	0x52, 0xbf, 0x4a, 0x3d, 0x52, 0xbf, 0x19, 0x2d, 
	0x41, 0xbd, 0x52, 0x3d, 0x52, 0x7d, 0x4a, 0x3d, 
	0x5a, 0xbf, 0x63, 0x3f, 0x5a, 0xbf, 0x51, 0xff, 
	0x63, 0x3f, 0x5a, 0xbf, 0x52, 0x7f, 0x52, 0x7f, 
	0x5a, 0xbf, 0x5a, 0xbf, 0x52, 0x7f, 0x5a, 0x7f, 
	0x63, 0x3f, 0x5a, 0xbf, 0x63, 0x3f, 0x63, 0x3f, 
	0x63, 0x3f, 0x5a, 0xbf, 0x5a, 0xbf, 0x52, 0x3d, 
	0x51, 0xfd, 0x51, 0xfd, 0x63, 0x3f, 0x5a, 0xbf, 
	0x51, 0xfd, 0x51, 0xfd, 0x5a, 0xbf, 0x21, 0x2d, 
	0x49, 0xbd, 0x49, 0xbd, 0x49, 0xbd, 0x41, 0x7d, 
	0x41, 0x7d, 0x49, 0xbd, 0x49, 0xbd, 0x41, 0x7d, 
	0x41, 0x7d, 0x49, 0xbd, 0x49, 0xbd, 0x41, 0x7d, 
	0x41, 0x7d, 0x41, 0x7d, 0x41, 0x7d, 0x41, 0x7d, 
	0x49, 0xbd, 0x49, 0xbd, 0x49, 0xbd, 0x49, 0xbd, 
	0x41, 0x7d, 0x41, 0x7d, 0x41, 0x7d, 0x41, 0x7d, 
	0x41, 0x7d, 0x49, 0xbd, 0x49, 0xbd, 0x41, 0x7d, 
	0x41, 0x7d, 0x49, 0xbd, 0x51, 0xfd, 0x21, 0x2d, 
	0x20, 0xe5, 0x20, 0xe1, 0x18, 0xe1, 0x18, 0xe1, 
	0x20, 0xe1, 0x20, 0xe3, 0x20, 0xe3, 0x20, 0xe1, 
	0x20, 0xe5, 0x20, 0xe3, 0x20, 0xe3, 0x18, 0xe1, 
	0x20, 0xe3, 0x20, 0xe1, 0x20, 0xe1, 0x18, 0xe1, 
	0x20, 0xe1, 0x20, 0xe1, 0x20, 0xe1, 0x28, 0xe3, 
	0x20, 0xe1, 0x20, 0xe1, 0x20, 0xe1, 0x20, 0xe1, 
	0x20, 0xe1, 0x18, 0xe1, 0x18, 0xe1, 0x20, 0xe3, 
	0x18, 0xe3, 0x20, 0xe3, 0x18, 0xe1, 0x18, 0xdf, 
	0x63, 0x3d, 0x63, 0x3d, 0x63, 0x3d, 0x6b, 0x3d, 
	0x6b, 0x7d, 0x6b, 0x7d, 0x73, 0x7d, 0x73, 0x7d, 
	0x7b, 0xbd, 0x7b, 0xbd, 0x7b, 0xbd, 0x6b, 0x7d, 
	0x6b, 0x7d, 0x63, 0x3d, 0x63, 0x3d, 0x20, 0xdf, 
	0x62, 0xfd, 0x73, 0xbd, 0x63, 0x3d, 0x63, 0x3d, 
	0x6b, 0x3d, 0x6b, 0x7d, 0x6b, 0x7d, 0x6b, 0x7d, 
	0x6b, 0x7d, 0x6b, 0x7d, 0x6b, 0x7d, 0x6b, 0x7d, 
	0x63, 0x3d, 0x6b, 0x7d, 0x6b, 0x3d, 0x7b, 0xbd, 
	0x51, 0xfd, 0x52, 0x3d, 0x52, 0x3d, 0x52, 0x3d, 
	0x5a, 0xbd, 0x62, 0xff, 0x52, 0x3d, 0x52, 0x3d, 
	0x5a, 0xbd, 0x5a, 0xbd, 0x52, 0x3d, 0x52, 0x3d, 
	0x5a, 0xbd, 0x52, 0x3f, 0x7b, 0xbd, 0x20, 0xe1, 
	0x51, 0xfd, 0x62, 0xfd, 0x5a, 0xbd, 0x5a, 0xbd, 
	0x5a, 0xbd, 0x52, 0x3d, 0x52, 0x3d, 0x52, 0x3d, 
	0x52, 0x3d, 0x52, 0x3d, 0x62, 0xfd, 0x52, 0x3d, 
	0x5a, 0xbd, 0x5a, 0xbd, 0x5a, 0xbd, 0x62, 0xff, 
	0x63, 0x3f, 0x6b, 0x3d, 0x52, 0x3d, 0x5a, 0xbd, 
	0x5a, 0xbd, 0x52, 0x7d, 0x62, 0xfd, 0x63, 0x3d, 
	0x63, 0x3d, 0x5a, 0xbf, 0x52, 0x7d, 0x5a, 0xbf, 
	0x62, 0xfd, 0x5a, 0xfd, 0x84, 0x3d, 0x21, 0x1f, 
	0x52, 0x3d, 0x62, 0xfd, 0x62, 0xfd, 0x5a, 0xbd, 
	0x52, 0x7d, 0x52, 0x7d, 0x52, 0x7d, 0x62, 0xfd, 
	0x5a, 0xbd, 0x52, 0x7d, 0x73, 0x3d, 0x62, 0xfd, 
	0x5a, 0xbd, 0x5a, 0xbd, 0x5a, 0xfd, 0x5a, 0xbf, 
	0x73, 0x7d, 0x73, 0x7d, 0x63, 0x3d, 0x6b, 0x3d, 
	0x5a, 0xbd, 0x5a, 0x7d, 0x5a, 0x7d, 0x5a, 0xbd, 
	0x6b, 0x3d, 0x6b, 0x3d, 0x62, 0xbd, 0x62, 0xfd, 
	0x5a, 0x7f, 0x62, 0xbd, 0x84, 0x3d, 0x20, 0xdd, 
	0x52, 0x3d, 0x5a, 0xbf, 0x5a, 0xbd, 0x6b, 0x3d, 
	0x6b, 0x3d, 0x5a, 0xbd, 0x5a, 0xbd, 0x5a, 0x7d, 
	0x5a, 0x7d, 0x5a, 0xbd, 0x73, 0x7d, 0x73, 0x7d, 
	0x63, 0x3d, 0x62, 0xfd, 0x62, 0xbf, 0x5a, 0xbd, 
	0x6b, 0x3d, 0x62, 0xbd, 0x6b, 0x3d, 0x62, 0xfd, 
	0x62, 0xbd, 0x62, 0x7d, 0x62, 0xbd, 0x6b, 0x3d, 
	0x6b, 0x3d, 0x6a, 0xfd, 0x6b, 0x3d, 0x6b, 0x3d, 
	0x62, 0x7d, 0x62, 0x7d, 0x84, 0x3d, 0x20, 0xdd, 
	0x62, 0x3d, 0x62, 0xbf, 0x62, 0xbf, 0x62, 0xbd, 
	0x6b, 0x3d, 0x73, 0x7d, 0x73, 0x7d, 0x6a, 0xfd, 
	0x73, 0x7d, 0x6b, 0x3d, 0x6b, 0x3d, 0x73, 0x7d, 
	0x62, 0xbf, 0x62, 0xbd, 0x73, 0xbd, 0x73, 0x7d, 
	0x6a, 0xbd, 0x6a, 0xfd, 0x62, 0xbd, 0x62, 0xbd, 
	0x73, 0xbd, 0x7b, 0xfd, 0x83, 0xfd, 0x73, 0x7d, 
	0x6a, 0xbd, 0x6a, 0xbd, 0x6b, 0x3d, 0x6a, 0xfd, 
	0x62, 0xbd, 0x6a, 0xfd, 0x8c, 0x3d, 0x21, 0x1d, 
	0x62, 0x3d, 0x7b, 0xfd, 0x73, 0x7d, 0x62, 0x7f, 
	0x62, 0xbd, 0x73, 0x3d, 0x6b, 0x3d, 0x6a, 0xbf, 
	0x62, 0xbd, 0x7b, 0xbd, 0x7b, 0xbd, 0x6a, 0xfd, 
	0x62, 0xbf, 0x73, 0x3d, 0x73, 0x7d, 0x6a, 0xfd, 
	0x7b, 0x3f, 0x7b, 0xbf, 0x73, 0x7d, 0x6b, 0x3f, 
	0x73, 0x3d, 0x73, 0x7f, 0x73, 0x3f, 0x6a, 0xff, 
	0x72, 0xff, 0x6a, 0xbf, 0x73, 0xbd, 0x73, 0x3f, 
	0x73, 0x3f, 0x7b, 0xbd, 0x8c, 0x7d, 0x19, 0x1d, 
	0x62, 0x3d, 0x7b, 0xbd, 0x7b, 0x7f, 0x62, 0x7f, 
	0x73, 0x7d, 0x6a, 0xbf, 0x6a, 0xfd, 0x7b, 0x7f, 
	0x73, 0x3f, 0x73, 0x3f, 0x7b, 0x7f, 0x7b, 0x7f, 
	0x7b, 0xfd, 0x73, 0x7d, 0x6a, 0xbf, 0x73, 0x3f, 
	0x84, 0x3d, 0x7b, 0xff, 0x73, 0x3f, 0x6b, 0x3f, 
	0x7b, 0xbf, 0x73, 0x3f, 0x6a, 0xff, 0x7b, 0xbf, 
	0x6a, 0xff, 0x7b, 0xbf, 0x7b, 0x7f, 0x72, 0xff, 
	0x72, 0xff, 0x72, 0xff, 0x84, 0x3d, 0x21, 0x1d, 
	0x62, 0x3d, 0x73, 0x3f, 0x7b, 0xbf, 0x72, 0xff, 
	0x7b, 0x3f, 0x6b, 0x3f, 0x6b, 0x3f, 0x73, 0x3f, 
	0x7b, 0xbf, 0x7b, 0x7f, 0x73, 0x3f, 0x73, 0x7f, 
	0x6a, 0xbf, 0x6a, 0xbf, 0x73, 0x7f, 0x83, 0xff, 
	0x83, 0xbf, 0x83, 0xbf, 0x83, 0xfd, 0x8c, 0x3d, 
	0x7b, 0x7f, 0x7b, 0x7f, 0x9c, 0x7d, 0x83, 0xff, 
	0x73, 0x3f, 0x8b, 0xfd, 0x8b, 0xff, 0x83, 0xbf, 
	0x83, 0xbf, 0x73, 0x7f, 0x8c, 0x7d, 0x21, 0x1b, 
	0x6a, 0x7d, 0x83, 0x7f, 0x7b, 0x3f, 0x72, 0xff, 
	0x6a, 0xff, 0x8b, 0xfd, 0x83, 0x7f, 0x8c, 0x3d, 
	0x8c, 0x3d, 0x83, 0xbd, 0x8b, 0xff, 0x73, 0x7f, 
	0x7b, 0xbf, 0x73, 0x3f, 0x8b, 0xff, 0x83, 0xff, 
	0x83, 0x7d, 0x9c, 0x7d, 0x8c, 0x3d, 0x8b, 0xfd, 
	0x9c, 0x7d, 0x9c, 0x7d, 0x8c, 0x3d, 0x83, 0x7f, 
	0x8b, 0xfd, 0x9c, 0x7d, 0x83, 0xbf, 0x8b, 0xbf, 
	0x8b, 0xfd, 0x8c, 0x3d, 0x8c, 0x3d, 0x29, 0x1b, 
	0x72, 0xbd, 0x83, 0x7f, 0x7a, 0xff, 0x8b, 0xbf, 
	0x8b, 0xff, 0x8b, 0xfd, 0x8b, 0xfd, 0x8b, 0xff, 
	0x7b, 0x7f, 0x8b, 0xbf, 0x94, 0x3d, 0x83, 0xbf, 
	0x8c, 0x3d, 0x9c, 0x7d, 0x8b, 0xfd, 0x83, 0x7d, 
	0x94, 0x3d, 0x83, 0xbf, 0x83, 0xbf, 0x8c, 0x3d, 
	0x9c, 0x7d, 0x94, 0x3d, 0x94, 0x3d, 0x9c, 0xbd, 
	0x8b, 0xff, 0x8b, 0xbf, 0x8b, 0xfd, 0x8b, 0xbf, 
	0x94, 0x3d, 0x83, 0x7d, 0x9c, 0xbd, 0x29, 0x1d, 
	0x7a, 0xfd, 0x83, 0xbd, 0x7b, 0x3f, 0x83, 0xbf, 
	0x8c, 0x3d, 0x94, 0x3d, 0x8b, 0xbd, 0x83, 0xbd, 
	0x8b, 0xfd, 0x94, 0x3d, 0x9c, 0xbd, 0x9c, 0xbd, 
	0x9c, 0xbd, 0x8c, 0x3d, 0xa4, 0xbd, 0x9c, 0x7d, 
	0x8b, 0xfd, 0x83, 0x7f, 0x94, 0x3d, 0xac, 0xbb, 
	0x9c, 0x7d, 0x94, 0x3d, 0x9c, 0x7d, 0xb5, 0x3d, 
	0x94, 0x3d, 0x8b, 0xff, 0x94, 0x3d, 0x9c, 0x7b, 
	0x8b, 0xfd, 0x8b, 0xbd, 0xa4, 0xbb, 0x21, 0x19, 
	0x7a, 0xfd, 0x94, 0x3d, 0x8b, 0xbd, 0x8b, 0xbd, 
	0x9c, 0x7b, 0xa4, 0xbd, 0x9c, 0x7d, 0x93, 0xfd, 
	0x9c, 0x7d, 0xa4, 0xbd, 0x94, 0x3d, 0x94, 0x3d, 
	0x94, 0x3d, 0xa4, 0xbd, 0x94, 0x3d, 0x94, 0x3d, 
	0x9c, 0x7d, 0x93, 0xfd, 0xac, 0xbb, 0xac, 0xfb, 
	0xb5, 0x3d, 0xb5, 0x3d, 0xb5, 0x3d, 0xb5, 0x3d, 
	0xa4, 0xbb, 0x94, 0x7d, 0xb5, 0x3d, 0x94, 0x3d, 
	0x8b, 0xfd, 0x94, 0x7d, 0xa4, 0xbb, 0x29, 0x5b, 
	0x7b, 0x3d, 0x94, 0x3d, 0x94, 0x3d, 0x94, 0x3d, 
	0x9c, 0x7d, 0x9c, 0xbd, 0x8b, 0xfd, 0x8b, 0xfd, 
	0x94, 0x3d, 0xa4, 0xbd, 0xa4, 0xbd, 0x9c, 0x7d, 
	0xac, 0xfb, 0x9c, 0x7d, 0xb4, 0xfd, 0xb5, 0x3d, 
	0xb5, 0x3b, 0xb5, 0x3b, 0x93, 0xfd, 0x94, 0x3d, 
	0xac, 0xfb, 0x9c, 0x3d, 0x9c, 0x7d, 0xb5, 0x3d, 
	0xac, 0xfb, 0xb5, 0x3b, 0x9c, 0x7d, 0xac, 0xfd, 
	0x94, 0x7d, 0x8b, 0xbd, 0xac, 0xfb, 0x29, 0x19, 
	0x8b, 0x3b, 0x93, 0xfb, 0x93, 0xfb, 0xa4, 0xbb, 
	0x93, 0xfd, 0x9c, 0x7d, 0x9c, 0x7d, 0x93, 0xfb, 
	0x9c, 0x7d, 0x94, 0x3b, 0x94, 0x3d, 0xac, 0xfb, 
	0xb5, 0x3b, 0xa4, 0xbd, 0x9c, 0x7d, 0x9c, 0x7b, 
	0x8b, 0x7b, 0x8b, 0x7b, 0x82, 0xf5, 0x82, 0xf5, 
	0x8b, 0x79, 0x82, 0xf5, 0x82, 0xf5, 0x8b, 0x79, 
	0x8b, 0x79, 0x8b, 0x79, 0x82, 0xf5, 0x82, 0xf5, 
	0x82, 0xf5, 0x82, 0xf5, 0x93, 0xb9, 0x21, 0x15, 
	0x8b, 0x3b, 0x82, 0xf5, 0x82, 0xf5, 0x8b, 0x7b, 
	0x8b, 0x7b, 0x82, 0xf5, 0x82, 0xf5, 0x82, 0xf5, 
	0x82, 0xf5, 0x82, 0xf5, 0x8b, 0x7b, 0x8b, 0x7b, 
	0x8b, 0x7b, 0x82, 0xf5, 0x82, 0xf5, 0x8b, 0x7b, 
	0x19, 0x0f, 0x10, 0xcd, 0x21, 0x51, 0x10, 0xcd, 
	0x10, 0xcd, 0x10, 0xcd, 0x21, 0x51, 0x18, 0xcf, 
	0x10, 0xcd, 0x10, 0xcd, 0x10, 0xcd, 0x10, 0xcd, 
	0x10, 0xcd, 0x10, 0xcd, 0x10, 0xcd, 0x10, 0xcd, 
	0x18, 0xcf, 0x10, 0xcd, 0x18, 0xcf, 0x19, 0x0f, 
	0x19, 0x0f, 0x10, 0xcd, 0x10, 0xcd, 0x18, 0xcf, 
	0x19, 0x11, 0x19, 0x0f, 0x10, 0xcd, 0x10, 0xcd, 
	0x21, 0x11, 0x10, 0xcd, 0x10, 0xcf, 0x10, 0xcd, 
	0xa4, 0xa7, 0xd6, 0x71, 0xc5, 0xed, 0xd6, 0x71, 
	0xd6, 0x71, 0xc5, 0xef, 0xd6, 0x71, 0xd6, 0x71, 
	0xd6, 0x71, 0xd6, 0x71, 0xc5, 0xed, 0xc5, 0xed, 
	0xd6, 0x71, 0xd6, 0x71, 0xd6, 0x71, 0xd6, 0x71, 
	0xd6, 0x71, 0xd6, 0x71, 0xc5, 0xad, 0xc5, 0xad, 
	0xc5, 0xad, 0xc5, 0xad, 0xd6, 0x71, 0xd6, 0x71, 
	0xd6, 0x71, 0xc5, 0xad, 0xc5, 0xad, 0xc5, 0xad, 
	0xc5, 0xad, 0xc5, 0xad, 0xe6, 0xf3, 0x10, 0x85, 
	0x8b, 0xe1, 0xb5, 0x29, 0xac, 0xe7, 0xb5, 0x29, 
	0xa4, 0xa7, 0xa4, 0xa7, 0xac, 0xe7, 0xbd, 0x6b, 
	0xa4, 0xa7, 0xa4, 0xa7, 0xa4, 0xa7, 0xa4, 0xa7, 
	0xb5, 0x29, 0xa4, 0xa7, 0xa4, 0xa7, 0xc5, 0xad, 
	0xc5, 0xed, 0xbd, 0x6b, 0xad, 0x29, 0xa4, 0xa7, 
	0xac, 0xe7, 0xa4, 0xa7, 0xac, 0xe7, 0xc5, 0xad, 
	0xc5, 0xad, 0xac, 0xe9, 0xbd, 0x6b, 0xad, 0x29, 
	0xa4, 0xa7, 0xa4, 0xa7, 0xd6, 0x71, 0x08, 0x43, 
	0x8b, 0xe1, 0xb5, 0x69, 0xac, 0xe7, 0xbd, 0x6b, 
	0xb5, 0x29, 0xb5, 0x29, 0xbd, 0x6b, 0xbd, 0x6b, 
	0xc5, 0xab, 0xb5, 0x29, 0xac, 0xe7, 0xb5, 0x29, 
	0xac, 0xe7, 0xb5, 0x29, 0xb5, 0x29, 0xac, 0xe7, 
	0xac, 0xe7, 0xb5, 0x29, 0xac, 0xe7, 0xac, 0xe7, 
	0xad, 0x29, 0xac, 0xe7, 0xad, 0x29, 0xb5, 0x69, 
	0xac, 0xe7, 0xac, 0xe7, 0xb5, 0x29, 0xb5, 0x69, 
	0xbd, 0x6b, 0xbd, 0xab, 0xe6, 0xf3, 0x08, 0x43, 
	0x94, 0x21, 0xc5, 0xed, 0xce, 0x2d, 0xbd, 0x69, 
	0xc5, 0xed, 0xb5, 0x29, 0xce, 0x2d, 0xad, 0x27, 
	0xc5, 0xed, 0xc5, 0xeb, 0xc5, 0xab, 0xbd, 0x69, 
	0xb5, 0x27, 0xbd, 0x69, 0xc5, 0xab, 0xbd, 0x69, 
	0xb5, 0x69, 0xbd, 0x69, 0xc5, 0xab, 0xb5, 0x27, 
	0xac, 0xe7, 0xce, 0x2d, 0xbd, 0xab, 0xb5, 0x69, 
	0xac, 0xe7, 0xac, 0xe7, 0xc5, 0xab, 0xc5, 0xab, 
	0xad, 0x27, 0xac, 0xe7, 0xe6, 0xf3, 0x08, 0x43, 
	0x94, 0x1f, 0xc5, 0xeb, 0xbd, 0xa9, 0xc5, 0xa9, 
	0xbd, 0xa9, 0xbd, 0x69, 0xd6, 0x2d, 0xb5, 0x27, 
	0xc5, 0xeb, 0xb5, 0x67, 0xbd, 0x69, 0xc5, 0xeb, 
	0xce, 0x2d, 0xc5, 0xeb, 0xb5, 0x67, 0xb5, 0x27, 
	0xbd, 0xa9, 0xc5, 0xeb, 0xb5, 0x27, 0xb5, 0x27, 
	0xb5, 0x27, 0xc5, 0xeb, 0xbd, 0x69, 0xbd, 0x67, 
	0xbd, 0x67, 0xc5, 0xeb, 0xc5, 0xeb, 0xbd, 0x67, 
	0xb5, 0x27, 0xb5, 0x67, 0xe7, 0x33, 0x08, 0x43, 
	0x94, 0x5f, 0xbd, 0x67, 0xbd, 0x67, 0xbd, 0xa7, 
	0xbd, 0x67, 0xce, 0x2b, 0xd6, 0x6f, 0xd6, 0x6d, 
	0xbd, 0x67, 0xc5, 0xe9, 0xd6, 0x6f, 0xd6, 0x6d, 
	0xce, 0x2b, 0xc5, 0xa9, 0xbd, 0x65, 0xbd, 0xa7, 
	0xc5, 0xe9, 0xbd, 0x67, 0xb5, 0x65, 0xce, 0x2b, 
	0xce, 0x2d, 0xbd, 0xa9, 0xbd, 0x67, 0xb5, 0x65, 
	0xd6, 0x6d, 0xd6, 0x2d, 0xc5, 0xa9, 0xde, 0xaf, 
	0xce, 0x2b, 0xbd, 0xa7, 0xde, 0xb1, 0x08, 0x43, 
	0x9c, 0x5f, 0xc5, 0xa7, 0xd6, 0x6d, 0xcd, 0xe9, 
	0xd6, 0x6d, 0xbd, 0xa7, 0xce, 0x2b, 0xc5, 0xa7, 
	0xc5, 0xa7, 0xde, 0xaf, 0xce, 0x2b, 0xbd, 0x65, 
	0xbd, 0x65, 0xd6, 0x6d, 0xd6, 0x6d, 0xce, 0x2b, 
	0xc5, 0xe7, 0xd6, 0x2b, 0xde, 0xaf, 0xd6, 0x6b, 
	0xc5, 0xe7, 0xbd, 0x65, 0xd6, 0x6d, 0xde, 0xaf, 
	0xd6, 0x6d, 0xc5, 0xa7, 0xde, 0xaf, 0xde, 0xaf, 
	0xd6, 0x6d, 0xcd, 0xe9, 0xe6, 0xf1, 0x08, 0x43, 
	0x9c, 0x9f, 0xc5, 0xa5, 0xcd, 0xe9, 0xc5, 0xa5, 
	0xc5, 0xa5, 0xc5, 0xa5, 0xde, 0xaf, 0xc5, 0xe5, 
	0xce, 0x29, 0xd6, 0x6b, 0xc5, 0xa5, 0xc5, 0xa5, 
	0xd6, 0x6b, 0xce, 0x29, 0xce, 0x27, 0xc5, 0xa5, 
	0xe6, 0xef, 0xe6, 0xef, 0xd6, 0x6b, 0xc5, 0xe7, 
	0xe6, 0xef, 0xe6, 0xef, 0xde, 0xef, 0xe6, 0xef, 
	0xc5, 0xe7, 0xde, 0xad, 0xd6, 0x29, 0xc5, 0xa5, 
	0xc5, 0xa5, 0xc5, 0xa5, 0xe6, 0xef, 0x08, 0x41, 
	0xad, 0x21, 0xd6, 0x6b, 0xd6, 0x69, 0xc5, 0xe5, 
	0xcd, 0xe5, 0xcd, 0xe7, 0xc5, 0xe5, 0xc5, 0xe5, 
	0xc5, 0xe5, 0xd6, 0x29, 0xcd, 0xe7, 0xc5, 0xa5, 
	0xde, 0xab, 0xc5, 0xe5, 0xc5, 0xe5, 0xd6, 0x69, 
	0xd6, 0x29, 0xc5, 0xa5, 0xc5, 0xa3, 0xde, 0xad, 
	0xde, 0xad, 0xde, 0xad, 0xe6, 0xef, 0xc5, 0xa5, 
	0xc5, 0xa5, 0xe6, 0xef, 0xc5, 0xe5, 0xd6, 0x6b, 
	0xd6, 0x6b, 0xc5, 0xa5, 0xe6, 0xef, 0x08, 0x41, 
	0xa4, 0xdd, 0xcd, 0xe3, 0xcd, 0xe3, 0xcd, 0xe3, 
	0xe6, 0xad, 0xde, 0xab, 0xcd, 0xe3, 0xd6, 0x27, 
	0xcd, 0xe3, 0xcd, 0xe5, 0xde, 0x69, 0xd6, 0x69, 
	0xe6, 0xed, 0xce, 0x25, 0xd6, 0x69, 0xe6, 0xef, 
	0xde, 0xab, 0xcd, 0xe5, 0xcd, 0xe3, 0xde, 0xab, 
	0xcd, 0xe3, 0xde, 0x69, 0xe6, 0xef, 0xd6, 0x27, 
	0xde, 0x69, 0xe6, 0xef, 0xde, 0xab, 0xd6, 0x27, 
	0xcd, 0xe3, 0xcd, 0xe3, 0xef, 0x73, 0x10, 0x83, 
	0xac, 0xdd, 0xe6, 0xeb, 0xce, 0x23, 0xe6, 0xed, 
	0xe6, 0xef, 0xce, 0x23, 0xde, 0xa9, 0xe6, 0xef, 
	0xde, 0x69, 0xde, 0xab, 0xe7, 0x2f, 0xde, 0xab, 
	0xce, 0x23, 0xde, 0xab, 0xe7, 0x2f, 0xde, 0x69, 
	0xe6, 0xed, 0xce, 0x23, 0xde, 0xab, 0xce, 0x23, 
	0xe7, 0x2f, 0xe7, 0x2f, 0xce, 0x23, 0xce, 0x23, 
	0xce, 0x23, 0xce, 0x23, 0xd6, 0x67, 0xce, 0x23, 
	0xd6, 0x67, 0xe6, 0xeb, 0xef, 0x73, 0x08, 0x41, 
	0xac, 0xdd, 0xde, 0x67, 0xe6, 0xeb, 0xd6, 0x23, 
	0xde, 0xa9, 0xde, 0xa9, 0xd6, 0x23, 0xd6, 0x23, 
	0xd6, 0x23, 0xde, 0xa9, 0xef, 0x2f, 0xd6, 0x23, 
	0xd6, 0x65, 0xd6, 0x23, 0xd6, 0x65, 0xd6, 0x23, 
	0xd6, 0x23, 0xe6, 0xed, 0xde, 0xa7, 0xe6, 0xab, 
	0xef, 0x2f, 0xd6, 0x65, 0xd6, 0x23, 0xef, 0x2f, 
	0xef, 0x2f, 0xde, 0xa9, 0xd6, 0x23, 0xef, 0x2f, 
	0xe6, 0xeb, 0xd6, 0x65, 0xef, 0x73, 0x08, 0x41, 
	0xbd, 0x5f, 0xe6, 0xed, 0xd6, 0x23, 0xd6, 0x23, 
	0xd6, 0x23, 0xef, 0x2f, 0xe6, 0xeb, 0xd6, 0x23, 
	0xde, 0xa9, 0xe6, 0xeb, 0xde, 0xa7, 0xd6, 0x23, 
	0xe7, 0x2d, 0xde, 0xa9, 0xd6, 0x23, 0xde, 0xa9, 
	0xef, 0x2f, 0xd6, 0x23, 0xde, 0xa9, 0xe6, 0xeb, 
	0xd6, 0x23, 0xde, 0xa9, 0xe7, 0x2f, 0xde, 0xa9, 
	0xd6, 0x23, 0xd6, 0x23, 0xd6, 0x23, 0xde, 0xa9, 
	0xef, 0x2f, 0xd6, 0x23, 0xef, 0x2f, 0x18, 0x85, 
	0xac, 0xdd, 0xd6, 0x23, 0xde, 0x67, 0xde, 0xa9, 
	0xef, 0x2f, 0xe6, 0xeb, 0xd6, 0x23, 0xde, 0xa9, 
	0xef, 0x2f, 0xde, 0x67, 0xd6, 0x23, 0xe6, 0xeb, 
	0xe7, 0x2d, 0xd6, 0x23, 0xe6, 0xed, 0xef, 0x2f, 
	0xef, 0x2f, 0xde, 0xa9, 0xd6, 0x23, 0xde, 0xa9, 
	0xe7, 0x2d, 0xef, 0x2f, 0xe6, 0xeb, 0xe7, 0x2d, 
	0xef, 0x2f, 0xd6, 0x23, 0xef, 0x2f, 0xef, 0x2f, 
	0xde, 0xa9, 0xd6, 0x23, 0xef, 0x2f, 0x08, 0x41, 
	0xac, 0xdd, 0xac, 0xdd, 0xac, 0xdd, 0xbd, 0x9f, 
	0xbd, 0x9f, 0xac, 0xdd, 0xbd, 0x9f, 0xbd, 0x9f, 
	0xbd, 0x9f, 0xac, 0xdd, 0xac, 0xdd, 0xac, 0xdd, 
	0xac, 0xdd, 0xbd, 0x9f, 0xbd, 0x9f, 0xac, 0xdd, 
	0xac, 0xdd, 0xac, 0xdd, 0xbd, 0x9f, 0xbd, 0x9f, 
	0xac, 0xdd, 0xbd, 0x9f, 0xbd, 0x9f, 0xbd, 0x9f, 
	0xac, 0xdd, 0xac, 0xdd, 0xac, 0xdd, 0xac, 0xdd, 
	0xac, 0xdd, 0xac, 0xdd, 0xd6, 0x23, 0x18, 0x85, 
	0x08, 0x01, 0x08, 0x01, 0x08, 0x01, 0x10, 0x41, 
	0x20, 0xc5, 0x18, 0x83, 0x10, 0x41, 0x08, 0x01, 
	0x08, 0x01, 0x08, 0x01, 0x08, 0x01, 0x08, 0x01, 
	0x08, 0x01, 0x10, 0x41, 0x08, 0x01, 0x08, 0x01, 
	0x08, 0x01, 0x18, 0x43, 0x08, 0x01, 0x08, 0x01, 
	0x10, 0x41, 0x18, 0x43, 0x10, 0x41, 0x08, 0x01, 
	0x10, 0x43, 0x08, 0x01, 0x08, 0x01, 0x08, 0x01, 
	0x08, 0x01, 0x08, 0x01, 0x08, 0x01, 0x10, 0x41, 
	0xf5, 0xd1, 0xf5, 0xd1, 0xf5, 0xd1, 0xed, 0x0d, 
	0xed, 0x0d, 0xf5, 0xd1, 0xf5, 0xd1, 0xf5, 0xd1, 
	0xf5, 0x91, 0xf5, 0xd1, 0xed, 0x0d, 0xf5, 0xd1, 
	0xf5, 0xd1, 0xf5, 0xd1, 0xf6, 0x17, 0x10, 0x43, 
	0xe3, 0xcd, 0xf5, 0x91, 0xf5, 0xd1, 0xf5, 0xd1, 
	0xed, 0x0d, 0xed, 0x0d, 0xf5, 0xd1, 0xf5, 0xd1, 
	0xed, 0x0d, 0xf5, 0x8f, 0xf5, 0x8f, 0xf5, 0x91, 
	0xf5, 0xd1, 0xf5, 0xd1, 0xf5, 0xd1, 0xed, 0x0d, 
	0xeb, 0x49, 0xeb, 0xc9, 0xf4, 0x8b, 0xeb, 0x89, 
	0xf3, 0xc9, 0xf4, 0x49, 0xf4, 0x09, 0xf3, 0xc9, 
	0xeb, 0x89, 0xeb, 0x89, 0xf3, 0xc9, 0xf4, 0x0b, 
	0xeb, 0x49, 0xeb, 0x49, 0xf6, 0x55, 0x08, 0x01, 
	0xda, 0x45, 0xf4, 0x0b, 0xf3, 0xc9, 0xf3, 0xc9, 
	0xeb, 0x49, 0xeb, 0x49, 0xeb, 0x87, 0xf4, 0x8b, 
	0xf4, 0x8b, 0xeb, 0x47, 0xeb, 0x89, 0xf4, 0x49, 
	0xeb, 0xc9, 0xeb, 0x89, 0xeb, 0x89, 0xeb, 0x89, 
	0xeb, 0x49, 0xeb, 0xc9, 0xf4, 0x8b, 0xf4, 0x09, 
	0xf4, 0x09, 0xf4, 0x49, 0xeb, 0x49, 0xeb, 0x49, 
	0xeb, 0x49, 0xeb, 0x49, 0xf4, 0x89, 0xf4, 0x89, 
	0xf4, 0x89, 0xeb, 0x49, 0xf6, 0x15, 0x08, 0x01, 
	0xda, 0x45, 0xeb, 0x89, 0xeb, 0x47, 0xeb, 0x47, 
	0xeb, 0x47, 0xeb, 0x47, 0xeb, 0x49, 0xeb, 0xc9, 
	0xeb, 0x47, 0xeb, 0x47, 0xeb, 0xc9, 0xf4, 0x49, 
	0xeb, 0xc9, 0xeb, 0x89, 0xeb, 0xc9, 0xf3, 0xc9, 
	0xf4, 0x09, 0xf4, 0x49, 0xf4, 0x8b, 0xf4, 0xcb, 
	0xf4, 0x8b, 0xf4, 0x4b, 0xf3, 0xc9, 0xeb, 0xc9, 
	0xeb, 0x89, 0xf4, 0x89, 0xf4, 0x89, 0xeb, 0x87, 
	0xf4, 0x89, 0xf4, 0x49, 0xf5, 0xd5, 0x08, 0x01, 
	0xe2, 0x45, 0xeb, 0x49, 0xeb, 0x49, 0xec, 0x09, 
	0xeb, 0xc9, 0xf4, 0xcb, 0xf4, 0x8b, 0xec, 0x09, 
	0xeb, 0x47, 0xeb, 0x87, 0xf4, 0x49, 0xf4, 0x09, 
	0xf4, 0x89, 0xf4, 0x89, 0xf3, 0xc9, 0xeb, 0x49, 
	0xf4, 0x49, 0xec, 0x09, 0xec, 0x09, 0xeb, 0xc9, 
	0xeb, 0x89, 0xf3, 0x89, 0xeb, 0x49, 0xf4, 0x09, 
	0xeb, 0x49, 0xf4, 0x49, 0xeb, 0xc9, 0xeb, 0x47, 
	0xeb, 0x47, 0xf4, 0x07, 0xf6, 0x15, 0x10, 0x43, 
	0xe2, 0x45, 0xeb, 0x89, 0xf4, 0x09, 0xeb, 0x89, 
	0xf4, 0xcb, 0xf4, 0xcb, 0xf4, 0x09, 0xf4, 0x09, 
	0xf4, 0x89, 0xf4, 0x89, 0xeb, 0x47, 0xeb, 0x47, 
	0xf3, 0xc9, 0xf4, 0x89, 0xf4, 0x89, 0xeb, 0x89, 
	0xf4, 0xcb, 0xf4, 0xcb, 0xf4, 0x09, 0xf4, 0x09, 
	0xeb, 0x89, 0xeb, 0x89, 0xeb, 0xc9, 0xeb, 0x89, 
	0xec, 0x09, 0xf4, 0x89, 0xf4, 0x49, 0xeb, 0x47, 
	0xeb, 0x47, 0xeb, 0x89, 0xf6, 0x59, 0x08, 0x01, 
	0xda, 0x45, 0xeb, 0x49, 0xeb, 0x49, 0xf4, 0x4b, 
	0xf4, 0x49, 0xf4, 0x09, 0xf4, 0x49, 0xf4, 0xcb, 
	0xf4, 0xcb, 0xf4, 0x09, 0xeb, 0x47, 0xeb, 0x47, 
	0xeb, 0xc9, 0xf4, 0x09, 0xf4, 0x4b, 0xf4, 0x09, 
	0xf4, 0x4b, 0xf4, 0x09, 0xf4, 0xcb, 0xf4, 0xcb, 
	0xf4, 0x09, 0xeb, 0xc9, 0xf4, 0x09, 0xeb, 0x89, 
	0xf4, 0x49, 0xf4, 0x49, 0xf4, 0xc9, 0xf4, 0x89, 
	0xf4, 0x09, 0xeb, 0x47, 0xf6, 0x59, 0x08, 0x01, 
	0xda, 0x45, 0xeb, 0x49, 0xec, 0x09, 0xf4, 0xcd, 
	0xf4, 0x09, 0xf4, 0x09, 0xf5, 0x8f, 0xf4, 0x49, 
	0xeb, 0xc9, 0xec, 0x09, 0xf4, 0xcb, 0xeb, 0xc9, 
	0xeb, 0xc9, 0xf4, 0x49, 0xf4, 0x89, 0xf4, 0x4b, 
	0xf4, 0x4b, 0xf4, 0x09, 0xf4, 0xcb, 0xf4, 0xcb, 
	0xf4, 0x09, 0xeb, 0xc9, 0xf4, 0x09, 0xeb, 0x89, 
	0xf4, 0x49, 0xf4, 0x49, 0xf4, 0xc9, 0xf4, 0x89, 
	0xf4, 0x09, 0xeb, 0x47, 0xf6, 0x59, 0x08, 0x01, 
	0xda, 0x45, 0xeb, 0x49, 0xec, 0x09, 0xf4, 0xcd, 
	0xf4, 0x09, 0xf4, 0x09, 0xf5, 0x8f, 0xf4, 0x49, 
	0xeb, 0xc9, 0xec, 0x09, 0xf4, 0xcb, 0xeb, 0xc9, 
	0xeb, 0xc9, 0xf4, 0x49, 0xf4, 0x89, 0xf4, 0x4b, 
	0xf4, 0x49, 0xf5, 0x0b, 0xf5, 0x0b, 0xf4, 0x09, 
	0xec, 0x09, 0xeb, 0x47, 0xeb, 0xc9, 0xf4, 0x49, 
	0xeb, 0x89, 0xeb, 0x49, 0xeb, 0x49, 0xf4, 0x49, 
	0xf4, 0x89, 0xf4, 0xc9, 0xf6, 0x59, 0x18, 0x43, 
	0xe2, 0x45, 0xf4, 0x89, 0xf4, 0x89, 0xf4, 0xcb, 
	0xf4, 0x49, 0xf4, 0xcb, 0xf5, 0x8f, 0xf4, 0x09, 
	0xf4, 0x09, 0xf5, 0x0b, 0xf4, 0xcb, 0xf4, 0x89, 
	0xf4, 0x89, 0xf4, 0x89, 0xf4, 0xcb, 0xf4, 0xcb, 
	0xf4, 0x89, 0xf5, 0x0b, 0xf4, 0x09, 0xf4, 0x89, 
	0xf4, 0x49, 0xeb, 0x89, 0xec, 0x09, 0xf4, 0x49, 
	0xf4, 0x09, 0xeb, 0xc9, 0xeb, 0x89, 0xf4, 0x09, 
	0xf4, 0x89, 0xf4, 0x49, 0xf6, 0x59, 0x20, 0x85, 
	0xe2, 0x45, 0xf3, 0x89, 0xeb, 0x89, 0xf4, 0x49, 
	0xf5, 0x8f, 0xf4, 0xcb, 0xf4, 0x09, 0xf4, 0x89, 
	0xf4, 0xcb, 0xf4, 0xcb, 0xf4, 0x89, 0xf4, 0x89, 
	0xf4, 0x49, 0xf4, 0xcb, 0xf4, 0x89, 0xf4, 0x89, 
	0xf5, 0x0d, 0xf4, 0xcb, 0xf3, 0xc9, 0xf4, 0xcb, 
	0xec, 0x09, 0xec, 0x09, 0xf4, 0x49, 0xf3, 0xc9, 
	0xf4, 0x09, 0xf4, 0x09, 0xf4, 0x49, 0xf4, 0x89, 
	0xf4, 0xc9, 0xf4, 0x89, 0xf6, 0x59, 0x18, 0x85, 
	0xe2, 0x85, 0xeb, 0x89, 0xf4, 0x8b, 0xf5, 0x8f, 
	0xf5, 0x8f, 0xf4, 0x49, 0xf4, 0x09, 0xf4, 0xcb, 
	0xf4, 0x49, 0xf4, 0x49, 0xf4, 0x89, 0xf4, 0xc9, 
	0xf4, 0x49, 0xf4, 0x89, 0xf4, 0xc9, 0xf5, 0x0b, 
	0xf4, 0xcb, 0xf4, 0x49, 0xf4, 0xcb, 0xf5, 0x0b, 
	0xec, 0x09, 0xeb, 0x89, 0xf3, 0xc9, 0xeb, 0x89, 
	0xf4, 0x09, 0xeb, 0x89, 0xeb, 0x89, 0xf4, 0x49, 
	0xf4, 0xc9, 0xf4, 0x89, 0xf6, 0x15, 0x08, 0x01, 
	0xe2, 0x85, 0xeb, 0xc9, 0xeb, 0x89, 0xeb, 0xc9, 
	0xf4, 0xcb, 0xf4, 0xcb, 0xf4, 0xcb, 0xf4, 0xcb, 
	0xf4, 0x49, 0xf4, 0xcb, 0xf5, 0x8b, 0xf5, 0x0b, 
	0xf4, 0x8b, 0xf4, 0x89, 0xf5, 0x4b, 0xf5, 0x0b, 
	0xf4, 0x49, 0xec, 0x09, 0xf4, 0x8b, 0xf4, 0xcb, 
	0xf4, 0x49, 0xeb, 0x89, 0xf3, 0xc9, 0xeb, 0xc9, 
	0xf4, 0xcd, 0xf4, 0x09, 0xeb, 0x89, 0xeb, 0x89, 
	0xf4, 0xc9, 0xeb, 0x49, 0xf6, 0x59, 0x18, 0x85, 
	0xe2, 0x45, 0xf4, 0x49, 0xec, 0x09, 0xec, 0x09, 
	0xf4, 0x89, 0xf4, 0xcb, 0xf4, 0x4b, 0xf4, 0x4b, 
	0xf4, 0x4b, 0xf4, 0x4b, 0xf4, 0x8b, 0xf5, 0x0d, 
	0xf5, 0x8b, 0xf5, 0x4b, 0xf5, 0x0b, 0xf4, 0x89, 
	0xf4, 0x89, 0xf4, 0x89, 0xf5, 0x0b, 0xf4, 0x49, 
	0xf4, 0x8b, 0xf4, 0x8b, 0xeb, 0x89, 0xeb, 0x49, 
	0xf4, 0xcd, 0xf4, 0x89, 0xf4, 0x09, 0xf4, 0x89, 
	0xf4, 0xcb, 0xeb, 0x49, 0xf6, 0x17, 0x08, 0x01, 
	0xda, 0x45, 0xf4, 0x49, 0xf4, 0x8b, 0xf4, 0x8b, 
	0xf4, 0x8b, 0xf4, 0x49, 0xf5, 0x0d, 0xf5, 0x4d, 
	0xf5, 0x0d, 0xf4, 0xcb, 0xf5, 0x0d, 0xf5, 0x8d, 
	0xf5, 0xd1, 0xf5, 0xd1, 0xf5, 0xd1, 0xf4, 0x49, 
	0xe3, 0x03, 0xe3, 0x03, 0xe3, 0x03, 0xe2, 0x45, 
	0xe3, 0x03, 0xe3, 0x03, 0xe3, 0x03, 0xda, 0x45, 
	0xe2, 0x85, 0xe3, 0x03, 0xe3, 0x03, 0xe3, 0x03, 
	0xe3, 0x03, 0xda, 0x05, 0xe3, 0xcd, 0x08, 0x01, 
	0xda, 0x05, 0xda, 0x45, 0xda, 0x45, 0xda, 0x45, 
	0xda, 0x45, 0xda, 0x45, 0xda, 0x45, 0xe3, 0x03, 
	0xe3, 0x03, 0xda, 0x05, 0xe3, 0x03, 0xe3, 0x03, 
	0xe3, 0x03, 0xe3, 0x03, 0xe3, 0x03, 0xe2, 0x45, 
	0x18, 0x83, 0x08, 0x01, 0x08, 0x01, 0x08, 0x01, 
	0x10, 0x01, 0x08, 0x01, 0x08, 0x01, 0x08, 0x01, 
	0x08, 0x01, 0x08, 0x01, 0x08, 0x01, 0x08, 0x01, 
	0x08, 0x01, 0x10, 0x01, 0x08, 0x01, 0x08, 0x01, 
	0x08, 0x01, 0x08, 0x01, 0x08, 0x01, 0x08, 0x01, 
	0x08, 0x01, 0x10, 0x01, 0x10, 0x43, 0x08, 0x01, 
	0x08, 0x01, 0x08, 0x01, 0x10, 0x43, 0x10, 0x41, 
	0x08, 0x01, 0x08, 0x01, 0x08, 0x01, 0x08, 0x01, 
	
};

Gfx ttc_dl_beta_wall_real_2_ci8_aligner[] = {gsSPEndDisplayList()};
u8 ttc_dl_beta_wall_real_2_ci8[] = {
	0x00, 0x00, 0x00, 0x00, 0x00, 0x00, 0x00, 0x00, 
	0x00, 0x00, 0x00, 0x00, 0x00, 0x00, 0x00, 0x00, 
	0x00, 0x00, 0x00, 0x00, 0x00, 0x00, 0x00, 0x00, 
	0x00, 0x00, 0x00, 0x00, 0x00, 0x00, 0x00, 0x01, 
	0x00, 0x00, 0x00, 0x00, 0x00, 0x00, 0x00, 0x00, 
	0x00, 0x00, 0x00, 0x00, 0x00, 0x00, 0x00, 0x00, 
	0x00, 0x00, 0x00, 0x00, 0x00, 0x00, 0x00, 0x00, 
	0x00, 0x00, 0x00, 0x00, 0x00, 0x00, 0x00, 0x01, 
	0x00, 0x00, 0x00, 0x00, 0x00, 0x00, 0x00, 0x00, 
	0x00, 0x00, 0x00, 0x00, 0x00, 0x00, 0x00, 0x00, 
	0x00, 0x00, 0x00, 0x00, 0x00, 0x00, 0x00, 0x00, 
	0x00, 0x00, 0x00, 0x00, 0x00, 0x00, 0x00, 0x01, 
	0x00, 0x00, 0x00, 0x00, 0x00, 0x00, 0x00, 0x00, 
	0x00, 0x00, 0x00, 0x00, 0x00, 0x00, 0x00, 0x00, 
	0x00, 0x00, 0x00, 0x00, 0x00, 0x00, 0x00, 0x00, 
	0x00, 0x00, 0x00, 0x00, 0x00, 0x00, 0x00, 0x01, 
	0x00, 0x00, 0x00, 0x00, 0x00, 0x00, 0x00, 0x00, 
	0x00, 0x00, 0x00, 0x00, 0x00, 0x00, 0x00, 0x00, 
	0x00, 0x00, 0x00, 0x00, 0x00, 0x00, 0x00, 0x00, 
	0x00, 0x00, 0x00, 0x00, 0x00, 0x00, 0x00, 0x01, 
	0x00, 0x00, 0x00, 0x00, 0x00, 0x00, 0x00, 0x00, 
	0x00, 0x00, 0x00, 0x00, 0x00, 0x00, 0x00, 0x00, 
	0x00, 0x00, 0x00, 0x00, 0x00, 0x00, 0x00, 0x00, 
	0x00, 0x00, 0x00, 0x00, 0x00, 0x00, 0x00, 0x01, 
	0x00, 0x00, 0x00, 0x00, 0x00, 0x00, 0x00, 0x00, 
	0x00, 0x00, 0x00, 0x00, 0x00, 0x00, 0x00, 0x00, 
	0x00, 0x00, 0x00, 0x00, 0x00, 0x00, 0x00, 0x00, 
	0x00, 0x00, 0x00, 0x00, 0x00, 0x00, 0x00, 0x01, 
	0x00, 0x00, 0x00, 0x00, 0x00, 0x00, 0x00, 0x00, 
	0x00, 0x00, 0x00, 0x00, 0x00, 0x00, 0x00, 0x00, 
	0x00, 0x00, 0x00, 0x00, 0x00, 0x00, 0x00, 0x00, 
	0x00, 0x00, 0x00, 0x00, 0x00, 0x00, 0x00, 0x01, 
	0x00, 0x00, 0x00, 0x00, 0x00, 0x00, 0x00, 0x00, 
	0x00, 0x00, 0x00, 0x00, 0x00, 0x00, 0x00, 0x00, 
	0x00, 0x00, 0x00, 0x00, 0x00, 0x00, 0x00, 0x00, 
	0x00, 0x00, 0x00, 0x00, 0x00, 0x00, 0x00, 0x01, 
	0x00, 0x00, 0x00, 0x00, 0x00, 0x00, 0x00, 0x00, 
	0x00, 0x00, 0x00, 0x00, 0x00, 0x00, 0x00, 0x00, 
	0x00, 0x00, 0x00, 0x00, 0x00, 0x00, 0x00, 0x00, 
	0x00, 0x00, 0x00, 0x00, 0x00, 0x00, 0x00, 0x01, 
	0x00, 0x00, 0x00, 0x00, 0x00, 0x00, 0x00, 0x00, 
	0x00, 0x00, 0x00, 0x00, 0x00, 0x00, 0x00, 0x00, 
	0x00, 0x00, 0x00, 0x00, 0x00, 0x00, 0x00, 0x00, 
	0x00, 0x00, 0x00, 0x00, 0x00, 0x00, 0x00, 0x01, 
	0x00, 0x00, 0x00, 0x00, 0x00, 0x00, 0x00, 0x00, 
	0x00, 0x00, 0x00, 0x00, 0x00, 0x00, 0x00, 0x00, 
	0x00, 0x00, 0x00, 0x00, 0x00, 0x00, 0x00, 0x00, 
	0x00, 0x00, 0x00, 0x00, 0x00, 0x00, 0x00, 0x01, 
	0x00, 0x00, 0x00, 0x00, 0x00, 0x00, 0x00, 0x00, 
	0x00, 0x00, 0x00, 0x00, 0x00, 0x00, 0x00, 0x00, 
	0x00, 0x00, 0x00, 0x00, 0x00, 0x00, 0x00, 0x00, 
	0x00, 0x00, 0x00, 0x00, 0x00, 0x00, 0x00, 0x01, 
	0x00, 0x00, 0x00, 0x00, 0x00, 0x00, 0x00, 0x00, 
	0x00, 0x00, 0x00, 0x00, 0x00, 0x00, 0x00, 0x00, 
	0x00, 0x00, 0x00, 0x00, 0x00, 0x00, 0x00, 0x00, 
	0x00, 0x00, 0x00, 0x00, 0x00, 0x00, 0x00, 0x01, 
	0x00, 0x00, 0x00, 0x00, 0x00, 0x00, 0x00, 0x00, 
	0x00, 0x00, 0x00, 0x00, 0x00, 0x00, 0x00, 0x00, 
	0x00, 0x00, 0x00, 0x00, 0x00, 0x00, 0x00, 0x00, 
	0x00, 0x00, 0x00, 0x00, 0x00, 0x00, 0x00, 0x01, 
	0x01, 0x01, 0x01, 0x01, 0x01, 0x01, 0x01, 0x01, 
	0x01, 0x01, 0x01, 0x01, 0x01, 0x01, 0x01, 0x01, 
	0x01, 0x01, 0x01, 0x01, 0x01, 0x01, 0x01, 0x01, 
	0x01, 0x01, 0x01, 0x01, 0x01, 0x01, 0x01, 0x01, 
	0x02, 0x02, 0x02, 0x02, 0x02, 0x02, 0x02, 0x02, 
	0x02, 0x02, 0x02, 0x02, 0x02, 0x02, 0x02, 0x01, 
	0x02, 0x02, 0x02, 0x02, 0x02, 0x02, 0x02, 0x02, 
	0x02, 0x02, 0x02, 0x02, 0x02, 0x02, 0x02, 0x02, 
	0x00, 0x00, 0x00, 0x00, 0x00, 0x00, 0x00, 0x00, 
	0x00, 0x00, 0x00, 0x00, 0x00, 0x00, 0x00, 0x01, 
	0x00, 0x00, 0x00, 0x00, 0x00, 0x00, 0x00, 0x00, 
	0x00, 0x00, 0x00, 0x00, 0x00, 0x00, 0x00, 0x00, 
	0x00, 0x00, 0x00, 0x00, 0x00, 0x00, 0x00, 0x00, 
	0x00, 0x00, 0x00, 0x00, 0x00, 0x00, 0x00, 0x01, 
	0x00, 0x00, 0x00, 0x00, 0x00, 0x00, 0x00, 0x00, 
	0x00, 0x00, 0x00, 0x00, 0x00, 0x00, 0x00, 0x00, 
	0x00, 0x00, 0x00, 0x00, 0x00, 0x00, 0x00, 0x00, 
	0x00, 0x00, 0x00, 0x00, 0x00, 0x00, 0x00, 0x01, 
	0x00, 0x00, 0x00, 0x00, 0x00, 0x00, 0x00, 0x00, 
	0x00, 0x00, 0x00, 0x00, 0x00, 0x00, 0x00, 0x00, 
	0x00, 0x00, 0x00, 0x00, 0x00, 0x00, 0x00, 0x00, 
	0x00, 0x00, 0x00, 0x00, 0x00, 0x00, 0x00, 0x01, 
	0x00, 0x00, 0x00, 0x00, 0x00, 0x00, 0x00, 0x00, 
	0x00, 0x00, 0x00, 0x00, 0x00, 0x00, 0x00, 0x00, 
	0x00, 0x00, 0x00, 0x00, 0x00, 0x00, 0x00, 0x00, 
	0x00, 0x00, 0x00, 0x00, 0x00, 0x00, 0x00, 0x01, 
	0x00, 0x00, 0x00, 0x00, 0x00, 0x00, 0x00, 0x00, 
	0x00, 0x00, 0x00, 0x00, 0x00, 0x00, 0x00, 0x00, 
	0x00, 0x00, 0x00, 0x00, 0x00, 0x00, 0x00, 0x00, 
	0x00, 0x00, 0x00, 0x00, 0x00, 0x00, 0x00, 0x01, 
	0x00, 0x00, 0x00, 0x00, 0x00, 0x00, 0x00, 0x00, 
	0x00, 0x00, 0x00, 0x00, 0x00, 0x00, 0x00, 0x00, 
	0x00, 0x00, 0x00, 0x00, 0x00, 0x00, 0x00, 0x00, 
	0x00, 0x00, 0x00, 0x00, 0x00, 0x00, 0x00, 0x03, 
	0x00, 0x00, 0x02, 0x02, 0x00, 0x00, 0x00, 0x00, 
	0x00, 0x02, 0x02, 0x02, 0x02, 0x00, 0x00, 0x00, 
	0x00, 0x00, 0x00, 0x00, 0x00, 0x00, 0x00, 0x00, 
	0x00, 0x00, 0x00, 0x00, 0x00, 0x00, 0x00, 0x03, 
	0x00, 0x00, 0x00, 0x00, 0x02, 0x02, 0x02, 0x02, 
	0x02, 0x00, 0x00, 0x00, 0x00, 0x00, 0x00, 0x00, 
	0x00, 0x02, 0x02, 0x02, 0x02, 0x00, 0x00, 0x00, 
	0x00, 0x00, 0x00, 0x00, 0x00, 0x00, 0x02, 0x03, 
	0x00, 0x00, 0x00, 0x00, 0x00, 0x00, 0x00, 0x00, 
	0x00, 0x02, 0x02, 0x02, 0x00, 0x00, 0x00, 0x00, 
	0x04, 0x05, 0x02, 0x05, 0x05, 0x05, 0x05, 0x04, 
	0x05, 0x05, 0x00, 0x00, 0x04, 0x00, 0x05, 0x03, 
	0x00, 0x00, 0x00, 0x00, 0x02, 0x04, 0x00, 0x04, 
	0x00, 0x04, 0x04, 0x04, 0x02, 0x02, 0x04, 0x00, 
	0x05, 0x04, 0x04, 0x04, 0x04, 0x04, 0x05, 0x04, 
	0x05, 0x05, 0x04, 0x04, 0x04, 0x04, 0x05, 0x06, 
	0x00, 0x05, 0x04, 0x04, 0x05, 0x04, 0x05, 0x05, 
	0x05, 0x05, 0x04, 0x04, 0x04, 0x04, 0x05, 0x05, 
	0x05, 0x05, 0x04, 0x04, 0x05, 0x05, 0x05, 0x04, 
	0x04, 0x05, 0x05, 0x05, 0x05, 0x04, 0x05, 0x06, 
	0x00, 0x05, 0x04, 0x05, 0x05, 0x04, 0x05, 0x05, 
	0x05, 0x05, 0x05, 0x05, 0x05, 0x04, 0x04, 0x04, 
	0x04, 0x04, 0x05, 0x04, 0x04, 0x04, 0x04, 0x04, 
	0x04, 0x04, 0x04, 0x05, 0x04, 0x04, 0x05, 0x06, 
	0x04, 0x05, 0x04, 0x05, 0x05, 0x04, 0x05, 0x05, 
	0x04, 0x04, 0x04, 0x05, 0x04, 0x04, 0x04, 0x04, 
	0x04, 0x04, 0x04, 0x04, 0x04, 0x04, 0x04, 0x04, 
	0x04, 0x04, 0x04, 0x04, 0x04, 0x04, 0x05, 0x06, 
	0x04, 0x04, 0x04, 0x04, 0x04, 0x04, 0x04, 0x04, 
	0x04, 0x04, 0x04, 0x04, 0x04, 0x04, 0x04, 0x04, 
	0x06, 0x06, 0x06, 0x06, 0x06, 0x06, 0x06, 0x06, 
	0x06, 0x06, 0x06, 0x06, 0x06, 0x06, 0x06, 0x06, 
	0x06, 0x06, 0x06, 0x06, 0x06, 0x06, 0x06, 0x06, 
	0x06, 0x06, 0x06, 0x06, 0x06, 0x06, 0x06, 0x06, 
	0x07, 0x07, 0x07, 0x07, 0x07, 0x07, 0x07, 0x07, 
	0x07, 0x07, 0x07, 0x07, 0x07, 0x07, 0x07, 0x07, 
	0x07, 0x08, 0x08, 0x08, 0x07, 0x07, 0x07, 0x07, 
	0x07, 0x07, 0x07, 0x07, 0x07, 0x07, 0x07, 0x06, 
	0x05, 0x05, 0x05, 0x05, 0x05, 0x05, 0x05, 0x05, 
	0x05, 0x05, 0x05, 0x05, 0x05, 0x05, 0x05, 0x05, 
	0x05, 0x05, 0x05, 0x05, 0x05, 0x05, 0x05, 0x05, 
	0x05, 0x05, 0x05, 0x05, 0x05, 0x05, 0x07, 0x06, 
	0x05, 0x05, 0x05, 0x09, 0x05, 0x07, 0x05, 0x05, 
	0x05, 0x05, 0x05, 0x05, 0x05, 0x05, 0x05, 0x05, 
	0x09, 0x05, 0x05, 0x09, 0x09, 0x05, 0x05, 0x05, 
	0x05, 0x05, 0x05, 0x05, 0x05, 0x05, 0x0a, 0x06, 
	0x0b, 0x05, 0x0a, 0x0a, 0x0b, 0x0b, 0x0b, 0x05, 
	0x05, 0x0a, 0x05, 0x05, 0x05, 0x05, 0x05, 0x0b, 
	0x05, 0x05, 0x05, 0x05, 0x05, 0x05, 0x0b, 0x0a, 
	0x0a, 0x05, 0x05, 0x0a, 0x05, 0x0b, 0x0a, 0x06, 
	0x0b, 0x05, 0x0a, 0x0a, 0x0a, 0x05, 0x0a, 0x0a, 
	0x0a, 0x05, 0x05, 0x0b, 0x09, 0x09, 0x05, 0x0b, 
	0x0b, 0x0b, 0x09, 0x0b, 0x0b, 0x0b, 0x0a, 0x0a, 
	0x09, 0x05, 0x0b, 0x0b, 0x0b, 0x05, 0x0a, 0x06, 
	0x0b, 0x0b, 0x0b, 0x0b, 0x09, 0x0b, 0x0b, 0x0b, 
	0x0b, 0x0a, 0x0a, 0x0b, 0x09, 0x0b, 0x09, 0x09, 
	0x0b, 0x09, 0x0b, 0x0b, 0x0b, 0x0b, 0x0b, 0x0a, 
	0x09, 0x09, 0x0b, 0x0b, 0x09, 0x05, 0x0a, 0x06, 
	0x0b, 0x0b, 0x0b, 0x0b, 0x09, 0x0b, 0x0b, 0x0b, 
	0x0b, 0x0b, 0x09, 0x0a, 0x0b, 0x0b, 0x0b, 0x0b, 
	0x0b, 0x09, 0x0b, 0x0b, 0x0b, 0x0b, 0x0b, 0x0b, 
	0x0b, 0x09, 0x09, 0x0b, 0x0b, 0x0b, 0x0a, 0x06, 
	0x0b, 0x0b, 0x0b, 0x09, 0x0a, 0x0b, 0x0b, 0x0a, 
	0x0a, 0x0b, 0x0b, 0x0b, 0x0b, 0x0a, 0x0b, 0x0b, 
	0x0b, 0x09, 0x09, 0x0b, 0x0b, 0x0b, 0x09, 0x09, 
	0x0b, 0x0b, 0x0b, 0x09, 0x09, 0x0a, 0x0a, 0x06, 
	0x0b, 0x0b, 0x0b, 0x09, 0x09, 0x0b, 0x0b, 0x0b, 
	0x09, 0x09, 0x0b, 0x0b, 0x0a, 0x0b, 0x0b, 0x09, 
	0x09, 0x09, 0x0b, 0x0b, 0x0b, 0x0b, 0x0b, 0x0b, 
	0x0a, 0x0a, 0x0b, 0x0b, 0x0b, 0x0b, 0x0a, 0x06, 
	0x0b, 0x0b, 0x0b, 0x0a, 0x0b, 0x0b, 0x0a, 0x0a, 
	0x0b, 0x0b, 0x0a, 0x0b, 0x0b, 0x0b, 0x0b, 0x09, 
	0x0a, 0x0a, 0x09, 0x0a, 0x0b, 0x0b, 0x0a, 0x0c, 
	0x0b, 0x0b, 0x0a, 0x0a, 0x0a, 0x0b, 0x0c, 0x06, 
	0x0b, 0x0b, 0x0a, 0x0a, 0x0a, 0x0a, 0x0b, 0x0a, 
	0x0a, 0x0a, 0x09, 0x09, 0x0a, 0x0d, 0x0c, 0x0a, 
	0x0c, 0x0c, 0x0c, 0x0a, 0x0a, 0x0c, 0x0c, 0x0c, 
	0x0b, 0x0b, 0x0b, 0x0a, 0x0b, 0x0b, 0x0c, 0x06, 
	0x0b, 0x0b, 0x0d, 0x0d, 0x0a, 0x0a, 0x0e, 0x0d, 
	0x0d, 0x0a, 0x0a, 0x0a, 0x0d, 0x0d, 0x0a, 0x0e, 
	0x0b, 0x09, 0x0a, 0x0a, 0x0a, 0x0d, 0x0c, 0x0a, 
	0x0b, 0x09, 0x0c, 0x0d, 0x0c, 0x0a, 0x0c, 0x06, 
	0x0b, 0x0c, 0x0e, 0x0d, 0x0d, 0x0d, 0x0d, 0x0e, 
	0x0e, 0x0d, 0x0d, 0x0d, 0x0e, 0x0e, 0x0e, 0x0b, 
	0x0b, 0x09, 0x0e, 0x0e, 0x0e, 0x0a, 0x0a, 0x0b, 
	0x0b, 0x0d, 0x0e, 0x0e, 0x0e, 0x0a, 0x0d, 0x06, 
	0x0b, 0x0a, 0x0e, 0x0e, 0x0e, 0x0e, 0x0e, 0x0e, 
	0x0e, 0x0e, 0x0e, 0x0e, 0x0e, 0x0e, 0x0e, 0x0e, 
	0x09, 0x0b, 0x09, 0x0e, 0x0e, 0x0b, 0x0b, 0x0b, 
	0x0b, 0x0e, 0x0d, 0x0d, 0x0d, 0x0e, 0x0d, 0x06, 
	0x0b, 0x0b, 0x0b, 0x0b, 0x0b, 0x0b, 0x0b, 0x0b, 
	0x0b, 0x0b, 0x0b, 0x0b, 0x0b, 0x0b, 0x0b, 0x0b, 
	0x0b, 0x0b, 0x0b, 0x0b, 0x0b, 0x0b, 0x0b, 0x0b, 
	0x0b, 0x0b, 0x0b, 0x0b, 0x0b, 0x0b, 0x0a, 0x06, 
	0x06, 0x06, 0x06, 0x06, 0x06, 0x06, 0x06, 0x06, 
	0x06, 0x06, 0x06, 0x06, 0x06, 0x06, 0x06, 0x06, 
	0x06, 0x06, 0x06, 0x06, 0x06, 0x06, 0x06, 0x06, 
	0x06, 0x06, 0x06, 0x06, 0x0f, 0x06, 0x0f, 0x0f, 
	0x0e, 0x0e, 0x0e, 0x0e, 0x0e, 0x0e, 0x0e, 0x0e, 
	0x0e, 0x0e, 0x0e, 0x0e, 0x0e, 0x0d, 0x0d, 0x0f, 
	0x09, 0x0e, 0x0e, 0x0e, 0x0d, 0x0d, 0x0d, 0x0d, 
	0x0e, 0x0e, 0x0d, 0x0d, 0x0d, 0x0e, 0x0e, 0x0e, 
	0x0e, 0x0e, 0x0e, 0x0e, 0x0e, 0x0d, 0x0d, 0x0d, 
	0x0d, 0x0d, 0x0d, 0x0d, 0x0d, 0x0d, 0x0e, 0x0f, 
	0x09, 0x0d, 0x0e, 0x0e, 0x0e, 0x0d, 0x0e, 0x0e, 
	0x0e, 0x0d, 0x0d, 0x0e, 0x0e, 0x0d, 0x0d, 0x0e, 
	0x0e, 0x0e, 0x0e, 0x0e, 0x0e, 0x0e, 0x0e, 0x0e, 
	0x0e, 0x0d, 0x0d, 0x0e, 0x0e, 0x0e, 0x0e, 0x0f, 
	0x09, 0x0d, 0x0d, 0x0e, 0x0d, 0x0e, 0x0e, 0x0e, 
	0x0e, 0x0e, 0x0d, 0x0d, 0x0d, 0x0d, 0x0e, 0x0e, 
	0x0e, 0x0e, 0x0e, 0x0e, 0x0e, 0x0d, 0x0d, 0x0e, 
	0x0e, 0x0e, 0x0d, 0x0e, 0x0e, 0x0e, 0x0e, 0x0f, 
	0x09, 0x0e, 0x0e, 0x0d, 0x0e, 0x0d, 0x0d, 0x0e, 
	0x0d, 0x0d, 0x0d, 0x0d, 0x0e, 0x0e, 0x0e, 0x0e, 
	0x0e, 0x0d, 0x0d, 0x0d, 0x0d, 0x0e, 0x0e, 0x0d, 
	0x0d, 0x0e, 0x0e, 0x0e, 0x0e, 0x0e, 0x0e, 0x0f, 
	0x09, 0x0d, 0x0e, 0x0e, 0x0e, 0x0e, 0x0e, 0x0e, 
	0x0e, 0x0e, 0x0e, 0x0d, 0x0d, 0x0d, 0x0d, 0x0d, 
	0x10, 0x0e, 0x0e, 0x0e, 0x0e, 0x0e, 0x0e, 0x0e, 
	0x0e, 0x0e, 0x0e, 0x0e, 0x0e, 0x0e, 0x0e, 0x0f, 
	0x09, 0x0d, 0x0d, 0x0d, 0x0e, 0x0e, 0x0d, 0x0e, 
	0x0d, 0x0d, 0x0e, 0x0e, 0x0e, 0x0e, 0x0e, 0x0d, 
	0x0d, 0x0d, 0x0e, 0x0e, 0x0d, 0x0d, 0x0e, 0x0e, 
	0x0e, 0x0e, 0x0e, 0x0e, 0x0e, 0x0e, 0x0e, 0x06, 
	0x09, 0x0e, 0x0e, 0x0d, 0x0d, 0x0e, 0x0d, 0x0e, 
	0x0e, 0x0d, 0x0e, 0x10, 0x11, 0x0d, 0x12, 0x12, 
	0x0e, 0x0e, 0x0e, 0x0e, 0x0d, 0x10, 0x0d, 0x0e, 
	0x0d, 0x0d, 0x0d, 0x0e, 0x0e, 0x0e, 0x0e, 0x13, 
	0x09, 0x0d, 0x0e, 0x0e, 0x0e, 0x0e, 0x0e, 0x0d, 
	0x0e, 0x0d, 0x14, 0x14, 0x0d, 0x0e, 0x0d, 0x0d, 
	0x0e, 0x10, 0x10, 0x0d, 0x10, 0x0e, 0x10, 0x10, 
	0x10, 0x0d, 0x0e, 0x0e, 0x0e, 0x0e, 0x0d, 0x15, 
	0x16, 0x0d, 0x0e, 0x10, 0x17, 0x0d, 0x0d, 0x14, 
	0x0d, 0x0e, 0x0e, 0x11, 0x18, 0x10, 0x0e, 0x0e, 
	0x0e, 0x0e, 0x0e, 0x14, 0x14, 0x11, 0x12, 0x12, 
	0x19, 0x12, 0x19, 0x11, 0x0e, 0x0e, 0x11, 0x15, 
	0x0e, 0x1a, 0x0e, 0x12, 0x18, 0x11, 0x12, 0x11, 
	0x14, 0x14, 0x11, 0x11, 0x11, 0x12, 0x12, 0x19, 
	0x14, 0x14, 0x11, 0x11, 0x11, 0x11, 0x11, 0x12, 
	0x12, 0x11, 0x11, 0x1a, 0x19, 0x11, 0x11, 0x1b, 
	0x0e, 0x11, 0x12, 0x11, 0x18, 0x1c, 0x12, 0x11, 
	0x11, 0x11, 0x14, 0x14, 0x11, 0x11, 0x19, 0x12, 
	0x11, 0x1d, 0x14, 0x14, 0x14, 0x14, 0x11, 0x1d, 
	0x11, 0x12, 0x12, 0x12, 0x1d, 0x0d, 0x1d, 0x1e, 
	0x0e, 0x11, 0x12, 0x12, 0x1c, 0x1c, 0x14, 0x14, 
	0x14, 0x12, 0x11, 0x11, 0x14, 0x12, 0x11, 0x11, 
	0x1f, 0x14, 0x1f, 0x1f, 0x1f, 0x1f, 0x20, 0x20, 
	0x1f, 0x1a, 0x1a, 0x1a, 0x1a, 0x10, 0x14, 0x21, 
	0x0e, 0x11, 0x11, 0x11, 0x14, 0x12, 0x1f, 0x14, 
	0x11, 0x1f, 0x12, 0x14, 0x1d, 0x1f, 0x1f, 0x1f, 
	0x1f, 0x1f, 0x1f, 0x12, 0x12, 0x12, 0x1a, 0x1f, 
	0x1f, 0x1f, 0x1f, 0x1f, 0x12, 0x12, 0x1a, 0x22, 
	0x11, 0x19, 0x1f, 0x1f, 0x12, 0x10, 0x1f, 0x12, 
	0x14, 0x14, 0x14, 0x12, 0x1f, 0x1f, 0x12, 0x14, 
	0x11, 0x11, 0x11, 0x11, 0x11, 0x11, 0x11, 0x11, 
	0x11, 0x11, 0x11, 0x11, 0x11, 0x11, 0x19, 0x23, 
	0x24, 0x11, 0x11, 0x11, 0x11, 0x11, 0x11, 0x11, 
	0x11, 0x11, 0x11, 0x11, 0x11, 0x11, 0x11, 0x11, 
	0x21, 0x21, 0x21, 0x21, 0x21, 0x21, 0x21, 0x21, 
	0x21, 0x21, 0x21, 0x21, 0x21, 0x21, 0x21, 0x21, 
	0x21, 0x21, 0x21, 0x21, 0x21, 0x21, 0x21, 0x21, 
	0x21, 0x21, 0x21, 0x21, 0x21, 0x21, 0x21, 0x21, 
	
};

Gfx ttc_dl_beta_wall_real_2_pal_rgba16_aligner[] = {gsSPEndDisplayList()};
u8 ttc_dl_beta_wall_real_2_pal_rgba16[] = {
	0x08, 0x75, 0x00, 0x33, 0x08, 0xb5, 0x00, 0x35, 
	0x08, 0x77, 0x08, 0xb7, 0x00, 0x75, 0x10, 0xf7, 
	0x08, 0xf7, 0x08, 0xf9, 0x10, 0xf9, 0x08, 0xb9, 
	0x11, 0x39, 0x11, 0x3b, 0x10, 0xfb, 0x00, 0x77, 
	0x19, 0x7b, 0x19, 0x3b, 0x21, 0xbd, 0x00, 0x73, 
	0x19, 0x7d, 0x00, 0x71, 0x08, 0xfb, 0x21, 0xbb, 
	0x2a, 0x3d, 0x21, 0x7b, 0x21, 0x7d, 0x00, 0x6f, 
	0x21, 0xfd, 0x19, 0x3d, 0x08, 0xb3, 0x29, 0xfd, 
	0x3a, 0x7d, 0x08, 0x6d, 0x08, 0xb1, 0x08, 0xad, 
	0x19, 0x39, 
};

Gfx ttc_dl_peach_bottom_rgba16_aligner[] = {gsSPEndDisplayList()};
u8 ttc_dl_peach_bottom_rgba16[] = {
	0xa8, 0x81, 0xd0, 0xc1, 0xc0, 0x41, 0xf1, 0xc1, 
	0x08, 0x01, 0x63, 0x7b, 0x63, 0x7b, 0x5b, 0x3b, 
	0x53, 0x3b, 0x5b, 0x7b, 0x5b, 0x7d, 0x5b, 0x3d, 
	0xb4, 0xa5, 0xf5, 0x93, 0xed, 0x11, 0xed, 0x11, 
	0xed, 0x11, 0xed, 0x51, 0xe4, 0xcf, 0x82, 0xcd, 
	0x82, 0xcf, 0x9c, 0x61, 0xff, 0xff, 0xd6, 0xb7, 
	0x7c, 0xa9, 0x85, 0x2f, 0xb5, 0x6b, 0xbc, 0x99, 
	0xfe, 0x21, 0xfe, 0x21, 0xfe, 0x21, 0xfe, 0x21, 
	0xfe, 0x21, 0xfe, 0x21, 0xfd, 0xe1, 0xbc, 0x9b, 
	0xde, 0xf7, 0x7d, 0xf9, 0x44, 0xb1, 0x5b, 0xe5, 
	0xd6, 0xb7, 0x8b, 0x97, 0xc4, 0x99, 0xbc, 0x51, 
	0xed, 0x11, 0xed, 0x0f, 0xed, 0x0f, 0xed, 0x0f, 
	0xed, 0x0f, 0xe5, 0x11, 0xcc, 0x4f, 0xb3, 0x89, 
	0x7a, 0x05, 0x9b, 0x0d, 0xcc, 0x4b, 0xcc, 0x05, 
	0x8b, 0x5f, 0x42, 0xbf, 0x4a, 0xbf, 0xfb, 0x81, 
	0xe9, 0x41, 0xfc, 0x01, 0x88, 0x01, 0x88, 0x01, 
	0xa8, 0x81, 0xd0, 0xc1, 0xb8, 0x41, 0xe9, 0x81, 
	0x08, 0x01, 0x63, 0x7b, 0x5b, 0x7b, 0x5b, 0x3b, 
	0x5b, 0x3b, 0x63, 0x7b, 0x6b, 0xbd, 0x5b, 0x7d, 
	0x7b, 0x67, 0xf5, 0x93, 0xed, 0x51, 0xed, 0x11, 
	0xed, 0x11, 0xed, 0x11, 0xed, 0x11, 0xbc, 0x13, 
	0xd4, 0xdb, 0xac, 0xe3, 0xf7, 0xff, 0x73, 0xdf, 
	0x32, 0x9b, 0x1a, 0xdf, 0x63, 0xe3, 0x8b, 0x97, 
	0xfd, 0xe1, 0xfe, 0x21, 0xfe, 0x21, 0xfe, 0x21, 
	0xfe, 0x21, 0xfe, 0x21, 0xed, 0x5d, 0xbd, 0x23, 
	0xd7, 0x3b, 0x3c, 0x2b, 0x08, 0x45, 0x4a, 0x95, 
	0xa5, 0x2b, 0xb4, 0x9d, 0xf5, 0xdf, 0xe4, 0xd1, 
	0xed, 0x0f, 0xed, 0x0f, 0xed, 0x0f, 0xed, 0x0f, 
	0xed, 0x0f, 0xdc, 0xcf, 0xc4, 0x0b, 0xcc, 0x4d, 
	0xc3, 0xcb, 0xe4, 0x8b, 0xbb, 0xc7, 0xa3, 0x49, 
	0x52, 0xb3, 0x42, 0xbf, 0x4a, 0xfb, 0xfb, 0xc1, 
	0xe1, 0x41, 0xfc, 0x01, 0x88, 0x01, 0x88, 0x01, 
	0xa8, 0x81, 0xd0, 0xc1, 0xb8, 0x41, 0xe9, 0x81, 
	0x08, 0x01, 0x5b, 0x3b, 0x53, 0x39, 0x5b, 0x39, 
	0x5b, 0x3b, 0x63, 0xbb, 0x63, 0xbb, 0x5b, 0x7b, 
	0x52, 0xf3, 0xbc, 0x9d, 0xf5, 0x53, 0xed, 0x0f, 
	0xed, 0x11, 0xed, 0x11, 0xed, 0x11, 0xc4, 0x51, 
	0xe5, 0x1b, 0xbd, 0x23, 0xe7, 0x39, 0x5b, 0x5b, 
	0x3a, 0x11, 0x11, 0x4f, 0x64, 0x69, 0xc5, 0x23, 
	0xf5, 0x9f, 0xfe, 0x21, 0xfe, 0x21, 0xfe, 0x21, 
	0xfe, 0x21, 0xfe, 0x21, 0xdd, 0x5d, 0xd6, 0x71, 
	0xe7, 0x7b, 0x4c, 0x27, 0x1a, 0x59, 0x32, 0xdb, 
	0xad, 0x27, 0xd5, 0x1d, 0xed, 0x57, 0xe4, 0xcf, 
	0xed, 0x0f, 0xed, 0x0f, 0xed, 0x0f, 0xed, 0x0f, 
	0xe4, 0xcf, 0xd4, 0x8d, 0xe4, 0xcf, 0xed, 0x11, 
	0xe4, 0xcd, 0xc4, 0x09, 0xb3, 0x85, 0x7a, 0x95, 
	0x42, 0x7b, 0x4a, 0xbd, 0x4a, 0xbd, 0xfc, 0x01, 
	0xe9, 0x41, 0xfb, 0x81, 0x88, 0x01, 0x88, 0x01, 
	0xa8, 0x81, 0xd0, 0xc1, 0xb8, 0x41, 0xf1, 0xc1, 
	0x08, 0x01, 0x4a, 0xb9, 0x52, 0xf9, 0x52, 0xf9, 
	0x5b, 0x39, 0x5b, 0x3b, 0x5b, 0x7b, 0x63, 0x7d, 
	0x5b, 0x7f, 0x73, 0x6b, 0xed, 0x11, 0xed, 0x0f, 
	0xed, 0x11, 0xed, 0x11, 0xed, 0x0f, 0xe5, 0x0f, 
	0xdc, 0xd3, 0xdd, 0x61, 0xff, 0xbd, 0x8c, 0xa5, 
	0x33, 0xa7, 0x2b, 0x63, 0x84, 0xa7, 0xf6, 0xef, 
	0xfd, 0xdf, 0xfe, 0x21, 0xfe, 0x21, 0xfe, 0x21, 
	0xfe, 0x21, 0xfd, 0xe1, 0xf5, 0xe1, 0xff, 0x35, 
	0xff, 0xff, 0xbe, 0x31, 0x7c, 0xa9, 0xad, 0xad, 
	0xe6, 0xb1, 0xe5, 0x59, 0xed, 0x0f, 0xed, 0x0f, 
	0xed, 0x0f, 0xed, 0x0f, 0xe4, 0xcf, 0xe4, 0xcf, 
	0xe4, 0xcf, 0xed, 0x0f, 0xed, 0x51, 0xe5, 0x11, 
	0xc4, 0x0b, 0xb3, 0xc7, 0xa3, 0x4b, 0x52, 0xb3, 
	0x4a, 0xbd, 0x4a, 0xb9, 0x42, 0xbd, 0xfb, 0xc1, 
	0xe1, 0x41, 0xfb, 0x81, 0x88, 0x01, 0x88, 0x01, 
	0xa8, 0x81, 0xd0, 0xc1, 0xb8, 0x41, 0xf1, 0xc1, 
	0x08, 0x01, 0x42, 0xb7, 0x42, 0xb7, 0x4a, 0xb7, 
	0x52, 0xf9, 0x52, 0xfb, 0x5b, 0x39, 0x6b, 0xb7, 
	0x7b, 0xaf, 0xc4, 0x97, 0xed, 0x0f, 0xed, 0x11, 
	0xdc, 0xcf, 0xe5, 0x0f, 0xed, 0x11, 0xed, 0x0f, 
	0xdc, 0xcf, 0xdd, 0x19, 0xf6, 0xb1, 0xe6, 0xf5, 
	0xad, 0x69, 0xa4, 0xe7, 0xef, 0x37, 0xfe, 0xed, 
	0xfd, 0xdf, 0xfe, 0x21, 0xfe, 0x21, 0xfe, 0x21, 
	0xfe, 0x21, 0xfd, 0xe1, 0xfd, 0xe1, 0xfe, 0x25, 
	0xdd, 0xe7, 0xcd, 0xeb, 0xde, 0x2b, 0xde, 0x2f, 
	0xed, 0xe3, 0xe4, 0xd1, 0xed, 0x0f, 0xed, 0x0f, 
	0xed, 0x0f, 0xe4, 0xcd, 0xc4, 0x11, 0xe5, 0x13, 
	0xed, 0x11, 0xed, 0x11, 0xe5, 0x11, 0xcc, 0x4f, 
	0xbb, 0xc9, 0xbb, 0xc7, 0x6a, 0xe3, 0x42, 0x7f, 
	0x42, 0xbb, 0x42, 0x7b, 0x42, 0x7d, 0xfc, 0x01, 
	0xe1, 0x41, 0xfb, 0x81, 0x88, 0x01, 0x88, 0x01, 
	0xa8, 0x81, 0xd9, 0x01, 0xc0, 0x41, 0xf1, 0xc1, 
	0x08, 0x01, 0x3a, 0x35, 0x42, 0x77, 0x4a, 0xb9, 
	0x52, 0xf5, 0x83, 0xa5, 0xb4, 0x59, 0xcc, 0x95, 
	0xe5, 0x11, 0xf5, 0x0f, 0xed, 0x11, 0xe5, 0x0f, 
	0xbc, 0x11, 0xbc, 0x11, 0xe5, 0x0f, 0xed, 0x11, 
	0xed, 0x0f, 0xdc, 0xcf, 0xe5, 0x15, 0xe5, 0x5d, 
	0xed, 0xe3, 0xf6, 0x69, 0xed, 0xe1, 0xfd, 0xdf, 
	0xfd, 0xe1, 0xfd, 0xe1, 0xfd, 0xe1, 0xf5, 0xe1, 
	0xf5, 0xe1, 0xf5, 0xe1, 0xfd, 0xe1, 0xfe, 0x21, 
	0xfd, 0xdf, 0xf5, 0x9f, 0xf5, 0x9f, 0xf5, 0x9d, 
	0xed, 0x11, 0xed, 0x0f, 0xed, 0x0f, 0xed, 0x0f, 
	0xed, 0x0f, 0xc4, 0x4f, 0xd5, 0x1f, 0xe5, 0x15, 
	0xed, 0x53, 0xed, 0x11, 0xdc, 0x8f, 0xcc, 0x4d, 
	0xc4, 0x09, 0x8b, 0x19, 0x3a, 0x7b, 0x3a, 0x7d, 
	0x3a, 0x7b, 0x3a, 0x3b, 0x3a, 0x3b, 0xfc, 0x41, 
	0xe9, 0x41, 0xfb, 0x81, 0x88, 0x01, 0x88, 0x01, 
	0xa8, 0x81, 0xd0, 0xc1, 0xb8, 0x41, 0xf1, 0xc1, 
	0x08, 0x01, 0x31, 0xf5, 0x42, 0x77, 0x42, 0x77, 
	0x42, 0xb7, 0x7b, 0x67, 0xdd, 0x15, 0xfd, 0x4f, 
	0xed, 0x51, 0xed, 0x11, 0xed, 0x11, 0xe4, 0xcf, 
	0xbc, 0x97, 0xc4, 0x9d, 0xcc, 0x4d, 0xed, 0x51, 
	0xed, 0x11, 0xed, 0x0f, 0xed, 0x0f, 0xf5, 0x53, 
	0xf5, 0x9d, 0xfd, 0xdf, 0xfe, 0x21, 0xfe, 0x21, 
	0xfd, 0xe1, 0xfd, 0xe1, 0xf5, 0xe1, 0xd5, 0x1d, 
	0xd5, 0x1d, 0xe5, 0x5f, 0xfd, 0xe1, 0xfd, 0xe1, 
	0xfd, 0xe1, 0xfd, 0xe1, 0xfd, 0xe1, 0xe5, 0x15, 
	0xe5, 0x11, 0xed, 0x0f, 0xed, 0x0f, 0xed, 0x0f, 
	0xe4, 0xcd, 0xcc, 0x97, 0xdd, 0xa5, 0xd4, 0xd1, 
	0xed, 0x51, 0xe4, 0xcf, 0xe4, 0xcf, 0xd4, 0x91, 
	0x93, 0x59, 0x42, 0x77, 0x32, 0x3b, 0x32, 0x39, 
	0x32, 0x39, 0x32, 0x39, 0x31, 0xf7, 0xfc, 0x41, 
	0xe9, 0x41, 0xfb, 0x81, 0x88, 0x01, 0x88, 0x01, 
	0xa8, 0x81, 0xd0, 0x81, 0xb8, 0x41, 0xf1, 0xc1, 
	0x08, 0x01, 0x29, 0xf3, 0x3a, 0x35, 0x32, 0x35, 
	0x3a, 0x77, 0x3a, 0x7b, 0x5a, 0xf1, 0xcc, 0x95, 
	0xed, 0x0f, 0xed, 0x11, 0xed, 0x11, 0xed, 0x11, 
	0xe5, 0x11, 0xed, 0x9b, 0xd4, 0xd3, 0xe5, 0x0f, 
	0xed, 0x11, 0xed, 0x11, 0xd4, 0x8f, 0xb4, 0x0f, 
	0xdd, 0x5b, 0xfe, 0x21, 0xfe, 0x21, 0xfe, 0x21, 
	0xfe, 0x21, 0xfd, 0xe1, 0xfd, 0xe1, 0xf5, 0xdf, 
	0xf5, 0xdf, 0xf5, 0xe1, 0xfd, 0xe1, 0xfd, 0xe1, 
	0xfd, 0xe1, 0xfd, 0xe1, 0xfd, 0xe1, 0xf5, 0xe1, 
	0xf5, 0x9b, 0xed, 0x0f, 0xed, 0x0f, 0xf5, 0x0f, 
	0xa3, 0x8d, 0xb4, 0x5d, 0xb4, 0x57, 0xe5, 0x0f, 
	0xed, 0x0f, 0xed, 0x0f, 0xed, 0x51, 0xc4, 0x55, 
	0x5a, 0xb1, 0x29, 0xfb, 0x31, 0xf7, 0x31, 0xf7, 
	0x31, 0xf7, 0x29, 0xf5, 0x29, 0xb3, 0xfc, 0x41, 
	0xe1, 0x41, 0xfb, 0x81, 0x88, 0x01, 0x88, 0x01, 
	0xa8, 0x81, 0xd0, 0x81, 0xb8, 0x41, 0xe9, 0x81, 
	0x08, 0x01, 0x29, 0xf3, 0x31, 0xf1, 0x29, 0xf1, 
	0x31, 0xf3, 0x42, 0xb7, 0x42, 0xb9, 0x3a, 0x2d, 
	0x7a, 0xcd, 0xed, 0x0f, 0xed, 0x11, 0xed, 0x11, 
	0xed, 0x0f, 0xed, 0x0f, 0xed, 0x17, 0xdc, 0xd1, 
	0xed, 0x0f, 0xf5, 0x51, 0xd4, 0x8f, 0xbc, 0x53, 
	0xfe, 0x21, 0xfe, 0x21, 0xfe, 0x21, 0xfe, 0x21, 
	0xfe, 0x21, 0xfd, 0xe1, 0xfe, 0x21, 0xfe, 0x21, 
	0xfe, 0x21, 0xfe, 0x21, 0xfd, 0xe1, 0xfd, 0xe1, 
	0xfd, 0xe1, 0xfd, 0xe1, 0xfd, 0xe1, 0xf5, 0x9d, 
	0xed, 0x11, 0xed, 0x0f, 0xf4, 0xcb, 0xac, 0x53, 
	0x1b, 0xeb, 0x6b, 0x99, 0xe4, 0xcd, 0xed, 0x0f, 
	0xed, 0x0f, 0xed, 0x11, 0xdc, 0x8f, 0xd4, 0x8d, 
	0xbc, 0x5b, 0x4a, 0xb3, 0x31, 0xf7, 0x29, 0xf5, 
	0x29, 0xb3, 0x21, 0xb3, 0x29, 0xf5, 0xfc, 0x01, 
	0xe9, 0x41, 0xfb, 0x81, 0x88, 0x01, 0x88, 0x01, 
	0xa8, 0x81, 0xd0, 0xc1, 0xb8, 0x41, 0xf1, 0xc1, 
	0x08, 0x01, 0x29, 0xf3, 0x29, 0xb1, 0x29, 0xb1, 
	0x29, 0xf1, 0x32, 0x31, 0x32, 0x33, 0x3a, 0x2d, 
	0xbc, 0x53, 0xed, 0x51, 0xed, 0x11, 0xed, 0x11, 
	0xed, 0x11, 0xed, 0x0f, 0xed, 0x11, 0xd4, 0x91, 
	0xbc, 0x0b, 0xe4, 0xcd, 0xf5, 0x4f, 0xf5, 0x11, 
	0xf5, 0x99, 0xfe, 0x21, 0xfe, 0x21, 0xfe, 0x21, 
	0xfe, 0x21, 0xfe, 0x21, 0xfe, 0x21, 0xf5, 0x9f, 
	0xf5, 0x9f, 0xf5, 0xa1, 0xfd, 0xe1, 0xf5, 0xe1, 
	0xfd, 0xe1, 0xfe, 0x21, 0xfd, 0xdd, 0xe5, 0x11, 
	0xe4, 0xcf, 0xdc, 0x8d, 0xc4, 0xd9, 0x4c, 0xad, 
	0x0c, 0x31, 0x54, 0x23, 0xed, 0x0f, 0xed, 0x0f, 
	0xed, 0x11, 0xe5, 0x11, 0xd4, 0x8d, 0xcc, 0x4d, 
	0xd4, 0x8b, 0xa3, 0xd5, 0x42, 0x2b, 0x29, 0xb5, 
	0x29, 0xb5, 0x29, 0xf5, 0x31, 0xf7, 0xfb, 0xc1, 
	0xe9, 0x41, 0xfb, 0x81, 0x88, 0x01, 0x88, 0x01, 
	0xa8, 0x81, 0xd0, 0x81, 0xb8, 0x41, 0xe9, 0x81, 
	0x08, 0x01, 0x29, 0xb1, 0x29, 0xb1, 0x29, 0xef, 
	0x29, 0xf1, 0x31, 0xef, 0x21, 0xb1, 0x83, 0x1f, 
	0xf5, 0x51, 0xed, 0x51, 0xed, 0x53, 0xed, 0x51, 
	0xed, 0x53, 0xed, 0x51, 0xed, 0x0f, 0xd4, 0x8f, 
	0x63, 0xdd, 0x74, 0x19, 0xbc, 0x4f, 0xe4, 0xcd, 
	0xb3, 0xcd, 0xc4, 0x9b, 0xfe, 0x21, 0xfe, 0x21, 
	0xfd, 0xe1, 0xfe, 0x21, 0xe4, 0x9d, 0xa9, 0x4f, 
	0xa9, 0x4f, 0xb1, 0xd1, 0xed, 0x9f, 0xfe, 0x21, 
	0xfe, 0x21, 0xfe, 0x21, 0xfd, 0xe1, 0xd4, 0x93, 
	0xb4, 0x51, 0x3c, 0x27, 0x75, 0xb7, 0x55, 0x79, 
	0x13, 0xed, 0x43, 0x5d, 0xed, 0x0f, 0xed, 0x0f, 
	0xed, 0x11, 0xed, 0x11, 0xdc, 0xcf, 0xcc, 0x4d, 
	0xbb, 0xcb, 0xd4, 0x8b, 0x83, 0x5f, 0x29, 0xb5, 
	0x32, 0x37, 0x31, 0xf7, 0x31, 0xf7, 0xfb, 0x81, 
	0xe1, 0x41, 0xfb, 0x41, 0x88, 0x01, 0x88, 0x01, 
	0xa8, 0x81, 0xd0, 0xc1, 0xb8, 0x41, 0xf1, 0xc1, 
	0x08, 0x01, 0x29, 0xf1, 0x29, 0xef, 0x29, 0xef, 
	0x29, 0xef, 0x21, 0xb1, 0x31, 0xe9, 0xd4, 0xd3, 
	0xf5, 0x4f, 0xed, 0x53, 0xed, 0x53, 0xed, 0x53, 
	0xed, 0x51, 0xed, 0x11, 0xf5, 0x0f, 0xac, 0x97, 
	0x75, 0xf9, 0x4d, 0x77, 0x24, 0x2b, 0x43, 0x5b, 
	0x39, 0xcd, 0xdd, 0x1b, 0xfe, 0x21, 0xfd, 0xe1, 
	0xfd, 0xe1, 0xfe, 0x21, 0xe4, 0xdd, 0xda, 0x5b, 
	0xda, 0x5b, 0xca, 0x59, 0xe5, 0x5f, 0xfe, 0x21, 
	0xfe, 0x21, 0xfe, 0x21, 0xed, 0x5b, 0xd4, 0x8d, 
	0xd4, 0xd1, 0x44, 0xad, 0x1c, 0xb7, 0x1c, 0x31, 
	0x13, 0x69, 0x94, 0x17, 0xf5, 0x0f, 0xed, 0x11, 
	0xed, 0x0f, 0xed, 0x11, 0xe4, 0xcf, 0xcc, 0x4d, 
	0xbb, 0xcb, 0xcc, 0x4b, 0xc4, 0x51, 0x4a, 0x6b, 
	0x29, 0xf7, 0x29, 0xf5, 0x31, 0xf7, 0xfb, 0x01, 
	0xe9, 0x41, 0xfb, 0xc1, 0x88, 0x01, 0x88, 0x01, 
	0xa8, 0x81, 0xd0, 0xc1, 0xb8, 0x41, 0xf1, 0x81, 
	0x08, 0x01, 0x29, 0xef, 0x29, 0xaf, 0x21, 0xb1, 
	0x29, 0xb1, 0x19, 0x71, 0x6a, 0xe1, 0xf5, 0x4f, 
	0xed, 0x11, 0xed, 0x53, 0xed, 0x53, 0xed, 0x53, 
	0xed, 0x11, 0xed, 0x11, 0xf5, 0x0f, 0xac, 0xdb, 
	0x2c, 0xb5, 0x24, 0xb5, 0x1c, 0x71, 0x0b, 0x27, 
	0x19, 0x8f, 0xa3, 0xd3, 0xfe, 0x21, 0xfd, 0xe1, 
	0xfd, 0xe1, 0xfd, 0xe1, 0xfd, 0xe1, 0xf5, 0x21, 
	0xf5, 0x21, 0xf5, 0x1f, 0xfd, 0xe1, 0xfe, 0x21, 
	0xfe, 0x21, 0xf5, 0xdd, 0xe4, 0xcf, 0xdc, 0x8b, 
	0xe4, 0xcd, 0xc4, 0x93, 0x6c, 0xa5, 0x5c, 0x23, 
	0x9c, 0x9b, 0xe4, 0xcf, 0xec, 0xcf, 0xed, 0x11, 
	0xed, 0x11, 0xed, 0x11, 0xe5, 0x11, 0xcc, 0x4d, 
	0xc4, 0x0b, 0xc4, 0x0b, 0xdc, 0xcd, 0x83, 0x63, 
	0x21, 0xb5, 0x29, 0xf7, 0x29, 0xf7, 0xea, 0x01, 
	0xe1, 0x41, 0xfb, 0xc1, 0x88, 0x01, 0x88, 0x01, 
	0xa8, 0x81, 0xd0, 0xc1, 0xb8, 0x41, 0xf1, 0x81, 
	0x08, 0x01, 0x21, 0xb1, 0x21, 0xb1, 0x21, 0xb1, 
	0x29, 0xb1, 0x21, 0x6d, 0xab, 0xd9, 0xf5, 0x4f, 
	0xed, 0x51, 0xed, 0x53, 0xed, 0x53, 0xed, 0x51, 
	0xed, 0x11, 0xed, 0x11, 0xed, 0x11, 0xe5, 0x11, 
	0x64, 0xa7, 0x1c, 0x2f, 0x13, 0x25, 0x53, 0x9d, 
	0xcc, 0x8f, 0xdc, 0xcf, 0xdd, 0x15, 0xf5, 0xdf, 
	0xfe, 0x23, 0xfd, 0xe1, 0xfd, 0xe1, 0xfe, 0x21, 
	0xfe, 0x21, 0xfe, 0x23, 0xfe, 0x23, 0xfe, 0x23, 
	0xf5, 0xe1, 0xe4, 0xd1, 0xdc, 0x8b, 0xdc, 0x8d, 
	0xd4, 0x4b, 0xdc, 0x8b, 0xe4, 0xcd, 0xe4, 0xcd, 
	0xec, 0xcd, 0xe4, 0xcf, 0xed, 0x0f, 0xed, 0x0f, 
	0xed, 0x11, 0xed, 0x11, 0xdc, 0xcf, 0xd4, 0x8d, 
	0xcc, 0x4b, 0xc4, 0x0b, 0xd4, 0x8d, 0xab, 0xd5, 
	0x29, 0xaf, 0x29, 0xb5, 0x29, 0xb7, 0xd0, 0xc1, 
	0xe1, 0x41, 0xfb, 0x41, 0x88, 0x01, 0x88, 0x01, 
	0xa8, 0x81, 0xd9, 0x01, 0xb0, 0x01, 0xf1, 0x81, 
	0x08, 0x01, 0x21, 0xb1, 0x21, 0xb1, 0x29, 0xf1, 
	0x21, 0xb3, 0x31, 0xa9, 0xdc, 0xd3, 0xed, 0x4f, 
	0xed, 0x51, 0xed, 0x51, 0xed, 0x53, 0xed, 0x11, 
	0xed, 0x11, 0xed, 0x11, 0xed, 0x11, 0xed, 0x0f, 
	0xe5, 0x11, 0xac, 0x97, 0xa4, 0x55, 0xdc, 0xd1, 
	0xf5, 0x4f, 0xed, 0x11, 0xe4, 0xcf, 0xb4, 0x11, 
	0xdd, 0x1d, 0xf5, 0xe3, 0xfe, 0x23, 0xfe, 0x25, 
	0xfe, 0x25, 0xfe, 0x25, 0xfe, 0x23, 0xdd, 0x1d, 
	0xb4, 0x11, 0xe4, 0xcd, 0xe4, 0xcd, 0xd4, 0x4b, 
	0xd4, 0x4b, 0xdc, 0x8d, 0xe4, 0xcd, 0xe4, 0xcd, 
	0xe4, 0xcf, 0xed, 0x0f, 0xe5, 0x0f, 0xed, 0x0f, 
	0xed, 0x11, 0xe4, 0xcf, 0xe4, 0xcf, 0xe4, 0xcf, 
	0xd4, 0x4d, 0xcc, 0x4d, 0xbb, 0xc9, 0xcc, 0x4f, 
	0x52, 0x65, 0x21, 0xb5, 0x29, 0xf5, 0xc8, 0x81, 
	0xe9, 0x41, 0xfb, 0xc1, 0x88, 0x01, 0x88, 0x01, 
	0xa8, 0x81, 0xd0, 0xc1, 0xb0, 0x41, 0xf1, 0x81, 
	0x08, 0x01, 0x21, 0xb1, 0x29, 0xb1, 0x29, 0xb1, 
	0x19, 0x73, 0x52, 0x23, 0xed, 0x11, 0xed, 0x0f, 
	0xed, 0x51, 0xed, 0x53, 0xed, 0x53, 0xed, 0x11, 
	0xed, 0x11, 0xed, 0x11, 0xed, 0x11, 0xed, 0x11, 
	0xed, 0x0f, 0xf5, 0x0f, 0xf5, 0x0f, 0xed, 0x0f, 
	0xed, 0x11, 0xed, 0x0f, 0xf5, 0x4f, 0xc4, 0x4f, 
	0xb4, 0x13, 0xc4, 0x57, 0xd5, 0x1d, 0xe5, 0xa1, 
	0xe5, 0xa1, 0xdd, 0x5f, 0xc4, 0x99, 0x9b, 0x0b, 
	0xab, 0x8d, 0xed, 0x0f, 0xe4, 0xcd, 0xd4, 0x49, 
	0xdc, 0x8b, 0xe4, 0xcd, 0xe4, 0xcf, 0xe4, 0xcf, 
	0xe5, 0x0f, 0xe4, 0xcf, 0xe5, 0x0f, 0xe5, 0x0f, 
	0xdc, 0xcf, 0xe4, 0xcf, 0xed, 0x0f, 0xe5, 0x0f, 
	0xd4, 0x8d, 0xbb, 0xc9, 0xc4, 0x0b, 0xe4, 0xcf, 
	0x8b, 0xa3, 0x21, 0xb5, 0x29, 0xb5, 0xc8, 0x81, 
	0xe9, 0x41, 0xfb, 0x81, 0x88, 0x01, 0x88, 0x01, 
	0xa8, 0x81, 0xe1, 0x01, 0xb0, 0x01, 0xf1, 0x81, 
	0x10, 0x01, 0x21, 0xb1, 0x29, 0xaf, 0x29, 0xb1, 
	0x19, 0x71, 0x62, 0x5f, 0xed, 0x51, 0xed, 0x11, 
	0xed, 0x53, 0xed, 0x53, 0xed, 0x51, 0xed, 0x11, 
	0xed, 0x11, 0xed, 0x11, 0xed, 0x11, 0xed, 0x11, 
	0xed, 0x11, 0xed, 0x11, 0xed, 0x0f, 0xdc, 0xd1, 
	0xdc, 0x9b, 0xdc, 0xd7, 0xe5, 0x0f, 0xd4, 0x8f, 
	0xd4, 0xd9, 0xd4, 0xd7, 0xd4, 0xd7, 0xd4, 0x97, 
	0xd4, 0x97, 0xd4, 0xd7, 0xcc, 0x55, 0xab, 0x8d, 
	0x92, 0xc9, 0xc4, 0x4b, 0xbc, 0x0d, 0xd4, 0x51, 
	0xd4, 0x8f, 0xe4, 0xcf, 0xe5, 0x0f, 0xed, 0x0f, 
	0xe4, 0xcf, 0xe4, 0xcf, 0xe5, 0x0f, 0xdc, 0xcd, 
	0xe4, 0xcf, 0xed, 0x0f, 0xed, 0x0f, 0xe4, 0xcf, 
	0xcc, 0x4b, 0xcc, 0x4b, 0xdc, 0x8f, 0xd4, 0x8d, 
	0xc4, 0x57, 0x3a, 0x35, 0x29, 0xb5, 0xc8, 0x81, 
	0xe9, 0x41, 0xfc, 0x41, 0x88, 0x01, 0x88, 0x01, 
	0xa8, 0x81, 0xe1, 0x01, 0xb0, 0x01, 0xe9, 0x81, 
	0x18, 0x41, 0x29, 0xb1, 0x29, 0xaf, 0x21, 0xb1, 
	0x19, 0x71, 0x6a, 0x9f, 0xf5, 0x51, 0xed, 0x11, 
	0xed, 0x53, 0xed, 0x53, 0xed, 0x11, 0xed, 0x11, 
	0xed, 0x11, 0xed, 0x0f, 0xed, 0x0f, 0xed, 0x0f, 
	0xed, 0x0f, 0xed, 0x11, 0xed, 0x11, 0xdc, 0x8f, 
	0xcc, 0xa1, 0xe5, 0xaf, 0xcc, 0x9f, 0xc4, 0x59, 
	0xdc, 0xdd, 0xdd, 0x1b, 0xe5, 0x1b, 0xe5, 0x1b, 
	0xe5, 0x1b, 0xe5, 0x1b, 0xdd, 0x1b, 0xd4, 0x99, 
	0x8a, 0x8f, 0x62, 0x0d, 0xc4, 0x1f, 0xf5, 0x25, 
	0xdc, 0xd1, 0xed, 0x0f, 0xed, 0x0f, 0xe4, 0xcf, 
	0xe5, 0x0f, 0xe5, 0x0f, 0xe4, 0xd1, 0xe5, 0x11, 
	0xed, 0x0f, 0xed, 0x0f, 0xe5, 0x0f, 0xcc, 0x4d, 
	0xd4, 0x4d, 0xe5, 0x0f, 0xd4, 0x8d, 0xcc, 0x4b, 
	0xd4, 0x91, 0x5a, 0xad, 0x21, 0xb7, 0xc8, 0x81, 
	0xe9, 0x41, 0xfc, 0x41, 0x88, 0x01, 0x88, 0x01, 
	0xa8, 0x81, 0xe1, 0x01, 0xb0, 0x01, 0xe9, 0x81, 
	0x10, 0x01, 0x29, 0xad, 0x21, 0xad, 0x21, 0xb1, 
	0x19, 0x6f, 0x83, 0x1b, 0xf5, 0x4f, 0xed, 0x11, 
	0xed, 0x53, 0xed, 0x11, 0xed, 0x11, 0xed, 0x0f, 
	0xe5, 0x0f, 0xed, 0x11, 0xe4, 0xd3, 0xed, 0x15, 
	0xed, 0x13, 0xed, 0x11, 0xed, 0x51, 0xed, 0x0f, 
	0xc4, 0x53, 0xdd, 0x6b, 0xf5, 0xaf, 0xed, 0x6d, 
	0xed, 0x29, 0xe4, 0xe5, 0xdc, 0xe3, 0xed, 0x27, 
	0xed, 0x27, 0xed, 0x27, 0xdc, 0xa3, 0xf5, 0x29, 
	0xf5, 0x6b, 0xed, 0x2b, 0xfd, 0x6d, 0xdc, 0x9f, 
	0xdc, 0xcf, 0xed, 0x0f, 0xe5, 0x0f, 0xe5, 0x0f, 
	0xe4, 0xd3, 0xdc, 0x59, 0xe4, 0xa1, 0xf4, 0xe3, 
	0xf5, 0x21, 0xed, 0x15, 0xdc, 0x8d, 0xd4, 0x8d, 
	0xed, 0x11, 0xe5, 0x0f, 0xcc, 0x4d, 0xc4, 0x0b, 
	0xd4, 0x8d, 0x73, 0x27, 0x19, 0x75, 0xc8, 0x81, 
	0xe9, 0x81, 0xfc, 0x41, 0x88, 0x01, 0x88, 0x01, 
	0xa8, 0x81, 0xe1, 0x01, 0xb0, 0x01, 0xe9, 0x41, 
	0x10, 0x01, 0x29, 0xad, 0x21, 0xb1, 0x29, 0xb3, 
	0x19, 0x2f, 0x8b, 0x59, 0xf5, 0x4f, 0xed, 0x11, 
	0xed, 0x11, 0xed, 0x0f, 0xed, 0x0f, 0xe4, 0xd5, 
	0xe5, 0x1f, 0xed, 0x67, 0xf5, 0x29, 0xf5, 0x29, 
	0xf5, 0x25, 0xed, 0x1b, 0xed, 0x11, 0xed, 0x11, 
	0xc4, 0x55, 0xd4, 0xe9, 0xf5, 0xef, 0xed, 0xad, 
	0xf5, 0xad, 0xf5, 0x6d, 0xf5, 0x6d, 0xf5, 0x6d, 
	0xf5, 0x6d, 0xf5, 0x6f, 0xf5, 0xaf, 0xf5, 0xad, 
	0xf5, 0xad, 0xf5, 0x6d, 0xf5, 0x2b, 0xb3, 0xd5, 
	0xd4, 0xcf, 0xed, 0x51, 0xe5, 0x15, 0xe4, 0x9f, 
	0xd3, 0xdf, 0xd3, 0xe1, 0xe4, 0x65, 0xd3, 0xdf, 
	0xdc, 0x23, 0xf4, 0xe7, 0xe4, 0xd5, 0xed, 0x0f, 
	0xed, 0x11, 0xe4, 0xcf, 0xcc, 0x4d, 0xc4, 0x0b, 
	0xcc, 0x8d, 0x73, 0x29, 0x19, 0x77, 0xc8, 0x81, 
	0xe9, 0x81, 0xfc, 0x81, 0x88, 0x01, 0x88, 0x01, 
	0xa8, 0x81, 0xe9, 0x81, 0xa8, 0x01, 0xe9, 0x41, 
	0x10, 0x01, 0x21, 0xaf, 0x21, 0xb1, 0x29, 0xb1, 
	0x11, 0x2d, 0x8b, 0x9b, 0xfd, 0x91, 0xed, 0x11, 
	0xed, 0x11, 0xe5, 0x0f, 0xe4, 0xdd, 0xe5, 0x6d, 
	0xed, 0xf1, 0xed, 0xaf, 0xed, 0xad, 0xf5, 0x6d, 
	0xf5, 0x6d, 0xf5, 0x2b, 0xec, 0xe3, 0xe4, 0xe1, 
	0xed, 0x2b, 0xed, 0xad, 0xed, 0xad, 0xed, 0xad, 
	0xed, 0xad, 0xf5, 0x6d, 0xf5, 0xa5, 0xf5, 0xe3, 
	0xf5, 0xe3, 0xf5, 0xdf, 0xf5, 0xa3, 0xf5, 0x29, 
	0xfd, 0x2b, 0xfd, 0x2b, 0xfd, 0x2b, 0xe4, 0xa5, 
	0xcc, 0x59, 0xd4, 0x9b, 0xe4, 0xa5, 0xdb, 0xe3, 
	0xdc, 0x63, 0xe4, 0xa7, 0xe4, 0x65, 0xd4, 0x21, 
	0xe4, 0x63, 0xe4, 0x65, 0xec, 0xa5, 0xed, 0x15, 
	0xed, 0x0f, 0xdc, 0xcf, 0xcc, 0x4b, 0xbc, 0x0b, 
	0xdc, 0x8d, 0x8b, 0xa5, 0x19, 0x79, 0xc8, 0x81, 
	0xe9, 0x81, 0xfc, 0x41, 0x88, 0x01, 0x88, 0x01, 
	0xa8, 0x81, 0xf1, 0x81, 0xb0, 0x01, 0xf1, 0xc1, 
	0x08, 0x01, 0x21, 0xb1, 0x21, 0xb1, 0x21, 0xb1, 
	0x29, 0xa5, 0xac, 0x17, 0xf5, 0x51, 0xed, 0x11, 
	0xed, 0x0f, 0xdc, 0xd9, 0xed, 0x6d, 0xed, 0xef, 
	0xed, 0xef, 0xed, 0xef, 0xed, 0xad, 0xed, 0xad, 
	0xf5, 0x6d, 0xf5, 0x6b, 0xf5, 0x2b, 0xf5, 0x2d, 
	0xf5, 0x6d, 0xf5, 0x6d, 0xed, 0xad, 0xf5, 0x6d, 
	0xf5, 0x6b, 0xed, 0xa3, 0xf6, 0xdf, 0xf7, 0x1d, 
	0xf7, 0x1d, 0xff, 0x0d, 0xfe, 0xcb, 0xf6, 0x15, 
	0xfd, 0x67, 0xf5, 0x2b, 0xf5, 0x2b, 0xfd, 0x2b, 
	0xfd, 0x2b, 0xf4, 0xe9, 0xf4, 0xe9, 0xf4, 0xe9, 
	0xf4, 0xe9, 0xec, 0xa9, 0xec, 0xe9, 0xec, 0xe9, 
	0xe4, 0x23, 0xe4, 0x63, 0xe4, 0x25, 0xec, 0xdf, 
	0xed, 0x0f, 0xdc, 0x8d, 0xc4, 0x0b, 0xcc, 0x4b, 
	0xcc, 0x49, 0xa3, 0x99, 0x29, 0xb7, 0xc0, 0x41, 
	0xf1, 0x81, 0xfc, 0x81, 0x88, 0x01, 0x88, 0x01, 
	0xa8, 0x81, 0xf1, 0x81, 0xa0, 0x01, 0xe1, 0x41, 
	0x08, 0x01, 0x21, 0xb1, 0x21, 0xad, 0x21, 0xab, 
	0x4a, 0x61, 0xdd, 0x17, 0xf5, 0x53, 0xed, 0x0f, 
	0xdc, 0x91, 0xdd, 0x29, 0xed, 0xef, 0xed, 0xaf, 
	0xf5, 0xad, 0xf5, 0x6b, 0xf5, 0x6b, 0xf5, 0x6d, 
	0xf5, 0x6d, 0xf5, 0x6b, 0xf5, 0x6b, 0xf5, 0x6b, 
	0xf5, 0x6d, 0xed, 0xad, 0xed, 0xad, 0xf5, 0x2b, 
	0xf5, 0xdd, 0xef, 0x23, 0xf7, 0x27, 0xe6, 0xd7, 
	0xe6, 0xd7, 0xe6, 0x4d, 0xff, 0x09, 0xff, 0x09, 
	0xfe, 0x91, 0xf5, 0x29, 0xfd, 0x2b, 0xfd, 0x29, 
	0xfd, 0x2b, 0xfd, 0x2b, 0xfd, 0x2b, 0xfd, 0x2b, 
	0xfd, 0x2b, 0xf5, 0x2b, 0xf5, 0x2b, 0xec, 0xe9, 
	0xe4, 0x23, 0xe4, 0x21, 0xe4, 0x23, 0xec, 0xa5, 
	0xed, 0x13, 0xdc, 0xcd, 0xd4, 0x8f, 0xc4, 0x0b, 
	0xd4, 0x49, 0xab, 0xdb, 0x29, 0xb5, 0xc0, 0x41, 
	0xf1, 0xc1, 0xfc, 0xc1, 0x88, 0x01, 0x88, 0x01, 
	0xa8, 0x81, 0xf1, 0xc1, 0xa0, 0x01, 0xe9, 0x41, 
	0x08, 0x01, 0x21, 0xad, 0x29, 0xa7, 0x21, 0xa7, 
	0x52, 0x5b, 0xe5, 0x53, 0xed, 0x51, 0xed, 0x0f, 
	0xd4, 0x99, 0xed, 0xaf, 0xed, 0xaf, 0xf5, 0x6d, 
	0xf5, 0x29, 0xf5, 0x29, 0xf5, 0x29, 0xf5, 0x2b, 
	0xf5, 0x6b, 0xf5, 0x29, 0xed, 0x29, 0xed, 0xad, 
	0xed, 0xef, 0xed, 0xaf, 0xed, 0xaf, 0xf5, 0x27, 
	0xf6, 0x99, 0xf7, 0x67, 0xd6, 0x59, 0x7d, 0xaf, 
	0x7d, 0xaf, 0x55, 0x33, 0x9d, 0xdb, 0xfe, 0xc9, 
	0xf6, 0xc9, 0xf5, 0x9f, 0xfc, 0xeb, 0xf5, 0x29, 
	0xf4, 0xe7, 0xec, 0xe7, 0xfd, 0x2b, 0xfd, 0x2b, 
	0xf5, 0x29, 0xfd, 0x2b, 0xf5, 0x2b, 0xec, 0xe9, 
	0xec, 0xa5, 0xec, 0x65, 0xec, 0x65, 0xec, 0xa7, 
	0xed, 0x15, 0xe4, 0xcf, 0xd4, 0x8f, 0xcc, 0x4b, 
	0xe4, 0xcd, 0x9b, 0x9b, 0x21, 0x73, 0xc0, 0x41, 
	0xf1, 0xc1, 0xfc, 0xc1, 0x88, 0x01, 0x88, 0x01, 
	0xa8, 0x81, 0xfa, 0x41, 0x98, 0x01, 0xe9, 0x81, 
	0x08, 0x01, 0x29, 0xa7, 0x29, 0xa7, 0x21, 0xa7, 
	0x73, 0x1d, 0xf5, 0x53, 0xed, 0x0f, 0xe5, 0x0f, 
	0xd4, 0xe1, 0xed, 0xef, 0xed, 0xad, 0xf5, 0x2b, 
	0xf5, 0x29, 0xf5, 0x29, 0xf5, 0x29, 0xfd, 0x2b, 
	0xf4, 0xe9, 0xe4, 0x65, 0xe5, 0x6b, 0xed, 0xef, 
	0xed, 0xef, 0xed, 0xaf, 0xed, 0xaf, 0xf5, 0x65, 
	0xf6, 0xd7, 0xf7, 0x1b, 0x9e, 0x29, 0xb6, 0xff, 
	0xb6, 0xff, 0x55, 0xbd, 0x34, 0xaf, 0xde, 0x0b, 
	0xff, 0x09, 0xf5, 0x99, 0xf4, 0xeb, 0xf5, 0x29, 
	0xe4, 0x63, 0xe4, 0x65, 0xec, 0xe7, 0xf4, 0xe9, 
	0xfd, 0x2b, 0xf5, 0x29, 0xf5, 0x2b, 0xf4, 0xe9, 
	0xec, 0xe9, 0xec, 0xa7, 0xec, 0xa7, 0xec, 0xa7, 
	0xed, 0x17, 0xe5, 0x0f, 0xdc, 0xcf, 0xdc, 0x8f, 
	0xe4, 0xcd, 0x93, 0x5b, 0x19, 0x75, 0xb0, 0x41, 
	0xf1, 0xc1, 0xfc, 0xc1, 0x88, 0x01, 0x88, 0x01, 
	0xa8, 0x81, 0xfa, 0x41, 0x90, 0x01, 0xe9, 0x81, 
	0x08, 0x01, 0x29, 0xe7, 0x29, 0xa7, 0x21, 0xa7, 
	0x83, 0x9d, 0xf5, 0x51, 0xed, 0x0f, 0xed, 0x0f, 
	0xe5, 0x65, 0xed, 0xaf, 0xf5, 0x6d, 0xf5, 0x2b, 
	0xf5, 0x29, 0xf5, 0x29, 0xf5, 0x29, 0xfd, 0x29, 
	0xec, 0x65, 0xcc, 0x23, 0xe5, 0xaf, 0xed, 0xef, 
	0xed, 0xaf, 0xed, 0xaf, 0xed, 0x6f, 0xf5, 0xa1, 
	0xff, 0x11, 0xf6, 0xd3, 0x6d, 0x6f, 0x65, 0xfb, 
	0x65, 0xfb, 0x45, 0x7b, 0x24, 0x2f, 0xad, 0x91, 
	0xfe, 0xc7, 0xed, 0x99, 0xf4, 0xeb, 0xfd, 0x2b, 
	0xec, 0xa7, 0xe4, 0x65, 0xe4, 0x65, 0xdc, 0x65, 
	0xf5, 0x29, 0xf5, 0x29, 0xf5, 0x29, 0xf5, 0x2b, 
	0xf4, 0xeb, 0xec, 0xa7, 0xec, 0x65, 0xec, 0xa7, 
	0xed, 0x1b, 0xed, 0x0f, 0xe5, 0x11, 0xdc, 0x8f, 
	0xe4, 0xcd, 0x72, 0xe3, 0x08, 0xfb, 0xc0, 0xc1, 
	0xf1, 0xc1, 0xfc, 0x81, 0x88, 0x01, 0x88, 0x01, 
	0xa8, 0x81, 0xfa, 0x41, 0x80, 0x01, 0xe1, 0x01, 
	0x08, 0x01, 0x29, 0xe9, 0x29, 0xa7, 0x29, 0xe7, 
	0xb4, 0x15, 0xf5, 0x4f, 0xed, 0x0f, 0xed, 0x11, 
	0xed, 0x67, 0xed, 0xaf, 0xf5, 0x6d, 0xf5, 0x2b, 
	0xf5, 0x29, 0xf5, 0x29, 0xfd, 0x2b, 0xf4, 0xe7, 
	0xdb, 0xdf, 0xc4, 0x63, 0xed, 0xef, 0xed, 0xaf, 
	0xed, 0xef, 0xed, 0xef, 0xed, 0x6f, 0xf5, 0x63, 
	0xfe, 0xcd, 0xff, 0x0b, 0x65, 0x6f, 0x35, 0x3b, 
	0x35, 0x3b, 0x3d, 0x37, 0x1b, 0xed, 0xad, 0x51, 
	0xf6, 0x87, 0xed, 0x5b, 0xf4, 0xeb, 0xfd, 0x2b, 
	0xec, 0xa7, 0xdc, 0x21, 0xec, 0xa7, 0xcc, 0x21, 
	0xe4, 0xa7, 0xfd, 0x2b, 0xf5, 0x29, 0xf5, 0x29, 
	0xec, 0xa7, 0xe4, 0x65, 0xec, 0xa5, 0xec, 0xa7, 
	0xf5, 0x1d, 0xed, 0x0f, 0xe4, 0xcf, 0xe4, 0xcd, 
	0xdc, 0xcf, 0x4a, 0x2f, 0x09, 0x3b, 0xd1, 0x01, 
	0xfa, 0x41, 0xfc, 0xc1, 0x88, 0x01, 0x88, 0x01, 
	0xa8, 0x81, 0xf1, 0xc1, 0x88, 0x01, 0xe1, 0x41, 
	0xc8, 0xc1, 0xd9, 0xc1, 0xd9, 0xc1, 0xf2, 0x81, 
	0xfb, 0x41, 0xf2, 0x81, 0xfb, 0x41, 0xfb, 0x41, 
	0xfb, 0x41, 0xfb, 0x01, 0xfb, 0x01, 0xfb, 0x01, 
	0xfb, 0x01, 0xfb, 0x01, 0xfb, 0x01, 0xfb, 0x01, 
	0xfb, 0x01, 0xfb, 0x01, 0xfb, 0x01, 0xfb, 0x01, 
	0xfb, 0x01, 0xfb, 0x01, 0xfb, 0x01, 0xfb, 0x01, 
	0xfb, 0x01, 0xfb, 0x01, 0xfb, 0x01, 0xf2, 0x41, 
	0xf2, 0x41, 0xfb, 0x01, 0xfb, 0x01, 0xfb, 0x01, 
	0xfb, 0x01, 0xf2, 0x41, 0xf2, 0x41, 0xf2, 0x41, 
	0xf2, 0x41, 0xf2, 0x01, 0xf2, 0x01, 0xf2, 0x01, 
	0xf2, 0x01, 0xf2, 0x01, 0xf2, 0x01, 0xf2, 0x01, 
	0xf2, 0x01, 0xf2, 0x01, 0xf2, 0x01, 0xf2, 0x01, 
	0xf2, 0x01, 0xf2, 0x01, 0xf2, 0x01, 0xf2, 0x01, 
	0xf2, 0x01, 0xd9, 0x41, 0xd9, 0x41, 0xfa, 0xc1, 
	0xfa, 0xc1, 0xfd, 0x81, 0x88, 0x01, 0x88, 0x01, 
	0xa8, 0x81, 0xf1, 0xc1, 0xb0, 0x01, 0xf1, 0xc1, 
	0xfa, 0x81, 0xf2, 0x41, 0xe1, 0xc1, 0xe1, 0x81, 
	0xd9, 0x41, 0xd9, 0x41, 0xd1, 0x01, 0xd9, 0x01, 
	0xd1, 0x01, 0xd1, 0x01, 0xd1, 0x01, 0xd0, 0xc1, 
	0xd9, 0x01, 0xd1, 0x01, 0xd1, 0x01, 0xd9, 0x01, 
	0xd9, 0x01, 0xd1, 0x01, 0xd9, 0x01, 0xd1, 0x01, 
	0xd1, 0x01, 0xd1, 0x01, 0xd1, 0x01, 0xd1, 0x01, 
	0xd1, 0x01, 0xd1, 0x01, 0xd9, 0x01, 0xd1, 0x01, 
	0xd1, 0x01, 0xd1, 0x01, 0xd1, 0x01, 0xd1, 0x01, 
	0xd9, 0x01, 0xd1, 0x01, 0xd1, 0x01, 0xd1, 0x01, 
	0xd9, 0x01, 0xd9, 0x01, 0xd9, 0x01, 0xd9, 0x01, 
	0xd9, 0x01, 0xd9, 0x01, 0xd9, 0x01, 0xd1, 0x01, 
	0xd9, 0x01, 0xd9, 0x01, 0xd9, 0x01, 0xd9, 0x01, 
	0xd1, 0x01, 0xd9, 0x01, 0xd9, 0x41, 0xd9, 0x41, 
	0xe1, 0x81, 0xe9, 0xc1, 0xf2, 0x01, 0xf2, 0x81, 
	0xe9, 0xc1, 0xff, 0xc1, 0x88, 0x01, 0x88, 0x01, 
	0xa8, 0x81, 0xb0, 0x01, 0xf1, 0xc1, 0xfe, 0x01, 
	0xff, 0xc1, 0xff, 0xc1, 0xff, 0x81, 0xfe, 0xc1, 
	0xfe, 0x41, 0xfd, 0xc1, 0xfd, 0x41, 0xfd, 0x41, 
	0xfd, 0x41, 0xfc, 0xc1, 0xfc, 0x81, 0xfc, 0xc1, 
	0xfc, 0x41, 0xfc, 0x41, 0xfc, 0x41, 0xfb, 0xc1, 
	0xfc, 0x41, 0xfb, 0xc1, 0xfc, 0x01, 0xfc, 0x81, 
	0xfb, 0xc1, 0xfc, 0x41, 0xfb, 0xc1, 0xfc, 0x41, 
	0xfb, 0xc1, 0xfb, 0xc1, 0xfb, 0xc1, 0xfc, 0x81, 
	0xfc, 0x81, 0xfc, 0x81, 0xfb, 0xc1, 0xfc, 0x81, 
	0xfc, 0x41, 0xfc, 0x81, 0xfc, 0x41, 0xfc, 0x81, 
	0xfc, 0x81, 0xfc, 0x01, 0xfc, 0xc1, 0xfc, 0xc1, 
	0xfc, 0x01, 0xfd, 0x01, 0xfc, 0xc1, 0xfd, 0x01, 
	0xfd, 0x01, 0xfd, 0x01, 0xfd, 0x41, 0xfc, 0xc1, 
	0xfd, 0x41, 0xfd, 0x01, 0xfd, 0x01, 0xfe, 0x01, 
	0xfe, 0x41, 0xfe, 0x81, 0xfe, 0xc1, 0xff, 0xc1, 
	0xff, 0xc1, 0xe9, 0xc1, 0x88, 0x01, 0x88, 0x01, 
	0xa8, 0x81, 0x88, 0x01, 0x88, 0x01, 0x88, 0x01, 
	0x88, 0x01, 0x88, 0x01, 0x88, 0x01, 0x88, 0x01, 
	0x88, 0x01, 0x88, 0x01, 0x88, 0x01, 0x88, 0x01, 
	0x88, 0x01, 0x88, 0x01, 0x88, 0x01, 0x88, 0x01, 
	0x88, 0x01, 0x88, 0x01, 0x88, 0x01, 0x88, 0x01, 
	0x88, 0x01, 0x88, 0x01, 0x88, 0x01, 0x88, 0x01, 
	0x88, 0x01, 0x88, 0x01, 0x88, 0x01, 0x88, 0x01, 
	0x88, 0x01, 0x88, 0x01, 0x88, 0x01, 0x88, 0x01, 
	0x88, 0x01, 0x88, 0x01, 0x88, 0x01, 0x88, 0x01, 
	0x88, 0x01, 0x88, 0x01, 0x88, 0x01, 0x88, 0x01, 
	0x88, 0x01, 0x88, 0x01, 0x88, 0x01, 0x88, 0x01, 
	0x88, 0x01, 0x88, 0x01, 0x88, 0x01, 0x88, 0x01, 
	0x88, 0x01, 0x88, 0x01, 0x88, 0x01, 0x88, 0x01, 
	0x88, 0x01, 0x88, 0x01, 0x88, 0x01, 0x88, 0x01, 
	0x88, 0x01, 0x88, 0x01, 0x88, 0x01, 0x88, 0x01, 
	0x88, 0x01, 0x88, 0x01, 0x88, 0x01, 0x88, 0x01, 
	0xa8, 0x81, 0x88, 0x01, 0x88, 0x01, 0x88, 0x01, 
	0x88, 0x01, 0x88, 0x01, 0x88, 0x01, 0x88, 0x01, 
	0x88, 0x01, 0x88, 0x01, 0x88, 0x01, 0x88, 0x01, 
	0x88, 0x01, 0x88, 0x01, 0x88, 0x01, 0x88, 0x01, 
	0x88, 0x01, 0x88, 0x01, 0x88, 0x01, 0x88, 0x01, 
	0x88, 0x01, 0x88, 0x01, 0x88, 0x01, 0x88, 0x01, 
	0x88, 0x01, 0x88, 0x01, 0x88, 0x01, 0x88, 0x01, 
	0x88, 0x01, 0x88, 0x01, 0x88, 0x01, 0x88, 0x01, 
	0x88, 0x01, 0x88, 0x01, 0x88, 0x01, 0x88, 0x01, 
	0x88, 0x01, 0x88, 0x01, 0x88, 0x01, 0x88, 0x01, 
	0x88, 0x01, 0x88, 0x01, 0x88, 0x01, 0x88, 0x01, 
	0x88, 0x01, 0x88, 0x01, 0x88, 0x01, 0x88, 0x01, 
	0x88, 0x01, 0x88, 0x01, 0x88, 0x01, 0x88, 0x01, 
	0x88, 0x01, 0x88, 0x01, 0x88, 0x01, 0x88, 0x01, 
	0x88, 0x01, 0x88, 0x01, 0x88, 0x01, 0x88, 0x01, 
	0x88, 0x01, 0x88, 0x01, 0x88, 0x01, 0x88, 0x01, 
	
};

Gfx ttc_dl_peach_top_rgba16_aligner[] = {gsSPEndDisplayList()};
u8 ttc_dl_peach_top_rgba16[] = {
	0xa8, 0x81, 0xa8, 0x81, 0xa8, 0x81, 0xa8, 0x81, 
	0xa8, 0x81, 0xa8, 0x81, 0xa8, 0x81, 0xa8, 0x81, 
	0xa8, 0x81, 0xa8, 0x81, 0xa8, 0x81, 0xa8, 0x81, 
	0xa8, 0x81, 0xa8, 0x81, 0xa8, 0x81, 0xa8, 0x81, 
	0xa8, 0x81, 0xa8, 0x81, 0xa8, 0x81, 0xa8, 0x81, 
	0xa8, 0x81, 0xa8, 0x81, 0xa8, 0x81, 0xa8, 0x81, 
	0xa8, 0x81, 0xa8, 0x81, 0xa8, 0x81, 0xa8, 0x81, 
	0xa8, 0x81, 0xa8, 0x81, 0xa8, 0x81, 0xa8, 0x81, 
	0xa8, 0x81, 0xa8, 0x81, 0xa8, 0x81, 0xa8, 0x81, 
	0xa8, 0x81, 0xa8, 0x81, 0xa8, 0x81, 0xa8, 0x81, 
	0xa8, 0x81, 0xa8, 0x81, 0xa8, 0x81, 0xa8, 0x81, 
	0xa8, 0x81, 0xa8, 0x81, 0xa8, 0x81, 0xa8, 0x81, 
	0xa8, 0x81, 0xa8, 0x81, 0xa8, 0x81, 0xa8, 0x81, 
	0xa8, 0x81, 0xa8, 0x81, 0xa8, 0x81, 0xa8, 0x81, 
	0xa8, 0x81, 0xa8, 0x81, 0xa8, 0x81, 0xa8, 0x81, 
	0xa8, 0x81, 0xa8, 0x81, 0xa8, 0x81, 0xa8, 0x81, 
	0xa8, 0x81, 0xb0, 0x41, 0xfb, 0xc1, 0xff, 0x01, 
	0xfc, 0xc1, 0xfd, 0x01, 0xfd, 0x41, 0xfd, 0xc1, 
	0xfe, 0x41, 0xfe, 0x01, 0xfe, 0x01, 0xfd, 0xc1, 
	0xfd, 0x01, 0xfd, 0x01, 0xfc, 0xc1, 0xfc, 0xc1, 
	0xfc, 0xc1, 0xfc, 0xc1, 0xfc, 0xc1, 0xfc, 0xc1, 
	0xfc, 0xc1, 0xfc, 0xc1, 0xfc, 0x81, 0xfc, 0x81, 
	0xfc, 0x81, 0xfc, 0x81, 0xfc, 0x81, 0xfc, 0x81, 
	0xfc, 0x81, 0xfc, 0x81, 0xfc, 0x81, 0xfc, 0x81, 
	0xfc, 0x81, 0xfc, 0x41, 0xfc, 0x41, 0xfc, 0x41, 
	0xfc, 0x41, 0xfc, 0x41, 0xfc, 0x41, 0xfc, 0x41, 
	0xfc, 0x41, 0xfc, 0x01, 0xfc, 0x01, 0xfc, 0x01, 
	0xfc, 0x01, 0xfd, 0x01, 0xfc, 0x41, 0xfc, 0x41, 
	0xfc, 0x41, 0xfd, 0x01, 0xfd, 0x01, 0xfd, 0x41, 
	0xfe, 0x01, 0xfe, 0x01, 0xfd, 0x41, 0xfc, 0xc1, 
	0xfc, 0xc1, 0xfc, 0x81, 0xfc, 0x81, 0xfb, 0x81, 
	0xfb, 0x81, 0xb0, 0x41, 0x88, 0x01, 0x88, 0x01, 
	0xa8, 0x81, 0xfb, 0xc1, 0xf2, 0xc1, 0x88, 0x01, 
	0x98, 0x01, 0x98, 0x01, 0x98, 0x01, 0x98, 0x01, 
	0x98, 0x01, 0x90, 0x01, 0x90, 0x01, 0x98, 0x01, 
	0x90, 0x01, 0x98, 0x01, 0x98, 0x01, 0x98, 0x01, 
	0x98, 0x01, 0x98, 0x01, 0x98, 0x01, 0x98, 0x01, 
	0x98, 0x01, 0x98, 0x01, 0x98, 0x01, 0x98, 0x01, 
	0x98, 0x01, 0x98, 0x01, 0x98, 0x01, 0x98, 0x01, 
	0x98, 0x01, 0x98, 0x01, 0x98, 0x01, 0x98, 0x01, 
	0x98, 0x01, 0x98, 0x01, 0x98, 0x01, 0x90, 0x01, 
	0xa0, 0x01, 0xa0, 0x01, 0x90, 0x01, 0x90, 0x01, 
	0x90, 0x01, 0xa0, 0x01, 0x98, 0x01, 0x90, 0x01, 
	0x90, 0x01, 0x90, 0x01, 0x90, 0x01, 0x90, 0x01, 
	0x90, 0x01, 0x90, 0x01, 0x90, 0x01, 0x80, 0x01, 
	0x80, 0x01, 0x80, 0x01, 0x88, 0x01, 0x80, 0x01, 
	0x80, 0x01, 0x80, 0x01, 0x88, 0x01, 0x88, 0x01, 
	0x88, 0x01, 0xfb, 0x41, 0x88, 0x01, 0x88, 0x01, 
	0xa8, 0x81, 0xfb, 0x41, 0x98, 0x01, 0xc8, 0x81, 
	0xb0, 0x41, 0xc8, 0xc1, 0xd1, 0x01, 0xd9, 0x41, 
	0xd9, 0x41, 0xd9, 0x41, 0xd9, 0x81, 0xd9, 0x41, 
	0xd9, 0x41, 0xd9, 0x41, 0xd1, 0x01, 0xd1, 0x01, 
	0xd1, 0x41, 0xd1, 0x01, 0xd1, 0x01, 0xd1, 0x01, 
	0xd1, 0x01, 0xd1, 0x01, 0xd1, 0x01, 0xd1, 0x01, 
	0xd1, 0x01, 0xc8, 0xc1, 0xd1, 0x01, 0xd1, 0x01, 
	0xd1, 0x01, 0xd0, 0xc1, 0xd1, 0x01, 0xc8, 0x81, 
	0xc8, 0x81, 0xd1, 0x01, 0xc8, 0x81, 0xc8, 0xc1, 
	0xc8, 0xc1, 0xc0, 0x81, 0xc8, 0xc1, 0xc8, 0xc1, 
	0xc8, 0xc1, 0xc8, 0xc1, 0xc8, 0xc1, 0xc0, 0x81, 
	0xc8, 0xc1, 0xc8, 0xc1, 0xc0, 0x81, 0xc8, 0x81, 
	0xc8, 0x81, 0xc8, 0xc1, 0xc8, 0xc1, 0xc8, 0xc1, 
	0xc8, 0xc1, 0xd0, 0xc1, 0xd1, 0x01, 0xc0, 0x81, 
	0xb0, 0x41, 0xb8, 0x81, 0xb0, 0x41, 0xb0, 0x41, 
	0xe1, 0x41, 0xfb, 0x41, 0x88, 0x01, 0x88, 0x01, 
	0xa8, 0x81, 0xfa, 0x81, 0x98, 0x01, 0xe1, 0x41, 
	0x18, 0x41, 0x10, 0x01, 0x10, 0x01, 0x10, 0x01, 
	0x10, 0x41, 0x10, 0x01, 0x10, 0x01, 0x10, 0x01, 
	0x10, 0x01, 0x10, 0x01, 0x10, 0x01, 0x10, 0x01, 
	0x10, 0x01, 0x10, 0x01, 0x10, 0x01, 0x10, 0x01, 
	0x10, 0x01, 0x10, 0x01, 0x10, 0x01, 0x10, 0x01, 
	0x10, 0x01, 0x10, 0x01, 0x10, 0x01, 0x10, 0x01, 
	0x10, 0x01, 0x10, 0x01, 0x08, 0x01, 0x08, 0x01, 
	0x08, 0x01, 0x08, 0x01, 0x08, 0x01, 0x08, 0x01, 
	0x08, 0x01, 0x08, 0x01, 0x00, 0x01, 0x00, 0x01, 
	0x00, 0x01, 0x00, 0x01, 0x00, 0x01, 0x00, 0x01, 
	0x00, 0x01, 0x00, 0x01, 0x00, 0x01, 0x00, 0x01, 
	0x00, 0x01, 0x00, 0x01, 0x00, 0x01, 0x00, 0x01, 
	0x00, 0x01, 0x00, 0x01, 0x00, 0x01, 0x00, 0x01, 
	0x00, 0x01, 0x00, 0x01, 0x00, 0x01, 0x98, 0x01, 
	0xfa, 0xc1, 0xfc, 0x81, 0x88, 0x01, 0x88, 0x01, 
	0xa8, 0x81, 0xfa, 0x41, 0xb0, 0x01, 0xfa, 0x41, 
	0x18, 0x41, 0x6b, 0xbd, 0x6b, 0xfd, 0x6b, 0xfd, 
	0x73, 0xfd, 0x73, 0xfd, 0x6b, 0xfd, 0x6b, 0xbd, 
	0x73, 0xfd, 0x73, 0xfd, 0x6b, 0xfd, 0x6b, 0xfd, 
	0x6b, 0xbd, 0x6b, 0xbd, 0x6b, 0xbd, 0x6b, 0xbd, 
	0x6b, 0xbd, 0x6b, 0xbd, 0x6b, 0xbd, 0x6b, 0xbd, 
	0x63, 0x7f, 0x6b, 0xbd, 0x6b, 0xbd, 0x6b, 0xbd, 
	0x63, 0x7f, 0x6b, 0xb1, 0xce, 0x17, 0xff, 0x89, 
	0xff, 0x89, 0xc6, 0x13, 0x6b, 0xb3, 0x5b, 0x7f, 
	0x6b, 0xbd, 0x6b, 0xbd, 0x6b, 0xbf, 0x7c, 0x31, 
	0x63, 0x6f, 0x6b, 0xbd, 0x6b, 0xbd, 0x6b, 0xbd, 
	0x6b, 0xbd, 0x6b, 0xbd, 0x6b, 0xbd, 0x63, 0x7b, 
	0x5b, 0x3b, 0x4a, 0xb9, 0x52, 0xfb, 0x5b, 0x3b, 
	0x52, 0xfb, 0x4a, 0xb9, 0x42, 0xb9, 0x42, 0xb9, 
	0x42, 0xb9, 0x42, 0xb9, 0x42, 0x79, 0xe2, 0x01, 
	0xf2, 0x01, 0xfd, 0x81, 0x88, 0x01, 0x88, 0x01, 
	0xa8, 0x81, 0xf1, 0xc1, 0xb0, 0x41, 0xfa, 0x81, 
	0x18, 0x41, 0x6b, 0xbd, 0x6b, 0xfd, 0x6b, 0xfd, 
	0x73, 0xfd, 0x73, 0xfd, 0x6b, 0xbd, 0x73, 0xfd, 
	0x73, 0xfd, 0x6b, 0xfd, 0x6b, 0xbd, 0x6b, 0xfd, 
	0x6b, 0xbd, 0x6b, 0xbd, 0x6b, 0xbd, 0x6b, 0xbd, 
	0x6b, 0xbd, 0x6b, 0xbd, 0x6b, 0xbd, 0x6b, 0xb5, 
	0x7b, 0xeb, 0x5b, 0x37, 0x52, 0xfb, 0x63, 0x7f, 
	0x6b, 0x6f, 0xce, 0x4f, 0xff, 0xc9, 0xff, 0x8b, 
	0xff, 0x8b, 0xff, 0x49, 0xd6, 0x53, 0x6b, 0xaf, 
	0x52, 0xf9, 0x63, 0x7f, 0x8c, 0x6b, 0xbd, 0x8b, 
	0x63, 0x6b, 0x63, 0x7f, 0x6b, 0xbd, 0x6b, 0xbd, 
	0x6b, 0xbd, 0x6b, 0xbd, 0x63, 0xbd, 0x53, 0x3b, 
	0x4a, 0xbb, 0x5b, 0x3b, 0x5b, 0x3b, 0x52, 0xfb, 
	0x4a, 0xbb, 0x4a, 0xbb, 0x4a, 0xbb, 0x4a, 0xb9, 
	0x4a, 0xb9, 0x42, 0xb9, 0x42, 0xb9, 0xea, 0x41, 
	0xf1, 0xc1, 0xfd, 0x01, 0x88, 0x01, 0x88, 0x01, 
	0xa8, 0x81, 0xf1, 0xc1, 0xb8, 0x41, 0xfa, 0xc1, 
	0x18, 0x41, 0x6b, 0xbd, 0x6b, 0xfd, 0x73, 0xfd, 
	0x6b, 0xfd, 0x6b, 0xfd, 0x6b, 0xfd, 0x6b, 0xfd, 
	0x6b, 0xbd, 0x6b, 0xbd, 0x6b, 0xbd, 0x6b, 0xbd, 
	0x6b, 0xbd, 0x6b, 0xbd, 0x6b, 0xbd, 0x6b, 0xbd, 
	0x6b, 0xbd, 0x6b, 0xfd, 0x63, 0x7d, 0x5b, 0x2d, 
	0xef, 0x0b, 0xde, 0x91, 0x8c, 0x5d, 0x6b, 0xa7, 
	0xde, 0x91, 0xff, 0xcb, 0xff, 0x89, 0xff, 0x09, 
	0xff, 0x09, 0xef, 0x0b, 0xf7, 0x49, 0xb5, 0x4b, 
	0x42, 0x25, 0x84, 0x6d, 0xde, 0x8b, 0xa4, 0xc7, 
	0x52, 0xef, 0x5b, 0x7d, 0x63, 0x7b, 0x5b, 0x7b, 
	0x63, 0x7b, 0x63, 0x7b, 0x53, 0x3b, 0x52, 0xfb, 
	0x63, 0x7b, 0x5b, 0x3b, 0x5b, 0x3b, 0x52, 0xfb, 
	0x4a, 0xfb, 0x52, 0xfb, 0x4a, 0xfb, 0x4a, 0xfb, 
	0x4a, 0xb9, 0x4a, 0xb9, 0x4a, 0xb9, 0xea, 0x41, 
	0xe9, 0x81, 0xfd, 0x01, 0x88, 0x01, 0x88, 0x01, 
	0xa8, 0x81, 0xf1, 0xc1, 0xc0, 0x41, 0xfa, 0x41, 
	0x10, 0x01, 0x6b, 0xbd, 0x6b, 0xbd, 0x6b, 0xbd, 
	0x6b, 0xfd, 0x6b, 0xfd, 0x6b, 0xbd, 0x6b, 0xbd, 
	0x6b, 0xbd, 0x6b, 0xfd, 0x6b, 0xbd, 0x6b, 0xbd, 
	0x6b, 0xbd, 0x6b, 0xfd, 0x6b, 0xfd, 0x6b, 0xbd, 
	0x6b, 0xbd, 0x6b, 0xbb, 0x5b, 0x3d, 0x42, 0xad, 
	0xde, 0x8d, 0xff, 0xcb, 0xff, 0x8b, 0xf7, 0x4b, 
	0xff, 0xcb, 0xff, 0x4b, 0xec, 0x0b, 0xda, 0x0b, 
	0xda, 0x0b, 0xca, 0x89, 0xb4, 0xc7, 0xde, 0x89, 
	0xad, 0x0d, 0xe6, 0x8d, 0xce, 0x09, 0x84, 0x95, 
	0x4b, 0x2f, 0x5b, 0x3d, 0x5b, 0x3b, 0x5b, 0x3b, 
	0x63, 0x7b, 0x5b, 0x3b, 0x5b, 0x3b, 0x63, 0x7b, 
	0x63, 0x7b, 0x5b, 0x7b, 0x5b, 0x3b, 0x53, 0x3b, 
	0x53, 0x3b, 0x53, 0x3b, 0x53, 0x3b, 0x52, 0xfb, 
	0x52, 0xf9, 0x52, 0xf9, 0x4a, 0xf9, 0xea, 0x41, 
	0xe9, 0x81, 0xfc, 0x81, 0x88, 0x01, 0x88, 0x01, 
	0xa8, 0x81, 0xf1, 0xc1, 0xb8, 0x41, 0xfa, 0x41, 
	0x08, 0x01, 0x6b, 0xbd, 0x6b, 0xbd, 0x6b, 0xbd, 
	0x6b, 0xfd, 0x6b, 0xbd, 0x6b, 0xbd, 0x6b, 0xbd, 
	0x6b, 0xbd, 0x6b, 0xbd, 0x6b, 0xbd, 0x6b, 0xbd, 
	0x6b, 0xfd, 0x6b, 0xfd, 0x6b, 0xbd, 0x6b, 0xbd, 
	0x63, 0x7b, 0x63, 0x7b, 0x5b, 0x3b, 0x74, 0x75, 
	0x8e, 0x27, 0xff, 0x8d, 0xff, 0x8d, 0xff, 0x8d, 
	0xf7, 0x8b, 0xe4, 0x49, 0xe3, 0x1d, 0xe3, 0x1d, 
	0xe3, 0x1d, 0xd0, 0x49, 0x99, 0xc7, 0xb5, 0x47, 
	0xde, 0x89, 0xee, 0xc7, 0xc6, 0x15, 0xa6, 0xbb, 
	0x54, 0xb9, 0x5b, 0x3b, 0x63, 0x7b, 0x5b, 0x3b, 
	0x53, 0x3b, 0x5b, 0x7b, 0x6b, 0xbd, 0x63, 0x7b, 
	0x63, 0x7b, 0x63, 0x7b, 0x5b, 0x3b, 0x5b, 0x3b, 
	0x5b, 0x3b, 0x5b, 0x7b, 0x5b, 0x3b, 0x52, 0xf9, 
	0x52, 0xf9, 0x4a, 0xf9, 0x52, 0xf9, 0xea, 0x41, 
	0xe9, 0x81, 0xfc, 0x81, 0x88, 0x01, 0x88, 0x01, 
	0xa8, 0x81, 0xe1, 0x41, 0xc8, 0x81, 0xfa, 0x01, 
	0x08, 0x01, 0x6b, 0xbd, 0x6b, 0xfd, 0x6b, 0xfd, 
	0x6b, 0xbd, 0x6b, 0xbd, 0x6b, 0xbd, 0x6b, 0xbd, 
	0x6b, 0xbd, 0x6b, 0xbd, 0x6b, 0xbd, 0x6b, 0xbd, 
	0x6b, 0xbd, 0x6b, 0xbd, 0x6b, 0xbd, 0x63, 0xbb, 
	0x63, 0xbd, 0x6b, 0xbd, 0x5b, 0x7b, 0x9e, 0x7d, 
	0x55, 0x35, 0xbe, 0x11, 0xd6, 0x47, 0xbd, 0xc7, 
	0xad, 0x87, 0xb2, 0x07, 0xe2, 0x99, 0xe2, 0x95, 
	0xe2, 0x95, 0xc8, 0x89, 0x90, 0xc7, 0x9c, 0x85, 
	0xa5, 0x05, 0xad, 0x43, 0x9d, 0x99, 0x6d, 0xfb, 
	0x4c, 0x73, 0x63, 0x7b, 0x5b, 0x7b, 0x53, 0x3b, 
	0x63, 0x7b, 0x6b, 0xbd, 0x63, 0x7b, 0x6b, 0xbd, 
	0x63, 0xbd, 0x63, 0x7b, 0x63, 0x7b, 0x63, 0x7b, 
	0x63, 0x7b, 0x5b, 0x3b, 0x52, 0xfb, 0x52, 0xfb, 
	0x52, 0xf9, 0x5b, 0x39, 0x63, 0x77, 0xea, 0x41, 
	0xe9, 0x81, 0xfc, 0x41, 0x88, 0x01, 0x88, 0x01, 
	0xa8, 0x81, 0xe1, 0x41, 0xc0, 0x41, 0xfa, 0x01, 
	0x08, 0x01, 0x6b, 0xfd, 0x6b, 0xbd, 0x6b, 0xbd, 
	0x6b, 0xbd, 0x6b, 0xbd, 0x6b, 0xbd, 0x6b, 0xbd, 
	0x6b, 0xfd, 0x6b, 0xbd, 0x6b, 0xbd, 0x6b, 0xbd, 
	0x6b, 0xbd, 0x6b, 0xbd, 0x6b, 0xbd, 0x6b, 0xbd, 
	0x6b, 0xbd, 0x6b, 0xbd, 0x53, 0x39, 0x4c, 0xb7, 
	0x44, 0x6b, 0xc6, 0x0f, 0xf7, 0x09, 0xde, 0x47, 
	0xd6, 0x87, 0xcc, 0x89, 0xd0, 0x89, 0xc8, 0x89, 
	0xc8, 0x89, 0xa0, 0x47, 0x9a, 0x47, 0xbd, 0xc9, 
	0xd6, 0x49, 0xbd, 0x87, 0x94, 0xd1, 0x55, 0x2f, 
	0x5b, 0xf7, 0x6b, 0xbd, 0x5b, 0x7b, 0x63, 0xbd, 
	0x6b, 0xbd, 0x63, 0x7b, 0x6b, 0xbd, 0x6b, 0xbd, 
	0x6b, 0xbd, 0x63, 0x7d, 0x63, 0x7d, 0x63, 0xbd, 
	0x5b, 0x3b, 0x53, 0x3b, 0x5b, 0x3b, 0x53, 0x3b, 
	0x5b, 0x39, 0x63, 0x79, 0x5b, 0x39, 0xea, 0x41, 
	0xe1, 0x41, 0xfc, 0x81, 0x88, 0x01, 0x88, 0x01, 
	0xa8, 0x81, 0xe1, 0x41, 0xc0, 0x41, 0xfa, 0x41, 
	0x08, 0x01, 0x6b, 0xfd, 0x6b, 0xbd, 0x6b, 0xfd, 
	0x6b, 0xfd, 0x6b, 0xbd, 0x6b, 0xbd, 0x6b, 0xbd, 
	0x6b, 0xbd, 0x6b, 0xbd, 0x6b, 0xbd, 0x6b, 0xbd, 
	0x6b, 0xbd, 0x6b, 0xbd, 0x6b, 0xbd, 0x6b, 0xbd, 
	0x6b, 0xbd, 0x63, 0xbd, 0x63, 0x7b, 0x53, 0x75, 
	0x42, 0xd7, 0xe6, 0xcb, 0xff, 0x8b, 0xff, 0x4b, 
	0xf7, 0x49, 0xf7, 0x09, 0xbb, 0xc7, 0x99, 0xc5, 
	0x99, 0xc5, 0xa2, 0x87, 0xc5, 0x89, 0xef, 0x0b, 
	0xf7, 0x0b, 0xc5, 0xc9, 0x9c, 0x85, 0x8c, 0x5b, 
	0x63, 0x7f, 0x63, 0x7d, 0x63, 0xbd, 0x6b, 0xbd, 
	0x63, 0x7d, 0x6b, 0xbd, 0x6b, 0xbd, 0x6b, 0xbd, 
	0x63, 0x7d, 0x63, 0xbd, 0x6b, 0xbd, 0x63, 0x7b, 
	0x5b, 0x3b, 0x5b, 0x7b, 0x53, 0x3b, 0x53, 0x3b, 
	0x5b, 0x3b, 0x53, 0x3b, 0x52, 0xfb, 0xea, 0x41, 
	0xe9, 0x81, 0xfb, 0xc1, 0x88, 0x01, 0x88, 0x01, 
	0xa8, 0x81, 0xe1, 0x41, 0xc0, 0x41, 0xfa, 0x01, 
	0x08, 0x01, 0x6b, 0xbd, 0x6b, 0xfd, 0x6b, 0xbd, 
	0x6b, 0xbd, 0x6b, 0xbd, 0x6b, 0xbd, 0x6b, 0xbd, 
	0x6b, 0xbd, 0x6b, 0xbd, 0x6b, 0xbd, 0x6b, 0xbd, 
	0x6b, 0xbd, 0x6b, 0xbd, 0x6b, 0xbd, 0x63, 0xbf, 
	0x73, 0xf9, 0xa4, 0x6d, 0xcd, 0x23, 0xd5, 0x1f, 
	0xc4, 0x95, 0xd5, 0x55, 0xdd, 0x95, 0xdd, 0x95, 
	0xe6, 0x11, 0xf6, 0xcd, 0xf7, 0x49, 0xde, 0x47, 
	0xde, 0x47, 0xd6, 0x89, 0xf7, 0x4b, 0xe6, 0x8b, 
	0xd6, 0x0b, 0xbd, 0x0d, 0xbd, 0x0f, 0xac, 0x9b, 
	0x9c, 0x2b, 0x94, 0x71, 0x73, 0xf9, 0x63, 0x7d, 
	0x63, 0xbd, 0x6b, 0xbd, 0x6b, 0xbd, 0x63, 0xbd, 
	0x63, 0xbd, 0x6b, 0xbd, 0x63, 0x7b, 0x63, 0x7b, 
	0x63, 0x7b, 0x5b, 0x3b, 0x5b, 0x3b, 0x63, 0x7b, 
	0x5b, 0x3b, 0x53, 0x3b, 0x52, 0xf9, 0xea, 0x41, 
	0xe9, 0x41, 0xfb, 0x81, 0x88, 0x01, 0x88, 0x01, 
	0xa8, 0x81, 0xe1, 0x41, 0xc8, 0x81, 0xfa, 0x01, 
	0x08, 0x01, 0x73, 0xfd, 0x6b, 0xbd, 0x6b, 0xbd, 
	0x6b, 0xbd, 0x6b, 0xbd, 0x6b, 0xbd, 0x6b, 0xbd, 
	0x6b, 0xbd, 0x6b, 0xbd, 0x63, 0x7b, 0x63, 0x7b, 
	0x6b, 0xbd, 0x6b, 0xbd, 0x84, 0x35, 0xac, 0xa9, 
	0xd5, 0x5f, 0xf5, 0xd9, 0xf5, 0xd9, 0xf5, 0xdb, 
	0xfd, 0xdb, 0xf5, 0xdb, 0xf5, 0xdb, 0xed, 0x9b, 
	0xe5, 0x59, 0xdd, 0x17, 0xdd, 0xcf, 0xff, 0x8b, 
	0xff, 0x8b, 0xef, 0x0d, 0xc5, 0x8b, 0xcc, 0xcf, 
	0xd4, 0xd1, 0xe4, 0xcf, 0xe5, 0x11, 0xe5, 0x11, 
	0xed, 0x11, 0xed, 0x53, 0xd4, 0xd9, 0xa3, 0xdb, 
	0x83, 0xab, 0x73, 0xb5, 0x6b, 0xb9, 0x63, 0x7d, 
	0x6b, 0xbd, 0x63, 0x7b, 0x63, 0x7b, 0x63, 0x7d, 
	0x5b, 0x7b, 0x63, 0x7b, 0x63, 0xbd, 0x63, 0x7b, 
	0x5b, 0x3b, 0x4a, 0xf9, 0x4a, 0xf9, 0xea, 0x41, 
	0xe9, 0x81, 0xfc, 0x01, 0x88, 0x01, 0x88, 0x01, 
	0xa8, 0x81, 0xd8, 0xc1, 0xc0, 0x41, 0xfa, 0x01, 
	0x08, 0x01, 0x6b, 0xbd, 0x6b, 0xbd, 0x6b, 0xbd, 
	0x6b, 0xbd, 0x63, 0xbb, 0x6b, 0xbd, 0x6b, 0xbd, 
	0x6b, 0xbd, 0x63, 0x7b, 0x5b, 0x7d, 0x63, 0xbd, 
	0x73, 0xf9, 0xb4, 0xa7, 0xed, 0x9b, 0xf5, 0xd7, 
	0xf5, 0x97, 0xf5, 0xd9, 0xf5, 0xdb, 0xf5, 0xdb, 
	0xf5, 0xd9, 0xf5, 0x99, 0xf5, 0xdb, 0xf5, 0xdb, 
	0xf5, 0xdb, 0xf5, 0xdb, 0xd5, 0x17, 0xbd, 0x0f, 
	0xbd, 0x0f, 0xc4, 0xcd, 0xdc, 0x91, 0xed, 0x11, 
	0xed, 0x0f, 0xed, 0x0f, 0xec, 0xcf, 0xe4, 0xcd, 
	0xe4, 0xcd, 0xe4, 0xcd, 0xec, 0xcd, 0xec, 0xcb, 
	0xc4, 0x0d, 0x9b, 0x4f, 0x9b, 0x9b, 0x83, 0xaf, 
	0x63, 0x7d, 0x52, 0xfd, 0x63, 0x7d, 0x63, 0x7d, 
	0x63, 0x7b, 0x63, 0x7b, 0x63, 0x7b, 0x5b, 0x3b, 
	0x4a, 0xbb, 0x4a, 0xbb, 0x53, 0x3b, 0xea, 0x41, 
	0xe9, 0x81, 0xfb, 0x81, 0x88, 0x01, 0x88, 0x01, 
	0xa8, 0x81, 0xd0, 0xc1, 0xc0, 0x41, 0xfa, 0x01, 
	0x08, 0x01, 0x6b, 0xbd, 0x6b, 0xbd, 0x6b, 0xbd, 
	0x63, 0x7b, 0x6b, 0xbd, 0x6b, 0xbd, 0x6b, 0xbd, 
	0x63, 0x7d, 0x5b, 0x7d, 0x73, 0xf9, 0xa4, 0x6d, 
	0xdd, 0x5d, 0xf5, 0xd7, 0xf5, 0x97, 0xf5, 0x97, 
	0xf5, 0x97, 0xf5, 0x99, 0xf5, 0xd9, 0xf5, 0xd9, 
	0xf5, 0xdb, 0xf5, 0xd9, 0xf5, 0xd9, 0xf5, 0xdb, 
	0xf5, 0xdb, 0xf5, 0xdb, 0xf5, 0xdb, 0xdc, 0xd3, 
	0xdc, 0xd3, 0xe5, 0x11, 0xed, 0x11, 0xed, 0x11, 
	0xed, 0x11, 0xed, 0x11, 0xed, 0x0f, 0xed, 0x0f, 
	0xed, 0x0f, 0xe4, 0xcf, 0xe4, 0xcd, 0xe4, 0xcd, 
	0xdc, 0x8b, 0xdc, 0x49, 0xcc, 0x09, 0xcc, 0x0d, 
	0x9b, 0x9d, 0x5a, 0xf1, 0x4a, 0xfb, 0x5b, 0x7f, 
	0x52, 0xfd, 0x5b, 0x3d, 0x53, 0x3d, 0x4a, 0xbb, 
	0x42, 0xb9, 0x4a, 0xfb, 0x5b, 0x7d, 0xea, 0x41, 
	0xe9, 0x81, 0xfb, 0x81, 0x88, 0x01, 0x88, 0x01, 
	0xa8, 0x81, 0xd0, 0xc1, 0xc0, 0x41, 0xfa, 0x01, 
	0x08, 0x01, 0x6b, 0xbd, 0x6b, 0xbd, 0x6b, 0xbd, 
	0x6b, 0xbd, 0x6b, 0xbd, 0x63, 0xbd, 0x63, 0x7d, 
	0x73, 0xf9, 0xa4, 0xad, 0xd5, 0x5f, 0xf5, 0x97, 
	0xf5, 0x95, 0xed, 0x55, 0xed, 0x95, 0xed, 0x55, 
	0xf5, 0x97, 0xf5, 0x99, 0xf5, 0x99, 0xf5, 0x97, 
	0xf5, 0x97, 0xf5, 0x99, 0xf5, 0xdb, 0xf5, 0xdb, 
	0xf5, 0xd9, 0xf5, 0xd9, 0xed, 0x97, 0xed, 0x53, 
	0xed, 0x53, 0xed, 0x11, 0xed, 0x11, 0xed, 0x11, 
	0xed, 0x11, 0xed, 0x53, 0xed, 0x53, 0xed, 0x53, 
	0xed, 0x11, 0xec, 0xcd, 0xe4, 0xcd, 0xe4, 0xcd, 
	0xe4, 0xcd, 0xe4, 0xcd, 0xe4, 0xcd, 0xe4, 0x8b, 
	0xcc, 0x09, 0xa3, 0x4b, 0xa3, 0x99, 0x83, 0x65, 
	0x6a, 0xeb, 0x5a, 0xef, 0x42, 0x6f, 0x42, 0xb9, 
	0x4a, 0xbb, 0x5b, 0x3b, 0x73, 0x71, 0xea, 0x41, 
	0xe1, 0x41, 0xfb, 0xc1, 0x88, 0x01, 0x88, 0x01, 
	0xa8, 0x81, 0xe1, 0x01, 0xc0, 0x41, 0xfa, 0x01, 
	0x08, 0x01, 0x6b, 0xbd, 0x6b, 0xbd, 0x6b, 0xbd, 
	0x6b, 0xbd, 0x6b, 0xbd, 0x7b, 0xf7, 0xb4, 0xab, 
	0xdd, 0x5d, 0xf5, 0x95, 0xf5, 0x95, 0xed, 0x95, 
	0xed, 0x53, 0xed, 0x53, 0xed, 0x55, 0xed, 0x97, 
	0xf5, 0x97, 0xed, 0x97, 0xed, 0x95, 0xed, 0x97, 
	0xf5, 0x97, 0xf5, 0x99, 0xf5, 0x99, 0xf5, 0x97, 
	0xf5, 0x99, 0xf5, 0x99, 0xed, 0x55, 0xed, 0x11, 
	0xed, 0x11, 0xed, 0x51, 0xed, 0x53, 0xed, 0x53, 
	0xed, 0x53, 0xed, 0x55, 0xed, 0x55, 0xed, 0x11, 
	0xec, 0xcd, 0xe4, 0xcd, 0xe4, 0xcd, 0xe4, 0xcd, 
	0xe4, 0xcd, 0xec, 0xcd, 0xe4, 0xcd, 0xdc, 0x8b, 
	0xcc, 0x09, 0xd4, 0x49, 0xdc, 0x49, 0xd4, 0x49, 
	0xd4, 0x4b, 0xbb, 0x89, 0x5a, 0x5d, 0x3a, 0x7d, 
	0x42, 0xbb, 0x7b, 0x25, 0x92, 0xc7, 0xe2, 0x01, 
	0xe9, 0x81, 0xfb, 0xc1, 0x88, 0x01, 0x88, 0x01, 
	0xa8, 0x81, 0xd0, 0xc1, 0xc8, 0x81, 0xfa, 0x01, 
	0x08, 0x01, 0x6b, 0xbd, 0x6b, 0xbd, 0x6b, 0xb9, 
	0x9c, 0x2b, 0xbc, 0xe1, 0xe5, 0x59, 0xfd, 0x95, 
	0xf5, 0x93, 0xed, 0x53, 0xed, 0x53, 0xed, 0x53, 
	0xed, 0x53, 0xed, 0x55, 0xed, 0x95, 0xed, 0x97, 
	0xed, 0x95, 0xed, 0x55, 0xf5, 0x95, 0xf5, 0x97, 
	0xf5, 0x97, 0xed, 0x55, 0xed, 0x55, 0xed, 0x97, 
	0xed, 0x97, 0xed, 0x55, 0xed, 0x53, 0xed, 0x51, 
	0xed, 0x51, 0xed, 0x53, 0xed, 0x55, 0xed, 0x55, 
	0xed, 0x55, 0xed, 0x53, 0xed, 0x11, 0xed, 0x0f, 
	0xed, 0x0f, 0xec, 0xcd, 0xec, 0xcd, 0xec, 0xcd, 
	0xec, 0xcd, 0xec, 0xcd, 0xe4, 0x8d, 0xdc, 0x8b, 
	0xe4, 0x8d, 0xdc, 0x8d, 0xdc, 0x4b, 0xd4, 0x4b, 
	0xdc, 0x4b, 0xbb, 0x87, 0x6a, 0x55, 0x62, 0xeb, 
	0x72, 0xdd, 0x92, 0xc5, 0x8a, 0x81, 0xe2, 0x01, 
	0xe9, 0x81, 0xfb, 0x81, 0x88, 0x01, 0x88, 0x01, 
	0xa8, 0x81, 0xe1, 0x01, 0xc0, 0x41, 0xf1, 0xc1, 
	0x08, 0x01, 0x9c, 0x6d, 0x63, 0xbf, 0x73, 0xb5, 
	0xe5, 0x15, 0xf5, 0x95, 0xf5, 0x95, 0xed, 0x51, 
	0xed, 0x51, 0xed, 0x51, 0xed, 0x51, 0xed, 0x53, 
	0xed, 0x53, 0xed, 0x55, 0xed, 0x55, 0xed, 0x55, 
	0xed, 0x53, 0xed, 0x55, 0xed, 0x55, 0xed, 0x55, 
	0xed, 0x53, 0xed, 0x11, 0xed, 0x53, 0xed, 0x53, 
	0xed, 0x53, 0xed, 0x51, 0xed, 0x53, 0xed, 0x55, 
	0xed, 0x55, 0xed, 0x55, 0xed, 0x53, 0xed, 0x53, 
	0xed, 0x53, 0xed, 0x0f, 0xed, 0x11, 0xed, 0x53, 
	0xed, 0x55, 0xed, 0x53, 0xed, 0x0f, 0xec, 0xcf, 
	0xed, 0x0f, 0xec, 0xcd, 0xe4, 0xcd, 0xec, 0xcf, 
	0xec, 0xcf, 0xec, 0xcd, 0xe4, 0x8b, 0xdc, 0x4b, 
	0xd4, 0x0b, 0xc4, 0x0b, 0xab, 0x47, 0xa3, 0x05, 
	0x9b, 0x03, 0x92, 0xc3, 0x8a, 0xc5, 0xe2, 0x01, 
	0xe1, 0x41, 0xfb, 0x81, 0x88, 0x01, 0x88, 0x01, 
	0xa8, 0x81, 0xe1, 0x01, 0xc0, 0x41, 0xfa, 0x01, 
	0x08, 0x01, 0xed, 0x11, 0xac, 0x65, 0x7b, 0xf7, 
	0xcc, 0x99, 0xf5, 0x51, 0xed, 0x53, 0xed, 0x51, 
	0xed, 0x51, 0xed, 0x51, 0xed, 0x53, 0xed, 0x53, 
	0xed, 0x53, 0xed, 0x53, 0xed, 0x53, 0xed, 0x53, 
	0xed, 0x53, 0xed, 0x53, 0xed, 0x53, 0xed, 0x11, 
	0xed, 0x11, 0xed, 0x11, 0xed, 0x51, 0xed, 0x51, 
	0xed, 0x11, 0xed, 0x53, 0xed, 0x95, 0xed, 0x95, 
	0xed, 0x95, 0xed, 0x53, 0xed, 0x11, 0xed, 0x11, 
	0xed, 0x11, 0xed, 0x51, 0xed, 0x53, 0xed, 0x55, 
	0xf5, 0x97, 0xf5, 0x99, 0xed, 0x55, 0xed, 0x53, 
	0xed, 0x53, 0xed, 0x53, 0xed, 0x53, 0xed, 0x11, 
	0xed, 0x11, 0xec, 0xcf, 0xe4, 0x8d, 0xe4, 0x8d, 
	0xdc, 0x4b, 0xc4, 0x09, 0xab, 0x87, 0x9a, 0xc5, 
	0x92, 0xc3, 0x9a, 0xc3, 0x82, 0x8b, 0xe1, 0xc1, 
	0xe9, 0x81, 0xfb, 0xc1, 0x88, 0x01, 0x88, 0x01, 
	0xa8, 0x81, 0xd0, 0xc1, 0xc0, 0x41, 0xf9, 0xc1, 
	0x08, 0x01, 0xed, 0x0f, 0xed, 0x0f, 0xbc, 0xa1, 
	0xa4, 0x65, 0xe4, 0xd1, 0xed, 0x53, 0xed, 0x53, 
	0xed, 0x53, 0xed, 0x53, 0xed, 0x53, 0xed, 0x53, 
	0xed, 0x53, 0xed, 0x53, 0xed, 0x11, 0xed, 0x11, 
	0xed, 0x11, 0xed, 0x11, 0xed, 0x11, 0xed, 0x11, 
	0xe5, 0x11, 0xe5, 0x11, 0xed, 0x11, 0xed, 0x11, 
	0xed, 0x51, 0xed, 0x55, 0xed, 0x55, 0xed, 0x11, 
	0xed, 0x11, 0xed, 0x11, 0xed, 0x53, 0xed, 0x53, 
	0xed, 0x55, 0xe5, 0x53, 0xbc, 0x51, 0xd4, 0x91, 
	0xed, 0x97, 0xf5, 0x97, 0xed, 0x55, 0xed, 0x55, 
	0xed, 0x55, 0xed, 0x55, 0xed, 0x53, 0xed, 0x55, 
	0xed, 0x55, 0xed, 0x11, 0xed, 0x0f, 0xe4, 0xcf, 
	0xd4, 0x8d, 0xc4, 0x0b, 0xab, 0x47, 0x9b, 0x05, 
	0x9a, 0xc3, 0x8a, 0x81, 0x62, 0x5f, 0xe1, 0xc1, 
	0xe9, 0x81, 0xfb, 0xc1, 0x88, 0x01, 0x88, 0x01, 
	0xa8, 0x81, 0xd0, 0xc1, 0xc0, 0x41, 0xf1, 0xc1, 
	0x08, 0x01, 0xf5, 0x0f, 0xed, 0x0f, 0xed, 0x0f, 
	0xd4, 0xd7, 0xdc, 0xd1, 0xed, 0x51, 0xed, 0x53, 
	0xed, 0x55, 0xed, 0x53, 0xed, 0x53, 0xed, 0x51, 
	0xed, 0x11, 0xed, 0x11, 0xed, 0x11, 0xed, 0x11, 
	0xed, 0x11, 0xed, 0x11, 0xed, 0x11, 0xe5, 0x11, 
	0xdc, 0xd5, 0xed, 0x57, 0xed, 0x55, 0xed, 0x11, 
	0xed, 0x51, 0xed, 0x53, 0xed, 0x11, 0xed, 0x11, 
	0xed, 0x11, 0xed, 0x53, 0xed, 0x55, 0xf5, 0x97, 
	0xed, 0x95, 0xcc, 0x95, 0xe5, 0x5b, 0xe5, 0x17, 
	0xdc, 0xd3, 0xed, 0x55, 0xed, 0x55, 0xed, 0x55, 
	0xed, 0x53, 0xed, 0x53, 0xed, 0x53, 0xed, 0x55, 
	0xed, 0x53, 0xed, 0x11, 0xe4, 0xcf, 0xe4, 0xcf, 
	0xe5, 0x11, 0xbc, 0x0b, 0xa3, 0x47, 0xa3, 0x47, 
	0x92, 0xc1, 0x82, 0x89, 0x62, 0xef, 0xe2, 0x01, 
	0xe1, 0x41, 0xfb, 0xc1, 0x88, 0x01, 0x88, 0x01, 
	0xa8, 0x81, 0xe1, 0x01, 0xc0, 0x41, 0xfa, 0x01, 
	0x08, 0x01, 0xe4, 0xd1, 0xed, 0x0f, 0xed, 0x11, 
	0xed, 0x0f, 0xed, 0x0f, 0xed, 0x0f, 0xed, 0x11, 
	0xed, 0x51, 0xed, 0x11, 0xed, 0x11, 0xed, 0x11, 
	0xed, 0x11, 0xed, 0x11, 0xed, 0x11, 0xed, 0x11, 
	0xed, 0x11, 0xed, 0x11, 0xed, 0x11, 0xe5, 0x15, 
	0xfd, 0xdf, 0xfe, 0x21, 0xfd, 0xdf, 0xf5, 0x9b, 
	0xe5, 0x11, 0xed, 0x11, 0xed, 0x11, 0xed, 0x51, 
	0xed, 0x51, 0xed, 0x53, 0xed, 0x53, 0xe5, 0x13, 
	0xdd, 0x17, 0xfd, 0xdf, 0xfe, 0x21, 0xfd, 0xe1, 
	0xe5, 0x59, 0xe5, 0x55, 0xf5, 0x55, 0xed, 0x53, 
	0xed, 0x53, 0xed, 0x53, 0xed, 0x51, 0xed, 0x53, 
	0xed, 0x51, 0xed, 0x11, 0xdc, 0xcf, 0xe5, 0x13, 
	0xdc, 0xcf, 0xbb, 0xc9, 0xb3, 0xc9, 0x9b, 0x05, 
	0x8a, 0x85, 0x62, 0xa3, 0x63, 0x79, 0xe2, 0x01, 
	0xe1, 0x41, 0xfb, 0xc1, 0x88, 0x01, 0x88, 0x01, 
	0xa8, 0x81, 0xd0, 0xc1, 0xb8, 0x41, 0xf9, 0xc1, 
	0x08, 0x01, 0xa4, 0x21, 0xf5, 0x4f, 0xed, 0x11, 
	0xed, 0x11, 0xed, 0x0f, 0xed, 0x11, 0xed, 0x11, 
	0xed, 0x11, 0xed, 0x11, 0xed, 0x11, 0xed, 0x11, 
	0xed, 0x11, 0xed, 0x11, 0xed, 0x11, 0xed, 0x11, 
	0xed, 0x11, 0xed, 0x11, 0xcc, 0x4f, 0xb4, 0x15, 
	0xe5, 0x5f, 0xfd, 0xe1, 0xfe, 0x21, 0xfe, 0x21, 
	0xf5, 0x9d, 0xdc, 0xd5, 0xd4, 0xd1, 0xe5, 0x13, 
	0xe5, 0x13, 0xcc, 0x93, 0xd4, 0x93, 0xed, 0x5b, 
	0xfd, 0xe1, 0xed, 0x9f, 0xed, 0x9f, 0xfe, 0x21, 
	0xfe, 0x21, 0xcc, 0xd7, 0xe5, 0x15, 0xf5, 0x53, 
	0xed, 0x51, 0xed, 0x11, 0xed, 0x11, 0xed, 0x11, 
	0xed, 0x11, 0xdc, 0xcf, 0xe5, 0x11, 0xe5, 0x11, 
	0xd4, 0x8d, 0xc4, 0x0b, 0xab, 0x47, 0x9b, 0x03, 
	0x72, 0x97, 0x52, 0xf5, 0x5b, 0x3b, 0xea, 0x41, 
	0xe1, 0x41, 0xfb, 0xc1, 0x88, 0x01, 0x88, 0x01, 
	0xa8, 0x81, 0xd0, 0xc1, 0xb8, 0x41, 0xf9, 0xc1, 
	0x08, 0x01, 0x73, 0xb5, 0xdc, 0xd3, 0xf5, 0x4f, 
	0xed, 0x11, 0xed, 0x11, 0xed, 0x11, 0xed, 0x11, 
	0xed, 0x11, 0xed, 0x11, 0xed, 0x11, 0xed, 0x11, 
	0xed, 0x11, 0xed, 0x11, 0xed, 0x11, 0xed, 0x11, 
	0xe4, 0xcf, 0xbc, 0x0f, 0xab, 0xd3, 0xbc, 0x57, 
	0xcc, 0xdb, 0xf5, 0x9f, 0xfe, 0x21, 0xfe, 0x21, 
	0xfe, 0x21, 0xfd, 0xe1, 0xed, 0x5d, 0xe5, 0x5b, 
	0xe5, 0x5b, 0xed, 0x5d, 0xfd, 0xe1, 0xfe, 0x23, 
	0xf5, 0xa1, 0xdd, 0x1d, 0xcc, 0x99, 0xb4, 0x59, 
	0xfe, 0x21, 0xed, 0x9f, 0xac, 0x13, 0xd4, 0xd3, 
	0xed, 0x53, 0xed, 0x11, 0xed, 0x11, 0xed, 0x11, 
	0xdc, 0xcf, 0xe4, 0xcf, 0xed, 0x0f, 0xdc, 0xcf, 
	0xcc, 0x4d, 0xab, 0x87, 0x9b, 0x03, 0x9b, 0x0f, 
	0x52, 0xb5, 0x4a, 0xfd, 0x4a, 0xbd, 0xf2, 0x81, 
	0xe9, 0x41, 0xfb, 0x81, 0x88, 0x01, 0x88, 0x01, 
	0xa8, 0x81, 0xd0, 0xc1, 0xb8, 0x41, 0xf1, 0xc1, 
	0x08, 0x01, 0x5b, 0x7d, 0x7b, 0x6b, 0xe5, 0x11, 
	0xed, 0x4f, 0xed, 0x53, 0xed, 0x51, 0xed, 0x11, 
	0xed, 0x11, 0xed, 0x0f, 0xed, 0x0f, 0xed, 0x0f, 
	0xed, 0x0f, 0xed, 0x11, 0xed, 0x11, 0xdc, 0xcf, 
	0xb4, 0x13, 0xed, 0x5d, 0xfe, 0x21, 0xfe, 0x61, 
	0xfe, 0x61, 0xfe, 0x21, 0xfe, 0x21, 0xfe, 0x21, 
	0xfe, 0x21, 0xfe, 0x21, 0xfe, 0x21, 0xfe, 0x21, 
	0xfe, 0x21, 0xfe, 0x21, 0xfe, 0x21, 0xfe, 0x21, 
	0xfe, 0x21, 0xfe, 0x23, 0xfe, 0x23, 0xfd, 0xe1, 
	0xfe, 0x21, 0xfd, 0xe1, 0xd4, 0xdb, 0xc4, 0x95, 
	0xe5, 0x11, 0xed, 0x11, 0xed, 0x11, 0xe4, 0xd1, 
	0xe5, 0x0f, 0xe5, 0x0f, 0xdc, 0xcf, 0xd4, 0x8f, 
	0xcc, 0x4d, 0xa3, 0x45, 0xa3, 0x47, 0x73, 0x27, 
	0x4a, 0xfd, 0x4a, 0xfd, 0x4a, 0xbd, 0xfb, 0x01, 
	0xe1, 0x41, 0xfc, 0x01, 0x88, 0x01, 0x88, 0x01, 
	0xa8, 0x81, 0xd0, 0xc1, 0xb8, 0x41, 0xf1, 0xc1, 
	0x08, 0x01, 0x63, 0x7d, 0x4a, 0xfb, 0x83, 0xab, 
	0xed, 0x13, 0xf5, 0x4f, 0xed, 0x53, 0xed, 0x51, 
	0xed, 0x11, 0xed, 0x11, 0xed, 0x11, 0xed, 0x11, 
	0xed, 0x11, 0xed, 0x11, 0xcc, 0x8f, 0xb4, 0x15, 
	0xc4, 0x99, 0xe5, 0x5f, 0xed, 0xa1, 0xcc, 0xd9, 
	0xcc, 0xd9, 0xf5, 0xdf, 0xfe, 0x21, 0xfe, 0x21, 
	0xfe, 0x21, 0xfe, 0x21, 0xfe, 0x21, 0xfe, 0x21, 
	0xfe, 0x21, 0xfe, 0x21, 0xfe, 0x21, 0xfe, 0x21, 
	0xfe, 0x21, 0xed, 0x9f, 0xc4, 0x99, 0xa3, 0xd5, 
	0x9b, 0xd5, 0xcc, 0xdb, 0xf5, 0x9f, 0xdc, 0xd9, 
	0xe4, 0xcf, 0xed, 0x0f, 0xe4, 0xcf, 0xe5, 0x11, 
	0xe5, 0x0f, 0xe4, 0xcf, 0xd4, 0x8f, 0xdc, 0xcf, 
	0xc4, 0x0b, 0xb3, 0x85, 0x8b, 0x5d, 0x53, 0x39, 
	0x4a, 0xfd, 0x4a, 0xfd, 0x4a, 0xfd, 0xfb, 0x41, 
	0xe9, 0x41, 0xfc, 0x01, 0x88, 0x01, 0x88, 0x01, 
	0xa8, 0x81, 0xd0, 0xc1, 0xb8, 0x41, 0xf1, 0xc1, 
	0x08, 0x01, 0x63, 0xbb, 0x63, 0xbd, 0x5b, 0x7d, 
	0x8c, 0x31, 0xd4, 0xdb, 0xf5, 0x51, 0xf5, 0x4f, 
	0xed, 0x53, 0xed, 0x53, 0xed, 0x11, 0xed, 0x11, 
	0xed, 0x11, 0xed, 0x11, 0xc4, 0x51, 0xab, 0xd5, 
	0xa3, 0xd5, 0x5a, 0x4d, 0x6a, 0xd3, 0xa4, 0xa1, 
	0xac, 0xe3, 0xa4, 0x19, 0xcc, 0xd9, 0xfe, 0x21, 
	0xfe, 0x21, 0xfe, 0x21, 0xfe, 0x21, 0xfe, 0x21, 
	0xfe, 0x21, 0xfe, 0x21, 0xfe, 0x21, 0xfe, 0x21, 
	0xed, 0x5d, 0xb4, 0x9d, 0xd6, 0x2b, 0xc5, 0xeb, 
	0x6a, 0xd5, 0x7a, 0xcf, 0xdd, 0x1d, 0xd4, 0xd7, 
	0xe4, 0xcf, 0xed, 0x0f, 0xed, 0x0f, 0xe4, 0xcf, 
	0xe5, 0x0f, 0xdc, 0xcf, 0xe4, 0xcf, 0xdc, 0x8d, 
	0xbb, 0xc9, 0x9b, 0x51, 0x52, 0xf5, 0x7b, 0x67, 
	0x6a, 0xe9, 0x4a, 0xff, 0x4a, 0xbd, 0xfb, 0x81, 
	0xe9, 0x41, 0xfc, 0x01, 0x88, 0x01, 0x88, 0x01, 
	0xa8, 0x81, 0xc8, 0x81, 0xb8, 0x41, 0xf1, 0xc1, 
	0x08, 0x01, 0x63, 0x7b, 0x63, 0xbb, 0x63, 0x7d, 
	0x53, 0x3d, 0x63, 0x79, 0x9c, 0x6d, 0xc4, 0xdf, 
	0xed, 0x57, 0xed, 0x53, 0xed, 0x11, 0xed, 0x11, 
	0xed, 0x11, 0xed, 0x11, 0xdc, 0xcf, 0xbc, 0x13, 
	0x9b, 0x93, 0x6a, 0x91, 0xe6, 0xf7, 0xff, 0xff, 
	0xff, 0xff, 0xff, 0xbd, 0x9c, 0x5b, 0xe5, 0x5d, 
	0xfe, 0x21, 0xfe, 0x21, 0xfe, 0x21, 0xfe, 0x21, 
	0xfe, 0x21, 0xfe, 0x21, 0xfe, 0x21, 0xf5, 0x9d, 
	0xc5, 0x1f, 0xe7, 0x39, 0xcf, 0x3f, 0xf7, 0xff, 
	0xd6, 0xb3, 0x72, 0xd1, 0xcc, 0xdb, 0xbc, 0x55, 
	0xe5, 0x11, 0xed, 0x0f, 0xe5, 0x0f, 0xe5, 0x0f, 
	0xed, 0x0f, 0xe5, 0x11, 0xe4, 0xd1, 0xc4, 0x0d, 
	0xab, 0x47, 0x62, 0x5d, 0x83, 0xa9, 0xdc, 0x47, 
	0x9b, 0x59, 0x42, 0xbf, 0x42, 0xbf, 0xfb, 0x81, 
	0xe9, 0x41, 0xfc, 0x01, 0x88, 0x01, 0x88, 0x01, 
	0xa8, 0x81, 0xd0, 0xc1, 0xc0, 0x41, 0xf1, 0xc1, 
	0x08, 0x01, 0x63, 0x7b, 0x63, 0x7b, 0x5b, 0x3b, 
	0x53, 0x3b, 0x5b, 0x7b, 0x5b, 0x7d, 0x5b, 0x3d, 
	0xb4, 0xa5, 0xf5, 0x93, 0xed, 0x11, 0xed, 0x11, 
	0xed, 0x11, 0xed, 0x51, 0xe4, 0xcf, 0x82, 0xcd, 
	0x82, 0xcf, 0x9c, 0x61, 0xff, 0xff, 0xd6, 0xb7, 
	0x7c, 0xa9, 0x85, 0x2f, 0xb5, 0x6b, 0xbc, 0x99, 
	0xfe, 0x21, 0xfe, 0x21, 0xfe, 0x21, 0xfe, 0x21, 
	0xfe, 0x21, 0xfe, 0x21, 0xfd, 0xe1, 0xbc, 0x9b, 
	0xde, 0xf7, 0x7d, 0xf9, 0x44, 0xb1, 0x5b, 0xe5, 
	0xd6, 0xb7, 0x8b, 0x97, 0xc4, 0x99, 0xbc, 0x51, 
	0xed, 0x11, 0xed, 0x0f, 0xed, 0x0f, 0xed, 0x0f, 
	0xed, 0x0f, 0xe5, 0x11, 0xcc, 0x4f, 0xb3, 0x89, 
	0x7a, 0x05, 0x9b, 0x0d, 0xcc, 0x4b, 0xcc, 0x05, 
	0x8b, 0x5f, 0x42, 0xbf, 0x4a, 0xbf, 0xfb, 0x81, 
	0xe9, 0x41, 0xfc, 0x01, 0x88, 0x01, 0x88, 0x01, 
	
};

Gfx ttc_dl_widefancycarpet_ci4_aligner[] = {gsSPEndDisplayList()};
u8 ttc_dl_widefancycarpet_ci4[] = {
	0x00, 0x12, 0x33, 0x30, 0x30, 0x33, 0x30, 0x33, 
	0x33, 0x33, 0x30, 0x33, 0x33, 0x33, 0x30, 0x00, 
	0x00, 0x30, 0x33, 0x30, 0x30, 0x33, 0x30, 0x33, 
	0x33, 0x33, 0x30, 0x33, 0x33, 0x33, 0x42, 0x00, 
	0x30, 0x21, 0x33, 0x03, 0x33, 0x33, 0x33, 0x30, 
	0x03, 0x30, 0x33, 0x33, 0x30, 0x30, 0x30, 0x33, 
	0x30, 0x03, 0x33, 0x03, 0x33, 0x33, 0x33, 0x30, 
	0x03, 0x30, 0x33, 0x33, 0x30, 0x30, 0x42, 0x33, 
	0x33, 0x24, 0x33, 0x33, 0x30, 0x30, 0x33, 0x30, 
	0x33, 0x33, 0x33, 0x33, 0x33, 0x33, 0x33, 0x00, 
	0x33, 0x03, 0x33, 0x33, 0x30, 0x30, 0x33, 0x30, 
	0x33, 0x33, 0x33, 0x33, 0x33, 0x33, 0x14, 0x00, 
	0x03, 0x21, 0x30, 0x03, 0x00, 0x03, 0x33, 0x30, 
	0x03, 0x33, 0x30, 0x30, 0x33, 0x00, 0x30, 0x33, 
	0x03, 0x03, 0x30, 0x03, 0x00, 0x03, 0x33, 0x30, 
	0x03, 0x33, 0x30, 0x30, 0x33, 0x00, 0x42, 0x33, 
	0x33, 0x14, 0x33, 0x00, 0x33, 0x30, 0x03, 0x03, 
	0x00, 0x33, 0x00, 0x00, 0x03, 0x03, 0x03, 0x33, 
	0x33, 0x33, 0x33, 0x00, 0x33, 0x30, 0x03, 0x03, 
	0x00, 0x33, 0x00, 0x00, 0x03, 0x03, 0x24, 0x33, 
	0x30, 0x24, 0x30, 0x33, 0x33, 0x33, 0x30, 0x33, 
	0x03, 0x00, 0x30, 0x33, 0x00, 0x33, 0x33, 0x03, 
	0x30, 0x03, 0x30, 0x33, 0x33, 0x33, 0x30, 0x33, 
	0x03, 0x00, 0x30, 0x33, 0x00, 0x33, 0x44, 0x03, 
	0x33, 0x14, 0x30, 0x33, 0x00, 0x33, 0x33, 0x03, 
	0x33, 0x30, 0x30, 0x00, 0x30, 0x03, 0x03, 0x30, 
	0x33, 0x33, 0x30, 0x33, 0x00, 0x33, 0x33, 0x03, 
	0x33, 0x30, 0x30, 0x00, 0x30, 0x03, 0x21, 0x30, 
	0x33, 0x11, 0x30, 0x33, 0x33, 0x30, 0x33, 0x00, 
	0x33, 0x33, 0x03, 0x33, 0x03, 0x00, 0x03, 0x33, 
	0x33, 0x33, 0x30, 0x33, 0x33, 0x30, 0x33, 0x00, 
	0x33, 0x33, 0x03, 0x33, 0x03, 0x00, 0x24, 0x33, 
	0x33, 0x41, 0x30, 0x33, 0x00, 0x33, 0x00, 0x33, 
	0x03, 0x00, 0x30, 0x30, 0x03, 0x33, 0x03, 0x33, 
	0x33, 0x33, 0x30, 0x33, 0x00, 0x33, 0x00, 0x33, 
	0x03, 0x00, 0x30, 0x30, 0x03, 0x33, 0x21, 0x33, 
	0x30, 0x44, 0x00, 0x00, 0x00, 0x00, 0x33, 0x33, 
	0x33, 0x03, 0x03, 0x33, 0x00, 0x33, 0x30, 0x30, 
	0x30, 0x33, 0x00, 0x00, 0x00, 0x00, 0x33, 0x33, 
	0x33, 0x03, 0x03, 0x33, 0x00, 0x33, 0x12, 0x30, 
	0x33, 0x22, 0x30, 0x33, 0x03, 0x30, 0x33, 0x33, 
	0x30, 0x30, 0x30, 0x33, 0x30, 0x33, 0x03, 0x30, 
	0x33, 0x00, 0x30, 0x33, 0x03, 0x30, 0x33, 0x33, 
	0x30, 0x30, 0x30, 0x33, 0x30, 0x33, 0x21, 0x30, 
	0x30, 0x14, 0x33, 0x03, 0x33, 0x33, 0x33, 0x30, 
	0x03, 0x03, 0x30, 0x33, 0x30, 0x33, 0x03, 0x33, 
	0x30, 0x33, 0x33, 0x03, 0x33, 0x33, 0x33, 0x30, 
	0x03, 0x03, 0x30, 0x33, 0x30, 0x33, 0x21, 0x33, 
	0x03, 0x11, 0x33, 0x30, 0x33, 0x33, 0x30, 0x33, 
	0x33, 0x03, 0x33, 0x03, 0x33, 0x30, 0x30, 0x03, 
	0x03, 0x33, 0x33, 0x30, 0x33, 0x33, 0x30, 0x33, 
	0x33, 0x03, 0x33, 0x03, 0x33, 0x30, 0x12, 0x03, 
	0x00, 0x12, 0x33, 0x03, 0x00, 0x00, 0x33, 0x33, 
	0x03, 0x33, 0x03, 0x30, 0x00, 0x33, 0x33, 0x33, 
	0x00, 0x30, 0x33, 0x03, 0x00, 0x00, 0x33, 0x33, 
	0x03, 0x33, 0x03, 0x30, 0x00, 0x33, 0x11, 0x33, 
	0x00, 0x12, 0x03, 0x33, 0x30, 0x33, 0x30, 0x03, 
	0x30, 0x33, 0x33, 0x00, 0x30, 0x00, 0x30, 0x33, 
	0x00, 0x30, 0x03, 0x33, 0x30, 0x33, 0x30, 0x03, 
	0x30, 0x33, 0x33, 0x00, 0x30, 0x00, 0x42, 0x33, 
	0x33, 0x12, 0x33, 0x03, 0x00, 0x00, 0x33, 0x33, 
	0x33, 0x03, 0x33, 0x30, 0x33, 0x03, 0x33, 0x33, 
	0x33, 0x30, 0x33, 0x03, 0x00, 0x00, 0x33, 0x33, 
	0x33, 0x03, 0x33, 0x30, 0x33, 0x03, 0x44, 0x33, 
	0x33, 0x11, 0x33, 0x33, 0x30, 0x33, 0x30, 0x30, 
	0x30, 0x03, 0x00, 0x33, 0x30, 0x30, 0x33, 0x33, 
	0x33, 0x33, 0x33, 0x33, 0x30, 0x33, 0x30, 0x30, 
	0x30, 0x03, 0x00, 0x33, 0x30, 0x30, 0x11, 0x33, 
	0x33, 0x14, 0x03, 0x03, 0x30, 0x33, 0x00, 0x33, 
	0x00, 0x00, 0x33, 0x33, 0x33, 0x03, 0x00, 0x03, 
	0x33, 0x33, 0x03, 0x03, 0x30, 0x33, 0x00, 0x33, 
	0x00, 0x00, 0x33, 0x33, 0x33, 0x03, 0x22, 0x03, 
	0x03, 0x44, 0x30, 0x33, 0x33, 0x33, 0x30, 0x03, 
	0x33, 0x03, 0x00, 0x33, 0x03, 0x00, 0x33, 0x03, 
	0x03, 0x33, 0x30, 0x33, 0x33, 0x33, 0x30, 0x03, 
	0x33, 0x03, 0x00, 0x33, 0x03, 0x00, 0x14, 0x03, 
	0x33, 0x24, 0x03, 0x30, 0x00, 0x03, 0x33, 0x03, 
	0x33, 0x30, 0x33, 0x03, 0x33, 0x00, 0x03, 0x30, 
	0x33, 0x03, 0x03, 0x30, 0x00, 0x03, 0x33, 0x03, 
	0x33, 0x30, 0x33, 0x03, 0x33, 0x00, 0x21, 0x30, 
	0x33, 0x44, 0x33, 0x33, 0x33, 0x03, 0x03, 0x30, 
	0x30, 0x03, 0x30, 0x33, 0x03, 0x30, 0x33, 0x33, 
	0x33, 0x33, 0x33, 0x33, 0x33, 0x03, 0x03, 0x30, 
	0x30, 0x03, 0x30, 0x33, 0x03, 0x30, 0x11, 0x33, 
	0x03, 0x42, 0x33, 0x00, 0x33, 0x03, 0x33, 0x33, 
	0x03, 0x03, 0x30, 0x00, 0x30, 0x33, 0x33, 0x03, 
	0x03, 0x30, 0x33, 0x00, 0x33, 0x03, 0x33, 0x33, 
	0x03, 0x03, 0x30, 0x00, 0x30, 0x33, 0x11, 0x03, 
	0x00, 0x41, 0x03, 0x33, 0x33, 0x33, 0x03, 0x30, 
	0x00, 0x30, 0x30, 0x33, 0x33, 0x03, 0x03, 0x30, 
	0x00, 0x33, 0x03, 0x33, 0x33, 0x33, 0x03, 0x30, 
	0x00, 0x30, 0x30, 0x33, 0x33, 0x03, 0x21, 0x30, 
	0x30, 0x14, 0x03, 0x33, 0x33, 0x03, 0x33, 0x33, 
	0x30, 0x33, 0x30, 0x30, 0x03, 0x00, 0x30, 0x00, 
	0x30, 0x33, 0x03, 0x33, 0x33, 0x03, 0x33, 0x33, 
	0x30, 0x33, 0x30, 0x30, 0x03, 0x00, 0x12, 0x00, 
	0x30, 0x21, 0x30, 0x30, 0x00, 0x33, 0x00, 0x00, 
	0x00, 0x30, 0x30, 0x03, 0x30, 0x03, 0x33, 0x03, 
	0x30, 0x03, 0x30, 0x30, 0x00, 0x33, 0x00, 0x00, 
	0x00, 0x30, 0x30, 0x03, 0x30, 0x03, 0x11, 0x03, 
	0x30, 0x22, 0x03, 0x33, 0x30, 0x00, 0x30, 0x30, 
	0x30, 0x33, 0x03, 0x30, 0x00, 0x30, 0x03, 0x30, 
	0x30, 0x00, 0x03, 0x33, 0x30, 0x00, 0x30, 0x30, 
	0x30, 0x33, 0x03, 0x30, 0x00, 0x30, 0x21, 0x30, 
	0x03, 0x42, 0x30, 0x33, 0x30, 0x30, 0x33, 0x03, 
	0x30, 0x30, 0x33, 0x33, 0x30, 0x03, 0x33, 0x30, 
	0x03, 0x30, 0x30, 0x33, 0x30, 0x30, 0x33, 0x03, 
	0x30, 0x30, 0x33, 0x33, 0x30, 0x03, 0x11, 0x30, 
	0x03, 0x11, 0x33, 0x33, 0x30, 0x03, 0x03, 0x33, 
	0x33, 0x03, 0x00, 0x33, 0x30, 0x33, 0x00, 0x33, 
	0x03, 0x33, 0x33, 0x33, 0x30, 0x03, 0x03, 0x33, 
	0x33, 0x03, 0x00, 0x33, 0x30, 0x33, 0x22, 0x33, 
	0x03, 0x14, 0x33, 0x33, 0x30, 0x33, 0x03, 0x03, 
	0x33, 0x03, 0x33, 0x03, 0x33, 0x30, 0x33, 0x03, 
	0x03, 0x33, 0x33, 0x33, 0x30, 0x33, 0x03, 0x03, 
	0x33, 0x03, 0x33, 0x03, 0x33, 0x30, 0x11, 0x03, 
	0x00, 0x12, 0x03, 0x33, 0x33, 0x30, 0x00, 0x00, 
	0x03, 0x30, 0x03, 0x33, 0x30, 0x30, 0x33, 0x33, 
	0x00, 0x30, 0x03, 0x33, 0x33, 0x30, 0x00, 0x00, 
	0x03, 0x30, 0x03, 0x33, 0x30, 0x30, 0x41, 0x33, 
	0x30, 0x44, 0x03, 0x33, 0x03, 0x03, 0x33, 0x33, 
	0x33, 0x30, 0x33, 0x33, 0x00, 0x00, 0x30, 0x30, 
	0x30, 0x33, 0x03, 0x33, 0x03, 0x03, 0x33, 0x33, 
	0x33, 0x30, 0x33, 0x33, 0x00, 0x00, 0x42, 0x30, 
	0x33, 0x22, 0x33, 0x00, 0x03, 0x30, 0x03, 0x33, 
	0x03, 0x03, 0x33, 0x33, 0x00, 0x30, 0x33, 0x33, 
	0x33, 0x00, 0x33, 0x00, 0x03, 0x30, 0x03, 0x33, 
	0x03, 0x03, 0x33, 0x33, 0x00, 0x30, 0x11, 0x33, 
	
};

Gfx ttc_dl_widefancycarpet_pal_rgba16_aligner[] = {gsSPEndDisplayList()};
u8 ttc_dl_widefancycarpet_pal_rgba16[] = {
	0xa0, 0x01, 0xcc, 0x81, 0xdc, 0xc1, 0x90, 0x01, 
	0xd4, 0x81, 
};

Gfx ttc_dl_beta_checkerboard2_i8_aligner[] = {gsSPEndDisplayList()};
u8 ttc_dl_beta_checkerboard2_i8[] = {
	0xe0, 0x50, 0x50, 0x50, 0x50, 0x50, 0x50, 0x50, 
	0x50, 0x50, 0x50, 0x50, 0x50, 0x50, 0x50, 0x50, 
	0x50, 0xf8, 0xf8, 0xf8, 0xf8, 0xf8, 0xf8, 0xf8, 
	0xf8, 0xf8, 0xf8, 0xf8, 0xf8, 0xf8, 0xf8, 0xf8, 
	0xb0, 0x40, 0x58, 0x58, 0x58, 0x58, 0x58, 0x58, 
	0x58, 0x58, 0x58, 0x58, 0x58, 0x58, 0x58, 0x58, 
	0x40, 0xf8, 0xf8, 0xf8, 0xf8, 0xf8, 0xf8, 0xf8, 
	0xf8, 0xf8, 0xf8, 0xf8, 0xf8, 0xf8, 0xf8, 0xf8, 
	0xb0, 0x40, 0x58, 0x58, 0x58, 0x58, 0x58, 0x58, 
	0x58, 0x58, 0x58, 0x58, 0x58, 0x58, 0x58, 0x58, 
	0x40, 0xf8, 0xf8, 0xf8, 0xf8, 0xf8, 0xf8, 0xf8, 
	0xf8, 0xf8, 0xf8, 0xf8, 0xf8, 0xf8, 0xf8, 0xf8, 
	0xb0, 0x40, 0x58, 0x58, 0x58, 0x58, 0x58, 0x58, 
	0x58, 0x58, 0x58, 0x58, 0x58, 0x58, 0x58, 0x58, 
	0x40, 0xf8, 0xf8, 0xf8, 0xf8, 0xf8, 0xf8, 0xf8, 
	0xf8, 0xf8, 0xf8, 0xf8, 0xf8, 0xf8, 0xf8, 0xf8, 
	0xb0, 0x40, 0x58, 0x58, 0x58, 0x58, 0x58, 0x58, 
	0x58, 0x58, 0x58, 0x58, 0x58, 0x58, 0x58, 0x58, 
	0x40, 0xf8, 0xf8, 0xf8, 0xf8, 0xf8, 0xf8, 0xf8, 
	0xf8, 0xf8, 0xf8, 0xf8, 0xf8, 0xf8, 0xf8, 0xf8, 
	0xb0, 0x40, 0x58, 0x58, 0x58, 0x58, 0x58, 0x58, 
	0x58, 0x58, 0x58, 0x58, 0x58, 0x58, 0x58, 0x58, 
	0x40, 0xf8, 0xf8, 0xf8, 0xf8, 0xf8, 0xf8, 0xf8, 
	0xf8, 0xf8, 0xf8, 0xf8, 0xf8, 0xf8, 0xf8, 0xf8, 
	0xb0, 0x40, 0x58, 0x58, 0x58, 0x58, 0x58, 0x58, 
	0x58, 0x58, 0x58, 0x58, 0x58, 0x58, 0x58, 0x58, 
	0x40, 0xf8, 0xf8, 0xf8, 0xf8, 0xf8, 0xf8, 0xf8, 
	0xf8, 0xf8, 0xf8, 0xf8, 0xf8, 0xf8, 0xf8, 0xf8, 
	0xb0, 0x40, 0x58, 0x58, 0x58, 0x58, 0x58, 0x58, 
	0x58, 0x58, 0x58, 0x58, 0x58, 0x58, 0x58, 0x58, 
	0x40, 0xf8, 0xf8, 0xf8, 0xf8, 0xf8, 0xf8, 0xf8, 
	0xf8, 0xf8, 0xf8, 0xf8, 0xf8, 0xf8, 0xf8, 0xf8, 
	0xb0, 0x40, 0x58, 0x58, 0x58, 0x58, 0x58, 0x58, 
	0x58, 0x58, 0x58, 0x58, 0x58, 0x58, 0x58, 0x58, 
	0x40, 0xf8, 0xf8, 0xf8, 0xf8, 0xf8, 0xf8, 0xf8, 
	0xf8, 0xf8, 0xf8, 0xf8, 0xf8, 0xf8, 0xf8, 0xf8, 
	0xb0, 0x40, 0x58, 0x58, 0x58, 0x58, 0x58, 0x58, 
	0x58, 0x58, 0x58, 0x58, 0x58, 0x58, 0x58, 0x58, 
	0x40, 0xf8, 0xf8, 0xf8, 0xf8, 0xf8, 0xf8, 0xf8, 
	0xf8, 0xf8, 0xf8, 0xf8, 0xf8, 0xf8, 0xf8, 0xf8, 
	0xb0, 0x40, 0x58, 0x58, 0x58, 0x58, 0x58, 0x58, 
	0x58, 0x58, 0x58, 0x58, 0x58, 0x58, 0x58, 0x58, 
	0x40, 0xf8, 0xf8, 0xf8, 0xf8, 0xf8, 0xf8, 0xf8, 
	0xf8, 0xf8, 0xf8, 0xf8, 0xf8, 0xf8, 0xf8, 0xf8, 
	0xb0, 0x40, 0x58, 0x58, 0x58, 0x58, 0x58, 0x58, 
	0x58, 0x58, 0x58, 0x58, 0x58, 0x58, 0x58, 0x58, 
	0x40, 0xf8, 0xf8, 0xf8, 0xf8, 0xf8, 0xf8, 0xf8, 
	0xf8, 0xf8, 0xf8, 0xf8, 0xf8, 0xf8, 0xf8, 0xf8, 
	0xb0, 0x40, 0x58, 0x58, 0x58, 0x58, 0x58, 0x58, 
	0x58, 0x58, 0x58, 0x58, 0x58, 0x58, 0x58, 0x58, 
	0x40, 0xf8, 0xf8, 0xf8, 0xf8, 0xf8, 0xf8, 0xf8, 
	0xf8, 0xf8, 0xf8, 0xf8, 0xf8, 0xf8, 0xf8, 0xf8, 
	0xb0, 0x40, 0x58, 0x58, 0x58, 0x58, 0x58, 0x58, 
	0x58, 0x58, 0x58, 0x58, 0x58, 0x58, 0x58, 0x58, 
	0x40, 0xf8, 0xf8, 0xf8, 0xf8, 0xf8, 0xf8, 0xf8, 
	0xf8, 0xf8, 0xf8, 0xf8, 0xf8, 0xf8, 0xf8, 0xf8, 
	0xb0, 0x40, 0x58, 0x58, 0x58, 0x58, 0x58, 0x58, 
	0x58, 0x58, 0x58, 0x58, 0x58, 0x58, 0x58, 0x58, 
	0x40, 0xf8, 0xf8, 0xf8, 0xf8, 0xf8, 0xf8, 0xf8, 
	0xf8, 0xf8, 0xf8, 0xf8, 0xf8, 0xf8, 0xf8, 0xf8, 
	0xb0, 0x40, 0x58, 0x58, 0x58, 0x58, 0x58, 0x58, 
	0x58, 0x58, 0x58, 0x58, 0x58, 0x58, 0x58, 0x58, 
	0x40, 0xf8, 0xe8, 0xe8, 0xe8, 0xe8, 0xe8, 0xe8, 
	0xe8, 0xe8, 0xe8, 0xe8, 0xe8, 0xe8, 0xe8, 0xe8, 
	0x50, 0xe8, 0xe8, 0xe8, 0xe8, 0xe8, 0xe8, 0xe8, 
	0xe8, 0xe8, 0xe8, 0xe8, 0xe8, 0xe8, 0xe8, 0xe8, 
	0xe0, 0x50, 0x50, 0x50, 0x50, 0x50, 0x50, 0x50, 
	0x50, 0x50, 0x50, 0x50, 0x50, 0x50, 0x50, 0x50, 
	0x40, 0xf8, 0xf8, 0xf8, 0xf8, 0xf8, 0xf8, 0xf8, 
	0xf8, 0xf8, 0xf8, 0xf8, 0xf8, 0xf8, 0xf8, 0xf8, 
	0xb0, 0x40, 0x58, 0x58, 0x58, 0x58, 0x58, 0x58, 
	0x58, 0x58, 0x58, 0x58, 0x58, 0x58, 0x58, 0x58, 
	0x40, 0xf8, 0xf8, 0xf8, 0xf8, 0xf8, 0xf8, 0xf8, 
	0xf8, 0xf8, 0xf8, 0xf8, 0xf8, 0xf8, 0xf8, 0xf8, 
	0xb0, 0x40, 0x58, 0x58, 0x58, 0x58, 0x58, 0x58, 
	0x58, 0x58, 0x58, 0x58, 0x58, 0x58, 0x58, 0x58, 
	0x40, 0xf8, 0xf8, 0xf8, 0xf8, 0xf8, 0xf8, 0xf8, 
	0xf8, 0xf8, 0xf8, 0xf8, 0xf8, 0xf8, 0xf8, 0xf8, 
	0xb0, 0x40, 0x58, 0x58, 0x58, 0x58, 0x58, 0x58, 
	0x58, 0x58, 0x58, 0x58, 0x58, 0x58, 0x58, 0x58, 
	0x40, 0xf8, 0xf8, 0xf8, 0xf8, 0xf8, 0xf8, 0xf8, 
	0xf8, 0xf8, 0xf8, 0xf8, 0xf8, 0xf8, 0xf8, 0xf8, 
	0xb0, 0x40, 0x58, 0x58, 0x58, 0x58, 0x58, 0x58, 
	0x58, 0x58, 0x58, 0x58, 0x58, 0x58, 0x58, 0x58, 
	0x40, 0xf8, 0xf8, 0xf8, 0xf8, 0xf8, 0xf8, 0xf8, 
	0xf8, 0xf8, 0xf8, 0xf8, 0xf8, 0xf8, 0xf8, 0xf8, 
	0xb0, 0x40, 0x58, 0x58, 0x58, 0x58, 0x58, 0x58, 
	0x58, 0x58, 0x58, 0x58, 0x58, 0x58, 0x58, 0x58, 
	0x40, 0xf8, 0xf8, 0xf8, 0xf8, 0xf8, 0xf8, 0xf8, 
	0xf8, 0xf8, 0xf8, 0xf8, 0xf8, 0xf8, 0xf8, 0xf8, 
	0xb0, 0x40, 0x58, 0x58, 0x58, 0x58, 0x58, 0x58, 
	0x58, 0x58, 0x58, 0x58, 0x58, 0x58, 0x58, 0x58, 
	0x40, 0xf8, 0xf8, 0xf8, 0xf8, 0xf8, 0xf8, 0xf8, 
	0xf8, 0xf8, 0xf8, 0xf8, 0xf8, 0xf8, 0xf8, 0xf8, 
	0xb0, 0x40, 0x58, 0x58, 0x58, 0x58, 0x58, 0x58, 
	0x58, 0x58, 0x58, 0x58, 0x58, 0x58, 0x58, 0x58, 
	0x40, 0xf8, 0xf8, 0xf8, 0xf8, 0xf8, 0xf8, 0xf8, 
	0xf8, 0xf8, 0xf8, 0xf8, 0xf8, 0xf8, 0xf8, 0xf8, 
	0xb0, 0x40, 0x58, 0x58, 0x58, 0x58, 0x58, 0x58, 
	0x58, 0x58, 0x58, 0x58, 0x58, 0x58, 0x58, 0x58, 
	0x40, 0xf8, 0xf8, 0xf8, 0xf8, 0xf8, 0xf8, 0xf8, 
	0xf8, 0xf8, 0xf8, 0xf8, 0xf8, 0xf8, 0xf8, 0xf8, 
	0xb0, 0x40, 0x58, 0x58, 0x58, 0x58, 0x58, 0x58, 
	0x58, 0x58, 0x58, 0x58, 0x58, 0x58, 0x58, 0x58, 
	0x40, 0xf8, 0xf8, 0xf8, 0xf8, 0xf8, 0xf8, 0xf8, 
	0xf8, 0xf8, 0xf8, 0xf8, 0xf8, 0xf8, 0xf8, 0xf8, 
	0xb0, 0x40, 0x58, 0x58, 0x58, 0x58, 0x58, 0x58, 
	0x58, 0x58, 0x58, 0x58, 0x58, 0x58, 0x58, 0x58, 
	0x40, 0xf8, 0xf8, 0xf8, 0xf8, 0xf8, 0xf8, 0xf8, 
	0xf8, 0xf8, 0xf8, 0xf8, 0xf8, 0xf8, 0xf8, 0xf8, 
	0xb0, 0x40, 0x58, 0x58, 0x58, 0x58, 0x58, 0x58, 
	0x58, 0x58, 0x58, 0x58, 0x58, 0x58, 0x58, 0x58, 
	0x40, 0xf8, 0xf8, 0xf8, 0xf8, 0xf8, 0xf8, 0xf8, 
	0xf8, 0xf8, 0xf8, 0xf8, 0xf8, 0xf8, 0xf8, 0xf8, 
	0xb0, 0x40, 0x58, 0x58, 0x58, 0x58, 0x58, 0x58, 
	0x58, 0x58, 0x58, 0x58, 0x58, 0x58, 0x58, 0x58, 
	0x40, 0xf8, 0xf8, 0xf8, 0xf8, 0xf8, 0xf8, 0xf8, 
	0xf8, 0xf8, 0xf8, 0xf8, 0xf8, 0xf8, 0xf8, 0xf8, 
	0xb0, 0x40, 0x58, 0x58, 0x58, 0x58, 0x58, 0x58, 
	0x58, 0x58, 0x58, 0x58, 0x58, 0x58, 0x58, 0x58, 
	0x40, 0xf8, 0xf8, 0xf8, 0xf8, 0xf8, 0xf8, 0xf8, 
	0xf8, 0xf8, 0xf8, 0xf8, 0xf8, 0xf8, 0xf8, 0xf8, 
	0xb0, 0x40, 0x58, 0x58, 0x58, 0x58, 0x58, 0x58, 
	0x58, 0x58, 0x58, 0x58, 0x58, 0x58, 0x58, 0x58, 
	0x40, 0xf8, 0xf8, 0xf8, 0xf8, 0xf8, 0xf8, 0xf8, 
	0xf8, 0xf8, 0xf8, 0xf8, 0xf8, 0xf8, 0xf8, 0xf8, 
	0xb0, 0x40, 0x58, 0x58, 0x58, 0x58, 0x58, 0x58, 
	0x58, 0x58, 0x58, 0x58, 0x58, 0x58, 0x58, 0x58, 
	
};

Gfx ttc_dl_castle_fence_ci8_aligner[] = {gsSPEndDisplayList()};
u8 ttc_dl_castle_fence_ci8[] = {
	0x00, 0x00, 0x00, 0x00, 0x00, 0x00, 0x00, 0x00, 
	0x00, 0x00, 0x00, 0x00, 0x00, 0x00, 0x00, 0x00, 
	0x00, 0x00, 0x00, 0x00, 0x00, 0x00, 0x00, 0x00, 
	0x00, 0x00, 0x00, 0x00, 0x00, 0x00, 0x00, 0x00, 
	0x01, 0x02, 0x03, 0x03, 0x04, 0x05, 0x06, 0x01, 
	0x02, 0x01, 0x01, 0x06, 0x07, 0x05, 0x04, 0x02, 
	0x08, 0x05, 0x07, 0x05, 0x04, 0x02, 0x01, 0x01, 
	0x04, 0x05, 0x04, 0x08, 0x09, 0x03, 0x01, 0x06, 
	0x0a, 0x0b, 0x0b, 0x0a, 0x0c, 0x0c, 0x0d, 0x0b, 
	0x0e, 0x0b, 0x0f, 0x0d, 0x0d, 0x0b, 0x10, 0x10, 
	0x0b, 0x0d, 0x0c, 0x11, 0x0e, 0x10, 0x0b, 0x11, 
	0x0c, 0x0c, 0x11, 0x0b, 0x0b, 0x0a, 0x12, 0x13, 
	0x14, 0x14, 0x15, 0x16, 0x16, 0x16, 0x17, 0x14, 
	0x16, 0x18, 0x18, 0x18, 0x16, 0x17, 0x17, 0x16, 
	0x19, 0x18, 0x1a, 0x17, 0x17, 0x16, 0x18, 0x18, 
	0x16, 0x16, 0x17, 0x17, 0x16, 0x16, 0x16, 0x15, 
	0x1b, 0x1c, 0x1d, 0x1e, 0x1f, 0x1f, 0x1f, 0x1f, 
	0x1c, 0x1d, 0x1f, 0x1f, 0x1f, 0x1f, 0x1f, 0x1d, 
	0x1d, 0x1f, 0x1f, 0x1f, 0x1f, 0x1c, 0x1d, 0x1c, 
	0x1f, 0x1f, 0x1f, 0x1c, 0x1d, 0x1e, 0x1d, 0x1b, 
	0x20, 0x20, 0x20, 0x20, 0x21, 0x21, 0x21, 0x20, 
	0x20, 0x20, 0x21, 0x21, 0x21, 0x21, 0x21, 0x20, 
	0x21, 0x21, 0x21, 0x21, 0x21, 0x20, 0x20, 0x21, 
	0x21, 0x21, 0x21, 0x20, 0x20, 0x20, 0x20, 0x21, 
	0x22, 0x22, 0x22, 0x22, 0x22, 0x22, 0x23, 0x24, 
	0x24, 0x23, 0x22, 0x25, 0x26, 0x25, 0x25, 0x25, 
	0x25, 0x25, 0x26, 0x25, 0x25, 0x22, 0x23, 0x24, 
	0x24, 0x23, 0x22, 0x22, 0x22, 0x22, 0x22, 0x22, 
	0x27, 0x27, 0x27, 0x27, 0x27, 0x28, 0x29, 0x2a, 
	0x2b, 0x24, 0x23, 0x27, 0x27, 0x27, 0x27, 0x27, 
	0x27, 0x27, 0x27, 0x27, 0x27, 0x28, 0x29, 0x2a, 
	0x2b, 0x24, 0x23, 0x27, 0x27, 0x27, 0x27, 0x27, 
	0x27, 0x27, 0x27, 0x27, 0x27, 0x28, 0x28, 0x2c, 
	0x2d, 0x2e, 0x2f, 0x27, 0x27, 0x27, 0x27, 0x27, 
	0x27, 0x27, 0x27, 0x27, 0x27, 0x28, 0x28, 0x2c, 
	0x2d, 0x2e, 0x2f, 0x27, 0x27, 0x27, 0x27, 0x27, 
	0x27, 0x27, 0x27, 0x27, 0x27, 0x24, 0x24, 0x30, 
	0x31, 0x32, 0x33, 0x27, 0x27, 0x27, 0x27, 0x27, 
	0x27, 0x27, 0x27, 0x27, 0x27, 0x24, 0x24, 0x30, 
	0x31, 0x32, 0x33, 0x27, 0x27, 0x27, 0x27, 0x27, 
	0x27, 0x27, 0x27, 0x27, 0x27, 0x27, 0x34, 0x2d, 
	0x24, 0x35, 0x27, 0x27, 0x27, 0x27, 0x27, 0x27, 
	0x27, 0x27, 0x27, 0x27, 0x27, 0x27, 0x34, 0x2d, 
	0x24, 0x35, 0x27, 0x27, 0x27, 0x27, 0x27, 0x27, 
	0x27, 0x27, 0x27, 0x27, 0x27, 0x27, 0x36, 0x37, 
	0x38, 0x39, 0x27, 0x27, 0x27, 0x27, 0x27, 0x27, 
	0x27, 0x27, 0x27, 0x27, 0x27, 0x27, 0x36, 0x37, 
	0x38, 0x39, 0x27, 0x27, 0x27, 0x27, 0x27, 0x27, 
	0x27, 0x27, 0x27, 0x27, 0x27, 0x27, 0x3a, 0x3b, 
	0x3c, 0x3d, 0x27, 0x27, 0x27, 0x27, 0x27, 0x27, 
	0x27, 0x27, 0x27, 0x27, 0x27, 0x27, 0x3a, 0x3b, 
	0x3c, 0x3d, 0x27, 0x27, 0x27, 0x27, 0x27, 0x27, 
	0x27, 0x27, 0x27, 0x27, 0x27, 0x3e, 0x3f, 0x3f, 
	0x3f, 0x3f, 0x40, 0x27, 0x27, 0x27, 0x27, 0x27, 
	0x27, 0x27, 0x27, 0x27, 0x27, 0x3e, 0x3f, 0x3f, 
	0x3f, 0x3f, 0x40, 0x27, 0x27, 0x27, 0x27, 0x27, 
	0x27, 0x27, 0x27, 0x27, 0x27, 0x41, 0x3f, 0x3f, 
	0x3f, 0x42, 0x43, 0x27, 0x27, 0x27, 0x27, 0x27, 
	0x27, 0x27, 0x27, 0x27, 0x27, 0x41, 0x3f, 0x3f, 
	0x3f, 0x42, 0x43, 0x27, 0x27, 0x27, 0x27, 0x27, 
	0x27, 0x27, 0x27, 0x27, 0x44, 0x3b, 0x45, 0x46, 
	0x47, 0x48, 0x49, 0x4a, 0x27, 0x27, 0x27, 0x27, 
	0x27, 0x27, 0x27, 0x27, 0x44, 0x3b, 0x45, 0x46, 
	0x47, 0x48, 0x49, 0x4a, 0x27, 0x27, 0x27, 0x27, 
	0x27, 0x27, 0x27, 0x27, 0x4b, 0x4c, 0x4d, 0x4e, 
	0x4d, 0x4c, 0x3a, 0x4f, 0x27, 0x27, 0x27, 0x27, 
	0x27, 0x27, 0x27, 0x27, 0x4b, 0x4c, 0x4d, 0x4e, 
	0x4d, 0x4c, 0x3a, 0x4f, 0x27, 0x27, 0x27, 0x27, 
	0x27, 0x27, 0x27, 0x27, 0x50, 0x51, 0x52, 0x52, 
	0x53, 0x54, 0x3d, 0x2c, 0x27, 0x27, 0x27, 0x27, 
	0x27, 0x27, 0x27, 0x27, 0x50, 0x51, 0x52, 0x52, 
	0x53, 0x54, 0x3d, 0x2c, 0x27, 0x27, 0x27, 0x27, 
	0x27, 0x27, 0x27, 0x27, 0x55, 0x44, 0x56, 0x56, 
	0x56, 0x51, 0x57, 0x38, 0x27, 0x27, 0x27, 0x27, 
	0x27, 0x27, 0x27, 0x27, 0x55, 0x44, 0x56, 0x56, 
	0x56, 0x51, 0x57, 0x38, 0x27, 0x27, 0x27, 0x27, 
	0x27, 0x27, 0x27, 0x27, 0x58, 0x59, 0x5a, 0x56, 
	0x56, 0x44, 0x4a, 0x39, 0x27, 0x27, 0x27, 0x27, 
	0x27, 0x27, 0x27, 0x27, 0x58, 0x59, 0x5a, 0x56, 
	0x56, 0x44, 0x4a, 0x39, 0x27, 0x27, 0x27, 0x27, 
	0x27, 0x27, 0x27, 0x27, 0x27, 0x5b, 0x5c, 0x51, 
	0x44, 0x3d, 0x55, 0x27, 0x27, 0x27, 0x27, 0x27, 
	0x27, 0x27, 0x27, 0x27, 0x27, 0x5b, 0x5c, 0x51, 
	0x44, 0x3d, 0x55, 0x27, 0x27, 0x27, 0x27, 0x27, 
	0x27, 0x27, 0x27, 0x27, 0x27, 0x50, 0x3d, 0x5d, 
	0x5e, 0x5f, 0x4f, 0x27, 0x27, 0x27, 0x27, 0x27, 
	0x27, 0x27, 0x27, 0x27, 0x27, 0x50, 0x3d, 0x5d, 
	0x5e, 0x5f, 0x4f, 0x27, 0x27, 0x27, 0x27, 0x27, 
	0x27, 0x27, 0x27, 0x27, 0x27, 0x60, 0x3d, 0x3a, 
	0x3a, 0x61, 0x28, 0x27, 0x27, 0x27, 0x27, 0x27, 
	0x27, 0x27, 0x27, 0x27, 0x27, 0x60, 0x3d, 0x3a, 
	0x3a, 0x61, 0x28, 0x27, 0x27, 0x27, 0x27, 0x27, 
	0x27, 0x27, 0x27, 0x27, 0x27, 0x29, 0x62, 0x3d, 
	0x3d, 0x63, 0x64, 0x27, 0x27, 0x27, 0x27, 0x27, 
	0x27, 0x27, 0x27, 0x27, 0x27, 0x29, 0x62, 0x3d, 
	0x3d, 0x63, 0x64, 0x27, 0x27, 0x27, 0x27, 0x27, 
	0x27, 0x27, 0x27, 0x27, 0x27, 0x65, 0x5b, 0x3d, 
	0x3d, 0x66, 0x67, 0x27, 0x27, 0x27, 0x27, 0x27, 
	0x27, 0x27, 0x27, 0x27, 0x27, 0x65, 0x5b, 0x3d, 
	0x3d, 0x66, 0x67, 0x27, 0x27, 0x27, 0x27, 0x27, 
	0x27, 0x27, 0x27, 0x27, 0x27, 0x27, 0x4b, 0x3a, 
	0x59, 0x60, 0x27, 0x27, 0x27, 0x27, 0x27, 0x27, 
	0x27, 0x27, 0x27, 0x27, 0x27, 0x27, 0x4b, 0x3a, 
	0x59, 0x60, 0x27, 0x27, 0x27, 0x27, 0x27, 0x27, 
	0x27, 0x27, 0x27, 0x27, 0x27, 0x27, 0x68, 0x3a, 
	0x69, 0x60, 0x27, 0x27, 0x27, 0x27, 0x27, 0x27, 
	0x27, 0x27, 0x27, 0x27, 0x27, 0x27, 0x68, 0x3a, 
	0x69, 0x60, 0x27, 0x27, 0x27, 0x27, 0x27, 0x27, 
	0x27, 0x27, 0x27, 0x27, 0x27, 0x27, 0x61, 0x6a, 
	0x6b, 0x66, 0x27, 0x27, 0x27, 0x27, 0x27, 0x27, 
	0x27, 0x27, 0x27, 0x27, 0x27, 0x27, 0x61, 0x6a, 
	0x6b, 0x66, 0x27, 0x27, 0x27, 0x27, 0x27, 0x27, 
	0x27, 0x27, 0x27, 0x27, 0x27, 0x27, 0x52, 0x6c, 
	0x3c, 0x40, 0x27, 0x27, 0x27, 0x27, 0x27, 0x27, 
	0x27, 0x27, 0x27, 0x27, 0x27, 0x27, 0x52, 0x6c, 
	0x3c, 0x40, 0x27, 0x27, 0x27, 0x27, 0x27, 0x27, 
	0x27, 0x27, 0x27, 0x27, 0x27, 0x27, 0x6d, 0x3f, 
	0x3f, 0x47, 0x27, 0x27, 0x27, 0x27, 0x27, 0x27, 
	0x27, 0x27, 0x27, 0x27, 0x27, 0x27, 0x6d, 0x3f, 
	0x3f, 0x47, 0x27, 0x27, 0x27, 0x27, 0x27, 0x27, 
	0x27, 0x27, 0x27, 0x27, 0x27, 0x3d, 0x52, 0x3c, 
	0x6e, 0x49, 0x4a, 0x27, 0x27, 0x27, 0x27, 0x27, 
	0x27, 0x27, 0x27, 0x27, 0x27, 0x3d, 0x52, 0x3c, 
	0x6e, 0x49, 0x4a, 0x27, 0x27, 0x27, 0x27, 0x27, 
	0x27, 0x27, 0x27, 0x27, 0x27, 0x6f, 0x60, 0x61, 
	0x61, 0x60, 0x6f, 0x27, 0x27, 0x27, 0x27, 0x27, 
	0x27, 0x27, 0x27, 0x27, 0x27, 0x30, 0x60, 0x61, 
	0x61, 0x60, 0x6f, 0x27, 0x27, 0x27, 0x27, 0x27, 
	
};

Gfx ttc_dl_castle_fence_pal_rgba16_aligner[] = {gsSPEndDisplayList()};
u8 ttc_dl_castle_fence_pal_rgba16[] = {
	0x72, 0x08, 0xab, 0x4f, 0xa3, 0x0f, 0xa3, 0x0d, 
	0xb3, 0x4f, 0xbb, 0x8f, 0xb3, 0x8f, 0xc3, 0xd1, 
	0xab, 0x0f, 0x92, 0xcd, 0xdc, 0xdd, 0xe5, 0x1f, 
	0xd4, 0x9d, 0xdc, 0x9d, 0xed, 0x1f, 0xe4, 0xdf, 
	0xed, 0x5f, 0xdc, 0xdf, 0xcc, 0x9d, 0xc4, 0x9d, 
	0x6a, 0x0b, 0x72, 0x4b, 0x7a, 0x4b, 0x72, 0x0b, 
	0x82, 0x8b, 0x82, 0x8d, 0x82, 0x4b, 0x41, 0x87, 
	0x41, 0x89, 0x41, 0x47, 0x39, 0x47, 0x49, 0x89, 
	0x20, 0x83, 0x18, 0x83, 0x10, 0x40, 0x31, 0x8f, 
	0x42, 0x13, 0x08, 0x40, 0x08, 0x00, 0x5a, 0x96, 
	0x5a, 0xd7, 0x5a, 0x99, 0x5a, 0xd9, 0x52, 0x55, 
	0x5a, 0x97, 0x4a, 0x55, 0x42, 0x11, 0x31, 0x8d, 
	0x41, 0xd1, 0x39, 0xcf, 0x31, 0x4d, 0x21, 0x09, 
	0x52, 0x95, 0x39, 0x8f, 0x62, 0xd9, 0x63, 0x19, 
	0x52, 0x97, 0x4a, 0x13, 0x94, 0xa5, 0xce, 0x33, 
	0xce, 0x35, 0x94, 0x65, 0xbd, 0xaf, 0xf7, 0xbd, 
	0xa5, 0x2b, 0xee, 0xfd, 0xf7, 0x7d, 0xe6, 0xfb, 
	0x94, 0xa7, 0xde, 0xf9, 0xde, 0x79, 0xe6, 0xf9, 
	0xcd, 0xf5, 0xad, 0x2d, 0x83, 0xe1, 0x7b, 0xa1, 
	0xb5, 0x6d, 0xc6, 0x31, 0xce, 0x73, 0x63, 0x1b, 
	0x7b, 0x9f, 0xa4, 0xe9, 0xb5, 0x6f, 0xb5, 0x2f, 
	0xa4, 0xeb, 0x73, 0x5d, 0xad, 0x2b, 0x83, 0xa5, 
	0x62, 0xdb, 0x8c, 0x25, 0xa4, 0xab, 0x83, 0xe3, 
	0x94, 0x67, 0x9c, 0xe7, 0x9c, 0xa7, 0x8c, 0x63, 
	0x6b, 0x1d, 0x84, 0x23, 0x8b, 0xe3, 0x7b, 0xe1, 
	0x4a, 0x53, 0x52, 0x57, 0x73, 0x5f, 0x39, 0xd1, 
	0x7b, 0xdf, 0x8c, 0x65, 0x9c, 0xa9, 0x94, 0xa9, 
	0xd6, 0x37, 0xef, 0x3d, 0xc5, 0xb3, 0x29, 0x4d, 
	
};

Gfx ttc_dl_starsun_ci8_aligner[] = {gsSPEndDisplayList()};
u8 ttc_dl_starsun_ci8[] = {
	0x00, 0x00, 0x00, 0x00, 0x00, 0x00, 0x00, 0x00, 
	0x00, 0x00, 0x00, 0x00, 0x00, 0x00, 0x00, 0x00, 
	0x00, 0x00, 0x00, 0x00, 0x00, 0x00, 0x00, 0x00, 
	0x00, 0x00, 0x00, 0x00, 0x00, 0x00, 0x00, 0x00, 
	0x00, 0x00, 0x00, 0x00, 0x01, 0x02, 0x02, 0x02, 
	0x02, 0x03, 0x02, 0x02, 0x02, 0x01, 0x01, 0x04, 
	0x05, 0x06, 0x07, 0x08, 0x09, 0x0a, 0x00, 0x0b, 
	0x00, 0x02, 0x02, 0x02, 0x00, 0x00, 0x00, 0x00, 
	0x00, 0x00, 0x00, 0x00, 0x00, 0x02, 0x02, 0x02, 
	0x00, 0x00, 0x02, 0x02, 0x03, 0x01, 0x0c, 0x0d, 
	0x0e, 0x0f, 0x10, 0x11, 0x12, 0x13, 0x14, 0x15, 
	0x00, 0x02, 0x02, 0x02, 0x00, 0x00, 0x00, 0x00, 
	0x00, 0x00, 0x00, 0x02, 0x02, 0x02, 0x02, 0x02, 
	0x00, 0x16, 0x17, 0x18, 0x19, 0x1a, 0x1b, 0x1c, 
	0x1d, 0x1e, 0x1f, 0x20, 0x21, 0x12, 0x22, 0x23, 
	0x24, 0x17, 0x00, 0x00, 0x03, 0x00, 0x00, 0x00, 
	0x00, 0x02, 0x02, 0x02, 0x02, 0x02, 0x02, 0x25, 
	0x26, 0x20, 0x27, 0x28, 0x29, 0x2a, 0x2b, 0x2c, 
	0x2d, 0x2e, 0x18, 0x2f, 0x30, 0x21, 0x31, 0x32, 
	0x33, 0x34, 0x00, 0x25, 0x01, 0x01, 0x0c, 0x00, 
	0x00, 0x00, 0x00, 0x02, 0x01, 0x01, 0x03, 0x35, 
	0x36, 0x37, 0x2b, 0x1d, 0x38, 0x39, 0x39, 0x3a, 
	0x2d, 0x3b, 0x1b, 0x2f, 0x2f, 0x19, 0x11, 0x3c, 
	0x3d, 0x3e, 0x34, 0x25, 0x01, 0x01, 0x01, 0x00, 
	0x00, 0x02, 0x02, 0x03, 0x01, 0x01, 0x3f, 0x40, 
	0x41, 0x42, 0x43, 0x44, 0x3d, 0x45, 0x46, 0x46, 
	0x47, 0x48, 0x49, 0x4a, 0x2f, 0x35, 0x30, 0x4b, 
	0x4c, 0x33, 0x4d, 0x4e, 0x02, 0x02, 0x01, 0x00, 
	0x00, 0x02, 0x25, 0x4f, 0x50, 0x2f, 0x51, 0x52, 
	0x53, 0x54, 0x55, 0x56, 0x57, 0x58, 0x3b, 0x57, 
	0x1c, 0x59, 0x5a, 0x5b, 0x49, 0x5c, 0x24, 0x2e, 
	0x5d, 0x27, 0x3e, 0x0a, 0x5e, 0x02, 0x02, 0x00, 
	0x00, 0x02, 0x01, 0x0c, 0x5f, 0x60, 0x61, 0x56, 
	0x20, 0x62, 0x63, 0x63, 0x64, 0x65, 0x66, 0x57, 
	0x66, 0x67, 0x64, 0x68, 0x64, 0x64, 0x69, 0x6a, 
	0x6b, 0x6c, 0x6d, 0x6e, 0x17, 0x00, 0x00, 0x00, 
	0x00, 0x01, 0x01, 0x0c, 0x6f, 0x29, 0x70, 0x71, 
	0x6a, 0x4d, 0x72, 0x72, 0x73, 0x58, 0x74, 0x75, 
	0x74, 0x58, 0x3b, 0x66, 0x3b, 0x47, 0x76, 0x77, 
	0x78, 0x79, 0x79, 0x13, 0x7a, 0x00, 0x00, 0x00, 
	0x00, 0x02, 0x01, 0x7b, 0x7c, 0x39, 0x6a, 0x7d, 
	0x72, 0x4d, 0x57, 0x7e, 0x31, 0x7f, 0x80, 0x81, 
	0x80, 0x82, 0x31, 0x83, 0x84, 0x85, 0x79, 0x86, 
	0x3a, 0x3a, 0x3a, 0x3a, 0x14, 0x0b, 0x00, 0x00, 
	0x00, 0x00, 0x87, 0x3a, 0x3a, 0x3a, 0x88, 0x89, 
	0x3e, 0x3b, 0x89, 0x2e, 0x8a, 0x8b, 0x81, 0x8c, 
	0x81, 0x8d, 0x8e, 0x8f, 0x90, 0x75, 0x7c, 0x3a, 
	0x3a, 0x3a, 0x3a, 0x22, 0x83, 0x01, 0x00, 0x00, 
	0x00, 0x0b, 0x14, 0x3a, 0x3a, 0x3a, 0x3a, 0x91, 
	0x76, 0x13, 0x82, 0x92, 0x93, 0x94, 0x8c, 0x95, 
	0x8c, 0x96, 0x97, 0x98, 0x7f, 0x82, 0x7c, 0x3a, 
	0x3a, 0x3a, 0x3a, 0x31, 0x14, 0x01, 0x00, 0x00, 
	0x00, 0x99, 0x31, 0x3a, 0x3a, 0x3a, 0x3a, 0x3a, 
	0x7c, 0x9a, 0x9b, 0x9c, 0x8c, 0x95, 0x9d, 0x8c, 
	0x9d, 0x95, 0x8c, 0x9c, 0x9e, 0x9f, 0x7c, 0x3a, 
	0x3a, 0x38, 0x3a, 0x83, 0x16, 0x00, 0x00, 0x00, 
	0x00, 0x07, 0xa0, 0x32, 0x38, 0x3a, 0x3a, 0x32, 
	0x3a, 0xa1, 0x95, 0x95, 0x95, 0xa2, 0xa3, 0xa4, 
	0xa3, 0xa2, 0x95, 0x95, 0x95, 0xa1, 0x3a, 0x3a, 
	0x3a, 0x32, 0x38, 0x13, 0xa5, 0x02, 0x00, 0x00, 
	0x00, 0x0d, 0xa6, 0x32, 0xa0, 0x79, 0x38, 0x78, 
	0x38, 0xa7, 0xa8, 0x95, 0x8c, 0x95, 0xa3, 0xa4, 
	0xa3, 0x95, 0x8c, 0x95, 0xa8, 0xa9, 0x3a, 0x38, 
	0x38, 0x3a, 0x38, 0x76, 0xaa, 0x02, 0x02, 0x00, 
	0x00, 0x0c, 0x23, 0x22, 0x79, 0x85, 0x45, 0x46, 
	0x39, 0x38, 0xab, 0xa8, 0x95, 0xa2, 0xac, 0xa4, 
	0xac, 0xa2, 0x95, 0xa8, 0xad, 0x38, 0x86, 0x78, 
	0x45, 0xae, 0xaf, 0x64, 0x2f, 0x03, 0x02, 0x00, 
	0x00, 0x01, 0xb0, 0x13, 0xb1, 0x89, 0x47, 0x85, 
	0x9f, 0x88, 0xb2, 0xb3, 0x95, 0xb4, 0xb5, 0x9d, 
	0xb5, 0xb4, 0x95, 0xb3, 0xb2, 0xb6, 0xb7, 0x77, 
	0x76, 0xb8, 0x10, 0x18, 0x02, 0x02, 0x02, 0x00, 
	0x00, 0x02, 0x0b, 0x12, 0xb9, 0x70, 0x4d, 0x7e, 
	0x13, 0x1e, 0xba, 0x9d, 0xb4, 0xb5, 0xb5, 0xb5, 
	0xb5, 0xb5, 0xb4, 0x9d, 0xbb, 0xbc, 0x7f, 0x84, 
	0x57, 0xbd, 0xbe, 0x00, 0x02, 0x02, 0x02, 0x00, 
	0x00, 0x02, 0x02, 0xa5, 0xbf, 0xc0, 0x20, 0x57, 
	0x7e, 0xc1, 0xc2, 0xb4, 0xa2, 0xb5, 0xc3, 0x9d, 
	0xc3, 0xb5, 0xa2, 0xb4, 0xc4, 0xc5, 0x74, 0x3b, 
	0x1f, 0xbe, 0x00, 0x00, 0x02, 0x02, 0x02, 0x00, 
	0x00, 0x02, 0x00, 0x51, 0xc6, 0xc7, 0x69, 0x21, 
	0x3b, 0xc8, 0xc9, 0xb4, 0xca, 0xcb, 0xcc, 0x94, 
	0xcd, 0xcb, 0xca, 0xb4, 0xc9, 0xce, 0x58, 0x4d, 
	0x34, 0x17, 0x17, 0x5e, 0x5e, 0x00, 0x00, 0x00, 
	0x00, 0x03, 0xcf, 0xcf, 0xd0, 0xd1, 0xd2, 0xbd, 
	0x3e, 0xd3, 0xd4, 0xd5, 0xd6, 0xb6, 0xd7, 0xd7, 
	0xd8, 0xd9, 0xda, 0xd5, 0xd4, 0xdb, 0x57, 0x65, 
	0xdc, 0x0a, 0x15, 0x15, 0xdd, 0x5e, 0x02, 0x00, 
	0x00, 0x03, 0x02, 0xcf, 0xde, 0xdf, 0x53, 0x62, 
	0x72, 0x57, 0x84, 0x2e, 0x8a, 0x2d, 0x9e, 0x9e, 
	0x22, 0x9f, 0x2d, 0xe0, 0x13, 0x58, 0x57, 0x65, 
	0x21, 0xe1, 0x21, 0x3c, 0x13, 0x15, 0x00, 0x00, 
	0x00, 0x02, 0x02, 0xcf, 0xe2, 0xe3, 0xe4, 0xc7, 
	0x20, 0x3e, 0x57, 0x84, 0x13, 0x2e, 0x75, 0x75, 
	0x75, 0x3c, 0x29, 0xe5, 0x7e, 0x57, 0x89, 0xdc, 
	0x21, 0x66, 0x57, 0x79, 0x22, 0x6e, 0x00, 0x00, 
	0x00, 0x02, 0x02, 0x03, 0xcf, 0xe6, 0xdf, 0xd1, 
	0xe7, 0x71, 0x72, 0x57, 0x7e, 0x84, 0x89, 0xe8, 
	0xe9, 0xea, 0x76, 0x2e, 0x3b, 0x57, 0x65, 0x11, 
	0x84, 0x84, 0x33, 0x32, 0x32, 0x5e, 0x02, 0x00, 
	0x00, 0x02, 0x02, 0x02, 0xcf, 0xcf, 0xcf, 0xe4, 
	0xeb, 0xc7, 0x71, 0x70, 0x57, 0x65, 0x3e, 0xec, 
	0xec, 0x6a, 0x57, 0x4d, 0x72, 0x1f, 0x34, 0x34, 
	0xed, 0x84, 0xee, 0xa0, 0x24, 0x02, 0x02, 0x00, 
	0x00, 0x02, 0x02, 0x02, 0x03, 0xcf, 0x00, 0xcf, 
	0xef, 0xd1, 0xf0, 0x71, 0x69, 0x62, 0x72, 0x3b, 
	0xea, 0xf1, 0x4d, 0xbd, 0xe7, 0xf2, 0x51, 0x26, 
	0x12, 0xa0, 0xf3, 0xf4, 0x00, 0x02, 0x02, 0x00, 
	0x00, 0x03, 0x02, 0x02, 0x02, 0x00, 0x00, 0xcf, 
	0xcf, 0xef, 0x62, 0x62, 0xc7, 0xf2, 0x30, 0x7e, 
	0x33, 0x6d, 0x65, 0x11, 0x11, 0x34, 0x0b, 0x2f, 
	0x11, 0x24, 0x26, 0x00, 0x02, 0x02, 0x02, 0x00, 
	0x00, 0x00, 0x00, 0x02, 0x02, 0x02, 0xcf, 0x00, 
	0x00, 0xbe, 0x21, 0x3b, 0xf5, 0x51, 0x26, 0xf6, 
	0x57, 0x33, 0x0a, 0x16, 0x16, 0x16, 0x2f, 0x2f, 
	0x26, 0x26, 0x00, 0x00, 0x00, 0x00, 0x00, 0x00, 
	0x00, 0x00, 0x00, 0x00, 0x02, 0x02, 0x02, 0x00, 
	0xcf, 0xcf, 0xf5, 0x57, 0xbe, 0x2f, 0x01, 0x01, 
	0x0b, 0x34, 0x16, 0x17, 0x00, 0x00, 0x01, 0x19, 
	0x21, 0x17, 0x00, 0x00, 0x00, 0x00, 0x00, 0x00, 
	0x00, 0x00, 0x00, 0x00, 0x02, 0x02, 0x02, 0x02, 
	0x02, 0x00, 0x00, 0x1f, 0x00, 0xf7, 0x00, 0x01, 
	0x00, 0x00, 0x00, 0x00, 0x02, 0x00, 0x00, 0x5a, 
	0x5a, 0x00, 0x02, 0x02, 0x00, 0x00, 0x00, 0x00, 
	0x00, 0x00, 0x00, 0x00, 0x00, 0x00, 0x00, 0x00, 
	0x00, 0x00, 0x00, 0x00, 0x00, 0x00, 0x00, 0x00, 
	0x00, 0x00, 0x00, 0x00, 0x00, 0x00, 0x00, 0x00, 
	0x00, 0x00, 0x00, 0x00, 0x00, 0x00, 0x00, 0x00, 
	
};

Gfx ttc_dl_starsun_pal_rgba16_aligner[] = {gsSPEndDisplayList()};
u8 ttc_dl_starsun_pal_rgba16[] = {
	0x32, 0x7d, 0x2a, 0x3b, 0x32, 0x3d, 0x2a, 0x3d, 
	0x1a, 0x37, 0x22, 0x37, 0x2a, 0xb5, 0x32, 0xb9, 
	0x3a, 0xf9, 0x63, 0xfb, 0x5b, 0xbd, 0x32, 0x7b, 
	0x22, 0x39, 0x22, 0x77, 0x3a, 0xf7, 0x64, 0x37, 
	0x6c, 0xb9, 0x53, 0xbd, 0x74, 0x7d, 0x95, 0x3d, 
	0x5b, 0x7d, 0x4b, 0x3d, 0x42, 0xfd, 0x3a, 0xbd, 
	0x32, 0xbb, 0x32, 0xfb, 0x22, 0xf9, 0x2a, 0xf9, 
	0x5c, 0x3b, 0xce, 0xfd, 0xa5, 0xbd, 0x53, 0xfd, 
	0x54, 0x7d, 0x64, 0x3d, 0xbe, 0x3d, 0x7c, 0x7d, 
	0x4b, 0x7d, 0x32, 0x3b, 0x32, 0xbd, 0x9e, 0xbd, 
	0xd7, 0x3b, 0xbe, 0xbd, 0x6c, 0xfb, 0x75, 0x3b, 
	0xd7, 0x3d, 0xb5, 0xfd, 0x95, 0x7d, 0x2a, 0x7b, 
	0x4b, 0xbd, 0x94, 0xfd, 0xe7, 0xbd, 0x8d, 0xbd, 
	0x43, 0x3d, 0x22, 0x3b, 0x0a, 0x75, 0x1b, 0x37, 
	0xef, 0xbd, 0xdf, 0x3d, 0xf7, 0xbd, 0x74, 0xbd, 
	0xa5, 0xfd, 0xae, 0xfd, 0x64, 0x7d, 0x1a, 0x39, 
	0x1a, 0x79, 0x1a, 0xb9, 0x0a, 0xb7, 0x1a, 0xf5, 
	0x64, 0xbb, 0xc7, 0x3d, 0xcf, 0x3d, 0x95, 0xfd, 
	0x43, 0x7b, 0x2a, 0xb9, 0x22, 0xb7, 0x8c, 0xbd, 
	0xb7, 0x3d, 0x64, 0xbd, 0x4b, 0x7b, 0x21, 0xf9, 
	0x19, 0xf7, 0x2a, 0xbb, 0x22, 0xfb, 0x33, 0x7d, 
	0x2b, 0x7b, 0x22, 0xf7, 0x33, 0x7b, 0x6c, 0xbd, 
	0x7c, 0xbd, 0x4b, 0x79, 0x3b, 0x39, 0x32, 0xf9, 
	0x2a, 0x79, 0xbf, 0x7d, 0x3a, 0x7d, 0x1a, 0xb5, 
	0x4b, 0xf9, 0x2b, 0x3b, 0x4c, 0x3d, 0x43, 0xbb, 
	0x53, 0xfb, 0x5c, 0x3d, 0x6c, 0x7d, 0x64, 0x3b, 
	0x4b, 0xb9, 0x4b, 0xfd, 0x74, 0xfd, 0x9e, 0x7d, 
	0x8d, 0xfd, 0x85, 0xbd, 0x53, 0x7d, 0x64, 0xb9, 
	0x5c, 0xbd, 0x4c, 0x7d, 0x5c, 0x7d, 0x6c, 0xbb, 
	0x8c, 0xfd, 0x9d, 0xbd, 0x95, 0xbd, 0x9e, 0x3d, 
	0xd7, 0x7d, 0xdf, 0x7d, 0x42, 0xbd, 0x5c, 0x39, 
	0xe7, 0x7d, 0x44, 0x3d, 0x7c, 0xfd, 0x9d, 0x3d, 
	0xd6, 0xbd, 0xff, 0xfd, 0x9d, 0x7d, 0x84, 0xbd, 
	0x84, 0xfd, 0xa6, 0x7d, 0xef, 0x7d, 0x4b, 0x3b, 
	0xce, 0xbd, 0x85, 0x3d, 0xa5, 0x7d, 0xbd, 0xbd, 
	0xff, 0xfb, 0xc6, 0x3d, 0xad, 0x3d, 0x9c, 0xfd, 
	0x94, 0xbd, 0xd6, 0xfd, 0xb5, 0xbd, 0xcd, 0xfd, 
	0xf7, 0x7d, 0xff, 0xf9, 0xff, 0xbd, 0xd6, 0x3d, 
	0xb5, 0x7d, 0x3a, 0xbb, 0xe7, 0x3d, 0xc6, 0x7d, 
	0xef, 0x3d, 0xff, 0xf7, 0xbd, 0xfd, 0xb6, 0x3d, 
	0xdf, 0xbd, 0xff, 0xb7, 0xff, 0xf3, 0xd6, 0xb1, 
	0xff, 0xff, 0x43, 0x3b, 0xae, 0x3d, 0xff, 0x27, 
	0xff, 0xb3, 0xf6, 0xe7, 0x3b, 0x3b, 0xff, 0x2b, 
	0xd6, 0xb3, 0xfe, 0xeb, 0xae, 0x7b, 0x8d, 0x39, 
	0x42, 0xfb, 0xcf, 0x7d, 0xf6, 0xaf, 0xff, 0x6d, 
	0xff, 0xf5, 0xff, 0xf1, 0xde, 0xbd, 0xbe, 0x7d, 
	0x8d, 0xbb, 0xb6, 0xfd, 0xde, 0xbb, 0xef, 0x3b, 
	0xc5, 0xfd, 0x54, 0x3d, 0x3a, 0xfd, 0x7d, 0xbd, 
	0x54, 0xbd, 0x95, 0x3b, 0xe6, 0xf3, 0xff, 0xa9, 
	0xef, 0x33, 0x9d, 0x3b, 0x33, 0x3d, 0x3b, 0xfd, 
	0x9d, 0x35, 0xff, 0x25, 0xff, 0xa7, 0xf7, 0x77, 
	0xee, 0xb3, 0xf6, 0xb3, 0xa5, 0x75, 0x2a, 0x7d, 
	0x12, 0xbb, 0x2b, 0x3d, 0x3b, 0xbd, 0x8d, 0x3b, 
	0xff, 0x69, 0xfe, 0xdf, 0xde, 0x71, 0xe6, 0xfd, 
	0xee, 0xbd, 0xe6, 0x7d, 0xde, 0x31, 0x95, 0x7b, 
	0x5b, 0xfd, 0x63, 0xbd, 0x1a, 0x7b, 0x1a, 0xfd, 
	0xad, 0xfd, 0x63, 0xfd, 0x22, 0x7b, 0x12, 0xbd, 
	0x22, 0xfd, 0xa6, 0x3d, 0x22, 0x7d, 0x43, 0xfd, 
	0x8d, 0x7d, 0x8d, 0x3d, 0x85, 0x7d, 0x2b, 0x7d, 
	0x7d, 0x3d, 0x6c, 0x3d, 0xaf, 0x3d, 0x2a, 0xfd, 
	0x3c, 0x3d, 0x75, 0x3d, 0x3b, 0x7d, 0x6c, 0x7b, 
	0x3a, 0xfb, 0x43, 0x7d, 0x3b, 0x3d, 0x32, 0xfd, 
	
};

Gfx ttc_dl_sun_ci8_aligner[] = {gsSPEndDisplayList()};
u8 ttc_dl_sun_ci8[] = {
	0x00, 0x00, 0x00, 0x00, 0x00, 0x00, 0x00, 0x00, 
	0x00, 0x00, 0x00, 0x00, 0x00, 0x00, 0x00, 0x00, 
	0x00, 0x00, 0x00, 0x00, 0x00, 0x00, 0x00, 0x00, 
	0x00, 0x00, 0x00, 0x00, 0x00, 0x00, 0x00, 0x00, 
	0x00, 0x00, 0x00, 0x00, 0x01, 0x02, 0x02, 0x02, 
	0x02, 0x03, 0x02, 0x02, 0x02, 0x01, 0x01, 0x04, 
	0x05, 0x06, 0x07, 0x08, 0x09, 0x0a, 0x00, 0x0b, 
	0x00, 0x02, 0x02, 0x02, 0x00, 0x00, 0x00, 0x00, 
	0x00, 0x00, 0x00, 0x00, 0x00, 0x02, 0x02, 0x02, 
	0x00, 0x00, 0x02, 0x02, 0x03, 0x01, 0x0c, 0x0d, 
	0x0e, 0x0f, 0x10, 0x11, 0x12, 0x13, 0x14, 0x15, 
	0x00, 0x02, 0x02, 0x02, 0x00, 0x00, 0x00, 0x00, 
	0x00, 0x00, 0x00, 0x02, 0x02, 0x02, 0x02, 0x02, 
	0x00, 0x16, 0x17, 0x18, 0x19, 0x1a, 0x1b, 0x1c, 
	0x1d, 0x1e, 0x1f, 0x20, 0x21, 0x12, 0x22, 0x23, 
	0x24, 0x17, 0x00, 0x00, 0x03, 0x00, 0x00, 0x00, 
	0x00, 0x02, 0x02, 0x02, 0x02, 0x02, 0x02, 0x25, 
	0x26, 0x20, 0x27, 0x28, 0x29, 0x2a, 0x2b, 0x2c, 
	0x2d, 0x2e, 0x18, 0x2f, 0x30, 0x21, 0x31, 0x32, 
	0x33, 0x34, 0x00, 0x25, 0x01, 0x01, 0x0c, 0x00, 
	0x00, 0x00, 0x00, 0x02, 0x01, 0x01, 0x03, 0x35, 
	0x36, 0x37, 0x2b, 0x1d, 0x38, 0x39, 0x39, 0x3a, 
	0x2d, 0x3b, 0x1b, 0x2f, 0x2f, 0x19, 0x11, 0x3c, 
	0x3d, 0x3e, 0x34, 0x25, 0x01, 0x01, 0x01, 0x00, 
	0x00, 0x02, 0x02, 0x03, 0x01, 0x01, 0x3f, 0x40, 
	0x41, 0x42, 0x43, 0x44, 0x3d, 0x45, 0x46, 0x46, 
	0x47, 0x48, 0x49, 0x4a, 0x2f, 0x35, 0x30, 0x4b, 
	0x4c, 0x33, 0x4d, 0x4e, 0x02, 0x02, 0x01, 0x00, 
	0x00, 0x02, 0x25, 0x4f, 0x50, 0x2f, 0x51, 0x52, 
	0x53, 0x54, 0x55, 0x56, 0x57, 0x58, 0x3b, 0x57, 
	0x1c, 0x59, 0x5a, 0x5b, 0x49, 0x5c, 0x24, 0x2e, 
	0x5d, 0x27, 0x3e, 0x0a, 0x5e, 0x02, 0x02, 0x00, 
	0x00, 0x02, 0x01, 0x0c, 0x5f, 0x60, 0x61, 0x56, 
	0x20, 0x62, 0x63, 0x63, 0x64, 0x65, 0x66, 0x57, 
	0x66, 0x67, 0x64, 0x68, 0x64, 0x64, 0x69, 0x6a, 
	0x6b, 0x6c, 0x6d, 0x6e, 0x17, 0x00, 0x00, 0x00, 
	0x00, 0x01, 0x01, 0x0c, 0x6f, 0x29, 0x70, 0x71, 
	0x6a, 0x4d, 0x72, 0x72, 0x73, 0x58, 0x4b, 0x74, 
	0x4b, 0x58, 0x3b, 0x66, 0x3b, 0x47, 0x75, 0x76, 
	0x77, 0x78, 0x78, 0x13, 0x79, 0x00, 0x00, 0x00, 
	0x00, 0x02, 0x01, 0x7a, 0x7b, 0x39, 0x6a, 0x7c, 
	0x72, 0x4d, 0x57, 0x7d, 0x31, 0x31, 0x7e, 0x7f, 
	0x7e, 0x13, 0x31, 0x80, 0x81, 0x82, 0x78, 0x83, 
	0x3a, 0x3a, 0x3a, 0x3a, 0x14, 0x0b, 0x00, 0x00, 
	0x00, 0x00, 0x84, 0x3a, 0x3a, 0x3a, 0x85, 0x86, 
	0x3e, 0x3b, 0x86, 0x2e, 0x87, 0x88, 0x89, 0x8a, 
	0x8a, 0x89, 0x8b, 0x8c, 0x8d, 0x8e, 0x7b, 0x3a, 
	0x3a, 0x3a, 0x3a, 0x22, 0x80, 0x01, 0x00, 0x00, 
	0x00, 0x0b, 0x14, 0x3a, 0x3a, 0x3a, 0x3a, 0x8f, 
	0x75, 0x13, 0x90, 0x91, 0x92, 0x93, 0x94, 0x95, 
	0x96, 0x96, 0x97, 0x88, 0x7e, 0x90, 0x7b, 0x3a, 
	0x3a, 0x3a, 0x3a, 0x31, 0x14, 0x01, 0x00, 0x00, 
	0x00, 0x98, 0x31, 0x3a, 0x3a, 0x3a, 0x3a, 0x3a, 
	0x7b, 0x39, 0x22, 0x99, 0x95, 0x9a, 0x3a, 0x3a, 
	0x3a, 0x9b, 0x96, 0x97, 0x91, 0x9c, 0x7b, 0x3a, 
	0x3a, 0x38, 0x3a, 0x80, 0x16, 0x00, 0x00, 0x00, 
	0x00, 0x07, 0x9d, 0x32, 0x38, 0x3a, 0x3a, 0x32, 
	0x3a, 0x38, 0x9e, 0x9f, 0xa0, 0x3a, 0x3a, 0x3a, 
	0x3a, 0x3a, 0x9b, 0x96, 0xa1, 0xa2, 0x3a, 0x3a, 
	0x3a, 0x32, 0x38, 0x13, 0xa3, 0x02, 0x00, 0x00, 
	0x00, 0x0d, 0xa4, 0x32, 0x9d, 0x78, 0x38, 0x77, 
	0x38, 0x3a, 0x9b, 0x9a, 0x3a, 0x3a, 0x3a, 0x3a, 
	0x3a, 0x3a, 0x3a, 0xa0, 0x94, 0x83, 0x3a, 0x38, 
	0x38, 0x3a, 0x38, 0x75, 0xa5, 0x02, 0x02, 0x00, 
	0x00, 0x0c, 0x23, 0x22, 0x78, 0x82, 0x45, 0x46, 
	0x39, 0x38, 0x3a, 0xa0, 0x3a, 0x3a, 0x3a, 0x3a, 
	0x3a, 0x3a, 0x3a, 0xa0, 0x9b, 0x38, 0x83, 0x77, 
	0x45, 0xa6, 0xa7, 0x64, 0x2f, 0x03, 0x02, 0x00, 
	0x00, 0x01, 0xa8, 0x13, 0xa9, 0x86, 0x47, 0x82, 
	0xaa, 0x85, 0xab, 0x9b, 0x3a, 0x3a, 0x3a, 0x3a, 
	0x3a, 0x3a, 0x3a, 0x9b, 0xa0, 0x9e, 0xac, 0x76, 
	0x75, 0xad, 0x10, 0x18, 0x02, 0x02, 0x02, 0x00, 
	0x00, 0x02, 0x0b, 0x12, 0xae, 0x70, 0x4d, 0x7d, 
	0x13, 0x1e, 0x99, 0xab, 0x3a, 0x3a, 0x3a, 0x3a, 
	0x3a, 0x3a, 0x3a, 0xa0, 0x94, 0x8a, 0x7e, 0x81, 
	0x57, 0xaf, 0xb0, 0x00, 0x02, 0x02, 0x02, 0x00, 
	0x00, 0x02, 0x02, 0xa3, 0xb1, 0xb2, 0x20, 0x57, 
	0x7d, 0x2e, 0x2d, 0x9e, 0x9b, 0x38, 0x3a, 0x3a, 
	0x3a, 0x3a, 0xa0, 0x95, 0x99, 0x87, 0x74, 0x3b, 
	0x1f, 0xb0, 0x00, 0x00, 0x02, 0x02, 0x02, 0x00, 
	0x00, 0x02, 0x00, 0x51, 0xb3, 0xb4, 0x69, 0x21, 
	0x3b, 0xb5, 0x1e, 0x99, 0xa2, 0xab, 0x83, 0x9b, 
	0x9b, 0xa0, 0x95, 0x97, 0x91, 0x2e, 0x58, 0x4d, 
	0x34, 0x17, 0x17, 0x5e, 0x5e, 0x00, 0x00, 0x00, 
	0x00, 0x03, 0xb6, 0xb6, 0xb7, 0xb8, 0xb9, 0xaf, 
	0x3e, 0x58, 0x2e, 0x9c, 0xba, 0x9e, 0xbb, 0xbb, 
	0x95, 0x9f, 0x92, 0x89, 0x90, 0x81, 0x57, 0x65, 
	0xbc, 0x0a, 0x15, 0x15, 0xbd, 0x5e, 0x02, 0x00, 
	0x00, 0x03, 0x02, 0xb6, 0xbe, 0xbf, 0x53, 0x62, 
	0x72, 0x57, 0x81, 0x2e, 0x87, 0x2d, 0x89, 0x89, 
	0x22, 0xaa, 0x2d, 0x9c, 0x13, 0x58, 0x57, 0x65, 
	0x21, 0xc0, 0x21, 0x3c, 0x13, 0x15, 0x00, 0x00, 
	0x00, 0x02, 0x02, 0xb6, 0xc1, 0xc2, 0xc3, 0xb4, 
	0x20, 0x3e, 0x57, 0x81, 0x13, 0x2e, 0x8e, 0x8e, 
	0x8e, 0x3c, 0x29, 0xc4, 0x7d, 0x57, 0x86, 0xbc, 
	0x21, 0x66, 0x57, 0x78, 0x22, 0x6e, 0x00, 0x00, 
	0x00, 0x02, 0x02, 0x03, 0xb6, 0xc5, 0xbf, 0xb8, 
	0xc6, 0x71, 0x72, 0x57, 0x7d, 0x81, 0x86, 0xc7, 
	0xb5, 0xc8, 0x75, 0x2e, 0x3b, 0x57, 0x65, 0x11, 
	0x81, 0x81, 0x33, 0x32, 0x32, 0x5e, 0x02, 0x00, 
	0x00, 0x02, 0x02, 0x02, 0xb6, 0xb6, 0xb6, 0xc3, 
	0xc9, 0xb4, 0x71, 0x70, 0x57, 0x65, 0x3e, 0xca, 
	0xca, 0x6a, 0x57, 0x4d, 0x72, 0x1f, 0x34, 0x34, 
	0xcb, 0x81, 0xcc, 0x9d, 0x24, 0x02, 0x02, 0x00, 
	0x00, 0x02, 0x02, 0x02, 0x03, 0xb6, 0x00, 0xb6, 
	0xcd, 0xb8, 0xce, 0x71, 0x69, 0x62, 0x72, 0x3b, 
	0xc8, 0xcf, 0x4d, 0xaf, 0xc6, 0xd0, 0x51, 0x26, 
	0x12, 0x9d, 0xd1, 0xd2, 0x00, 0x02, 0x02, 0x00, 
	0x00, 0x03, 0x02, 0x02, 0x02, 0x00, 0x00, 0xb6, 
	0xb6, 0xcd, 0x62, 0x62, 0xb4, 0xd0, 0x30, 0x7d, 
	0x33, 0x6d, 0x65, 0x11, 0x11, 0x34, 0x0b, 0x2f, 
	0x11, 0x24, 0x26, 0x00, 0x02, 0x02, 0x02, 0x00, 
	0x00, 0x00, 0x00, 0x02, 0x02, 0x02, 0xb6, 0x00, 
	0x00, 0xb0, 0x21, 0x3b, 0xd3, 0x51, 0x26, 0xd4, 
	0x57, 0x33, 0x0a, 0x16, 0x16, 0x16, 0x2f, 0x2f, 
	0x26, 0x26, 0x00, 0x00, 0x00, 0x00, 0x00, 0x00, 
	0x00, 0x00, 0x00, 0x00, 0x02, 0x02, 0x02, 0x00, 
	0xb6, 0xb6, 0xd3, 0x57, 0xb0, 0x2f, 0x01, 0x01, 
	0x0b, 0x34, 0x16, 0x17, 0x00, 0x00, 0x01, 0x19, 
	0x21, 0x17, 0x00, 0x00, 0x00, 0x00, 0x00, 0x00, 
	0x00, 0x00, 0x00, 0x00, 0x02, 0x02, 0x02, 0x02, 
	0x02, 0x00, 0x00, 0x1f, 0x00, 0xd5, 0x00, 0x01, 
	0x00, 0x00, 0x00, 0x00, 0x02, 0x00, 0x00, 0x5a, 
	0x5a, 0x00, 0x02, 0x02, 0x00, 0x00, 0x00, 0x00, 
	0x00, 0x00, 0x00, 0x00, 0x00, 0x00, 0x00, 0x00, 
	0x00, 0x00, 0x00, 0x00, 0x00, 0x00, 0x00, 0x00, 
	0x00, 0x00, 0x00, 0x00, 0x00, 0x00, 0x00, 0x00, 
	0x00, 0x00, 0x00, 0x00, 0x00, 0x00, 0x00, 0x00, 
	
};

Gfx ttc_dl_sun_pal_rgba16_aligner[] = {gsSPEndDisplayList()};
u8 ttc_dl_sun_pal_rgba16[] = {
	0x32, 0x7d, 0x2a, 0x3b, 0x32, 0x3d, 0x2a, 0x3d, 
	0x1a, 0x37, 0x22, 0x37, 0x2a, 0xb5, 0x32, 0xb9, 
	0x3a, 0xf9, 0x63, 0xfb, 0x5b, 0xbd, 0x32, 0x7b, 
	0x22, 0x39, 0x22, 0x77, 0x3a, 0xf7, 0x64, 0x37, 
	0x6c, 0xb9, 0x53, 0xbd, 0x74, 0x7d, 0x95, 0x3d, 
	0x5b, 0x7d, 0x4b, 0x3d, 0x42, 0xfd, 0x3a, 0xbd, 
	0x32, 0xbb, 0x32, 0xfb, 0x22, 0xf9, 0x2a, 0xf9, 
	0x5c, 0x3b, 0xce, 0xfd, 0xa5, 0xbd, 0x53, 0xfd, 
	0x54, 0x7d, 0x64, 0x3d, 0xbe, 0x3d, 0x7c, 0x7d, 
	0x4b, 0x7d, 0x32, 0x3b, 0x32, 0xbd, 0x9e, 0xbd, 
	0xd7, 0x3b, 0xbe, 0xbd, 0x6c, 0xfb, 0x75, 0x3b, 
	0xd7, 0x3d, 0xb5, 0xfd, 0x95, 0x7d, 0x2a, 0x7b, 
	0x4b, 0xbd, 0x94, 0xfd, 0xe7, 0xbd, 0x8d, 0xbd, 
	0x43, 0x3d, 0x22, 0x3b, 0x0a, 0x75, 0x1b, 0x37, 
	0xef, 0xbd, 0xdf, 0x3d, 0xf7, 0xbd, 0x74, 0xbd, 
	0xa5, 0xfd, 0xae, 0xfd, 0x64, 0x7d, 0x1a, 0x39, 
	0x1a, 0x79, 0x1a, 0xb9, 0x0a, 0xb7, 0x1a, 0xf5, 
	0x64, 0xbb, 0xc7, 0x3d, 0xcf, 0x3d, 0x95, 0xfd, 
	0x43, 0x7b, 0x2a, 0xb9, 0x22, 0xb7, 0x8c, 0xbd, 
	0xb7, 0x3d, 0x64, 0xbd, 0x4b, 0x7b, 0x21, 0xf9, 
	0x19, 0xf7, 0x2a, 0xbb, 0x22, 0xfb, 0x33, 0x7d, 
	0x2b, 0x7b, 0x22, 0xf7, 0x33, 0x7b, 0x6c, 0xbd, 
	0x7c, 0xbd, 0x4b, 0x79, 0x3b, 0x39, 0x32, 0xf9, 
	0x2a, 0x79, 0xbf, 0x7d, 0x3a, 0x7d, 0x1a, 0xb5, 
	0x4b, 0xf9, 0x2b, 0x3b, 0x4c, 0x3d, 0x43, 0xbb, 
	0x53, 0xfb, 0x5c, 0x3d, 0x6c, 0x7d, 0x64, 0x3b, 
	0x4b, 0xb9, 0x4b, 0xfd, 0x74, 0xfd, 0x9e, 0x7d, 
	0x8d, 0xfd, 0x85, 0xbd, 0x53, 0x7d, 0x64, 0xb9, 
	0x5c, 0xbd, 0x4c, 0x7d, 0x5c, 0x7d, 0x6c, 0xbb, 
	0x8c, 0xfd, 0x95, 0xbd, 0x9e, 0x3d, 0xd7, 0x7d, 
	0xdf, 0x7d, 0x42, 0xbd, 0x5c, 0x39, 0xe7, 0x7d, 
	0x44, 0x3d, 0x7c, 0xfd, 0x9d, 0x3d, 0xa5, 0x3d, 
	0x84, 0xbd, 0x84, 0xfd, 0xa6, 0x7d, 0xef, 0x7d, 
	0x4b, 0x3b, 0xce, 0xbd, 0x85, 0x3d, 0xa5, 0x7d, 
	0xb5, 0x7d, 0xbd, 0xfd, 0xc5, 0xfd, 0xad, 0x3d, 
	0x9c, 0xfd, 0x94, 0xbd, 0x9d, 0xbd, 0xd6, 0xfd, 
	0x9d, 0x7d, 0xb5, 0xbd, 0xcd, 0xfd, 0xde, 0x3d, 
	0xe6, 0xbd, 0xee, 0xbd, 0xee, 0xfd, 0xd6, 0x3d, 
	0x3a, 0xbb, 0xce, 0x3d, 0xf6, 0xfd, 0xf7, 0x7d, 
	0xad, 0xfd, 0xdf, 0xbd, 0xde, 0xbd, 0xe6, 0x7d, 
	0xf7, 0x3d, 0xd5, 0xfd, 0xde, 0xfd, 0x43, 0x3b, 
	0xae, 0x3d, 0x3b, 0x3b, 0xae, 0x7b, 0x8d, 0x39, 
	0x42, 0xfb, 0xcf, 0x7d, 0xb6, 0x3d, 0xef, 0x3d, 
	0xbe, 0x7d, 0x8d, 0xbb, 0xb6, 0xfd, 0x54, 0x3d, 
	0x3a, 0xfd, 0x7d, 0xbd, 0x54, 0xbd, 0x33, 0x3d, 
	0x3b, 0xfd, 0x8d, 0x3d, 0x2a, 0x7d, 0x12, 0xbb, 
	0x2b, 0x3d, 0x3b, 0xbd, 0xc6, 0x3d, 0xe6, 0xfd, 
	0x5b, 0xfd, 0x63, 0xbd, 0x1a, 0x7b, 0x1a, 0xfd, 
	0x63, 0xfd, 0x22, 0x7b, 0x12, 0xbd, 0x22, 0xfd, 
	0xa6, 0x3d, 0x22, 0x7d, 0x43, 0xfd, 0x8d, 0x7d, 
	0x85, 0x7d, 0x2b, 0x7d, 0x7d, 0x3d, 0x6c, 0x3d, 
	0xaf, 0x3d, 0x2a, 0xfd, 0x3c, 0x3d, 0x75, 0x3d, 
	0x3b, 0x7d, 0x6c, 0x7b, 0x3a, 0xfb, 0x43, 0x7d, 
	0x3b, 0x3d, 0x32, 0xfd, 
};

Gfx ttc_dl_E3_Bricks_for_niko_insert_cute_face_ci8_aligner[] = {gsSPEndDisplayList()};
u8 ttc_dl_E3_Bricks_for_niko_insert_cute_face_ci8[] = {
	0x00, 0x01, 0x02, 0x03, 0x03, 0x03, 0x03, 0x03, 
	0x03, 0x03, 0x03, 0x03, 0x03, 0x03, 0x04, 0x04, 
	0x04, 0x04, 0x03, 0x05, 0x05, 0x03, 0x03, 0x03, 
	0x05, 0x03, 0x03, 0x03, 0x03, 0x03, 0x00, 0x00, 
	0x00, 0x06, 0x07, 0x08, 0x08, 0x09, 0x09, 0x09, 
	0x08, 0x08, 0x08, 0x08, 0x08, 0x09, 0x0a, 0x04, 
	0x04, 0x0b, 0x0c, 0x0d, 0x0e, 0x0d, 0x0d, 0x0d, 
	0x0d, 0x0d, 0x0f, 0x0d, 0x0f, 0x0f, 0x0b, 0x10, 
	0x11, 0x12, 0x13, 0x14, 0x14, 0x14, 0x14, 0x14, 
	0x14, 0x14, 0x14, 0x14, 0x14, 0x09, 0x09, 0x03, 
	0x15, 0x16, 0x17, 0x0f, 0x0f, 0x0f, 0x0f, 0x0f, 
	0x0f, 0x18, 0x18, 0x18, 0x0f, 0x0f, 0x0d, 0x19, 
	0x1a, 0x12, 0x13, 0x13, 0x13, 0x13, 0x13, 0x13, 
	0x13, 0x13, 0x13, 0x13, 0x13, 0x13, 0x14, 0x02, 
	0x1b, 0x08, 0x1c, 0x1d, 0x1d, 0x0c, 0x1d, 0x1d, 
	0x1d, 0x1d, 0x1e, 0x1d, 0x1d, 0x1d, 0x18, 0x19, 
	0x11, 0x12, 0x1f, 0x13, 0x13, 0x13, 0x13, 0x13, 
	0x13, 0x13, 0x13, 0x13, 0x13, 0x13, 0x13, 0x20, 
	0x15, 0x08, 0x21, 0x1d, 0x1d, 0x1d, 0x1d, 0x1d, 
	0x1d, 0x1d, 0x0c, 0x1d, 0x0c, 0x1d, 0x1d, 0x1b, 
	0x1a, 0x22, 0x23, 0x13, 0x13, 0x13, 0x13, 0x13, 
	0x13, 0x13, 0x13, 0x13, 0x13, 0x13, 0x13, 0x02, 
	0x19, 0x08, 0x1c, 0x1d, 0x1d, 0x1d, 0x1d, 0x1d, 
	0x1d, 0x1d, 0x1d, 0x1d, 0x1d, 0x1d, 0x1d, 0x1b, 
	0x11, 0x22, 0x22, 0x13, 0x13, 0x13, 0x13, 0x13, 
	0x13, 0x13, 0x13, 0x13, 0x13, 0x13, 0x13, 0x02, 
	0x1b, 0x08, 0x16, 0x1e, 0x1d, 0x1d, 0x1d, 0x1d, 
	0x1d, 0x1d, 0x1d, 0x1d, 0x1d, 0x1d, 0x1d, 0x19, 
	0x11, 0x24, 0x22, 0x1f, 0x13, 0x13, 0x13, 0x13, 
	0x13, 0x13, 0x13, 0x13, 0x13, 0x13, 0x13, 0x20, 
	0x19, 0x08, 0x08, 0x21, 0x1e, 0x1e, 0x1d, 0x1d, 
	0x1d, 0x1d, 0x1d, 0x1d, 0x1d, 0x1d, 0x17, 0x1b, 
	0x11, 0x24, 0x25, 0x22, 0x12, 0x1f, 0x1f, 0x1f, 
	0x1f, 0x1f, 0x1f, 0x1f, 0x1f, 0x1f, 0x1f, 0x26, 
	0x1b, 0x16, 0x09, 0x08, 0x08, 0x16, 0x1c, 0x21, 
	0x21, 0x21, 0x21, 0x21, 0x21, 0x16, 0x21, 0x1b, 
	0x10, 0x1a, 0x24, 0x24, 0x24, 0x24, 0x24, 0x24, 
	0x24, 0x24, 0x24, 0x24, 0x24, 0x24, 0x27, 0x00, 
	0x10, 0x1b, 0x28, 0x29, 0x28, 0x28, 0x29, 0x29, 
	0x28, 0x29, 0x28, 0x28, 0x29, 0x28, 0x2a, 0x10, 
	0x00, 0x00, 0x2b, 0x2b, 0x2b, 0x2b, 0x06, 0x2c, 
	0x2b, 0x2b, 0x2d, 0x2b, 0x2e, 0x2e, 0x2f, 0x2f, 
	0x2f, 0x30, 0x31, 0x31, 0x31, 0x31, 0x2a, 0x2a, 
	0x2a, 0x2a, 0x32, 0x2a, 0x2a, 0x2a, 0x00, 0x10, 
	0x03, 0x05, 0x05, 0x03, 0x03, 0x05, 0x33, 0x10, 
	0x10, 0x01, 0x34, 0x34, 0x31, 0x31, 0x34, 0x34, 
	0x34, 0x31, 0x34, 0x34, 0x34, 0x31, 0x01, 0x00, 
	0x10, 0x33, 0x03, 0x05, 0x05, 0x05, 0x03, 0x03, 
	0x35, 0x35, 0x35, 0x36, 0x36, 0x37, 0x03, 0x33, 
	0x01, 0x31, 0x38, 0x1e, 0x35, 0x36, 0x37, 0x35, 
	0x1d, 0x1d, 0x39, 0x1d, 0x3a, 0x21, 0x31, 0x2f, 
	0x10, 0x03, 0x3b, 0x35, 0x3c, 0x3c, 0x3d, 0x35, 
	0x37, 0x37, 0x37, 0x37, 0x37, 0x37, 0x35, 0x1b, 
	0x33, 0x3e, 0x38, 0x3f, 0x3a, 0x3a, 0x3a, 0x21, 
	0x3a, 0x3f, 0x3b, 0x3a, 0x1e, 0x1d, 0x1d, 0x33, 
	0x1b, 0x16, 0x40, 0x37, 0x37, 0x37, 0x37, 0x37, 
	0x3b, 0x3b, 0x3b, 0x3b, 0x3b, 0x3b, 0x37, 0x19, 
	0x41, 0x13, 0x38, 0x16, 0x16, 0x16, 0x16, 0x16, 
	0x16, 0x16, 0x16, 0x16, 0x16, 0x16, 0x3b, 0x01, 
	0x1b, 0x08, 0x21, 0x42, 0x3b, 0x3b, 0x3b, 0x3b, 
	0x3b, 0x42, 0x43, 0x3b, 0x3b, 0x44, 0x45, 0x19, 
	0x15, 0x14, 0x38, 0x16, 0x16, 0x16, 0x16, 0x16, 
	0x16, 0x16, 0x16, 0x16, 0x16, 0x16, 0x16, 0x15, 
	0x1b, 0x38, 0x21, 0x3b, 0x44, 0x44, 0x3b, 0x3b, 
	0x43, 0x42, 0x3b, 0x3b, 0x44, 0x3b, 0x44, 0x19, 
	0x41, 0x07, 0x16, 0x16, 0x16, 0x16, 0x16, 0x16, 
	0x16, 0x16, 0x16, 0x16, 0x16, 0x16, 0x16, 0x15, 
	0x1b, 0x38, 0x16, 0x42, 0x3b, 0x3b, 0x44, 0x3b, 
	0x42, 0x3b, 0x42, 0x3b, 0x43, 0x44, 0x3b, 0x15, 
	0x41, 0x1f, 0x38, 0x08, 0x38, 0x38, 0x16, 0x38, 
	0x16, 0x38, 0x16, 0x16, 0x16, 0x16, 0x16, 0x15, 
	0x1b, 0x38, 0x08, 0x3b, 0x3b, 0x3b, 0x3b, 0x3b, 
	0x40, 0x40, 0x21, 0x40, 0x21, 0x16, 0x21, 0x15, 
	0x41, 0x1f, 0x13, 0x28, 0x09, 0x09, 0x08, 0x38, 
	0x08, 0x08, 0x16, 0x38, 0x16, 0x16, 0x16, 0x15, 
	0x1b, 0x16, 0x09, 0x38, 0x16, 0x46, 0x21, 0x40, 
	0x3e, 0x3e, 0x28, 0x28, 0x3e, 0x28, 0x06, 0x47, 
	0x41, 0x48, 0x1f, 0x1f, 0x1f, 0x1f, 0x1f, 0x1f, 
	0x1f, 0x1f, 0x1f, 0x1f, 0x1f, 0x1f, 0x11, 0x49, 
	0x41, 0x06, 0x28, 0x28, 0x28, 0x28, 0x3e, 0x3e, 
	0x06, 0x06, 0x06, 0x06, 0x06, 0x06, 0x4a, 0x00, 
	0x00, 0x4b, 0x3e, 0x3e, 0x3e, 0x4c, 0x3e, 0x3e, 
	0x3e, 0x4d, 0x3e, 0x4c, 0x3e, 0x4c, 0x49, 0x00, 
	0x00, 0x41, 0x06, 0x06, 0x06, 0x06, 0x06, 0x06, 
	0x4e, 0x41, 0x02, 0x32, 0x2a, 0x2a, 0x4f, 0x4f, 
	0x4f, 0x19, 0x0b, 0x0b, 0x0b, 0x2a, 0x4b, 0x4b, 
	0x4b, 0x4b, 0x02, 0x50, 0x27, 0x51, 0x03, 0x03, 
	0x03, 0x03, 0x41, 0x41, 0x41, 0x41, 0x41, 0x4e, 
	0x00, 0x41, 0x38, 0x3b, 0x35, 0x37, 0x36, 0x35, 
	0x37, 0x45, 0x1d, 0x1d, 0x3a, 0x3a, 0x19, 0x00, 
	0x00, 0x06, 0x07, 0x09, 0x08, 0x09, 0x08, 0x09, 
	0x08, 0x08, 0x08, 0x08, 0x09, 0x09, 0x0a, 0x10, 
	0x41, 0x09, 0x38, 0x21, 0x3b, 0x1e, 0x3b, 0x3a, 
	0x3b, 0x3b, 0x3a, 0x3a, 0x1e, 0x1d, 0x1d, 0x05, 
	0x11, 0x12, 0x13, 0x14, 0x14, 0x14, 0x14, 0x14, 
	0x14, 0x14, 0x14, 0x14, 0x14, 0x52, 0x09, 0x53, 
	0x41, 0x07, 0x38, 0x16, 0x16, 0x16, 0x16, 0x16, 
	0x16, 0x16, 0x16, 0x46, 0x21, 0x21, 0x3b, 0x05, 
	0x11, 0x12, 0x1f, 0x13, 0x13, 0x13, 0x13, 0x13, 
	0x13, 0x13, 0x13, 0x13, 0x13, 0x13, 0x14, 0x26, 
	0x41, 0x07, 0x38, 0x16, 0x16, 0x16, 0x16, 0x16, 
	0x16, 0x16, 0x16, 0x16, 0x16, 0x16, 0x46, 0x51, 
	0x11, 0x12, 0x1f, 0x13, 0x13, 0x13, 0x13, 0x13, 
	0x13, 0x13, 0x13, 0x13, 0x13, 0x13, 0x13, 0x26, 
	0x41, 0x07, 0x16, 0x16, 0x16, 0x16, 0x16, 0x16, 
	0x16, 0x16, 0x16, 0x16, 0x16, 0x16, 0x16, 0x51, 
	0x11, 0x22, 0x23, 0x13, 0x13, 0x13, 0x13, 0x13, 
	0x13, 0x13, 0x13, 0x13, 0x13, 0x13, 0x13, 0x02, 
	0x41, 0x13, 0x38, 0x08, 0x16, 0x16, 0x16, 0x16, 
	0x38, 0x38, 0x16, 0x16, 0x16, 0x16, 0x16, 0x51, 
	0x11, 0x22, 0x22, 0x13, 0x13, 0x13, 0x13, 0x13, 
	0x13, 0x13, 0x13, 0x13, 0x13, 0x13, 0x13, 0x02, 
	0x41, 0x1f, 0x09, 0x09, 0x08, 0x08, 0x38, 0x08, 
	0x16, 0x38, 0x16, 0x16, 0x16, 0x16, 0x16, 0x51, 
	0x11, 0x24, 0x22, 0x1f, 0x13, 0x13, 0x13, 0x13, 
	0x13, 0x13, 0x13, 0x13, 0x13, 0x13, 0x13, 0x02, 
	0x41, 0x1f, 0x54, 0x28, 0x28, 0x3e, 0x09, 0x09, 
	0x09, 0x09, 0x09, 0x08, 0x08, 0x08, 0x38, 0x51, 
	0x11, 0x24, 0x24, 0x22, 0x12, 0x1f, 0x1f, 0x1f, 
	0x1f, 0x1f, 0x1f, 0x1f, 0x1f, 0x12, 0x1f, 0x02, 
	0x41, 0x48, 0x1f, 0x1f, 0x1f, 0x1f, 0x1f, 0x1f, 
	0x1f, 0x1f, 0x1f, 0x1f, 0x1f, 0x1f, 0x48, 0x4b, 
	0x47, 0x55, 0x24, 0x24, 0x24, 0x24, 0x24, 0x24, 
	0x24, 0x24, 0x24, 0x24, 0x24, 0x24, 0x11, 0x41, 
	0x00, 0x4b, 0x48, 0x48, 0x48, 0x48, 0x48, 0x48, 
	0x48, 0x48, 0x48, 0x48, 0x48, 0x11, 0x4b, 0x00, 
	0x10, 0x47, 0x11, 0x55, 0x55, 0x11, 0x55, 0x55, 
	0x55, 0x55, 0x55, 0x55, 0x55, 0x11, 0x41, 0x10, 
	
};

Gfx ttc_dl_E3_Bricks_for_niko_insert_cute_face_pal_rgba16_aligner[] = {gsSPEndDisplayList()};
u8 ttc_dl_E3_Bricks_for_niko_insert_cute_face_pal_rgba16[] = {
	0x8b, 0x95, 0x83, 0x11, 0x6a, 0x09, 0x7a, 0x8b, 
	0x8b, 0x51, 0x82, 0x8b, 0x59, 0xc7, 0x38, 0x81, 
	0x51, 0x01, 0x49, 0x01, 0x72, 0x89, 0x7a, 0x4b, 
	0x71, 0xc1, 0x82, 0x03, 0x8a, 0x03, 0x79, 0xc3, 
	0x93, 0x95, 0x49, 0x45, 0x28, 0x01, 0x30, 0x81, 
	0x38, 0xc1, 0x82, 0xcf, 0x59, 0x41, 0x69, 0x81, 
	0x79, 0xc1, 0x82, 0xcd, 0x51, 0x45, 0x7a, 0xcd, 
	0x61, 0x41, 0x71, 0xc3, 0x69, 0xc1, 0x28, 0x41, 
	0x62, 0x09, 0x61, 0x81, 0x20, 0x01, 0x28, 0x81, 
	0x18, 0x01, 0x10, 0x01, 0x6a, 0x49, 0x72, 0x8d, 
	0x40, 0xc1, 0x40, 0x81, 0x72, 0x4b, 0x59, 0x85, 
	0x61, 0xc5, 0x59, 0xc5, 0x61, 0xc7, 0x8b, 0x11, 
	0x8b, 0x0f, 0x7a, 0x49, 0x72, 0x49, 0x83, 0x0f, 
	0x82, 0x49, 0x7a, 0x05, 0x7a, 0x03, 0x72, 0x03, 
	0x51, 0x41, 0x71, 0xc5, 0x69, 0x83, 0x69, 0xc3, 
	0x82, 0x05, 0x7a, 0x45, 0x41, 0x01, 0x61, 0x83, 
	0x61, 0xc3, 0x7a, 0xcf, 0x6a, 0x05, 0x69, 0xc5, 
	0x6a, 0x03, 0x72, 0x05, 0x59, 0x81, 0x7a, 0xd1, 
	0x49, 0x85, 0x72, 0xcf, 0x7b, 0x11, 0x72, 0x8f, 
	0x41, 0x03, 0x39, 0x01, 0x7b, 0x0f, 0x82, 0x8d, 
	0x72, 0x8b, 0x7a, 0x8d, 0x49, 0x41, 0x7a, 0xcb, 
	0x30, 0x41, 0x41, 0x45, 
};

Gfx ttc_dl_morebricks_i8_aligner[] = {gsSPEndDisplayList()};
u8 ttc_dl_morebricks_i8[] = {
	0x58, 0x58, 0x68, 0x68, 0x68, 0x68, 0x70, 0x68, 
	0x68, 0x68, 0x68, 0x68, 0x68, 0x68, 0x68, 0x68, 
	0x68, 0x68, 0x68, 0x58, 0x58, 0x58, 0x58, 0x60, 
	0x60, 0x60, 0x60, 0x58, 0x60, 0x58, 0x58, 0x60, 
	0x78, 0x70, 0x78, 0x78, 0x80, 0x80, 0x80, 0x88, 
	0x80, 0x80, 0x80, 0x88, 0x80, 0x78, 0x78, 0x78, 
	0x78, 0x70, 0x70, 0x80, 0x80, 0x80, 0x80, 0x80, 
	0x80, 0x80, 0x80, 0x80, 0x80, 0x80, 0x78, 0x80, 
	0xc8, 0xc8, 0xd0, 0xd0, 0xc8, 0xc8, 0xc8, 0xc0, 
	0xb8, 0xc0, 0xc0, 0xc8, 0xc8, 0xc8, 0xc8, 0xc0, 
	0xb0, 0x68, 0x90, 0xd0, 0xd0, 0xd0, 0xd0, 0xd0, 
	0xd0, 0xc8, 0xc8, 0xc0, 0xc0, 0xc0, 0xd0, 0xc8, 
	0xc8, 0xc0, 0xc8, 0xc0, 0xc0, 0xc8, 0xc0, 0xc0, 
	0xc8, 0xc0, 0xc8, 0xc8, 0xc8, 0xb8, 0xc8, 0xc0, 
	0xc0, 0x68, 0x98, 0xd0, 0xc8, 0xc0, 0xc8, 0xc8, 
	0xc0, 0xc0, 0xc8, 0xd0, 0xc8, 0xd0, 0xd0, 0xc8, 
	0xc0, 0xc0, 0xc0, 0xc0, 0xc0, 0xc8, 0xc8, 0xc0, 
	0xc0, 0xb8, 0xc0, 0xc0, 0xb8, 0xc8, 0xc0, 0xc0, 
	0xb8, 0x68, 0x98, 0xd0, 0xc8, 0xc8, 0xc0, 0xc8, 
	0xc0, 0xc8, 0xc8, 0xc0, 0xb8, 0xb8, 0xc0, 0xc8, 
	0xc0, 0xc0, 0xc0, 0xc8, 0xc0, 0xc0, 0xc0, 0xc8, 
	0xc0, 0xc8, 0xc0, 0xb8, 0xc0, 0xd0, 0xc8, 0xc0, 
	0xb8, 0x68, 0xa8, 0xd0, 0xd0, 0xc0, 0xc8, 0xc8, 
	0xc8, 0xc8, 0xc8, 0xc0, 0xc0, 0xc0, 0xc0, 0xc0, 
	0xc0, 0xc0, 0xc0, 0xc0, 0xc0, 0xc8, 0xc0, 0xb8, 
	0xc0, 0xb0, 0xc0, 0xc0, 0xc0, 0xc8, 0xc8, 0xc8, 
	0xb0, 0x60, 0x98, 0xd0, 0xc8, 0xc8, 0xc0, 0xc8, 
	0xc8, 0xc0, 0xc8, 0xc0, 0xc0, 0xc8, 0xc0, 0xc0, 
	0xc0, 0xc8, 0xc0, 0xc0, 0xc8, 0xc0, 0xc8, 0xc8, 
	0xc0, 0xc0, 0xc0, 0xc0, 0xc8, 0xc8, 0xc8, 0xc8, 
	0xb0, 0x58, 0xa0, 0xd0, 0xc8, 0xc8, 0xc0, 0xc8, 
	0xc8, 0xc0, 0xc8, 0xc0, 0xc0, 0xc0, 0xc0, 0xc0, 
	0xc0, 0xc0, 0xc0, 0xc0, 0xc0, 0xb8, 0xc0, 0xc0, 
	0xc0, 0xc8, 0xc0, 0xc0, 0xc8, 0xc8, 0xc8, 0xc8, 
	0xa8, 0x50, 0x98, 0xd0, 0xc8, 0xc0, 0xc0, 0xc0, 
	0xc0, 0xc0, 0xc0, 0xc0, 0xc0, 0xc0, 0xc0, 0xc0, 
	0xc0, 0xc0, 0xc0, 0xc8, 0xc0, 0xb8, 0xc0, 0xc0, 
	0xc0, 0xc8, 0xc0, 0xc0, 0xc0, 0xc8, 0xc8, 0xc8, 
	0xb0, 0x50, 0x90, 0xd0, 0xc8, 0xc8, 0xc0, 0xc0, 
	0xc0, 0xc0, 0xc0, 0xc0, 0xc0, 0xb8, 0xc0, 0xc0, 
	0xc0, 0xc8, 0xc8, 0xc8, 0xc0, 0xc0, 0xc0, 0xb8, 
	0xc0, 0xc0, 0xc0, 0xc8, 0xc0, 0xc0, 0xc0, 0xc8, 
	0xb8, 0x50, 0x90, 0xd0, 0xc8, 0xc8, 0xc0, 0xc0, 
	0xc0, 0xc0, 0xc0, 0xc0, 0xc0, 0xc0, 0xc0, 0xc8, 
	0xc0, 0xb8, 0xc0, 0xc0, 0xc0, 0xc0, 0xc0, 0xc8, 
	0xc8, 0xb8, 0xb8, 0xc0, 0xc0, 0xc0, 0xc8, 0xc8, 
	0xb0, 0x50, 0x88, 0xd0, 0xc8, 0xc8, 0xc0, 0xc0, 
	0xc0, 0xc0, 0xc8, 0xc0, 0xc0, 0xc0, 0xc0, 0xc0, 
	0xc0, 0xc0, 0xc0, 0xc0, 0xb8, 0xc0, 0xc0, 0xc0, 
	0xc0, 0xc0, 0xb8, 0xb8, 0xc0, 0xc0, 0xc8, 0xc8, 
	0xb0, 0x50, 0x80, 0xd0, 0xd0, 0xc8, 0xc0, 0xb8, 
	0xc8, 0xc8, 0xc0, 0xc0, 0xc0, 0xc0, 0xb8, 0xc0, 
	0xc0, 0xc0, 0xc8, 0xc0, 0xc0, 0xc0, 0xc0, 0xc8, 
	0xc0, 0xc0, 0xc0, 0xc0, 0xc0, 0xc0, 0xc0, 0xc8, 
	0xb0, 0x50, 0x80, 0xd0, 0xd0, 0xc8, 0xc0, 0xc8, 
	0xc0, 0xc0, 0xc0, 0xc0, 0xc8, 0xc0, 0xc0, 0xc0, 
	0xc8, 0xc8, 0xc8, 0xc8, 0xc0, 0xc8, 0xc8, 0xc0, 
	0xd0, 0xc0, 0xc8, 0xc8, 0xc8, 0xc8, 0xc8, 0xc8, 
	0xc0, 0x50, 0x80, 0xd0, 0xd0, 0xc8, 0xc8, 0xc0, 
	0xc0, 0xc0, 0xc0, 0xc0, 0xc0, 0xc0, 0xc0, 0xc0, 
	0xa8, 0xa8, 0xb0, 0xa8, 0xb0, 0xb0, 0xa0, 0xa0, 
	0xa8, 0xb0, 0xb0, 0xb0, 0xb0, 0xb0, 0xb0, 0xa8, 
	0xa0, 0x48, 0x78, 0xb0, 0xb0, 0xa8, 0xa8, 0xb0, 
	0xb0, 0xb0, 0xb0, 0xa8, 0xb0, 0xb8, 0xb0, 0xb0, 
	0x70, 0x68, 0x68, 0x68, 0x68, 0x68, 0x68, 0x68, 
	0x68, 0x68, 0x68, 0x60, 0x60, 0x60, 0x58, 0x58, 
	0x68, 0x78, 0x48, 0x48, 0x58, 0x58, 0x58, 0x60, 
	0x68, 0x68, 0x70, 0x78, 0x78, 0x78, 0x70, 0x68, 
	0x88, 0x88, 0x88, 0x90, 0x88, 0x88, 0x88, 0x90, 
	0x90, 0x88, 0x88, 0x88, 0x88, 0x88, 0x88, 0x88, 
	0xa0, 0xa8, 0xa8, 0x98, 0x98, 0x90, 0x90, 0x88, 
	0x90, 0x98, 0x98, 0x98, 0x98, 0x98, 0x98, 0xa0, 
	0x88, 0x68, 0xc0, 0xb0, 0xb8, 0xb0, 0xa8, 0xa8, 
	0xb0, 0xa8, 0xa8, 0xa8, 0xa8, 0xb8, 0xa8, 0xa8, 
	0xa8, 0xb0, 0xa8, 0xa8, 0xa8, 0xa8, 0xa8, 0xb0, 
	0xb8, 0xb8, 0xb0, 0xa8, 0xa8, 0xa8, 0xa0, 0xa8, 
	0x88, 0x68, 0xb8, 0xa8, 0xb8, 0xa8, 0xa0, 0xa8, 
	0xa0, 0xa0, 0xa0, 0xa0, 0xa0, 0x98, 0xa0, 0x98, 
	0xa0, 0xa0, 0xa8, 0xa0, 0xa8, 0x98, 0xa0, 0xa0, 
	0xa8, 0xa0, 0xa0, 0xa8, 0xa8, 0xa8, 0xa0, 0xa8, 
	0x88, 0x68, 0xc8, 0xb8, 0xa8, 0xa8, 0xa0, 0xa8, 
	0xa8, 0xa0, 0xa0, 0xa0, 0xa0, 0xa0, 0x98, 0xa0, 
	0xa0, 0xa0, 0xa0, 0xa8, 0xa0, 0xa8, 0xb0, 0xb0, 
	0xa0, 0xa8, 0xb0, 0xa0, 0xa0, 0xa0, 0xa8, 0xa0, 
	0x78, 0x68, 0xc0, 0xb0, 0xb8, 0xa0, 0xa0, 0xa0, 
	0xa0, 0x98, 0x98, 0x98, 0xa0, 0x98, 0x98, 0x98, 
	0xa0, 0xa8, 0xa0, 0x98, 0xa0, 0xa0, 0xa8, 0xa8, 
	0xa8, 0xa0, 0xa8, 0xa0, 0xa0, 0x98, 0x98, 0x98, 
	0x88, 0x70, 0xc0, 0xa8, 0xa8, 0xa0, 0xa0, 0xa0, 
	0xa0, 0xa0, 0xa0, 0x98, 0xa0, 0xa0, 0xa8, 0xb0, 
	0xa0, 0x98, 0xa0, 0x98, 0xa0, 0xa0, 0x98, 0x98, 
	0x98, 0xa0, 0xa8, 0xa0, 0xa0, 0x98, 0x98, 0x98, 
	0x78, 0x68, 0xc0, 0xa8, 0xa0, 0xa0, 0x98, 0xa8, 
	0xa8, 0xa8, 0xa8, 0x98, 0x98, 0xa0, 0xa8, 0xa8, 
	0xa0, 0xa8, 0xb0, 0xa8, 0xa8, 0x98, 0x98, 0x98, 
	0x98, 0xa0, 0xa0, 0xa0, 0xa8, 0xa8, 0xa8, 0xa0, 
	0x80, 0x70, 0xb8, 0xa8, 0x98, 0xa8, 0xa0, 0xa8, 
	0x98, 0xa8, 0x98, 0x90, 0x90, 0xa0, 0x98, 0x98, 
	0x98, 0x98, 0x90, 0x98, 0x98, 0x98, 0x98, 0x98, 
	0x98, 0x98, 0x98, 0xa0, 0xa0, 0x98, 0x98, 0xa8, 
	0x80, 0x68, 0xc0, 0xa8, 0xa0, 0xa8, 0x98, 0x98, 
	0x98, 0x98, 0xa0, 0x98, 0x98, 0x98, 0x98, 0xa0, 
	0x98, 0x98, 0x98, 0xa0, 0xa8, 0xa0, 0x98, 0x90, 
	0x90, 0x98, 0xa8, 0xa0, 0xa8, 0xb0, 0xb0, 0xa0, 
	0x80, 0x68, 0xb8, 0xa8, 0xa0, 0xa8, 0xa0, 0x98, 
	0x90, 0x90, 0x98, 0x98, 0x98, 0x98, 0xa0, 0xa8, 
	0x98, 0x98, 0xa0, 0xa0, 0xa0, 0xa0, 0x98, 0x90, 
	0x98, 0xa0, 0xa0, 0x98, 0x90, 0x98, 0xa0, 0xa0, 
	0x80, 0x70, 0xb8, 0xb0, 0xa0, 0xa0, 0x98, 0x90, 
	0x98, 0x98, 0xa0, 0xa0, 0x98, 0xa0, 0x98, 0x98, 
	0x98, 0x98, 0x98, 0xa0, 0x98, 0xa0, 0x98, 0x98, 
	0xa0, 0x98, 0xa0, 0xa0, 0xa0, 0xa0, 0xa0, 0xa0, 
	0x78, 0x70, 0xb8, 0xa8, 0xa8, 0x98, 0x98, 0x90, 
	0x90, 0x90, 0x98, 0x90, 0x90, 0xa8, 0xa0, 0xa0, 
	0x98, 0x90, 0x98, 0xa0, 0xa0, 0x98, 0x90, 0x90, 
	0x98, 0xa8, 0xa0, 0x98, 0x98, 0xa0, 0x98, 0x98, 
	0x80, 0x70, 0xb8, 0xb0, 0xb0, 0xa0, 0x98, 0xa0, 
	0xa0, 0x98, 0xa8, 0xa8, 0xa0, 0xa0, 0xa8, 0xa8, 
	0x98, 0x90, 0x98, 0x98, 0x98, 0xa0, 0xa0, 0xa0, 
	0xa0, 0xa8, 0xa0, 0x98, 0x98, 0xa0, 0x98, 0x98, 
	0x80, 0x70, 0xc0, 0xb0, 0xa8, 0xa8, 0xa0, 0x90, 
	0x98, 0x98, 0x98, 0x90, 0xa0, 0x98, 0x98, 0xa0, 
	0x98, 0xa0, 0xa0, 0x98, 0xa0, 0x98, 0x90, 0x90, 
	0x98, 0xa0, 0xa0, 0xa0, 0x98, 0xa0, 0xb0, 0xb0, 
	0x70, 0x60, 0x88, 0x90, 0x88, 0x88, 0x88, 0x88, 
	0x88, 0x88, 0x88, 0x80, 0x80, 0x88, 0x90, 0x88, 
	0x80, 0x80, 0x80, 0x80, 0x80, 0x88, 0x88, 0x88, 
	0x88, 0x88, 0x88, 0x88, 0x80, 0x80, 0x88, 0x88, 
	
};

Gfx ttc_dl_darkgrass_ci8_aligner[] = {gsSPEndDisplayList()};
u8 ttc_dl_darkgrass_ci8[] = {
	0x00, 0x01, 0x01, 0x01, 0x01, 0x01, 0x01, 0x01, 
	0x01, 0x00, 0x02, 0x03, 0x04, 0x05, 0x02, 0x02, 
	0x06, 0x06, 0x04, 0x04, 0x01, 0x04, 0x04, 0x04, 
	0x06, 0x06, 0x04, 0x04, 0x04, 0x00, 0x06, 0x04, 
	0x04, 0x01, 0x03, 0x01, 0x00, 0x00, 0x04, 0x01, 
	0x04, 0x01, 0x02, 0x06, 0x03, 0x06, 0x00, 0x07, 
	0x04, 0x02, 0x03, 0x06, 0x04, 0x03, 0x08, 0x02, 
	0x03, 0x04, 0x04, 0x06, 0x06, 0x01, 0x04, 0x00, 
	0x00, 0x00, 0x00, 0x01, 0x04, 0x06, 0x01, 0x01, 
	0x00, 0x06, 0x03, 0x01, 0x04, 0x05, 0x09, 0x0a, 
	0x05, 0x0b, 0x0b, 0x00, 0x06, 0x02, 0x0c, 0x03, 
	0x06, 0x02, 0x00, 0x04, 0x00, 0x01, 0x00, 0x04, 
	0x00, 0x06, 0x04, 0x06, 0x00, 0x04, 0x01, 0x00, 
	0x04, 0x04, 0x04, 0x00, 0x00, 0x0a, 0x05, 0x0b, 
	0x05, 0x05, 0x06, 0x06, 0x0d, 0x04, 0x02, 0x08, 
	0x0e, 0x04, 0x01, 0x00, 0x04, 0x00, 0x03, 0x01, 
	0x01, 0x04, 0x00, 0x00, 0x06, 0x04, 0x00, 0x06, 
	0x00, 0x00, 0x04, 0x00, 0x04, 0x0b, 0x00, 0x0f, 
	0x06, 0x06, 0x05, 0x04, 0x04, 0x06, 0x10, 0x11, 
	0x04, 0x00, 0x01, 0x00, 0x00, 0x04, 0x01, 0x03, 
	0x00, 0x00, 0x00, 0x02, 0x06, 0x06, 0x04, 0x04, 
	0x01, 0x03, 0x12, 0x00, 0x00, 0x0a, 0x13, 0x14, 
	0x02, 0x06, 0x06, 0x04, 0x04, 0x15, 0x16, 0x04, 
	0x06, 0x04, 0x12, 0x12, 0x01, 0x01, 0x01, 0x00, 
	0x01, 0x03, 0x04, 0x00, 0x00, 0x02, 0x01, 0x00, 
	0x00, 0x03, 0x01, 0x01, 0x17, 0x00, 0x18, 0x19, 
	0x0d, 0x00, 0x1a, 0x00, 0x01, 0x01, 0x1b, 0x1c, 
	0x04, 0x04, 0x12, 0x00, 0x01, 0x01, 0x01, 0x00, 
	0x03, 0x03, 0x01, 0x06, 0x06, 0x06, 0x00, 0x01, 
	0x03, 0x01, 0x03, 0x01, 0x17, 0x00, 0x12, 0x00, 
	0x1d, 0x00, 0x1e, 0x1f, 0x20, 0x00, 0x04, 0x1f, 
	0x12, 0x04, 0x01, 0x12, 0x12, 0x01, 0x01, 0x00, 
	0x01, 0x12, 0x12, 0x01, 0x02, 0x00, 0x01, 0x00, 
	0x03, 0x01, 0x03, 0x00, 0x00, 0x04, 0x00, 0x01, 
	0x01, 0x00, 0x01, 0x1f, 0x01, 0x00, 0x01, 0x04, 
	0x01, 0x21, 0x12, 0x12, 0x12, 0x06, 0x01, 0x04, 
	0x01, 0x12, 0x00, 0x06, 0x00, 0x01, 0x21, 0x12, 
	0x01, 0x01, 0x01, 0x01, 0x00, 0x00, 0x00, 0x1b, 
	0x03, 0x00, 0x00, 0x00, 0x00, 0x00, 0x12, 0x1b, 
	0x00, 0x01, 0x03, 0x12, 0x00, 0x00, 0x00, 0x00, 
	0x00, 0x00, 0x00, 0x01, 0x01, 0x00, 0x03, 0x22, 
	0x01, 0x12, 0x12, 0x01, 0x00, 0x00, 0x00, 0x01, 
	0x03, 0x01, 0x23, 0x0a, 0x01, 0x03, 0x01, 0x1b, 
	0x03, 0x01, 0x12, 0x12, 0x00, 0x01, 0x00, 0x01, 
	0x03, 0x03, 0x03, 0x01, 0x01, 0x01, 0x01, 0x12, 
	0x03, 0x03, 0x12, 0x03, 0x00, 0x12, 0x01, 0x03, 
	0x01, 0x01, 0x01, 0x01, 0x00, 0x1b, 0x00, 0x03, 
	0x01, 0x01, 0x24, 0x12, 0x12, 0x03, 0x00, 0x01, 
	0x12, 0x21, 0x24, 0x01, 0x04, 0x04, 0x01, 0x03, 
	0x01, 0x03, 0x01, 0x03, 0x00, 0x00, 0x01, 0x03, 
	0x01, 0x01, 0x01, 0x12, 0x01, 0x01, 0x00, 0x00, 
	0x00, 0x03, 0x06, 0x03, 0x01, 0x25, 0x03, 0x01, 
	0x03, 0x21, 0x01, 0x00, 0x26, 0x01, 0x03, 0x00, 
	0x03, 0x03, 0x00, 0x00, 0x03, 0x00, 0x00, 0x01, 
	0x00, 0x03, 0x03, 0x00, 0x03, 0x01, 0x01, 0x04, 
	0x01, 0x01, 0x00, 0x12, 0x12, 0x1b, 0x03, 0x01, 
	0x03, 0x12, 0x00, 0x04, 0x00, 0x04, 0x1b, 0x03, 
	0x00, 0x03, 0x01, 0x1b, 0x04, 0x04, 0x00, 0x00, 
	0x01, 0x03, 0x1b, 0x03, 0x00, 0x01, 0x03, 0x1b, 
	0x03, 0x03, 0x01, 0x1b, 0x1b, 0x22, 0x1b, 0x01, 
	0x01, 0x00, 0x01, 0x06, 0x12, 0x04, 0x27, 0x04, 
	0x03, 0x00, 0x00, 0x04, 0x01, 0x00, 0x03, 0x04, 
	0x03, 0x1b, 0x1b, 0x12, 0x03, 0x25, 0x1b, 0x1b, 
	0x25, 0x1b, 0x22, 0x22, 0x1b, 0x28, 0x22, 0x01, 
	0x04, 0x04, 0x04, 0x01, 0x06, 0x04, 0x04, 0x00, 
	0x01, 0x00, 0x00, 0x04, 0x04, 0x25, 0x03, 0x06, 
	0x01, 0x03, 0x03, 0x12, 0x03, 0x25, 0x25, 0x1b, 
	0x1b, 0x1b, 0x12, 0x22, 0x1b, 0x1b, 0x04, 0x01, 
	0x04, 0x05, 0x06, 0x02, 0x06, 0x00, 0x03, 0x29, 
	0x00, 0x00, 0x11, 0x00, 0x00, 0x03, 0x1f, 0x02, 
	0x1f, 0x03, 0x00, 0x03, 0x03, 0x03, 0x01, 0x01, 
	0x25, 0x12, 0x03, 0x1b, 0x1b, 0x1b, 0x01, 0x01, 
	0x05, 0x03, 0x01, 0x04, 0x04, 0x2a, 0x00, 0x00, 
	0x00, 0x04, 0x04, 0x00, 0x25, 0x25, 0x25, 0x1f, 
	0x03, 0x25, 0x1f, 0x01, 0x25, 0x25, 0x1f, 0x1b, 
	0x1f, 0x03, 0x1b, 0x01, 0x25, 0x00, 0x06, 0x25, 
	0x03, 0x04, 0x04, 0x02, 0x00, 0x06, 0x04, 0x02, 
	0x25, 0x00, 0x00, 0x00, 0x00, 0x25, 0x23, 0x03, 
	0x00, 0x00, 0x00, 0x04, 0x03, 0x1b, 0x1f, 0x25, 
	0x25, 0x25, 0x1b, 0x03, 0x25, 0x00, 0x02, 0x00, 
	0x01, 0x00, 0x02, 0x05, 0x00, 0x02, 0x00, 0x01, 
	0x04, 0x04, 0x1f, 0x00, 0x2b, 0x1f, 0x2c, 0x00, 
	0x25, 0x04, 0x1f, 0x04, 0x00, 0x03, 0x1f, 0x25, 
	0x25, 0x1f, 0x2b, 0x1f, 0x01, 0x04, 0x03, 0x1f, 
	0x00, 0x04, 0x05, 0x06, 0x06, 0x02, 0x02, 0x04, 
	0x25, 0x04, 0x02, 0x06, 0x04, 0x00, 0x01, 0x01, 
	0x03, 0x1f, 0x2b, 0x1f, 0x25, 0x25, 0x25, 0x25, 
	0x2b, 0x11, 0x1f, 0x1f, 0x25, 0x00, 0x04, 0x1f, 
	0x01, 0x00, 0x00, 0x02, 0x00, 0x05, 0x02, 0x02, 
	0x03, 0x00, 0x00, 0x00, 0x01, 0x01, 0x25, 0x1f, 
	0x04, 0x1f, 0x01, 0x1f, 0x03, 0x1f, 0x1f, 0x2d, 
	0x2b, 0x2b, 0x2b, 0x2b, 0x25, 0x2b, 0x02, 0x2b, 
	0x00, 0x0c, 0x00, 0x00, 0x00, 0x04, 0x05, 0x04, 
	0x06, 0x04, 0x04, 0x04, 0x00, 0x04, 0x2b, 0x1f, 
	0x00, 0x00, 0x1f, 0x2e, 0x2e, 0x2f, 0x01, 0x1f, 
	0x1f, 0x2b, 0x2b, 0x2b, 0x1f, 0x04, 0x02, 0x04, 
	0x00, 0x04, 0x00, 0x04, 0x00, 0x06, 0x06, 0x06, 
	0x02, 0x06, 0x25, 0x25, 0x00, 0x25, 0x25, 0x06, 
	0x00, 0x2b, 0x00, 0x1f, 0x1f, 0x1f, 0x2b, 0x2b, 
	0x2b, 0x25, 0x2b, 0x2b, 0x1f, 0x06, 0x02, 0x04, 
	0x01, 0x03, 0x03, 0x04, 0x06, 0x04, 0x02, 0x01, 
	0x04, 0x25, 0x01, 0x00, 0x03, 0x04, 0x1f, 0x00, 
	0x04, 0x04, 0x04, 0x1f, 0x1f, 0x2b, 0x1f, 0x1f, 
	0x2b, 0x2f, 0x2d, 0x1f, 0x1f, 0x2b, 0x06, 0x00, 
	0x04, 0x04, 0x00, 0x00, 0x04, 0x02, 0x06, 0x04, 
	0x04, 0x06, 0x1f, 0x04, 0x06, 0x01, 0x01, 0x04, 
	0x04, 0x04, 0x2b, 0x2b, 0x1f, 0x11, 0x00, 0x1f, 
	0x2b, 0x1f, 0x11, 0x11, 0x1f, 0x11, 0x06, 0x01, 
	0x06, 0x02, 0x04, 0x04, 0x03, 0x04, 0x02, 0x06, 
	0x03, 0x02, 0x05, 0x06, 0x06, 0x04, 0x00, 0x04, 
	0x04, 0x00, 0x2b, 0x1f, 0x04, 0x2b, 0x30, 0x1f, 
	0x2e, 0x03, 0x1f, 0x31, 0x1f, 0x11, 0x00, 0x01, 
	0x04, 0x00, 0x00, 0x01, 0x00, 0x04, 0x00, 0x03, 
	0x04, 0x06, 0x04, 0x32, 0x02, 0x06, 0x00, 0x04, 
	0x06, 0x06, 0x01, 0x04, 0x03, 0x04, 0x2b, 0x1f, 
	0x25, 0x1f, 0x00, 0x2b, 0x11, 0x2b, 0x03, 0x2b, 
	0x04, 0x00, 0x03, 0x03, 0x01, 0x04, 0x04, 0x04, 
	0x04, 0x04, 0x02, 0x06, 0x0c, 0x04, 0x01, 0x04, 
	0x02, 0x06, 0x00, 0x03, 0x06, 0x1f, 0x06, 0x00, 
	0x01, 0x03, 0x02, 0x2b, 0x04, 0x2b, 0x16, 0x2b, 
	0x06, 0x06, 0x01, 0x06, 0x04, 0x02, 0x06, 0x04, 
	0x05, 0x06, 0x05, 0x0c, 0x04, 0x01, 0x03, 0x01, 
	0x00, 0x00, 0x04, 0x06, 0x04, 0x06, 0x03, 0x04, 
	0x04, 0x06, 0x00, 0x11, 0x33, 0x2b, 0x16, 0x04, 
	0x06, 0x03, 0x00, 0x00, 0x00, 0x04, 0x04, 0x04, 
	0x02, 0x00, 0x00, 0x0c, 0x04, 0x04, 0x04, 0x02, 
	0x00, 0x03, 0x03, 0x04, 0x04, 0x04, 0x04, 0x04, 
	0x00, 0x11, 0x01, 0x2b, 0x11, 0x03, 0x06, 0x04, 
	
};

Gfx ttc_dl_darkgrass_pal_rgba16_aligner[] = {gsSPEndDisplayList()};
u8 ttc_dl_darkgrass_pal_rgba16[] = {
	0x03, 0xc1, 0x04, 0x01, 0x03, 0x01, 0x04, 0x41, 
	0x03, 0x81, 0x02, 0xc1, 0x03, 0x41, 0x02, 0x01, 
	0x02, 0x41, 0x14, 0x01, 0x0b, 0xc1, 0x0c, 0x01, 
	0x02, 0x81, 0x0b, 0x41, 0x0b, 0x03, 0x2c, 0x85, 
	0x0b, 0x05, 0x03, 0x83, 0x04, 0x81, 0x24, 0x43, 
	0x23, 0xc1, 0x0c, 0x07, 0x03, 0x43, 0x0c, 0x83, 
	0x2c, 0x03, 0x64, 0x87, 0x0b, 0x81, 0x04, 0x83, 
	0x03, 0x03, 0x1b, 0xc3, 0x0c, 0xc5, 0x04, 0x03, 
	0x04, 0xc5, 0x04, 0xc1, 0x04, 0xc3, 0x0c, 0x03, 
	0x05, 0x01, 0x04, 0x43, 0x14, 0x81, 0x1c, 0xc3, 
	0x05, 0x05, 0x13, 0xc1, 0x1b, 0x81, 0x03, 0xc3, 
	0x2d, 0xcb, 0x04, 0x05, 0x04, 0x85, 0x04, 0x45, 
	0x04, 0x47, 0x0c, 0x47, 0x0a, 0xc1, 0x03, 0xc5, 
	
};

Gfx ttc_dl_roof_ci8_aligner[] = {gsSPEndDisplayList()};
u8 ttc_dl_roof_ci8[] = {
	0x00, 0x01, 0x02, 0x02, 0x03, 0x04, 0x05, 0x06, 
	0x07, 0x08, 0x09, 0x0a, 0x0b, 0x07, 0x0c, 0x0d, 
	0x00, 0x0e, 0x0f, 0x10, 0x03, 0x11, 0x12, 0x06, 
	0x07, 0x09, 0x09, 0x13, 0x14, 0x15, 0x16, 0x0d, 
	0x00, 0x01, 0x02, 0x02, 0x17, 0x11, 0x12, 0x06, 
	0x07, 0x08, 0x09, 0x0a, 0x0b, 0x07, 0x0c, 0x0d, 
	0x00, 0x01, 0x10, 0x02, 0x03, 0x11, 0x12, 0x06, 
	0x14, 0x08, 0x09, 0x13, 0x14, 0x15, 0x16, 0x0d, 
	0x18, 0x19, 0x1a, 0x1a, 0x1b, 0x1c, 0x1d, 0x1e, 
	0x07, 0x0a, 0x0a, 0x0a, 0x13, 0x07, 0x15, 0x1f, 
	0x18, 0x20, 0x0f, 0x10, 0x04, 0x21, 0x1d, 0x1e, 
	0x07, 0x0a, 0x0a, 0x13, 0x13, 0x07, 0x0c, 0x22, 
	0x23, 0x24, 0x25, 0x0e, 0x1c, 0x26, 0x1f, 0x0c, 
	0x0c, 0x27, 0x28, 0x29, 0x0a, 0x13, 0x14, 0x0c, 
	0x2a, 0x24, 0x1a, 0x2b, 0x2c, 0x2d, 0x15, 0x2e, 
	0x0c, 0x27, 0x28, 0x29, 0x0a, 0x13, 0x07, 0x2f, 
	0x30, 0x01, 0x25, 0x31, 0x32, 0x1e, 0x0c, 0x1f, 
	0x33, 0x34, 0x35, 0x36, 0x0a, 0x0a, 0x0b, 0x0c, 
	0x30, 0x25, 0x04, 0x34, 0x37, 0x07, 0x38, 0x22, 
	0x39, 0x3a, 0x3b, 0x28, 0x0a, 0x13, 0x07, 0x1e, 
	0x3c, 0x01, 0x20, 0x3d, 0x3e, 0x3f, 0x16, 0x40, 
	0x00, 0x34, 0x41, 0x42, 0x43, 0x0a, 0x14, 0x1f, 
	0x3c, 0x44, 0x11, 0x1d, 0x14, 0x07, 0x0c, 0x0d, 
	0x18, 0x45, 0x46, 0x36, 0x47, 0x13, 0x07, 0x1e, 
	0x48, 0x49, 0x12, 0x4a, 0x37, 0x15, 0x16, 0x40, 
	0x00, 0x4b, 0x4c, 0x42, 0x47, 0x0a, 0x14, 0x2f, 
	0x4d, 0x1a, 0x1b, 0x4e, 0x14, 0x07, 0x0c, 0x0d, 
	0x18, 0x45, 0x41, 0x4f, 0x50, 0x51, 0x07, 0x52, 
	0x32, 0x53, 0x54, 0x37, 0x07, 0x15, 0x16, 0x40, 
	0x00, 0x55, 0x56, 0x57, 0x36, 0x58, 0x51, 0x59, 
	0x5a, 0x5b, 0x5c, 0x5d, 0x14, 0x07, 0x0c, 0x0d, 
	0x18, 0x49, 0x5e, 0x46, 0x5f, 0x60, 0x07, 0x61, 
	0x62, 0x63, 0x51, 0x51, 0x14, 0x15, 0x0c, 0x40, 
	0x00, 0x45, 0x64, 0x65, 0x66, 0x67, 0x68, 0x69, 
	0x6a, 0x43, 0x08, 0x0a, 0x0b, 0x07, 0x0c, 0x0d, 
	0x18, 0x49, 0x0f, 0x6b, 0x6c, 0x35, 0x6d, 0x62, 
	0x14, 0x51, 0x0a, 0x13, 0x14, 0x07, 0x0c, 0x0d, 
	0x00, 0x45, 0x1a, 0x02, 0x6e, 0x6f, 0x70, 0x71, 
	0x14, 0x0a, 0x09, 0x0a, 0x0b, 0x07, 0x0c, 0x0d, 
	0x39, 0x24, 0x0f, 0x1a, 0x72, 0x73, 0x74, 0x62, 
	0x75, 0x76, 0x47, 0x13, 0x13, 0x14, 0x15, 0x77, 
	0x23, 0x19, 0x25, 0x1a, 0x78, 0x79, 0x7a, 0x7b, 
	0x07, 0x47, 0x7c, 0x43, 0x13, 0x0b, 0x15, 0x1f, 
	0x2a, 0x45, 0x0f, 0x25, 0x7d, 0x7e, 0x7f, 0x2f, 
	0x80, 0x81, 0x28, 0x50, 0x13, 0x13, 0x07, 0x1e, 
	0x82, 0x24, 0x25, 0x2b, 0x83, 0x59, 0x0c, 0x0d, 
	0x33, 0x74, 0x84, 0x85, 0x0a, 0x0a, 0x14, 0x0c, 
	0x23, 0x0e, 0x44, 0x86, 0x87, 0x7b, 0x1f, 0x77, 
	0x18, 0x88, 0x3b, 0x28, 0x47, 0x13, 0x07, 0x1e, 
	0x89, 0x01, 0x2b, 0x05, 0x8a, 0x15, 0x0c, 0x22, 
	0x00, 0x8b, 0x8c, 0x36, 0x0a, 0x0a, 0x14, 0x1f, 
	0x30, 0x25, 0x44, 0x12, 0x06, 0x2f, 0x16, 0x0d, 
	0x00, 0x34, 0x8d, 0x8e, 0x47, 0x51, 0x07, 0x7b, 
	0x48, 0x49, 0x2b, 0x8f, 0x5d, 0x07, 0x0c, 0x22, 
	0x00, 0x49, 0x41, 0x42, 0x43, 0x0a, 0x14, 0x1f, 
	0x3c, 0x25, 0x2b, 0x5a, 0x61, 0x3f, 0x0c, 0x0d, 
	0x00, 0x4b, 0x90, 0x91, 0x92, 0x47, 0x14, 0x1e, 
	0x1d, 0x3d, 0x53, 0x93, 0x14, 0x07, 0x0c, 0x22, 
	0x00, 0x49, 0x94, 0x42, 0x58, 0x95, 0x0b, 0x2f, 
	0x30, 0x20, 0x96, 0x97, 0x75, 0x15, 0x0c, 0x0d, 
	0x00, 0x45, 0x98, 0x6c, 0x99, 0x9a, 0x9b, 0x8a, 
	0x9c, 0x5c, 0x9d, 0x51, 0x0b, 0x07, 0x38, 0x22, 
	0x00, 0x20, 0x9e, 0x9f, 0xa0, 0x36, 0x58, 0x75, 
	0xa1, 0x5c, 0xa2, 0x14, 0x14, 0x15, 0x0c, 0x0d, 
	0x00, 0x45, 0xa3, 0xa4, 0xa5, 0xa6, 0x74, 0xa7, 
	0x75, 0x0a, 0x08, 0x0a, 0x0b, 0x07, 0x38, 0x22, 
	0x18, 0x49, 0xa8, 0xa9, 0xaa, 0xab, 0xac, 0x71, 
	0x75, 0x0a, 0x08, 0x13, 0x0b, 0x15, 0x0c, 0x0d, 
	0x18, 0x45, 0x25, 0x0f, 0xad, 0xae, 0x12, 0x71, 
	0x14, 0x09, 0x09, 0x13, 0x0b, 0x07, 0x38, 0x22, 
	0x18, 0x49, 0xa8, 0x10, 0xaf, 0xb0, 0x34, 0x06, 
	0x14, 0x09, 0x08, 0x13, 0x0b, 0x15, 0x0c, 0x22, 
	0x39, 0x45, 0x1a, 0x0f, 0xb1, 0xb2, 0xb3, 0x3f, 
	0x0b, 0x0a, 0xb4, 0x13, 0x13, 0x14, 0x15, 0x1f, 
	0x39, 0x45, 0x1a, 0x0f, 0xb0, 0xb5, 0x26, 0x59, 
	0xb6, 0x0a, 0x95, 0x13, 0x13, 0x14, 0x15, 0x16, 
	0x18, 0x01, 0x1a, 0x31, 0x06, 0x3f, 0x38, 0x0c, 
	0x1f, 0xb7, 0x36, 0xb8, 0x0a, 0x0a, 0x14, 0x0c, 
	0x18, 0x20, 0x1a, 0x7d, 0x9c, 0x75, 0x15, 0x16, 
	0x1f, 0xb9, 0xba, 0x50, 0x0a, 0x13, 0x07, 0x0c, 
	0x3c, 0x25, 0x44, 0x3a, 0x75, 0x15, 0x0c, 0x0d, 
	0x39, 0xbb, 0xbc, 0x36, 0x0a, 0x0a, 0x0b, 0x0c, 
	0x30, 0x25, 0x04, 0x88, 0x75, 0x07, 0x38, 0x22, 
	0x39, 0x3a, 0x3b, 0xba, 0x0a, 0x0a, 0x07, 0x16, 
	0x4d, 0x44, 0xbd, 0x8f, 0x07, 0x15, 0x16, 0x0d, 
	0x18, 0x45, 0xbe, 0x36, 0x43, 0x0a, 0x14, 0x1f, 
	0x3c, 0x1a, 0xb1, 0xbf, 0x14, 0x07, 0x0c, 0x22, 
	0x39, 0x55, 0xc0, 0x36, 0x95, 0x0a, 0x07, 0x16, 
	0x4d, 0x25, 0x21, 0x4e, 0x07, 0x15, 0x16, 0x0d, 
	0x18, 0x45, 0x41, 0x42, 0x47, 0x0a, 0x14, 0x2f, 
	0xbb, 0xa3, 0x21, 0x06, 0x14, 0x07, 0x0c, 0x22, 
	0x39, 0x4b, 0xc1, 0x42, 0x58, 0x0a, 0x14, 0x0c, 
	0xc2, 0xc3, 0xc4, 0x51, 0x14, 0x15, 0x16, 0x0d, 
	0x18, 0x49, 0xc5, 0xc6, 0xc7, 0xb8, 0x29, 0x37, 
	0xc8, 0xc9, 0xca, 0x51, 0x0b, 0x07, 0x0c, 0x22, 
	0x39, 0x45, 0xcb, 0xcc, 0xc7, 0x85, 0x76, 0x75, 
	0x0b, 0x0a, 0x08, 0x13, 0x14, 0x15, 0x16, 0x0d, 
	0x18, 0x49, 0x0f, 0xcd, 0xce, 0xcf, 0xd0, 0x6a, 
	0x0b, 0x0a, 0x08, 0x0a, 0x0b, 0x07, 0x0c, 0x0d, 
	0x39, 0x45, 0x0f, 0xd1, 0xd2, 0xd3, 0xd4, 0x8a, 
	0xd5, 0xd6, 0x08, 0x0a, 0x0b, 0x07, 0x0c, 0x0d, 
	0x18, 0x49, 0x0f, 0x10, 0xd7, 0xd8, 0x5a, 0xd9, 
	0xb6, 0x0a, 0x08, 0x0a, 0x13, 0x07, 0x38, 0x22, 
	0x39, 0x45, 0x0f, 0x10, 0xd7, 0xd8, 0x3d, 0x32, 
	0x15, 0x50, 0xda, 0x29, 0x0a, 0x13, 0x07, 0x16, 
	0x33, 0x45, 0xdb, 0x1a, 0xdc, 0xb3, 0xdd, 0x1f, 
	0x15, 0x60, 0x58, 0x29, 0x0a, 0x13, 0x07, 0x0c, 
	0xde, 0x55, 0x44, 0x1a, 0xdf, 0x7f, 0xdd, 0x59, 
	0x18, 0x87, 0xc7, 0x85, 0x0a, 0x0a, 0x14, 0x2f, 
	0x00, 0x0e, 0x44, 0x31, 0x97, 0x3f, 0x0c, 0x0d, 
	0x18, 0x3d, 0xe0, 0x85, 0xe1, 0x0a, 0x0b, 0x0c, 
	0x39, 0x01, 0xdb, 0x20, 0x4a, 0x3f, 0x0c, 0x22, 
	0x00, 0x45, 0x8c, 0x36, 0xe1, 0x0a, 0x07, 0x1f, 
	0x30, 0x1a, 0x25, 0x5a, 0x75, 0x15, 0x0c, 0x0d, 
	0x00, 0x49, 0x41, 0x42, 0x29, 0x0a, 0x14, 0x2f, 
	0x00, 0xbd, 0x25, 0x12, 0x59, 0x15, 0x16, 0x0d, 
	0x00, 0x49, 0x41, 0x42, 0x29, 0x0a, 0x07, 0x1f, 
	0x3c, 0x44, 0x0e, 0xe2, 0x14, 0x07, 0x0c, 0x0d, 
	0x00, 0x20, 0xe3, 0x42, 0x58, 0x0a, 0x14, 0x1f, 
	0x30, 0x25, 0x20, 0xe2, 0x75, 0x15, 0x16, 0x0d, 
	0x30, 0x49, 0xe3, 0xc7, 0x92, 0x47, 0x14, 0x2f, 
	0x48, 0x86, 0x96, 0x93, 0x14, 0x07, 0x0c, 0x0d, 
	0x00, 0x20, 0x5e, 0xe4, 0xe5, 0x47, 0x51, 0x3f, 
	0x82, 0x86, 0x96, 0x93, 0x14, 0x15, 0x16, 0x0d, 
	0x30, 0x01, 0xe6, 0xe7, 0xe8, 0xe9, 0xb8, 0x69, 
	0x8a, 0xc4, 0x51, 0x51, 0x14, 0x07, 0x0c, 0x0d, 
	0x00, 0x01, 0xe6, 0xe7, 0xea, 0xe9, 0xeb, 0x13, 
	0xec, 0xed, 0x51, 0x51, 0x14, 0x15, 0x16, 0x0d, 
	
};

Gfx ttc_dl_roof_pal_rgba16_aligner[] = {gsSPEndDisplayList()};
u8 ttc_dl_roof_pal_rgba16[] = {
	0xda, 0xc1, 0xeb, 0x0b, 0xeb, 0x55, 0xe3, 0x95, 
	0xe3, 0x51, 0xea, 0x47, 0xc2, 0x01, 0x91, 0x81, 
	0x88, 0x81, 0x80, 0x81, 0x88, 0xc1, 0x89, 0x41, 
	0x9a, 0x01, 0xaa, 0x81, 0xeb, 0x0d, 0xeb, 0x13, 
	0xeb, 0x15, 0xe3, 0x4f, 0xea, 0x45, 0x89, 0x01, 
	0x91, 0x41, 0x91, 0xc1, 0x9a, 0x41, 0xe3, 0x93, 
	0xd2, 0xc1, 0xeb, 0x07, 0xeb, 0x11, 0xe3, 0x0d, 
	0xe2, 0x85, 0xda, 0x41, 0xaa, 0x01, 0xa2, 0x41, 
	0xea, 0xcb, 0xe2, 0xcb, 0xa2, 0x81, 0xd2, 0x81, 
	0xeb, 0x09, 0xeb, 0x0f, 0xc2, 0x43, 0x91, 0xc5, 
	0x91, 0x87, 0x91, 0x03, 0xc2, 0xc1, 0xea, 0xcd, 
	0xd2, 0x03, 0x99, 0xc3, 0x8a, 0x01, 0xa2, 0x01, 
	0xe2, 0xc1, 0xea, 0x89, 0xd2, 0x01, 0xc2, 0x81, 
	0xea, 0x43, 0xb1, 0xc9, 0x89, 0x89, 0xa1, 0x81, 
	0x92, 0x01, 0xca, 0xc1, 0xea, 0x41, 0xa9, 0xc9, 
	0xea, 0xc1, 0xea, 0x03, 0xb1, 0xc1, 0x99, 0xc1, 
	0xb2, 0x81, 0xc9, 0xcb, 0x89, 0x8b, 0x90, 0xc3, 
	0xeb, 0x51, 0xea, 0xc7, 0xc1, 0xc9, 0x89, 0x03, 
	0xea, 0x81, 0xea, 0xc9, 0xc1, 0xc1, 0xea, 0x85, 
	0xd2, 0x0b, 0xea, 0xc3, 0xca, 0x01, 0x91, 0x8b, 
	0x91, 0x45, 0x91, 0x01, 0xb2, 0x01, 0xd9, 0xc3, 
	0xc1, 0x83, 0xea, 0xc5, 0xda, 0x4b, 0x99, 0xcd, 
	0x89, 0x05, 0xa1, 0xc1, 0xea, 0x01, 0xe2, 0x49, 
	0xb9, 0x85, 0x99, 0x41, 0xda, 0x4d, 0x99, 0x89, 
	0x91, 0x85, 0xa9, 0xc1, 0xa1, 0xc3, 0x99, 0x43, 
	0xea, 0x8d, 0xda, 0xd3, 0xc2, 0x8d, 0xaa, 0x09, 
	0x99, 0x87, 0x91, 0x83, 0x99, 0x83, 0xda, 0x8f, 
	0xca, 0x0b, 0xa9, 0xc5, 0xdb, 0x53, 0xdb, 0x0d, 
	0xe2, 0x03, 0xba, 0x01, 0xda, 0xcf, 0xd2, 0x47, 
	0xc2, 0x05, 0x99, 0x81, 0x91, 0x43, 0xaa, 0x41, 
	0xda, 0x89, 0xba, 0x45, 0xb2, 0x43, 0xb2, 0x41, 
	0x88, 0xc5, 0xe2, 0x89, 0xd2, 0x43, 0xba, 0x43, 
	0xba, 0x41, 0xb2, 0x03, 0xda, 0x81, 0xc9, 0xc3, 
	0x91, 0xc9, 0x89, 0x47, 0xea, 0x8b, 0xda, 0x43, 
	0xe2, 0x41, 0xe2, 0x81, 0xa9, 0xc3, 0xea, 0x87, 
	0xb9, 0xcb, 0xc1, 0xc7, 0x91, 0x89, 0xe2, 0x01, 
	0xd2, 0x09, 0xa1, 0x8b, 0x91, 0x47, 0xa9, 0x83, 
	0xd1, 0xcb, 0x88, 0xc3, 0xe2, 0x05, 0xb9, 0xc1, 
	0xe2, 0x4b, 0xa9, 0xcb, 0x99, 0xc7, 0x99, 0xc5, 
	0xb9, 0xc3, 0x99, 0x03, 0xea, 0x8f, 0xc2, 0x0d, 
	0x92, 0x0b, 0xba, 0x03, 0xa1, 0x43, 0xea, 0xcf, 
	0xda, 0xd1, 0xd2, 0xcf, 0xd2, 0x49, 0xb1, 0xc3, 
	0xea, 0xd3, 0xe3, 0x15, 0xd3, 0x51, 0xd2, 0xcd, 
	0xe1, 0xc3, 0xdb, 0x11, 0xda, 0xcb, 0xdb, 0x93, 
	0xdb, 0x0f, 0xe3, 0x0f, 0xd2, 0x45, 0xb2, 0x05, 
	0x88, 0x83, 0xda, 0x47, 0x89, 0x81, 0xa2, 0x05, 
	0x89, 0x45, 0x9a, 0x05, 0x89, 0x87, 0xea, 0x83, 
	0xb1, 0xcb, 0xeb, 0x4f, 0xc9, 0xc9, 0xd2, 0x41, 
	0xba, 0x09, 0xca, 0x09, 0xca, 0x43, 0xc9, 0x85, 
	0xa1, 0x05, 0xe2, 0x4f, 0xa1, 0xcd, 0x91, 0xcb, 
	0xda, 0x03, 0xd1, 0x85, 0xa1, 0x45, 0xe2, 0x4d, 
	0xb1, 0xcd, 0xe2, 0xd3, 0xd2, 0xd1, 0xba, 0x49, 
	0xaa, 0x05, 0xe2, 0xd5, 0xd3, 0x11, 0xca, 0x49, 
	0xba, 0x05, 0x81, 0x41, 0x80, 0xc1, 0xe3, 0x53, 
	0xda, 0xcd, 0xc2, 0x41, 0x89, 0x07, 0xeb, 0x53, 
	0xe2, 0x47, 0xa2, 0x03, 0xba, 0x81, 0xe2, 0x87, 
	0xa1, 0xc9, 0x90, 0xc1, 0xda, 0x01, 0xd2, 0x0d, 
	0x91, 0xcd, 0x89, 0x49, 0xea, 0xd1, 0xd2, 0x91, 
	0xb2, 0x0b, 0x89, 0xc9, 0xaa, 0x0d, 0x81, 0x45, 
	0xa1, 0xc5, 0xa9, 0x45, 
};

Gfx ttc_dl_bowsertop_rgba16_aligner[] = {gsSPEndDisplayList()};
u8 ttc_dl_bowsertop_rgba16[] = {
	0x00, 0x01, 0x00, 0x01, 0x00, 0x01, 0x00, 0x01, 
	0x00, 0x01, 0x00, 0x01, 0x00, 0x01, 0x00, 0x01, 
	0x00, 0x01, 0x00, 0x01, 0x00, 0x01, 0x00, 0x01, 
	0x00, 0x01, 0x00, 0x01, 0x00, 0x01, 0x00, 0x01, 
	0x00, 0x01, 0x00, 0x01, 0x00, 0x01, 0x00, 0x01, 
	0x00, 0x01, 0x00, 0x01, 0x00, 0x01, 0x00, 0x01, 
	0x00, 0x01, 0x00, 0x01, 0x00, 0x01, 0x00, 0x01, 
	0x00, 0x01, 0x00, 0x01, 0x00, 0x01, 0x00, 0x01, 
	0x00, 0x01, 0x00, 0x01, 0x00, 0x01, 0x00, 0x01, 
	0x00, 0x01, 0x00, 0x01, 0x00, 0x01, 0x00, 0x01, 
	0x00, 0x01, 0x00, 0x01, 0x00, 0x01, 0x00, 0x01, 
	0x00, 0x01, 0x00, 0x01, 0x00, 0x01, 0x00, 0x01, 
	0x00, 0x01, 0x00, 0x01, 0x00, 0x01, 0x00, 0x01, 
	0x00, 0x01, 0x00, 0x01, 0x00, 0x01, 0x00, 0x01, 
	0x00, 0x01, 0x00, 0x01, 0x00, 0x01, 0x00, 0x01, 
	0x00, 0x01, 0x00, 0x01, 0x00, 0x01, 0x00, 0x01, 
	0x00, 0x01, 0xef, 0x7b, 0xed, 0x41, 0xed, 0x41, 
	0xed, 0x41, 0xed, 0x41, 0xed, 0x41, 0xed, 0x41, 
	0xed, 0x41, 0xed, 0x41, 0xed, 0x41, 0xed, 0x41, 
	0xed, 0x41, 0xed, 0x41, 0xed, 0x41, 0xed, 0x41, 
	0xed, 0x41, 0xed, 0x41, 0xed, 0x41, 0xed, 0x41, 
	0xed, 0x41, 0xed, 0x41, 0xed, 0x41, 0xed, 0x41, 
	0xed, 0x41, 0xed, 0x41, 0xed, 0x41, 0xed, 0x41, 
	0xed, 0x41, 0xed, 0x41, 0xed, 0x41, 0xed, 0x41, 
	0xed, 0x41, 0xed, 0x41, 0xed, 0x41, 0xed, 0x41, 
	0xed, 0x41, 0xed, 0x41, 0xed, 0x41, 0xed, 0x41, 
	0xed, 0x41, 0xed, 0x41, 0xed, 0x41, 0xed, 0x41, 
	0xed, 0x41, 0xed, 0x41, 0xed, 0x41, 0xed, 0x41, 
	0xed, 0x41, 0xed, 0x41, 0xed, 0x41, 0xed, 0x41, 
	0xed, 0x41, 0xed, 0x41, 0xed, 0x41, 0xed, 0x41, 
	0xed, 0x41, 0xed, 0x41, 0xed, 0x41, 0xed, 0x41, 
	0xef, 0x55, 0xef, 0x55, 0x00, 0x01, 0x00, 0x01, 
	0x00, 0x01, 0xef, 0x55, 0x88, 0x01, 0x88, 0x01, 
	0x88, 0x01, 0x88, 0x01, 0x88, 0x01, 0x88, 0x01, 
	0x88, 0x01, 0x88, 0x01, 0x88, 0x01, 0x88, 0x01, 
	0x88, 0x01, 0x88, 0x01, 0x88, 0x01, 0x88, 0x01, 
	0x88, 0x01, 0x88, 0x01, 0x88, 0x01, 0x88, 0x01, 
	0x88, 0x01, 0x88, 0x01, 0x88, 0x01, 0x88, 0x01, 
	0x88, 0x01, 0x88, 0x01, 0x88, 0x01, 0x88, 0x01, 
	0x88, 0x01, 0x88, 0x01, 0x88, 0x01, 0x88, 0x01, 
	0x88, 0x01, 0x88, 0x01, 0x88, 0x01, 0x88, 0x01, 
	0x88, 0x01, 0x88, 0x01, 0x88, 0x01, 0x88, 0x01, 
	0x88, 0x01, 0x88, 0x01, 0x88, 0x01, 0x88, 0x01, 
	0x88, 0x01, 0x88, 0x01, 0x88, 0x01, 0x88, 0x01, 
	0x88, 0x01, 0x88, 0x01, 0x88, 0x01, 0x88, 0x01, 
	0x88, 0x01, 0x88, 0x01, 0x88, 0x01, 0x88, 0x01, 
	0x80, 0x01, 0x80, 0x01, 0x80, 0x01, 0x70, 0x01, 
	0x60, 0x01, 0xef, 0x55, 0x00, 0x01, 0x00, 0x01, 
	0x00, 0x01, 0xed, 0x41, 0x88, 0x01, 0x00, 0x01, 
	0x00, 0x01, 0x00, 0x01, 0x00, 0x01, 0x00, 0x01, 
	0x00, 0x01, 0x00, 0x01, 0x00, 0x01, 0x00, 0x01, 
	0x00, 0x01, 0x00, 0x01, 0x00, 0x01, 0x00, 0x01, 
	0x00, 0x01, 0x00, 0x01, 0x00, 0x01, 0x00, 0x01, 
	0x00, 0x01, 0x00, 0x01, 0x00, 0x01, 0x00, 0x01, 
	0x00, 0x01, 0x00, 0x01, 0x48, 0x01, 0x00, 0x01, 
	0x00, 0x01, 0x00, 0x01, 0x00, 0x01, 0x00, 0x01, 
	0x00, 0x01, 0x00, 0x01, 0x00, 0x01, 0x00, 0x01, 
	0x00, 0x01, 0x00, 0x01, 0x00, 0x01, 0x00, 0x01, 
	0x00, 0x01, 0x00, 0x01, 0x00, 0x01, 0x00, 0x01, 
	0x00, 0x01, 0x00, 0x01, 0x00, 0x01, 0x00, 0x01, 
	0x00, 0x01, 0x00, 0x01, 0x00, 0x01, 0x00, 0x01, 
	0x00, 0x01, 0x00, 0x01, 0x00, 0x01, 0x00, 0x01, 
	0x00, 0x01, 0x00, 0x01, 0x00, 0x01, 0x00, 0x01, 
	0x60, 0x01, 0xed, 0x41, 0x00, 0x01, 0x00, 0x01, 
	0x00, 0x01, 0xed, 0x41, 0x88, 0x01, 0x00, 0x01, 
	0x00, 0x01, 0x00, 0x01, 0x00, 0x01, 0x00, 0x01, 
	0x00, 0x01, 0x00, 0x01, 0x00, 0x01, 0x00, 0x01, 
	0x00, 0x01, 0x41, 0x49, 0xd4, 0x45, 0x40, 0x81, 
	0x00, 0x01, 0x00, 0x01, 0x00, 0x01, 0x00, 0x01, 
	0x00, 0x01, 0x00, 0x01, 0x00, 0x01, 0x00, 0x01, 
	0x00, 0x01, 0x20, 0x01, 0xc8, 0x83, 0x78, 0x01, 
	0x00, 0x01, 0x00, 0x01, 0x00, 0x01, 0x00, 0x01, 
	0x00, 0x01, 0x00, 0x01, 0x00, 0x01, 0x00, 0x01, 
	0x00, 0x01, 0x00, 0x01, 0x00, 0x01, 0x00, 0x01, 
	0x00, 0x01, 0x00, 0x01, 0x00, 0x01, 0x00, 0x01, 
	0x00, 0x01, 0x00, 0x01, 0x00, 0x01, 0x00, 0x01, 
	0x00, 0x01, 0x00, 0x01, 0x00, 0x01, 0x00, 0x01, 
	0x00, 0x01, 0x00, 0x01, 0x00, 0x01, 0x00, 0x01, 
	0x00, 0x01, 0x00, 0x01, 0x00, 0x01, 0x00, 0x01, 
	0x60, 0x01, 0xed, 0x41, 0x00, 0x01, 0x00, 0x01, 
	0x00, 0x01, 0xed, 0x41, 0x88, 0x01, 0x00, 0x01, 
	0x00, 0x01, 0x00, 0x01, 0x00, 0x01, 0x00, 0x01, 
	0x00, 0x01, 0x00, 0x01, 0x00, 0x01, 0x00, 0x01, 
	0x31, 0x03, 0xe5, 0x0f, 0xab, 0x41, 0x28, 0x01, 
	0x00, 0x01, 0x00, 0x01, 0x00, 0x01, 0x00, 0x01, 
	0x00, 0x01, 0x00, 0x01, 0x00, 0x01, 0x00, 0x01, 
	0x00, 0x01, 0x00, 0x01, 0xa9, 0x8f, 0xe1, 0x05, 
	0x80, 0x01, 0x10, 0x01, 0x00, 0x01, 0x00, 0x01, 
	0x00, 0x01, 0x00, 0x01, 0x00, 0x01, 0x00, 0x01, 
	0x00, 0x01, 0x00, 0x01, 0x00, 0x01, 0x00, 0x01, 
	0x00, 0x01, 0x00, 0x01, 0x00, 0x01, 0x00, 0x01, 
	0x00, 0x01, 0x00, 0x01, 0x00, 0x01, 0x00, 0x01, 
	0x00, 0x01, 0x00, 0x01, 0x71, 0xc1, 0x00, 0x01, 
	0x00, 0x01, 0x00, 0x01, 0x00, 0x01, 0x00, 0x01, 
	0x00, 0x01, 0x00, 0x01, 0x00, 0x01, 0x00, 0x01, 
	0x60, 0x01, 0xed, 0x41, 0x00, 0x01, 0x00, 0x01, 
	0x00, 0x01, 0xed, 0x41, 0x88, 0x01, 0x00, 0x01, 
	0x00, 0x01, 0x00, 0x01, 0x00, 0x01, 0x00, 0x01, 
	0x00, 0x01, 0x00, 0x01, 0x00, 0x01, 0x00, 0x01, 
	0xd4, 0xd5, 0xdc, 0x89, 0x92, 0x01, 0x20, 0x01, 
	0x00, 0x01, 0x00, 0x01, 0x00, 0x01, 0x00, 0x01, 
	0x00, 0x01, 0x00, 0x01, 0x00, 0x01, 0x00, 0x01, 
	0x00, 0x01, 0x00, 0x01, 0x89, 0x4d, 0xea, 0x93, 
	0xe0, 0xc3, 0xc0, 0x01, 0x60, 0x01, 0x08, 0x01, 
	0x08, 0x01, 0x00, 0x01, 0x00, 0x01, 0x00, 0x01, 
	0x00, 0x01, 0x00, 0x01, 0x00, 0x01, 0x00, 0x01, 
	0x00, 0x01, 0x00, 0x01, 0x00, 0x01, 0x00, 0x01, 
	0x00, 0x01, 0x00, 0x01, 0x00, 0x01, 0x00, 0x01, 
	0x00, 0x01, 0x00, 0x01, 0x72, 0x01, 0x50, 0x81, 
	0x00, 0x01, 0x00, 0x01, 0x00, 0x01, 0x00, 0x01, 
	0x00, 0x01, 0x00, 0x01, 0x00, 0x01, 0x00, 0x01, 
	0x68, 0x01, 0xed, 0x41, 0x00, 0x01, 0x00, 0x01, 
	0x00, 0x01, 0xed, 0x41, 0x88, 0x01, 0x00, 0x01, 
	0x00, 0x01, 0x00, 0x01, 0x00, 0x01, 0x00, 0x01, 
	0x00, 0x01, 0x00, 0x01, 0x00, 0x01, 0x51, 0xcf, 
	0xdc, 0xd3, 0xbc, 0x01, 0x89, 0xc1, 0x20, 0x01, 
	0x00, 0x01, 0x00, 0x01, 0x00, 0x01, 0x00, 0x01, 
	0x00, 0x01, 0x00, 0x01, 0x00, 0x01, 0x00, 0x01, 
	0x00, 0x01, 0x00, 0x01, 0x68, 0x8b, 0xea, 0xd5, 
	0xda, 0x0f, 0xd0, 0x01, 0xd8, 0x01, 0xa8, 0x01, 
	0xa8, 0x01, 0x88, 0x01, 0x38, 0x01, 0x00, 0x01, 
	0x00, 0x01, 0x00, 0x01, 0x00, 0x01, 0x00, 0x01, 
	0x00, 0x01, 0x00, 0x01, 0x00, 0x01, 0x00, 0x01, 
	0x00, 0x01, 0x00, 0x01, 0x00, 0x01, 0x00, 0x01, 
	0x00, 0x01, 0x00, 0x01, 0x59, 0xc3, 0x92, 0x41, 
	0x30, 0x01, 0x00, 0x01, 0x00, 0x01, 0x00, 0x01, 
	0x00, 0x01, 0x00, 0x01, 0x00, 0x01, 0x00, 0x01, 
	0x70, 0x01, 0xed, 0x41, 0x00, 0x01, 0x00, 0x01, 
	0x00, 0x01, 0xed, 0x41, 0x88, 0x01, 0x00, 0x01, 
	0x00, 0x01, 0x00, 0x01, 0x00, 0x01, 0x00, 0x01, 
	0x00, 0x01, 0x00, 0x01, 0x00, 0x01, 0x8b, 0x55, 
	0xdc, 0xcf, 0xab, 0x41, 0x89, 0xc1, 0x28, 0x01, 
	0x00, 0x01, 0x00, 0x01, 0x00, 0x01, 0x00, 0x01, 
	0x00, 0x01, 0x00, 0x01, 0x00, 0x01, 0x30, 0x03, 
	0x88, 0x85, 0xa0, 0x85, 0xc0, 0xc7, 0xd9, 0x49, 
	0xd1, 0x07, 0xd0, 0x01, 0xc8, 0x01, 0xd0, 0x01, 
	0xd0, 0x01, 0xd8, 0x01, 0xc0, 0x01, 0x90, 0x01, 
	0x70, 0x01, 0x00, 0x01, 0x00, 0x01, 0x00, 0x01, 
	0x00, 0x01, 0x70, 0x01, 0x00, 0x01, 0x00, 0x01, 
	0x00, 0x01, 0x00, 0x01, 0x00, 0x01, 0x00, 0x01, 
	0x00, 0x01, 0x00, 0x01, 0x72, 0x45, 0x9a, 0xc1, 
	0x68, 0xc1, 0x00, 0x01, 0x00, 0x01, 0x00, 0x01, 
	0x00, 0x01, 0x00, 0x01, 0x00, 0x01, 0x00, 0x01, 
	0x78, 0x41, 0xed, 0x41, 0x00, 0x01, 0x00, 0x01, 
	0x00, 0x01, 0xed, 0x41, 0x88, 0x41, 0x00, 0x01, 
	0x00, 0x01, 0x00, 0x01, 0x00, 0x01, 0x00, 0x01, 
	0x00, 0x01, 0x00, 0x01, 0x00, 0x01, 0x9c, 0x0f, 
	0xcc, 0x47, 0x92, 0xc1, 0x89, 0xc1, 0x30, 0x01, 
	0x00, 0x01, 0x00, 0x01, 0x00, 0x01, 0x00, 0x01, 
	0x00, 0x01, 0x00, 0x01, 0x90, 0x43, 0xd0, 0x41, 
	0xe0, 0x41, 0xe8, 0x41, 0xd8, 0x01, 0xd0, 0x01, 
	0xd8, 0x43, 0xd8, 0x41, 0xd0, 0x01, 0xc8, 0x01, 
	0xc8, 0x01, 0xc8, 0x01, 0xc8, 0x01, 0xd0, 0x01, 
	0xd0, 0x01, 0xa8, 0x01, 0x48, 0x01, 0x00, 0x01, 
	0x00, 0x01, 0xc0, 0x01, 0x88, 0x01, 0x00, 0x01, 
	0x00, 0x01, 0x00, 0x01, 0x00, 0x01, 0x00, 0x01, 
	0x00, 0x01, 0x00, 0x01, 0xac, 0x0b, 0x92, 0xc1, 
	0x71, 0x01, 0x28, 0x01, 0x00, 0x01, 0x00, 0x01, 
	0x00, 0x01, 0x00, 0x01, 0x00, 0x01, 0x00, 0x01, 
	0x88, 0x41, 0xed, 0x41, 0x00, 0x01, 0x00, 0x01, 
	0x00, 0x01, 0xed, 0x41, 0x88, 0x41, 0x00, 0x01, 
	0x00, 0x01, 0x00, 0x01, 0x00, 0x01, 0x00, 0x01, 
	0x00, 0x01, 0x00, 0x01, 0x00, 0x01, 0xac, 0x4d, 
	0xc4, 0x45, 0x93, 0x01, 0x8a, 0x01, 0x48, 0x41, 
	0x00, 0x01, 0x00, 0x01, 0x00, 0x01, 0x00, 0x01, 
	0x00, 0x01, 0x00, 0x01, 0xc0, 0x01, 0xc8, 0x01, 
	0xc0, 0x01, 0xc8, 0x01, 0xd8, 0x01, 0xd8, 0x01, 
	0xd8, 0x01, 0xd8, 0x01, 0xd8, 0x01, 0xd0, 0x01, 
	0xd0, 0x01, 0xd0, 0x01, 0xc8, 0x01, 0xc0, 0x01, 
	0xc8, 0x01, 0xd0, 0x01, 0xc8, 0x01, 0x70, 0x03, 
	0x00, 0x01, 0xa0, 0x01, 0xd0, 0x01, 0x50, 0x01, 
	0x00, 0x01, 0x00, 0x01, 0x00, 0x01, 0x00, 0x01, 
	0x00, 0x01, 0x00, 0x01, 0xcc, 0x8d, 0x9b, 0x41, 
	0x79, 0x41, 0x38, 0x01, 0x00, 0x01, 0x00, 0x01, 
	0x00, 0x01, 0x00, 0x01, 0x00, 0x01, 0x00, 0x01, 
	0x88, 0x41, 0xed, 0x41, 0x00, 0x01, 0x00, 0x01, 
	0x00, 0x01, 0xed, 0x41, 0x88, 0x41, 0x00, 0x01, 
	0x00, 0x01, 0x00, 0x01, 0x00, 0x01, 0x00, 0x01, 
	0x00, 0x01, 0x00, 0x01, 0x00, 0x01, 0xbc, 0x4f, 
	0xcc, 0x89, 0xab, 0x81, 0x8a, 0x01, 0x68, 0xc1, 
	0x28, 0x01, 0x00, 0x01, 0x00, 0x01, 0x00, 0x01, 
	0x00, 0x01, 0x00, 0x01, 0x78, 0x01, 0xc8, 0x01, 
	0xd0, 0x01, 0xd0, 0x01, 0xd8, 0x01, 0xd8, 0x01, 
	0xd8, 0x01, 0xd8, 0x01, 0xd8, 0x01, 0xd8, 0x01, 
	0xd8, 0x01, 0xd0, 0x01, 0xc8, 0x01, 0xc0, 0x01, 
	0xc0, 0x01, 0xc0, 0x01, 0xc8, 0x01, 0xc0, 0x01, 
	0xa0, 0x01, 0xb0, 0x01, 0xd8, 0x01, 0x88, 0x01, 
	0x00, 0x01, 0x00, 0x01, 0x00, 0x01, 0x00, 0x01, 
	0x00, 0x01, 0x8b, 0x07, 0xdc, 0x8d, 0x93, 0x01, 
	0x81, 0x81, 0x50, 0x41, 0x00, 0x01, 0x00, 0x01, 
	0x00, 0x01, 0x00, 0x01, 0x00, 0x01, 0x00, 0x01, 
	0x88, 0x41, 0xed, 0x41, 0x00, 0x01, 0x00, 0x01, 
	0x00, 0x01, 0xed, 0x41, 0x88, 0x41, 0x00, 0x01, 
	0x00, 0x01, 0x00, 0x01, 0x00, 0x01, 0x00, 0x01, 
	0x00, 0x01, 0x00, 0x01, 0x00, 0x01, 0xa4, 0x0d, 
	0xed, 0x11, 0xab, 0xc1, 0x8a, 0x41, 0x81, 0x81, 
	0x60, 0xc1, 0x00, 0x01, 0x00, 0x01, 0x00, 0x01, 
	0x00, 0x01, 0x00, 0x01, 0x00, 0x01, 0xc0, 0x01, 
	0xd8, 0x01, 0xd8, 0x01, 0xd0, 0x01, 0xd0, 0x01, 
	0xd8, 0x01, 0xd8, 0x01, 0xd8, 0x01, 0xe0, 0x01, 
	0xe0, 0x01, 0xe0, 0x01, 0xd0, 0x01, 0xc8, 0x01, 
	0xc0, 0x01, 0xc0, 0x01, 0xc0, 0x01, 0xc8, 0x01, 
	0xc0, 0x01, 0xc8, 0x01, 0xd8, 0x01, 0x78, 0x01, 
	0x00, 0x01, 0x00, 0x01, 0x00, 0x01, 0x00, 0x01, 
	0x00, 0x01, 0xcc, 0x8f, 0xd4, 0x89, 0x92, 0xc1, 
	0x81, 0x81, 0x58, 0x81, 0x00, 0x01, 0x00, 0x01, 
	0x00, 0x01, 0x00, 0x01, 0x00, 0x01, 0x00, 0x01, 
	0x88, 0x41, 0xed, 0x41, 0x00, 0x01, 0x00, 0x01, 
	0x00, 0x01, 0xed, 0x41, 0x88, 0x41, 0x00, 0x01, 
	0x00, 0x01, 0x00, 0x01, 0x00, 0x01, 0x00, 0x01, 
	0x00, 0x01, 0x20, 0x01, 0x00, 0x01, 0x8a, 0xc5, 
	0xed, 0x11, 0xc4, 0x47, 0x9b, 0x01, 0x92, 0x41, 
	0x81, 0x81, 0x40, 0x01, 0x00, 0x01, 0x00, 0x01, 
	0x00, 0x01, 0x00, 0x01, 0x70, 0x01, 0xe0, 0x83, 
	0xe0, 0x43, 0xd8, 0x41, 0xd0, 0x01, 0xd8, 0x01, 
	0xe0, 0x01, 0xd8, 0x01, 0xd0, 0x01, 0xc0, 0x01, 
	0xc0, 0x01, 0xc0, 0x01, 0xc0, 0x01, 0xd0, 0x01, 
	0xd8, 0x01, 0xd0, 0x01, 0xc8, 0x01, 0xc0, 0x01, 
	0xc0, 0x01, 0xd0, 0x01, 0xb8, 0x01, 0x28, 0x01, 
	0x00, 0x01, 0x00, 0x01, 0x00, 0x01, 0x00, 0x01, 
	0x93, 0x49, 0xed, 0x51, 0xc4, 0x47, 0x92, 0xc1, 
	0x71, 0x41, 0x69, 0x01, 0x20, 0x01, 0x00, 0x01, 
	0x00, 0x01, 0x00, 0x01, 0x00, 0x01, 0x00, 0x01, 
	0x90, 0x41, 0xed, 0x41, 0x00, 0x01, 0x00, 0x01, 
	0x00, 0x01, 0xed, 0x41, 0x88, 0x41, 0x00, 0x01, 
	0x00, 0x01, 0x00, 0x01, 0x00, 0x01, 0x00, 0x01, 
	0x00, 0x01, 0x69, 0x41, 0x60, 0x81, 0x50, 0x81, 
	0xbc, 0x4b, 0xe5, 0x11, 0xb4, 0x03, 0x9b, 0x01, 
	0x79, 0x81, 0x69, 0x01, 0x91, 0xc9, 0x99, 0xd1, 
	0x91, 0x8f, 0x99, 0xcf, 0xd2, 0x93, 0xda, 0x95, 
	0xc9, 0x07, 0xc8, 0x01, 0xb0, 0x01, 0x90, 0x01, 
	0x70, 0x01, 0x38, 0x81, 0x18, 0x81, 0x10, 0x41, 
	0x10, 0x41, 0x08, 0x01, 0x10, 0x01, 0x30, 0x01, 
	0x70, 0x01, 0xa0, 0x01, 0xc8, 0x01, 0xd0, 0x01, 
	0xd0, 0x01, 0xb0, 0x01, 0x90, 0xc5, 0x91, 0x07, 
	0x91, 0x0b, 0x99, 0x4d, 0x89, 0x09, 0x81, 0x87, 
	0xd4, 0x8d, 0xe5, 0x0f, 0x9b, 0x41, 0x79, 0x81, 
	0x60, 0xc1, 0x71, 0x81, 0x6a, 0x01, 0x00, 0x01, 
	0x00, 0x01, 0x00, 0x01, 0x00, 0x01, 0x00, 0x01, 
	0x88, 0x41, 0xed, 0x41, 0x00, 0x01, 0x00, 0x01, 
	0x00, 0x01, 0xed, 0x41, 0x88, 0x41, 0x00, 0x01, 
	0x00, 0x01, 0x00, 0x01, 0x00, 0x01, 0x00, 0x01, 
	0x00, 0x01, 0x49, 0x41, 0x89, 0xc1, 0x38, 0x01, 
	0x8a, 0x81, 0xed, 0x53, 0xcc, 0x8b, 0xc4, 0x45, 
	0x92, 0xc1, 0xaa, 0x4d, 0xeb, 0x9d, 0xeb, 0x9b, 
	0xeb, 0x99, 0xeb, 0x9b, 0xe3, 0x5b, 0xe3, 0x9d, 
	0xc2, 0x53, 0x69, 0x41, 0x12, 0x81, 0x03, 0x01, 
	0x03, 0x01, 0x03, 0x01, 0x02, 0xc1, 0x02, 0x01, 
	0x02, 0x01, 0x00, 0x81, 0x00, 0x41, 0x00, 0x01, 
	0x00, 0x01, 0x00, 0x01, 0x28, 0x01, 0x58, 0x01, 
	0x80, 0x01, 0x91, 0x05, 0xc2, 0x11, 0xea, 0x0f, 
	0xe9, 0x8b, 0xe9, 0x8b, 0xe9, 0x8b, 0xea, 0x0d, 
	0xdb, 0x0f, 0xdc, 0x8d, 0x9b, 0x41, 0x69, 0x01, 
	0x60, 0x81, 0x59, 0x01, 0x8b, 0x07, 0x39, 0x01, 
	0x00, 0x01, 0x00, 0x01, 0x00, 0x01, 0x00, 0x01, 
	0x88, 0x41, 0xed, 0x41, 0x00, 0x01, 0x00, 0x01, 
	0x00, 0x01, 0xed, 0x41, 0x88, 0x01, 0x00, 0x01, 
	0x00, 0x01, 0x00, 0x01, 0x00, 0x01, 0x00, 0x01, 
	0x00, 0x01, 0x00, 0x01, 0x8a, 0x81, 0x71, 0x01, 
	0x40, 0x81, 0xb4, 0x4b, 0xe5, 0x11, 0xd4, 0x43, 
	0xc3, 0x47, 0xd2, 0xd9, 0xda, 0x95, 0xd2, 0x93, 
	0xdb, 0x19, 0xdb, 0x19, 0xda, 0x95, 0xda, 0x93, 
	0xda, 0x97, 0x7c, 0x0d, 0x05, 0x81, 0x05, 0x41, 
	0x04, 0x81, 0x04, 0x41, 0x03, 0xc1, 0x03, 0x41, 
	0x03, 0x41, 0x02, 0x41, 0x00, 0xc1, 0x00, 0x41, 
	0x00, 0x01, 0x00, 0x01, 0x00, 0x01, 0x00, 0x01, 
	0x08, 0x01, 0xc2, 0x0f, 0xea, 0x0f, 0xe0, 0xc5, 
	0xe0, 0x41, 0xd8, 0x41, 0xd8, 0x41, 0xd8, 0x01, 
	0xd0, 0xc7, 0xd4, 0x09, 0xbc, 0x01, 0x69, 0x01, 
	0x50, 0x41, 0x51, 0x41, 0x93, 0x85, 0x30, 0x41, 
	0x00, 0x01, 0x00, 0x01, 0x00, 0x01, 0x00, 0x01, 
	0x88, 0x41, 0xed, 0x41, 0x00, 0x01, 0x00, 0x01, 
	0x00, 0x01, 0xed, 0x41, 0x88, 0x01, 0x00, 0x01, 
	0x00, 0x01, 0x00, 0x01, 0x00, 0x01, 0x00, 0x01, 
	0x00, 0x01, 0x00, 0x01, 0x8a, 0xc5, 0x9a, 0x81, 
	0x48, 0x01, 0x61, 0x41, 0xcc, 0x8b, 0xd4, 0x87, 
	0x9a, 0x87, 0x70, 0x87, 0x50, 0x01, 0x91, 0x07, 
	0xda, 0x53, 0xda, 0xd5, 0xda, 0x93, 0xd2, 0x11, 
	0xda, 0x11, 0xbb, 0x15, 0x5c, 0xcd, 0x25, 0xc5, 
	0x2d, 0xc7, 0x2d, 0x85, 0x15, 0x01, 0x04, 0x41, 
	0x04, 0x41, 0x02, 0xc1, 0x01, 0x01, 0x00, 0x01, 
	0x00, 0x01, 0x00, 0x01, 0x00, 0x01, 0x00, 0x01, 
	0x91, 0xcb, 0xea, 0x95, 0xe1, 0x8b, 0xd8, 0x43, 
	0xd8, 0x01, 0xd0, 0x01, 0xd0, 0x01, 0xd0, 0x01, 
	0xd0, 0x01, 0xc2, 0x43, 0xb3, 0xc1, 0x69, 0x01, 
	0x48, 0x41, 0x8b, 0x4f, 0xa3, 0xcd, 0x00, 0x01, 
	0x00, 0x01, 0x00, 0x01, 0x00, 0x01, 0x00, 0x01, 
	0x90, 0x41, 0xed, 0x41, 0x00, 0x01, 0x00, 0x01, 
	0x00, 0x01, 0xed, 0x41, 0x88, 0x01, 0x00, 0x01, 
	0x00, 0x01, 0x00, 0x01, 0x00, 0x01, 0x00, 0x01, 
	0x00, 0x01, 0x00, 0x01, 0x41, 0x47, 0xc4, 0x01, 
	0x81, 0x81, 0x30, 0x01, 0x61, 0x81, 0xac, 0x07, 
	0x50, 0x81, 0x18, 0x01, 0x10, 0x01, 0x88, 0x85, 
	0xd1, 0x49, 0xc9, 0x47, 0xd1, 0x8d, 0xd2, 0x11, 
	0xd2, 0x11, 0xda, 0xd7, 0x9b, 0xd3, 0x2d, 0x05, 
	0x15, 0x81, 0x0c, 0xc1, 0x04, 0x41, 0x03, 0x81, 
	0x03, 0x81, 0x03, 0x01, 0x02, 0x81, 0x01, 0xc1, 
	0x00, 0x41, 0x00, 0x01, 0x00, 0x01, 0x91, 0x89, 
	0xea, 0x53, 0xe2, 0x51, 0xd9, 0x4b, 0xd8, 0x83, 
	0xe8, 0x01, 0xd0, 0x01, 0x90, 0x01, 0xb1, 0x81, 
	0xd1, 0xc1, 0x9a, 0x01, 0x9b, 0x01, 0x69, 0x01, 
	0x7a, 0x85, 0xdd, 0xa3, 0x8a, 0x83, 0x00, 0x01, 
	0x00, 0x01, 0x00, 0x01, 0x00, 0x01, 0x00, 0x01, 
	0x90, 0x41, 0xed, 0x41, 0x00, 0x01, 0x00, 0x01, 
	0x00, 0x01, 0xed, 0x41, 0x88, 0x01, 0x00, 0x01, 
	0x00, 0x01, 0x00, 0x01, 0x00, 0x01, 0x00, 0x01, 
	0x00, 0x01, 0x00, 0x01, 0x00, 0x01, 0x9b, 0x41, 
	0x8a, 0x01, 0x48, 0x01, 0x18, 0x01, 0x10, 0x01, 
	0x50, 0xc1, 0x60, 0xc1, 0x28, 0x01, 0x58, 0x81, 
	0x81, 0x07, 0xa0, 0x85, 0xc8, 0x81, 0xc9, 0x49, 
	0xc9, 0x8b, 0xd2, 0x0f, 0xda, 0x95, 0x7b, 0x0b, 
	0x03, 0x41, 0x04, 0x01, 0x03, 0xc1, 0x03, 0x41, 
	0x03, 0x41, 0x03, 0x41, 0x03, 0x41, 0x03, 0x41, 
	0x01, 0x81, 0x00, 0x81, 0x91, 0x89, 0xe9, 0x8d, 
	0xe1, 0x49, 0xd9, 0x09, 0xd8, 0x83, 0xd0, 0x01, 
	0x90, 0x01, 0x88, 0x01, 0x70, 0x81, 0x8b, 0x41, 
	0xc4, 0x41, 0x92, 0xc1, 0x71, 0x01, 0x72, 0x01, 
	0xc5, 0x61, 0xe5, 0x99, 0x61, 0x81, 0x00, 0x01, 
	0x00, 0x01, 0x00, 0x01, 0x00, 0x01, 0x00, 0x01, 
	0x90, 0x41, 0xed, 0x41, 0x00, 0x01, 0x00, 0x01, 
	0x00, 0x01, 0xed, 0x41, 0x88, 0x01, 0x00, 0x01, 
	0x00, 0x01, 0x00, 0x01, 0x00, 0x01, 0x00, 0x01, 
	0x00, 0x01, 0x00, 0x01, 0x00, 0x01, 0x82, 0x81, 
	0x8a, 0x81, 0x68, 0xc1, 0x50, 0x01, 0x08, 0x01, 
	0x9b, 0x01, 0x93, 0x01, 0x01, 0xc1, 0x01, 0x81, 
	0x4a, 0xd1, 0xcd, 0x6d, 0xd3, 0xdd, 0xc0, 0x83, 
	0xc0, 0x01, 0xb8, 0x01, 0xd9, 0x49, 0xb1, 0xd1, 
	0x22, 0x81, 0x04, 0x41, 0x04, 0x01, 0x03, 0x41, 
	0x03, 0x41, 0x03, 0x01, 0x02, 0x81, 0x01, 0x81, 
	0x00, 0xc1, 0x91, 0x47, 0xe9, 0x8d, 0xe0, 0xc5, 
	0xd8, 0x41, 0xd8, 0x01, 0xe0, 0x01, 0x88, 0x01, 
	0x00, 0x01, 0x00, 0x01, 0x6a, 0x01, 0x8a, 0x81, 
	0x61, 0x81, 0x79, 0xc1, 0x50, 0xc1, 0x8b, 0x93, 
	0xcd, 0x61, 0x9b, 0x41, 0x28, 0x01, 0x00, 0x01, 
	0x00, 0x01, 0x00, 0x01, 0x00, 0x01, 0x00, 0x01, 
	0x90, 0x41, 0xed, 0x41, 0x00, 0x01, 0x00, 0x01, 
	0x00, 0x01, 0xed, 0x41, 0x88, 0x01, 0x00, 0x01, 
	0x00, 0x01, 0x00, 0x01, 0x00, 0x01, 0x00, 0x01, 
	0x00, 0x01, 0x00, 0x01, 0x00, 0x01, 0xa3, 0x83, 
	0xc3, 0xc1, 0x79, 0x41, 0x30, 0x41, 0x00, 0x01, 
	0x72, 0x05, 0x4b, 0x01, 0x02, 0x81, 0x02, 0x81, 
	0xad, 0xa7, 0xef, 0x7b, 0xaa, 0x93, 0x98, 0x01, 
	0xb0, 0x01, 0xc8, 0x01, 0xd0, 0xc5, 0x99, 0x49, 
	0x23, 0xc1, 0x04, 0x81, 0x04, 0x01, 0x03, 0x81, 
	0x03, 0x81, 0x02, 0xc1, 0x01, 0x81, 0x00, 0x41, 
	0x61, 0x03, 0xe9, 0x8f, 0xe8, 0xc5, 0xe0, 0x41, 
	0xe0, 0x01, 0xd0, 0x01, 0xdb, 0x19, 0x9c, 0x1f, 
	0x00, 0x81, 0x00, 0x01, 0x00, 0x41, 0x92, 0xc1, 
	0x93, 0x01, 0x40, 0xc1, 0x8b, 0x09, 0xdd, 0xe3, 
	0xc4, 0xdf, 0x82, 0x41, 0x10, 0x01, 0x00, 0x01, 
	0x00, 0x01, 0x00, 0x01, 0x00, 0x01, 0x00, 0x01, 
	0x90, 0x41, 0xed, 0x41, 0x00, 0x01, 0x00, 0x01, 
	0x00, 0x01, 0xed, 0x41, 0x88, 0x01, 0x00, 0x01, 
	0x00, 0x01, 0x00, 0x01, 0x00, 0x01, 0x00, 0x01, 
	0x00, 0x01, 0x00, 0x01, 0x00, 0x01, 0x49, 0x83, 
	0x39, 0x81, 0x00, 0x81, 0x00, 0x01, 0x00, 0x01, 
	0x00, 0x01, 0x02, 0xc1, 0x03, 0x01, 0x02, 0x01, 
	0xd6, 0x71, 0xe5, 0x29, 0x88, 0x01, 0x78, 0x01, 
	0x30, 0x01, 0x28, 0x01, 0x90, 0x01, 0x90, 0x83, 
	0x09, 0x81, 0x04, 0x41, 0x04, 0x41, 0x03, 0x41, 
	0x03, 0x41, 0x02, 0x81, 0x01, 0x41, 0x11, 0x01, 
	0xc2, 0x0d, 0xe9, 0x4b, 0xd8, 0x83, 0x90, 0x01, 
	0x28, 0x01, 0x78, 0x01, 0xcb, 0xdf, 0xef, 0x7b, 
	0x52, 0x91, 0x00, 0x01, 0x00, 0x01, 0x49, 0x41, 
	0xec, 0x87, 0x61, 0xc1, 0x21, 0x01, 0x94, 0x4f, 
	0xbc, 0x95, 0x92, 0x81, 0x28, 0x01, 0x00, 0x01, 
	0x00, 0x01, 0x00, 0x01, 0x00, 0x01, 0x00, 0x01, 
	0x90, 0x41, 0xed, 0x41, 0x00, 0x01, 0x00, 0x01, 
	0x00, 0x01, 0xed, 0x41, 0x88, 0x01, 0x00, 0x01, 
	0x00, 0x01, 0x00, 0x01, 0x00, 0x01, 0x00, 0x01, 
	0x00, 0x01, 0x00, 0x01, 0x00, 0x01, 0x00, 0x01, 
	0x00, 0x01, 0x00, 0x01, 0x00, 0x01, 0x00, 0x01, 
	0x01, 0x01, 0x03, 0x41, 0x02, 0xc1, 0x01, 0xc1, 
	0xce, 0x71, 0xe4, 0xa5, 0x90, 0x01, 0x58, 0x01, 
	0x00, 0x01, 0x00, 0x01, 0x40, 0x01, 0x68, 0x01, 
	0x00, 0x01, 0x03, 0x81, 0x04, 0x41, 0x03, 0x01, 
	0x03, 0x01, 0x02, 0x81, 0x01, 0x81, 0x10, 0x81, 
	0x91, 0x4b, 0xa0, 0x43, 0x88, 0x01, 0x00, 0x01, 
	0x00, 0x01, 0x48, 0x01, 0xb0, 0x85, 0xef, 0x7b, 
	0x6c, 0x19, 0x00, 0x01, 0x00, 0x01, 0x00, 0x01, 
	0x6a, 0x41, 0x00, 0xc1, 0x00, 0x01, 0x00, 0x01, 
	0x00, 0x01, 0x10, 0x81, 0x00, 0x01, 0x00, 0x01, 
	0x00, 0x01, 0x00, 0x01, 0x00, 0x01, 0x00, 0x01, 
	0x90, 0x81, 0xed, 0x41, 0x00, 0x01, 0x00, 0x01, 
	0x00, 0x01, 0xed, 0x41, 0x80, 0x01, 0x00, 0x01, 
	0x00, 0x01, 0x00, 0x01, 0x00, 0x01, 0x00, 0x01, 
	0x00, 0x01, 0x00, 0x01, 0x00, 0x01, 0x00, 0x01, 
	0x00, 0x01, 0x00, 0x01, 0x00, 0x01, 0x02, 0x41, 
	0x05, 0x01, 0x04, 0x41, 0x02, 0x01, 0x01, 0xc1, 
	0xc6, 0x31, 0xee, 0xb7, 0xa8, 0x03, 0x80, 0x01, 
	0x58, 0x01, 0x70, 0x01, 0xd0, 0xc7, 0x8b, 0x99, 
	0x00, 0x41, 0x00, 0x41, 0x02, 0x01, 0x02, 0x01, 
	0x02, 0x01, 0x01, 0x01, 0x00, 0x41, 0x00, 0x01, 
	0x1a, 0x09, 0xab, 0x9b, 0x88, 0x01, 0x28, 0x01, 
	0x58, 0x01, 0xb0, 0x01, 0xc1, 0x4b, 0xef, 0x7b, 
	0x84, 0x9d, 0x00, 0x01, 0x00, 0x01, 0x00, 0x01, 
	0x01, 0xc1, 0x02, 0x01, 0x01, 0x41, 0x00, 0x01, 
	0x00, 0x01, 0x00, 0x01, 0x00, 0x01, 0x00, 0x01, 
	0x00, 0x01, 0x00, 0x01, 0x41, 0x45, 0x28, 0x01, 
	0x90, 0x81, 0xed, 0x41, 0x00, 0x01, 0x00, 0x01, 
	0x00, 0x01, 0xed, 0x41, 0x80, 0x01, 0x60, 0x01, 
	0xbc, 0x01, 0x93, 0x03, 0x49, 0x41, 0x00, 0x01, 
	0x00, 0x01, 0x00, 0x01, 0x00, 0x01, 0x00, 0x01, 
	0x00, 0x01, 0x00, 0x01, 0x00, 0xc1, 0x04, 0x01, 
	0x04, 0x81, 0x04, 0x41, 0x02, 0xc1, 0x02, 0x01, 
	0x5b, 0xd1, 0xa5, 0xa7, 0xc4, 0xa5, 0xa8, 0x87, 
	0xb8, 0x01, 0xe0, 0xc7, 0xb3, 0xd9, 0x0a, 0xc3, 
	0x00, 0x01, 0x00, 0x01, 0x00, 0x01, 0x00, 0x41, 
	0x00, 0x41, 0x00, 0x01, 0x00, 0x01, 0x00, 0x01, 
	0x1a, 0x87, 0xce, 0x31, 0xdb, 0xe1, 0xb8, 0x01, 
	0xb8, 0x01, 0xb0, 0x83, 0xc5, 0x25, 0xbe, 0x2d, 
	0x42, 0xcd, 0x00, 0x01, 0x00, 0x81, 0x00, 0x01, 
	0x01, 0x01, 0x02, 0x81, 0x02, 0x41, 0x01, 0x41, 
	0x00, 0x41, 0x00, 0x01, 0x00, 0x01, 0x00, 0x01, 
	0x6b, 0x0d, 0xee, 0x23, 0xed, 0xdb, 0x92, 0x01, 
	0x90, 0x81, 0xed, 0x41, 0x00, 0x01, 0x00, 0x01, 
	0x00, 0x01, 0xed, 0x41, 0x80, 0x01, 0x10, 0x01, 
	0x9b, 0x01, 0xa3, 0x41, 0xbc, 0x01, 0xcc, 0x43, 
	0x5a, 0x41, 0x00, 0x01, 0x00, 0x01, 0x00, 0xc1, 
	0x62, 0x81, 0x92, 0x81, 0xb2, 0x41, 0x92, 0x81, 
	0x72, 0x01, 0x62, 0x41, 0x0b, 0x41, 0x03, 0xc1, 
	0x03, 0x41, 0x03, 0x81, 0x2c, 0x8b, 0x7d, 0x1b, 
	0xa4, 0x63, 0x94, 0xa3, 0x03, 0x03, 0x01, 0x01, 
	0x01, 0xc1, 0x1a, 0x81, 0x4b, 0x43, 0x5b, 0x85, 
	0x5b, 0x85, 0x4a, 0xc1, 0x3a, 0x41, 0x11, 0x01, 
	0x09, 0x01, 0x8c, 0x61, 0xd6, 0xf5, 0x94, 0xdb, 
	0x3b, 0x41, 0x2c, 0x87, 0x24, 0x8b, 0x03, 0x01, 
	0x02, 0x41, 0x02, 0x41, 0x02, 0x01, 0x00, 0x81, 
	0x00, 0x01, 0x00, 0xc1, 0x02, 0x01, 0x02, 0x01, 
	0x01, 0x81, 0x00, 0x01, 0x00, 0x01, 0x00, 0x01, 
	0x19, 0x41, 0x93, 0xcb, 0x92, 0xc1, 0x00, 0x01, 
	0x90, 0x81, 0xed, 0x41, 0x00, 0x01, 0x00, 0x01, 
	0x00, 0x01, 0xed, 0x41, 0x78, 0x01, 0x00, 0x01, 
	0x8a, 0x01, 0x61, 0x01, 0x79, 0x81, 0x8a, 0x41, 
	0x10, 0xc1, 0x00, 0x01, 0x09, 0x41, 0xac, 0x4f, 
	0xed, 0x19, 0xec, 0xd3, 0xeb, 0xc3, 0xeb, 0x01, 
	0xeb, 0x41, 0xeb, 0x01, 0xbb, 0x01, 0x3b, 0x01, 
	0x02, 0xc1, 0x03, 0x41, 0x03, 0x81, 0x04, 0x41, 
	0x03, 0x41, 0x00, 0x81, 0x01, 0xc1, 0x84, 0x4f, 
	0xc5, 0x1b, 0xdd, 0x9f, 0xed, 0xa1, 0xed, 0x1b, 
	0xed, 0x1b, 0xec, 0x93, 0xeb, 0xc5, 0xe2, 0x81, 
	0xa9, 0xc1, 0x8a, 0x01, 0x33, 0xc5, 0x04, 0x41, 
	0x04, 0x41, 0x03, 0x41, 0x02, 0xc1, 0x03, 0x01, 
	0x03, 0x01, 0x02, 0xc1, 0x02, 0x01, 0x31, 0xc1, 
	0x81, 0x81, 0x79, 0x01, 0x69, 0x81, 0x5a, 0x01, 
	0x11, 0x81, 0x00, 0x41, 0x00, 0x01, 0x00, 0x01, 
	0x00, 0x01, 0x00, 0x01, 0x50, 0x01, 0x00, 0x01, 
	0x90, 0x81, 0xed, 0x41, 0x00, 0x01, 0x00, 0x01, 
	0x00, 0x01, 0xed, 0x41, 0x78, 0x01, 0x00, 0x01, 
	0x48, 0x81, 0x61, 0x41, 0x48, 0xc1, 0x00, 0x01, 
	0x00, 0x01, 0x00, 0x41, 0x9c, 0x0d, 0xed, 0x9f, 
	0xed, 0x5d, 0xe5, 0x5b, 0xe4, 0x93, 0xeb, 0xc3, 
	0xeb, 0x81, 0xeb, 0xc5, 0xeb, 0xc1, 0xd2, 0xc1, 
	0x19, 0xc1, 0x01, 0xc1, 0x02, 0x41, 0x02, 0x01, 
	0x01, 0x41, 0x42, 0x85, 0xc4, 0xdd, 0xee, 0x23, 
	0xed, 0xe1, 0xed, 0x9f, 0xed, 0x5d, 0xec, 0xd5, 
	0xec, 0xd5, 0xec, 0x4b, 0xeb, 0xc3, 0xeb, 0x81, 
	0xeb, 0x01, 0xe2, 0x81, 0x9a, 0x41, 0x12, 0x81, 
	0x02, 0x81, 0x02, 0x41, 0x02, 0x41, 0x02, 0x81, 
	0x02, 0x41, 0x02, 0x81, 0x8b, 0x01, 0xe3, 0xc1, 
	0xec, 0x01, 0xeb, 0x41, 0xea, 0xc1, 0xea, 0xc1, 
	0xc2, 0x41, 0x28, 0xc1, 0x00, 0x01, 0x00, 0x81, 
	0x11, 0x47, 0x19, 0x47, 0x51, 0x41, 0x00, 0x01, 
	0x90, 0x81, 0xed, 0x41, 0x00, 0x01, 0x00, 0x01, 
	0x00, 0x01, 0xed, 0x41, 0x78, 0x01, 0x00, 0x01, 
	0x94, 0x5f, 0xcd, 0xa9, 0xc5, 0xa9, 0x94, 0x5f, 
	0x29, 0x07, 0x41, 0x81, 0xd4, 0x93, 0xed, 0x9f, 
	0xed, 0x9f, 0xed, 0x9f, 0xe5, 0x19, 0xec, 0x49, 
	0xe3, 0x81, 0xeb, 0xc5, 0xec, 0x4b, 0xec, 0x49, 
	0xa3, 0x85, 0x84, 0x0d, 0xb4, 0x95, 0xac, 0x51, 
	0x8b, 0x4f, 0xcd, 0x1f, 0xed, 0xe1, 0xed, 0x59, 
	0xed, 0x17, 0xed, 0x15, 0xed, 0x5b, 0xed, 0x5b, 
	0xed, 0x5b, 0xe4, 0x91, 0xe4, 0x4d, 0xe4, 0x4b, 
	0xec, 0x07, 0xec, 0x05, 0xeb, 0x41, 0xba, 0x81, 
	0x02, 0x41, 0x02, 0x41, 0x02, 0x41, 0x02, 0x01, 
	0x2a, 0x81, 0xa3, 0x81, 0xec, 0x45, 0xec, 0x49, 
	0xe4, 0x45, 0xe3, 0xc1, 0xe3, 0x81, 0xe3, 0x41, 
	0xeb, 0x01, 0xa9, 0xc1, 0x41, 0x01, 0x7c, 0x21, 
	0x9d, 0x2f, 0x94, 0xab, 0x94, 0x65, 0x00, 0x09, 
	0x90, 0x81, 0xed, 0x41, 0x00, 0x01, 0x00, 0x01, 
	0x00, 0x01, 0xed, 0x41, 0x78, 0x01, 0x52, 0x9f, 
	0xbd, 0xf3, 0xef, 0x39, 0xef, 0x7b, 0xef, 0x7b, 
	0xbd, 0x69, 0x8b, 0x51, 0xd4, 0xd9, 0xed, 0x9f, 
	0xed, 0x5d, 0xed, 0x9d, 0xed, 0x9d, 0xed, 0x5b, 
	0xec, 0x93, 0xe4, 0x4b, 0xec, 0x4d, 0xe4, 0xd5, 
	0xe5, 0x5f, 0xed, 0xe3, 0xed, 0xe3, 0xe5, 0x5f, 
	0xdd, 0x1f, 0xed, 0x5f, 0xb4, 0x53, 0xcc, 0x4f, 
	0xec, 0xd3, 0xed, 0x17, 0xed, 0x5b, 0xed, 0x5d, 
	0xed, 0x5d, 0xe4, 0xd7, 0xe4, 0x4f, 0xec, 0x91, 
	0xec, 0x91, 0xdc, 0x4b, 0xe3, 0x81, 0xeb, 0x41, 
	0xaa, 0x01, 0x72, 0xc5, 0xc4, 0x93, 0xd3, 0x83, 
	0xc2, 0xc1, 0xdb, 0xc1, 0xec, 0x8d, 0xe4, 0x8b, 
	0xe4, 0x45, 0xdc, 0x01, 0xdc, 0x01, 0xdb, 0x41, 
	0xdb, 0x41, 0xe3, 0x01, 0xca, 0x01, 0xbc, 0x15, 
	0xde, 0xb9, 0xce, 0x35, 0xa5, 0x31, 0x42, 0x1f, 
	0x90, 0x81, 0xed, 0x41, 0x00, 0x01, 0x00, 0x01, 
	0x00, 0x01, 0xed, 0x41, 0x78, 0x01, 0x52, 0x9f, 
	0xbd, 0xb1, 0xe6, 0xb5, 0xef, 0x37, 0xef, 0x7b, 
	0xc5, 0xab, 0xac, 0x9b, 0xe5, 0x5f, 0xed, 0x9f, 
	0xe5, 0x9f, 0xe5, 0x9f, 0xed, 0xa1, 0xed, 0x9f, 
	0xed, 0x19, 0xec, 0x8f, 0xec, 0x4b, 0xec, 0xd5, 
	0xed, 0x9f, 0xed, 0xa1, 0xed, 0x9f, 0xe5, 0x5d, 
	0xe4, 0xd9, 0x72, 0x07, 0x00, 0x01, 0x00, 0x01, 
	0xa3, 0x8f, 0xed, 0x5b, 0xed, 0x5b, 0xed, 0x5d, 
	0xed, 0x5d, 0xe5, 0x1b, 0xec, 0xd5, 0xe4, 0x91, 
	0x8a, 0x01, 0x18, 0x01, 0x48, 0x01, 0xc3, 0x01, 
	0xeb, 0x41, 0xc3, 0x45, 0xe5, 0x1d, 0xec, 0xd3, 
	0xe4, 0x03, 0xdc, 0x03, 0xe4, 0x8b, 0xe4, 0x89, 
	0xdc, 0x43, 0xdc, 0x01, 0xdc, 0x01, 0xdb, 0x81, 
	0xdb, 0x41, 0xe3, 0x41, 0xe2, 0x81, 0xba, 0x81, 
	0xd5, 0xe9, 0xef, 0x39, 0xc6, 0x33, 0x4a, 0x5d, 
	0x90, 0x81, 0xed, 0x41, 0x00, 0x01, 0x00, 0x01, 
	
};

Gfx ttc_dl_bowserbot_rgba16_aligner[] = {gsSPEndDisplayList()};
u8 ttc_dl_bowserbot_rgba16[] = {
	0x00, 0x01, 0xed, 0x41, 0x78, 0x01, 0x52, 0x9f, 
	0xbd, 0xb1, 0xe6, 0xb5, 0xef, 0x37, 0xef, 0x7b, 
	0xc5, 0xab, 0xac, 0x9b, 0xe5, 0x5f, 0xed, 0x9f, 
	0xe5, 0x9f, 0xe5, 0x9f, 0xed, 0xa1, 0xed, 0x9f, 
	0xed, 0x19, 0xec, 0x8f, 0xec, 0x4b, 0xec, 0xd5, 
	0xed, 0x9f, 0xed, 0xa1, 0xed, 0x9f, 0xe5, 0x5d, 
	0xe4, 0xd9, 0x72, 0x07, 0x00, 0x01, 0x00, 0x01, 
	0xa3, 0x8f, 0xed, 0x5b, 0xed, 0x5b, 0xed, 0x5d, 
	0xed, 0x5d, 0xe5, 0x1b, 0xec, 0xd5, 0xe4, 0x91, 
	0x8a, 0x01, 0x18, 0x01, 0x48, 0x01, 0xc3, 0x01, 
	0xeb, 0x41, 0xc3, 0x45, 0xe5, 0x1d, 0xec, 0xd3, 
	0xe4, 0x03, 0xdc, 0x03, 0xe4, 0x8b, 0xe4, 0x89, 
	0xdc, 0x43, 0xdc, 0x01, 0xdc, 0x01, 0xdb, 0x81, 
	0xdb, 0x41, 0xe3, 0x41, 0xe2, 0x81, 0xba, 0x81, 
	0xd5, 0xe9, 0xef, 0x39, 0xc6, 0x33, 0x4a, 0x5d, 
	0x90, 0x81, 0xed, 0x41, 0x00, 0x01, 0x00, 0x01, 
	0x00, 0x01, 0xed, 0x41, 0x78, 0x01, 0x52, 0x5f, 
	0xb5, 0x71, 0xd6, 0x75, 0xef, 0x39, 0xef, 0x79, 
	0xcd, 0xeb, 0xcd, 0x1f, 0xe5, 0x9f, 0xed, 0x9f, 
	0xed, 0x9f, 0xed, 0x9f, 0xed, 0x9f, 0xed, 0xa1, 
	0xe5, 0x9f, 0xed, 0x19, 0xec, 0xd5, 0xec, 0xd7, 
	0xed, 0x19, 0xed, 0x5d, 0xed, 0x9f, 0xed, 0xdf, 
	0xab, 0xcf, 0x00, 0x01, 0x00, 0x01, 0x00, 0x01, 
	0x08, 0x01, 0xbc, 0x11, 0xed, 0x57, 0xed, 0x5b, 
	0xed, 0x5b, 0xed, 0x1b, 0xec, 0xd3, 0x79, 0xc3, 
	0x00, 0x01, 0x00, 0x01, 0x00, 0x01, 0x8a, 0x01, 
	0xec, 0x8f, 0xe4, 0x4f, 0xe4, 0xd7, 0xe4, 0x8f, 
	0xe4, 0x8b, 0xe4, 0x89, 0xdc, 0x89, 0xdc, 0x89, 
	0xdc, 0x87, 0xdc, 0x45, 0xdc, 0x41, 0xdb, 0xc1, 
	0xdb, 0x41, 0xdb, 0x41, 0xe3, 0x01, 0xca, 0x01, 
	0xbc, 0x59, 0xe6, 0xf7, 0xc6, 0x33, 0x4a, 0x5d, 
	0x90, 0x81, 0xed, 0x41, 0x00, 0x01, 0x00, 0x01, 
	0x00, 0x01, 0xed, 0x41, 0x78, 0x01, 0x4a, 0x5d, 
	0xa5, 0x2f, 0xc5, 0xf1, 0xe6, 0xf7, 0xef, 0x39, 
	0xd5, 0xeb, 0xc4, 0xdd, 0xdd, 0x5d, 0xed, 0x9f, 
	0xed, 0xa1, 0xe5, 0xa1, 0xed, 0x9f, 0xe5, 0x9f, 
	0xe5, 0x9f, 0xed, 0x59, 0xed, 0x15, 0xed, 0x19, 
	0xed, 0x5b, 0xed, 0x5d, 0xed, 0x9f, 0xed, 0xe3, 
	0xbc, 0x97, 0x41, 0x01, 0x28, 0x41, 0x30, 0x41, 
	0x00, 0x01, 0x72, 0x07, 0xed, 0x15, 0xed, 0x59, 
	0xed, 0x59, 0xed, 0x19, 0xcc, 0x93, 0x28, 0x81, 
	0x00, 0x01, 0x10, 0x01, 0x61, 0x81, 0xc4, 0x51, 
	0xed, 0x5b, 0xed, 0x5d, 0xed, 0x5b, 0xe4, 0xd1, 
	0xe4, 0xd1, 0xe4, 0x8f, 0xe4, 0x8d, 0xe4, 0x8f, 
	0xe4, 0x8f, 0xdc, 0x47, 0xdc, 0x41, 0xdb, 0xc1, 
	0xdb, 0x81, 0xdb, 0x41, 0xe3, 0x41, 0xd2, 0x01, 
	0xab, 0x8f, 0xde, 0xb5, 0xce, 0x35, 0x5a, 0x9d, 
	0x90, 0x81, 0xed, 0x41, 0x00, 0x01, 0x00, 0x01, 
	0x00, 0x01, 0xed, 0x41, 0x80, 0x01, 0x4a, 0x5f, 
	0xa4, 0xef, 0xb5, 0x71, 0xbd, 0xf3, 0xe7, 0x3b, 
	0xe6, 0xb3, 0xbc, 0xdf, 0xdd, 0x1b, 0xed, 0x9f, 
	0xed, 0x9f, 0xed, 0x9f, 0xed, 0x9f, 0xed, 0x9f, 
	0xee, 0x1f, 0xc3, 0x8b, 0x70, 0x81, 0xb3, 0xd1, 
	0xed, 0xdf, 0xed, 0xe1, 0xed, 0x9f, 0xed, 0x9f, 
	0xed, 0x9f, 0xed, 0x9d, 0xed, 0x9f, 0xe5, 0x1d, 
	0x93, 0x4d, 0x93, 0x4f, 0xe5, 0x1b, 0xed, 0x5d, 
	0xed, 0x5d, 0xed, 0x9d, 0xcc, 0xd9, 0x8b, 0x4d, 
	0xa3, 0xcf, 0xd4, 0x95, 0xe5, 0x1b, 0xed, 0x9f, 
	0xed, 0x5d, 0xed, 0x5b, 0xed, 0x5b, 0xed, 0x5d, 
	0xe5, 0x17, 0xe4, 0xd1, 0xec, 0xcf, 0xe4, 0x89, 
	0xdc, 0x43, 0xdc, 0x41, 0xdc, 0x41, 0xdb, 0xc1, 
	0xdb, 0x81, 0xdb, 0x41, 0xe3, 0x41, 0xca, 0x01, 
	0x9b, 0x51, 0xde, 0xf7, 0xef, 0x7b, 0x94, 0x65, 
	0x90, 0x41, 0xed, 0x41, 0x00, 0x01, 0x00, 0x01, 
	0x00, 0x01, 0xed, 0x41, 0x80, 0x41, 0x52, 0x9f, 
	0xb5, 0xb1, 0x94, 0xa9, 0x52, 0x9d, 0x73, 0x63, 
	0xac, 0xeb, 0xc5, 0x23, 0xed, 0x9f, 0xed, 0x9d, 
	0xed, 0x9d, 0xed, 0x9d, 0xed, 0x9d, 0xed, 0xdf, 
	0xd4, 0x51, 0x60, 0x01, 0x10, 0x01, 0x70, 0x81, 
	0xe5, 0x1b, 0xed, 0xe1, 0xed, 0xa1, 0xed, 0xa1, 
	0xed, 0xa1, 0xed, 0xe3, 0xed, 0xe1, 0xed, 0xe1, 
	0xed, 0x5b, 0xdd, 0x19, 0xe5, 0x9f, 0xed, 0x9f, 
	0xed, 0x9f, 0xed, 0x9f, 0xe5, 0x5f, 0xed, 0xdf, 
	0xee, 0x21, 0xed, 0xdf, 0xed, 0x9f, 0xed, 0x9f, 
	0xed, 0x9d, 0xed, 0x5b, 0xed, 0x5b, 0xed, 0x5b, 
	0xed, 0x59, 0xc4, 0x4d, 0xc3, 0xc5, 0xe4, 0x89, 
	0xdc, 0x47, 0xdc, 0x43, 0xdc, 0x41, 0xdc, 0x01, 
	0xdb, 0xc1, 0xdb, 0x41, 0xeb, 0x41, 0x91, 0x81, 
	0x8b, 0x57, 0xe7, 0x39, 0xef, 0x7b, 0xac, 0xe9, 
	0x90, 0x41, 0xed, 0x41, 0x00, 0x01, 0x00, 0x01, 
	0x00, 0x01, 0xed, 0x41, 0x80, 0x41, 0x52, 0xa1, 
	0x5a, 0xe3, 0x00, 0x09, 0x00, 0x01, 0x00, 0x01, 
	0x00, 0x05, 0x18, 0x8d, 0x8b, 0x13, 0xdd, 0x1b, 
	0xed, 0x9d, 0xed, 0x9d, 0xed, 0xdf, 0xed, 0x5b, 
	0x89, 0x41, 0x28, 0x01, 0x28, 0x01, 0x48, 0x01, 
	0xb4, 0xa1, 0xed, 0xe1, 0xed, 0xe1, 0xed, 0xa1, 
	0xe5, 0xa1, 0xe5, 0xa1, 0xed, 0xa1, 0xe5, 0xa1, 
	0xed, 0x9f, 0xed, 0xdf, 0xed, 0xa1, 0xed, 0x9f, 
	0xed, 0x9f, 0xed, 0x9f, 0xed, 0xdf, 0xed, 0x9f, 
	0xed, 0x9d, 0xe5, 0x9f, 0xe5, 0x9f, 0xed, 0x9f, 
	0xed, 0xa1, 0xed, 0x9f, 0xed, 0x5d, 0xed, 0x9b, 
	0xe5, 0x9f, 0x8a, 0x0f, 0x68, 0x01, 0xc3, 0x85, 
	0xe4, 0x8b, 0xdc, 0x41, 0xdc, 0x01, 0xdc, 0x01, 
	0xdb, 0xc1, 0xe3, 0x81, 0xdb, 0x01, 0x8a, 0x01, 
	0xa4, 0xe5, 0xef, 0x7b, 0xef, 0x79, 0x9c, 0x65, 
	0x88, 0x41, 0xed, 0x41, 0x00, 0x01, 0x00, 0x01, 
	0x00, 0x01, 0xed, 0x41, 0x80, 0x41, 0x00, 0x01, 
	0x00, 0x01, 0x00, 0x01, 0x18, 0xd1, 0x10, 0x8f, 
	0x00, 0x01, 0x00, 0x01, 0x00, 0x01, 0x83, 0x0f, 
	0xed, 0xe1, 0xed, 0xe1, 0xed, 0xdf, 0xdc, 0x93, 
	0x58, 0x01, 0x28, 0x01, 0x38, 0x01, 0x7a, 0x57, 
	0x94, 0xab, 0xb4, 0x9d, 0xed, 0x9f, 0xed, 0xe1, 
	0xed, 0xe1, 0xe5, 0xa1, 0xe5, 0x9f, 0xed, 0x9f, 
	0xed, 0x9f, 0xe5, 0xa1, 0xe5, 0xe1, 0xed, 0xe1, 
	0xed, 0xe1, 0xed, 0xe1, 0xe5, 0xe1, 0xed, 0x9f, 
	0xed, 0x9f, 0xed, 0x9f, 0xed, 0xa1, 0xed, 0xa1, 
	0xed, 0x9f, 0xed, 0x9f, 0xed, 0x9d, 0xed, 0xdf, 
	0xc5, 0x65, 0x7a, 0x19, 0x30, 0x01, 0x89, 0x41, 
	0xdc, 0x45, 0xdc, 0x41, 0xdc, 0x01, 0xdc, 0x01, 
	0xdb, 0xc1, 0xe3, 0xc1, 0x89, 0x81, 0x62, 0x4d, 
	0xe7, 0x39, 0xef, 0x7b, 0x8c, 0x65, 0x00, 0x01, 
	0x88, 0x41, 0xed, 0x41, 0x00, 0x01, 0x00, 0x01, 
	0x00, 0x01, 0xed, 0x41, 0x78, 0x41, 0x00, 0x01, 
	0x00, 0x01, 0x10, 0x91, 0xde, 0xfb, 0x8c, 0x6b, 
	0x00, 0x01, 0x00, 0x01, 0x00, 0x01, 0x00, 0x01, 
	0x8b, 0x51, 0xed, 0xdf, 0xed, 0x9d, 0xed, 0x57, 
	0x89, 0xc3, 0x28, 0x01, 0x38, 0x01, 0x94, 0x65, 
	0x8c, 0x67, 0x40, 0x41, 0x9b, 0x53, 0xdd, 0xa3, 
	0xed, 0x9d, 0xed, 0xe1, 0xed, 0xe1, 0xed, 0xe1, 
	0xed, 0xe1, 0xee, 0x23, 0xee, 0x23, 0xee, 0x23, 
	0xee, 0x23, 0xed, 0xe1, 0xed, 0xe1, 0xed, 0xa1, 
	0xe5, 0xe1, 0xed, 0xe1, 0xe5, 0xe1, 0xe5, 0xa1, 
	0xed, 0x9f, 0xed, 0xa1, 0xed, 0xe1, 0xd4, 0xdd, 
	0x94, 0xa7, 0x72, 0x15, 0x28, 0x01, 0x70, 0x81, 
	0xdc, 0x47, 0xe4, 0x41, 0xdb, 0xc1, 0xdb, 0xc1, 
	0xeb, 0xc1, 0xaa, 0x41, 0x40, 0x01, 0x94, 0x1f, 
	0xad, 0x2f, 0x21, 0x17, 0x00, 0x01, 0x00, 0x01, 
	0x88, 0x41, 0xed, 0x41, 0x00, 0x01, 0x00, 0x01, 
	0x00, 0x01, 0xed, 0x41, 0x78, 0x41, 0x00, 0x01, 
	0x00, 0x01, 0x00, 0x05, 0x29, 0x55, 0x00, 0x11, 
	0x00, 0x05, 0x00, 0x03, 0x00, 0x03, 0x00, 0x01, 
	0x00, 0x01, 0x49, 0x87, 0xd4, 0x95, 0xed, 0x9b, 
	0xd4, 0x53, 0x50, 0x01, 0x38, 0x01, 0x94, 0x65, 
	0x59, 0x0b, 0x28, 0x01, 0x71, 0x51, 0xa4, 0xe9, 
	0xc4, 0xdf, 0xed, 0xe1, 0xee, 0x63, 0xee, 0x63, 
	0xed, 0xe1, 0xed, 0x5d, 0xcc, 0x97, 0xa3, 0x91, 
	0xa3, 0x91, 0xd4, 0xd9, 0xee, 0x63, 0xed, 0xe3, 
	0xed, 0xe1, 0xed, 0xe1, 0xed, 0xe1, 0xed, 0xe1, 
	0xed, 0xe1, 0xed, 0xe1, 0xb4, 0x55, 0x69, 0x07, 
	0x8c, 0x25, 0x69, 0xd1, 0x28, 0x01, 0x81, 0x01, 
	0xdc, 0x43, 0xe4, 0x41, 0xdb, 0x81, 0xe3, 0x81, 
	0xb2, 0x41, 0x80, 0x01, 0x88, 0x01, 0x40, 0x01, 
	0x00, 0x01, 0x00, 0x01, 0x00, 0x01, 0x00, 0x01, 
	0x88, 0x41, 0xed, 0x41, 0x00, 0x01, 0x00, 0x01, 
	0x00, 0x01, 0xed, 0x41, 0x70, 0x01, 0x00, 0x01, 
	0x00, 0x01, 0x00, 0x01, 0x00, 0x01, 0x00, 0x01, 
	0x18, 0x91, 0x73, 0x65, 0x00, 0x0b, 0x00, 0x01, 
	0x00, 0x01, 0x20, 0x01, 0xb9, 0x01, 0xc3, 0xcf, 
	0xe5, 0xe1, 0x92, 0xcb, 0x38, 0x01, 0x48, 0x87, 
	0x38, 0x01, 0x38, 0x01, 0x79, 0xd3, 0x9d, 0x31, 
	0x94, 0xa7, 0x9c, 0x19, 0x9b, 0x4f, 0xa3, 0x4f, 
	0x92, 0x8b, 0x79, 0x01, 0x50, 0x01, 0x28, 0x01, 
	0x28, 0x01, 0x69, 0x01, 0xc4, 0x55, 0xed, 0xe1, 
	0xee, 0x23, 0xee, 0x23, 0xee, 0x23, 0xe5, 0xe1, 
	0xdd, 0xa1, 0xc5, 0x23, 0x72, 0x91, 0x30, 0x01, 
	0x93, 0x1d, 0x60, 0x45, 0x38, 0x01, 0x92, 0x01, 
	0xe4, 0x41, 0xe3, 0xc1, 0xe3, 0x81, 0xa9, 0xc1, 
	0x80, 0x01, 0x88, 0x01, 0x88, 0x01, 0x10, 0x01, 
	0x00, 0x01, 0x00, 0x01, 0x42, 0x1b, 0x00, 0x01, 
	0x88, 0x41, 0xed, 0x41, 0x00, 0x01, 0x00, 0x01, 
	0x00, 0x01, 0xed, 0x41, 0x70, 0x01, 0x00, 0x01, 
	0x00, 0x01, 0x00, 0x01, 0x00, 0x01, 0x00, 0x01, 
	0x31, 0x91, 0xad, 0x71, 0x00, 0x0b, 0x00, 0x01, 
	0x20, 0x01, 0xc0, 0x01, 0xd0, 0x01, 0x99, 0x41, 
	0xac, 0x59, 0xed, 0xdf, 0x71, 0x83, 0x10, 0x01, 
	0x38, 0x01, 0x38, 0x01, 0x60, 0xc9, 0xa5, 0x71, 
	0xad, 0x6f, 0x61, 0x8d, 0x28, 0x01, 0x40, 0x01, 
	0x38, 0x01, 0x30, 0x01, 0x30, 0x01, 0x38, 0x01, 
	0x38, 0x01, 0x30, 0x01, 0x48, 0x01, 0x79, 0x45, 
	0x8a, 0x09, 0x92, 0x09, 0x8a, 0x49, 0x8b, 0x99, 
	0x9c, 0xa5, 0x9d, 0x2f, 0x7a, 0x99, 0x38, 0x01, 
	0x69, 0x0d, 0x48, 0x01, 0x60, 0x41, 0xc3, 0x81, 
	0xe3, 0xc1, 0xe3, 0x41, 0xb9, 0xc1, 0x88, 0x01, 
	0x88, 0x01, 0x90, 0x01, 0xa0, 0x01, 0x88, 0x01, 
	0x00, 0x01, 0x00, 0x0f, 0xad, 0x77, 0x00, 0x15, 
	0x88, 0x41, 0xed, 0x41, 0x00, 0x01, 0x00, 0x01, 
	0x00, 0x01, 0xed, 0x41, 0x68, 0x01, 0x28, 0x01, 
	0x00, 0x01, 0x00, 0x01, 0x00, 0x01, 0x00, 0x01, 
	0x00, 0x01, 0x00, 0x01, 0x00, 0x01, 0x00, 0x01, 
	0xb0, 0x01, 0xe0, 0x81, 0xd0, 0x81, 0xb9, 0x01, 
	0x8a, 0x49, 0xdd, 0x5f, 0xd4, 0xd9, 0x50, 0x01, 
	0x30, 0x01, 0x40, 0x01, 0x50, 0x01, 0xa5, 0x2f, 
	0xb5, 0x2b, 0x50, 0x43, 0x28, 0x01, 0x30, 0x01, 
	0x30, 0x01, 0x38, 0x01, 0x40, 0x01, 0x40, 0x01, 
	0x40, 0x01, 0x38, 0x01, 0x28, 0x01, 0x28, 0x01, 
	0x30, 0x01, 0x38, 0x01, 0x30, 0x01, 0x59, 0x0d, 
	0x94, 0xef, 0xad, 0x71, 0x69, 0x0b, 0x20, 0x01, 
	0x51, 0x91, 0x8b, 0x5d, 0xa3, 0x47, 0xe4, 0x41, 
	0xe3, 0x81, 0xb1, 0x81, 0x90, 0x01, 0x90, 0x01, 
	0x90, 0x01, 0x98, 0x01, 0xa8, 0x01, 0xc0, 0xc1, 
	0x30, 0x01, 0x00, 0x05, 0x00, 0x0d, 0x00, 0x01, 
	0x88, 0x41, 0xed, 0x41, 0x00, 0x01, 0x00, 0x01, 
	0x00, 0x01, 0xed, 0x41, 0x68, 0x01, 0xb0, 0x01, 
	0x88, 0x01, 0x00, 0x01, 0x00, 0x01, 0x00, 0x01, 
	0x00, 0x01, 0x00, 0x01, 0x00, 0x01, 0x68, 0x01, 
	0xe0, 0x81, 0xd0, 0x81, 0xd1, 0x01, 0xd1, 0x41, 
	0x79, 0x01, 0x93, 0x8f, 0xee, 0x63, 0x89, 0xc5, 
	0x38, 0x01, 0x71, 0x91, 0x58, 0x01, 0x94, 0x23, 
	0x9c, 0xa5, 0x38, 0x01, 0x38, 0x01, 0x60, 0x01, 
	0x68, 0x01, 0x48, 0x01, 0x40, 0x01, 0x40, 0x01, 
	0x40, 0x01, 0x40, 0x01, 0x50, 0x01, 0x58, 0x01, 
	0x40, 0x01, 0x38, 0x01, 0x38, 0x01, 0x50, 0x01, 
	0x9c, 0xab, 0xad, 0x2b, 0x50, 0x01, 0x30, 0x01, 
	0x58, 0xcb, 0x94, 0xa5, 0xc4, 0x51, 0xec, 0x43, 
	0xba, 0x81, 0x90, 0x81, 0x90, 0x01, 0x90, 0x01, 
	0x98, 0x01, 0x98, 0x01, 0xa0, 0x01, 0xc1, 0x01, 
	0x48, 0x01, 0x00, 0x01, 0x00, 0x01, 0x00, 0x01, 
	0x88, 0x41, 0xed, 0x41, 0x00, 0x01, 0x00, 0x01, 
	0x00, 0x01, 0xed, 0x41, 0x60, 0x01, 0x98, 0x01, 
	0xd9, 0x41, 0x58, 0x01, 0x00, 0x01, 0x00, 0x01, 
	0x00, 0x01, 0x00, 0x01, 0x08, 0x01, 0xb8, 0x81, 
	0xd8, 0xc1, 0xd0, 0xc1, 0xd0, 0xc1, 0xd9, 0x01, 
	0x90, 0x81, 0x79, 0xc3, 0xdd, 0x1d, 0xd4, 0x53, 
	0x69, 0x47, 0x8c, 0x25, 0x48, 0x01, 0x68, 0xc9, 
	0x82, 0xd9, 0x58, 0x01, 0x98, 0x01, 0xb8, 0x01, 
	0xb0, 0x01, 0x90, 0x01, 0x48, 0x01, 0x38, 0x01, 
	0x38, 0x01, 0x80, 0x01, 0xb0, 0x01, 0xb0, 0x01, 
	0x90, 0x01, 0x60, 0x01, 0x38, 0x01, 0x40, 0x01, 
	0x94, 0x65, 0x8b, 0x5f, 0x30, 0x01, 0x38, 0x01, 
	0x40, 0x01, 0x92, 0x47, 0xe4, 0x49, 0xdb, 0x81, 
	0xaa, 0x81, 0xaa, 0x41, 0x98, 0xc1, 0x90, 0x01, 
	0x90, 0x01, 0x98, 0x01, 0xa8, 0x01, 0xc0, 0x81, 
	0x68, 0x01, 0x00, 0x01, 0x00, 0x01, 0x00, 0x01, 
	0x88, 0x41, 0xed, 0x41, 0x00, 0x01, 0x00, 0x01, 
	0x00, 0x01, 0xed, 0x41, 0x60, 0x01, 0x90, 0x01, 
	0xd9, 0x01, 0xc8, 0x81, 0x28, 0x01, 0x00, 0x01, 
	0x00, 0x01, 0x00, 0x01, 0x80, 0x01, 0xe0, 0xc1, 
	0xd0, 0xc1, 0xd0, 0xc1, 0xd0, 0x81, 0xc9, 0x41, 
	0xb3, 0x09, 0xa3, 0xcf, 0xcc, 0x97, 0xed, 0x5b, 
	0x9c, 0x59, 0x7b, 0x5f, 0x40, 0x01, 0x38, 0x01, 
	0x40, 0x01, 0x90, 0x01, 0xb8, 0x01, 0xa8, 0x01, 
	0xa8, 0x01, 0xa0, 0x01, 0x60, 0x01, 0x50, 0x01, 
	0x50, 0x01, 0x90, 0x01, 0xa8, 0x01, 0xa0, 0x01, 
	0xb0, 0x01, 0x98, 0x01, 0x50, 0x01, 0x30, 0x01, 
	0x69, 0x4d, 0x58, 0x01, 0x69, 0x0b, 0x60, 0xcb, 
	0x48, 0x01, 0xba, 0xc1, 0xeb, 0xc1, 0xba, 0xc1, 
	0xb2, 0xc1, 0xb2, 0xc1, 0xa9, 0xc1, 0x90, 0x01, 
	0x90, 0x01, 0x98, 0x01, 0xa0, 0x01, 0xc0, 0x01, 
	0x80, 0x01, 0x00, 0x01, 0x00, 0x01, 0x00, 0x01, 
	0x88, 0x41, 0xed, 0x41, 0x00, 0x01, 0x00, 0x01, 
	0x00, 0x01, 0xed, 0x41, 0x60, 0x01, 0x88, 0x01, 
	0xc8, 0xc1, 0xe1, 0x01, 0x88, 0x01, 0x00, 0x01, 
	0x00, 0x01, 0x38, 0x01, 0xd0, 0x81, 0xd8, 0xc1, 
	0xc8, 0x81, 0xd0, 0x81, 0xc0, 0xc1, 0xbb, 0x8f, 
	0xcd, 0x63, 0xbc, 0x9d, 0xac, 0x13, 0xe5, 0x19, 
	0xd5, 0x1d, 0x60, 0x83, 0x38, 0x01, 0x38, 0x01, 
	0x68, 0x01, 0xa0, 0x01, 0x91, 0xd1, 0x89, 0x0b, 
	0x90, 0x01, 0x98, 0x01, 0x90, 0x01, 0x88, 0x01, 
	0x88, 0x01, 0x98, 0x01, 0x98, 0x01, 0x98, 0x01, 
	0xa0, 0x01, 0x9a, 0x15, 0x60, 0xcb, 0x38, 0x01, 
	0x30, 0x01, 0x38, 0x01, 0x8b, 0xa1, 0x8c, 0x65, 
	0x91, 0xc1, 0xe3, 0xc1, 0xcb, 0x01, 0xb2, 0xc1, 
	0xbb, 0x01, 0xaa, 0x41, 0xaa, 0x41, 0xa1, 0x01, 
	0x90, 0x01, 0x90, 0x01, 0x90, 0x01, 0xb8, 0x01, 
	0x90, 0x01, 0x00, 0x01, 0x00, 0x01, 0x00, 0x01, 
	0x88, 0x41, 0xed, 0x41, 0x00, 0x01, 0x00, 0x01, 
	0x00, 0x01, 0xed, 0x41, 0x60, 0x01, 0x78, 0x01, 
	0xb0, 0x41, 0xc8, 0x81, 0xb8, 0x41, 0x20, 0x01, 
	0x00, 0x01, 0x98, 0x81, 0xe0, 0xc1, 0xc8, 0x81, 
	0xd0, 0x81, 0xd0, 0xc1, 0xba, 0x41, 0xbc, 0x9f, 
	0xcd, 0x23, 0xc4, 0xe1, 0xa4, 0x17, 0xcc, 0x99, 
	0xed, 0x9f, 0x78, 0x81, 0x30, 0x01, 0x40, 0x01, 
	0x88, 0x01, 0x90, 0x03, 0x95, 0x31, 0x9a, 0x99, 
	0x98, 0x01, 0x98, 0x01, 0xa0, 0x01, 0xa0, 0x01, 
	0xa0, 0x01, 0x98, 0x01, 0x98, 0x01, 0x98, 0x01, 
	0x98, 0x01, 0x89, 0xd1, 0x8c, 0x65, 0x50, 0x01, 
	0x38, 0x01, 0x38, 0x01, 0x83, 0x21, 0xa4, 0xa5, 
	0xd4, 0x03, 0xdb, 0x41, 0xaa, 0xc1, 0xbb, 0x85, 
	0xbb, 0x01, 0xb2, 0x81, 0xaa, 0x41, 0xaa, 0x01, 
	0x90, 0x01, 0x88, 0x01, 0x90, 0x01, 0xb0, 0x01, 
	0x88, 0x01, 0x00, 0x01, 0x00, 0x01, 0x00, 0x01, 
	0x88, 0x41, 0xed, 0x41, 0x00, 0x01, 0x00, 0x01, 
	0x00, 0x01, 0xed, 0x41, 0x58, 0x01, 0x68, 0x01, 
	0xa8, 0x01, 0xa8, 0x01, 0xa8, 0x01, 0x48, 0x01, 
	0x70, 0x41, 0xd9, 0x01, 0xd0, 0x81, 0xd0, 0xc1, 
	0xd0, 0xc1, 0xc9, 0x41, 0xc4, 0x57, 0xc5, 0x23, 
	0xc4, 0xe1, 0xc4, 0xe1, 0xbc, 0x9f, 0xc4, 0x99, 
	0xed, 0xdf, 0x9a, 0x89, 0x30, 0x01, 0x50, 0x01, 
	0x88, 0x01, 0x93, 0x5f, 0x9e, 0x39, 0xa2, 0x99, 
	0x98, 0x01, 0x98, 0x01, 0x98, 0x01, 0x98, 0x01, 
	0x98, 0x01, 0x98, 0x01, 0x98, 0x01, 0x98, 0x01, 
	0x98, 0x01, 0x88, 0x01, 0x9c, 0xa9, 0x7a, 0x15, 
	0x38, 0x01, 0x38, 0x01, 0x7a, 0x97, 0xbc, 0x0d, 
	0xeb, 0x41, 0xc2, 0x81, 0xab, 0x45, 0xd4, 0x09, 
	0xc3, 0x01, 0xb2, 0x81, 0xb2, 0x41, 0xaa, 0x41, 
	0xa1, 0xc1, 0x90, 0x01, 0x90, 0x01, 0x98, 0x01, 
	0x90, 0x01, 0x00, 0x01, 0x00, 0x01, 0x00, 0x01, 
	0x88, 0x41, 0xed, 0x41, 0x00, 0x01, 0x00, 0x01, 
	0x00, 0x01, 0xed, 0x41, 0x58, 0x01, 0x28, 0x01, 
	0x88, 0x01, 0x88, 0x01, 0x88, 0x01, 0x98, 0x81, 
	0xc9, 0x41, 0xd0, 0xc1, 0xc8, 0x81, 0xd0, 0xc1, 
	0xc9, 0x01, 0xaa, 0x89, 0xbc, 0xe3, 0xcc, 0xe1, 
	0xc4, 0xe1, 0xcc, 0xe1, 0xc4, 0x9f, 0xb4, 0x57, 
	0xe5, 0x5d, 0xd4, 0x55, 0x50, 0x01, 0x48, 0x01, 
	0x88, 0x89, 0x9d, 0x31, 0x9d, 0xb5, 0x92, 0x99, 
	0x90, 0x01, 0x98, 0x01, 0x98, 0x01, 0x98, 0x01, 
	0x98, 0x01, 0x98, 0x01, 0x98, 0x01, 0x98, 0x01, 
	0x98, 0x01, 0x90, 0x01, 0x94, 0x23, 0x94, 0xeb, 
	0x58, 0x01, 0x38, 0x01, 0x81, 0x01, 0xdb, 0x81, 
	0xda, 0xc1, 0xa2, 0x81, 0xc4, 0x4d, 0xdc, 0x49, 
	0xcb, 0x41, 0xba, 0xc1, 0xb2, 0x41, 0xaa, 0x41, 
	0xaa, 0x41, 0x98, 0xc1, 0x88, 0x01, 0x90, 0x01, 
	0xb8, 0x01, 0x20, 0x01, 0x00, 0x01, 0x00, 0x01, 
	0x88, 0x41, 0xed, 0x41, 0x00, 0x01, 0x00, 0x01, 
	0x00, 0x01, 0xed, 0x41, 0x58, 0x01, 0x00, 0x01, 
	0x78, 0x01, 0x80, 0x01, 0x90, 0x01, 0xc1, 0x01, 
	0xd1, 0x01, 0xc8, 0x81, 0xc8, 0x81, 0xc8, 0x81, 
	0xa1, 0x01, 0xac, 0x5b, 0xc4, 0xe3, 0xc4, 0xa1, 
	0xc4, 0xe1, 0xcc, 0xe1, 0xcc, 0xdf, 0xa4, 0x57, 
	0xc4, 0x9b, 0xed, 0x9f, 0x89, 0xc3, 0x40, 0x01, 
	0x8a, 0x9b, 0x9d, 0x73, 0xa5, 0x73, 0x91, 0x4d, 
	0x90, 0x01, 0x98, 0x01, 0x98, 0x01, 0x98, 0x01, 
	0x98, 0x01, 0x98, 0x01, 0x98, 0x01, 0x98, 0x01, 
	0x98, 0x01, 0x90, 0x01, 0x93, 0xa3, 0xa5, 0xf5, 
	0x68, 0xc9, 0x38, 0x01, 0x99, 0x41, 0xe3, 0x81, 
	0xc2, 0xc1, 0xab, 0x87, 0xe4, 0x93, 0xdc, 0x4b, 
	0xcb, 0x83, 0xba, 0xc1, 0xb2, 0x81, 0xaa, 0x41, 
	0xaa, 0x41, 0xa1, 0x81, 0x98, 0x01, 0x98, 0x01, 
	0xc0, 0x01, 0x70, 0x01, 0x00, 0x01, 0x00, 0x01, 
	0x88, 0x41, 0xed, 0x41, 0x00, 0x01, 0x00, 0x01, 
	0x00, 0x01, 0xed, 0x41, 0x58, 0x01, 0x00, 0x01, 
	0x70, 0x01, 0x78, 0x01, 0x88, 0x01, 0xc1, 0x41, 
	0xd0, 0x81, 0xc8, 0x81, 0xc8, 0x81, 0xc0, 0x81, 
	0xaa, 0xcb, 0xc5, 0x23, 0xc4, 0xe1, 0xbc, 0xa1, 
	0xb4, 0x9f, 0xbc, 0x9f, 0xcc, 0xe1, 0xb4, 0x5b, 
	0xac, 0x5b, 0xe5, 0xa1, 0xab, 0x8d, 0x30, 0x01, 
	0x8c, 0x67, 0xa5, 0x73, 0xad, 0xb3, 0x99, 0x0b, 
	0x90, 0x01, 0x98, 0x01, 0x98, 0x01, 0x98, 0x01, 
	0x98, 0x01, 0x98, 0x01, 0x98, 0x01, 0x98, 0x01, 
	0x98, 0x01, 0x90, 0x01, 0x9b, 0xa3, 0xa5, 0xf5, 
	0x83, 0x5d, 0x60, 0x41, 0xc2, 0x81, 0xe3, 0x01, 
	0xa2, 0x81, 0xbc, 0x4f, 0xec, 0x91, 0xdc, 0x07, 
	0xd3, 0xc3, 0xcb, 0x41, 0xc3, 0x01, 0xb2, 0x41, 
	0xaa, 0x41, 0xa2, 0x41, 0x98, 0x81, 0x98, 0x01, 
	0xb0, 0x01, 0xb8, 0x01, 0x8a, 0x0f, 0x29, 0x91, 
	0x88, 0x41, 0xed, 0x41, 0x00, 0x01, 0x00, 0x01, 
	0x00, 0x01, 0xed, 0x41, 0x58, 0x01, 0x00, 0x01, 
	0x78, 0x01, 0x80, 0x81, 0x91, 0x01, 0xd0, 0xc1, 
	0xc8, 0x81, 0xc8, 0x81, 0xc8, 0x41, 0xb0, 0xc1, 
	0xb4, 0x59, 0xcd, 0x23, 0xcc, 0xe1, 0xcc, 0xe1, 
	0xac, 0x5b, 0x9c, 0x59, 0xbc, 0xa1, 0xc4, 0x9f, 
	0x94, 0x19, 0xbc, 0x9b, 0xcc, 0x95, 0x39, 0x03, 
	0x6b, 0x5f, 0x8c, 0x65, 0x6a, 0xd7, 0x80, 0x01, 
	0x88, 0x01, 0x88, 0x01, 0x88, 0x01, 0x88, 0x01, 
	0x88, 0x01, 0x60, 0x01, 0x58, 0x01, 0x88, 0x01, 
	0x90, 0x01, 0x90, 0x01, 0x93, 0xe5, 0x9d, 0xb5, 
	0x94, 0xed, 0x92, 0xc5, 0xdb, 0x01, 0xca, 0x81, 
	0x81, 0xc1, 0xc4, 0x4f, 0xec, 0x8d, 0xdc, 0x07, 
	0xdc, 0x05, 0xd3, 0xc3, 0xc3, 0x01, 0xaa, 0x41, 
	0xba, 0xc1, 0xb2, 0xc1, 0x90, 0xc1, 0x98, 0x01, 
	0xa8, 0x01, 0xb8, 0x01, 0xc2, 0x05, 0xc5, 0xe9, 
	0x88, 0x41, 0xed, 0x41, 0x00, 0x01, 0x00, 0x01, 
	0x00, 0x01, 0xed, 0x41, 0x58, 0x01, 0x8a, 0xcf, 
	0xc5, 0xa9, 0xcd, 0x23, 0xca, 0x43, 0xc8, 0x41, 
	0xc8, 0x41, 0xc0, 0x41, 0xc0, 0x41, 0xb1, 0x41, 
	0xbc, 0x9d, 0xc4, 0xe3, 0xc4, 0xe1, 0xcc, 0xe1, 
	0xcc, 0xdf, 0xc4, 0x9f, 0xbc, 0x9f, 0xb4, 0x9d, 
	0x93, 0xd7, 0xb4, 0x59, 0xed, 0x5d, 0x9b, 0x4b, 
	0x7a, 0x05, 0x8a, 0x89, 0x9b, 0x07, 0xab, 0xcd, 
	0xbc, 0x51, 0xc4, 0x4d, 0xcc, 0x4d, 0xcc, 0x51, 
	0xcc, 0x51, 0xb4, 0x0d, 0xa3, 0xcd, 0xab, 0x8f, 
	0xb1, 0x01, 0x88, 0x81, 0x83, 0xe1, 0x94, 0xef, 
	0x8c, 0x63, 0xb3, 0x01, 0xe3, 0x41, 0xaa, 0x01, 
	0x89, 0xc1, 0xdc, 0x51, 0xec, 0x93, 0xd4, 0x0b, 
	0xc3, 0x01, 0xb2, 0x81, 0xb2, 0x41, 0xba, 0xc1, 
	0xc3, 0x41, 0xc3, 0x81, 0xb2, 0x41, 0xa8, 0x01, 
	0xa8, 0x01, 0xb0, 0x01, 0x98, 0x01, 0x71, 0x45, 
	0x88, 0x01, 0xed, 0x41, 0x00, 0x01, 0x00, 0x01, 
	0x00, 0x01, 0xed, 0x41, 0x58, 0x01, 0xce, 0x2f, 
	0xef, 0x7b, 0xdc, 0xe1, 0xc9, 0x41, 0xd0, 0x81, 
	0xc0, 0x41, 0xc0, 0x41, 0xb8, 0x41, 0xaa, 0x01, 
	0xc4, 0xe1, 0xc4, 0xe3, 0xc4, 0xe1, 0xc4, 0xe1, 
	0xcc, 0xe1, 0xcc, 0xe1, 0xcc, 0xe1, 0xb4, 0x9d, 
	0xa4, 0x5b, 0xcc, 0x99, 0xed, 0x17, 0xec, 0xd1, 
	0xec, 0x8f, 0xec, 0xd3, 0xed, 0x15, 0xed, 0x15, 
	0xed, 0x15, 0xed, 0x11, 0xec, 0xd3, 0xec, 0x91, 
	0xec, 0x91, 0xec, 0x8d, 0xec, 0x8d, 0xec, 0x8d, 
	0xec, 0x8b, 0xdc, 0x49, 0xbc, 0x53, 0x93, 0xd9, 
	0x93, 0x07, 0xcb, 0x01, 0xdb, 0x41, 0x89, 0xc1, 
	0x92, 0x85, 0xd4, 0x4d, 0xbb, 0x85, 0xb2, 0xc1, 
	0xaa, 0x41, 0xb2, 0x81, 0xc3, 0x01, 0xcb, 0x81, 
	0xd3, 0xc5, 0xdc, 0x47, 0xc3, 0x83, 0xa0, 0xc1, 
	0xa0, 0x01, 0xa8, 0x01, 0x98, 0x01, 0x38, 0x01, 
	0x88, 0x01, 0xed, 0x41, 0x00, 0x01, 0x00, 0x01, 
	0x00, 0x01, 0xed, 0x41, 0x58, 0x01, 0xc5, 0xed, 
	0xe6, 0xf7, 0xc3, 0xd5, 0xc8, 0xc1, 0xc8, 0x41, 
	0xb8, 0x41, 0xc0, 0x41, 0xb0, 0x41, 0x92, 0x47, 
	0xcd, 0x23, 0xc4, 0xe3, 0xc4, 0xe1, 0xcc, 0xe1, 
	0xcc, 0xe1, 0xc4, 0xe1, 0xcc, 0xe3, 0xbc, 0x9f, 
	0x94, 0x19, 0xcc, 0x9b, 0xec, 0xd7, 0xec, 0xd5, 
	0xec, 0xd3, 0xec, 0xd3, 0xec, 0xd3, 0xec, 0xd1, 
	0xec, 0xd3, 0xec, 0x8f, 0xec, 0x4d, 0xe4, 0x09, 
	0xe4, 0x09, 0xe4, 0x05, 0xec, 0x05, 0xe3, 0xc3, 
	0xe3, 0xc1, 0xec, 0x05, 0xec, 0x47, 0xe3, 0xc3, 
	0xdb, 0x41, 0xe3, 0x41, 0xe3, 0x01, 0x79, 0x41, 
	0x41, 0x43, 0xab, 0x49, 0xc3, 0x01, 0xc3, 0x01, 
	0xc3, 0x01, 0xc3, 0x41, 0xc3, 0x41, 0xcb, 0x83, 
	0xd3, 0xc3, 0xdc, 0x05, 0xcc, 0x05, 0x99, 0x41, 
	0x98, 0x01, 0xa0, 0x01, 0x98, 0x01, 0x18, 0x01, 
	0x88, 0x01, 0xed, 0x41, 0x00, 0x01, 0x00, 0x01, 
	0x00, 0x01, 0xed, 0x41, 0x58, 0x01, 0xc5, 0xed, 
	0xd6, 0x71, 0xba, 0x49, 0xd0, 0x41, 0xc0, 0x41, 
	0xb8, 0x41, 0xc0, 0x41, 0xa0, 0x41, 0x7a, 0x07, 
	0xbc, 0x9f, 0xd5, 0x23, 0xcc, 0xe1, 0xc4, 0xe1, 
	0xc4, 0xe1, 0xc4, 0xe1, 0xcc, 0xe1, 0xbc, 0x9f, 
	0x93, 0xd7, 0xa4, 0x59, 0xdd, 0x1f, 0xd4, 0xdd, 
	0xdc, 0xd9, 0xe4, 0xd7, 0xe4, 0xd5, 0xe4, 0xd5, 
	0xec, 0xd3, 0xe4, 0x4d, 0xdc, 0x4f, 0xe4, 0x4d, 
	0xe4, 0x4d, 0xe4, 0x49, 0xeb, 0xc3, 0xeb, 0xc1, 
	0xeb, 0xc1, 0xe3, 0x81, 0xe3, 0x41, 0xe3, 0x81, 
	0xe3, 0x41, 0xe3, 0x01, 0xda, 0xc1, 0x81, 0x81, 
	0x8b, 0x55, 0xe4, 0xdb, 0xe4, 0x49, 0xdc, 0x05, 
	0xd3, 0xc3, 0xd3, 0xc3, 0xcb, 0x41, 0xcb, 0x41, 
	0xd3, 0x83, 0xd3, 0xc3, 0xcb, 0x81, 0xaa, 0x01, 
	0x98, 0x01, 0x90, 0x01, 0x90, 0x01, 0x00, 0x01, 
	0x88, 0x01, 0xed, 0x41, 0x00, 0x01, 0x00, 0x01, 
	0x00, 0x01, 0xed, 0x41, 0x60, 0x01, 0xc6, 0x31, 
	0xd5, 0xa9, 0xc1, 0x41, 0xd0, 0x41, 0xc0, 0x81, 
	0xb8, 0x01, 0xb8, 0x01, 0xa8, 0xc1, 0xac, 0x15, 
	0xac, 0x5d, 0xb4, 0x9d, 0xcc, 0xe1, 0xc4, 0xe1, 
	0xc4, 0xe1, 0xc4, 0xe1, 0xcc, 0xe1, 0xcc, 0xe1, 
	0xac, 0x5d, 0x93, 0xd7, 0xc4, 0x9f, 0xd4, 0xdf, 
	0xd4, 0xdb, 0xdc, 0xd9, 0xdc, 0xd9, 0xe4, 0xd9, 
	0xe4, 0xd7, 0xdc, 0x97, 0xd4, 0x97, 0xcc, 0x95, 
	0xcc, 0x95, 0xd4, 0x51, 0xe4, 0x07, 0xe3, 0x81, 
	0xe3, 0x41, 0xe3, 0x41, 0xe3, 0x81, 0xe3, 0x41, 
	0xdb, 0x01, 0xe3, 0x41, 0xd3, 0x01, 0x92, 0x41, 
	0xac, 0x5d, 0xed, 0x1b, 0xe4, 0x4b, 0xdc, 0x49, 
	0xdc, 0x05, 0xd3, 0xc3, 0xcb, 0x81, 0xd3, 0x83, 
	0xd3, 0xc5, 0xc3, 0x01, 0xb2, 0x81, 0xba, 0x81, 
	0xa8, 0x41, 0x88, 0x01, 0x90, 0x01, 0x00, 0x01, 
	0x88, 0x01, 0xed, 0x41, 0x00, 0x01, 0x00, 0x01, 
	0x00, 0x01, 0xed, 0x41, 0x60, 0x01, 0xce, 0x2f, 
	0x9a, 0x03, 0x90, 0x01, 0x90, 0x01, 0x80, 0x01, 
	0x78, 0x01, 0x88, 0x01, 0x78, 0x01, 0x8a, 0x01, 
	0x8a, 0x85, 0x58, 0xc1, 0x71, 0xc1, 0x92, 0x85, 
	0x92, 0xc7, 0x92, 0xc7, 0x92, 0xc7, 0x93, 0x09, 
	0x92, 0xc9, 0x8a, 0x47, 0x79, 0xc3, 0x8a, 0x43, 
	0xaa, 0xc1, 0xb3, 0x01, 0xbb, 0x01, 0xb3, 0x03, 
	0xa3, 0x47, 0x9b, 0x49, 0x8a, 0x43, 0x50, 0xc1, 
	0x50, 0xc1, 0x61, 0x01, 0xb2, 0x41, 0xc1, 0x81, 
	0xc8, 0xc1, 0xc0, 0x81, 0xc0, 0xc1, 0xb9, 0x01, 
	0xb9, 0x41, 0xb9, 0x41, 0xa0, 0x41, 0x80, 0x41, 
	0x9b, 0x91, 0xbb, 0xcf, 0xcb, 0x83, 0xca, 0x81, 
	0xba, 0x01, 0xb9, 0xc1, 0xb1, 0x81, 0xa0, 0xc1, 
	0x90, 0x01, 0x88, 0x01, 0x88, 0x01, 0x90, 0x01, 
	0x78, 0x01, 0x50, 0x01, 0x48, 0x01, 0x00, 0x01, 
	0x88, 0x01, 0xed, 0x41, 0x00, 0x01, 0x00, 0x01, 
	0x00, 0x01, 0xef, 0x55, 0x60, 0x01, 0x78, 0x41, 
	0x88, 0x41, 0x90, 0x81, 0x98, 0xc1, 0x98, 0xc1, 
	0x98, 0xc1, 0x98, 0xc1, 0x98, 0xc1, 0x98, 0xc1, 
	0x98, 0xc1, 0x98, 0xc1, 0x98, 0xc1, 0x98, 0xc1, 
	0x98, 0xc1, 0x98, 0xc1, 0x98, 0xc1, 0x98, 0xc1, 
	0x98, 0xc1, 0x98, 0xc1, 0x98, 0xc1, 0x98, 0xc1, 
	0x98, 0xc1, 0x98, 0xc1, 0x98, 0xc1, 0x98, 0xc1, 
	0x98, 0x81, 0x98, 0x81, 0x98, 0x81, 0x98, 0x81, 
	0x98, 0x81, 0x98, 0x81, 0x98, 0x81, 0x98, 0x81, 
	0x98, 0x81, 0x90, 0x81, 0x90, 0x81, 0x90, 0x81, 
	0x98, 0x81, 0x98, 0x81, 0x98, 0x81, 0x98, 0x81, 
	0x98, 0x81, 0x98, 0x81, 0x98, 0x81, 0x98, 0x81, 
	0x98, 0xc1, 0x98, 0xc1, 0x98, 0xc1, 0x98, 0xc1, 
	0x98, 0xc1, 0x98, 0xc1, 0x98, 0xc1, 0xa0, 0xc1, 
	0x98, 0xc1, 0x98, 0xc1, 0x90, 0x81, 0x88, 0x41, 
	0x88, 0x01, 0xef, 0x55, 0x00, 0x01, 0x00, 0x01, 
	0x00, 0x01, 0xef, 0x55, 0xed, 0x41, 0xed, 0x41, 
	0xed, 0x41, 0xed, 0x41, 0xed, 0x41, 0xed, 0x41, 
	0xed, 0x81, 0xed, 0x81, 0xed, 0x81, 0xed, 0x41, 
	0xed, 0x41, 0xed, 0x41, 0xed, 0x41, 0xed, 0x41, 
	0xed, 0x41, 0xed, 0x41, 0xed, 0x41, 0xed, 0x41, 
	0xed, 0x41, 0xed, 0x41, 0xed, 0x41, 0xed, 0x41, 
	0xed, 0x41, 0xed, 0x81, 0xed, 0x81, 0xed, 0x81, 
	0xed, 0x41, 0xed, 0x41, 0xed, 0x41, 0xed, 0x41, 
	0xed, 0x41, 0xed, 0x41, 0xed, 0x41, 0xed, 0x41, 
	0xed, 0x81, 0xed, 0x81, 0xed, 0x81, 0xed, 0x81, 
	0xed, 0x81, 0xed, 0x81, 0xed, 0x81, 0xed, 0x41, 
	0xed, 0x41, 0xed, 0x81, 0xed, 0x81, 0xed, 0x81, 
	0xed, 0x81, 0xed, 0x81, 0xed, 0x81, 0xed, 0x81, 
	0xed, 0x81, 0xed, 0x81, 0xed, 0x41, 0xed, 0x41, 
	0xed, 0x41, 0xed, 0x41, 0xed, 0x41, 0xed, 0x41, 
	0xef, 0x55, 0xef, 0x55, 0x00, 0x01, 0x00, 0x01, 
	0x00, 0x01, 0x00, 0x01, 0x00, 0x01, 0x00, 0x01, 
	0x00, 0x01, 0x00, 0x01, 0x00, 0x01, 0x00, 0x01, 
	0x00, 0x01, 0x00, 0x01, 0x00, 0x01, 0x00, 0x01, 
	0x00, 0x01, 0x00, 0x01, 0x00, 0x01, 0x00, 0x01, 
	0x00, 0x01, 0x00, 0x01, 0x00, 0x01, 0x00, 0x01, 
	0x00, 0x01, 0x00, 0x01, 0x00, 0x01, 0x00, 0x01, 
	0x00, 0x01, 0x00, 0x01, 0x00, 0x01, 0x00, 0x01, 
	0x00, 0x01, 0x00, 0x01, 0x00, 0x01, 0x00, 0x01, 
	0x00, 0x01, 0x00, 0x01, 0x00, 0x01, 0x00, 0x01, 
	0x00, 0x01, 0x00, 0x01, 0x00, 0x01, 0x00, 0x01, 
	0x00, 0x01, 0x00, 0x01, 0x00, 0x01, 0x00, 0x01, 
	0x00, 0x01, 0x00, 0x01, 0x00, 0x01, 0x00, 0x01, 
	0x00, 0x01, 0x00, 0x01, 0x00, 0x01, 0x00, 0x01, 
	0x00, 0x01, 0x00, 0x01, 0x00, 0x01, 0x00, 0x01, 
	0x00, 0x01, 0x00, 0x01, 0x00, 0x01, 0x00, 0x01, 
	0x00, 0x01, 0x00, 0x01, 0x00, 0x01, 0x00, 0x01, 
	0x00, 0x01, 0x00, 0x01, 0x00, 0x01, 0x00, 0x01, 
	0x00, 0x01, 0x00, 0x01, 0x00, 0x01, 0x00, 0x01, 
	0x00, 0x01, 0x00, 0x01, 0x00, 0x01, 0x00, 0x01, 
	0x00, 0x01, 0x00, 0x01, 0x00, 0x01, 0x00, 0x01, 
	0x00, 0x01, 0x00, 0x01, 0x00, 0x01, 0x00, 0x01, 
	0x00, 0x01, 0x00, 0x01, 0x00, 0x01, 0x00, 0x01, 
	0x00, 0x01, 0x00, 0x01, 0x00, 0x01, 0x00, 0x01, 
	0x00, 0x01, 0x00, 0x01, 0x00, 0x01, 0x00, 0x01, 
	0x00, 0x01, 0x00, 0x01, 0x00, 0x01, 0x00, 0x01, 
	0x00, 0x01, 0x00, 0x01, 0x00, 0x01, 0x00, 0x01, 
	0x00, 0x01, 0x00, 0x01, 0x00, 0x01, 0x00, 0x01, 
	0x00, 0x01, 0x00, 0x01, 0x00, 0x01, 0x00, 0x01, 
	0x00, 0x01, 0x00, 0x01, 0x00, 0x01, 0x00, 0x01, 
	0x00, 0x01, 0x00, 0x01, 0x00, 0x01, 0x00, 0x01, 
	0x00, 0x01, 0x00, 0x01, 0x00, 0x01, 0x00, 0x01, 
	0x00, 0x01, 0x00, 0x01, 0x00, 0x01, 0x00, 0x01, 
	
};

Gfx ttc_dl_wood_real_ci8_aligner[] = {gsSPEndDisplayList()};
u8 ttc_dl_wood_real_ci8[] = {
	0x00, 0x00, 0x00, 0x00, 0x01, 0x02, 0x03, 0x04, 
	0x04, 0x02, 0x02, 0x05, 0x06, 0x06, 0x06, 0x02, 
	0x04, 0x07, 0x08, 0x09, 0x0a, 0x0b, 0x0b, 0x03, 
	0x03, 0x0c, 0x0d, 0x0a, 0x0d, 0x0d, 0x00, 0x0d, 
	0x06, 0x0e, 0x0e, 0x0f, 0x10, 0x0f, 0x11, 0x11, 
	0x10, 0x12, 0x13, 0x14, 0x15, 0x0b, 0x09, 0x09, 
	0x09, 0x06, 0x06, 0x16, 0x17, 0x18, 0x19, 0x1a, 
	0x1b, 0x1c, 0x1d, 0x1d, 0x0d, 0x1e, 0x1e, 0x1f, 
	0x20, 0x21, 0x22, 0x13, 0x23, 0x23, 0x24, 0x23, 
	0x20, 0x25, 0x26, 0x03, 0x27, 0x27, 0x00, 0x28, 
	0x01, 0x06, 0x12, 0x03, 0x10, 0x10, 0x0f, 0x10, 
	0x10, 0x02, 0x0d, 0x0b, 0x0b, 0x04, 0x29, 0x0e, 
	0x2a, 0x0d, 0x2b, 0x2c, 0x2d, 0x03, 0x02, 0x00, 
	0x0d, 0x0b, 0x0d, 0x01, 0x0b, 0x2e, 0x00, 0x0b, 
	0x28, 0x0d, 0x28, 0x0b, 0x05, 0x10, 0x2f, 0x10, 
	0x10, 0x02, 0x02, 0x02, 0x05, 0x05, 0x30, 0x05, 
	0x0d, 0x2e, 0x0b, 0x0d, 0x05, 0x05, 0x05, 0x27, 
	0x0d, 0x0b, 0x0b, 0x2e, 0x04, 0x05, 0x00, 0x12, 
	0x06, 0x06, 0x0d, 0x1e, 0x0d, 0x0d, 0x01, 0x0d, 
	0x31, 0x31, 0x32, 0x32, 0x32, 0x32, 0x32, 0x0a, 
	0x0f, 0x0e, 0x0f, 0x0f, 0x26, 0x0f, 0x33, 0x0e, 
	0x0f, 0x17, 0x17, 0x34, 0x17, 0x35, 0x17, 0x36, 
	0x0a, 0x00, 0x0d, 0x37, 0x36, 0x37, 0x00, 0x0c, 
	0x38, 0x39, 0x12, 0x0c, 0x26, 0x06, 0x06, 0x12, 
	0x12, 0x05, 0x0d, 0x2e, 0x1e, 0x09, 0x32, 0x3a, 
	0x0a, 0x3b, 0x3c, 0x3b, 0x3b, 0x08, 0x3b, 0x32, 
	0x32, 0x0f, 0x00, 0x1e, 0x32, 0x3b, 0x32, 0x3d, 
	0x0a, 0x18, 0x04, 0x0d, 0x2e, 0x05, 0x05, 0x06, 
	0x0d, 0x31, 0x12, 0x2f, 0x05, 0x02, 0x14, 0x2a, 
	0x0b, 0x09, 0x0b, 0x3e, 0x3f, 0x40, 0x30, 0x28, 
	0x30, 0x41, 0x28, 0x2e, 0x14, 0x39, 0x05, 0x3e, 
	0x09, 0x09, 0x42, 0x3e, 0x43, 0x0d, 0x0d, 0x02, 
	0x3e, 0x42, 0x3e, 0x0d, 0x10, 0x12, 0x0f, 0x0f, 
	0x12, 0x01, 0x12, 0x0f, 0x03, 0x02, 0x05, 0x12, 
	0x06, 0x04, 0x04, 0x0d, 0x27, 0x27, 0x0d, 0x2e, 
	0x1e, 0x1a, 0x08, 0x27, 0x0d, 0x14, 0x3e, 0x09, 
	0x03, 0x0c, 0x0c, 0x0c, 0x03, 0x27, 0x0b, 0x44, 
	0x0b, 0x0d, 0x02, 0x14, 0x0b, 0x02, 0x02, 0x03, 
	0x06, 0x12, 0x06, 0x09, 0x3a, 0x3a, 0x0d, 0x0d, 
	0x0d, 0x05, 0x05, 0x03, 0x02, 0x03, 0x03, 0x03, 
	0x04, 0x44, 0x44, 0x0b, 0x05, 0x06, 0x43, 0x44, 
	0x05, 0x10, 0x12, 0x10, 0x06, 0x06, 0x12, 0x0f, 
	0x0f, 0x10, 0x10, 0x10, 0x10, 0x02, 0x02, 0x00, 
	0x0b, 0x45, 0x46, 0x45, 0x0b, 0x44, 0x44, 0x0b, 
	0x06, 0x01, 0x04, 0x17, 0x09, 0x04, 0x00, 0x18, 
	0x09, 0x09, 0x09, 0x08, 0x09, 0x04, 0x0d, 0x01, 
	0x01, 0x04, 0x14, 0x0b, 0x0a, 0x3a, 0x32, 0x32, 
	0x32, 0x09, 0x09, 0x47, 0x09, 0x00, 0x01, 0x04, 
	0x09, 0x09, 0x0a, 0x0a, 0x32, 0x48, 0x1e, 0x0a, 
	0x0b, 0x0b, 0x0b, 0x05, 0x36, 0x00, 0x07, 0x02, 
	0x01, 0x00, 0x00, 0x02, 0x02, 0x00, 0x0a, 0x48, 
	0x48, 0x49, 0x4a, 0x4b, 0x4b, 0x1e, 0x08, 0x3a, 
	0x1e, 0x4c, 0x48, 0x18, 0x18, 0x01, 0x32, 0x3b, 
	0x3b, 0x1e, 0x09, 0x1e, 0x3c, 0x32, 0x49, 0x1e, 
	0x3d, 0x1b, 0x3b, 0x4d, 0x32, 0x32, 0x0a, 0x0a, 
	0x1e, 0x1e, 0x1e, 0x1e, 0x32, 0x1e, 0x3b, 0x3b, 
	0x10, 0x26, 0x07, 0x0b, 0x17, 0x12, 0x10, 0x2d, 
	0x17, 0x10, 0x4e, 0x4f, 0x4e, 0x13, 0x33, 0x17, 
	0x17, 0x07, 0x3a, 0x50, 0x50, 0x48, 0x51, 0x52, 
	0x1b, 0x1b, 0x51, 0x1b, 0x18, 0x17, 0x25, 0x26, 
	0x0b, 0x42, 0x42, 0x09, 0x42, 0x2e, 0x14, 0x1e, 
	0x42, 0x1e, 0x03, 0x27, 0x0d, 0x0d, 0x3e, 0x0b, 
	0x07, 0x07, 0x02, 0x02, 0x05, 0x01, 0x0b, 0x09, 
	0x3a, 0x09, 0x3a, 0x3a, 0x18, 0x18, 0x18, 0x00, 
	0x3a, 0x0a, 0x3d, 0x18, 0x35, 0x53, 0x00, 0x17, 
	0x54, 0x20, 0x55, 0x26, 0x27, 0x07, 0x0a, 0x08, 
	0x1e, 0x3e, 0x56, 0x57, 0x58, 0x1c, 0x59, 0x0a, 
	0x2e, 0x43, 0x1c, 0x28, 0x5a, 0x3a, 0x0a, 0x07, 
	0x01, 0x28, 0x14, 0x15, 0x27, 0x05, 0x05, 0x26, 
	0x10, 0x12, 0x5b, 0x5c, 0x12, 0x11, 0x12, 0x03, 
	0x03, 0x27, 0x07, 0x18, 0x3d, 0x5d, 0x5e, 0x5f, 
	0x60, 0x61, 0x35, 0x34, 0x17, 0x17, 0x61, 0x35, 
	0x55, 0x17, 0x62, 0x01, 0x1e, 0x09, 0x1e, 0x42, 
	0x0b, 0x09, 0x09, 0x01, 0x0d, 0x01, 0x17, 0x2b, 
	0x2f, 0x03, 0x02, 0x16, 0x18, 0x63, 0x64, 0x19, 
	0x19, 0x61, 0x55, 0x02, 0x53, 0x65, 0x65, 0x0f, 
	0x17, 0x0d, 0x26, 0x66, 0x55, 0x29, 0x35, 0x53, 
	0x34, 0x3d, 0x00, 0x18, 0x3a, 0x0b, 0x27, 0x67, 
	0x05, 0x28, 0x31, 0x43, 0x68, 0x57, 0x46, 0x1c, 
	0x1c, 0x1e, 0x1c, 0x1c, 0x31, 0x00, 0x00, 0x01, 
	0x3e, 0x42, 0x14, 0x0b, 0x00, 0x04, 0x05, 0x05, 
	0x5a, 0x0b, 0x5a, 0x00, 0x2e, 0x31, 0x42, 0x42, 
	0x3e, 0x43, 0x56, 0x45, 0x3b, 0x69, 0x69, 0x49, 
	0x1d, 0x1c, 0x45, 0x4c, 0x1c, 0x48, 0x2e, 0x56, 
	0x03, 0x2e, 0x2e, 0x39, 0x15, 0x0c, 0x0c, 0x67, 
	0x03, 0x05, 0x17, 0x04, 0x01, 0x17, 0x03, 0x0d, 
	0x18, 0x07, 0x0b, 0x0b, 0x0b, 0x28, 0x0c, 0x05, 
	0x14, 0x0b, 0x0b, 0x2e, 0x14, 0x05, 0x0d, 0x09, 
	0x04, 0x00, 0x00, 0x0a, 0x0b, 0x01, 0x18, 0x0b, 
	0x18, 0x62, 0x0a, 0x1c, 0x09, 0x09, 0x44, 0x2e, 
	0x28, 0x3a, 0x09, 0x0b, 0x39, 0x30, 0x0b, 0x28, 
	0x14, 0x14, 0x01, 0x27, 0x14, 0x0c, 0x27, 0x2a, 
	0x07, 0x3d, 0x0a, 0x56, 0x32, 0x6a, 0x1d, 0x4d, 
	0x37, 0x1f, 0x09, 0x37, 0x32, 0x1f, 0x32, 0x44, 
	0x42, 0x3a, 0x00, 0x0d, 0x04, 0x02, 0x5b, 0x6b, 
	0x6c, 0x5b, 0x55, 0x25, 0x0a, 0x0a, 0x0a, 0x0a, 
	0x1e, 0x08, 0x64, 0x6d, 0x6e, 0x0e, 0x20, 0x55, 
	0x25, 0x26, 0x17, 0x3d, 0x0a, 0x1b, 0x08, 0x42, 
	0x09, 0x09, 0x09, 0x09, 0x09, 0x09, 0x1d, 0x1d, 
	0x42, 0x6f, 0x30, 0x3e, 0x09, 0x09, 0x3b, 0x32, 
	0x00, 0x04, 0x0a, 0x26, 0x00, 0x0d, 0x0d, 0x2d, 
	0x70, 0x03, 0x08, 0x3a, 0x3a, 0x51, 0x0b, 0x28, 
	0x04, 0x01, 0x27, 0x04, 0x04, 0x00, 0x1a, 0x71, 
	0x48, 0x09, 0x2e, 0x31, 0x2e, 0x0b, 0x2e, 0x0b, 
	0x0d, 0x56, 0x3e, 0x42, 0x0a, 0x09, 0x09, 0x28, 
	0x42, 0x1c, 0x57, 0x1c, 0x45, 0x57, 0x57, 0x1c, 
	0x3e, 0x44, 0x2e, 0x2e, 0x0d, 0x03, 0x03, 0x2a, 
	0x02, 0x05, 0x06, 0x02, 0x66, 0x26, 0x26, 0x06, 
	0x62, 0x19, 0x19, 0x63, 0x72, 0x65, 0x10, 0x25, 
	0x73, 0x18, 0x18, 0x0b, 0x0a, 0x3a, 0x0b, 0x0d, 
	0x00, 0x05, 0x03, 0x2f, 0x74, 0x75, 0x74, 0x74, 
	0x2d, 0x33, 0x0f, 0x26, 0x25, 0x62, 0x62, 0x62, 
	0x2e, 0x42, 0x1e, 0x51, 0x51, 0x32, 0x0d, 0x18, 
	0x07, 0x17, 0x0f, 0x29, 0x17, 0x17, 0x0d, 0x01, 
	0x27, 0x0c, 0x39, 0x28, 0x14, 0x0d, 0x0d, 0x0c, 
	0x44, 0x00, 0x0b, 0x01, 0x44, 0x0b, 0x42, 0x09, 
	0x26, 0x25, 0x18, 0x00, 0x36, 0x3d, 0x04, 0x04, 
	0x01, 0x02, 0x39, 0x76, 0x76, 0x0c, 0x0d, 0x02, 
	0x02, 0x55, 0x2f, 0x2f, 0x12, 0x2f, 0x2f, 0x2b, 
	0x03, 0x26, 0x25, 0x25, 0x29, 0x55, 0x29, 0x0f, 
	0x0b, 0x31, 0x31, 0x3e, 0x43, 0x43, 0x30, 0x30, 
	0x28, 0x77, 0x44, 0x44, 0x43, 0x44, 0x0d, 0x02, 
	0x0d, 0x02, 0x00, 0x00, 0x00, 0x1e, 0x43, 0x2e, 
	0x0d, 0x02, 0x04, 0x06, 0x3e, 0x3b, 0x18, 0x02, 
	0x06, 0x26, 0x10, 0x26, 0x02, 0x04, 0x04, 0x04, 
	0x04, 0x01, 0x04, 0x26, 0x26, 0x32, 0x3d, 0x08, 
	0x3b, 0x09, 0x1e, 0x1e, 0x3b, 0x0b, 0x78, 0x78, 
	0x00, 0x04, 0x06, 0x26, 0x26, 0x26, 0x17, 0x17, 
	
};

Gfx ttc_dl_wood_real_pal_rgba16_aligner[] = {gsSPEndDisplayList()};
u8 ttc_dl_wood_real_pal_rgba16[] = {
	0x6a, 0x4b, 0x72, 0x4d, 0x7a, 0x8f, 0x7a, 0xd1, 
	0x72, 0x8d, 0x72, 0x8f, 0x7a, 0xcf, 0x6a, 0x0b, 
	0x59, 0x87, 0x59, 0xc9, 0x62, 0x09, 0x62, 0x0b, 
	0x72, 0x91, 0x6a, 0x4d, 0x93, 0x51, 0x8b, 0x11, 
	0x83, 0x11, 0x8b, 0x53, 0x82, 0xd1, 0x93, 0x95, 
	0x62, 0x4d, 0x62, 0x4f, 0x72, 0x8b, 0x7a, 0x8d, 
	0x72, 0x4b, 0x72, 0x49, 0x59, 0xc5, 0x59, 0x85, 
	0x49, 0x87, 0x49, 0x85, 0x51, 0x87, 0x51, 0xc7, 
	0x93, 0x53, 0xa3, 0xd3, 0x93, 0x93, 0x9b, 0xd7, 
	0x9c, 0x17, 0x82, 0xcd, 0x82, 0xcf, 0x6a, 0x4f, 
	0x62, 0x0d, 0x8a, 0xcf, 0x72, 0x4f, 0x7a, 0x91, 
	0x7a, 0xd3, 0x8b, 0x55, 0x59, 0xcb, 0x83, 0x13, 
	0x5a, 0x0d, 0x51, 0xcb, 0x59, 0xc7, 0x8b, 0x13, 
	0x7a, 0x4b, 0x82, 0x8d, 0x6a, 0x49, 0x62, 0x07, 
	0x6a, 0x91, 0x6a, 0x8f, 0x61, 0xc9, 0x51, 0x85, 
	0x51, 0x45, 0x6a, 0x09, 0x51, 0x89, 0x41, 0x49, 
	0x49, 0xcb, 0x5a, 0x0f, 0x51, 0xc9, 0x49, 0x89, 
	0x5a, 0x0b, 0x41, 0x45, 0x39, 0x05, 0x5a, 0x09, 
	0x49, 0x45, 0x41, 0x03, 0x39, 0x01, 0x39, 0x03, 
	0x41, 0x05, 0x5a, 0x07, 0x93, 0x97, 0x93, 0x57, 
	0x49, 0x43, 0x61, 0xc7, 0x61, 0xc5, 0x7a, 0x8b, 
	0x8b, 0x0d, 0x8b, 0x0f, 0x49, 0x47, 0x41, 0x47, 
	0x49, 0x49, 0x59, 0x89, 0x6a, 0x0d, 0x93, 0x0f, 
	0x93, 0x0d, 0x82, 0x89, 0x8a, 0xcb, 0x93, 0x0b, 
	0x8a, 0x89, 0x82, 0x8b, 0x7a, 0xcd, 0x7a, 0x49, 
	0x6a, 0x07, 0x8a, 0xcd, 0x93, 0x11, 0x72, 0xd1, 
	0x49, 0x8b, 0x41, 0x43, 0x51, 0xc5, 0x9b, 0x93, 
	0x93, 0x91, 0x93, 0x4f, 0x9b, 0xd5, 0x52, 0x09, 
	0x83, 0x15, 0x41, 0x01, 0x92, 0xcb, 0x72, 0x09, 
	0x8b, 0x57, 0x8b, 0x15, 0x72, 0xd3, 0x41, 0x8b, 
	0x62, 0x4b, 
};

Gfx ttc_dl_nomaro_ci8_aligner[] = {gsSPEndDisplayList()};
u8 ttc_dl_nomaro_ci8[] = {
	0x00, 0x00, 0x00, 0x00, 0x00, 0x00, 0x00, 0x01, 
	0x01, 0x01, 0x00, 0x00, 0x00, 0x00, 0x00, 0x00, 
	0x00, 0x00, 0x00, 0x00, 0x00, 0x00, 0x01, 0x02, 
	0x02, 0x02, 0x01, 0x00, 0x00, 0x00, 0x00, 0x00, 
	0x00, 0x00, 0x00, 0x00, 0x01, 0x01, 0x03, 0x04, 
	0x05, 0x06, 0x02, 0x01, 0x00, 0x00, 0x00, 0x00, 
	0x00, 0x00, 0x01, 0x01, 0x07, 0x01, 0x08, 0x04, 
	0x05, 0x06, 0x01, 0x07, 0x01, 0x00, 0x00, 0x00, 
	0x00, 0x01, 0x01, 0x07, 0x09, 0x0a, 0x01, 0x0b, 
	0x05, 0x01, 0x0a, 0x09, 0x07, 0x01, 0x00, 0x00, 
	0x00, 0x01, 0x01, 0x01, 0x0a, 0x0c, 0x0d, 0x01, 
	0x01, 0x0d, 0x0c, 0x0a, 0x01, 0x01, 0x00, 0x00, 
	0x00, 0x00, 0x01, 0x01, 0x01, 0x0d, 0x0e, 0x0e, 
	0x0f, 0x0e, 0x0d, 0x01, 0x02, 0x01, 0x00, 0x00, 
	0x00, 0x01, 0x10, 0x11, 0x12, 0x01, 0x0d, 0x0e, 
	0x13, 0x0d, 0x01, 0x06, 0x06, 0x02, 0x01, 0x00, 
	0x01, 0x10, 0x10, 0x14, 0x14, 0x01, 0x0d, 0x0e, 
	0x13, 0x0d, 0x01, 0x15, 0x16, 0x06, 0x02, 0x01, 
	0x01, 0x10, 0x14, 0x14, 0x14, 0x01, 0x17, 0x0e, 
	0x18, 0x17, 0x01, 0x19, 0x15, 0x06, 0x06, 0x02, 
	0x01, 0x10, 0x1a, 0x1a, 0x01, 0x0d, 0x0e, 0x0f, 
	0x0e, 0x0e, 0x0d, 0x01, 0x15, 0x06, 0x06, 0x02, 
	0x00, 0x01, 0x10, 0x01, 0x0a, 0x0c, 0x0d, 0x01, 
	0x01, 0x0d, 0x0c, 0x0a, 0x01, 0x06, 0x02, 0x01, 
	0x00, 0x00, 0x01, 0x07, 0x09, 0x0a, 0x01, 0x10, 
	0x1b, 0x01, 0x0a, 0x09, 0x07, 0x01, 0x01, 0x00, 
	0x00, 0x00, 0x00, 0x01, 0x07, 0x01, 0x1c, 0x1b, 
	0x1d, 0x15, 0x01, 0x07, 0x01, 0x1e, 0x01, 0x00, 
	0x00, 0x00, 0x00, 0x00, 0x01, 0x01, 0x10, 0x15, 
	0x1c, 0x10, 0x01, 0x01, 0x01, 0x01, 0x00, 0x00, 
	0x00, 0x00, 0x00, 0x00, 0x00, 0x00, 0x01, 0x01, 
	0x01, 0x01, 0x00, 0x00, 0x00, 0x00, 0x00, 0x00, 
	
};

Gfx ttc_dl_nomaro_pal_rgba16_aligner[] = {gsSPEndDisplayList()};
u8 ttc_dl_nomaro_pal_rgba16[] = {
	0x00, 0x00, 0x00, 0x01, 0xd0, 0x85, 0xff, 0xfd, 
	0xff, 0xbd, 0x90, 0x43, 0xe0, 0x83, 0xfd, 0xa9, 
	0xff, 0xff, 0xfa, 0x57, 0xfc, 0x1b, 0xf6, 0x73, 
	0xf9, 0x4f, 0xfa, 0xcf, 0xf8, 0x49, 0xf9, 0x0d, 
	0xfe, 0x67, 0xf6, 0x23, 0xfe, 0xa7, 0xf8, 0x07, 
	0xf5, 0x9b, 0xf5, 0x99, 0xc0, 0x83, 0xfb, 0xd9, 
	0xf8, 0x05, 0xe4, 0x8f, 0xed, 0x17, 0xf5, 0xdb, 
	0xfe, 0x65, 0xed, 0x15, 0x79, 0xc7, 
};

Gfx ttc_dl_nolugi_ci8_aligner[] = {gsSPEndDisplayList()};
u8 ttc_dl_nolugi_ci8[] = {
	0x00, 0x00, 0x00, 0x00, 0x00, 0x00, 0x00, 0x01, 
	0x01, 0x01, 0x00, 0x00, 0x00, 0x00, 0x00, 0x00, 
	0x00, 0x00, 0x00, 0x00, 0x00, 0x00, 0x01, 0x02, 
	0x02, 0x02, 0x01, 0x00, 0x00, 0x00, 0x00, 0x00, 
	0x00, 0x00, 0x00, 0x00, 0x01, 0x01, 0x03, 0x04, 
	0x05, 0x06, 0x02, 0x01, 0x00, 0x00, 0x00, 0x00, 
	0x00, 0x00, 0x01, 0x01, 0x07, 0x01, 0x08, 0x04, 
	0x05, 0x06, 0x01, 0x07, 0x01, 0x00, 0x00, 0x00, 
	0x00, 0x01, 0x01, 0x07, 0x09, 0x0a, 0x01, 0x0b, 
	0x05, 0x01, 0x0a, 0x09, 0x07, 0x01, 0x00, 0x00, 
	0x00, 0x01, 0x01, 0x01, 0x0a, 0x0c, 0x0d, 0x01, 
	0x01, 0x0d, 0x0c, 0x0a, 0x01, 0x01, 0x00, 0x00, 
	0x00, 0x00, 0x01, 0x01, 0x01, 0x0d, 0x0e, 0x0e, 
	0x0f, 0x0e, 0x0d, 0x01, 0x02, 0x01, 0x00, 0x00, 
	0x00, 0x01, 0x10, 0x11, 0x12, 0x01, 0x0d, 0x0e, 
	0x13, 0x0d, 0x01, 0x06, 0x06, 0x02, 0x01, 0x00, 
	0x01, 0x10, 0x10, 0x14, 0x14, 0x01, 0x0d, 0x0e, 
	0x13, 0x0d, 0x01, 0x15, 0x16, 0x06, 0x02, 0x01, 
	0x01, 0x10, 0x14, 0x14, 0x14, 0x01, 0x17, 0x0e, 
	0x18, 0x17, 0x01, 0x19, 0x15, 0x06, 0x06, 0x02, 
	0x01, 0x10, 0x1a, 0x1a, 0x01, 0x0d, 0x0e, 0x0f, 
	0x0e, 0x0e, 0x0d, 0x01, 0x15, 0x06, 0x06, 0x02, 
	0x00, 0x01, 0x10, 0x01, 0x0a, 0x0c, 0x0d, 0x01, 
	0x01, 0x0d, 0x0c, 0x0a, 0x01, 0x06, 0x02, 0x01, 
	0x00, 0x00, 0x01, 0x07, 0x09, 0x0a, 0x01, 0x10, 
	0x1b, 0x01, 0x0a, 0x09, 0x07, 0x01, 0x01, 0x00, 
	0x00, 0x00, 0x00, 0x01, 0x07, 0x01, 0x1c, 0x1b, 
	0x1d, 0x15, 0x01, 0x07, 0x01, 0x1e, 0x01, 0x00, 
	0x00, 0x00, 0x00, 0x00, 0x01, 0x01, 0x10, 0x15, 
	0x1c, 0x10, 0x01, 0x01, 0x01, 0x01, 0x00, 0x00, 
	0x00, 0x00, 0x00, 0x00, 0x00, 0x00, 0x01, 0x01, 
	0x01, 0x01, 0x00, 0x00, 0x00, 0x00, 0x00, 0x00, 
	
};

Gfx ttc_dl_nolugi_pal_rgba16_aligner[] = {gsSPEndDisplayList()};
u8 ttc_dl_nolugi_pal_rgba16[] = {
	0x00, 0x00, 0x00, 0x01, 0x26, 0x85, 0xff, 0xfd, 
	0xff, 0xbd, 0x14, 0x83, 0x17, 0x03, 0xfd, 0xa9, 
	0xff, 0xff, 0xfa, 0x57, 0xfc, 0x1b, 0xf6, 0x73, 
	0xf9, 0x4f, 0xfa, 0xcf, 0xf8, 0x49, 0xf9, 0x0d, 
	0xfe, 0x67, 0xf6, 0x23, 0xfe, 0xa7, 0xf8, 0x07, 
	0xf5, 0x9b, 0xf5, 0x99, 0x16, 0x03, 0xfb, 0xd9, 
	0xf8, 0x05, 0xe4, 0x8f, 0xed, 0x17, 0xf5, 0xdb, 
	0xfe, 0x65, 0xed, 0x15, 0x79, 0xc7, 
};

Gfx ttc_dl_no_ci4_aligner[] = {gsSPEndDisplayList()};
u8 ttc_dl_no_ci4[] = {
	0x00, 0x00, 0x00, 0x00, 0x00, 0x00, 0x00, 0x00, 
	0x00, 0x00, 0x00, 0x00, 0x00, 0x00, 0x00, 0x00, 
	0x00, 0x00, 0x10, 0x00, 0x00, 0x01, 0x00, 0x00, 
	0x00, 0x01, 0x21, 0x00, 0x00, 0x12, 0x10, 0x00, 
	0x00, 0x12, 0x34, 0x10, 0x01, 0x43, 0x21, 0x00, 
	0x00, 0x01, 0x45, 0x61, 0x16, 0x54, 0x10, 0x00, 
	0x00, 0x00, 0x16, 0x77, 0x87, 0x61, 0x00, 0x00, 
	0x00, 0x00, 0x01, 0x67, 0x96, 0x10, 0x00, 0x00, 
	0x00, 0x00, 0x01, 0xa7, 0xba, 0x10, 0x00, 0x00, 
	0x00, 0x00, 0x16, 0x78, 0x77, 0x61, 0x00, 0x00, 
	0x00, 0x01, 0x45, 0x61, 0x16, 0x54, 0x10, 0x00, 
	0x00, 0x12, 0x34, 0x10, 0x01, 0x43, 0x21, 0x00, 
	0x00, 0x01, 0x21, 0x00, 0x00, 0x12, 0x10, 0x00, 
	0x00, 0x00, 0x10, 0x00, 0x00, 0x01, 0x00, 0x00, 
	0x00, 0x00, 0x00, 0x00, 0x00, 0x00, 0x00, 0x00, 
	0x00, 0x00, 0x00, 0x00, 0x00, 0x00, 0x00, 0x00, 
	
};

Gfx ttc_dl_no_pal_rgba16_aligner[] = {gsSPEndDisplayList()};
u8 ttc_dl_no_pal_rgba16[] = {
	0x00, 0x00, 0x00, 0x01, 0xfd, 0xa9, 0xfa, 0x57, 
	0xfc, 0x1b, 0xf9, 0x4f, 0xfa, 0xcf, 0xf8, 0x49, 
	0xf9, 0x0d, 0xf8, 0x07, 0xfb, 0xd9, 0xf8, 0x05, 
	
};

Gfx ttc_dl_niko_dream_painting_top_rgba16_aligner[] = {gsSPEndDisplayList()};
u8 ttc_dl_niko_dream_painting_top_rgba16[] = {
	0x2a, 0x1b, 0x2a, 0x1b, 0x2a, 0x1b, 0x2a, 0x1b, 
	0x2a, 0x1b, 0x2a, 0x1b, 0x2a, 0x1b, 0x2a, 0x1b, 
	0x2a, 0x1b, 0x2a, 0x1b, 0x2a, 0x1b, 0x2a, 0x1b, 
	0x2a, 0x1b, 0x2a, 0x1b, 0x2a, 0x1b, 0x2a, 0x1b, 
	0x2a, 0x1b, 0x2a, 0x1b, 0x2a, 0x1b, 0x2a, 0x1b, 
	0x2a, 0x1b, 0x2a, 0x1b, 0x2a, 0x1b, 0x2a, 0x1b, 
	0x2a, 0x1b, 0x2a, 0x1b, 0x2a, 0x1b, 0x2a, 0x1b, 
	0x2a, 0x1b, 0x2a, 0x1b, 0x2a, 0x1b, 0x2a, 0x1b, 
	0x2a, 0x1b, 0x2a, 0x1b, 0x2a, 0x1b, 0x2a, 0x1b, 
	0x2a, 0x1b, 0x2a, 0x1b, 0x2a, 0x1b, 0x2a, 0x1b, 
	0x2a, 0x1b, 0x2a, 0x1b, 0x2a, 0x1b, 0x2a, 0x1b, 
	0x2a, 0x1b, 0x2a, 0x1b, 0x2a, 0x1b, 0x2a, 0x1b, 
	0x2a, 0x1b, 0x2a, 0x1b, 0x2a, 0x1b, 0x2a, 0x1b, 
	0x2a, 0x1b, 0x2a, 0x1b, 0x2a, 0x1b, 0x2a, 0x1b, 
	0x2a, 0x1b, 0x2a, 0x1b, 0x2a, 0x1b, 0x2a, 0x1b, 
	0x2a, 0x19, 0x2a, 0x19, 0x2a, 0x1b, 0x00, 0x01, 
	0x2a, 0x1b, 0xe7, 0x7d, 0xa5, 0xfd, 0xa5, 0xfd, 
	0xa5, 0xfd, 0xa5, 0xfd, 0xa5, 0xfd, 0xa5, 0xfd, 
	0xa5, 0xfd, 0xa5, 0xfd, 0xa5, 0xfd, 0xa5, 0xfd, 
	0xa5, 0xfd, 0xa5, 0xfd, 0xa5, 0xfd, 0xa5, 0xfd, 
	0xa5, 0xfd, 0xa5, 0xfd, 0xa5, 0xfd, 0xa5, 0xfd, 
	0xa5, 0xfd, 0xa5, 0xfd, 0xa5, 0xfd, 0xa5, 0xfd, 
	0xa5, 0xfd, 0xa5, 0xfd, 0xa5, 0xfd, 0xa5, 0xfd, 
	0xa5, 0xfd, 0xa5, 0xfd, 0xa5, 0xfd, 0xa5, 0xfd, 
	0xa5, 0xfd, 0xa5, 0xfd, 0xa5, 0xfd, 0xa5, 0xfd, 
	0xa5, 0xfd, 0xa5, 0xfd, 0xa5, 0xfd, 0xa5, 0xfd, 
	0xa5, 0xfd, 0xa5, 0xfd, 0xa5, 0xfd, 0xa5, 0xfd, 
	0xa5, 0xfd, 0xa5, 0xfd, 0xa5, 0xfd, 0xa5, 0xfd, 
	0xa5, 0xfd, 0xa5, 0xfd, 0xa5, 0xfd, 0xa5, 0xfd, 
	0xa5, 0xfd, 0xa5, 0xfd, 0xa5, 0xfd, 0xa5, 0xfd, 
	0xa5, 0xfd, 0xa5, 0xfd, 0xa5, 0xfd, 0xa5, 0xfd, 
	0xc6, 0xbd, 0xc6, 0xbd, 0x2a, 0x19, 0x00, 0x01, 
	0x2a, 0x1b, 0xc6, 0xbd, 0x43, 0x25, 0x43, 0x25, 
	0x43, 0x25, 0x43, 0x25, 0x43, 0x25, 0x43, 0x25, 
	0x43, 0x25, 0x43, 0x25, 0x43, 0x25, 0x43, 0x25, 
	0x43, 0x25, 0x43, 0x25, 0x43, 0x25, 0x43, 0x25, 
	0x43, 0x25, 0x43, 0x25, 0x43, 0x25, 0x43, 0x25, 
	0x43, 0x25, 0x43, 0x25, 0x43, 0x25, 0x43, 0x25, 
	0x43, 0x25, 0x43, 0x25, 0x43, 0x25, 0x43, 0x25, 
	0x43, 0x25, 0x43, 0x25, 0x43, 0x25, 0x43, 0x25, 
	0x43, 0x25, 0x43, 0x25, 0x43, 0x25, 0x43, 0x25, 
	0x43, 0x25, 0x43, 0x25, 0x43, 0x25, 0x43, 0x25, 
	0x43, 0x25, 0x43, 0x25, 0x43, 0x25, 0x43, 0x25, 
	0x43, 0x25, 0x43, 0x25, 0x43, 0x25, 0x43, 0x25, 
	0x43, 0x25, 0x43, 0x25, 0x43, 0x25, 0x43, 0x25, 
	0x43, 0x25, 0x43, 0x25, 0x43, 0x25, 0x43, 0x25, 
	0x43, 0x25, 0x43, 0x25, 0x43, 0x25, 0x43, 0x25, 
	0x3a, 0xe5, 0xc6, 0xbd, 0x2a, 0x19, 0x00, 0x01, 
	0x2a, 0x1b, 0xa5, 0xfd, 0x43, 0x25, 0x11, 0x95, 
	0x11, 0x95, 0x11, 0xd5, 0x11, 0xd5, 0x11, 0xd5, 
	0x09, 0xd7, 0x09, 0xd7, 0x09, 0xd7, 0x09, 0xd7, 
	0x09, 0xd7, 0x09, 0xd7, 0x09, 0xd7, 0x09, 0xd7, 
	0x09, 0xd7, 0x09, 0xd7, 0x09, 0xd7, 0x11, 0xd7, 
	0x11, 0xd7, 0x11, 0xd7, 0x11, 0xd7, 0x11, 0xd7, 
	0x12, 0x17, 0x12, 0x57, 0x12, 0x57, 0x12, 0x97, 
	0x12, 0xd7, 0x12, 0xd7, 0x0a, 0xd7, 0x12, 0xd7, 
	0x12, 0x97, 0x12, 0x97, 0x12, 0x57, 0x12, 0x17, 
	0x12, 0x57, 0x11, 0xd7, 0x12, 0x17, 0x12, 0x17, 
	0x12, 0x17, 0x11, 0xd7, 0x11, 0xd7, 0x11, 0xd7, 
	0x11, 0xd7, 0x11, 0xd7, 0x11, 0xd7, 0x11, 0xd7, 
	0x11, 0xd7, 0x11, 0xd7, 0x11, 0xd7, 0x11, 0xd5, 
	0x11, 0xd5, 0x11, 0xd7, 0x09, 0xd7, 0x09, 0xd7, 
	0x09, 0x97, 0x01, 0xd7, 0x01, 0x97, 0x01, 0x97, 
	0x3a, 0xe5, 0xa5, 0xfd, 0x2a, 0x1b, 0x00, 0x01, 
	0x2a, 0x1b, 0xa5, 0xfd, 0x43, 0x25, 0x11, 0x95, 
	0x24, 0xb9, 0x1c, 0xbb, 0x1c, 0xbb, 0x14, 0xbb, 
	0x14, 0xbd, 0x0c, 0xbd, 0x0c, 0xbd, 0x14, 0xbb, 
	0x14, 0xbb, 0x14, 0xbb, 0x14, 0xbb, 0x24, 0xb9, 
	0x24, 0xb9, 0x2c, 0xb7, 0x2c, 0xb7, 0x2c, 0xb9, 
	0x2c, 0xb9, 0x2c, 0xf9, 0x2d, 0x39, 0x35, 0x79, 
	0x2f, 0x3d, 0x27, 0x7d, 0x27, 0x7d, 0x27, 0xbd, 
	0x27, 0xbd, 0x2f, 0xbd, 0x2f, 0xbd, 0x27, 0xbd, 
	0x27, 0x7d, 0x27, 0x7d, 0x27, 0x7d, 0x26, 0xfd, 
	0x2e, 0xbb, 0x2e, 0x3b, 0x35, 0xbb, 0x35, 0xb9, 
	0x2d, 0x39, 0x2c, 0xb9, 0x2c, 0xb9, 0x2c, 0xb9, 
	0x2c, 0xb9, 0x2c, 0xb9, 0x2c, 0xb9, 0x2c, 0xb9, 
	0x2c, 0xb9, 0x2c, 0xb9, 0x2c, 0xb9, 0x2c, 0xb9, 
	0x2c, 0xb9, 0x1c, 0xb9, 0x0c, 0x79, 0x0c, 0xbb, 
	0x0c, 0xbb, 0x0c, 0xbd, 0x0c, 0x7b, 0x01, 0x97, 
	0x3a, 0xe5, 0xa5, 0xfd, 0x2a, 0x19, 0x00, 0x01, 
	0x2a, 0x1b, 0xa5, 0xfd, 0x43, 0x25, 0x11, 0xd7, 
	0x24, 0xb9, 0x1c, 0xbb, 0x14, 0xbb, 0x14, 0xbd, 
	0x0c, 0xbd, 0x0c, 0xbd, 0x0c, 0xbd, 0x0c, 0xbd, 
	0x0c, 0xbd, 0x0c, 0xbd, 0x14, 0xbb, 0x14, 0xfd, 
	0x15, 0xbd, 0x25, 0xfd, 0x14, 0xfd, 0x2c, 0xb9, 
	0x2c, 0xf9, 0x2d, 0x39, 0x2d, 0x79, 0x26, 0xfb, 
	0x27, 0x7d, 0x27, 0xbd, 0x27, 0xbd, 0x27, 0xbd, 
	0x27, 0xbd, 0x27, 0xbd, 0x27, 0xbd, 0x27, 0xbd, 
	0x27, 0x7d, 0x27, 0x7d, 0x27, 0xbd, 0x27, 0x7d, 
	0x27, 0x3d, 0x2e, 0x3b, 0x2e, 0x3b, 0x25, 0xbb, 
	0x24, 0xf9, 0x24, 0xb9, 0x2c, 0xb9, 0x2c, 0xb9, 
	0x2c, 0xb9, 0x2c, 0xb9, 0x2c, 0xb9, 0x2c, 0xb9, 
	0x2c, 0xb9, 0x2c, 0xb9, 0x2c, 0xb9, 0x24, 0xb9, 
	0x24, 0xb9, 0x1c, 0xbb, 0x14, 0xbb, 0x0c, 0xbd, 
	0x0c, 0xbd, 0x0c, 0xbd, 0x0c, 0xbd, 0x01, 0x97, 
	0x3a, 0xe5, 0xa5, 0xfd, 0x2a, 0x1b, 0x00, 0x01, 
	0x2a, 0x1b, 0xa5, 0xfd, 0x43, 0x25, 0x11, 0x97, 
	0x1c, 0xbb, 0x14, 0xbb, 0x14, 0xbd, 0x0c, 0xbd, 
	0x0c, 0xbd, 0x0c, 0xbd, 0x0c, 0xbd, 0x0c, 0xbd, 
	0x0c, 0xbb, 0x0c, 0xbb, 0x14, 0xbb, 0x04, 0xbd, 
	0x0d, 0x3d, 0x15, 0x3d, 0x14, 0xfb, 0x24, 0xb9, 
	0x24, 0xf9, 0x25, 0xbb, 0x25, 0xfb, 0x26, 0xbb, 
	0x27, 0x7d, 0x27, 0xbd, 0x27, 0xbd, 0x27, 0xbd, 
	0x27, 0xbd, 0x37, 0x7d, 0x37, 0xbd, 0x47, 0x7d, 
	0x2f, 0xbd, 0x27, 0x7d, 0x27, 0x7d, 0x2f, 0x7d, 
	0x27, 0x7d, 0x1e, 0xfd, 0x16, 0xbd, 0x15, 0xfd, 
	0x14, 0xfb, 0x14, 0xb9, 0x0c, 0x77, 0x24, 0x79, 
	0x2c, 0xb9, 0x24, 0xb9, 0x24, 0xb9, 0x24, 0xb9, 
	0x24, 0xb9, 0x24, 0xb9, 0x1c, 0xb9, 0x1c, 0xbb, 
	0x14, 0x7b, 0x0c, 0xbd, 0x04, 0x7d, 0x04, 0x7d, 
	0x0c, 0x7d, 0x04, 0x7d, 0x04, 0x7d, 0x01, 0x97, 
	0x42, 0xe5, 0xa5, 0xfd, 0x2a, 0x19, 0x00, 0x01, 
	0x2a, 0x1b, 0xa5, 0xfd, 0x43, 0x25, 0x09, 0x97, 
	0x1c, 0xbb, 0x14, 0xbb, 0x14, 0xbd, 0x0c, 0xbd, 
	0x0c, 0xbd, 0x0c, 0xbd, 0x0c, 0xbd, 0x0c, 0xbd, 
	0x0c, 0xbd, 0x0c, 0xbd, 0x0c, 0xbd, 0x0c, 0xbd, 
	0x14, 0xbb, 0x0c, 0xbd, 0x0c, 0xfd, 0x15, 0x3d, 
	0x15, 0xbd, 0x0d, 0xfd, 0x16, 0x3d, 0x1f, 0x3d, 
	0x1f, 0xbd, 0x27, 0xbd, 0x2f, 0xbd, 0x37, 0xbd, 
	0x57, 0xbd, 0xb7, 0xbd, 0xaf, 0xbd, 0xb7, 0xbd, 
	0x67, 0xbd, 0x3f, 0xbd, 0x2f, 0xbd, 0x1f, 0xbd, 
	0x17, 0x3d, 0x16, 0xfd, 0x16, 0x7d, 0x05, 0xbd, 
	0x04, 0xbb, 0x0c, 0xbb, 0x04, 0x39, 0x0c, 0x39, 
	0x14, 0x39, 0x0c, 0x3b, 0x0c, 0x3b, 0x04, 0x7d, 
	0x04, 0x3d, 0x0c, 0x7d, 0x0c, 0x7d, 0x0c, 0xbd, 
	0x0c, 0x7d, 0x04, 0x7d, 0x04, 0x7d, 0x04, 0x7d, 
	0x04, 0x7d, 0x04, 0x7d, 0x04, 0x3b, 0x01, 0x97, 
	0x43, 0x25, 0xa5, 0xfd, 0x2a, 0x19, 0x00, 0x01, 
	0x2a, 0x1b, 0xa5, 0xfd, 0x43, 0x25, 0x09, 0x97, 
	0x1c, 0xbb, 0x1c, 0xbb, 0x14, 0xbb, 0x0c, 0xbd, 
	0x0c, 0xbd, 0x0c, 0xbd, 0x0c, 0xbd, 0x0c, 0xbd, 
	0x0c, 0xbd, 0x0c, 0xbd, 0x0c, 0xbd, 0x0c, 0xbd, 
	0x0c, 0xbd, 0x0c, 0xfd, 0x15, 0x3d, 0x15, 0x7d, 
	0x15, 0xfd, 0x16, 0x7d, 0x16, 0xfd, 0x1f, 0x7d, 
	0x27, 0xbd, 0x2f, 0xbd, 0x3f, 0xbd, 0x5f, 0xbd, 
	0x9f, 0xbd, 0xf7, 0xbd, 0xf7, 0xbd, 0xf7, 0xbd, 
	0x6f, 0xbd, 0x27, 0xbd, 0x1f, 0xbd, 0x0f, 0x7d, 
	0x17, 0x3d, 0x0e, 0xfd, 0x06, 0x7d, 0x05, 0xfd, 
	0x05, 0x7d, 0x04, 0xbb, 0x04, 0x7b, 0x04, 0x3b, 
	0x03, 0xf9, 0x03, 0xf9, 0x03, 0xf9, 0x03, 0xfb, 
	0x0c, 0x3b, 0x0c, 0x3b, 0x0c, 0x7b, 0x0c, 0x7d, 
	0x04, 0x7d, 0x04, 0x7d, 0x04, 0x7d, 0x04, 0x7d, 
	0x04, 0x7d, 0x04, 0x7d, 0x04, 0x3b, 0x01, 0x97, 
	0x42, 0xe5, 0xa5, 0xfd, 0x2a, 0x19, 0x00, 0x01, 
	0x2a, 0x1b, 0xa5, 0xfd, 0x43, 0x25, 0x09, 0x55, 
	0x14, 0x39, 0x14, 0xbb, 0x14, 0xbb, 0x14, 0xbb, 
	0x14, 0x7d, 0x0c, 0x7d, 0x0c, 0x7d, 0x0c, 0x7d, 
	0x0c, 0x7d, 0x0c, 0xbd, 0x0c, 0xbd, 0x0c, 0xbd, 
	0x0c, 0xbd, 0x0c, 0xbd, 0x0c, 0xfd, 0x15, 0x3d, 
	0x15, 0xbd, 0x16, 0x3d, 0x16, 0xfd, 0x17, 0x3d, 
	0x17, 0xbd, 0x17, 0xbd, 0x1f, 0xbd, 0x2f, 0xbd, 
	0x6f, 0xbd, 0xf7, 0xbd, 0xf7, 0xbd, 0xf7, 0xbd, 
	0x97, 0xbd, 0x57, 0xbd, 0x37, 0xbd, 0x1f, 0xbd, 
	0x17, 0xbd, 0x0e, 0xbd, 0x0e, 0x3d, 0x05, 0xfd, 
	0x05, 0x7d, 0x0c, 0xfd, 0x0c, 0xbd, 0x0c, 0x3b, 
	0x0b, 0xfb, 0x0b, 0xf9, 0x03, 0xf9, 0x03, 0xfb, 
	0x04, 0x3b, 0x0b, 0xfb, 0x0c, 0x3b, 0x04, 0x3b, 
	0x04, 0x7d, 0x04, 0x7d, 0x04, 0x7d, 0x04, 0x7d, 
	0x04, 0x3d, 0x04, 0x3d, 0x04, 0x3d, 0x01, 0x97, 
	0x43, 0x25, 0xa5, 0xfd, 0x2a, 0x19, 0x00, 0x01, 
	0x2a, 0x1b, 0xa5, 0xfd, 0x43, 0x25, 0x09, 0x55, 
	0x13, 0xf7, 0x14, 0x39, 0x14, 0x7b, 0x14, 0x7b, 
	0x14, 0x7d, 0x0c, 0x3d, 0x0c, 0x3d, 0x0c, 0x3d, 
	0x0c, 0x3d, 0x0c, 0x3d, 0x2e, 0x7d, 0x0c, 0x7d, 
	0x0c, 0x7d, 0x0c, 0x7d, 0x0c, 0xbd, 0x0c, 0xfd, 
	0x0d, 0x3d, 0x0d, 0x7d, 0x05, 0xfd, 0x06, 0x7d, 
	0x0e, 0xbd, 0x0f, 0x3d, 0x17, 0xbd, 0x37, 0xbd, 
	0x67, 0xbd, 0xc7, 0xbd, 0xe7, 0xbd, 0xa7, 0xbd, 
	0x6f, 0xbd, 0x47, 0xbd, 0x2f, 0xbd, 0x27, 0xbd, 
	0x27, 0xbd, 0x1f, 0x3d, 0x16, 0xbd, 0x16, 0x3d, 
	0x0d, 0x7d, 0x15, 0x3d, 0x26, 0xbd, 0x4f, 0x3d, 
	0x14, 0xbb, 0x0b, 0xfb, 0x0b, 0xf9, 0x03, 0xf9, 
	0x03, 0xf9, 0x03, 0xf9, 0x0b, 0xf9, 0x0c, 0x3b, 
	0x04, 0x3d, 0x04, 0x7d, 0x04, 0x3d, 0x03, 0xfb, 
	0x04, 0x3b, 0x03, 0xf9, 0x03, 0xb9, 0x01, 0x57, 
	0x43, 0x25, 0xa5, 0xfd, 0x2a, 0x19, 0x00, 0x01, 
	0x2a, 0x1b, 0xa5, 0xfd, 0x43, 0x25, 0x01, 0x13, 
	0x0a, 0xb1, 0x0b, 0x35, 0x0b, 0xb9, 0x0b, 0xb9, 
	0x0b, 0x39, 0x03, 0x7d, 0x03, 0xbd, 0x03, 0xbd, 
	0x03, 0xbd, 0x03, 0xbd, 0x0c, 0x3d, 0x03, 0xbd, 
	0x03, 0xfd, 0x03, 0xfd, 0x04, 0x7d, 0x04, 0xbd, 
	0x04, 0xbd, 0x04, 0xfd, 0x05, 0x7d, 0x0d, 0xfd, 
	0x0d, 0xfd, 0x16, 0xfd, 0x07, 0xbf, 0x07, 0x37, 
	0x16, 0xb3, 0x1f, 0xb7, 0x07, 0xf9, 0x6f, 0xbd, 
	0x3f, 0xbd, 0x3f, 0xbd, 0x27, 0xbd, 0x1f, 0x7d, 
	0x16, 0xbd, 0x16, 0x7d, 0x16, 0x3d, 0x15, 0xbd, 
	0x15, 0x7d, 0x15, 0x3d, 0x1d, 0x3d, 0x1d, 0x3d, 
	0x0c, 0x3b, 0x03, 0xfb, 0x0b, 0xb9, 0x03, 0xb9, 
	0x03, 0xb7, 0x03, 0x77, 0x0b, 0x77, 0x03, 0xb9, 
	0x03, 0x79, 0x03, 0xfb, 0x03, 0xb9, 0x0b, 0x37, 
	0x1d, 0x3d, 0x0b, 0xf9, 0x0a, 0x73, 0x00, 0xd5, 
	0x43, 0x25, 0xa5, 0xfd, 0x2a, 0x19, 0x00, 0x01, 
	0x2a, 0x1b, 0xa5, 0xfd, 0x43, 0x25, 0x00, 0x91, 
	0x09, 0x6b, 0x09, 0xad, 0x0a, 0x73, 0x02, 0x33, 
	0x01, 0xf3, 0x02, 0x33, 0x01, 0xf3, 0x02, 0x35, 
	0x02, 0xb9, 0x02, 0xfb, 0x03, 0x3d, 0x14, 0xbd, 
	0x1c, 0xfd, 0x03, 0x3d, 0x03, 0xbd, 0x03, 0xfd, 
	0x04, 0x7d, 0x04, 0xbd, 0x0c, 0xfd, 0x0d, 0x3d, 
	0x15, 0xfd, 0x06, 0xbf, 0x06, 0x35, 0x06, 0x6f, 
	0x6f, 0xb9, 0xd7, 0xb9, 0x57, 0xf9, 0x07, 0xff, 
	0x06, 0x35, 0x1f, 0x3d, 0x27, 0x7d, 0x1e, 0x7d, 
	0x15, 0x7d, 0x15, 0x3d, 0x0c, 0xfd, 0x0c, 0xfd, 
	0x0c, 0xbd, 0x0c, 0x3d, 0x13, 0xbd, 0x0b, 0x7d, 
	0x0b, 0xbb, 0x0b, 0x79, 0x0b, 0x37, 0x02, 0xf5, 
	0x03, 0x35, 0x0a, 0xb3, 0x0a, 0x73, 0x0a, 0x73, 
	0x0a, 0x73, 0x0a, 0x33, 0x09, 0xf1, 0x09, 0xb1, 
	0x0a, 0x73, 0x09, 0xaf, 0x01, 0xef, 0x00, 0xd3, 
	0x43, 0x25, 0xa5, 0xfd, 0x2a, 0x19, 0x00, 0x01, 
	0x2a, 0x1b, 0xa5, 0xfd, 0x43, 0x25, 0x00, 0x51, 
	0x08, 0xe9, 0x01, 0x2b, 0x01, 0x2d, 0x01, 0xb1, 
	0x01, 0x6f, 0x01, 0x2d, 0x01, 0x2f, 0x01, 0x71, 
	0x01, 0xb1, 0x01, 0xb1, 0x01, 0xb1, 0x0a, 0xb9, 
	0x0a, 0xf9, 0x02, 0xb9, 0x02, 0x77, 0x02, 0xb9, 
	0x0a, 0xfb, 0x0b, 0x3b, 0x0b, 0xbd, 0x14, 0x7d, 
	0x06, 0x3f, 0x05, 0xb7, 0x06, 0x7d, 0x06, 0xbf, 
	0x0e, 0xff, 0x2e, 0xfd, 0x27, 0xbd, 0x06, 0xb7, 
	0x06, 0xfb, 0x06, 0x79, 0x15, 0x3d, 0x1d, 0x3d, 
	0x14, 0xbd, 0x14, 0x7d, 0x13, 0xfd, 0x0b, 0x7d, 
	0x0a, 0xf9, 0x0a, 0xb9, 0x0a, 0xfb, 0x0a, 0xf9, 
	0x0a, 0xb7, 0x0a, 0x73, 0x0a, 0x73, 0x0a, 0x31, 
	0x09, 0xef, 0x09, 0xef, 0x09, 0x2d, 0x09, 0x6f, 
	0x09, 0xaf, 0x09, 0x2d, 0x08, 0xed, 0x09, 0x6d, 
	0x09, 0x2b, 0x01, 0xad, 0x01, 0xad, 0x00, 0x91, 
	0x43, 0x25, 0xa5, 0xfd, 0x2a, 0x19, 0x00, 0x01, 
	0x2a, 0x1b, 0xa5, 0xfd, 0x43, 0x25, 0x00, 0x4f, 
	0x00, 0x65, 0x00, 0x67, 0x00, 0xa9, 0x00, 0x69, 
	0x00, 0xab, 0x00, 0xab, 0x00, 0xeb, 0x12, 0x77, 
	0x00, 0xed, 0x00, 0xab, 0x00, 0x6b, 0x00, 0xeb, 
	0x01, 0x2d, 0x01, 0x2f, 0x01, 0x71, 0x01, 0x71, 
	0x09, 0xb3, 0x09, 0xf5, 0x12, 0x79, 0x04, 0xbf, 
	0x04, 0xb9, 0x05, 0x7b, 0x05, 0xbf, 0x05, 0xbf, 
	0x05, 0xbd, 0x05, 0xfd, 0x05, 0xff, 0x06, 0x3f, 
	0x05, 0xb7, 0x06, 0xbf, 0x0b, 0x7b, 0x13, 0xbd, 
	0x13, 0xbd, 0x12, 0xb9, 0x0a, 0x35, 0x0a, 0x77, 
	0x0a, 0x37, 0x09, 0xb1, 0x09, 0x71, 0x00, 0xed, 
	0x09, 0x2d, 0x09, 0x6d, 0x11, 0xaf, 0x09, 0x6d, 
	0x09, 0x6d, 0x09, 0x2d, 0x09, 0x2d, 0x09, 0x2d, 
	0x08, 0xeb, 0x08, 0xab, 0x08, 0xab, 0x09, 0xaf, 
	0x08, 0xe9, 0x08, 0xa7, 0x08, 0xa9, 0x00, 0x51, 
	0x43, 0x25, 0xa5, 0xfd, 0x2a, 0x19, 0x00, 0x01, 
	0x2a, 0x1b, 0xa5, 0xfd, 0x43, 0x25, 0x00, 0x4f, 
	0x00, 0x67, 0x00, 0x67, 0x00, 0x69, 0x00, 0x69, 
	0x00, 0x69, 0x00, 0x69, 0x00, 0xed, 0x09, 0x71, 
	0x03, 0x31, 0x03, 0x6f, 0x3c, 0xb9, 0x2c, 0xff, 
	0x00, 0xab, 0x00, 0xab, 0x08, 0xed, 0x08, 0xab, 
	0x08, 0xef, 0x08, 0xef, 0x11, 0x2f, 0x04, 0x3f, 
	0x04, 0x7f, 0x04, 0xbf, 0x04, 0xff, 0x04, 0xfb, 
	0x05, 0x3d, 0x05, 0xbf, 0x05, 0x3d, 0x05, 0xff, 
	0x05, 0xbd, 0x05, 0x7b, 0x09, 0xb3, 0x09, 0x71, 
	0x11, 0xb3, 0x19, 0xf5, 0x11, 0xb1, 0x09, 0x2f, 
	0x11, 0x2d, 0x11, 0x2f, 0x09, 0x2d, 0x08, 0xeb, 
	0x08, 0xab, 0x08, 0xeb, 0x09, 0x2d, 0x09, 0x2d, 
	0x09, 0x2b, 0x10, 0xeb, 0x08, 0xeb, 0x08, 0xeb, 
	0x08, 0xab, 0x08, 0xab, 0x08, 0xab, 0x08, 0xab, 
	0x08, 0xe9, 0x08, 0xe9, 0x08, 0xa9, 0x00, 0x51, 
	0x43, 0x25, 0xa5, 0xfd, 0x2a, 0x19, 0x00, 0x01, 
	0x2a, 0x1b, 0xa5, 0xfd, 0x43, 0x25, 0x00, 0x4f, 
	0x00, 0x67, 0x00, 0x67, 0x00, 0x67, 0x00, 0x6b, 
	0x00, 0x6b, 0x00, 0x6b, 0x00, 0x6b, 0x02, 0x1f, 
	0x02, 0xa9, 0x03, 0x71, 0x66, 0x3d, 0xf7, 0xbd, 
	0x65, 0xff, 0x08, 0x6b, 0x08, 0xab, 0x08, 0xab, 
	0x10, 0xab, 0x08, 0x6b, 0x08, 0x6b, 0x04, 0x7f, 
	0x04, 0x3f, 0x04, 0x7f, 0x03, 0xfd, 0x04, 0x3d, 
	0x04, 0x7d, 0x04, 0x7d, 0x04, 0x7d, 0x04, 0xff, 
	0x05, 0x3f, 0x04, 0x39, 0x19, 0x6f, 0x08, 0xeb, 
	0x08, 0xab, 0x11, 0x2d, 0x11, 0x2d, 0x10, 0xeb, 
	0x10, 0xe9, 0x10, 0xeb, 0x10, 0xeb, 0x10, 0xab, 
	0x08, 0xab, 0x08, 0xab, 0x08, 0xeb, 0x08, 0xeb, 
	0x08, 0xeb, 0x08, 0xab, 0x08, 0xeb, 0x08, 0xeb, 
	0x08, 0xab, 0x08, 0xab, 0x08, 0xab, 0x09, 0xad, 
	0x0a, 0x2f, 0x13, 0x73, 0x08, 0xa7, 0x00, 0x51, 
	0x43, 0x25, 0xa5, 0xfd, 0x2a, 0x19, 0x00, 0x01, 
	0x2a, 0x1b, 0xa5, 0xfd, 0x43, 0x25, 0x00, 0x4f, 
	0x00, 0x67, 0x00, 0x67, 0x00, 0x67, 0x00, 0x69, 
	0x00, 0x69, 0x00, 0x69, 0x01, 0x97, 0x02, 0xeb, 
	0x03, 0x31, 0x03, 0x2f, 0x0b, 0xf5, 0xa6, 0x7b, 
	0xcf, 0xbb, 0x1c, 0x31, 0x08, 0xab, 0x08, 0xab, 
	0x08, 0xab, 0x08, 0xab, 0x08, 0xeb, 0x03, 0xfb, 
	0x03, 0x35, 0x04, 0x7f, 0x03, 0xfd, 0x03, 0xfb, 
	0x03, 0xfd, 0x03, 0xfd, 0x03, 0xfb, 0x03, 0xff, 
	0x04, 0xbf, 0x10, 0xeb, 0x19, 0x2d, 0x11, 0x2b, 
	0x10, 0xe9, 0x10, 0xe9, 0x11, 0x2b, 0x11, 0x2b, 
	0x08, 0xeb, 0x08, 0xab, 0x08, 0xab, 0x10, 0xab, 
	0x10, 0xab, 0x08, 0xab, 0x08, 0xab, 0x08, 0xab, 
	0x08, 0xab, 0x08, 0xab, 0x08, 0xab, 0x08, 0xab, 
	0x08, 0xa9, 0x08, 0xa9, 0x08, 0xa9, 0x08, 0xa7, 
	0x12, 0xf1, 0x1c, 0xfb, 0x12, 0xf1, 0x08, 0x91, 
	0x43, 0x25, 0xa5, 0xfd, 0x2a, 0x19, 0x00, 0x01, 
	0x2a, 0x1b, 0xa5, 0xfd, 0x43, 0x25, 0x00, 0x4f, 
	0x00, 0x67, 0x00, 0x67, 0x00, 0x67, 0x00, 0x67, 
	0x00, 0x67, 0x01, 0xdb, 0x02, 0xed, 0x02, 0xed, 
	0x03, 0x31, 0x03, 0x77, 0x03, 0xb9, 0x03, 0x77, 
	0x13, 0xf7, 0x24, 0xf7, 0x04, 0x35, 0x08, 0xab, 
	0x08, 0xa9, 0x08, 0xab, 0x10, 0xeb, 0x5d, 0x7d, 
	0x02, 0x63, 0x03, 0xfd, 0x04, 0x3f, 0x03, 0xfd, 
	0x03, 0xfd, 0x03, 0xfd, 0x03, 0xff, 0x04, 0x7f, 
	0x04, 0x3f, 0x08, 0xeb, 0x10, 0xeb, 0x10, 0xeb, 
	0x10, 0xab, 0x08, 0xab, 0x08, 0xeb, 0x10, 0xeb, 
	0x10, 0xeb, 0x08, 0xe9, 0x08, 0xa9, 0x08, 0xa9, 
	0x08, 0xa9, 0x08, 0xe9, 0x08, 0xa9, 0x08, 0xa9, 
	0x08, 0xa9, 0x08, 0xa9, 0x08, 0xa9, 0x08, 0xa9, 
	0x08, 0xa9, 0x08, 0xa7, 0x08, 0xa7, 0x08, 0xa5, 
	0x09, 0x27, 0x13, 0x31, 0x08, 0xa5, 0x08, 0x4f, 
	0x43, 0x25, 0xa5, 0xfd, 0x2a, 0x19, 0x00, 0x01, 
	0x2a, 0x1b, 0xa5, 0xfd, 0x43, 0x25, 0x00, 0x4f, 
	0x00, 0x65, 0x00, 0x67, 0x00, 0x67, 0x00, 0x67, 
	0x02, 0x65, 0x03, 0x31, 0x03, 0x75, 0x03, 0x73, 
	0x03, 0xfb, 0x03, 0x75, 0x03, 0xfd, 0x04, 0x3f, 
	0x03, 0xff, 0x03, 0x77, 0x04, 0x79, 0x08, 0xa9, 
	0x08, 0xa9, 0x08, 0xe7, 0x08, 0xe5, 0x10, 0xe9, 
	0x08, 0xe9, 0x02, 0x65, 0x03, 0xfb, 0x03, 0xff, 
	0x04, 0x7f, 0x03, 0xfd, 0x04, 0xbf, 0x03, 0xff, 
	0x11, 0x29, 0x08, 0xa7, 0x08, 0xa9, 0x10, 0xe9, 
	0x02, 0xa9, 0x1a, 0xe5, 0x54, 0x2d, 0x3c, 0xb5, 
	0x10, 0xe9, 0x10, 0xe7, 0x08, 0xe7, 0x08, 0xa7, 
	0x08, 0xa7, 0x08, 0xa7, 0x08, 0xa7, 0x08, 0xa7, 
	0x08, 0xa7, 0x08, 0xa7, 0x08, 0xa7, 0x08, 0xa7, 
	0x08, 0xa7, 0x08, 0xa7, 0x08, 0xe5, 0x08, 0xa5, 
	0x08, 0xa5, 0x08, 0xa5, 0x08, 0xa5, 0x08, 0x4d, 
	0x43, 0x25, 0xa5, 0xfd, 0x2a, 0x19, 0x00, 0x01, 
	0x2a, 0x1b, 0xa5, 0xfd, 0x43, 0x25, 0x08, 0x4f, 
	0x08, 0x65, 0x00, 0x67, 0x00, 0x67, 0x00, 0x65, 
	0x02, 0x65, 0x03, 0xf7, 0x03, 0xfb, 0x03, 0xfb, 
	0x03, 0x77, 0x03, 0x2f, 0x02, 0xed, 0x03, 0xb9, 
	0x04, 0x7f, 0x04, 0x3f, 0x03, 0x75, 0x08, 0xa7, 
	0x08, 0xe7, 0x00, 0x99, 0x00, 0x9b, 0x08, 0xe7, 
	0x08, 0xa7, 0x08, 0xa7, 0x02, 0xed, 0x03, 0xb9, 
	0x04, 0x3f, 0x04, 0xbf, 0x04, 0xbf, 0x1c, 0x39, 
	0x10, 0xe7, 0x08, 0xa7, 0x08, 0xa5, 0x03, 0xf7, 
	0x3d, 0x7d, 0xcf, 0xbf, 0xf7, 0xbd, 0xef, 0xbd, 
	0x5e, 0x7f, 0x04, 0xbf, 0x08, 0xe7, 0x08, 0xa5, 
	0x08, 0xa5, 0x08, 0xa5, 0x08, 0xa5, 0x08, 0xa5, 
	0x08, 0xa5, 0x08, 0xa5, 0x08, 0xa5, 0x08, 0xa5, 
	0x08, 0xa5, 0x08, 0xe5, 0x08, 0xa5, 0x08, 0xa5, 
	0x08, 0xa5, 0x08, 0xa3, 0x08, 0xa3, 0x00, 0x4d, 
	0x43, 0x25, 0xa5, 0xfd, 0x2a, 0x19, 0x00, 0x01, 
	0x2a, 0x1b, 0xa5, 0xfd, 0x43, 0x25, 0x00, 0x4f, 
	0x08, 0xa3, 0x00, 0xa3, 0x00, 0xa3, 0x00, 0xa3, 
	0x0a, 0xeb, 0x03, 0xfb, 0x03, 0xfb, 0x03, 0xfb, 
	0x03, 0xff, 0x03, 0xfd, 0x03, 0xb9, 0x03, 0xb9, 
	0x04, 0x3f, 0x04, 0x7f, 0x03, 0xb9, 0x08, 0xa5, 
	0x08, 0x9d, 0x00, 0x57, 0x00, 0x59, 0x08, 0xa5, 
	0x08, 0xa5, 0x08, 0xa5, 0x08, 0xe5, 0x13, 0xb3, 
	0x45, 0x3b, 0x0b, 0xad, 0x13, 0x25, 0x1a, 0xa1, 
	0x33, 0x25, 0x3b, 0xa7, 0x13, 0x69, 0x1d, 0x7f, 
	0x56, 0x3f, 0x65, 0xff, 0x3c, 0xff, 0x1c, 0xbf, 
	0x04, 0x7f, 0x04, 0x7f, 0x08, 0xe5, 0x08, 0xa5, 
	0x08, 0xa5, 0x08, 0xa5, 0x08, 0xa5, 0x08, 0xa5, 
	0x08, 0xa5, 0x08, 0xa3, 0x08, 0xe5, 0x09, 0x65, 
	0x08, 0xe3, 0x08, 0xe3, 0x08, 0xa3, 0x08, 0xe3, 
	0x08, 0xa3, 0x08, 0xa3, 0x08, 0xa3, 0x00, 0x4d, 
	0x43, 0x25, 0xa5, 0xfd, 0x2a, 0x19, 0x00, 0x01, 
	0x2a, 0x1b, 0xa5, 0xfd, 0x43, 0x25, 0x00, 0x4d, 
	0x00, 0xa1, 0x00, 0xa3, 0x00, 0xa3, 0x00, 0x65, 
	0x01, 0x95, 0x03, 0x31, 0x02, 0xed, 0x03, 0x2f, 
	0x03, 0x75, 0x03, 0xfd, 0x03, 0xb9, 0x04, 0x3f, 
	0x04, 0x3f, 0x04, 0x3f, 0x03, 0xb9, 0x08, 0xa3, 
	0x00, 0x55, 0x00, 0x57, 0x00, 0x57, 0x08, 0x9f, 
	0x08, 0xa3, 0x08, 0xa3, 0x08, 0xe5, 0x0b, 0xad, 
	0x12, 0xdf, 0x1b, 0x63, 0x44, 0xef, 0x95, 0xf5, 
	0xbe, 0xb9, 0xb6, 0xb7, 0x7d, 0xb3, 0x25, 0x37, 
	0x04, 0xff, 0x04, 0x3f, 0x03, 0xfd, 0x03, 0x77, 
	0x03, 0x75, 0x03, 0xb9, 0x03, 0xfd, 0x08, 0xa3, 
	0x08, 0xa3, 0x08, 0xa3, 0x08, 0xa3, 0x08, 0xa3, 
	0x08, 0xa3, 0x08, 0xe5, 0x0a, 0x69, 0x12, 0xed, 
	0x3b, 0x2b, 0x0a, 0x27, 0x09, 0x65, 0x08, 0xe1, 
	0x08, 0xe1, 0x08, 0xa1, 0x08, 0xa1, 0x08, 0x4d, 
	0x43, 0x25, 0xa5, 0xfd, 0x2a, 0x19, 0x00, 0x01, 
	0x2a, 0x1b, 0xa5, 0xfd, 0x43, 0x25, 0x00, 0x4d, 
	0x00, 0xa1, 0x00, 0xa1, 0x00, 0xa1, 0x00, 0xa1, 
	0x01, 0xd9, 0x01, 0x97, 0x02, 0xa9, 0x02, 0x63, 
	0x02, 0xa9, 0x03, 0xb9, 0x03, 0x2f, 0x03, 0xfb, 
	0x04, 0x3f, 0x03, 0xfd, 0x08, 0xa1, 0x00, 0x5b, 
	0x00, 0x55, 0x00, 0x57, 0x00, 0x97, 0x00, 0x59, 
	0x08, 0xa1, 0x64, 0x6d, 0x02, 0x5b, 0x0b, 0x63, 
	0x14, 0xb3, 0x3e, 0x3f, 0x87, 0x7f, 0xef, 0xbd, 
	0xf7, 0xbd, 0xf7, 0xbd, 0xf7, 0xbd, 0x7f, 0xff, 
	0x37, 0x3d, 0x04, 0xbf, 0x03, 0x75, 0x03, 0x31, 
	0x03, 0x31, 0x03, 0x31, 0x03, 0x75, 0x08, 0xa1, 
	0x08, 0xa1, 0x08, 0xa1, 0x08, 0xa1, 0x08, 0xa1, 
	0x08, 0xa3, 0x13, 0xf3, 0x13, 0x6f, 0x12, 0xab, 
	0x64, 0xb1, 0x12, 0xed, 0x09, 0xa5, 0x08, 0xe1, 
	0x08, 0xa1, 0x08, 0xe1, 0x08, 0xe1, 0x08, 0x4d, 
	0x43, 0x25, 0xa5, 0xfd, 0x2a, 0x19, 0x00, 0x01, 
	0x2a, 0x1b, 0xa5, 0xfd, 0x43, 0x25, 0x00, 0x4d, 
	0x00, 0xa1, 0x00, 0xa1, 0x00, 0xa1, 0x00, 0x61, 
	0x08, 0xa1, 0x01, 0x97, 0x02, 0x1d, 0x02, 0xed, 
	0x03, 0x73, 0x03, 0xfb, 0x03, 0xb9, 0x03, 0x77, 
	0x03, 0xff, 0x02, 0x65, 0x08, 0xa1, 0x00, 0x55, 
	0x00, 0x57, 0x00, 0x99, 0x00, 0x99, 0x00, 0x57, 
	0x02, 0x65, 0x02, 0x1b, 0x04, 0xb3, 0x0d, 0xbf, 
	0x26, 0x3f, 0x3e, 0x3f, 0x56, 0xbf, 0x7e, 0xff, 
	0x8e, 0x7d, 0x7e, 0x3b, 0x4d, 0x7b, 0x1c, 0xfb, 
	0x26, 0x3d, 0x27, 0x3f, 0x03, 0xb5, 0x03, 0x31, 
	0x03, 0x31, 0x03, 0x2f, 0x02, 0xeb, 0x08, 0x61, 
	0x08, 0x9f, 0x08, 0xa1, 0x08, 0xa1, 0x08, 0xa1, 
	0x12, 0xab, 0x12, 0xed, 0x09, 0xe7, 0x0a, 0x27, 
	0x13, 0x6f, 0x12, 0xed, 0x0a, 0x69, 0x08, 0xe1, 
	0x08, 0xa1, 0x08, 0xa1, 0x08, 0xa1, 0x00, 0x4d, 
	0x43, 0x25, 0xa5, 0xfd, 0x2a, 0x19, 0x00, 0x01, 
	0x2a, 0x1b, 0xa5, 0xfd, 0x43, 0x25, 0x00, 0x4d, 
	0x00, 0xa1, 0x00, 0xa1, 0x00, 0xa1, 0x08, 0xa1, 
	0x00, 0xa1, 0x00, 0xa1, 0x01, 0x97, 0x01, 0x97, 
	0x02, 0x63, 0x03, 0xb9, 0x03, 0xfb, 0x03, 0x2f, 
	0x02, 0xed, 0x02, 0x1f, 0x09, 0x1f, 0x00, 0x57, 
	0x00, 0x57, 0x00, 0x99, 0x00, 0x99, 0x03, 0x6f, 
	0x02, 0x9f, 0x04, 0x73, 0x04, 0xb9, 0x04, 0x35, 
	0x03, 0xf3, 0x03, 0x71, 0x03, 0x2f, 0x02, 0xed, 
	0x02, 0xed, 0x02, 0xeb, 0x02, 0xeb, 0x02, 0xed, 
	0x03, 0x2f, 0x04, 0x35, 0x04, 0x73, 0x02, 0xa9, 
	0x02, 0xeb, 0x02, 0xeb, 0x02, 0xeb, 0x00, 0x55, 
	0x00, 0x55, 0x00, 0x55, 0x00, 0x57, 0x00, 0x9b, 
	0x0a, 0x27, 0x0a, 0xa7, 0x09, 0xa1, 0x09, 0xe1, 
	0x0a, 0xe7, 0x0a, 0x65, 0x12, 0xab, 0x08, 0xa1, 
	0x08, 0xa1, 0x08, 0xa1, 0x00, 0xa1, 0x00, 0x4d, 
	0x43, 0x25, 0xa5, 0xfd, 0x2a, 0x19, 0x00, 0x01, 
	0x2a, 0x1b, 0xa5, 0xfd, 0x43, 0x25, 0x00, 0x4d, 
	0x08, 0xa1, 0x08, 0xa1, 0x00, 0x61, 0x08, 0xa1, 
	0x00, 0xa1, 0x08, 0xa1, 0x00, 0xa1, 0x01, 0xdb, 
	0x0a, 0x1d, 0x03, 0x73, 0x03, 0x2f, 0x01, 0x97, 
	0x02, 0x1d, 0x01, 0x97, 0x0a, 0x1f, 0x4c, 0xb3, 
	0x1b, 0xad, 0x03, 0xf7, 0x03, 0xfb, 0x02, 0xe5, 
	0x03, 0xaf, 0x03, 0x2d, 0x02, 0xed, 0x02, 0xa9, 
	0x02, 0xa9, 0x02, 0xa9, 0x02, 0x65, 0x02, 0xa9, 
	0x02, 0xa9, 0x02, 0xa9, 0x02, 0xa9, 0x02, 0xa9, 
	0x02, 0xa9, 0x02, 0xa9, 0x03, 0xf5, 0x03, 0x65, 
	0x02, 0x65, 0x02, 0xeb, 0x02, 0xa9, 0x00, 0x55, 
	0x00, 0x55, 0x00, 0x55, 0x00, 0x55, 0x00, 0x55, 
	0x09, 0xe1, 0x0a, 0xe7, 0x09, 0x9f, 0x09, 0x9f, 
	0x0a, 0x65, 0x0a, 0x65, 0x09, 0xe1, 0x08, 0xe1, 
	0x08, 0x61, 0x08, 0x61, 0x08, 0xa1, 0x00, 0x4d, 
	0x43, 0x25, 0xa5, 0xfd, 0x2a, 0x19, 0x00, 0x01, 
	0x2a, 0x1b, 0xa5, 0xfd, 0x43, 0x25, 0x00, 0x0d, 
	0x08, 0xa1, 0x08, 0xa1, 0x08, 0xa1, 0x00, 0x9b, 
	0x00, 0x5d, 0x00, 0xa1, 0x00, 0xa1, 0x00, 0x59, 
	0x0b, 0x71, 0x03, 0x73, 0x02, 0xa9, 0x02, 0xa9, 
	0x02, 0x65, 0x02, 0xeb, 0x02, 0xa9, 0x02, 0xa9, 
	0x02, 0xa9, 0x02, 0x1f, 0x1a, 0xa1, 0x1b, 0x67, 
	0x02, 0xa9, 0x02, 0xa9, 0x02, 0x65, 0x02, 0x65, 
	0x02, 0x65, 0x02, 0xa9, 0x02, 0xed, 0x03, 0x2f, 
	0x03, 0x31, 0x03, 0x73, 0x03, 0x31, 0x03, 0x77, 
	0x03, 0x77, 0x02, 0xed, 0x03, 0x6d, 0x03, 0xed, 
	0x02, 0x65, 0x01, 0xdb, 0x00, 0x57, 0x00, 0x57, 
	0x00, 0x57, 0x00, 0x57, 0x00, 0x57, 0x00, 0x57, 
	0x09, 0x5f, 0x0a, 0xa5, 0x09, 0xe1, 0x09, 0xa1, 
	0x0a, 0x23, 0x0a, 0x23, 0x09, 0xa1, 0x00, 0x59, 
	0x08, 0x61, 0x08, 0x61, 0x08, 0x61, 0x00, 0x4d, 
	0x43, 0x25, 0xa5, 0xfd, 0x2a, 0x19, 0x00, 0x01, 
	0x2a, 0x1b, 0xa5, 0xfd, 0x43, 0x25, 0x00, 0x4d, 
	0x08, 0xa1, 0x08, 0xa1, 0x00, 0x5b, 0x00, 0x55, 
	0x00, 0x55, 0x00, 0x57, 0x00, 0x57, 0x00, 0x99, 
	0x5c, 0xb1, 0x02, 0x65, 0x02, 0x63, 0x02, 0xa9, 
	0x03, 0x73, 0x03, 0x77, 0x03, 0x73, 0x03, 0x31, 
	0x02, 0xeb, 0x02, 0x63, 0x12, 0x9f, 0x03, 0x2d, 
	0x02, 0xa9, 0x02, 0x65, 0x02, 0x65, 0x02, 0x65, 
	0x02, 0x65, 0x03, 0x31, 0x03, 0xff, 0x03, 0xfd, 
	0x03, 0xb9, 0x03, 0x73, 0x03, 0x75, 0x03, 0xff, 
	0x03, 0x75, 0x03, 0xfd, 0x03, 0x75, 0x13, 0x6b, 
	0x0b, 0x2b, 0x00, 0x57, 0x00, 0x97, 0x00, 0x57, 
	0x00, 0x99, 0x00, 0x57, 0x00, 0x57, 0x00, 0x57, 
	0x00, 0x57, 0x1a, 0xe7, 0x54, 0xb3, 0x4c, 0x6f, 
	0x0a, 0x23, 0x01, 0x1b, 0x00, 0x97, 0x00, 0x55, 
	0x08, 0xa1, 0x08, 0xa1, 0x08, 0xa1, 0x00, 0x09, 
	0x43, 0x25, 0xa5, 0xfd, 0x2a, 0x19, 0x00, 0x01, 
	0x2a, 0x1b, 0xa5, 0xfd, 0x43, 0x25, 0x00, 0x09, 
	0x00, 0x57, 0x00, 0x55, 0x00, 0x55, 0x00, 0x57, 
	0x00, 0x57, 0x00, 0x57, 0x00, 0x57, 0x00, 0x99, 
	0x00, 0x99, 0x02, 0x65, 0x03, 0x2f, 0x03, 0x2f, 
	0x03, 0x2f, 0x03, 0x75, 0x03, 0xff, 0x04, 0x7f, 
	0x03, 0x75, 0x02, 0x63, 0x02, 0x63, 0x0a, 0xeb, 
	0x02, 0x65, 0x02, 0x65, 0x02, 0x65, 0x02, 0x65, 
	0x02, 0x65, 0x03, 0x2f, 0x03, 0xfd, 0x03, 0xff, 
	0x03, 0x77, 0x02, 0x1f, 0x03, 0x73, 0x03, 0xb9, 
	0x03, 0xb9, 0x03, 0xb9, 0x03, 0xfb, 0x03, 0x31, 
	0x0a, 0xa7, 0x00, 0x99, 0x00, 0x99, 0x00, 0x99, 
	0x00, 0x99, 0x00, 0x99, 0x00, 0x99, 0x00, 0x57, 
	0x00, 0x57, 0x00, 0x57, 0x11, 0x1b, 0x08, 0xdb, 
	0x00, 0x97, 0x00, 0x57, 0x00, 0x57, 0x00, 0x55, 
	0x00, 0x5b, 0x08, 0xa1, 0x00, 0x59, 0x00, 0x09, 
	0x43, 0x25, 0xa5, 0xfd, 0x2a, 0x19, 0x00, 0x01, 
	0x2a, 0x1b, 0xa5, 0xfd, 0x43, 0x25, 0x00, 0x09, 
	0x00, 0x55, 0x00, 0x55, 0x00, 0x57, 0x00, 0x57, 
	0x00, 0x57, 0x00, 0x57, 0x00, 0x99, 0x00, 0x99, 
	0x00, 0x99, 0x02, 0x65, 0x02, 0x1f, 0x02, 0x63, 
	0x02, 0x65, 0x02, 0xed, 0x03, 0xfd, 0x03, 0xf9, 
	0x03, 0x71, 0x08, 0xdf, 0x01, 0xd9, 0x02, 0x1f, 
	0x02, 0x63, 0x02, 0x65, 0x02, 0x65, 0x02, 0x65, 
	0x02, 0x65, 0x02, 0xed, 0x03, 0x73, 0x03, 0xb9, 
	0x03, 0xb9, 0x02, 0x63, 0x01, 0x95, 0x02, 0xed, 
	0x03, 0xfb, 0x03, 0x77, 0x03, 0xfd, 0x03, 0xb9, 
	0x02, 0xa9, 0x00, 0x9b, 0x00, 0x9b, 0x00, 0x99, 
	0x00, 0x99, 0x00, 0x99, 0x00, 0xdb, 0x00, 0x99, 
	0x00, 0x99, 0x00, 0x97, 0x00, 0x99, 0x00, 0x99, 
	0x00, 0x99, 0x00, 0x97, 0x00, 0x57, 0x00, 0x57, 
	0x00, 0x55, 0x00, 0x55, 0x00, 0x55, 0x00, 0x09, 
	0x43, 0x25, 0xa5, 0xfd, 0x2a, 0x19, 0x00, 0x01, 
	0x2a, 0x1b, 0xa5, 0xfd, 0x43, 0x25, 0x00, 0x09, 
	0x00, 0x55, 0x00, 0x57, 0x00, 0x57, 0x00, 0x57, 
	0x00, 0x57, 0x00, 0x57, 0x00, 0x99, 0x00, 0x99, 
	0x00, 0x99, 0x03, 0x73, 0x09, 0x0d, 0x01, 0x95, 
	0x02, 0x1f, 0x02, 0xeb, 0x03, 0x2f, 0x01, 0xd9, 
	0x09, 0x51, 0x08, 0xdf, 0x09, 0x51, 0x09, 0x51, 
	0x01, 0xd9, 0x02, 0x1d, 0x03, 0x2f, 0x03, 0x73, 
	0x03, 0x31, 0x03, 0x73, 0x03, 0x73, 0x03, 0x75, 
	0x03, 0xb9, 0x03, 0xff, 0x02, 0xed, 0x02, 0x65, 
	0x02, 0x65, 0x03, 0x75, 0x04, 0x3f, 0x03, 0xb9, 
	0x02, 0x65, 0x08, 0x9b, 0x08, 0x9b, 0x08, 0xdb, 
	0x09, 0x1d, 0x09, 0x1d, 0x09, 0xa1, 0x09, 0xe3, 
	0x08, 0xdb, 0x00, 0x99, 0x00, 0x99, 0x00, 0x99, 
	0x00, 0x99, 0x00, 0x99, 0x00, 0x97, 0x00, 0x97, 
	0x00, 0x99, 0x00, 0x99, 0x00, 0x57, 0x00, 0x09, 
	0x43, 0x25, 0xa5, 0xfd, 0x2a, 0x19, 0x00, 0x01, 
	
};

Gfx ttc_dl_niko_dream_painting_bottom_ci8_aligner[] = {gsSPEndDisplayList()};
u8 ttc_dl_niko_dream_painting_bottom_ci8[] = {
	0x00, 0x01, 0x02, 0x03, 0x04, 0x05, 0x05, 0x05, 
	0x05, 0x05, 0x06, 0x06, 0x06, 0x06, 0x07, 0x08, 
	0x09, 0x0a, 0x0b, 0x0c, 0x0d, 0x0d, 0x0e, 0x0e, 
	0x0c, 0x0f, 0x0b, 0x10, 0x11, 0x10, 0x10, 0x12, 
	0x13, 0x14, 0x15, 0x16, 0x16, 0x12, 0x17, 0x13, 
	0x16, 0x18, 0x18, 0x19, 0x1a, 0x1a, 0x1b, 0x1c, 
	0x19, 0x06, 0x06, 0x06, 0x06, 0x06, 0x1d, 0x1d, 
	0x06, 0x06, 0x05, 0x03, 0x02, 0x01, 0x1e, 0x1f, 
	0x00, 0x01, 0x02, 0x03, 0x05, 0x05, 0x05, 0x05, 
	0x05, 0x06, 0x06, 0x06, 0x06, 0x06, 0x16, 0x0e, 
	0x08, 0x0f, 0x20, 0x21, 0x0d, 0x22, 0x23, 0x24, 
	0x0e, 0x20, 0x25, 0x11, 0x14, 0x13, 0x0b, 0x0b, 
	0x0b, 0x12, 0x11, 0x16, 0x0a, 0x26, 0x13, 0x10, 
	0x27, 0x18, 0x18, 0x28, 0x29, 0x2a, 0x29, 0x2b, 
	0x1b, 0x2c, 0x2c, 0x2c, 0x18, 0x2c, 0x06, 0x06, 
	0x06, 0x06, 0x06, 0x2d, 0x02, 0x01, 0x1e, 0x1f, 
	0x00, 0x01, 0x02, 0x03, 0x05, 0x05, 0x05, 0x05, 
	0x06, 0x06, 0x06, 0x06, 0x06, 0x2c, 0x06, 0x2c, 
	0x18, 0x2e, 0x21, 0x0d, 0x22, 0x0d, 0x0d, 0x2f, 
	0x07, 0x30, 0x08, 0x08, 0x31, 0x0a, 0x16, 0x16, 
	0x0a, 0x15, 0x0b, 0x0a, 0x10, 0x14, 0x20, 0x08, 
	0x32, 0x18, 0x18, 0x2b, 0x33, 0x34, 0x35, 0x36, 
	0x37, 0x38, 0x18, 0x18, 0x18, 0x18, 0x18, 0x18, 
	0x18, 0x18, 0x2c, 0x39, 0x02, 0x01, 0x1e, 0x1f, 
	0x00, 0x01, 0x02, 0x03, 0x05, 0x05, 0x1d, 0x06, 
	0x06, 0x2c, 0x06, 0x2c, 0x2c, 0x06, 0x06, 0x18, 
	0x2e, 0x21, 0x0d, 0x0d, 0x0d, 0x22, 0x22, 0x3a, 
	0x3b, 0x25, 0x16, 0x16, 0x0b, 0x0f, 0x0f, 0x16, 
	0x16, 0x16, 0x10, 0x3c, 0x0b, 0x16, 0x3d, 0x3e, 
	0x0d, 0x21, 0x28, 0x2b, 0x2b, 0x1c, 0x29, 0x3f, 
	0x40, 0x41, 0x18, 0x2e, 0x18, 0x18, 0x18, 0x18, 
	0x18, 0x18, 0x18, 0x39, 0x02, 0x01, 0x1e, 0x1f, 
	0x00, 0x01, 0x02, 0x03, 0x06, 0x05, 0x1d, 0x06, 
	0x06, 0x06, 0x06, 0x06, 0x2c, 0x2c, 0x18, 0x18, 
	0x21, 0x0d, 0x0d, 0x0d, 0x22, 0x22, 0x22, 0x0d, 
	0x16, 0x20, 0x30, 0x16, 0x12, 0x16, 0x25, 0x16, 
	0x30, 0x16, 0x16, 0x16, 0x42, 0x43, 0x0e, 0x31, 
	0x0d, 0x21, 0x28, 0x33, 0x44, 0x2b, 0x33, 0x0b, 
	0x45, 0x46, 0x47, 0x48, 0x21, 0x21, 0x21, 0x2e, 
	0x2e, 0x18, 0x21, 0x39, 0x02, 0x01, 0x1e, 0x1f, 
	0x00, 0x01, 0x02, 0x2d, 0x06, 0x06, 0x06, 0x06, 
	0x2c, 0x2c, 0x06, 0x06, 0x06, 0x2c, 0x18, 0x21, 
	0x0d, 0x0d, 0x0d, 0x22, 0x22, 0x22, 0x22, 0x0d, 
	0x21, 0x3c, 0x20, 0x30, 0x0a, 0x16, 0x0f, 0x16, 
	0x16, 0x16, 0x49, 0x4a, 0x4b, 0x4c, 0x0a, 0x22, 
	0x0d, 0x0d, 0x0d, 0x33, 0x34, 0x33, 0x4d, 0x4e, 
	0x4f, 0x50, 0x51, 0x52, 0x53, 0x54, 0x21, 0x21, 
	0x21, 0x18, 0x04, 0x55, 0x02, 0x01, 0x1e, 0x1f, 
	0x00, 0x01, 0x02, 0x2d, 0x06, 0x06, 0x06, 0x2c, 
	0x2c, 0x2c, 0x06, 0x06, 0x06, 0x18, 0x21, 0x0d, 
	0x0d, 0x22, 0x22, 0x22, 0x22, 0x22, 0x22, 0x0d, 
	0x21, 0x18, 0x06, 0x09, 0x56, 0x57, 0x58, 0x59, 
	0x0c, 0x5a, 0x5b, 0x5c, 0x0b, 0x11, 0x0d, 0x0d, 
	0x22, 0x0d, 0x0d, 0x5d, 0x29, 0x5e, 0x5f, 0x60, 
	0x61, 0x50, 0x50, 0x62, 0x63, 0x64, 0x65, 0x0d, 
	0x19, 0x04, 0x04, 0x39, 0x02, 0x01, 0x1e, 0x1f, 
	0x00, 0x01, 0x66, 0x67, 0x68, 0x2c, 0x2c, 0x2c, 
	0x06, 0x18, 0x18, 0x18, 0x18, 0x2e, 0x0d, 0x0d, 
	0x22, 0x22, 0x22, 0x22, 0x22, 0x22, 0x22, 0x22, 
	0x0d, 0x21, 0x18, 0x18, 0x06, 0x18, 0x18, 0x18, 
	0x2c, 0x06, 0x06, 0x18, 0x0d, 0x0d, 0x0d, 0x22, 
	0x22, 0x22, 0x0d, 0x0d, 0x0d, 0x69, 0x6a, 0x6b, 
	0x6c, 0x6d, 0x6e, 0x25, 0x0e, 0x3b, 0x3b, 0x18, 
	0x6f, 0x70, 0x04, 0x71, 0x02, 0x01, 0x1e, 0x1f, 
	0x00, 0x01, 0x66, 0x67, 0x72, 0x73, 0x18, 0x18, 
	0x06, 0x18, 0x2e, 0x21, 0x0d, 0x0d, 0x22, 0x22, 
	0x22, 0x22, 0x22, 0x74, 0x75, 0x76, 0x77, 0x78, 
	0x0d, 0x21, 0x18, 0x18, 0x18, 0x18, 0x2e, 0x18, 
	0x18, 0x2c, 0x18, 0x2e, 0x0d, 0x0d, 0x0d, 0x22, 
	0x5d, 0x22, 0x22, 0x0d, 0x0f, 0x79, 0x7a, 0x7b, 
	0x5a, 0x0e, 0x3b, 0x0e, 0x07, 0x07, 0x3b, 0x7c, 
	0x7c, 0x7d, 0x7e, 0x7f, 0x02, 0x01, 0x1e, 0x1f, 
	0x00, 0x01, 0x02, 0x67, 0x72, 0x72, 0x70, 0x18, 
	0x18, 0x21, 0x21, 0x21, 0x0d, 0x5d, 0x5d, 0x5d, 
	0x5d, 0x5d, 0x80, 0x25, 0x0e, 0x0e, 0x25, 0x08, 
	0x5a, 0x7a, 0x21, 0x18, 0x2e, 0x2e, 0x21, 0x2e, 
	0x18, 0x18, 0x2e, 0x21, 0x0d, 0x0d, 0x22, 0x22, 
	0x5d, 0x5d, 0x22, 0x0f, 0x0c, 0x5a, 0x08, 0x08, 
	0x25, 0x0e, 0x0e, 0x3b, 0x24, 0x3d, 0x07, 0x71, 
	0x6f, 0x7d, 0x7f, 0x55, 0x02, 0x01, 0x1e, 0x1f, 
	0x00, 0x01, 0x02, 0x1f, 0x81, 0x72, 0x03, 0x73, 
	0x21, 0x0d, 0x0d, 0x22, 0x5d, 0x82, 0x82, 0x5d, 
	0x5d, 0x5d, 0x07, 0x3b, 0x3b, 0x0e, 0x08, 0x5a, 
	0x5a, 0x08, 0x0d, 0x21, 0x21, 0x21, 0x0d, 0x0d, 
	0x21, 0x2e, 0x2e, 0x21, 0x0d, 0x22, 0x0d, 0x22, 
	0x5d, 0x82, 0x5d, 0x08, 0x25, 0x08, 0x08, 0x25, 
	0x0e, 0x0e, 0x3b, 0x3b, 0x08, 0x0c, 0x25, 0x7e, 
	0x83, 0x7c, 0x7f, 0x84, 0x02, 0x01, 0x1e, 0x1f, 
	0x00, 0x01, 0x66, 0x1f, 0x1f, 0x81, 0x2d, 0x2d, 
	0x2d, 0x73, 0x22, 0x22, 0x82, 0x82, 0x82, 0x82, 
	0x82, 0x5d, 0x07, 0x08, 0x20, 0x0f, 0x85, 0x0a, 
	0x11, 0x20, 0x0d, 0x0d, 0x0d, 0x0d, 0x0d, 0x0d, 
	0x0d, 0x21, 0x21, 0x0d, 0x0d, 0x22, 0x22, 0x5d, 
	0x5d, 0x5d, 0x82, 0x0e, 0x3b, 0x25, 0x25, 0x0e, 
	0x0e, 0x5a, 0x20, 0x30, 0x16, 0x16, 0x16, 0x55, 
	0x55, 0x84, 0x84, 0x84, 0x02, 0x01, 0x1e, 0x1f, 
	0x00, 0x01, 0x66, 0x1f, 0x1f, 0x1f, 0x72, 0x2d, 
	0x2d, 0x2d, 0x2d, 0x86, 0x82, 0x82, 0x82, 0x82, 
	0x82, 0x82, 0x07, 0x08, 0x16, 0x0f, 0x09, 0x42, 
	0x0b, 0x20, 0x22, 0x22, 0x0d, 0x0d, 0x0d, 0x22, 
	0x0d, 0x0d, 0x0d, 0x22, 0x5d, 0x82, 0x82, 0x82, 
	0x82, 0x82, 0x82, 0x08, 0x07, 0x3b, 0x3b, 0x25, 
	0x0f, 0x3c, 0x0a, 0x16, 0x16, 0x0f, 0x20, 0x84, 
	0x55, 0x55, 0x03, 0x03, 0x02, 0x01, 0x1e, 0x1f, 
	0x00, 0x01, 0x87, 0x1f, 0x1f, 0x1f, 0x1f, 0x72, 
	0x2d, 0x2d, 0x2d, 0x2d, 0x2d, 0x2d, 0x88, 0x82, 
	0x82, 0x82, 0x82, 0x82, 0x25, 0x89, 0x0c, 0x85, 
	0x5a, 0x8a, 0x8b, 0x8c, 0x8b, 0x8d, 0x8e, 0x8f, 
	0x85, 0x90, 0x5d, 0x5d, 0x82, 0x82, 0x82, 0x82, 
	0x82, 0x82, 0x82, 0x82, 0x25, 0x0e, 0x24, 0x5a, 
	0x15, 0x0b, 0x30, 0x0e, 0x25, 0x90, 0x55, 0x7f, 
	0x55, 0x55, 0x84, 0x03, 0x02, 0x01, 0x1e, 0x1f, 
	0x00, 0x01, 0x87, 0x1f, 0x1f, 0x1f, 0x1f, 0x1f, 
	0x1f, 0x81, 0x2d, 0x2d, 0x2d, 0x2d, 0x2d, 0x39, 
	0x83, 0x83, 0x82, 0x91, 0x82, 0x92, 0x92, 0x92, 
	0x92, 0x93, 0x65, 0x74, 0x0e, 0x25, 0x90, 0x94, 
	0x95, 0x8c, 0x96, 0x97, 0x92, 0x92, 0x92, 0x91, 
	0x91, 0x92, 0x92, 0x91, 0x91, 0x05, 0x24, 0x0e, 
	0x16, 0x0b, 0x30, 0x25, 0x24, 0x7f, 0x7f, 0x7f, 
	0x7f, 0x55, 0x84, 0x03, 0x02, 0x01, 0x1e, 0x1f, 
	0x00, 0x01, 0x87, 0x1f, 0x1f, 0x1f, 0x1f, 0x1f, 
	0x1f, 0x1f, 0x1f, 0x67, 0x39, 0x39, 0x2d, 0x39, 
	0x39, 0x83, 0x7c, 0x7c, 0x7c, 0x98, 0x99, 0x91, 
	0x91, 0x96, 0x3b, 0x0e, 0x8d, 0x9a, 0x9b, 0x9c, 
	0x9d, 0x9e, 0x9f, 0x3b, 0x99, 0x99, 0x99, 0x99, 
	0x99, 0x99, 0x99, 0x92, 0x05, 0x05, 0x55, 0x7f, 
	0xa0, 0xa1, 0xa2, 0x7f, 0x7f, 0x7f, 0x7f, 0x7f, 
	0x7f, 0x55, 0x72, 0x81, 0x02, 0x01, 0x1e, 0x1f, 
	0x00, 0x01, 0x87, 0x1f, 0x1f, 0x1f, 0x1f, 0x1f, 
	0x1f, 0x1f, 0x1f, 0x1f, 0x1f, 0x1f, 0x67, 0x39, 
	0x39, 0x39, 0x83, 0x83, 0x7c, 0x7c, 0x19, 0x99, 
	0x07, 0x07, 0x3b, 0xa3, 0xa4, 0x9a, 0x9a, 0xa5, 
	0xa5, 0x75, 0xa6, 0xa7, 0xa8, 0xa8, 0xa8, 0xa9, 
	0xaa, 0xa9, 0xab, 0x1d, 0x1d, 0x7d, 0x7f, 0x7f, 
	0x7f, 0x7f, 0x7f, 0x7f, 0x7f, 0x7f, 0x7f, 0x7f, 
	0x7f, 0x72, 0x1f, 0x67, 0x02, 0x01, 0x1e, 0x1f, 
	0x00, 0x01, 0x87, 0x1f, 0x1f, 0x1f, 0x1f, 0x1f, 
	0x1f, 0x1f, 0x1f, 0x1f, 0x1f, 0x1f, 0x1f, 0x1f, 
	0x72, 0x03, 0x39, 0x86, 0x86, 0x7c, 0x88, 0x88, 
	0x24, 0x07, 0xa3, 0xa3, 0xa3, 0x96, 0x0e, 0x3b, 
	0x3b, 0x0e, 0x8d, 0xac, 0xaa, 0xaa, 0xaa, 0xaa, 
	0xaa, 0xa9, 0xad, 0xad, 0x73, 0x7d, 0x7f, 0x55, 
	0x7f, 0x7d, 0x7f, 0x7f, 0x7f, 0x7f, 0x7f, 0x55, 
	0xae, 0x1f, 0x1f, 0x81, 0x02, 0x01, 0xaf, 0x1f, 
	0x00, 0x01, 0x87, 0x1f, 0x1f, 0x1f, 0x1f, 0x1f, 
	0x1f, 0x1f, 0x1f, 0x1f, 0x1f, 0x1f, 0x1f, 0x1f, 
	0x67, 0x72, 0x03, 0x03, 0x84, 0x6f, 0x73, 0xad, 
	0xb0, 0x24, 0x24, 0x24, 0x24, 0x07, 0x07, 0x07, 
	0x07, 0x07, 0x3b, 0x0e, 0xb1, 0xb1, 0xb1, 0xab, 
	0xad, 0xad, 0xad, 0x04, 0x7e, 0x7d, 0x7f, 0x7f, 
	0x7f, 0x7f, 0x7f, 0x7f, 0x7f, 0x55, 0x84, 0x72, 
	0x67, 0x1f, 0x1f, 0x81, 0x02, 0x01, 0xaf, 0x1f, 
	0x00, 0x01, 0x87, 0x1f, 0x1f, 0x1f, 0x1f, 0x1f, 
	0x1f, 0x1f, 0x1f, 0x1f, 0x1f, 0x1f, 0x1f, 0x1f, 
	0x1f, 0x67, 0x72, 0x72, 0x03, 0x84, 0x83, 0xad, 
	0xb0, 0xb0, 0x0e, 0x0e, 0x07, 0x24, 0x24, 0x24, 
	0x07, 0x07, 0x07, 0x07, 0xb2, 0xb2, 0xb3, 0xb3, 
	0xb3, 0xb2, 0x73, 0x7d, 0x7d, 0x7d, 0x7f, 0x7f, 
	0x55, 0x55, 0x84, 0x84, 0x84, 0x03, 0x72, 0x67, 
	0x1f, 0x1f, 0x1f, 0x67, 0x02, 0x01, 0xaf, 0x1f, 
	0x00, 0x01, 0x87, 0x1f, 0x1f, 0x1f, 0x1f, 0x1f, 
	0x1f, 0x1f, 0x1f, 0x1f, 0x1f, 0x1f, 0x1f, 0x1f, 
	0x1f, 0x1f, 0x67, 0x72, 0x72, 0x03, 0x03, 0x03, 
	0x83, 0x24, 0x20, 0x09, 0x0f, 0x3b, 0x24, 0x08, 
	0x0f, 0x0f, 0x08, 0xb2, 0xb4, 0xb2, 0xb2, 0xb2, 
	0xb2, 0x73, 0x7d, 0x7d, 0x7f, 0x7f, 0x7f, 0x55, 
	0x55, 0x84, 0x03, 0x03, 0x03, 0x81, 0x1f, 0x1f, 
	0x1f, 0x1f, 0x1f, 0x67, 0x02, 0x01, 0xaf, 0x1f, 
	0x00, 0x01, 0x87, 0x1f, 0x1f, 0x1f, 0x1f, 0x1f, 
	0x1f, 0x1f, 0x1f, 0x1f, 0x1f, 0x1f, 0x1f, 0x1f, 
	0x1f, 0x1f, 0x1f, 0x67, 0x72, 0x72, 0x03, 0x72, 
	0x72, 0x72, 0x3d, 0x07, 0x5a, 0x20, 0x08, 0x09, 
	0x0a, 0x09, 0xb3, 0xb3, 0xb5, 0xb4, 0xb4, 0x7c, 
	0x7f, 0x7f, 0x7f, 0x7f, 0x55, 0x55, 0x55, 0x84, 
	0x84, 0x03, 0x03, 0x03, 0x81, 0x67, 0x1f, 0x1f, 
	0x1f, 0x1f, 0x1f, 0x1f, 0x02, 0x01, 0xaf, 0x1f, 
	0x00, 0x01, 0x87, 0x1f, 0x1f, 0x1f, 0x1f, 0x1f, 
	0x1f, 0x1f, 0x1f, 0x1f, 0x1f, 0x1f, 0x1f, 0x1f, 
	0x1f, 0x1f, 0x1f, 0x1f, 0x1f, 0x72, 0x72, 0x81, 
	0x81, 0x81, 0x81, 0x81, 0x81, 0x72, 0x24, 0x08, 
	0x0f, 0x84, 0x84, 0x84, 0x55, 0x7f, 0x7f, 0x7f, 
	0x7f, 0x7f, 0x55, 0x55, 0x55, 0x84, 0x84, 0x84, 
	0x03, 0x03, 0x03, 0x81, 0x67, 0x1f, 0x1f, 0x1f, 
	0x1f, 0x1f, 0x1f, 0x1f, 0x02, 0x01, 0x1e, 0x1f, 
	0x00, 0x01, 0x87, 0x1f, 0x1f, 0x1f, 0x1f, 0x1f, 
	0x1f, 0x1f, 0x1f, 0x1f, 0x1f, 0x1f, 0x1f, 0x1f, 
	0x1f, 0x1f, 0x1f, 0x1f, 0x1f, 0x67, 0x81, 0x81, 
	0x81, 0x72, 0x72, 0x72, 0x81, 0x72, 0x84, 0x84, 
	0x84, 0x84, 0x84, 0x84, 0x84, 0x55, 0x55, 0x55, 
	0x55, 0x55, 0x55, 0x84, 0x84, 0x84, 0x03, 0x03, 
	0x72, 0x72, 0x81, 0x67, 0x1f, 0x1f, 0x1f, 0x1f, 
	0x1f, 0x1f, 0x1f, 0x1f, 0x02, 0x01, 0xaf, 0x1f, 
	0x00, 0x01, 0x87, 0x1f, 0x1f, 0x1f, 0x1f, 0x1f, 
	0x1f, 0x1f, 0x1f, 0x1f, 0x1f, 0x1f, 0x1f, 0x1f, 
	0x1f, 0x1f, 0x1f, 0x1f, 0x1f, 0x67, 0x81, 0x81, 
	0x81, 0x72, 0x03, 0x03, 0x03, 0x84, 0x84, 0x55, 
	0x55, 0x7f, 0x55, 0x84, 0x03, 0x84, 0x84, 0x84, 
	0x84, 0x84, 0x84, 0x84, 0x03, 0x03, 0x03, 0x72, 
	0x72, 0x67, 0x1f, 0x1f, 0x1f, 0x1f, 0x1f, 0x1f, 
	0x1f, 0x1f, 0x1f, 0x1f, 0x02, 0x01, 0xaf, 0x1f, 
	0x00, 0x01, 0x87, 0x1f, 0x1f, 0x1f, 0x1f, 0x1f, 
	0x1f, 0x1f, 0x1f, 0x1f, 0x1f, 0x1f, 0x1f, 0x1f, 
	0x1f, 0x1f, 0x1f, 0x1f, 0x1f, 0x67, 0x67, 0x81, 
	0x81, 0x81, 0x81, 0x72, 0x03, 0x55, 0x55, 0x7f, 
	0x7d, 0x7f, 0x55, 0x84, 0x03, 0x84, 0x84, 0x84, 
	0x84, 0x03, 0x03, 0x03, 0x03, 0x72, 0x72, 0x72, 
	0x67, 0x1f, 0x1f, 0x1f, 0x1f, 0x1f, 0x1f, 0x1f, 
	0x1f, 0x1f, 0x1f, 0x67, 0x02, 0x01, 0xaf, 0x1f, 
	0x00, 0x01, 0x87, 0x1f, 0x1f, 0x1f, 0x1f, 0x1f, 
	0x1f, 0x1f, 0x1f, 0x1f, 0x1f, 0x1f, 0x1f, 0x1f, 
	0x1f, 0x1f, 0x1f, 0x1f, 0x1f, 0x67, 0x67, 0x81, 
	0x72, 0x72, 0x67, 0x81, 0x72, 0x03, 0x84, 0x55, 
	0x55, 0x84, 0x03, 0x72, 0x03, 0x03, 0x03, 0x03, 
	0x03, 0x03, 0x03, 0x72, 0x72, 0x72, 0x67, 0x67, 
	0x1f, 0x1f, 0x1f, 0x1f, 0x1f, 0x1f, 0x1f, 0x1f, 
	0x1f, 0x1f, 0x1f, 0x67, 0x02, 0x01, 0xaf, 0x1f, 
	0x00, 0x01, 0x87, 0x1f, 0x1f, 0x1f, 0x1f, 0x1f, 
	0x1f, 0x1f, 0x1f, 0x1f, 0x1f, 0x1f, 0x1f, 0x1f, 
	0x1f, 0x1f, 0x1f, 0x1f, 0x1f, 0x1f, 0x1f, 0x1f, 
	0x81, 0x72, 0x81, 0x67, 0x67, 0x67, 0x67, 0x67, 
	0x67, 0x67, 0x67, 0x67, 0x67, 0x67, 0x67, 0x67, 
	0x67, 0x67, 0x67, 0x67, 0x67, 0x67, 0x1f, 0x1f, 
	0x1f, 0x1f, 0x1f, 0x1f, 0x1f, 0x1f, 0x1f, 0x1f, 
	0x1f, 0x1f, 0x1f, 0x81, 0x02, 0x01, 0xaf, 0x1f, 
	0x00, 0xb6, 0x87, 0x3d, 0xb7, 0xb8, 0xb9, 0xba, 
	0xba, 0xb9, 0xb9, 0xb9, 0xb8, 0xbb, 0x3d, 0xbc, 
	0xbc, 0xb7, 0xbd, 0xbd, 0xbd, 0xbe, 0xbe, 0xbe, 
	0xbe, 0xbb, 0xbb, 0xbd, 0xb7, 0xb7, 0xb7, 0xbb, 
	0xbb, 0x3d, 0x3d, 0x3d, 0x3d, 0x3d, 0xbb, 0x3d, 
	0x3d, 0x3d, 0x3d, 0x3d, 0x3d, 0x3d, 0x3d, 0xbb, 
	0xb7, 0xb9, 0xb9, 0xb9, 0xb9, 0xb7, 0xb7, 0xb9, 
	0xbf, 0xbf, 0xb8, 0xaf, 0x02, 0xb6, 0xaf, 0x1f, 
	0x00, 0xb6, 0x01, 0x01, 0x01, 0x01, 0x01, 0x01, 
	0xc0, 0xc0, 0xc0, 0x01, 0x01, 0xc1, 0xc2, 0x01, 
	0x01, 0x01, 0x01, 0x01, 0x01, 0x01, 0x01, 0x01, 
	0x01, 0xc0, 0xc0, 0xc0, 0x01, 0x01, 0x01, 0x01, 
	0x01, 0x01, 0x01, 0x01, 0xc0, 0xc0, 0xc0, 0xc0, 
	0xc0, 0xc0, 0xc0, 0x01, 0x01, 0xc0, 0xc0, 0xc0, 
	0xc0, 0xc0, 0xc0, 0xc0, 0xc0, 0xc0, 0x01, 0x01, 
	0x01, 0x01, 0x01, 0x01, 0xb6, 0xb6, 0xaf, 0x1f, 
	0x1e, 0x1e, 0x1e, 0x1e, 0x1e, 0x00, 0x00, 0x00, 
	0x1e, 0x1e, 0x1e, 0x1e, 0x1e, 0x1e, 0x1e, 0x1e, 
	0x1e, 0x1e, 0x1e, 0x1e, 0x1e, 0x1e, 0x1e, 0x1e, 
	0x1e, 0x1e, 0x1e, 0x1e, 0x1e, 0x1e, 0x1e, 0x1e, 
	0x1e, 0x1e, 0x1e, 0x1e, 0x1e, 0x1e, 0x1e, 0x1e, 
	0x1e, 0x1e, 0x1e, 0x1e, 0x1e, 0x1e, 0x1e, 0x1e, 
	0x1e, 0x1e, 0xaf, 0xaf, 0xaf, 0xaf, 0xaf, 0xaf, 
	0xaf, 0xaf, 0xaf, 0xaf, 0xaf, 0xaf, 0xaf, 0x1f, 
	0x1f, 0x1f, 0x1f, 0x1f, 0x1f, 0x1f, 0x1f, 0x1f, 
	0x1f, 0x1f, 0x1f, 0x1f, 0x1f, 0x1f, 0x1f, 0x1f, 
	0x1f, 0x1f, 0x1f, 0x1f, 0x1f, 0x1f, 0x1f, 0x1f, 
	0x1f, 0x1f, 0x1f, 0x1f, 0x1f, 0x1f, 0x1f, 0x1f, 
	0x1f, 0x1f, 0x1f, 0x1f, 0x1f, 0x1f, 0x1f, 0x1f, 
	0x1f, 0x1f, 0x1f, 0x1f, 0x1f, 0x1f, 0x1f, 0x1f, 
	0x1f, 0x1f, 0x1f, 0x1f, 0x1f, 0x1f, 0x1f, 0x1f, 
	0x1f, 0x1f, 0x1f, 0x1f, 0x1f, 0x1f, 0x1f, 0x1f, 
	
};

Gfx ttc_dl_niko_dream_painting_bottom_pal_rgba16_aligner[] = {gsSPEndDisplayList()};
u8 ttc_dl_niko_dream_painting_bottom_pal_rgba16[] = {
	0x2a, 0x1b, 0xa5, 0xfd, 0x43, 0x25, 0x00, 0x09, 
	0x00, 0x55, 0x00, 0x57, 0x00, 0x99, 0x09, 0x0d, 
	0x01, 0x95, 0x02, 0x1f, 0x02, 0xeb, 0x03, 0x2f, 
	0x01, 0xd9, 0x08, 0xdf, 0x09, 0x51, 0x02, 0x1d, 
	0x03, 0x73, 0x03, 0x31, 0x03, 0x75, 0x03, 0xb9, 
	0x03, 0xff, 0x02, 0xed, 0x02, 0x65, 0x04, 0x3f, 
	0x08, 0x9b, 0x08, 0xdb, 0x09, 0x1d, 0x09, 0xa1, 
	0x09, 0xe3, 0x00, 0x97, 0x2a, 0x19, 0x00, 0x01, 
	0x01, 0xdb, 0x08, 0xdd, 0x08, 0xe1, 0x2a, 0xe3, 
	0x08, 0xcb, 0x09, 0x53, 0x03, 0xfd, 0x02, 0xa5, 
	0x09, 0x1f, 0x0a, 0x25, 0x0a, 0xa7, 0x09, 0xa3, 
	0x00, 0x9b, 0x00, 0x49, 0x08, 0x9d, 0x3a, 0xdd, 
	0x02, 0x63, 0x03, 0x77, 0x0a, 0x19, 0x09, 0xe5, 
	0x12, 0xeb, 0x14, 0xb5, 0x13, 0x6d, 0x1a, 0xe9, 
	0x21, 0xe3, 0x00, 0x4b, 0x12, 0xa5, 0x09, 0x0f, 
	0x02, 0xa9, 0x08, 0x87, 0x09, 0x13, 0x0a, 0x65, 
	0x1a, 0xe7, 0x33, 0x69, 0x03, 0x2b, 0x22, 0x15, 
	0x12, 0xe9, 0x5d, 0x37, 0x9e, 0x39, 0x65, 0x31, 
	0x0b, 0x65, 0x13, 0x6b, 0x2b, 0xed, 0x1a, 0xe3, 
	0x1a, 0xa1, 0x0b, 0xad, 0x5e, 0x37, 0xe7, 0xbb, 
	0xf7, 0xbd, 0xef, 0xbd, 0xc7, 0xff, 0x5e, 0xb9, 
	0x0b, 0xa7, 0x00, 0x0d, 0x0a, 0x1d, 0x0b, 0x2b, 
	0x03, 0x2d, 0x02, 0xe9, 0x01, 0x97, 0x12, 0x59, 
	0x12, 0xa3, 0x09, 0x21, 0x0b, 0x6b, 0x1c, 0x29, 
	0x56, 0x79, 0xd7, 0xf9, 0xce, 0xf9, 0x5d, 0x6f, 
	0x0b, 0xa1, 0x03, 0x1b, 0x42, 0xe5, 0x00, 0x03, 
	0x00, 0x93, 0x02, 0x9f, 0x0b, 0xa3, 0x2d, 0x2f, 
	0x66, 0x35, 0x6c, 0xad, 0x2a, 0xdf, 0x00, 0x53, 
	0x00, 0x95, 0x00, 0x4d, 0x00, 0x07, 0x08, 0x95, 
	0x02, 0x17, 0x0a, 0xdd, 0x23, 0x63, 0x6d, 0x2f, 
	0x8d, 0xf1, 0x02, 0x5d, 0x02, 0x9d, 0x02, 0x19, 
	0x00, 0x51, 0x00, 0x11, 0x00, 0x13, 0x00, 0x0f, 
	0x63, 0xa3, 0x00, 0x05, 0x09, 0x23, 0x00, 0x4f, 
	0x00, 0x0b, 0x02, 0x1b, 0x00, 0x8f, 0x3a, 0xe5, 
	0x00, 0x91, 0x11, 0x93, 0xff, 0xff, 0x02, 0x59, 
	0x03, 0x1d, 0x09, 0x93, 0x11, 0x51, 0x09, 0x95, 
	0x01, 0xd7, 0x11, 0x25, 0x11, 0x23, 0x01, 0xd5, 
	0x1a, 0x9d, 0x12, 0xdf, 0x09, 0x91, 0x63, 0xe5, 
	0x11, 0x1f, 0x11, 0x65, 0x0a, 0x57, 0x23, 0x5f, 
	0x5d, 0xf3, 0x45, 0x6f, 0x14, 0x65, 0x03, 0x9d, 
	0x63, 0xa1, 0x22, 0x5d, 0x74, 0x69, 0x09, 0xd3, 
	0x02, 0x55, 0x12, 0x99, 0x0b, 0x9f, 0x02, 0x57, 
	0x19, 0xe9, 0x19, 0xa7, 0x1a, 0x2b, 0x11, 0x63, 
	0x02, 0x99, 0x08, 0x97, 0x08, 0x4d, 0x29, 0xd9, 
	0x08, 0xc9, 0x22, 0x6f, 0x08, 0xd7, 0x08, 0xd9, 
	0x08, 0xd5, 0x10, 0xd9, 0xc6, 0xbd, 0x10, 0xcb, 
	0x11, 0x0d, 0x19, 0x0d, 0x19, 0x0f, 0x08, 0x89, 
	0x19, 0x51, 0x10, 0xc9, 0x10, 0x89, 0x19, 0x4f, 
	0xbe, 0x7d, 0xa5, 0xfb, 0x9d, 0xb9, 
};

Gfx ttc_dl_Goomb_In_the_Mounains_ci8_aligner[] = {gsSPEndDisplayList()};
u8 ttc_dl_Goomb_In_the_Mounains_ci8[] = {
	0x00, 0x00, 0x00, 0x00, 0x00, 0x00, 0x00, 0x00, 
	0x00, 0x00, 0x00, 0x00, 0x00, 0x00, 0x00, 0x00, 
	0x00, 0x00, 0x00, 0x00, 0x00, 0x00, 0x00, 0x00, 
	0x00, 0x00, 0x00, 0x00, 0x00, 0x00, 0x00, 0x00, 
	0x00, 0x00, 0x00, 0x00, 0x00, 0x00, 0x00, 0x00, 
	0x00, 0x00, 0x00, 0x00, 0x00, 0x00, 0x00, 0x00, 
	0x00, 0x00, 0x00, 0x00, 0x00, 0x00, 0x00, 0x00, 
	0x00, 0x00, 0x00, 0x00, 0x00, 0x00, 0x00, 0x00, 
	0x00, 0x01, 0x01, 0x02, 0x03, 0x04, 0x05, 0x06, 
	0x07, 0x07, 0x07, 0x07, 0x07, 0x07, 0x07, 0x07, 
	0x08, 0x08, 0x08, 0x08, 0x09, 0x09, 0x09, 0x09, 
	0x09, 0x0a, 0x0a, 0x0a, 0x0a, 0x0a, 0x0a, 0x0b, 
	0x0b, 0x0b, 0x0b, 0x0b, 0x0c, 0x0c, 0x0c, 0x0c, 
	0x0c, 0x0d, 0x0d, 0x0d, 0x0c, 0x09, 0x09, 0x0c, 
	0x0b, 0x0a, 0x0a, 0x0a, 0x09, 0x08, 0x07, 0x07, 
	0x06, 0x0e, 0x03, 0x03, 0x0f, 0x10, 0x00, 0x00, 
	0x00, 0x01, 0x01, 0x11, 0x12, 0x12, 0x12, 0x12, 
	0x12, 0x12, 0x12, 0x12, 0x12, 0x12, 0x12, 0x12, 
	0x12, 0x12, 0x12, 0x12, 0x12, 0x12, 0x12, 0x12, 
	0x12, 0x12, 0x12, 0x12, 0x12, 0x12, 0x12, 0x12, 
	0x12, 0x12, 0x12, 0x12, 0x12, 0x12, 0x12, 0x12, 
	0x12, 0x12, 0x12, 0x12, 0x12, 0x12, 0x12, 0x12, 
	0x12, 0x12, 0x12, 0x12, 0x12, 0x12, 0x12, 0x12, 
	0x12, 0x12, 0x12, 0x03, 0x0f, 0x10, 0x00, 0x00, 
	0x00, 0x13, 0x02, 0x14, 0x12, 0x00, 0x00, 0x00, 
	0x00, 0x00, 0x00, 0x00, 0x00, 0x00, 0x00, 0x00, 
	0x00, 0x00, 0x00, 0x00, 0x00, 0x00, 0x00, 0x00, 
	0x00, 0x00, 0x00, 0x00, 0x00, 0x00, 0x00, 0x00, 
	0x00, 0x00, 0x00, 0x00, 0x00, 0x00, 0x00, 0x00, 
	0x00, 0x00, 0x00, 0x00, 0x00, 0x00, 0x00, 0x00, 
	0x00, 0x00, 0x00, 0x00, 0x00, 0x00, 0x00, 0x00, 
	0x00, 0x00, 0x12, 0x03, 0x03, 0x03, 0x00, 0x00, 
	0x00, 0x15, 0x12, 0x12, 0x12, 0x00, 0x16, 0x16, 
	0x17, 0x18, 0x17, 0x19, 0x16, 0x16, 0x16, 0x1a, 
	0x1a, 0x1b, 0x1b, 0x1b, 0x1b, 0x1c, 0x1b, 0x1d, 
	0x1e, 0x1e, 0x1e, 0x1d, 0x1d, 0x1d, 0x1f, 0x1d, 
	0x1d, 0x1f, 0x1d, 0x1d, 0x1d, 0x1f, 0x1d, 0x1f, 
	0x1f, 0x1f, 0x1f, 0x1d, 0x1f, 0x1f, 0x1f, 0x1f, 
	0x1d, 0x1d, 0x1d, 0x1f, 0x1d, 0x1d, 0x1f, 0x1d, 
	0x1d, 0x00, 0x12, 0x12, 0x12, 0x03, 0x00, 0x00, 
	0x00, 0x20, 0x12, 0x00, 0x00, 0x00, 0x16, 0x16, 
	0x16, 0x16, 0x16, 0x16, 0x16, 0x16, 0x1a, 0x1b, 
	0x21, 0x1b, 0x1b, 0x1b, 0x1b, 0x1b, 0x1d, 0x1f, 
	0x1d, 0x1f, 0x1d, 0x1d, 0x1e, 0x1f, 0x1f, 0x1d, 
	0x1f, 0x1f, 0x22, 0x1f, 0x1d, 0x1f, 0x1d, 0x1f, 
	0x1d, 0x1f, 0x1f, 0x1f, 0x1d, 0x1d, 0x1f, 0x1f, 
	0x1d, 0x1d, 0x1d, 0x1f, 0x1f, 0x1d, 0x1d, 0x1d, 
	0x1d, 0x00, 0x00, 0x00, 0x12, 0x23, 0x00, 0x00, 
	0x00, 0x24, 0x12, 0x00, 0x25, 0x25, 0x16, 0x16, 
	0x25, 0x26, 0x1a, 0x1a, 0x1a, 0x1a, 0x27, 0x1b, 
	0x1b, 0x1b, 0x1b, 0x1b, 0x1b, 0x1d, 0x1f, 0x1f, 
	0x1d, 0x1f, 0x1f, 0x1d, 0x1d, 0x1d, 0x1d, 0x1f, 
	0x1f, 0x1f, 0x1f, 0x1f, 0x1f, 0x1f, 0x1f, 0x1d, 
	0x1f, 0x1f, 0x1f, 0x1f, 0x1f, 0x1f, 0x1f, 0x1f, 
	0x1f, 0x1f, 0x1d, 0x1f, 0x1d, 0x1d, 0x1d, 0x1d, 
	0x1d, 0x1d, 0x1f, 0x00, 0x12, 0x28, 0x00, 0x00, 
	0x00, 0x08, 0x12, 0x00, 0x25, 0x25, 0x25, 0x1a, 
	0x21, 0x1b, 0x29, 0x27, 0x27, 0x1b, 0x29, 0x29, 
	0x2a, 0x29, 0x1b, 0x2a, 0x1d, 0x1f, 0x1f, 0x1f, 
	0x1d, 0x1f, 0x1f, 0x1d, 0x1f, 0x1d, 0x1f, 0x1d, 
	0x1d, 0x1d, 0x1f, 0x1d, 0x1f, 0x1f, 0x1f, 0x1d, 
	0x1d, 0x1d, 0x1f, 0x1f, 0x1f, 0x1f, 0x1f, 0x1f, 
	0x1d, 0x1f, 0x1f, 0x1f, 0x1d, 0x1f, 0x1f, 0x1f, 
	0x2a, 0x1f, 0x1f, 0x00, 0x12, 0x0a, 0x00, 0x00, 
	0x00, 0x08, 0x12, 0x00, 0x21, 0x21, 0x21, 0x27, 
	0x29, 0x29, 0x2a, 0x2a, 0x2a, 0x2a, 0x1d, 0x2a, 
	0x2a, 0x29, 0x29, 0x29, 0x1f, 0x1f, 0x1f, 0x1f, 
	0x1d, 0x1f, 0x1f, 0x1f, 0x1f, 0x1f, 0x1f, 0x1f, 
	0x1d, 0x1f, 0x1f, 0x1d, 0x1d, 0x1f, 0x1d, 0x1f, 
	0x2a, 0x1f, 0x1f, 0x2b, 0x2b, 0x2b, 0x2b, 0x1f, 
	0x1d, 0x2b, 0x2b, 0x2a, 0x2b, 0x2b, 0x2b, 0x2b, 
	0x2b, 0x2b, 0x2b, 0x00, 0x12, 0x0a, 0x00, 0x00, 
	0x00, 0x09, 0x12, 0x00, 0x29, 0x2a, 0x29, 0x1b, 
	0x2a, 0x2a, 0x2a, 0x2b, 0x1f, 0x1f, 0x1f, 0x2b, 
	0x2b, 0x2a, 0x2a, 0x2a, 0x1f, 0x1f, 0x1f, 0x2b, 
	0x1f, 0x1f, 0x2b, 0x1d, 0x1f, 0x2b, 0x2b, 0x2b, 
	0x2b, 0x2b, 0x2b, 0x2b, 0x2b, 0x2b, 0x2b, 0x2b, 
	0x2b, 0x2b, 0x2b, 0x2b, 0x2b, 0x2a, 0x2b, 0x2b, 
	0x2b, 0x2b, 0x2b, 0x2b, 0x2b, 0x2b, 0x2a, 0x2b, 
	0x2b, 0x2b, 0x2a, 0x00, 0x12, 0x0a, 0x00, 0x00, 
	0x00, 0x09, 0x12, 0x00, 0x2b, 0x1f, 0x2b, 0x29, 
	0x2a, 0x1f, 0x2b, 0x2b, 0x2b, 0x2b, 0x2b, 0x2b, 
	0x2b, 0x2b, 0x2b, 0x2b, 0x2b, 0x2b, 0x2b, 0x2b, 
	0x2b, 0x2b, 0x2b, 0x1f, 0x2b, 0x2b, 0x2b, 0x2b, 
	0x2b, 0x2b, 0x2b, 0x2b, 0x2b, 0x2b, 0x2b, 0x2b, 
	0x2b, 0x2b, 0x2b, 0x2b, 0x2b, 0x2a, 0x2b, 0x2b, 
	0x2b, 0x2b, 0x2b, 0x2b, 0x2b, 0x2b, 0x2b, 0x1f, 
	0x1f, 0x1f, 0x2b, 0x00, 0x12, 0x0a, 0x00, 0x00, 
	0x00, 0x0a, 0x12, 0x00, 0x2b, 0x2b, 0x2b, 0x2b, 
	0x2a, 0x2b, 0x2b, 0x2b, 0x2b, 0x2b, 0x2b, 0x2b, 
	0x2b, 0x2b, 0x2b, 0x2b, 0x2b, 0x2b, 0x2b, 0x2b, 
	0x2b, 0x2b, 0x2b, 0x2b, 0x2b, 0x2b, 0x2b, 0x2b, 
	0x2b, 0x2b, 0x2b, 0x2b, 0x2a, 0x2b, 0x2b, 0x2b, 
	0x2b, 0x2b, 0x2b, 0x2b, 0x2b, 0x2b, 0x2b, 0x2b, 
	0x2b, 0x2b, 0x2b, 0x2b, 0x2b, 0x2c, 0x2c, 0x2d, 
	0x2e, 0x2f, 0x30, 0x00, 0x12, 0x0a, 0x00, 0x00, 
	0x00, 0x0b, 0x12, 0x00, 0x2b, 0x2b, 0x31, 0x32, 
	0x2c, 0x32, 0x2b, 0x2b, 0x32, 0x2b, 0x32, 0x2c, 
	0x32, 0x2b, 0x2b, 0x2b, 0x32, 0x32, 0x32, 0x32, 
	0x32, 0x32, 0x32, 0x32, 0x32, 0x2c, 0x2c, 0x32, 
	0x32, 0x2d, 0x33, 0x34, 0x35, 0x2b, 0x32, 0x32, 
	0x32, 0x32, 0x36, 0x36, 0x2c, 0x36, 0x36, 0x32, 
	0x32, 0x36, 0x36, 0x2f, 0x37, 0x38, 0x39, 0x3a, 
	0x3b, 0x3b, 0x3c, 0x00, 0x12, 0x0a, 0x00, 0x00, 
	0x00, 0x0c, 0x12, 0x00, 0x30, 0x3d, 0x3e, 0x30, 
	0x3d, 0x3d, 0x3d, 0x3e, 0x3e, 0x32, 0x32, 0x30, 
	0x3e, 0x36, 0x36, 0x36, 0x36, 0x36, 0x3e, 0x36, 
	0x36, 0x36, 0x3e, 0x3e, 0x36, 0x3f, 0x35, 0x40, 
	0x2e, 0x41, 0x42, 0x43, 0x44, 0x40, 0x2d, 0x2d, 
	0x40, 0x45, 0x38, 0x46, 0x45, 0x2e, 0x46, 0x2e, 
	0x45, 0x2d, 0x45, 0x47, 0x48, 0x2e, 0x38, 0x38, 
	0x46, 0x38, 0x49, 0x00, 0x12, 0x0a, 0x00, 0x00, 
	0x00, 0x0d, 0x12, 0x00, 0x4a, 0x4a, 0x3d, 0x3d, 
	0x3d, 0x3d, 0x3d, 0x3e, 0x3e, 0x3d, 0x4a, 0x2f, 
	0x2d, 0x4b, 0x4c, 0x3e, 0x2d, 0x3d, 0x3e, 0x3d, 
	0x30, 0x30, 0x3d, 0x3d, 0x4b, 0x4d, 0x4e, 0x4f, 
	0x46, 0x38, 0x44, 0x50, 0x4d, 0x51, 0x52, 0x53, 
	0x48, 0x41, 0x2e, 0x2e, 0x54, 0x54, 0x55, 0x2e, 
	0x40, 0x3d, 0x56, 0x2d, 0x2d, 0x2f, 0x2f, 0x45, 
	0x37, 0x48, 0x55, 0x00, 0x12, 0x0a, 0x00, 0x00, 
	0x00, 0x0d, 0x12, 0x00, 0x3d, 0x57, 0x57, 0x3e, 
	0x3d, 0x30, 0x3e, 0x3e, 0x4c, 0x3d, 0x2d, 0x58, 
	0x59, 0x5a, 0x5b, 0x50, 0x5c, 0x5d, 0x5d, 0x5e, 
	0x57, 0x54, 0x5f, 0x41, 0x41, 0x44, 0x5a, 0x60, 
	0x2e, 0x44, 0x61, 0x5b, 0x62, 0x63, 0x64, 0x65, 
	0x66, 0x4c, 0x3d, 0x3d, 0x67, 0x3d, 0x4c, 0x30, 
	0x3e, 0x67, 0x67, 0x3e, 0x3d, 0x2d, 0x2d, 0x40, 
	0x40, 0x67, 0x65, 0x00, 0x12, 0x0b, 0x00, 0x00, 
	0x00, 0x0d, 0x12, 0x00, 0x30, 0x3d, 0x3d, 0x3d, 
	0x3d, 0x3e, 0x30, 0x4c, 0x32, 0x68, 0x69, 0x6a, 
	0x65, 0x64, 0x6b, 0x6c, 0x50, 0x5a, 0x42, 0x6d, 
	0x6e, 0x6f, 0x6f, 0x39, 0x3b, 0x41, 0x70, 0x71, 
	0x72, 0x73, 0x5c, 0x74, 0x75, 0x76, 0x77, 0x78, 
	0x79, 0x7a, 0x3f, 0x3e, 0x4c, 0x3d, 0x3d, 0x4c, 
	0x4c, 0x3f, 0x7b, 0x74, 0x33, 0x7c, 0x7d, 0x4c, 
	0x33, 0x7b, 0x7e, 0x00, 0x12, 0x0b, 0x00, 0x00, 
	0x00, 0x0d, 0x12, 0x00, 0x30, 0x30, 0x3d, 0x3d, 
	0x5d, 0x5d, 0x68, 0x4c, 0x33, 0x69, 0x6a, 0x5d, 
	0x7b, 0x64, 0x7d, 0x40, 0x7f, 0x80, 0x6b, 0x81, 
	0x6f, 0x82, 0x83, 0x84, 0x81, 0x6a, 0x6c, 0x75, 
	0x6a, 0x58, 0x73, 0x6c, 0x75, 0x75, 0x85, 0x85, 
	0x75, 0x75, 0x7a, 0x86, 0x87, 0x7c, 0x5d, 0x5e, 
	0x5e, 0x60, 0x88, 0x5c, 0x35, 0x7e, 0x79, 0x89, 
	0x87, 0x8a, 0x89, 0x00, 0x12, 0x0c, 0x00, 0x00, 
	0x00, 0x0d, 0x12, 0x00, 0x4c, 0x3d, 0x33, 0x33, 
	0x7c, 0x8b, 0x88, 0x7f, 0x5e, 0x5d, 0x5d, 0x5d, 
	0x74, 0x8c, 0x8d, 0x8e, 0x58, 0x6c, 0x6b, 0x8f, 
	0x38, 0x6f, 0x90, 0x6a, 0x74, 0x89, 0x78, 0x91, 
	0x78, 0x74, 0x53, 0x4b, 0x7a, 0x92, 0x93, 0x89, 
	0x75, 0x8a, 0x7f, 0x35, 0x7c, 0x5d, 0x54, 0x90, 
	0x84, 0x5f, 0x5f, 0x4b, 0x7a, 0x85, 0x85, 0x85, 
	0x89, 0x94, 0x94, 0x00, 0x12, 0x0d, 0x00, 0x00, 
	0x00, 0x0d, 0x12, 0x00, 0x4c, 0x35, 0x7a, 0x7c, 
	0x95, 0x95, 0x5d, 0x84, 0x38, 0x58, 0x88, 0x5c, 
	0x35, 0x8d, 0x87, 0x6c, 0x6a, 0x90, 0x38, 0x96, 
	0x39, 0x46, 0x97, 0x5d, 0x66, 0x7c, 0x78, 0x91, 
	0x91, 0x78, 0x74, 0x53, 0x7b, 0x75, 0x7b, 0x7b, 
	0x75, 0x5c, 0x2e, 0x5f, 0x5f, 0x5f, 0x5f, 0x84, 
	0x6e, 0x38, 0x98, 0x7c, 0x99, 0x8a, 0x94, 0x9a, 
	0x85, 0x99, 0x9b, 0x00, 0x12, 0x0d, 0x00, 0x00, 
	0x00, 0x0d, 0x12, 0x00, 0x33, 0x86, 0x85, 0x85, 
	0x89, 0x94, 0x9c, 0x6f, 0x54, 0x69, 0x86, 0x35, 
	0x7c, 0x7d, 0x7b, 0x7c, 0x58, 0x38, 0x9d, 0x84, 
	0x84, 0x44, 0x54, 0x4b, 0x7a, 0x94, 0x91, 0x91, 
	0x91, 0x91, 0x75, 0x75, 0x89, 0x7a, 0x7b, 0x4b, 
	0x35, 0x44, 0x38, 0x84, 0x90, 0x9e, 0x44, 0x9f, 
	0x97, 0x44, 0x35, 0x94, 0xa0, 0x94, 0x94, 0xa1, 
	0xa1, 0x86, 0x94, 0x00, 0x12, 0x0d, 0x00, 0x00, 
	0x00, 0x0d, 0x12, 0x00, 0x7c, 0x7b, 0x89, 0x85, 
	0x85, 0x7a, 0x5c, 0x90, 0x57, 0x8a, 0x86, 0x33, 
	0x7c, 0x86, 0x4b, 0x55, 0x54, 0x5d, 0xa2, 0xa3, 
	0x5c, 0xa3, 0x66, 0x8a, 0x94, 0xa4, 0x85, 0x85, 
	0x85, 0x85, 0x85, 0xa5, 0x85, 0x89, 0x94, 0x7c, 
	0x7f, 0x44, 0x54, 0x97, 0x81, 0xa6, 0xa6, 0x54, 
	0x9d, 0x58, 0x8a, 0x85, 0x85, 0x85, 0x94, 0x93, 
	0x93, 0x99, 0x94, 0x00, 0x12, 0x0d, 0x00, 0x00, 
	0x00, 0x0d, 0x12, 0x00, 0x66, 0xa7, 0x99, 0x86, 
	0x86, 0x7b, 0x7c, 0x5d, 0x5c, 0x7b, 0x86, 0x7c, 
	0x8a, 0x7c, 0x35, 0x33, 0x7b, 0x7b, 0x7c, 0x7c, 
	0x7c, 0x7b, 0x7c, 0x8a, 0x7b, 0xa8, 0x94, 0x85, 
	0x85, 0x85, 0x85, 0x85, 0xa5, 0x85, 0x91, 0x86, 
	0x5c, 0x58, 0x97, 0x44, 0xa9, 0x44, 0x5f, 0x97, 
	0x44, 0x7f, 0x94, 0x94, 0x94, 0x94, 0x8a, 0x94, 
	0xaa, 0x85, 0x94, 0x00, 0x12, 0x0d, 0x00, 0x00, 
	0x00, 0x0d, 0x12, 0x00, 0x5d, 0x33, 0x86, 0xab, 
	0x33, 0xa7, 0x86, 0x7c, 0x86, 0x33, 0x86, 0x94, 
	0x89, 0x35, 0x86, 0x95, 0x89, 0x8a, 0xac, 0x35, 
	0x7b, 0x33, 0x5d, 0x57, 0x54, 0x57, 0x99, 0x89, 
	0x94, 0x85, 0x85, 0x94, 0x86, 0x7c, 0x33, 0x7f, 
	0xa3, 0x5d, 0x9f, 0x72, 0x44, 0x7d, 0x4f, 0x5e, 
	0x66, 0x33, 0x7a, 0x94, 0x94, 0x35, 0x66, 0x94, 
	0xaa, 0x94, 0x94, 0x00, 0x12, 0x0d, 0x00, 0x00, 
	0x00, 0x0d, 0x12, 0x00, 0x7b, 0x7b, 0x86, 0x7b, 
	0x33, 0x7b, 0x94, 0x94, 0x93, 0x94, 0x94, 0x94, 
	0x7c, 0x5d, 0x44, 0x58, 0x7f, 0x66, 0x58, 0x98, 
	0x54, 0x5f, 0x5f, 0x9d, 0x97, 0x9c, 0x86, 0x8a, 
	0x4c, 0xac, 0x4b, 0x54, 0x44, 0x90, 0x90, 0x66, 
	0x35, 0x58, 0xad, 0x58, 0x72, 0x44, 0xae, 0x53, 
	0x54, 0x9f, 0x35, 0x8a, 0x94, 0x33, 0x4b, 0x86, 
	0x94, 0x94, 0x94, 0x00, 0x12, 0x0d, 0x00, 0x00, 
	0x00, 0x0d, 0x12, 0x00, 0x94, 0x94, 0x86, 0x7c, 
	0x86, 0xa0, 0x94, 0x94, 0x94, 0x94, 0x89, 0x8a, 
	0x5d, 0xaf, 0x5f, 0x9f, 0x90, 0x84, 0x84, 0x6e, 
	0x84, 0x84, 0xa6, 0x44, 0x95, 0x7f, 0x86, 0x74, 
	0x9c, 0x66, 0x58, 0x84, 0x54, 0x98, 0x9c, 0x5d, 
	0x66, 0x5c, 0x70, 0x9f, 0x90, 0x5f, 0x44, 0x58, 
	0x54, 0x9f, 0x58, 0x7c, 0x7c, 0x7b, 0x86, 0x94, 
	0x94, 0x94, 0x86, 0x00, 0x12, 0x0d, 0x00, 0x00, 
	0x00, 0x0d, 0x12, 0x00, 0x7a, 0x85, 0x94, 0x94, 
	0x94, 0x94, 0x94, 0x94, 0x94, 0x94, 0x99, 0x4b, 
	0xb0, 0x54, 0x58, 0x58, 0x90, 0x44, 0x5e, 0x84, 
	0x90, 0xb1, 0x35, 0x7c, 0x94, 0x86, 0x99, 0x94, 
	0x5d, 0x4c, 0xa2, 0x33, 0x5d, 0x7b, 0x7b, 0x5d, 
	0x4b, 0x5d, 0x33, 0x7f, 0x58, 0x5e, 0x74, 0xa3, 
	0x9c, 0x97, 0x57, 0x7f, 0x7f, 0x99, 0x94, 0x94, 
	0x94, 0x94, 0x94, 0x00, 0x12, 0x0d, 0x00, 0x00, 
	0x00, 0x0d, 0x12, 0x00, 0x4b, 0x33, 0x86, 0x99, 
	0xa0, 0x94, 0x94, 0x94, 0x94, 0x94, 0x8a, 0x35, 
	0x7f, 0x33, 0x88, 0x35, 0x66, 0x9c, 0xa3, 0xa3, 
	0xa3, 0x94, 0x94, 0x8a, 0x86, 0x86, 0x93, 0x94, 
	0x7c, 0xa7, 0x7c, 0x86, 0xac, 0x86, 0x8a, 0x7c, 
	0xac, 0xab, 0x7c, 0x8a, 0x33, 0x33, 0x33, 0xa3, 
	0x97, 0x44, 0x35, 0x86, 0x7c, 0x8a, 0x94, 0x94, 
	0x94, 0x94, 0x94, 0x00, 0x12, 0x0d, 0x00, 0x00, 
	0x00, 0x0d, 0x12, 0x00, 0x61, 0x5a, 0xb2, 0xb3, 
	0x89, 0x86, 0x95, 0x89, 0x85, 0x85, 0x85, 0x94, 
	0x8a, 0x89, 0x95, 0x95, 0x86, 0x66, 0x5d, 0xab, 
	0x94, 0x94, 0x94, 0x94, 0x99, 0x99, 0x94, 0x94, 
	0x94, 0x86, 0x35, 0x8a, 0x86, 0xa0, 0xa0, 0x7c, 
	0x86, 0x94, 0xa0, 0x8a, 0x35, 0x33, 0x5d, 0x33, 
	0x7c, 0x8a, 0x94, 0x94, 0x94, 0x94, 0x94, 0x94, 
	0x94, 0x94, 0x94, 0x00, 0x12, 0x0d, 0x00, 0x00, 
	0x00, 0x0d, 0x12, 0x00, 0xb4, 0xb5, 0xb5, 0xb6, 
	0xb7, 0x6c, 0x8a, 0x86, 0x94, 0x86, 0x35, 0x33, 
	0x35, 0x86, 0x7b, 0x35, 0x7c, 0x35, 0x86, 0x94, 
	0x8a, 0x94, 0x94, 0x89, 0x8a, 0x94, 0xb8, 0xb8, 
	0xb9, 0xba, 0xbb, 0xb9, 0x8a, 0x8a, 0x7c, 0x7b, 
	0x35, 0x7d, 0x35, 0x5d, 0x53, 0x8d, 0x33, 0x86, 
	0x89, 0x94, 0x8a, 0x94, 0x94, 0x94, 0x94, 0x94, 
	0x94, 0x94, 0x94, 0x00, 0x12, 0x0d, 0x00, 0x00, 
	0x00, 0x0d, 0x12, 0x00, 0xbc, 0xbc, 0xb6, 0xb7, 
	0xbd, 0xb6, 0xb3, 0x87, 0x7b, 0x4b, 0x5d, 0x35, 
	0x35, 0x7c, 0x7b, 0x35, 0x33, 0x7f, 0x86, 0x8a, 
	0x8a, 0x94, 0x94, 0x87, 0xbe, 0x87, 0xbf, 0xc0, 
	0xc1, 0xc2, 0xc3, 0xc4, 0xb9, 0xc5, 0xc6, 0x35, 
	0x4b, 0x54, 0x53, 0x44, 0x58, 0x86, 0x94, 0x94, 
	0x94, 0x94, 0x94, 0x94, 0x94, 0xaa, 0x94, 0x94, 
	0x94, 0x94, 0x94, 0x00, 0x12, 0x0d, 0x00, 0x00, 
	0x00, 0x0d, 0x12, 0x00, 0xbd, 0xbc, 0xb6, 0xb6, 
	0xb7, 0xc7, 0xb6, 0xb7, 0x6c, 0x7c, 0xac, 0x86, 
	0x8a, 0x8a, 0x8a, 0x8a, 0x86, 0x7c, 0x7c, 0x33, 
	0xa3, 0x7d, 0xc8, 0xc9, 0xca, 0xcb, 0xcc, 0xcd, 
	0xce, 0xcf, 0xd0, 0xd1, 0xd2, 0xd3, 0xd4, 0xbb, 
	0x35, 0x35, 0x95, 0x95, 0x7c, 0x8a, 0x85, 0x94, 
	0x94, 0x94, 0x94, 0x94, 0xa0, 0x94, 0x94, 0x94, 
	0x94, 0x94, 0x94, 0x00, 0x12, 0x0d, 0x00, 0x00, 
	
};

Gfx ttc_dl_Goomb_In_the_Mounains_pal_rgba16_aligner[] = {gsSPEndDisplayList()};
u8 ttc_dl_Goomb_In_the_Mounains_pal_rgba16[] = {
	0x00, 0x01, 0xf5, 0x8f, 0xf7, 0x13, 0xf7, 0x93, 
	0xf7, 0x4f, 0xf7, 0x47, 0xf7, 0x03, 0xf7, 0x01, 
	0xf6, 0xc1, 0xf6, 0x81, 0xf6, 0x41, 0xf6, 0x01, 
	0xf5, 0xc1, 0xf5, 0x81, 0xf7, 0x8f, 0xf6, 0x4f, 
	0xf5, 0xcd, 0xf7, 0x15, 0xa8, 0x81, 0xf7, 0x53, 
	0xf6, 0xd3, 0xf7, 0x0f, 0x65, 0xb7, 0x6d, 0xf7, 
	0x6d, 0xf9, 0x6d, 0xb7, 0x5d, 0x75, 0x55, 0x33, 
	0x55, 0x73, 0x4c, 0xf1, 0x4c, 0xb1, 0x4c, 0xef, 
	0xf6, 0xc7, 0x5d, 0x73, 0x4c, 0xaf, 0xf7, 0x0d, 
	0xf6, 0xc3, 0x65, 0xb5, 0x65, 0x75, 0x5d, 0x33, 
	0xf6, 0x85, 0x55, 0x31, 0x54, 0xf1, 0x54, 0xef, 
	0x5d, 0x2f, 0x6d, 0x2f, 0x85, 0x6f, 0x75, 0x6f, 
	0x5c, 0xed, 0x54, 0xed, 0x5c, 0xef, 0x4c, 0x6b, 
	0x33, 0x25, 0x44, 0x29, 0x65, 0x2f, 0x85, 0xaf, 
	0x95, 0xaf, 0x9d, 0xef, 0xae, 0x31, 0xa6, 0x31, 
	0x95, 0xf1, 0x64, 0xed, 0x64, 0xef, 0x54, 0xad, 
	0x75, 0x2f, 0x8d, 0x6f, 0x64, 0x69, 0x2a, 0xe5, 
	0x6c, 0xab, 0x7d, 0x6f, 0x8d, 0xaf, 0x95, 0xb1, 
	0x8d, 0xb1, 0x9e, 0x31, 0x6d, 0x2d, 0x64, 0xad, 
	0x5c, 0xad, 0x3b, 0x67, 0x0a, 0x23, 0x54, 0x29, 
	0x22, 0xe5, 0x6c, 0x6b, 0x54, 0x27, 0x6c, 0xad, 
	0x7d, 0x2d, 0x7d, 0x2f, 0x65, 0x2d, 0x6c, 0xed, 
	0x64, 0xab, 0x4b, 0xe9, 0x2b, 0x25, 0x1a, 0xa5, 
	0x4c, 0x29, 0x5c, 0xab, 0x54, 0x69, 0x85, 0x6d, 
	0x43, 0xe7, 0x3b, 0xa5, 0x02, 0x25, 0x12, 0x65, 
	0x12, 0xa5, 0x33, 0x67, 0x54, 0xab, 0x6c, 0xef, 
	0x5c, 0xaf, 0x3b, 0xa7, 0x33, 0x65, 0x1a, 0xe5, 
	0x23, 0x25, 0x8d, 0x2d, 0x95, 0xad, 0x95, 0xef, 
	0x5c, 0x6b, 0x4b, 0xe7, 0x7c, 0xed, 0x5c, 0x69, 
	0x33, 0xa7, 0x1b, 0x27, 0x0a, 0xa7, 0x0a, 0xa5, 
	0x12, 0xe7, 0x1a, 0xe7, 0x23, 0x67, 0x44, 0x2b, 
	0x3b, 0xe9, 0x43, 0xe9, 0x23, 0x27, 0x54, 0x6b, 
	0x0a, 0x65, 0x64, 0xa9, 0xa5, 0xef, 0xa6, 0x2f, 
	0x8d, 0x6d, 0x23, 0x69, 0x33, 0xe9, 0x2b, 0x67, 
	0x3b, 0xe7, 0x2b, 0x69, 0x33, 0xa9, 0x2b, 0x65, 
	0x1b, 0x25, 0x4c, 0x2b, 0x8d, 0x71, 0x43, 0xa5, 
	0x85, 0x2d, 0x1b, 0x29, 0x23, 0x29, 0x33, 0xab, 
	0x2b, 0xa9, 0x2b, 0xa7, 0x9d, 0xaf, 0x74, 0xeb, 
	0x75, 0x2d, 0x3b, 0xeb, 0x2b, 0x6b, 0x4c, 0x6d, 
	0x74, 0xed, 0x7d, 0x2b, 0x7c, 0xeb, 0x6c, 0xeb, 
	0x33, 0xeb, 0x2b, 0xab, 0x33, 0xe7, 0x4c, 0x69, 
	0x3c, 0x2d, 0x23, 0x6b, 0x95, 0x6f, 0x44, 0x6b, 
	0x54, 0x6d, 0x5c, 0xa9, 0x23, 0xa9, 0x3c, 0x2b, 
	0x3c, 0x29, 0x54, 0xa9, 0x74, 0xab, 0x7d, 0x6d, 
	0x75, 0x2b, 0x44, 0x27, 0x12, 0x21, 0x1a, 0xa3, 
	0x01, 0x9d, 0x01, 0x9f, 0x09, 0xdf, 0x0a, 0x21, 
	0x1b, 0xad, 0x23, 0xed, 0x2c, 0x2d, 0x34, 0x2d, 
	0x09, 0xe1, 0x01, 0xdf, 0x0b, 0x6d, 0x7b, 0x1b, 
	0x6b, 0x5f, 0x73, 0x5f, 0x73, 0x9f, 0x63, 0x1d, 
	0x5a, 0xdd, 0x2b, 0xed, 0x34, 0x2b, 0x0a, 0x1f, 
	0x1b, 0xed, 0x1b, 0x6b, 0x83, 0x9d, 0xa3, 0x11, 
	0xf2, 0x41, 0xda, 0x81, 0xd2, 0x01, 0xca, 0x01, 
	0xc1, 0xc1, 0xb9, 0x81, 0x6a, 0xdb, 0x72, 0xd9, 
	0x5b, 0xa5, 
};

Gfx ttc_dl_Goomb_In_the_Mounains2_rgba16_aligner[] = {gsSPEndDisplayList()};
u8 ttc_dl_Goomb_In_the_Mounains2_rgba16[] = {
	0x00, 0x01, 0xf5, 0x81, 0xa8, 0x81, 0x00, 0x01, 
	0x01, 0xdf, 0x09, 0xe1, 0x09, 0xdf, 0x09, 0xdf, 
	0x0a, 0x21, 0x0a, 0x1f, 0x09, 0xdf, 0x0a, 0x21, 
	0x23, 0x25, 0x3b, 0xe9, 0x3c, 0x29, 0x33, 0xe9, 
	0x33, 0xa9, 0x33, 0xa9, 0x33, 0xa9, 0x33, 0xa9, 
	0x33, 0xe9, 0x3b, 0xe9, 0x3b, 0xe9, 0x4c, 0x6b, 
	0x4c, 0x69, 0x43, 0xe9, 0x1b, 0xed, 0x1b, 0x6b, 
	0x83, 0x9d, 0xa3, 0x11, 0xf2, 0x41, 0xda, 0x81, 
	0xd2, 0x01, 0xca, 0x01, 0xc1, 0xc1, 0xb9, 0x81, 
	0x6a, 0xdb, 0x72, 0xd9, 0x5b, 0xa5, 0x34, 0x2d, 
	0x44, 0x29, 0x44, 0x29, 0x2b, 0xa7, 0x2b, 0xa7, 
	0x3b, 0xe9, 0x33, 0xa9, 0x23, 0x69, 0x2b, 0xa9, 
	0x2b, 0xa9, 0x2b, 0xa9, 0x2b, 0xa9, 0x2b, 0xa9, 
	0x33, 0xeb, 0x2b, 0xa9, 0x2b, 0xa9, 0x2b, 0xa9, 
	0x2b, 0xa9, 0x2b, 0xa9, 0x2b, 0xa9, 0x00, 0x01, 
	0xa8, 0x81, 0xf5, 0x81, 0x00, 0x01, 0x00, 0x01, 
	0x00, 0x01, 0xf5, 0x81, 0xa8, 0x81, 0x00, 0x01, 
	0x01, 0xdf, 0x09, 0xdf, 0x09, 0xdf, 0x09, 0xdf, 
	0x09, 0xe1, 0x0a, 0x21, 0x0a, 0x21, 0x01, 0xdf, 
	0x09, 0xdf, 0x12, 0x63, 0x23, 0x67, 0x2b, 0xa9, 
	0x2b, 0xa9, 0x2b, 0xa9, 0x2b, 0xa9, 0x2b, 0xa9, 
	0x2b, 0xa9, 0x2b, 0xa7, 0x44, 0x29, 0x4c, 0x6b, 
	0x64, 0xa9, 0x54, 0xaf, 0x6a, 0x95, 0x9b, 0x11, 
	0xf3, 0x01, 0xf2, 0x81, 0xd2, 0x83, 0xd2, 0x81, 
	0xca, 0x81, 0xc2, 0x01, 0xba, 0x01, 0xb1, 0xc3, 
	0xb9, 0x41, 0xa9, 0x41, 0x89, 0x87, 0x3b, 0x23, 
	0x23, 0xed, 0x2b, 0xa7, 0x2b, 0xa9, 0x33, 0xe9, 
	0x33, 0xe9, 0x33, 0xa9, 0x33, 0xa9, 0x2b, 0xa9, 
	0x2b, 0xa9, 0x2b, 0xa9, 0x2b, 0xa9, 0x2b, 0xab, 
	0x33, 0xeb, 0x33, 0xa9, 0x2b, 0xa9, 0x2b, 0xa9, 
	0x2b, 0xa9, 0x2b, 0xa9, 0x2b, 0xa9, 0x00, 0x01, 
	0xa8, 0x81, 0xf5, 0x81, 0x00, 0x01, 0x00, 0x01, 
	0x00, 0x01, 0xf5, 0x81, 0xa8, 0x81, 0x00, 0x01, 
	0x09, 0xdf, 0x09, 0xdf, 0x09, 0xdf, 0x09, 0xe1, 
	0x01, 0xe1, 0x09, 0xdf, 0x09, 0xdf, 0x09, 0xdf, 
	0x09, 0xdf, 0x09, 0xdf, 0x0a, 0x21, 0x23, 0x65, 
	0x2b, 0xa9, 0x2b, 0xa9, 0x33, 0xa9, 0x33, 0xa9, 
	0x2b, 0xa7, 0x33, 0xa9, 0x33, 0xe9, 0x33, 0xa7, 
	0x34, 0x2d, 0x83, 0x9b, 0xe2, 0x81, 0xf2, 0xc1, 
	0xe2, 0x81, 0xe2, 0x81, 0xda, 0x81, 0xd2, 0x41, 
	0xca, 0x01, 0xca, 0x01, 0xc2, 0x01, 0xb1, 0xc1, 
	0x99, 0x81, 0x89, 0x41, 0x91, 0x01, 0x89, 0x05, 
	0x43, 0x23, 0x2b, 0xeb, 0x33, 0xa9, 0x2b, 0xa9, 
	0x2b, 0xa9, 0x2b, 0xa9, 0x33, 0xeb, 0x33, 0xeb, 
	0x2b, 0xa9, 0x2b, 0xa9, 0x2b, 0xa9, 0x2b, 0xa9, 
	0x2b, 0xa9, 0x2b, 0xa9, 0x33, 0xe9, 0x2b, 0xe9, 
	0x2b, 0xa9, 0x2b, 0xa9, 0x2b, 0xa9, 0x00, 0x01, 
	0xa8, 0x81, 0xf5, 0x81, 0x00, 0x01, 0x00, 0x01, 
	0x00, 0x01, 0xf5, 0x81, 0xa8, 0x81, 0x00, 0x01, 
	0x01, 0xe1, 0x09, 0xdf, 0x09, 0xdf, 0x09, 0xe1, 
	0x09, 0xe1, 0x02, 0x21, 0x02, 0x21, 0x01, 0xe1, 
	0x01, 0xe1, 0x02, 0x21, 0x09, 0xe1, 0x0a, 0x21, 
	0x23, 0x65, 0x2b, 0xa9, 0x2b, 0xa9, 0x2b, 0xa9, 
	0x2b, 0xa9, 0x33, 0xa9, 0x33, 0xa7, 0x2b, 0xed, 
	0x7b, 0x5d, 0xb2, 0x01, 0x91, 0x41, 0x78, 0xc1, 
	0x99, 0x83, 0xda, 0x41, 0xe2, 0x81, 0xd2, 0x41, 
	0xca, 0x01, 0xca, 0x01, 0xb2, 0x07, 0x59, 0x89, 
	0x10, 0x03, 0x08, 0x01, 0x10, 0x41, 0x30, 0x01, 
	0x69, 0x07, 0x43, 0x65, 0x23, 0xeb, 0x2b, 0xa9, 
	0x2b, 0xa9, 0x2b, 0xa9, 0x2b, 0xa9, 0x3b, 0xeb, 
	0x44, 0x2b, 0x33, 0xa9, 0x23, 0xa9, 0x23, 0xa9, 
	0x23, 0xa9, 0x2b, 0xa9, 0x2b, 0xab, 0x2b, 0xa9, 
	0x2b, 0xa9, 0x2b, 0xa9, 0x2b, 0xa9, 0x00, 0x01, 
	0xa8, 0x81, 0xf5, 0x81, 0x00, 0x01, 0x00, 0x01, 
	0x00, 0x01, 0xf5, 0x81, 0xa8, 0x81, 0x00, 0x01, 
	0x09, 0xdf, 0x09, 0xdf, 0x09, 0xdf, 0x09, 0xe1, 
	0x0a, 0x21, 0x1a, 0x1f, 0x6a, 0x55, 0x6a, 0x13, 
	0x5a, 0x13, 0x32, 0x1b, 0x12, 0x21, 0x09, 0xe1, 
	0x12, 0x63, 0x2b, 0x67, 0x2b, 0xa9, 0x2b, 0xa9, 
	0x33, 0xa9, 0x2b, 0x67, 0x2b, 0xed, 0x32, 0x17, 
	0x68, 0x81, 0x28, 0x41, 0x08, 0x05, 0x08, 0x8b, 
	0x32, 0x57, 0x92, 0x91, 0xd2, 0x41, 0xda, 0x41, 
	0xca, 0x01, 0x99, 0x83, 0x5b, 0x17, 0x43, 0x5d, 
	0x53, 0x5d, 0x4a, 0x13, 0x18, 0x43, 0x00, 0x01, 
	0x50, 0x81, 0x71, 0x47, 0x33, 0x25, 0x2b, 0xa9, 
	0x2b, 0xa9, 0x2b, 0xa9, 0x2b, 0xa9, 0x2b, 0xa9, 
	0x2b, 0xa9, 0x2b, 0xab, 0x3b, 0xa9, 0x7b, 0x19, 
	0x7b, 0x17, 0x6a, 0xd9, 0x4b, 0x63, 0x33, 0xa9, 
	0x2b, 0xa9, 0x2b, 0xa9, 0x2b, 0xa9, 0x00, 0x01, 
	0xa8, 0x81, 0xf5, 0x81, 0x00, 0x01, 0x00, 0x01, 
	0x00, 0x01, 0xf5, 0x81, 0xa8, 0x81, 0x00, 0x01, 
	0x0a, 0x21, 0x0a, 0x1f, 0x09, 0xdf, 0x0a, 0x21, 
	0x62, 0x55, 0xd2, 0x85, 0xe2, 0x81, 0xd2, 0x41, 
	0xc1, 0xc1, 0xa9, 0x41, 0x69, 0x8b, 0x1a, 0x1d, 
	0x09, 0xe1, 0x22, 0xe5, 0x33, 0xe9, 0x33, 0xa9, 
	0x33, 0xa9, 0x33, 0xa7, 0x1b, 0xed, 0x72, 0xd9, 
	0xa1, 0x41, 0x81, 0x85, 0xb5, 0x27, 0xce, 0xf7, 
	0xa6, 0xb5, 0x74, 0x21, 0x99, 0x83, 0xe2, 0x41, 
	0xb9, 0x81, 0x6a, 0x4b, 0x8d, 0x69, 0xe7, 0x3b, 
	0xf7, 0xbd, 0xdf, 0x37, 0xa3, 0x95, 0x81, 0x41, 
	0x79, 0x01, 0x60, 0x81, 0x38, 0x01, 0x2b, 0xa9, 
	0x2b, 0xa9, 0x2b, 0xa9, 0x33, 0xa9, 0x33, 0xa9, 
	0x33, 0xeb, 0x7b, 0x5b, 0xda, 0xc7, 0xe2, 0x81, 
	0xca, 0x41, 0xc1, 0xc1, 0xa1, 0x41, 0x72, 0x0f, 
	0x3b, 0x65, 0x2b, 0xa9, 0x1a, 0xe5, 0x00, 0x01, 
	0xa8, 0x81, 0xf5, 0x81, 0x00, 0x01, 0x00, 0x01, 
	0x00, 0x01, 0xf5, 0x81, 0xa8, 0x81, 0x00, 0x01, 
	0x12, 0x61, 0x12, 0x1f, 0x0a, 0x21, 0x41, 0x91, 
	0x81, 0x43, 0x91, 0xc7, 0xd2, 0x81, 0xd2, 0x01, 
	0x92, 0x07, 0x49, 0x8b, 0x40, 0x41, 0x49, 0x0b, 
	0x1a, 0x1f, 0x0a, 0x21, 0x23, 0x25, 0x2b, 0xe9, 
	0x2b, 0xa9, 0x2b, 0xa9, 0x23, 0x67, 0x9a, 0xd3, 
	0xf2, 0xc3, 0xe4, 0xe1, 0xe7, 0x7b, 0xef, 0xbb, 
	0xf7, 0xbd, 0xce, 0xf9, 0x92, 0xd1, 0xd9, 0xc1, 
	0xa9, 0xc3, 0x9d, 0x27, 0xf7, 0xbd, 0xf7, 0x7b, 
	0xe6, 0xf7, 0xde, 0xf7, 0xc5, 0xad, 0x92, 0x4d, 
	0x79, 0x01, 0x68, 0xc1, 0x48, 0x41, 0x2a, 0x9f, 
	0x2b, 0xa9, 0x2b, 0xa9, 0x2b, 0xa9, 0x23, 0xa9, 
	0x52, 0x95, 0x81, 0x03, 0x91, 0xc7, 0xd2, 0x81, 
	0xca, 0x01, 0x92, 0x07, 0x49, 0x8d, 0x38, 0x41, 
	0x51, 0x8d, 0x22, 0xe3, 0x0a, 0x63, 0x00, 0x01, 
	0xa8, 0x81, 0xf5, 0x81, 0x00, 0x01, 0x00, 0x01, 
	0x00, 0x01, 0xf5, 0x81, 0xa8, 0x81, 0x00, 0x01, 
	0x1a, 0x61, 0x12, 0x61, 0x2a, 0x1b, 0x89, 0x85, 
	0x94, 0x1f, 0x95, 0xb1, 0xba, 0xcb, 0xb9, 0x81, 
	0x95, 0x29, 0xbe, 0xb5, 0x8b, 0x9b, 0x68, 0x81, 
	0x41, 0x0d, 0x0a, 0x1f, 0x12, 0x61, 0x23, 0x25, 
	0x2b, 0xa7, 0x23, 0xeb, 0x62, 0xd9, 0xd9, 0xc1, 
	0xdb, 0x4d, 0xde, 0xb3, 0xe7, 0x7d, 0xe7, 0x7b, 
	0xef, 0x39, 0xce, 0xb5, 0x94, 0x1d, 0xa9, 0x41, 
	0x92, 0x0b, 0x7c, 0xa5, 0xc6, 0x73, 0xef, 0x7b, 
	0xe6, 0xf7, 0xd6, 0xb5, 0xc6, 0x31, 0x93, 0x59, 
	0x70, 0xc1, 0x68, 0xc1, 0x50, 0x41, 0x30, 0x01, 
	0x2b, 0xa9, 0x2b, 0xa9, 0x23, 0xa9, 0x43, 0x21, 
	0x89, 0xc7, 0x94, 0x21, 0x95, 0xb1, 0xba, 0x8b, 
	0xb1, 0x81, 0x95, 0x6b, 0xbe, 0x75, 0x83, 0x99, 
	0x68, 0x81, 0x39, 0x4d, 0x12, 0x63, 0x00, 0x01, 
	0xa8, 0x81, 0xf5, 0x81, 0x00, 0x01, 0x00, 0x01, 
	0x00, 0x01, 0xf5, 0x81, 0xa8, 0x81, 0x00, 0x01, 
	0x12, 0x5f, 0x0a, 0xa5, 0x5a, 0x13, 0xe4, 0x15, 
	0xf7, 0xbb, 0xdf, 0x37, 0x93, 0x57, 0x92, 0x8f, 
	0xa5, 0xaf, 0xf7, 0xbb, 0xc5, 0xed, 0x81, 0x89, 
	0x48, 0x01, 0x19, 0xdb, 0x0a, 0x21, 0x12, 0x1f, 
	0x23, 0x25, 0x23, 0xab, 0x6b, 0x5d, 0xe2, 0x81, 
	0xdc, 0x59, 0xe7, 0x37, 0xe7, 0x39, 0xe7, 0x39, 
	0xde, 0xb5, 0x63, 0x5b, 0x29, 0xcf, 0xc4, 0x19, 
	0x8b, 0x9b, 0x09, 0x4b, 0x94, 0xa5, 0xef, 0x39, 
	0xde, 0xf7, 0xc6, 0x73, 0xbe, 0x73, 0x93, 0xdd, 
	0x70, 0xc1, 0x60, 0x81, 0x48, 0x41, 0x30, 0xc5, 
	0x23, 0xa9, 0x2b, 0xa9, 0x1b, 0xed, 0x6a, 0xd7, 
	0xe4, 0x55, 0xf7, 0xbb, 0xde, 0xf7, 0x8b, 0x55, 
	0x92, 0x8f, 0xad, 0xef, 0xf7, 0xbd, 0xc5, 0xed, 
	0x81, 0x89, 0x48, 0x41, 0x12, 0x1b, 0x00, 0x01, 
	0xa8, 0x81, 0xf5, 0x81, 0x00, 0x01, 0x00, 0x01, 
	0x00, 0x01, 0xf5, 0x81, 0xa8, 0x81, 0x00, 0x01, 
	0x12, 0x1f, 0x0a, 0x61, 0x72, 0x0d, 0xe4, 0x99, 
	0xe7, 0xbd, 0xdf, 0x39, 0xb4, 0xe5, 0xac, 0x5f, 
	0xbe, 0x73, 0xdf, 0x39, 0x9c, 0xe7, 0x71, 0x47, 
	0x40, 0x41, 0x11, 0xd9, 0x0a, 0x23, 0x0a, 0x21, 
	0x12, 0x1f, 0x02, 0xe7, 0x5b, 0x1b, 0xe2, 0x81, 
	0xd4, 0x9d, 0xe7, 0x7b, 0xe7, 0x7b, 0xe7, 0x7b, 
	0xe7, 0x39, 0xa5, 0xad, 0x94, 0xe9, 0xed, 0xa7, 
	0xcd, 0xeb, 0x95, 0x6d, 0xce, 0xb5, 0xe6, 0xf7, 
	0xce, 0x73, 0xc6, 0x31, 0xb5, 0xef, 0x8b, 0x17, 
	0x70, 0xc1, 0x60, 0xc1, 0x40, 0x41, 0x30, 0xc5, 
	0x23, 0xa9, 0x2b, 0xa9, 0x23, 0xab, 0x82, 0x91, 
	0xe4, 0x99, 0xe7, 0xbd, 0xd7, 0x39, 0xb4, 0xe5, 
	0xac, 0x5f, 0xbe, 0x73, 0xdf, 0x39, 0x9c, 0xe5, 
	0x71, 0x07, 0x40, 0x41, 0x3b, 0x1f, 0x00, 0x01, 
	0xa8, 0x81, 0xf5, 0x81, 0x00, 0x01, 0x00, 0x01, 
	0x00, 0x01, 0xf5, 0x81, 0xa8, 0x81, 0x00, 0x01, 
	0x12, 0x21, 0x1a, 0x1d, 0x92, 0x09, 0xd2, 0x45, 
	0xdd, 0x25, 0xcd, 0x67, 0x9a, 0x8f, 0x91, 0xc7, 
	0x93, 0x9b, 0x9c, 0x1d, 0x8a, 0x0d, 0x50, 0x41, 
	0x38, 0x41, 0x11, 0x99, 0x0a, 0x23, 0x12, 0x61, 
	0x0a, 0x63, 0x21, 0xdb, 0xa2, 0x07, 0xd2, 0x41, 
	0xd2, 0xcd, 0xe6, 0x2f, 0xef, 0xbd, 0xe7, 0x7b, 
	0xef, 0xbd, 0xf7, 0xbd, 0xf6, 0x71, 0xc2, 0x89, 
	0xbb, 0x11, 0xee, 0xf3, 0xef, 0xbd, 0xd6, 0xf7, 
	0xce, 0x75, 0xbe, 0x73, 0x9c, 0x61, 0x79, 0x87, 
	0x68, 0x81, 0x58, 0x81, 0x40, 0x41, 0x30, 0xc5, 
	0x23, 0x69, 0x23, 0x67, 0x33, 0x25, 0x92, 0x49, 
	0xd2, 0x45, 0xdd, 0x65, 0xcd, 0x67, 0x9a, 0x8f, 
	0x91, 0xc7, 0x93, 0x9b, 0x9c, 0x1d, 0x8a, 0x0d, 
	0x50, 0x41, 0x30, 0x01, 0x74, 0x63, 0x00, 0x01, 
	0xa8, 0x81, 0xf5, 0x81, 0x00, 0x01, 0x00, 0x01, 
	0x00, 0x01, 0xf5, 0x81, 0xa8, 0x81, 0x00, 0x01, 
	0x09, 0xe1, 0x09, 0xdd, 0x71, 0xc9, 0xb1, 0x41, 
	0xa2, 0x8d, 0x69, 0xcb, 0x80, 0xc1, 0x91, 0x01, 
	0x68, 0x41, 0x41, 0x07, 0x40, 0xc5, 0x38, 0x01, 
	0x30, 0x85, 0x09, 0x9b, 0x02, 0x23, 0x0a, 0x21, 
	0x02, 0x25, 0x31, 0xd9, 0xc1, 0xc1, 0xd2, 0x01, 
	0xd2, 0x01, 0xe3, 0x91, 0xe6, 0xb3, 0xdf, 0xbd, 
	0xee, 0xb1, 0xcc, 0xa1, 0x89, 0xc9, 0x78, 0xc1, 
	0x80, 0xc1, 0x69, 0x89, 0x8b, 0x57, 0xb4, 0x1f, 
	0xac, 0x5f, 0x9b, 0x57, 0x81, 0x45, 0x68, 0x81, 
	0x58, 0x81, 0x48, 0x41, 0x38, 0x41, 0x30, 0xc5, 
	0x1b, 0x27, 0x1a, 0xe5, 0x22, 0xa3, 0x79, 0xc9, 
	0xb1, 0x41, 0xa2, 0xcf, 0x69, 0xcb, 0x80, 0xc1, 
	0x91, 0x01, 0x60, 0x41, 0x41, 0x07, 0x40, 0xc5, 
	0x38, 0x01, 0x38, 0xc7, 0x32, 0xdf, 0x08, 0x01, 
	0xa8, 0x81, 0xf5, 0x81, 0x00, 0x01, 0x00, 0x01, 
	0x00, 0x01, 0xf5, 0x81, 0xa8, 0x81, 0x00, 0x01, 
	0x2a, 0xa1, 0x22, 0xa1, 0x42, 0x57, 0x79, 0x45, 
	0x59, 0x05, 0x59, 0x47, 0x58, 0x41, 0x40, 0x41, 
	0x40, 0x41, 0x38, 0x41, 0x18, 0x01, 0x21, 0x09, 
	0x32, 0x99, 0x32, 0xdd, 0x32, 0xdb, 0x32, 0xd9, 
	0x2a, 0xdb, 0x52, 0x93, 0xba, 0x01, 0xc2, 0x01, 
	0xba, 0x01, 0xb9, 0xc1, 0xca, 0x8b, 0xcb, 0x91, 
	0x92, 0x07, 0x50, 0x83, 0x68, 0xc1, 0x99, 0x81, 
	0x99, 0x41, 0x78, 0xc1, 0x48, 0x41, 0x38, 0x01, 
	0x61, 0x89, 0x82, 0x4d, 0x68, 0x81, 0x58, 0x81, 
	0x40, 0x41, 0x38, 0x41, 0x38, 0x41, 0x30, 0x81, 
	0x3a, 0xd7, 0x3a, 0xd7, 0x32, 0xd7, 0x4a, 0x4f, 
	0x79, 0x43, 0x59, 0x05, 0x59, 0x47, 0x58, 0x41, 
	0x40, 0x41, 0x38, 0x41, 0x38, 0x41, 0x18, 0x01, 
	0x29, 0x07, 0x32, 0x53, 0x2a, 0x97, 0x18, 0x01, 
	0xa8, 0x81, 0xf5, 0x81, 0x00, 0x01, 0x00, 0x01, 
	0x00, 0x01, 0xf5, 0x81, 0xa8, 0x81, 0x00, 0x01, 
	0x43, 0x0b, 0x43, 0x0b, 0x42, 0xcb, 0x3b, 0x0b, 
	0x3a, 0x49, 0x31, 0x87, 0x63, 0x0d, 0xa4, 0xd3, 
	0x9c, 0x93, 0x73, 0x0b, 0x49, 0x85, 0x42, 0x47, 
	0x3a, 0x87, 0x32, 0x87, 0x32, 0x87, 0x32, 0x87, 
	0x32, 0x87, 0x42, 0x05, 0x91, 0x41, 0xb1, 0xc1, 
	0xa9, 0xc1, 0xa9, 0x81, 0xaa, 0x47, 0xac, 0x5f, 
	0x20, 0x85, 0x50, 0x41, 0x99, 0x81, 0x91, 0x41, 
	0x91, 0x41, 0x91, 0x41, 0x81, 0x01, 0x48, 0x41, 
	0x42, 0x11, 0x5a, 0x95, 0x30, 0x01, 0x38, 0x41, 
	0x38, 0x41, 0x38, 0x41, 0x38, 0x41, 0x38, 0x81, 
	0x32, 0x45, 0x32, 0x45, 0x32, 0x85, 0x32, 0x47, 
	0x2a, 0x47, 0x32, 0x05, 0x31, 0x45, 0x63, 0x0b, 
	0xa4, 0xd3, 0x94, 0x93, 0x6b, 0x0b, 0x41, 0x83, 
	0x42, 0x05, 0x32, 0x47, 0x32, 0x47, 0x20, 0x01, 
	0xa8, 0x81, 0xf5, 0x81, 0x00, 0x01, 0x00, 0x01, 
	0x00, 0x01, 0xf5, 0x81, 0xa8, 0x81, 0x00, 0x01, 
	0x3a, 0xc7, 0x3a, 0xc7, 0x32, 0xc7, 0x52, 0x85, 
	0xaa, 0x83, 0xb2, 0x01, 0xa2, 0xc9, 0xde, 0x9b, 
	0xce, 0x19, 0xd3, 0x05, 0xea, 0x41, 0xb9, 0xc1, 
	0x61, 0x03, 0x32, 0x07, 0x32, 0x87, 0x32, 0x47, 
	0x32, 0x89, 0x2a, 0x07, 0x61, 0x01, 0xa9, 0xc1, 
	0x91, 0x81, 0x99, 0x81, 0x71, 0x87, 0x84, 0x63, 
	0x82, 0x4f, 0x91, 0x41, 0x91, 0x41, 0x89, 0x01, 
	0x79, 0x01, 0x70, 0xc1, 0x70, 0xc1, 0x60, 0x81, 
	0x49, 0x07, 0x28, 0xc7, 0x10, 0x01, 0x30, 0x41, 
	0x30, 0x41, 0x38, 0x01, 0x29, 0x03, 0x2a, 0x87, 
	0x2a, 0x47, 0x32, 0x89, 0x32, 0x87, 0x2a, 0x47, 
	0x52, 0x87, 0xb2, 0xc3, 0xb1, 0xc1, 0xa2, 0xc9, 
	0xde, 0x9b, 0xce, 0x17, 0xd3, 0x05, 0xea, 0x81, 
	0xb9, 0xc1, 0x61, 0x43, 0x32, 0x07, 0x30, 0x01, 
	0xa8, 0x81, 0xf5, 0x81, 0x00, 0x01, 0x00, 0x01, 
	0x00, 0x01, 0xf5, 0x81, 0xa8, 0x81, 0x08, 0x01, 
	0x43, 0x49, 0x43, 0x07, 0x3b, 0x07, 0x72, 0x03, 
	0x91, 0x01, 0x89, 0x01, 0x70, 0x41, 0x51, 0x85, 
	0x9b, 0x0b, 0xa9, 0x41, 0x79, 0x81, 0x61, 0x01, 
	0x50, 0x81, 0x3a, 0x45, 0x3b, 0x07, 0x43, 0x07, 
	0x43, 0x07, 0x33, 0x07, 0x53, 0x07, 0x81, 0x81, 
	0x80, 0xc1, 0x81, 0x01, 0x58, 0x41, 0x61, 0x45, 
	0x81, 0x01, 0x68, 0xc1, 0x58, 0x81, 0x58, 0x41, 
	0x48, 0x41, 0x38, 0x01, 0x30, 0x01, 0x30, 0x01, 
	0x30, 0x01, 0x38, 0x01, 0x30, 0x01, 0x28, 0x01, 
	0x29, 0x03, 0x39, 0x03, 0x3a, 0x87, 0x32, 0xc7, 
	0x32, 0xc7, 0x3a, 0xc7, 0x3a, 0xc7, 0x2a, 0x87, 
	0x69, 0xc3, 0x91, 0x01, 0x89, 0x01, 0x68, 0x41, 
	0x51, 0x85, 0x9b, 0x0b, 0xa9, 0x41, 0x71, 0x41, 
	0x61, 0x01, 0x48, 0x81, 0x29, 0xc5, 0x38, 0x01, 
	0xa8, 0x81, 0xf5, 0x81, 0x00, 0x01, 0x00, 0x01, 
	0x00, 0x01, 0xf5, 0x81, 0xa8, 0x81, 0x18, 0x01, 
	0x43, 0x47, 0x43, 0x07, 0x43, 0x07, 0x32, 0x45, 
	0x21, 0x45, 0x29, 0x43, 0x31, 0x45, 0x31, 0x03, 
	0x41, 0x85, 0x31, 0x43, 0x22, 0x05, 0x2a, 0x05, 
	0x32, 0x45, 0x42, 0xc7, 0x43, 0x07, 0x4b, 0x47, 
	0x4b, 0x47, 0x4b, 0x47, 0x3b, 0x47, 0x42, 0x45, 
	0x51, 0x83, 0x52, 0x05, 0x49, 0x05, 0x40, 0x43, 
	0x30, 0x43, 0x38, 0x03, 0x30, 0x01, 0x28, 0x01, 
	0x28, 0x01, 0x30, 0x83, 0x38, 0xc3, 0x41, 0x05, 
	0x49, 0x45, 0x30, 0x83, 0x20, 0x81, 0x18, 0x81, 
	0x32, 0x05, 0x43, 0x49, 0x3a, 0xc7, 0x3b, 0x07, 
	0x3a, 0xc7, 0x3a, 0xc7, 0x3a, 0xc7, 0x32, 0xc7, 
	0x2a, 0x05, 0x21, 0x03, 0x21, 0x03, 0x29, 0x45, 
	0x29, 0x03, 0x39, 0x45, 0x29, 0x03, 0x11, 0x85, 
	0x19, 0x85, 0x21, 0xc5, 0x2a, 0x45, 0x40, 0x01, 
	0xa8, 0x81, 0xf5, 0x81, 0x00, 0x01, 0x00, 0x01, 
	0x00, 0x01, 0xf5, 0x81, 0xa8, 0x81, 0x40, 0x01, 
	0x4b, 0x89, 0x4b, 0x89, 0x43, 0x47, 0x43, 0x07, 
	0x43, 0x07, 0x3a, 0xc7, 0x32, 0x85, 0x2a, 0x45, 
	0x2a, 0x05, 0x2a, 0x45, 0x32, 0x85, 0x3a, 0x85, 
	0x3a, 0x85, 0x3a, 0xc7, 0x3a, 0xc7, 0x43, 0x07, 
	0x43, 0x07, 0x43, 0x07, 0x43, 0x07, 0x43, 0x47, 
	0x3b, 0x47, 0x43, 0x47, 0x32, 0xc9, 0x32, 0x87, 
	0x32, 0x89, 0x32, 0x45, 0x5b, 0x09, 0xa4, 0xd3, 
	0x9c, 0x93, 0xac, 0x93, 0xad, 0x15, 0x9c, 0x93, 
	0x7b, 0x4f, 0x41, 0xc7, 0x2a, 0xc7, 0x2a, 0xc7, 
	0x33, 0x47, 0x43, 0x47, 0x43, 0x07, 0x43, 0x07, 
	0x43, 0x07, 0x43, 0x07, 0x43, 0x07, 0x3a, 0xc7, 
	0x3b, 0x07, 0x43, 0x07, 0x32, 0xc7, 0x2a, 0x85, 
	0x2a, 0x45, 0x2a, 0x45, 0x2a, 0x45, 0x3a, 0x87, 
	0x3a, 0xc7, 0x3a, 0xc7, 0x32, 0xc5, 0x40, 0x01, 
	0xa8, 0x81, 0xf5, 0x81, 0x00, 0x01, 0x00, 0x01, 
	0x00, 0x01, 0xf5, 0x81, 0xa8, 0x81, 0x40, 0x01, 
	0x5b, 0xc9, 0x5c, 0x09, 0x5b, 0xc9, 0x5b, 0xc7, 
	0x5b, 0xc9, 0x53, 0x87, 0x53, 0x47, 0x4b, 0x47, 
	0x4b, 0x07, 0x4b, 0x07, 0x4b, 0x47, 0x4b, 0x47, 
	0x4b, 0x47, 0x4b, 0x47, 0x4b, 0x47, 0x43, 0x47, 
	0x43, 0x47, 0x43, 0x47, 0x4b, 0x47, 0x4b, 0x47, 
	0x43, 0x07, 0x43, 0x47, 0x6a, 0xc5, 0x72, 0x03, 
	0x6a, 0x05, 0x62, 0x03, 0x9c, 0xd1, 0xf7, 0xa1, 
	0xf7, 0x9f, 0xf7, 0x9d, 0xce, 0x9b, 0x9d, 0x97, 
	0x93, 0x4d, 0xaa, 0x43, 0xa2, 0x83, 0x9a, 0x43, 
	0x8a, 0x03, 0x69, 0xc3, 0x43, 0x07, 0x43, 0x87, 
	0x43, 0x47, 0x43, 0x47, 0x3b, 0x07, 0x43, 0x07, 
	0x43, 0x07, 0x43, 0x07, 0x3b, 0x07, 0x3a, 0xc7, 
	0x3a, 0xc7, 0x3a, 0xc7, 0x3a, 0xc7, 0x3a, 0xc7, 
	0x3a, 0xc7, 0x32, 0x87, 0x32, 0xc7, 0x40, 0x01, 
	0xa8, 0x81, 0xf5, 0x81, 0x00, 0x01, 0x00, 0x01, 
	0x00, 0x01, 0xf5, 0x81, 0xa8, 0x81, 0x40, 0x01, 
	0x64, 0x89, 0x64, 0x49, 0x64, 0x49, 0x64, 0x49, 
	0x5c, 0x49, 0x64, 0x49, 0x5c, 0x09, 0x64, 0x09, 
	0x5c, 0x09, 0x5c, 0x09, 0x5c, 0x09, 0x53, 0xc9, 
	0x5c, 0x09, 0x5c, 0x09, 0x5c, 0x09, 0x5c, 0x09, 
	0x5b, 0xc9, 0x53, 0xc9, 0x53, 0xc9, 0x53, 0xc7, 
	0x4b, 0xc9, 0x72, 0xc5, 0xca, 0x41, 0xca, 0x01, 
	0xb1, 0x81, 0x99, 0x41, 0x91, 0xc3, 0xb4, 0x4f, 
	0xee, 0x9b, 0xde, 0x9b, 0xb5, 0x55, 0xac, 0x0d, 
	0xda, 0xc3, 0xf2, 0x81, 0xea, 0x41, 0xea, 0x41, 
	0xc9, 0xc1, 0x99, 0x41, 0x69, 0x41, 0x30, 0xc3, 
	0x4b, 0x47, 0x43, 0x47, 0x43, 0x47, 0x43, 0x47, 
	0x43, 0x47, 0x43, 0x47, 0x43, 0x47, 0x4b, 0x47, 
	0x43, 0x45, 0x43, 0x47, 0x43, 0x47, 0x43, 0x47, 
	0x43, 0x07, 0x43, 0x07, 0x43, 0x47, 0x40, 0x01, 
	0xa8, 0x81, 0xf5, 0x81, 0x00, 0x01, 0x00, 0x01, 
	0x00, 0x01, 0xf5, 0x81, 0xa8, 0x81, 0x40, 0x01, 
	0x6c, 0x89, 0x6c, 0x89, 0x6c, 0x89, 0x64, 0x89, 
	0x64, 0x49, 0x64, 0x89, 0x64, 0x49, 0x6c, 0x89, 
	0x64, 0x49, 0x5c, 0x09, 0x5c, 0x09, 0x5c, 0x09, 
	0x5c, 0x09, 0x53, 0xc9, 0x53, 0xc9, 0x5c, 0x09, 
	0x54, 0x09, 0x5c, 0x09, 0x5b, 0xc9, 0x4c, 0x09, 
	0x8a, 0x83, 0xda, 0x41, 0xea, 0xc1, 0xe2, 0x81, 
	0xd2, 0x41, 0xb1, 0xc1, 0x91, 0x01, 0x69, 0x01, 
	0x94, 0x4f, 0xbe, 0x5b, 0xad, 0x13, 0xda, 0xc3, 
	0xf2, 0x81, 0xea, 0x81, 0xe2, 0x81, 0xca, 0x01, 
	0xb9, 0xc1, 0xa1, 0x81, 0x89, 0x01, 0x50, 0x81, 
	0x53, 0xc7, 0x53, 0xc7, 0x53, 0xc7, 0x53, 0xc7, 
	0x4b, 0x87, 0x4b, 0x87, 0x4b, 0x87, 0x4b, 0x87, 
	0x4b, 0x87, 0x4b, 0x87, 0x4b, 0x87, 0x4b, 0x87, 
	0x4b, 0x85, 0x4b, 0x87, 0x4b, 0x87, 0x40, 0x01, 
	0xa8, 0x81, 0xf5, 0x81, 0x00, 0x01, 0x00, 0x01, 
	0x00, 0x01, 0xf5, 0x81, 0xa8, 0x81, 0x40, 0x01, 
	0x7c, 0xc9, 0x7c, 0xc9, 0x7c, 0xc9, 0x74, 0x89, 
	0x6c, 0x89, 0x6c, 0x89, 0x6c, 0x89, 0x6c, 0x89, 
	0x6c, 0x89, 0x64, 0x49, 0x5c, 0x49, 0x64, 0x49, 
	0x5c, 0x49, 0x5c, 0x47, 0x64, 0x49, 0x64, 0x49, 
	0x5c, 0x49, 0x5c, 0x07, 0x5b, 0x87, 0x43, 0xc7, 
	0x9a, 0x43, 0xa1, 0x01, 0x81, 0x41, 0x89, 0x01, 
	0x91, 0x01, 0x91, 0x41, 0x91, 0x41, 0x68, 0x81, 
	0x49, 0x43, 0x8c, 0x51, 0xb3, 0x8d, 0xd2, 0x01, 
	0xc1, 0xc1, 0x99, 0x81, 0x81, 0x01, 0x68, 0x81, 
	0x58, 0x41, 0x48, 0x41, 0x40, 0x01, 0x40, 0x41, 
	0x5c, 0x05, 0x5c, 0x45, 0x64, 0x47, 0x5c, 0x47, 
	0x5c, 0x07, 0x5c, 0x07, 0x53, 0xc7, 0x53, 0xc7, 
	0x53, 0xc7, 0x53, 0xc5, 0x54, 0x07, 0x53, 0xc7, 
	0x5c, 0x07, 0x5c, 0x07, 0x5c, 0x07, 0x40, 0x01, 
	0xa8, 0x81, 0xf5, 0x81, 0x00, 0x01, 0x00, 0x01, 
	0x00, 0x01, 0xf5, 0x81, 0xa8, 0x81, 0x40, 0x01, 
	0x6c, 0x89, 0x74, 0x89, 0x7c, 0xc9, 0x7c, 0x89, 
	0x74, 0x89, 0x7c, 0xc9, 0x7d, 0x09, 0x7c, 0xc9, 
	0x74, 0xc9, 0x74, 0xc9, 0x74, 0xc9, 0x74, 0xc9, 
	0x74, 0x89, 0x6c, 0x89, 0x6c, 0x89, 0x6c, 0x89, 
	0x64, 0x49, 0x53, 0xc7, 0x4b, 0x47, 0x43, 0x45, 
	0x39, 0xc5, 0x28, 0x01, 0x28, 0x01, 0x30, 0x01, 
	0x38, 0x01, 0x38, 0x01, 0x40, 0x01, 0x48, 0x41, 
	0x38, 0x01, 0x51, 0x85, 0x89, 0xc7, 0x78, 0x81, 
	0x40, 0x41, 0x31, 0x41, 0x29, 0x01, 0x29, 0x01, 
	0x30, 0xc1, 0x31, 0x01, 0x31, 0x01, 0x30, 0xc1, 
	0x53, 0x85, 0x5c, 0x05, 0x5c, 0x45, 0x64, 0x47, 
	0x64, 0x87, 0x6c, 0x87, 0x6c, 0x87, 0x6c, 0x87, 
	0x6c, 0x87, 0x6c, 0x87, 0x6c, 0x87, 0x6c, 0x87, 
	0x6c, 0x87, 0x6c, 0x87, 0x6c, 0x87, 0x40, 0x01, 
	0xa8, 0x81, 0xf5, 0xc3, 0x00, 0x01, 0x00, 0x01, 
	0x00, 0x01, 0xf5, 0x81, 0xa8, 0x81, 0x40, 0x01, 
	0x7c, 0xc9, 0x7d, 0x09, 0x7d, 0x09, 0x7c, 0xc9, 
	0x85, 0x09, 0x85, 0x09, 0x85, 0x09, 0x85, 0x09, 
	0x7d, 0x09, 0x74, 0xc9, 0x7c, 0xc9, 0x7c, 0xc9, 
	0x74, 0xc9, 0x74, 0xc9, 0x6c, 0x89, 0x6c, 0x87, 
	0x64, 0x87, 0x64, 0x47, 0x53, 0xc7, 0x53, 0x85, 
	0x54, 0x89, 0x42, 0x05, 0x49, 0x83, 0x42, 0x05, 
	0x4a, 0x05, 0x41, 0xc5, 0x31, 0x45, 0x39, 0x45, 
	0x39, 0x43, 0x42, 0x05, 0x42, 0x85, 0x39, 0x43, 
	0x41, 0x43, 0x4b, 0x85, 0x53, 0xc5, 0x53, 0xc5, 
	0x53, 0xc5, 0x53, 0xc5, 0x53, 0xc7, 0x5c, 0x05, 
	0x64, 0x47, 0x6c, 0x87, 0x74, 0xc9, 0x74, 0xc7, 
	0x74, 0xc9, 0x74, 0xc9, 0x7c, 0xc9, 0x74, 0xc9, 
	0x74, 0xc7, 0x74, 0xc9, 0x74, 0xc9, 0x74, 0xc9, 
	0x74, 0xc9, 0x6c, 0x87, 0x6c, 0x87, 0x40, 0x01, 
	0xa8, 0x81, 0xf6, 0x05, 0x00, 0x01, 0x00, 0x01, 
	0x00, 0x01, 0xf5, 0xc3, 0xa8, 0x81, 0x40, 0x01, 
	0x7d, 0x09, 0x7d, 0x0b, 0x7c, 0xc9, 0x74, 0xc9, 
	0x7c, 0xc9, 0x74, 0xc9, 0x6c, 0x89, 0x74, 0xc9, 
	0x6c, 0x89, 0x6c, 0x89, 0x6c, 0x89, 0x74, 0xc9, 
	0x6c, 0x89, 0x6c, 0x89, 0x74, 0x89, 0x74, 0xc7, 
	0x74, 0xc9, 0x6c, 0x89, 0x6c, 0x87, 0x6c, 0x87, 
	0x74, 0x87, 0x74, 0xc7, 0x74, 0xc7, 0x6c, 0xc9, 
	0x6c, 0x89, 0x6c, 0x89, 0x5c, 0x07, 0x53, 0xc7, 
	0x53, 0xc7, 0x53, 0xc7, 0x53, 0x87, 0x53, 0xc7, 
	0x5c, 0x07, 0x64, 0x47, 0x6c, 0x87, 0x64, 0x47, 
	0x6c, 0x87, 0x64, 0x87, 0x64, 0x47, 0x6c, 0x87, 
	0x6c, 0x87, 0x74, 0xc7, 0x74, 0xc9, 0x74, 0xc9, 
	0x7d, 0x09, 0x7d, 0x09, 0x74, 0xc9, 0x74, 0xc9, 
	0x74, 0xc9, 0x74, 0xc9, 0x74, 0xc9, 0x74, 0xc9, 
	0x74, 0xc9, 0x6c, 0x89, 0x6c, 0x89, 0x40, 0x01, 
	0xa8, 0x81, 0xf6, 0xcd, 0x00, 0x01, 0x00, 0x01, 
	0x00, 0x01, 0xf6, 0x45, 0xa8, 0x81, 0x40, 0x01, 
	0x40, 0x01, 0x40, 0x01, 0x7d, 0x09, 0x7d, 0x09, 
	0x7d, 0x09, 0x7d, 0x09, 0x7d, 0x09, 0x7d, 0x09, 
	0x7d, 0x09, 0x7d, 0x07, 0x7d, 0x09, 0x7d, 0x49, 
	0x7d, 0x07, 0x7d, 0x07, 0x7d, 0x07, 0x7d, 0x47, 
	0x7d, 0x07, 0x7d, 0x09, 0x74, 0xc9, 0x75, 0x09, 
	0x75, 0x09, 0x7d, 0x09, 0x7d, 0x09, 0x74, 0xc9, 
	0x74, 0xc7, 0x7d, 0x09, 0x74, 0xc9, 0x74, 0x87, 
	0x74, 0x87, 0x6c, 0x87, 0x6c, 0x87, 0x6c, 0x89, 
	0x6c, 0x87, 0x7d, 0x09, 0x7d, 0x09, 0x7d, 0x09, 
	0x85, 0x49, 0x85, 0x09, 0x85, 0x09, 0x85, 0x49, 
	0x85, 0x09, 0x85, 0x09, 0x7d, 0x09, 0x74, 0xc9, 
	0x7c, 0xc7, 0x74, 0xc7, 0x7d, 0x09, 0x74, 0xc7, 
	0x74, 0xc7, 0x7c, 0xc9, 0x74, 0xc7, 0x7c, 0xc9, 
	0x7c, 0xc9, 0x40, 0x01, 0x40, 0x01, 0x40, 0x01, 
	0xa8, 0x81, 0xf7, 0x13, 0x00, 0x01, 0x00, 0x01, 
	0x00, 0x01, 0xf7, 0x0f, 0xa8, 0x81, 0xa8, 0x81, 
	0xa8, 0x81, 0x40, 0x01, 0x85, 0x89, 0x8d, 0x89, 
	0x85, 0x49, 0x85, 0x49, 0x8d, 0x89, 0x8d, 0x89, 
	0x8d, 0x89, 0x85, 0x49, 0x85, 0x49, 0x85, 0x49, 
	0x85, 0x49, 0x85, 0x49, 0x7d, 0x49, 0x7d, 0x09, 
	0x7d, 0x09, 0x7d, 0x09, 0x7d, 0x09, 0x85, 0x49, 
	0x7d, 0x49, 0x85, 0x49, 0x85, 0x49, 0x85, 0x49, 
	0x85, 0x49, 0x85, 0x49, 0x85, 0x49, 0x85, 0x49, 
	0x8d, 0x49, 0x85, 0x49, 0x85, 0x89, 0x85, 0x49, 
	0x8d, 0x49, 0x8d, 0x49, 0x8d, 0x49, 0x8d, 0x49, 
	0x85, 0x49, 0x85, 0x49, 0x85, 0x49, 0x8d, 0x4b, 
	0x85, 0x49, 0x7d, 0x09, 0x7d, 0x09, 0x7d, 0x09, 
	0x75, 0x09, 0x74, 0xc9, 0x85, 0x49, 0x85, 0x49, 
	0x85, 0x09, 0x85, 0x49, 0x85, 0x49, 0x7d, 0x09, 
	0x7d, 0x09, 0x40, 0x01, 0xa8, 0x81, 0xa8, 0x81, 
	0xa8, 0x81, 0xf7, 0x53, 0x00, 0x01, 0x00, 0x01, 
	0x00, 0x01, 0xf7, 0x53, 0xf7, 0x53, 0xf7, 0x51, 
	0xa8, 0x81, 0x40, 0x01, 0x40, 0x01, 0x40, 0x01, 
	0x40, 0x01, 0x40, 0x01, 0x40, 0x01, 0x40, 0x01, 
	0x40, 0x01, 0x40, 0x01, 0x40, 0x01, 0x40, 0x01, 
	0x40, 0x01, 0x40, 0x01, 0x40, 0x01, 0x40, 0x01, 
	0x40, 0x01, 0x40, 0x01, 0x40, 0x01, 0x40, 0x01, 
	0x40, 0x01, 0x40, 0x01, 0x40, 0x01, 0x40, 0x01, 
	0x40, 0x01, 0x40, 0x01, 0x40, 0x01, 0x40, 0x01, 
	0x40, 0x01, 0x40, 0x01, 0x40, 0x01, 0x40, 0x01, 
	0x40, 0x01, 0x40, 0x01, 0x40, 0x01, 0x40, 0x01, 
	0x40, 0x01, 0x40, 0x01, 0x40, 0x01, 0x40, 0x01, 
	0x40, 0x01, 0x40, 0x01, 0x40, 0x01, 0x40, 0x01, 
	0x40, 0x01, 0x40, 0x01, 0x40, 0x01, 0x40, 0x01, 
	0x40, 0x01, 0x40, 0x01, 0x40, 0x01, 0x40, 0x01, 
	0x40, 0x01, 0x40, 0x01, 0xa8, 0x81, 0xf7, 0x53, 
	0xf7, 0x53, 0xf7, 0x53, 0x00, 0x01, 0x00, 0x01, 
	0x00, 0x01, 0xe3, 0xc9, 0xe3, 0xc9, 0xf7, 0x53, 
	0xa8, 0x81, 0xa8, 0x81, 0xa8, 0x81, 0xa8, 0x81, 
	0xa8, 0x81, 0xa8, 0x81, 0xa8, 0x81, 0xa8, 0x81, 
	0xa8, 0x81, 0xa8, 0x81, 0xa8, 0x81, 0xa8, 0x81, 
	0xa8, 0x81, 0xa8, 0x81, 0xa8, 0x81, 0xa8, 0x81, 
	0xa8, 0x81, 0xa8, 0x81, 0xa8, 0x81, 0xa8, 0x81, 
	0xa8, 0x81, 0xa8, 0x81, 0xa8, 0x81, 0xa8, 0x81, 
	0xa8, 0x81, 0xa8, 0x81, 0xa8, 0x81, 0xa8, 0x81, 
	0xa8, 0x81, 0xa8, 0x81, 0xa8, 0x81, 0xa8, 0x81, 
	0xa8, 0x81, 0xa8, 0x81, 0xa8, 0x81, 0xa8, 0x81, 
	0xa8, 0x81, 0xa8, 0x81, 0xa8, 0x81, 0xa8, 0x81, 
	0xa8, 0x81, 0xa8, 0x81, 0xa8, 0x81, 0xa8, 0x81, 
	0xa8, 0x81, 0xa8, 0x81, 0xa8, 0x81, 0xa8, 0x81, 
	0xa8, 0x81, 0xa8, 0x81, 0xa8, 0x81, 0xa8, 0x81, 
	0xa8, 0x81, 0xa8, 0x81, 0xa8, 0x81, 0xf7, 0x53, 
	0xdb, 0x89, 0xdb, 0x07, 0x00, 0x01, 0x00, 0x01, 
	0x18, 0x41, 0xe3, 0x89, 0xe3, 0x89, 0xf7, 0x13, 
	0xf7, 0x11, 0xf6, 0x8b, 0xf6, 0x05, 0xf5, 0xc1, 
	0xf5, 0x81, 0xf5, 0x81, 0xf5, 0x81, 0xf5, 0x81, 
	0xf5, 0x81, 0xf5, 0x81, 0xf5, 0x81, 0xf5, 0x81, 
	0xf5, 0x81, 0xf5, 0x81, 0xf5, 0x81, 0xf5, 0x81, 
	0xf5, 0x81, 0xf5, 0x81, 0xf5, 0x81, 0xf5, 0x81, 
	0xf5, 0x81, 0xf5, 0x81, 0xf5, 0x81, 0xf5, 0x81, 
	0xf5, 0x81, 0xf5, 0x81, 0xf5, 0x81, 0xf5, 0x81, 
	0xf5, 0x81, 0xf5, 0x81, 0xf5, 0x81, 0xf5, 0x81, 
	0xf5, 0x81, 0xf5, 0x81, 0xf5, 0x81, 0xf5, 0x81, 
	0xf5, 0x81, 0xf5, 0x81, 0xf5, 0x81, 0xf5, 0x81, 
	0xf5, 0x81, 0xf5, 0x81, 0xf5, 0x81, 0xf5, 0x81, 
	0xf5, 0x81, 0xf5, 0x81, 0xf5, 0x81, 0xf5, 0x81, 
	0xf5, 0x81, 0xf5, 0x81, 0xf5, 0xc1, 0xf5, 0xc1, 
	0xf6, 0x43, 0xf7, 0x0b, 0xf7, 0x51, 0xf7, 0x53, 
	0xda, 0xc7, 0xda, 0xc5, 0x00, 0x01, 0x00, 0x01, 
	0x18, 0x41, 0x08, 0x01, 0x00, 0x01, 0x18, 0x41, 
	0x00, 0x01, 0x00, 0x01, 0x00, 0x01, 0x00, 0x01, 
	0x00, 0x01, 0x00, 0x01, 0x00, 0x01, 0x00, 0x01, 
	0x00, 0x01, 0x00, 0x01, 0x00, 0x01, 0x00, 0x01, 
	0x00, 0x01, 0x00, 0x01, 0x00, 0x01, 0x00, 0x01, 
	0x00, 0x01, 0x00, 0x01, 0x00, 0x01, 0x00, 0x01, 
	0x00, 0x01, 0x00, 0x01, 0x00, 0x01, 0x00, 0x01, 
	0x00, 0x01, 0x00, 0x01, 0x00, 0x01, 0x00, 0x01, 
	0x00, 0x01, 0x00, 0x01, 0x00, 0x01, 0x00, 0x01, 
	0x00, 0x01, 0x00, 0x01, 0x00, 0x01, 0x00, 0x01, 
	0x00, 0x01, 0x00, 0x01, 0x00, 0x01, 0x00, 0x01, 
	0x00, 0x01, 0x00, 0x01, 0x00, 0x01, 0x00, 0x01, 
	0x00, 0x01, 0x00, 0x01, 0x00, 0x01, 0x00, 0x01, 
	0x00, 0x01, 0x00, 0x01, 0x00, 0x01, 0x00, 0x01, 
	0x00, 0x01, 0x00, 0x01, 0x00, 0x01, 0x00, 0x01, 
	0x08, 0x01, 0x00, 0x01, 0x00, 0x01, 0x00, 0x01, 
	0x18, 0x41, 0x08, 0x01, 0x00, 0x01, 0x18, 0x41, 
	0x00, 0x01, 0x00, 0x01, 0x00, 0x01, 0x00, 0x01, 
	0x00, 0x01, 0x00, 0x01, 0x00, 0x01, 0x00, 0x01, 
	0x00, 0x01, 0x00, 0x01, 0x00, 0x01, 0x00, 0x01, 
	0x00, 0x01, 0x00, 0x01, 0x00, 0x01, 0x00, 0x01, 
	0x00, 0x01, 0x00, 0x01, 0x00, 0x01, 0x00, 0x01, 
	0x00, 0x01, 0x00, 0x01, 0x00, 0x01, 0x00, 0x01, 
	0x00, 0x01, 0x00, 0x01, 0x00, 0x01, 0x00, 0x01, 
	0x00, 0x01, 0x00, 0x01, 0x00, 0x01, 0x00, 0x01, 
	0x00, 0x01, 0x00, 0x01, 0x00, 0x01, 0x00, 0x01, 
	0x00, 0x01, 0x00, 0x01, 0x00, 0x01, 0x00, 0x01, 
	0x00, 0x01, 0x00, 0x01, 0x00, 0x01, 0x00, 0x01, 
	0x00, 0x01, 0x00, 0x01, 0x00, 0x01, 0x00, 0x01, 
	0x00, 0x01, 0x00, 0x01, 0x00, 0x01, 0x00, 0x01, 
	0x00, 0x01, 0x00, 0x01, 0x00, 0x01, 0x00, 0x01, 
	0x08, 0x01, 0x00, 0x01, 0x00, 0x01, 0x00, 0x01, 
	
};

Gfx ttc_dl_beta_brick_rgba16_aligner[] = {gsSPEndDisplayList()};
u8 ttc_dl_beta_brick_rgba16[] = {
	0xee, 0xf7, 0xef, 0x37, 0xef, 0x37, 0xef, 0x37, 
	0xee, 0xf5, 0xee, 0xb5, 0xe6, 0x71, 0xe6, 0x2f, 
	0xe6, 0x2f, 0xe6, 0x2f, 0xe6, 0x2f, 0xe6, 0x2f, 
	0xee, 0x71, 0xee, 0xb1, 0xee, 0xb3, 0xee, 0xf5, 
	0xf7, 0x37, 0xf7, 0x37, 0xf7, 0x79, 0xf7, 0x79, 
	0xf7, 0xbb, 0xf7, 0xbb, 0xf7, 0xbd, 0xf7, 0xbd, 
	0xf7, 0xbd, 0xf7, 0xbd, 0xf7, 0xbd, 0xf7, 0xbd, 
	0xf7, 0xbd, 0xf7, 0xbd, 0xf7, 0xbd, 0xf7, 0xbd, 
	0xee, 0xb3, 0xd4, 0xa1, 0xcb, 0xd9, 0xcc, 0x19, 
	0xcb, 0xd9, 0xcb, 0x95, 0xcb, 0x97, 0xcb, 0x97, 
	0xcb, 0xd9, 0xc3, 0x51, 0xcb, 0x95, 0xcb, 0xd5, 
	0xcb, 0x99, 0xdb, 0xd7, 0xcb, 0x95, 0xca, 0xd1, 
	0xdc, 0xe5, 0xee, 0xaf, 0xcc, 0x59, 0xcb, 0x11, 
	0xcb, 0x95, 0xd3, 0xd7, 0xd4, 0x17, 0xcb, 0xd7, 
	0xc3, 0x93, 0xcb, 0xd5, 0xcb, 0x95, 0xd3, 0xd7, 
	0xdb, 0xd7, 0xd3, 0x93, 0xd3, 0x93, 0xdc, 0xe5, 
	0xf7, 0x39, 0xcc, 0x9f, 0xcb, 0xd7, 0xcc, 0x19, 
	0xcc, 0x19, 0xcb, 0xd7, 0xcb, 0x95, 0xcb, 0x95, 
	0xc3, 0x95, 0xc3, 0x53, 0xcb, 0x93, 0xcb, 0xd3, 
	0xd3, 0xd9, 0xd4, 0x5b, 0xd4, 0x59, 0xd4, 0x17, 
	0xdd, 0x63, 0xee, 0x69, 0xd4, 0x99, 0xd3, 0x95, 
	0xd3, 0xd7, 0xd4, 0x17, 0xdc, 0x59, 0xdc, 0x59, 
	0xd4, 0x59, 0xd4, 0x59, 0xd4, 0x57, 0xdc, 0x59, 
	0xdc, 0x59, 0xd4, 0x59, 0xd4, 0x17, 0xcb, 0xd7, 
	0xee, 0xf7, 0xcc, 0x1b, 0xcb, 0x97, 0xcc, 0x5b, 
	0xd4, 0x1b, 0xcb, 0xd7, 0xc3, 0x95, 0xcb, 0xd7, 
	0xc3, 0xd7, 0xc3, 0x95, 0xcb, 0xd5, 0xcb, 0x95, 
	0xcb, 0xd7, 0xd4, 0x19, 0xdc, 0x9b, 0xcc, 0x19, 
	0xcc, 0x17, 0xee, 0xad, 0xdd, 0x1f, 0xd4, 0x17, 
	0xdc, 0x9b, 0xdc, 0x59, 0xd4, 0x59, 0xdc, 0x9b, 
	0xdc, 0x9b, 0xdc, 0x9b, 0xd4, 0x59, 0xd4, 0x59, 
	0xd4, 0x19, 0xcc, 0x19, 0xd4, 0x59, 0xd4, 0x9b, 
	0xee, 0xb3, 0xc3, 0x55, 0xc3, 0x97, 0xcc, 0x5d, 
	0xcc, 0x17, 0xcb, 0xd7, 0xcb, 0x95, 0xcb, 0xd7, 
	0xcb, 0xd7, 0xcb, 0x95, 0xd3, 0xd7, 0xcb, 0xd7, 
	0xcc, 0x19, 0xcc, 0x19, 0xd4, 0x1b, 0xc3, 0x97, 
	0xcb, 0x4f, 0xee, 0x2b, 0xdb, 0x53, 0xcb, 0x53, 
	0xdc, 0x5b, 0xdc, 0x9b, 0xd4, 0x5b, 0xdc, 0x9b, 
	0xdc, 0x9b, 0xdc, 0x9b, 0xd4, 0x9b, 0xdc, 0x99, 
	0xd4, 0x17, 0xd3, 0xd7, 0xcb, 0xd7, 0xcc, 0x17, 
	0xee, 0xb3, 0xc3, 0x55, 0xcb, 0x97, 0xdc, 0x9f, 
	0xcc, 0x17, 0xcc, 0x19, 0xc3, 0x97, 0xcb, 0xd7, 
	0xcb, 0xd5, 0xd3, 0xd7, 0xd3, 0xd7, 0xcb, 0xd7, 
	0xcc, 0x19, 0xcc, 0x19, 0xd4, 0x1b, 0xc3, 0x55, 
	0xdc, 0x57, 0xee, 0x2b, 0xd3, 0x95, 0xd3, 0x95, 
	0xd4, 0x5b, 0xd4, 0x5b, 0xd3, 0xd7, 0xdc, 0x9b, 
	0xdc, 0x9b, 0xdc, 0x9b, 0xdc, 0x9b, 0xdc, 0x99, 
	0xdc, 0x17, 0xd4, 0x17, 0xdc, 0x59, 0xd4, 0x17, 
	0xee, 0xb3, 0xba, 0xd3, 0xcb, 0x97, 0xdc, 0x9f, 
	0xd3, 0xd7, 0xcc, 0x19, 0xcb, 0x95, 0xcb, 0xd5, 
	0xcb, 0xd5, 0xd3, 0xd7, 0xd3, 0xd5, 0xcb, 0xd5, 
	0xcc, 0x19, 0xcc, 0x19, 0xcc, 0x19, 0xcb, 0xd7, 
	0xd4, 0x17, 0xe5, 0xa3, 0xd3, 0x95, 0xd3, 0xd7, 
	0xd4, 0x19, 0xd4, 0x59, 0xd3, 0xd5, 0xdc, 0x99, 
	0xdc, 0x99, 0xdc, 0x9b, 0xd4, 0x59, 0xdc, 0x99, 
	0xd3, 0xd5, 0xd4, 0x15, 0xd4, 0x17, 0xcb, 0x95, 
	0xe7, 0x33, 0xbb, 0x59, 0xcb, 0x57, 0xdc, 0x9f, 
	0xd4, 0x9d, 0xd4, 0xa1, 0xd4, 0x5b, 0xdc, 0x5b, 
	0xcc, 0x19, 0xdc, 0x9f, 0xd4, 0x9d, 0xcc, 0x19, 
	0xcc, 0x1b, 0xd4, 0x9f, 0xd4, 0x5d, 0xd4, 0x5d, 
	0xd4, 0xe3, 0xee, 0x6f, 0xdc, 0x9f, 0xdc, 0xe1, 
	0xdc, 0x9f, 0xd4, 0x19, 0xd3, 0xd7, 0xe5, 0x21, 
	0xe5, 0x21, 0xdc, 0x9b, 0xd4, 0x19, 0xdd, 0x1f, 
	0xdc, 0x5b, 0xdc, 0x9d, 0xd4, 0x9d, 0xcb, 0x97, 
	0xde, 0xaf, 0xc5, 0xa9, 0xd6, 0x2b, 0xbd, 0x67, 
	0xce, 0x2b, 0xc5, 0xeb, 0xbd, 0xa7, 0xbd, 0x65, 
	0xc5, 0xa9, 0xc5, 0xa9, 0xd6, 0x6f, 0xd6, 0x2d, 
	0xd6, 0x6f, 0xde, 0x71, 0xde, 0xb1, 0xde, 0x6f, 
	0xd6, 0x6f, 0xd6, 0x6f, 0xd6, 0x6d, 0xde, 0x6d, 
	0xde, 0x6f, 0xde, 0x6f, 0xde, 0xaf, 0xde, 0x2b, 
	0xd6, 0x2d, 0xd6, 0x2b, 0xd5, 0xe9, 0xd6, 0x29, 
	0xd5, 0xeb, 0xd5, 0xe9, 0xd5, 0xe9, 0xcd, 0xa7, 
	0xa1, 0x49, 0xa1, 0x8b, 0xb2, 0x8f, 0xb2, 0x0b, 
	0xb2, 0x49, 0xba, 0x8f, 0xba, 0x8f, 0xbb, 0x13, 
	0xba, 0x4f, 0xc3, 0x15, 0xcb, 0xd7, 0xe6, 0xb3, 
	0xb2, 0x93, 0xb2, 0x4b, 0xc2, 0x8f, 0xb2, 0x4d, 
	0xb2, 0x4d, 0xb2, 0x4d, 0xb2, 0x09, 0xba, 0x8b, 
	0xba, 0x0b, 0xc3, 0x4f, 0xc2, 0xcf, 0xba, 0x4b, 
	0xc2, 0xcf, 0xba, 0x49, 0xb1, 0x8b, 0xab, 0x95, 
	0xd5, 0xed, 0xcb, 0x17, 0xb1, 0x8b, 0xb1, 0xc9, 
	0xba, 0xd1, 0xba, 0x91, 0xba, 0xd1, 0xba, 0xd1, 
	0xbb, 0x13, 0xc3, 0x15, 0xc3, 0x15, 0xc3, 0x55, 
	0xc3, 0x55, 0xcb, 0xd7, 0xcc, 0x5b, 0xef, 0xb9, 
	0xba, 0x8f, 0xc3, 0x51, 0xc3, 0x53, 0xc3, 0x95, 
	0xc3, 0x93, 0xc3, 0x53, 0xcb, 0x95, 0xcc, 0x17, 
	0xc3, 0x95, 0xc3, 0x93, 0xcb, 0x93, 0xcb, 0xd5, 
	0xcb, 0x93, 0xc3, 0x0f, 0xba, 0x8d, 0xb3, 0x4f, 
	0xe6, 0x6f, 0xc3, 0xdb, 0xb2, 0x91, 0xbb, 0x53, 
	0xcb, 0x53, 0xcc, 0x19, 0xcb, 0xd7, 0xcb, 0xd7, 
	0xd4, 0x5d, 0xcc, 0x19, 0xcb, 0xd9, 0xcc, 0x19, 
	0xcc, 0x19, 0xcb, 0x55, 0xcc, 0x59, 0xef, 0x35, 
	0xba, 0x4d, 0xc3, 0x53, 0xcb, 0x97, 0xcc, 0x17, 
	0xc3, 0x95, 0xc3, 0x95, 0xc3, 0x95, 0xcb, 0x95, 
	0xc3, 0x95, 0xc3, 0x93, 0xcb, 0xd5, 0xcb, 0xd7, 
	0xcb, 0xd5, 0xc3, 0x93, 0xbb, 0x11, 0xab, 0x51, 
	0xdd, 0xeb, 0xb2, 0x91, 0xbb, 0x13, 0xc3, 0xd7, 
	0xc3, 0x95, 0xd4, 0x5b, 0xd4, 0x5b, 0xd4, 0x5b, 
	0xd4, 0x9d, 0xcc, 0x19, 0xcc, 0x19, 0xcc, 0x19, 
	0xcc, 0x17, 0xcb, 0xd7, 0xd4, 0x5b, 0xef, 0x39, 
	0xb9, 0xcb, 0xcb, 0xd5, 0xd4, 0x9b, 0xd4, 0x9b, 
	0xcb, 0xd7, 0xcb, 0x95, 0xcb, 0xd7, 0xcc, 0x1b, 
	0xcc, 0x1b, 0xcc, 0x19, 0xcc, 0x17, 0xd4, 0x17, 
	0xcb, 0xd7, 0xcb, 0xd5, 0xc3, 0x53, 0xb3, 0x4f, 
	0xe5, 0xeb, 0xba, 0x8d, 0xc3, 0x95, 0xcb, 0xd7, 
	0xcc, 0x5d, 0xcc, 0x1b, 0xcb, 0xd7, 0xcc, 0x19, 
	0xcc, 0x1b, 0xcb, 0xd7, 0xc3, 0x95, 0xcb, 0xd7, 
	0xcc, 0x19, 0xcc, 0x19, 0xd4, 0x9b, 0xd5, 0xeb, 
	0xb9, 0xc9, 0xcc, 0x17, 0xd4, 0x5b, 0xd4, 0x9b, 
	0xcb, 0xd7, 0xcb, 0xd7, 0xcb, 0xd5, 0xcb, 0xd9, 
	0xc3, 0xd7, 0xcb, 0xd9, 0xcc, 0x57, 0xcc, 0x17, 
	0xcb, 0xd7, 0xc3, 0x95, 0xc3, 0x93, 0xb3, 0x8f, 
	0xe6, 0x2b, 0xcb, 0x91, 0xcb, 0x93, 0xcc, 0x15, 
	0xc3, 0x13, 0xb2, 0xcf, 0xba, 0xd1, 0xc3, 0x95, 
	0xcb, 0xd7, 0xc3, 0x95, 0xc3, 0x95, 0xc3, 0x95, 
	0xc3, 0x95, 0xcc, 0x17, 0xd4, 0x5b, 0xe6, 0xb3, 
	0xc2, 0x4f, 0xcb, 0x53, 0xcb, 0xd5, 0xcb, 0xd7, 
	0xc3, 0x97, 0xc3, 0x53, 0xcb, 0xd7, 0xcb, 0xd7, 
	0xcb, 0xd5, 0xc3, 0x95, 0xcb, 0xd9, 0xcb, 0xd9, 
	0xcb, 0xd7, 0xcb, 0xd5, 0xc3, 0x53, 0xbb, 0x53, 
	0xe5, 0xed, 0xcb, 0x51, 0xcb, 0x93, 0xcb, 0xd5, 
	0xb2, 0x8f, 0x91, 0xcb, 0xaa, 0x4f, 0xbb, 0x55, 
	0xc3, 0x13, 0xb1, 0xcd, 0xa9, 0xcd, 0xc3, 0x53, 
	0xbb, 0x13, 0xb2, 0x0f, 0xcc, 0x5d, 0xef, 0x37, 
	0xdd, 0x67, 0xd4, 0x19, 0xcb, 0x95, 0xc2, 0x91, 
	0xba, 0x8f, 0xba, 0x8f, 0xc3, 0x53, 0xcb, 0x55, 
	0xd4, 0x5b, 0xd4, 0x1b, 0xcb, 0x95, 0xcb, 0x95, 
	0xcb, 0xd5, 0xcb, 0xd7, 0xd4, 0x9d, 0xd5, 0xe9, 
	0xe6, 0x6f, 0xc3, 0x55, 0xba, 0x8f, 0xc3, 0x51, 
	0xef, 0x33, 0xef, 0xbb, 0xe7, 0x35, 0xdd, 0xeb, 
	0xe5, 0xeb, 0xe5, 0xeb, 0xe6, 0x2b, 0xe6, 0x6b, 
	0xe6, 0x2b, 0xe6, 0x6f, 0xe7, 0x35, 0xe7, 0x77, 
	0xef, 0xb9, 0xee, 0xb1, 0xee, 0x2d, 0xe5, 0xed, 
	0xe5, 0xed, 0xef, 0x79, 0xef, 0xbd, 0xe7, 0x3b, 
	0xe6, 0x2f, 0xe6, 0x6f, 0xde, 0x2d, 0xde, 0x6d, 
	0xd6, 0xef, 0xd6, 0xaf, 0xc6, 0x6d, 0xc5, 0xeb, 
	0xbd, 0xe9, 0xc5, 0x67, 0xc5, 0xa7, 0xbd, 0x25, 
	0xcb, 0xd5, 0xe6, 0xf1, 0xcc, 0x9f, 0xb2, 0x8f, 
	0xb2, 0xd1, 0xbb, 0x13, 0xbb, 0x11, 0xc3, 0x51, 
	0xbb, 0x93, 0xc3, 0x97, 0xc3, 0xd5, 0xbb, 0x11, 
	0xcb, 0xd9, 0xbb, 0x55, 0xb3, 0x11, 0xb2, 0xd3, 
	0xb2, 0x93, 0xc4, 0x9d, 0xe7, 0x33, 0xdd, 0x69, 
	0xb2, 0x0f, 0xbb, 0x13, 0xbb, 0x55, 0xba, 0xcd, 
	0xb2, 0x8d, 0xb2, 0x8f, 0xb2, 0x8f, 0xb2, 0x4d, 
	0xaa, 0x49, 0xbb, 0x13, 0xbb, 0xdb, 0xaa, 0x91, 
	0xc2, 0x49, 0xef, 0x37, 0xe4, 0xa3, 0xc2, 0xcd, 
	0xcb, 0x95, 0xcb, 0xd5, 0xcb, 0x95, 0xd3, 0xd5, 
	0xcb, 0x95, 0xc3, 0x11, 0xc3, 0x51, 0xc3, 0x53, 
	0xcb, 0x95, 0xcb, 0xd7, 0xc3, 0xd5, 0xc3, 0x95, 
	0xc3, 0x51, 0xc2, 0xcd, 0xde, 0xaf, 0xdd, 0x69, 
	0xb1, 0xcb, 0xbb, 0x13, 0xc3, 0xd5, 0xc3, 0x53, 
	0xc3, 0x93, 0xc3, 0x95, 0xc3, 0x95, 0xcb, 0xd5, 
	0xd3, 0xd3, 0xcb, 0x93, 0xcb, 0xd3, 0xc3, 0x51, 
	0xba, 0x91, 0xef, 0x7b, 0xdc, 0x61, 0xc3, 0x51, 
	0xcc, 0x59, 0xd4, 0x59, 0xcc, 0x19, 0xdc, 0x59, 
	0xdc, 0x59, 0xcb, 0xd5, 0xcb, 0xd7, 0xcc, 0x19, 
	0xd4, 0x59, 0xd4, 0x9b, 0xd4, 0x59, 0xd4, 0x59, 
	0xd3, 0xd7, 0xcb, 0x51, 0xe6, 0xb3, 0xd4, 0xa5, 
	0xba, 0x49, 0xcb, 0x95, 0xcb, 0xd5, 0xcb, 0xd5, 
	0xcb, 0xd7, 0xc3, 0xd7, 0xc3, 0xd7, 0xcc, 0x17, 
	0xd4, 0x17, 0xd4, 0x17, 0xcc, 0x17, 0xd4, 0x17, 
	0xb9, 0x89, 0xe6, 0xb3, 0xdc, 0xa1, 0xcb, 0xd1, 
	0xd4, 0x17, 0xd4, 0x59, 0xcc, 0x19, 0xd4, 0x19, 
	0xdc, 0x59, 0xd4, 0x19, 0xd4, 0x59, 0xd4, 0x19, 
	0xd4, 0x9b, 0xdc, 0x9b, 0xdc, 0x9b, 0xd4, 0x59, 
	0xd4, 0x17, 0xd3, 0x91, 0xf7, 0x3d, 0xed, 0x6b, 
	0xcb, 0x0d, 0xd3, 0xd7, 0xcb, 0xd7, 0xd4, 0x17, 
	0xcb, 0xd7, 0xcc, 0x17, 0xcc, 0x17, 0xd4, 0x9b, 
	0xd4, 0x9b, 0xcb, 0xd9, 0xd4, 0x59, 0xd4, 0x59, 
	0xb1, 0x83, 0xd6, 0xb1, 0xdd, 0xa7, 0xcc, 0x57, 
	0xd4, 0x19, 0xd4, 0x99, 0xcc, 0x17, 0xcc, 0x17, 
	0xd4, 0x19, 0xcb, 0xd7, 0xd4, 0x59, 0xdc, 0x5b, 
	0xdc, 0x99, 0xdc, 0x9b, 0xd4, 0x5b, 0xcc, 0x17, 
	0xd3, 0xd7, 0xd3, 0x91, 0xef, 0x7d, 0xe5, 0x67, 
	0xcb, 0x4b, 0xd4, 0x17, 0xcb, 0xd7, 0xd4, 0x59, 
	0xd4, 0x59, 0xd4, 0x59, 0xd4, 0x59, 0xd4, 0x59, 
	0xd4, 0x59, 0xc3, 0xd9, 0xc3, 0x95, 0xcb, 0xd3, 
	0xb9, 0x47, 0xee, 0x71, 0xe4, 0x9f, 0xcb, 0xd3, 
	0xd4, 0x59, 0xdc, 0x9d, 0xcc, 0x17, 0xcb, 0xd7, 
	0xcb, 0x97, 0xcb, 0x95, 0xd4, 0x59, 0xdc, 0x9d, 
	0xd4, 0x99, 0xdc, 0x99, 0xd4, 0x17, 0xcb, 0x95, 
	0xd3, 0xd5, 0xcb, 0x4f, 0xf7, 0x7d, 0xed, 0xa7, 
	0xd3, 0x4d, 0xcb, 0xd3, 0xc3, 0x95, 0xc3, 0x95, 
	0xc3, 0x95, 0xc3, 0x95, 0xcc, 0x17, 0xc3, 0xd5, 
	0xcc, 0x17, 0xd4, 0x59, 0xbb, 0x97, 0xc3, 0x51, 
	0xba, 0x53, 0xee, 0xb3, 0xed, 0xe9, 0xc3, 0x13, 
	0xc3, 0x0f, 0xcb, 0xd9, 0xcb, 0x51, 0xd3, 0x95, 
	0xcb, 0x4f, 0xcb, 0x0f, 0xca, 0x8d, 0xcb, 0xd3, 
	0xc3, 0x4d, 0xd4, 0x13, 0xcb, 0x0f, 0xc2, 0xcd, 
	0xc2, 0x4d, 0xc2, 0x8f, 0xee, 0xb5, 0xdc, 0xa3, 
	0xba, 0x09, 0xb1, 0xcb, 0xa9, 0xc9, 0xa9, 0xc9, 
	0xa9, 0xc9, 0xb2, 0x09, 0xb2, 0x91, 0xb2, 0xd1, 
	0xbb, 0x13, 0xbb, 0x55, 0xbb, 0x15, 0xba, 0xcf, 
	0xe6, 0x6f, 0xe6, 0x6f, 0xef, 0x37, 0xe5, 0x6b, 
	0xdc, 0x9f, 0xdc, 0xa3, 0xdc, 0xa3, 0xee, 0xab, 
	0xe5, 0x25, 0xe5, 0xa5, 0xe6, 0xad, 0xe6, 0x29, 
	0xe5, 0xe9, 0xee, 0x29, 0xee, 0x2b, 0xee, 0x2b, 
	0xee, 0x6b, 0xee, 0x6d, 0xee, 0xf1, 0xef, 0x33, 
	0xf7, 0x75, 0xef, 0x35, 0xef, 0x33, 0xee, 0x6d, 
	0xf6, 0xf3, 0xf6, 0xf1, 0xf6, 0xf1, 0xf6, 0xf1, 
	0xee, 0xaf, 0xe6, 0x2b, 0xdd, 0xe9, 0xe6, 0x29, 
	0xc5, 0xa7, 0xc5, 0x25, 0xd6, 0x2d, 0xde, 0xb1, 
	0xe6, 0xb1, 0xe6, 0xf3, 0xde, 0xb1, 0xde, 0xf3, 
	0xe6, 0xf3, 0xd6, 0xaf, 0xd6, 0x6f, 0xde, 0x6f, 
	0xde, 0xaf, 0xf7, 0x73, 0xcc, 0x1d, 0xcc, 0x9f, 
	0xcc, 0x9f, 0xcc, 0x9f, 0xd4, 0xa1, 0xd4, 0xe5, 
	0xe6, 0x2d, 0xd5, 0x65, 0xcc, 0xa1, 0xcc, 0xa1, 
	0xcc, 0xa1, 0xcc, 0xe3, 0xd5, 0x23, 0xd5, 0x23, 
	0xd5, 0xe9, 0xef, 0x75, 0xef, 0x75, 0xe7, 0xb5, 
	0xbb, 0xd5, 0xaa, 0xcf, 0xa2, 0x91, 0xbc, 0x15, 
	0xc4, 0x13, 0xb3, 0x11, 0xab, 0x11, 0xb3, 0x11, 
	0xab, 0x0f, 0x93, 0x13, 0xbc, 0x9f, 0xc4, 0xa1, 
	0xcd, 0x65, 0xee, 0xf1, 0xba, 0xcd, 0xc3, 0x95, 
	0xcc, 0x19, 0xcc, 0x19, 0xcc, 0x19, 0xd4, 0xa1, 
	0xcc, 0x19, 0xcb, 0xd7, 0xc3, 0xd7, 0xc3, 0xd7, 
	0xc3, 0x97, 0xc3, 0xd7, 0xc3, 0xd9, 0xc3, 0xd9, 
	0xbb, 0x55, 0xef, 0x35, 0xb3, 0xdd, 0x9a, 0x51, 
	0xe5, 0x1f, 0xe4, 0x9b, 0xdc, 0x9b, 0xdc, 0x97, 
	0xd3, 0x93, 0xcb, 0x95, 0xd4, 0x57, 0xdc, 0x59, 
	0xe4, 0x99, 0xd4, 0x9b, 0xd4, 0x57, 0xcb, 0x8f, 
	0xd4, 0x99, 0xf7, 0x33, 0xc2, 0xcd, 0xc3, 0x95, 
	0xcc, 0x5b, 0xcc, 0x1b, 0xd4, 0x59, 0xcb, 0xd7, 
	0xd4, 0x5b, 0xcc, 0x19, 0xcb, 0x95, 0xcb, 0x95, 
	0xc3, 0x95, 0xc3, 0xd7, 0xc3, 0x97, 0xc3, 0x95, 
	0xb2, 0x8f, 0xe7, 0x33, 0xc3, 0x0d, 0xc2, 0x89, 
	0xd4, 0x9b, 0xd4, 0x19, 0xdc, 0xdf, 0xdc, 0xdf, 
	0xd3, 0x95, 0xcb, 0xd5, 0xd4, 0x17, 0xd4, 0x17, 
	0xd4, 0x19, 0xd4, 0x9b, 0xcc, 0x17, 0xcc, 0x55, 
	0xd4, 0xdf, 0xef, 0x31, 0xc2, 0xcd, 0xc3, 0x95, 
	0xd4, 0x5b, 0xd4, 0x5d, 0xd4, 0x5b, 0xd4, 0x9d, 
	0xd4, 0x5b, 0xcc, 0x59, 0xcc, 0x59, 0xcc, 0x5b, 
	0xc4, 0x19, 0xc3, 0xd7, 0xd4, 0x19, 0xd4, 0x59, 
	0xbb, 0x55, 0xe6, 0xf1, 0xd4, 0x5d, 0xcb, 0x11, 
	0xcb, 0x91, 0xcb, 0x97, 0xdc, 0xe1, 0xdc, 0x9d, 
	0xd4, 0x17, 0xcc, 0x17, 0xcc, 0x17, 0xcc, 0x17, 
	0xcc, 0x59, 0xdc, 0x9b, 0xcb, 0xd5, 0xbb, 0x91, 
	0xcc, 0x9b, 0xe6, 0xb1, 0xcb, 0xd5, 0xc3, 0x95, 
	0xcc, 0x19, 0xd4, 0x5b, 0xd4, 0x5b, 0xd4, 0x9d, 
	0xd4, 0x5d, 0xcc, 0x1b, 0xcc, 0x5b, 0xcc, 0x5b, 
	0xbb, 0x97, 0xbb, 0x55, 0xcc, 0x19, 0xcc, 0x5b, 
	0xbb, 0x57, 0xde, 0xf1, 0xdc, 0x9f, 0xd3, 0xd5, 
	0xd4, 0x99, 0xdd, 0x67, 0xdc, 0x9f, 0xd4, 0x59, 
	0xd4, 0x59, 0xd4, 0x59, 0xd4, 0x59, 0xd4, 0x59, 
	0xd4, 0x59, 0xd4, 0x5b, 0xcb, 0xd7, 0xcb, 0xd5, 
	0xd4, 0x9f, 0xe6, 0xb1, 0xcb, 0xd5, 0xcb, 0xd5, 
	0xcb, 0xd7, 0xcc, 0x9d, 0xcc, 0x5b, 0xd4, 0x5d, 
	0xd4, 0x5b, 0xcc, 0x1b, 0xcc, 0x19, 0xc3, 0xd5, 
	0xbb, 0x95, 0xc3, 0x95, 0xcc, 0x17, 0xcc, 0x9d, 
	0xb2, 0xd1, 0xde, 0xaf, 0xd4, 0x5d, 0xcb, 0x11, 
	0xcb, 0xd3, 0xe5, 0xe7, 0xd4, 0x57, 0xd4, 0x9b, 
	0xd4, 0x9d, 0xd4, 0x9d, 0xd4, 0x9d, 0xd4, 0x9d, 
	0xd4, 0x9b, 0xd4, 0x9b, 0xd4, 0x9f, 0xdc, 0xe3, 
	0xdd, 0x65, 0xe5, 0xe9, 0xd4, 0x19, 0xcc, 0x19, 
	0xcc, 0x19, 0xcc, 0x1b, 0xcb, 0xd9, 0xcb, 0xd9, 
	0xcb, 0xd9, 0xcb, 0xd9, 0xc3, 0xd9, 0xc3, 0x97, 
	0xc3, 0x97, 0xc3, 0xd7, 0xbb, 0xd7, 0xbc, 0x9d, 
	0xb4, 0x9d, 0xe7, 0x35, 0xd4, 0x5d, 0xc2, 0xd1, 
	
};

Vtx ttc_dl_Object_mesh_layer_1_vtx_cull[8] = {
	{{ {-6796, -5167, 11343}, 0, {0, 0}, {0, 0, 0, 0} }},
	{{ {-6796, 2296, 11343}, 0, {0, 0}, {0, 0, 0, 0} }},
	{{ {-6796, 2296, -8852}, 0, {0, 0}, {0, 0, 0, 0} }},
	{{ {-6796, -5167, -8852}, 0, {0, 0}, {0, 0, 0, 0} }},
	{{ {5109, -5167, 11343}, 0, {0, 0}, {0, 0, 0, 0} }},
	{{ {5109, 2296, 11343}, 0, {0, 0}, {0, 0, 0, 0} }},
	{{ {5109, 2296, -8852}, 0, {0, 0}, {0, 0, 0, 0} }},
	{{ {5109, -5167, -8852}, 0, {0, 0}, {0, 0, 0, 0} }},
};

Vtx ttc_dl_Object_mesh_layer_1_vtx_0[281] = {
	{{ {-1416, 397, 3267}, 0, {-1706, 15039}, {0, 0, 127, 255} }},
	{{ {-1416, -489, 3267}, 0, {-1706, 15039}, {0, 0, 127, 255} }},
	{{ {-1416, -489, 3267}, 0, {-1706, 15039}, {0, 0, 127, 255} }},
	{{ {731, 397, 2065}, 0, {6151, -8}, {171, 0, 161, 255} }},
	{{ {731, -489, 2065}, 0, {6151, 2029}, {171, 0, 161, 255} }},
	{{ {-615, -489, 3267}, 0, {1693, 2029}, {171, 0, 161, 255} }},
	{{ {-615, 397, 3267}, 0, {1693, -8}, {171, 0, 161, 255} }},
	{{ {-1146, -489, 321}, 0, {-65, 2029}, {0, 129, 0, 255} }},
	{{ {-1824, -489, 321}, 0, {-2311, 2029}, {0, 129, 0, 255} }},
	{{ {-1824, -489, -215}, 0, {-2311, 2029}, {0, 129, 0, 255} }},
	{{ {-1146, -489, -215}, 0, {-65, 2029}, {0, 129, 0, 255} }},
	{{ {-2638, -489, 321}, 0, {-5008, 2029}, {0, 0, 127, 255} }},
	{{ {-1824, -489, 321}, 0, {-2311, 2029}, {0, 0, 127, 255} }},
	{{ {-1963, 86, 321}, 0, {-2775, 708}, {0, 0, 127, 255} }},
	{{ {-2275, 86, 321}, 0, {-3808, 708}, {0, 0, 127, 255} }},
	{{ {-2334, 397, 321}, 0, {-4002, -8}, {0, 0, 127, 255} }},
	{{ {-2275, 397, 321}, 0, {-3808, -8}, {0, 0, 127, 255} }},
	{{ {-2638, 397, 321}, 0, {-5008, -8}, {0, 0, 127, 255} }},
	{{ {-2638, 397, 1448}, 0, {1658, -8}, {127, 0, 0, 255} }},
	{{ {-2638, 397, 2027}, 0, {-259, -8}, {127, 0, 0, 255} }},
	{{ {-2638, -489, 2027}, 0, {-259, 2029}, {127, 0, 0, 255} }},
	{{ {-2638, -231, 1258}, 0, {2286, 1436}, {127, 0, 0, 255} }},
	{{ {-2638, -489, 1258}, 0, {2286, 2029}, {127, 0, 0, 255} }},
	{{ {-2638, 397, 857}, 0, {3617, -8}, {127, 0, 0, 255} }},
	{{ {-2638, -231, 1153}, 0, {2635, 1436}, {127, 0, 0, 255} }},
	{{ {-2638, -231, 1051}, 0, {2973, 1436}, {127, 0, 0, 255} }},
	{{ {-2638, -231, 949}, 0, {3311, 1436}, {127, 0, 0, 255} }},
	{{ {-2638, -489, 857}, 0, {3617, 2029}, {127, 0, 0, 255} }},
	{{ {-2638, -489, 949}, 0, {3311, 2029}, {127, 0, 0, 255} }},
	{{ {-2638, -489, 321}, 0, {5391, 2029}, {127, 0, 0, 255} }},
	{{ {-2638, 397, 321}, 0, {5391, -8}, {127, 0, 0, 255} }},
	{{ {-2638, 397, 695}, 0, {4154, -8}, {127, 0, 0, 255} }},
	{{ {-811, -489, 321}, 0, {1042, 2029}, {0, 129, 0, 255} }},
	{{ {-837, -489, 321}, 0, {956, 2029}, {0, 129, 0, 255} }},
	{{ {-837, -489, -215}, 0, {956, 2029}, {0, 129, 0, 255} }},
	{{ {-811, -489, -215}, 0, {1042, 2029}, {0, 129, 0, 255} }},
	{{ {-299, 86, 321}, 0, {2556, -3276}, {0, 127, 0, 255} }},
	{{ {315, 86, 321}, 0, {4490, -3276}, {0, 127, 0, 255} }},
	{{ {315, 86, 285}, 0, {4490, -3359}, {0, 127, 0, 255} }},
	{{ {-299, 86, 285}, 0, {2556, -3359}, {0, 127, 0, 255} }},
	{{ {-1963, 86, 321}, 0, {-2691, -3276}, {0, 127, 0, 255} }},
	{{ {-1688, 86, 321}, 0, {-1823, -3276}, {0, 127, 0, 255} }},
	{{ {-1688, 86, 285}, 0, {-1823, -3359}, {0, 127, 0, 255} }},
	{{ {-1963, 86, 285}, 0, {-2691, -3359}, {0, 127, 0, 255} }},
	{{ {-1688, 86, 321}, 0, {5077, 702}, {129, 0, 0, 255} }},
	{{ {-1688, 397, 321}, 0, {5077, -13}, {129, 0, 0, 255} }},
	{{ {-1688, 397, 285}, 0, {5191, -13}, {129, 0, 0, 255} }},
	{{ {-1688, 86, 285}, 0, {5191, 702}, {129, 0, 0, 255} }},
	{{ {-2275, 86, 321}, 0, {-3674, -3276}, {0, 127, 0, 255} }},
	{{ {-1963, 86, 321}, 0, {-2691, -3276}, {0, 127, 0, 255} }},
	{{ {-1963, 86, 285}, 0, {-2691, -3359}, {0, 127, 0, 255} }},
	{{ {-2275, 86, 285}, 0, {-3674, -3359}, {0, 127, 0, 255} }},
	{{ {315, 86, 321}, 0, {5077, 702}, {129, 0, 0, 255} }},
	{{ {315, 397, 321}, 0, {5077, -14}, {129, 0, 0, 255} }},
	{{ {315, 397, 285}, 0, {5191, -14}, {129, 0, 0, 255} }},
	{{ {315, 86, 285}, 0, {5191, 702}, {129, 0, 0, 255} }},
	{{ {-2638, -489, 2027}, 0, {-259, 2029}, {90, 0, 167, 255} }},
	{{ {-2638, 397, 2027}, 0, {-259, -8}, {90, 0, 167, 255} }},
	{{ {-1416, 397, 3267}, 0, {-4367, -8}, {90, 0, 167, 255} }},
	{{ {-1416, -489, 3267}, 0, {-4367, 2029}, {90, 0, 167, 255} }},
	{{ {-1416, 1216, 3267}, 0, {652, 15}, {0, 0, 127, 255} }},
	{{ {-1416, 397, 3267}, 0, {652, 15}, {0, 0, 127, 255} }},
	{{ {-1416, 397, 3267}, 0, {652, 15}, {0, 0, 127, 255} }},
	{{ {-615, 397, 3267}, 0, {1693, -8}, {0, 0, 129, 255} }},
	{{ {-615, -489, 3267}, 0, {1693, 2029}, {0, 0, 129, 255} }},
	{{ {-840, -489, 3267}, 0, {946, 2029}, {0, 0, 129, 255} }},
	{{ {-840, -235, 3267}, 0, {946, 1445}, {0, 0, 129, 255} }},
	{{ {-900, 397, 3267}, 0, {747, -8}, {0, 0, 129, 255} }},
	{{ {-898, -235, 3267}, 0, {756, 1445}, {0, 0, 129, 255} }},
	{{ {-904, -235, 3267}, 0, {733, 1445}, {0, 0, 129, 255} }},
	{{ {-908, 397, 3267}, 0, {723, -8}, {0, 0, 129, 255} }},
	{{ {-1416, 397, 3267}, 0, {-960, -8}, {0, 0, 129, 255} }},
	{{ {-1146, -235, 3267}, 0, {-67, 1445}, {0, 0, 129, 255} }},
	{{ {-1146, -469, 3267}, 0, {-67, 1981}, {0, 0, 129, 255} }},
	{{ {-1146, -489, 3267}, 0, {-67, 2029}, {0, 0, 129, 255} }},
	{{ {-1146, -479, 3267}, 0, {-67, 2004}, {0, 0, 129, 255} }},
	{{ {-1416, -489, 3267}, 0, {-960, 2029}, {0, 0, 129, 255} }},
	{{ {731, -489, 857}, 0, {3617, 2029}, {129, 0, 0, 255} }},
	{{ {731, -489, 875}, 0, {3557, 2029}, {129, 0, 0, 255} }},
	{{ {731, -39, 875}, 0, {3557, 995}, {129, 0, 0, 255} }},
	{{ {731, -489, 321}, 0, {5391, 2029}, {129, 0, 0, 255} }},
	{{ {731, 190, 1032}, 0, {3037, 468}, {129, 0, 0, 255} }},
	{{ {731, 397, 321}, 0, {5391, -8}, {129, 0, 0, 255} }},
	{{ {731, 190, 1343}, 0, {2005, 468}, {129, 0, 0, 255} }},
	{{ {731, 397, 2065}, 0, {-387, -8}, {129, 0, 0, 255} }},
	{{ {731, -489, 2065}, 0, {-387, 2029}, {129, 0, 0, 255} }},
	{{ {731, -29, 1491}, 0, {1515, 971}, {129, 0, 0, 255} }},
	{{ {731, -489, 1491}, 0, {1515, 2029}, {129, 0, 0, 255} }},
	{{ {731, 397, 2065}, 0, {-387, -8}, {129, 0, 0, 255} }},
	{{ {731, 397, 321}, 0, {5391, -8}, {129, 0, 0, 255} }},
	{{ {-299, 86, 321}, 0, {5077, 702}, {127, 0, 0, 255} }},
	{{ {-299, 86, 285}, 0, {5191, 702}, {127, 0, 0, 255} }},
	{{ {-299, 397, 285}, 0, {5191, -14}, {127, 0, 0, 255} }},
	{{ {-299, 397, 321}, 0, {5077, -14}, {127, 0, 0, 255} }},
	{{ {731, 397, 321}, 0, {6151, -8}, {0, 0, 127, 255} }},
	{{ {315, 397, 321}, 0, {4773, -8}, {0, 0, 127, 255} }},
	{{ {315, 86, 321}, 0, {4773, 708}, {0, 0, 127, 255} }},
	{{ {731, -489, 321}, 0, {6151, 2029}, {0, 0, 127, 255} }},
	{{ {-811, -489, 321}, 0, {1042, 2029}, {0, 0, 127, 255} }},
	{{ {-837, -489, 321}, 0, {956, 2029}, {0, 0, 127, 255} }},
	{{ {-838, -489, 321}, 0, {953, 2029}, {0, 0, 127, 255} }},
	{{ {-2638, 397, 321}, 0, {-4577, -2036}, {0, 0, 127, 255} }},
	{{ {-2334, 397, 321}, 0, {-3662, -2036}, {0, 0, 127, 255} }},
	{{ {-2275, 397, 321}, 0, {-3486, -2036}, {0, 0, 127, 255} }},
	{{ {-2275, 403, 321}, 0, {-3486, -2049}, {0, 0, 127, 255} }},
	{{ {-2275, 397, 285}, 0, {5191, -13}, {127, 0, 0, 255} }},
	{{ {-2275, 397, 321}, 0, {5077, -13}, {127, 0, 0, 255} }},
	{{ {-2275, 86, 321}, 0, {5077, 702}, {127, 0, 0, 255} }},
	{{ {-2275, 86, 285}, 0, {5191, 702}, {127, 0, 0, 255} }},
	{{ {-2275, 403, 285}, 0, {4986, -2050}, {127, 0, 0, 255} }},
	{{ {-2275, 403, 321}, 0, {4877, -2049}, {127, 0, 0, 255} }},
	{{ {-2275, 397, 321}, 0, {4877, -2036}, {127, 0, 0, 255} }},
	{{ {-2275, 397, 285}, 0, {4986, -2036}, {127, 0, 0, 255} }},
	{{ {-1824, -489, 321}, 0, {-2311, 2029}, {0, 0, 127, 255} }},
	{{ {-1146, -489, 321}, 0, {-65, 2029}, {0, 0, 127, 255} }},
	{{ {-1146, -467, 321}, 0, {-65, 1977}, {0, 0, 127, 255} }},
	{{ {-1146, -211, 321}, 0, {-65, 1390}, {0, 0, 127, 255} }},
	{{ {-1688, 86, 321}, 0, {-1863, 708}, {0, 0, 127, 255} }},
	{{ {-299, 86, 321}, 0, {2740, 708}, {0, 0, 127, 255} }},
	{{ {-839, -211, 321}, 0, {952, 1390}, {0, 0, 127, 255} }},
	{{ {-838, -489, 321}, 0, {953, 2029}, {0, 0, 127, 255} }},
	{{ {-653, 397, 321}, 0, {1568, -8}, {0, 0, 127, 255} }},
	{{ {-299, 397, 321}, 0, {2740, -8}, {0, 0, 127, 255} }},
	{{ {-1383, 397, 321}, 0, {-850, -8}, {0, 0, 127, 255} }},
	{{ {-1688, 397, 321}, 0, {-1863, -8}, {0, 0, 127, 255} }},
	{{ {-1963, 86, 321}, 0, {-2775, 708}, {0, 0, 127, 255} }},
	{{ {-838, -489, -215}, 0, {953, 2029}, {0, 0, 127, 255} }},
	{{ {-839, -211, -215}, 0, {952, 1390}, {0, 0, 127, 255} }},
	{{ {-1146, -211, -215}, 0, {-65, 1390}, {0, 0, 127, 255} }},
	{{ {-1146, -467, -215}, 0, {-65, 1977}, {0, 0, 127, 255} }},
	{{ {-1146, -489, -215}, 0, {-65, 2029}, {0, 0, 127, 255} }},
	{{ {-837, -489, -215}, 0, {956, 2029}, {0, 0, 127, 255} }},
	{{ {-1177, -489, -215}, 0, {-170, 2029}, {0, 0, 127, 255} }},
	{{ {-1824, -489, -215}, 0, {-2311, 2029}, {0, 0, 127, 255} }},
	{{ {-1146, -467, 321}, 0, {-65, 1977}, {127, 0, 0, 255} }},
	{{ {-1146, -489, 321}, 0, {-65, 2029}, {127, 0, 0, 255} }},
	{{ {-1146, -489, -215}, 0, {-65, 2029}, {127, 0, 0, 255} }},
	{{ {-1146, -467, -215}, 0, {-65, 1977}, {127, 0, 0, 255} }},
	{{ {-838, -489, 321}, 0, {953, 2029}, {129, 0, 0, 255} }},
	{{ {-839, -211, 321}, 0, {952, 1390}, {129, 0, 0, 255} }},
	{{ {-839, -211, -215}, 0, {952, 1390}, {129, 0, 0, 255} }},
	{{ {-838, -489, -215}, 0, {953, 2029}, {129, 0, 0, 255} }},
	{{ {-1146, -211, 321}, 0, {-65, 1390}, {127, 0, 0, 255} }},
	{{ {-1146, -467, 321}, 0, {-65, 1977}, {127, 0, 0, 255} }},
	{{ {-1146, -467, -215}, 0, {-65, 1977}, {127, 0, 0, 255} }},
	{{ {-1146, -211, -215}, 0, {-65, 1390}, {127, 0, 0, 255} }},
	{{ {-837, -489, 321}, 0, {956, 2029}, {0, 129, 0, 255} }},
	{{ {-838, -489, 321}, 0, {953, 2029}, {0, 129, 0, 255} }},
	{{ {-838, -489, -215}, 0, {953, 2029}, {0, 129, 0, 255} }},
	{{ {-837, -489, -215}, 0, {956, 2029}, {0, 129, 0, 255} }},
	{{ {-1177, -489, 321}, 0, {-130, 4278}, {0, 127, 0, 255} }},
	{{ {-837, -489, 321}, 0, {-130, 3407}, {0, 127, 0, 255} }},
	{{ {-837, -489, -215}, 0, {-130, 3407}, {0, 127, 0, 255} }},
	{{ {-1177, -489, -215}, 0, {-130, 4278}, {0, 127, 0, 255} }},
	{{ {-839, -211, 321}, 0, {952, 1390}, {0, 129, 0, 255} }},
	{{ {-1146, -211, 321}, 0, {-65, 1390}, {0, 129, 0, 255} }},
	{{ {-1146, -211, -215}, 0, {-65, 1390}, {0, 129, 0, 255} }},
	{{ {-839, -211, -215}, 0, {952, 1390}, {0, 129, 0, 255} }},
	{{ {-811, -468, -215}, 0, {-103, 3341}, {0, 0, 129, 255} }},
	{{ {-811, -489, -215}, 0, {-130, 3341}, {0, 0, 129, 255} }},
	{{ {-837, -489, -215}, 0, {-130, 3407}, {0, 0, 129, 255} }},
	{{ {-1177, -468, -215}, 0, {-103, 4278}, {0, 0, 129, 255} }},
	{{ {-1177, -489, -215}, 0, {-130, 4278}, {0, 0, 129, 255} }},
	{{ {-837, -489, 321}, 0, {-130, 3407}, {0, 129, 0, 255} }},
	{{ {-1177, -489, 321}, 0, {-130, 4278}, {0, 129, 0, 255} }},
	{{ {-1177, -489, -215}, 0, {-130, 4278}, {0, 129, 0, 255} }},
	{{ {-837, -489, -215}, 0, {-130, 3407}, {0, 129, 0, 255} }},
	{{ {-1146, -479, 3267}, 0, {-67, 2004}, {127, 0, 0, 255} }},
	{{ {-1146, -469, 3267}, 0, {-67, 1981}, {127, 0, 0, 255} }},
	{{ {-1146, -469, 4026}, 0, {-67, 1981}, {127, 0, 0, 255} }},
	{{ {-1146, -479, 4026}, 0, {-67, 2004}, {127, 0, 0, 255} }},
	{{ {-904, -235, 4026}, 0, {733, 1445}, {0, 0, 129, 255} }},
	{{ {-898, -235, 4026}, 0, {756, 1445}, {0, 0, 129, 255} }},
	{{ {-840, -235, 4026}, 0, {946, 1445}, {0, 0, 129, 255} }},
	{{ {-1146, -235, 4026}, 0, {-67, 1445}, {0, 0, 129, 255} }},
	{{ {-1146, -479, 4026}, 0, {-67, 2004}, {0, 0, 129, 255} }},
	{{ {-903, -489, 4026}, 0, {738, 2029}, {0, 0, 129, 255} }},
	{{ {-897, -489, 4026}, 0, {759, 2029}, {0, 0, 129, 255} }},
	{{ {-840, -489, 4026}, 0, {946, 2029}, {0, 0, 129, 255} }},
	{{ {-1146, -489, 4026}, 0, {-67, 2029}, {0, 0, 129, 255} }},
	{{ {-1146, -469, 4026}, 0, {-67, 1981}, {0, 0, 129, 255} }},
	{{ {-904, -235, 3267}, 0, {733, 1445}, {0, 129, 0, 255} }},
	{{ {-898, -235, 3267}, 0, {756, 1445}, {0, 129, 0, 255} }},
	{{ {-898, -235, 4026}, 0, {756, 1445}, {0, 129, 0, 255} }},
	{{ {-904, -235, 4026}, 0, {733, 1445}, {0, 129, 0, 255} }},
	{{ {-1146, -489, 3267}, 0, {-67, 2029}, {127, 0, 0, 255} }},
	{{ {-1146, -479, 3267}, 0, {-67, 2004}, {127, 0, 0, 255} }},
	{{ {-1146, -479, 4026}, 0, {-67, 2004}, {127, 0, 0, 255} }},
	{{ {-1146, -489, 4026}, 0, {-67, 2029}, {127, 0, 0, 255} }},
	{{ {-1146, -235, 3267}, 0, {-67, 1445}, {0, 129, 0, 255} }},
	{{ {-904, -235, 3267}, 0, {733, 1445}, {0, 129, 0, 255} }},
	{{ {-904, -235, 4026}, 0, {733, 1445}, {0, 129, 0, 255} }},
	{{ {-1146, -235, 4026}, 0, {-67, 1445}, {0, 129, 0, 255} }},
	{{ {-840, -235, 3267}, 0, {946, 1445}, {129, 0, 0, 255} }},
	{{ {-840, -489, 3267}, 0, {946, 2029}, {129, 0, 0, 255} }},
	{{ {-840, -489, 4026}, 0, {946, 2029}, {129, 0, 0, 255} }},
	{{ {-840, -235, 4026}, 0, {946, 1445}, {129, 0, 0, 255} }},
	{{ {-1146, -469, 3267}, 0, {-67, 1981}, {127, 0, 0, 255} }},
	{{ {-1146, -235, 3267}, 0, {-67, 1445}, {127, 0, 0, 255} }},
	{{ {-1146, -235, 4026}, 0, {-67, 1445}, {127, 0, 0, 255} }},
	{{ {-1146, -469, 4026}, 0, {-67, 1981}, {127, 0, 0, 255} }},
	{{ {-898, -235, 3267}, 0, {756, 1445}, {0, 129, 0, 255} }},
	{{ {-840, -235, 3267}, 0, {946, 1445}, {0, 129, 0, 255} }},
	{{ {-840, -235, 4026}, 0, {946, 1445}, {0, 129, 0, 255} }},
	{{ {-898, -235, 4026}, 0, {756, 1445}, {0, 129, 0, 255} }},
	{{ {4936, -489, 1491}, 0, {3278, 2488}, {0, 0, 127, 99} }},
	{{ {5109, -489, 1491}, 0, {3783, 2488}, {0, 0, 127, 0} }},
	{{ {5109, -417, 1491}, 0, {3783, 2488}, {0, 0, 127, 0} }},
	{{ {4936, -417, 1491}, 0, {3278, 2488}, {0, 0, 127, 99} }},
	{{ {5109, -489, 1491}, 0, {3783, 2488}, {0, 0, 129, 255} }},
	{{ {4936, -489, 1491}, 0, {3278, 2488}, {0, 0, 129, 255} }},
	{{ {4936, -417, 1491}, 0, {3278, 2488}, {0, 0, 129, 255} }},
	{{ {5109, -417, 1491}, 0, {3783, 2488}, {0, 0, 129, 255} }},
	{{ {5109, -489, 875}, 0, {3783, -1094}, {0, 0, 129, 0} }},
	{{ {4936, -489, 875}, 0, {3278, -1094}, {0, 0, 129, 99} }},
	{{ {4936, -417, 875}, 0, {3278, -1094}, {0, 0, 129, 99} }},
	{{ {5109, -417, 875}, 0, {3783, -1094}, {0, 0, 129, 0} }},
	{{ {2847, -489, 3719}, 0, {-2791, 15438}, {129, 0, 0, 255} }},
	{{ {2847, -489, 3893}, 0, {-2791, 16447}, {129, 0, 0, 255} }},
	{{ {2847, -417, 3893}, 0, {-2791, 16447}, {129, 0, 0, 255} }},
	{{ {2847, -417, 3719}, 0, {-2791, 15438}, {129, 0, 0, 255} }},
	{{ {4936, -489, 875}, 0, {3278, -1094}, {0, 0, 127, 255} }},
	{{ {5109, -489, 875}, 0, {3783, -1094}, {0, 0, 127, 255} }},
	{{ {5109, -417, 875}, 0, {3783, -1094}, {0, 0, 127, 255} }},
	{{ {4936, -417, 875}, 0, {3278, -1094}, {0, 0, 127, 255} }},
	{{ {2847, -489, -1572}, 0, {-2791, -15317}, {129, 0, 0, 255} }},
	{{ {2847, -489, -1399}, 0, {-2791, -14308}, {129, 0, 0, 255} }},
	{{ {2847, -417, -1399}, 0, {-2791, -14308}, {129, 0, 0, 255} }},
	{{ {2847, -417, -1572}, 0, {-2791, -15317}, {129, 0, 0, 255} }},
	{{ {-2638, -489, 949}, 0, {3311, 2029}, {0, 0, 127, 255} }},
	{{ {-2638, -231, 949}, 0, {3311, 1436}, {0, 0, 127, 255} }},
	{{ {-2735, -231, 949}, 0, {3311, 1436}, {0, 0, 127, 255} }},
	{{ {-2735, -489, 949}, 0, {3311, 2029}, {0, 0, 127, 255} }},
	{{ {-2638, -231, 1258}, 0, {2286, 1436}, {0, 0, 129, 255} }},
	{{ {-2638, -489, 1258}, 0, {2286, 2029}, {0, 0, 129, 255} }},
	{{ {-2735, -489, 1258}, 0, {2286, 2029}, {0, 0, 129, 255} }},
	{{ {-2735, -231, 1258}, 0, {2286, 1436}, {0, 0, 129, 255} }},
	{{ {-2638, -231, 1153}, 0, {2635, 1436}, {0, 129, 0, 255} }},
	{{ {-2638, -231, 1258}, 0, {2286, 1436}, {0, 129, 0, 255} }},
	{{ {-2735, -231, 1258}, 0, {2286, 1436}, {0, 129, 0, 255} }},
	{{ {-2735, -231, 1153}, 0, {2635, 1436}, {0, 129, 0, 255} }},
	{{ {-2638, -231, 1051}, 0, {2973, 1436}, {0, 129, 0, 255} }},
	{{ {-2735, -231, 1051}, 0, {2973, 1436}, {0, 129, 0, 255} }},
	{{ {-2638, -231, 949}, 0, {3311, 1436}, {0, 129, 0, 255} }},
	{{ {-2735, -231, 949}, 0, {3311, 1436}, {0, 129, 0, 255} }},
	{{ {-3312, -489, 913}, 0, {-16, 2032}, {129, 0, 0, 255} }},
	{{ {-3312, -379, 913}, 0, {-16, 2032}, {129, 0, 0, 255} }},
	{{ {-3312, -360, 913}, 0, {-16, 2032}, {129, 0, 0, 255} }},
	{{ {-3312, -470, 913}, 0, {-16, 2032}, {129, 0, 0, 255} }},
	{{ {-5189, -489, 1384}, 0, {987, 9155}, {0, 0, 127, 255} }},
	{{ {-5137, -489, 1384}, 0, {987, 8715}, {0, 0, 127, 255} }},
	{{ {-5137, -470, 1384}, 0, {987, 8715}, {0, 0, 127, 255} }},
	{{ {-5189, -470, 1384}, 0, {987, 9155}, {0, 0, 127, 255} }},
	{{ {-3272, -379, 1384}, 0, {-16, 2032}, {0, 0, 127, 255} }},
	{{ {-3272, -489, 1384}, 0, {-16, 2032}, {0, 0, 127, 255} }},
	{{ {-3272, -470, 1384}, 0, {-16, 2032}, {0, 0, 127, 255} }},
	{{ {-3272, -360, 1384}, 0, {-16, 2032}, {0, 0, 127, 255} }},
	{{ {-4759, -489, 1384}, 0, {-16, 2032}, {127, 0, 0, 255} }},
	{{ {-4759, -379, 1384}, 0, {-16, 2032}, {127, 0, 0, 255} }},
	{{ {-4759, -360, 1384}, 0, {-16, 2032}, {127, 0, 0, 255} }},
	{{ {-4759, -470, 1384}, 0, {-16, 2032}, {127, 0, 0, 255} }},
	{{ {-4759, -379, 913}, 0, {-16, 2032}, {127, 0, 0, 255} }},
	{{ {-4759, -489, 913}, 0, {-16, 2032}, {127, 0, 0, 255} }},
	{{ {-4759, -470, 913}, 0, {-16, 2032}, {127, 0, 0, 255} }},
	{{ {-4759, -360, 913}, 0, {-16, 2032}, {127, 0, 0, 255} }},
	{{ {-5189, -489, 913}, 0, {988, 3433}, {0, 0, 129, 0} }},
	{{ {-5227, -489, 913}, 0, {988, 3277}, {0, 0, 129, 0} }},
	{{ {-5227, -470, 913}, 0, {988, 3277}, {0, 0, 129, 0} }},
	{{ {-5189, -470, 913}, 0, {988, 3433}, {0, 0, 129, 0} }},
	{{ {-5137, -489, 913}, 0, {5, 8715}, {0, 0, 129, 255} }},
	{{ {-5189, -489, 913}, 0, {5, 9155}, {0, 0, 129, 255} }},
	{{ {-5189, -470, 913}, 0, {5, 9155}, {0, 0, 129, 255} }},
	{{ {-5137, -470, 913}, 0, {5, 8715}, {0, 0, 129, 255} }},
	{{ {-5227, -489, 1384}, 0, {4, 3277}, {0, 0, 127, 0} }},
	{{ {-5189, -489, 1384}, 0, {4, 3433}, {0, 0, 127, 0} }},
	{{ {-5189, -470, 1384}, 0, {4, 3433}, {0, 0, 127, 0} }},
	{{ {-5227, -470, 1384}, 0, {4, 3277}, {0, 0, 127, 0} }},
	{{ {-5189, -489, 913}, 0, {5, 9155}, {129, 0, 0, 255} }},
	{{ {-5189, -489, 1384}, 0, {987, 9155}, {129, 0, 0, 255} }},
	{{ {-5189, -470, 1384}, 0, {987, 9155}, {129, 0, 0, 255} }},
	{{ {-5189, -470, 913}, 0, {5, 9155}, {129, 0, 0, 255} }},
};

Gfx ttc_dl_Object_mesh_layer_1_tri_0[] = {
	gsSPVertex(ttc_dl_Object_mesh_layer_1_vtx_0 + 0, 32, 0),
	gsSP2Triangles(0, 1, 1, 0, 0, 1, 0, 0),
	gsSP2Triangles(3, 4, 5, 0, 3, 5, 6, 0),
	gsSP2Triangles(7, 8, 9, 0, 7, 9, 10, 0),
	gsSP2Triangles(11, 12, 13, 0, 11, 13, 14, 0),
	gsSP2Triangles(14, 15, 11, 0, 14, 16, 15, 0),
	gsSP2Triangles(15, 17, 11, 0, 18, 19, 20, 0),
	gsSP2Triangles(18, 20, 21, 0, 20, 22, 21, 0),
	gsSP2Triangles(23, 18, 21, 0, 23, 21, 24, 0),
	gsSP2Triangles(23, 24, 25, 0, 23, 25, 26, 0),
	gsSP2Triangles(26, 27, 23, 0, 26, 28, 27, 0),
	gsSP2Triangles(27, 29, 23, 0, 29, 30, 23, 0),
	gsSP1Triangle(30, 31, 23, 0),
	gsSPVertex(ttc_dl_Object_mesh_layer_1_vtx_0 + 32, 31, 0),
	gsSP2Triangles(0, 1, 2, 0, 0, 2, 3, 0),
	gsSP2Triangles(4, 5, 6, 0, 4, 6, 7, 0),
	gsSP2Triangles(8, 9, 10, 0, 8, 10, 11, 0),
	gsSP2Triangles(12, 13, 14, 0, 12, 14, 15, 0),
	gsSP2Triangles(16, 17, 18, 0, 16, 18, 19, 0),
	gsSP2Triangles(20, 21, 22, 0, 20, 22, 23, 0),
	gsSP2Triangles(24, 25, 26, 0, 24, 26, 27, 0),
	gsSP2Triangles(28, 29, 29, 0, 28, 29, 28, 0),
	gsSPVertex(ttc_dl_Object_mesh_layer_1_vtx_0 + 63, 31, 0),
	gsSP2Triangles(0, 1, 2, 0, 0, 2, 3, 0),
	gsSP2Triangles(3, 4, 0, 0, 3, 5, 4, 0),
	gsSP2Triangles(4, 5, 6, 0, 4, 6, 7, 0),
	gsSP2Triangles(8, 7, 6, 0, 8, 6, 9, 0),
	gsSP2Triangles(8, 9, 10, 0, 10, 11, 8, 0),
	gsSP2Triangles(10, 12, 11, 0, 11, 13, 8, 0),
	gsSP2Triangles(14, 15, 16, 0, 17, 14, 16, 0),
	gsSP2Triangles(17, 16, 18, 0, 17, 18, 19, 0),
	gsSP2Triangles(18, 20, 19, 0, 20, 21, 19, 0),
	gsSP2Triangles(20, 22, 21, 0, 20, 23, 22, 0),
	gsSP2Triangles(23, 24, 22, 0, 22, 25, 21, 0),
	gsSP2Triangles(19, 26, 17, 0, 27, 28, 29, 0),
	gsSP2Triangles(29, 30, 27, 0, 30, 30, 27, 0),
	gsSPVertex(ttc_dl_Object_mesh_layer_1_vtx_0 + 94, 32, 0),
	gsSP2Triangles(0, 1, 2, 0, 0, 2, 3, 0),
	gsSP2Triangles(4, 3, 2, 0, 5, 4, 2, 0),
	gsSP2Triangles(2, 6, 5, 0, 7, 8, 9, 0),
	gsSP2Triangles(7, 9, 10, 0, 11, 12, 13, 0),
	gsSP2Triangles(11, 13, 14, 0, 15, 16, 17, 0),
	gsSP2Triangles(15, 17, 18, 0, 19, 20, 21, 0),
	gsSP2Triangles(19, 21, 22, 0, 23, 19, 22, 0),
	gsSP2Triangles(22, 24, 23, 0, 22, 2, 24, 0),
	gsSP2Triangles(22, 25, 2, 0, 25, 26, 2, 0),
	gsSP2Triangles(24, 27, 23, 0, 24, 28, 27, 0),
	gsSP2Triangles(27, 29, 23, 0, 29, 30, 23, 0),
	gsSP1Triangle(23, 31, 19, 0),
	gsSPVertex(ttc_dl_Object_mesh_layer_1_vtx_0 + 126, 32, 0),
	gsSP2Triangles(0, 1, 2, 0, 0, 2, 3, 0),
	gsSP2Triangles(0, 3, 4, 0, 5, 0, 4, 0),
	gsSP2Triangles(6, 5, 4, 0, 4, 7, 6, 0),
	gsSP2Triangles(8, 9, 10, 0, 8, 10, 11, 0),
	gsSP2Triangles(12, 13, 14, 0, 12, 14, 15, 0),
	gsSP2Triangles(16, 17, 18, 0, 16, 18, 19, 0),
	gsSP2Triangles(20, 21, 22, 0, 20, 22, 23, 0),
	gsSP2Triangles(24, 25, 26, 0, 24, 26, 27, 0),
	gsSP2Triangles(28, 29, 30, 0, 28, 30, 31, 0),
	gsSPVertex(ttc_dl_Object_mesh_layer_1_vtx_0 + 158, 31, 0),
	gsSP2Triangles(0, 1, 2, 0, 2, 3, 0, 0),
	gsSP2Triangles(2, 4, 3, 0, 5, 6, 7, 0),
	gsSP2Triangles(5, 7, 8, 0, 9, 10, 11, 0),
	gsSP2Triangles(9, 11, 12, 0, 13, 14, 15, 0),
	gsSP2Triangles(16, 13, 15, 0, 15, 17, 16, 0),
	gsSP2Triangles(15, 18, 17, 0, 15, 19, 18, 0),
	gsSP2Triangles(15, 20, 19, 0, 18, 21, 17, 0),
	gsSP2Triangles(17, 22, 16, 0, 23, 24, 25, 0),
	gsSP2Triangles(23, 25, 26, 0, 27, 28, 29, 0),
	gsSP1Triangle(27, 29, 30, 0),
	gsSPVertex(ttc_dl_Object_mesh_layer_1_vtx_0 + 189, 32, 0),
	gsSP2Triangles(0, 1, 2, 0, 0, 2, 3, 0),
	gsSP2Triangles(4, 5, 6, 0, 4, 6, 7, 0),
	gsSP2Triangles(8, 9, 10, 0, 8, 10, 11, 0),
	gsSP2Triangles(12, 13, 14, 0, 12, 14, 15, 0),
	gsSP2Triangles(16, 17, 18, 0, 16, 18, 19, 0),
	gsSP2Triangles(20, 21, 22, 0, 20, 22, 23, 0),
	gsSP2Triangles(24, 25, 26, 0, 24, 26, 27, 0),
	gsSP2Triangles(28, 29, 30, 0, 28, 30, 31, 0),
	gsSPVertex(ttc_dl_Object_mesh_layer_1_vtx_0 + 221, 32, 0),
	gsSP2Triangles(0, 1, 2, 0, 0, 2, 3, 0),
	gsSP2Triangles(4, 5, 6, 0, 4, 6, 7, 0),
	gsSP2Triangles(8, 9, 10, 0, 8, 10, 11, 0),
	gsSP2Triangles(12, 13, 14, 0, 12, 14, 15, 0),
	gsSP2Triangles(16, 17, 18, 0, 16, 18, 19, 0),
	gsSP2Triangles(20, 16, 19, 0, 20, 19, 21, 0),
	gsSP2Triangles(22, 20, 21, 0, 22, 21, 23, 0),
	gsSP2Triangles(24, 25, 26, 0, 24, 26, 27, 0),
	gsSP2Triangles(28, 29, 30, 0, 28, 30, 31, 0),
	gsSPVertex(ttc_dl_Object_mesh_layer_1_vtx_0 + 253, 28, 0),
	gsSP2Triangles(0, 1, 2, 0, 0, 2, 3, 0),
	gsSP2Triangles(4, 5, 6, 0, 4, 6, 7, 0),
	gsSP2Triangles(8, 9, 10, 0, 8, 10, 11, 0),
	gsSP2Triangles(12, 13, 14, 0, 12, 14, 15, 0),
	gsSP2Triangles(16, 17, 18, 0, 16, 18, 19, 0),
	gsSP2Triangles(20, 21, 22, 0, 20, 22, 23, 0),
	gsSP2Triangles(24, 25, 26, 0, 24, 26, 27, 0),
	gsSPEndDisplayList(),
};

Vtx ttc_dl_Object_mesh_layer_1_vtx_1[76] = {
	{{ {-615, 1216, 3267}, 0, {1559, -1910}, {0, 0, 129, 255} }},
	{{ {-615, 397, 3267}, 0, {1559, -30}, {0, 0, 129, 255} }},
	{{ {-900, 397, 3267}, 0, {659, -30}, {0, 0, 129, 255} }},
	{{ {-908, 397, 3267}, 0, {637, -30}, {0, 0, 129, 255} }},
	{{ {-1416, 1216, 3267}, 0, {-964, -1910}, {0, 0, 129, 255} }},
	{{ {-1416, 397, 3267}, 0, {-964, -30}, {0, 0, 129, 255} }},
	{{ {-2638, 397, 2027}, 0, {-297, -30}, {90, 0, 167, 255} }},
	{{ {-2638, 1216, 2027}, 0, {-297, -1910}, {90, 0, 167, 255} }},
	{{ {-1416, 1216, 3267}, 0, {-4206, -1910}, {90, 0, 167, 255} }},
	{{ {-1416, 397, 3267}, 0, {-4206, -30}, {90, 0, 167, 255} }},
	{{ {731, 1216, 857}, 0, {3390, -1910}, {129, 0, 0, 255} }},
	{{ {731, 1216, 321}, 0, {5077, -1910}, {129, 0, 0, 255} }},
	{{ {731, 397, 321}, 0, {5077, -30}, {129, 0, 0, 255} }},
	{{ {731, 1216, 2065}, 0, {-419, -1910}, {129, 0, 0, 255} }},
	{{ {731, 397, 2065}, 0, {-419, -30}, {129, 0, 0, 255} }},
	{{ {-2638, 397, 1448}, 0, {1526, -30}, {127, 0, 0, 255} }},
	{{ {-2638, 397, 857}, 0, {3390, -30}, {127, 0, 0, 255} }},
	{{ {-2638, 397, 695}, 0, {3901, -30}, {127, 0, 0, 255} }},
	{{ {-2638, 397, 2027}, 0, {-297, -30}, {127, 0, 0, 255} }},
	{{ {-2638, 1216, 857}, 0, {3390, -1910}, {127, 0, 0, 255} }},
	{{ {-2638, 1216, 321}, 0, {5077, -1910}, {127, 0, 0, 255} }},
	{{ {-2638, 397, 321}, 0, {5077, -30}, {127, 0, 0, 255} }},
	{{ {-2638, 1216, 2027}, 0, {-297, -1910}, {127, 0, 0, 255} }},
	{{ {-2275, 652, 321}, 0, {5077, -615}, {127, 0, 0, 255} }},
	{{ {-2275, 403, 321}, 0, {5077, -43}, {127, 0, 0, 255} }},
	{{ {-2275, 403, 285}, 0, {5191, -43}, {127, 0, 0, 255} }},
	{{ {-2275, 652, 285}, 0, {5191, -615}, {127, 0, 0, 255} }},
	{{ {-1688, 652, 321}, 0, {-1823, -3293}, {1, 129, 0, 255} }},
	{{ {-1963, 649, 321}, 0, {-2691, -3293}, {1, 129, 0, 255} }},
	{{ {-1963, 649, 285}, 0, {-2691, -3376}, {1, 129, 0, 255} }},
	{{ {-1688, 652, 285}, 0, {-1823, -3376}, {1, 129, 0, 255} }},
	{{ {-1963, 649, 321}, 0, {-2691, -3293}, {255, 129, 0, 255} }},
	{{ {-2275, 652, 321}, 0, {-3674, -3293}, {255, 129, 0, 255} }},
	{{ {-2275, 652, 285}, 0, {-3674, -3376}, {255, 129, 0, 255} }},
	{{ {-1963, 649, 285}, 0, {-2691, -3376}, {255, 129, 0, 255} }},
	{{ {315, 651, 321}, 0, {4490, -3293}, {0, 129, 0, 255} }},
	{{ {-299, 651, 321}, 0, {2556, -3293}, {0, 129, 0, 255} }},
	{{ {-299, 651, 285}, 0, {2556, -3376}, {0, 129, 0, 255} }},
	{{ {315, 651, 285}, 0, {4490, -3376}, {0, 129, 0, 255} }},
	{{ {-299, 651, 321}, 0, {5077, -613}, {127, 0, 0, 255} }},
	{{ {-299, 397, 321}, 0, {5077, -30}, {127, 0, 0, 255} }},
	{{ {-299, 397, 285}, 0, {5191, -30}, {127, 0, 0, 255} }},
	{{ {-299, 651, 285}, 0, {5191, -613}, {127, 0, 0, 255} }},
	{{ {731, 397, 2065}, 0, {5801, -30}, {171, 0, 161, 255} }},
	{{ {-615, 397, 3267}, 0, {1559, -30}, {171, 0, 161, 255} }},
	{{ {-615, 1216, 3267}, 0, {1559, -1910}, {171, 0, 161, 255} }},
	{{ {731, 1216, 2065}, 0, {5801, -1910}, {171, 0, 161, 255} }},
	{{ {731, 397, 2065}, 0, {5801, -30}, {171, 0, 161, 255} }},
	{{ {315, 397, 285}, 0, {5191, -30}, {129, 0, 0, 255} }},
	{{ {315, 397, 321}, 0, {5077, -30}, {129, 0, 0, 255} }},
	{{ {315, 651, 321}, 0, {5077, -613}, {129, 0, 0, 255} }},
	{{ {315, 651, 285}, 0, {5191, -613}, {129, 0, 0, 255} }},
	{{ {-299, 651, 321}, 0, {2556, -613}, {0, 0, 127, 255} }},
	{{ {-1688, 652, 321}, 0, {-1823, -615}, {0, 0, 127, 255} }},
	{{ {-653, 397, 321}, 0, {1440, -30}, {0, 0, 127, 255} }},
	{{ {-299, 397, 321}, 0, {2556, -30}, {0, 0, 127, 255} }},
	{{ {-1688, 397, 321}, 0, {-1823, -30}, {0, 0, 127, 255} }},
	{{ {-1383, 397, 321}, 0, {-860, -30}, {0, 0, 127, 255} }},
	{{ {-653, 397, 321}, 0, {1440, -30}, {0, 0, 127, 255} }},
	{{ {-1688, 397, 285}, 0, {5191, -30}, {129, 0, 0, 255} }},
	{{ {-1688, 397, 321}, 0, {5077, -30}, {129, 0, 0, 255} }},
	{{ {-1688, 652, 321}, 0, {5077, -615}, {129, 0, 0, 255} }},
	{{ {-1688, 652, 285}, 0, {5191, -615}, {129, 0, 0, 255} }},
	{{ {-2638, 397, 321}, 0, {-4816, -30}, {0, 0, 127, 255} }},
	{{ {-2275, 403, 321}, 0, {-3674, -43}, {0, 0, 127, 255} }},
	{{ {-2275, 652, 321}, 0, {-3674, -615}, {0, 0, 127, 255} }},
	{{ {-2638, 1216, 321}, 0, {-4816, -1910}, {0, 0, 127, 255} }},
	{{ {-1824, 1216, 321}, 0, {-2250, -1910}, {0, 0, 127, 255} }},
	{{ {-1688, 652, 321}, 0, {-1823, -615}, {0, 0, 127, 255} }},
	{{ {-1963, 649, 321}, 0, {-2691, -608}, {0, 0, 127, 255} }},
	{{ {315, 651, 321}, 0, {4490, -613}, {0, 0, 127, 255} }},
	{{ {-299, 651, 321}, 0, {2556, -613}, {0, 0, 127, 255} }},
	{{ {731, 1216, 321}, 0, {5801, -1910}, {0, 0, 127, 255} }},
	{{ {731, 397, 321}, 0, {5801, -30}, {0, 0, 127, 255} }},
	{{ {315, 397, 321}, 0, {4490, -30}, {0, 0, 127, 255} }},
	{{ {731, 397, 321}, 0, {5801, -30}, {0, 0, 127, 255} }},
};

Gfx ttc_dl_Object_mesh_layer_1_tri_1[] = {
	gsSPVertex(ttc_dl_Object_mesh_layer_1_vtx_1 + 0, 31, 0),
	gsSP2Triangles(0, 1, 2, 0, 0, 2, 3, 0),
	gsSP2Triangles(3, 4, 0, 0, 3, 5, 4, 0),
	gsSP2Triangles(6, 7, 8, 0, 6, 8, 9, 0),
	gsSP2Triangles(10, 11, 12, 0, 10, 12, 13, 0),
	gsSP2Triangles(12, 14, 13, 0, 15, 16, 17, 0),
	gsSP2Triangles(18, 15, 17, 0, 17, 19, 18, 0),
	gsSP2Triangles(17, 20, 19, 0, 17, 21, 20, 0),
	gsSP2Triangles(19, 22, 18, 0, 23, 24, 25, 0),
	gsSP2Triangles(23, 25, 26, 0, 27, 28, 29, 0),
	gsSP1Triangle(27, 29, 30, 0),
	gsSPVertex(ttc_dl_Object_mesh_layer_1_vtx_1 + 31, 32, 0),
	gsSP2Triangles(0, 1, 2, 0, 0, 2, 3, 0),
	gsSP2Triangles(4, 5, 6, 0, 4, 6, 7, 0),
	gsSP2Triangles(8, 9, 10, 0, 8, 10, 11, 0),
	gsSP2Triangles(12, 13, 14, 0, 12, 14, 15, 0),
	gsSP2Triangles(15, 16, 12, 0, 17, 18, 19, 0),
	gsSP2Triangles(17, 19, 20, 0, 21, 22, 23, 0),
	gsSP2Triangles(23, 24, 21, 0, 24, 24, 21, 0),
	gsSP2Triangles(25, 26, 22, 0, 26, 27, 22, 0),
	gsSP2Triangles(28, 29, 30, 0, 28, 30, 31, 0),
	gsSPVertex(ttc_dl_Object_mesh_layer_1_vtx_1 + 63, 13, 0),
	gsSP2Triangles(0, 1, 2, 0, 3, 0, 2, 0),
	gsSP2Triangles(4, 3, 2, 0, 4, 2, 5, 0),
	gsSP2Triangles(2, 6, 5, 0, 4, 5, 7, 0),
	gsSP2Triangles(5, 8, 7, 0, 9, 4, 7, 0),
	gsSP2Triangles(9, 7, 10, 0, 7, 11, 10, 0),
	gsSP1Triangle(10, 12, 9, 0),
	gsSPEndDisplayList(),
};

Vtx ttc_dl_Object_mesh_layer_1_vtx_2[6] = {
	{{ {-1333, 244, 329}, 0, {-4, 0}, {0, 0, 127, 255} }},
	{{ {-1333, -96, 329}, 0, {-4, 1002}, {0, 0, 127, 255} }},
	{{ {-993, -96, 329}, 0, {1008, 1002}, {0, 0, 127, 255} }},
	{{ {-653, 244, 329}, 0, {2020, 0}, {0, 0, 127, 255} }},
	{{ {-653, -96, 329}, 0, {2020, 1002}, {0, 0, 127, 255} }},
	{{ {-993, 244, 329}, 0, {1008, 0}, {0, 0, 127, 255} }},
};

Gfx ttc_dl_Object_mesh_layer_1_tri_2[] = {
	gsSPVertex(ttc_dl_Object_mesh_layer_1_vtx_2 + 0, 6, 0),
	gsSP2Triangles(0, 1, 2, 0, 2, 3, 0, 0),
	gsSP2Triangles(2, 4, 3, 0, 3, 5, 0, 0),
	gsSPEndDisplayList(),
};

Vtx ttc_dl_Object_mesh_layer_1_vtx_3[8] = {
	{{ {-993, 244, 329}, 0, {1008, 990}, {0, 0, 127, 255} }},
	{{ {-653, 244, 329}, 0, {2017, 990}, {0, 0, 127, 255} }},
	{{ {-653, 415, 329}, 0, {2017, 491}, {0, 0, 127, 255} }},
	{{ {-993, 585, 329}, 0, {1008, -9}, {0, 0, 127, 255} }},
	{{ {-653, 585, 329}, 0, {2017, -9}, {0, 0, 127, 255} }},
	{{ {-1333, 398, 329}, 0, {-1, 539}, {0, 0, 127, 255} }},
	{{ {-1333, 585, 329}, 0, {-1, -9}, {0, 0, 127, 255} }},
	{{ {-1333, 244, 329}, 0, {-1, 990}, {0, 0, 127, 255} }},
};

Gfx ttc_dl_Object_mesh_layer_1_tri_3[] = {
	gsSPVertex(ttc_dl_Object_mesh_layer_1_vtx_3 + 0, 8, 0),
	gsSP2Triangles(0, 1, 2, 0, 0, 2, 3, 0),
	gsSP2Triangles(2, 4, 3, 0, 0, 3, 5, 0),
	gsSP2Triangles(3, 6, 5, 0, 5, 7, 0, 0),
	gsSPEndDisplayList(),
};

Vtx ttc_dl_Object_mesh_layer_1_vtx_4[35] = {
	{{ {-1177, -489, 3058}, 0, {1008, 496}, {100, 0, 78, 255} }},
	{{ {-996, -489, 2827}, 0, {1008, 496}, {100, 0, 78, 255} }},
	{{ {-996, -468, 2827}, 0, {1008, 496}, {100, 0, 78, 255} }},
	{{ {-1177, -468, 3058}, 0, {1008, 496}, {100, 0, 78, 255} }},
	{{ {-811, -489, 3065}, 0, {1960, 274}, {127, 0, 0, 255} }},
	{{ {-811, -468, 857}, 0, {1960, 274}, {127, 0, 0, 255} }},
	{{ {-811, -468, 3065}, 0, {1960, 274}, {127, 0, 0, 255} }},
	{{ {-811, -489, 857}, 0, {1960, 274}, {127, 0, 0, 255} }},
	{{ {-811, -468, 321}, 0, {1960, 274}, {127, 0, 0, 255} }},
	{{ {-811, -489, 321}, 0, {1960, 274}, {127, 0, 0, 255} }},
	{{ {-811, -489, -215}, 0, {1960, 274}, {127, 0, 0, 255} }},
	{{ {-811, -468, -215}, 0, {1960, 274}, {127, 0, 0, 255} }},
	{{ {-996, -468, 2827}, 0, {1000, 5850}, {0, 127, 0, 255} }},
	{{ {-811, -468, 3065}, 0, {1957, 6979}, {0, 127, 0, 255} }},
	{{ {-811, -468, 857}, 0, {1957, -3457}, {0, 127, 0, 255} }},
	{{ {-1177, -468, 3058}, 0, {59, 6943}, {0, 127, 0, 255} }},
	{{ {-1177, -468, 857}, 0, {59, -3457}, {0, 127, 0, 255} }},
	{{ {-1177, -468, 321}, 0, {59, -5987}, {0, 127, 0, 255} }},
	{{ {-811, -468, 321}, 0, {1957, -5987}, {0, 127, 0, 255} }},
	{{ {-811, -468, -215}, 0, {1957, -8523}, {0, 127, 0, 255} }},
	{{ {-1177, -468, -215}, 0, {59, -8523}, {0, 127, 0, 255} }},
	{{ {-996, -489, 2827}, 0, {1008, 496}, {155, 0, 78, 255} }},
	{{ {-811, -489, 3065}, 0, {1008, 496}, {155, 0, 78, 255} }},
	{{ {-811, -468, 3065}, 0, {1008, 496}, {155, 0, 78, 255} }},
	{{ {-996, -468, 2827}, 0, {1008, 496}, {155, 0, 78, 255} }},
	{{ {-1177, -489, 857}, 0, {1960, 274}, {129, 0, 0, 255} }},
	{{ {-1177, -489, 3058}, 0, {1960, 274}, {129, 0, 0, 255} }},
	{{ {-1177, -468, 3058}, 0, {1960, 274}, {129, 0, 0, 255} }},
	{{ {-1177, -468, 857}, 0, {1960, 274}, {129, 0, 0, 255} }},
	{{ {-1177, -489, 321}, 0, {1960, 274}, {129, 0, 0, 255} }},
	{{ {-1177, -468, 321}, 0, {1960, 274}, {129, 0, 0, 255} }},
	{{ {-1177, -468, -215}, 0, {1960, 274}, {129, 0, 0, 255} }},
	{{ {-1177, -489, 321}, 0, {1960, 274}, {129, 0, 0, 255} }},
	{{ {-1177, -468, -215}, 0, {1960, 274}, {129, 0, 0, 255} }},
	{{ {-1177, -489, -215}, 0, {1960, 274}, {129, 0, 0, 255} }},
};

Gfx ttc_dl_Object_mesh_layer_1_tri_4[] = {
	gsSPVertex(ttc_dl_Object_mesh_layer_1_vtx_4 + 0, 32, 0),
	gsSP2Triangles(0, 1, 2, 0, 0, 2, 3, 0),
	gsSP2Triangles(4, 5, 6, 0, 4, 7, 5, 0),
	gsSP2Triangles(7, 8, 5, 0, 7, 9, 8, 0),
	gsSP2Triangles(8, 9, 10, 0, 8, 10, 11, 0),
	gsSP2Triangles(12, 13, 14, 0, 15, 12, 14, 0),
	gsSP2Triangles(14, 16, 15, 0, 17, 16, 14, 0),
	gsSP2Triangles(17, 14, 18, 0, 17, 18, 19, 0),
	gsSP2Triangles(17, 19, 20, 0, 21, 22, 23, 0),
	gsSP2Triangles(21, 23, 24, 0, 25, 26, 27, 0),
	gsSP2Triangles(25, 27, 28, 0, 29, 25, 28, 0),
	gsSP2Triangles(29, 28, 30, 0, 29, 30, 31, 0),
	gsSPVertex(ttc_dl_Object_mesh_layer_1_vtx_4 + 32, 3, 0),
	gsSP1Triangle(0, 1, 2, 0),
	gsSPEndDisplayList(),
};

Vtx ttc_dl_Object_mesh_layer_1_vtx_5[79] = {
	{{ {-811, -489, 3065}, 0, {1229, 7063}, {0, 127, 0, 255} }},
	{{ {-996, -489, 2827}, 0, {276, 5829}, {0, 127, 0, 255} }},
	{{ {-1177, -489, 3058}, 0, {-660, 7024}, {0, 127, 0, 255} }},
	{{ {-1416, -489, 3267}, 0, {-1892, 8103}, {0, 127, 0, 255} }},
	{{ {-1177, -489, 857}, 0, {-660, -4346}, {0, 127, 0, 255} }},
	{{ {-1824, -489, 857}, 0, {-3999, -4346}, {0, 127, 0, 255} }},
	{{ {-1177, -489, 321}, 0, {-660, -7111}, {0, 127, 0, 255} }},
	{{ {-1824, -489, 321}, 0, {-3999, -7111}, {0, 127, 0, 255} }},
	{{ {-1177, -489, -215}, 0, {-660, -9883}, {0, 127, 0, 255} }},
	{{ {-1824, -489, -215}, 0, {-3999, -9883}, {0, 127, 0, 255} }},
	{{ {-2638, -489, 857}, 0, {-8204, -4346}, {0, 127, 0, 255} }},
	{{ {-2638, -489, 949}, 0, {-8204, -3869}, {0, 127, 0, 255} }},
	{{ {-2638, -489, 1258}, 0, {-8204, -2271}, {0, 127, 0, 255} }},
	{{ {-2735, -489, 949}, 0, {-8204, -3869}, {0, 127, 0, 255} }},
	{{ {-2735, -489, 1258}, 0, {-8204, -2271}, {0, 127, 0, 255} }},
	{{ {-2638, -489, 2027}, 0, {-8204, 1698}, {0, 127, 0, 255} }},
	{{ {-2638, -489, 321}, 0, {-8204, -7111}, {0, 127, 0, 255} }},
	{{ {731, -489, 857}, 0, {9196, -4346}, {0, 127, 0, 255} }},
	{{ {-811, -489, 857}, 0, {1229, -4346}, {0, 127, 0, 255} }},
	{{ {731, -489, 875}, 0, {9196, -4251}, {0, 127, 0, 255} }},
	{{ {731, -489, 1491}, 0, {9196, -1069}, {0, 127, 0, 255} }},
	{{ {-840, -489, 3267}, 0, {1079, 8103}, {0, 127, 0, 255} }},
	{{ {-897, -489, 3267}, 0, {789, 8103}, {0, 127, 0, 255} }},
	{{ {-903, -489, 3267}, 0, {755, 8103}, {0, 127, 0, 255} }},
	{{ {-1146, -489, 3267}, 0, {-499, 8103}, {0, 127, 0, 255} }},
	{{ {-1146, -489, 4026}, 0, {-499, 12022}, {0, 127, 0, 255} }},
	{{ {-903, -489, 4026}, 0, {755, 12022}, {0, 127, 0, 255} }},
	{{ {-897, -489, 4026}, 0, {789, 12022}, {0, 127, 0, 255} }},
	{{ {-840, -489, 4026}, 0, {1079, 12022}, {0, 127, 0, 255} }},
	{{ {-615, -489, 3267}, 0, {2244, 8103}, {0, 127, 0, 255} }},
	{{ {731, -489, 2065}, 0, {9196, 1897}, {0, 127, 0, 255} }},
	{{ {-811, -489, 321}, 0, {1229, -7111}, {0, 127, 0, 255} }},
	{{ {-811, -489, 857}, 0, {1229, -4346}, {0, 127, 0, 255} }},
	{{ {731, -489, 857}, 0, {9196, -4346}, {0, 127, 0, 255} }},
	{{ {731, -489, 321}, 0, {9196, -7111}, {0, 127, 0, 255} }},
	{{ {1714, -489, 875}, 0, {14273, -4251}, {0, 127, 0, 255} }},
	{{ {731, -489, 875}, 0, {9196, -4251}, {0, 127, 0, 255} }},
	{{ {731, -489, 1491}, 0, {9196, -1069}, {0, 127, 0, 255} }},
	{{ {1714, -489, 1104}, 0, {14273, -3069}, {0, 127, 0, 255} }},
	{{ {1714, -489, 1254}, 0, {14272, -2292}, {0, 127, 0, 255} }},
	{{ {1714, -489, 1491}, 0, {14272, -1069}, {0, 127, 0, 255} }},
	{{ {2847, -489, 875}, 0, {20127, -4251}, {0, 127, 0, 255} }},
	{{ {1814, -489, 875}, 0, {14789, -4251}, {0, 127, 0, 255} }},
	{{ {1814, -489, 1102}, 0, {14789, -3078}, {0, 127, 0, 255} }},
	{{ {1814, -489, 1491}, 0, {14789, -1069}, {0, 127, 0, 255} }},
	{{ {1814, -489, 1257}, 0, {14789, -2276}, {0, 127, 0, 255} }},
	{{ {2847, -489, 1491}, 0, {20127, -1069}, {0, 127, 0, 255} }},
	{{ {1714, 190, 875}, 0, {14273, -4251}, {0, 127, 0, 255} }},
	{{ {1714, 190, 1491}, 0, {14272, -1069}, {0, 127, 0, 255} }},
	{{ {1814, 190, 1491}, 0, {14789, -1069}, {0, 127, 0, 255} }},
	{{ {1814, 190, 875}, 0, {14789, -4251}, {0, 127, 0, 255} }},
	{{ {1814, -489, 1102}, 0, {826, -16}, {0, 127, 0, 255} }},
	{{ {1714, -489, 1104}, 0, {166, -5}, {0, 127, 0, 255} }},
	{{ {1714, -489, 1254}, 0, {166, 988}, {0, 127, 0, 255} }},
	{{ {1814, -489, 1257}, 0, {826, 1008}, {0, 127, 0, 255} }},
	{{ {-3458, -489, 1870}, 0, {2001, 4214}, {0, 127, 0, 255} }},
	{{ {-2735, -489, 1258}, 0, {5766, 1030}, {0, 127, 0, 255} }},
	{{ {-2735, -489, 949}, 0, {5766, -582}, {0, 127, 0, 255} }},
	{{ {-3709, -489, 1870}, 0, {696, 4214}, {0, 127, 0, 255} }},
	{{ {-3272, -489, 1384}, 0, {2971, 1686}, {0, 127, 0, 255} }},
	{{ {-3312, -489, 913}, 0, {2763, -768}, {0, 127, 0, 255} }},
	{{ {-3709, -489, 442}, 0, {696, -3222}, {0, 127, 0, 255} }},
	{{ {-3458, -489, 442}, 0, {2001, -3222}, {0, 127, 0, 255} }},
	{{ {-3709, -489, 442}, 0, {696, -3222}, {0, 127, 0, 255} }},
	{{ {-4759, -489, 913}, 0, {-4774, -768}, {0, 127, 0, 255} }},
	{{ {-3312, -489, 913}, 0, {2763, -768}, {0, 127, 0, 255} }},
	{{ {-4759, -489, 442}, 0, {-4774, -3222}, {0, 127, 0, 255} }},
	{{ {-3596, -489, 1147}, 0, {1284, 447}, {0, 127, 0, 255} }},
	{{ {-3272, -489, 1384}, 0, {2971, 1686}, {0, 127, 0, 255} }},
	{{ {-4759, -489, 1384}, 0, {-4774, 1686}, {0, 127, 0, 255} }},
	{{ {-4759, -489, 1870}, 0, {-4774, 4214}, {0, 127, 0, 255} }},
	{{ {-3709, -489, 1870}, 0, {696, 4214}, {0, 127, 0, 255} }},
	{{ {-5137, -489, 1384}, 0, {-4868, 1707}, {0, 0, 127, 255} }},
	{{ {-5137, -489, 913}, 0, {-4868, -791}, {0, 0, 127, 255} }},
	{{ {-5137, -489, 913}, 0, {-4868, -791}, {0, 0, 127, 255} }},
	{{ {-5137, -489, 913}, 0, {5, 4349}, {129, 0, 0, 255} }},
	{{ {-5137, -489, 1384}, 0, {987, 4349}, {129, 0, 0, 255} }},
	{{ {-5137, -470, 1384}, 0, {987, 4349}, {129, 0, 0, 255} }},
	{{ {-5137, -470, 913}, 0, {5, 4349}, {129, 0, 0, 255} }},
};

Gfx ttc_dl_Object_mesh_layer_1_tri_5[] = {
	gsSPVertex(ttc_dl_Object_mesh_layer_1_vtx_5 + 0, 31, 0),
	gsSP2Triangles(0, 1, 2, 0, 0, 2, 3, 0),
	gsSP2Triangles(2, 4, 3, 0, 4, 5, 3, 0),
	gsSP2Triangles(5, 4, 6, 0, 5, 6, 7, 0),
	gsSP2Triangles(7, 6, 8, 0, 7, 8, 9, 0),
	gsSP2Triangles(10, 5, 7, 0, 5, 10, 11, 0),
	gsSP2Triangles(5, 11, 12, 0, 12, 11, 13, 0),
	gsSP2Triangles(12, 13, 14, 0, 5, 12, 15, 0),
	gsSP2Triangles(5, 15, 3, 0, 3, 3, 5, 0),
	gsSP2Triangles(10, 7, 16, 0, 17, 18, 0, 0),
	gsSP2Triangles(19, 17, 0, 0, 20, 19, 0, 0),
	gsSP2Triangles(21, 20, 0, 0, 22, 21, 0, 0),
	gsSP2Triangles(0, 23, 22, 0, 0, 24, 23, 0),
	gsSP2Triangles(0, 3, 24, 0, 23, 24, 25, 0),
	gsSP2Triangles(23, 25, 26, 0, 22, 23, 26, 0),
	gsSP2Triangles(22, 26, 27, 0, 21, 22, 27, 0),
	gsSP2Triangles(21, 27, 28, 0, 29, 30, 20, 0),
	gsSP1Triangle(21, 29, 20, 0),
	gsSPVertex(ttc_dl_Object_mesh_layer_1_vtx_5 + 31, 32, 0),
	gsSP2Triangles(0, 1, 2, 0, 0, 2, 3, 0),
	gsSP2Triangles(4, 5, 6, 0, 7, 4, 6, 0),
	gsSP2Triangles(6, 8, 7, 0, 6, 9, 8, 0),
	gsSP2Triangles(10, 11, 12, 0, 12, 13, 10, 0),
	gsSP2Triangles(12, 14, 13, 0, 13, 15, 10, 0),
	gsSP2Triangles(16, 17, 18, 0, 16, 18, 19, 0),
	gsSP2Triangles(20, 21, 22, 0, 20, 22, 23, 0),
	gsSP2Triangles(24, 25, 26, 0, 27, 24, 26, 0),
	gsSP2Triangles(28, 27, 26, 0, 26, 29, 28, 0),
	gsSP2Triangles(26, 30, 29, 0, 26, 31, 30, 0),
	gsSPVertex(ttc_dl_Object_mesh_layer_1_vtx_5 + 63, 16, 0),
	gsSP2Triangles(0, 1, 2, 0, 0, 3, 1, 0),
	gsSP2Triangles(2, 4, 5, 0, 6, 7, 8, 0),
	gsSP2Triangles(5, 6, 8, 0, 9, 10, 10, 0),
	gsSP2Triangles(9, 10, 9, 0, 12, 13, 14, 0),
	gsSP1Triangle(12, 14, 15, 0),
	gsSPEndDisplayList(),
};

Vtx ttc_dl_Object_mesh_layer_1_vtx_6[9] = {
	{{ {-1824, 1216, 321}, 0, {789, 993}, {0, 129, 0, 255} }},
	{{ {731, 1216, 321}, 0, {-72, 993}, {0, 129, 0, 255} }},
	{{ {731, 1216, 857}, 0, {-72, 812}, {0, 129, 0, 255} }},
	{{ {-615, 1216, 3267}, 0, {382, -1}, {0, 129, 0, 255} }},
	{{ {731, 1216, 2065}, 0, {-72, 404}, {0, 129, 0, 255} }},
	{{ {-2638, 1216, 857}, 0, {1064, 812}, {0, 129, 0, 255} }},
	{{ {-2638, 1216, 321}, 0, {1064, 993}, {0, 129, 0, 255} }},
	{{ {-2638, 1216, 2027}, 0, {1064, 418}, {0, 129, 0, 255} }},
	{{ {-1416, 1216, 3267}, 0, {652, -1}, {0, 129, 0, 255} }},
};

Gfx ttc_dl_Object_mesh_layer_1_tri_6[] = {
	gsSPVertex(ttc_dl_Object_mesh_layer_1_vtx_6 + 0, 9, 0),
	gsSP2Triangles(0, 1, 2, 0, 0, 2, 3, 0),
	gsSP2Triangles(2, 4, 3, 0, 5, 0, 3, 0),
	gsSP2Triangles(5, 6, 0, 0, 7, 5, 3, 0),
	gsSP2Triangles(3, 8, 7, 0, 3, 8, 8, 0),
	gsSPEndDisplayList(),
};

Vtx ttc_dl_Object_mesh_layer_1_vtx_7[19] = {
	{{ {315, 651, 285}, 0, {1008, 24}, {0, 0, 127, 255} }},
	{{ {-299, 651, 285}, 0, {-16, 24}, {0, 0, 127, 255} }},
	{{ {-299, 397, 285}, 0, {-16, 448}, {0, 0, 127, 255} }},
	{{ {315, 397, 285}, 0, {1008, 448}, {0, 0, 127, 255} }},
	{{ {-1963, 649, 285}, 0, {528, 16}, {0, 0, 127, 255} }},
	{{ {-2275, 652, 285}, 0, {-16, 11}, {0, 0, 127, 255} }},
	{{ {-2275, 403, 285}, 0, {-16, 444}, {0, 0, 127, 255} }},
	{{ {-1688, 397, 285}, 0, {1008, 455}, {0, 0, 127, 255} }},
	{{ {-2275, 397, 285}, 0, {-16, 455}, {0, 0, 127, 255} }},
	{{ {-1688, 652, 285}, 0, {1008, 11}, {0, 0, 127, 255} }},
	{{ {315, 397, 285}, 0, {1008, 448}, {0, 0, 127, 255} }},
	{{ {-299, 397, 285}, 0, {-16, 448}, {0, 0, 127, 255} }},
	{{ {-299, 86, 285}, 0, {-16, 968}, {0, 0, 127, 255} }},
	{{ {315, 86, 285}, 0, {1008, 968}, {0, 0, 127, 255} }},
	{{ {-1688, 86, 285}, 0, {1008, 990}, {0, 0, 127, 255} }},
	{{ {-1688, 397, 285}, 0, {1008, 447}, {0, 0, 127, 255} }},
	{{ {-2275, 397, 285}, 0, {-16, 447}, {0, 0, 127, 255} }},
	{{ {-1963, 86, 285}, 0, {528, 990}, {0, 0, 127, 255} }},
	{{ {-2275, 86, 285}, 0, {-16, 990}, {0, 0, 127, 255} }},
};

Gfx ttc_dl_Object_mesh_layer_1_tri_7[] = {
	gsSPVertex(ttc_dl_Object_mesh_layer_1_vtx_7 + 0, 19, 0),
	gsSP2Triangles(0, 1, 2, 0, 0, 2, 3, 0),
	gsSP2Triangles(4, 5, 6, 0, 4, 6, 7, 0),
	gsSP2Triangles(6, 8, 7, 0, 7, 9, 4, 0),
	gsSP2Triangles(10, 11, 12, 0, 10, 12, 13, 0),
	gsSP2Triangles(14, 15, 16, 0, 16, 17, 14, 0),
	gsSP1Triangle(16, 18, 17, 0),
	gsSPEndDisplayList(),
};

Vtx ttc_dl_Object_mesh_layer_1_vtx_8[117] = {
	{{ {1714, -489, 1491}, 0, {3236, 1760}, {0, 0, 129, 255} }},
	{{ {731, -489, 1491}, 0, {-421, 1760}, {0, 0, 129, 255} }},
	{{ {731, -29, 1491}, 0, {-421, 47}, {0, 0, 129, 255} }},
	{{ {1814, -489, 1491}, 0, {3608, 1760}, {0, 0, 129, 255} }},
	{{ {2847, -489, 1491}, 0, {7454, 1760}, {0, 0, 129, 255} }},
	{{ {2847, -29, 1491}, 0, {7454, 47}, {0, 0, 129, 255} }},
	{{ {731, 190, 1343}, 0, {-421, 1093}, {0, 129, 0, 255} }},
	{{ {731, 190, 1032}, 0, {-421, -67}, {0, 129, 0, 255} }},
	{{ {2847, 190, 1032}, 0, {7454, -67}, {0, 129, 0, 255} }},
	{{ {2847, 190, 1343}, 0, {7454, 1093}, {0, 129, 0, 255} }},
	{{ {2847, -39, 875}, 0, {7454, 85}, {0, 0, 127, 255} }},
	{{ {731, -39, 875}, 0, {-421, 85}, {0, 0, 127, 255} }},
	{{ {731, -489, 875}, 0, {-421, 1760}, {0, 0, 127, 255} }},
	{{ {1714, -489, 875}, 0, {3237, 1760}, {0, 0, 127, 255} }},
	{{ {1814, -489, 875}, 0, {3608, 1760}, {0, 0, 127, 255} }},
	{{ {2847, -489, 875}, 0, {7454, 1760}, {0, 0, 127, 255} }},
	{{ {731, -29, 1491}, 0, {-421, 47}, {0, 185, 151, 255} }},
	{{ {731, 190, 1343}, 0, {-421, -768}, {0, 185, 151, 255} }},
	{{ {2847, 190, 1343}, 0, {7454, -768}, {0, 185, 151, 255} }},
	{{ {2847, -29, 1491}, 0, {7454, 47}, {0, 185, 151, 255} }},
	{{ {731, 190, 1032}, 0, {-421, -768}, {0, 184, 105, 255} }},
	{{ {731, -39, 875}, 0, {-421, 85}, {0, 184, 105, 255} }},
	{{ {2847, -39, 875}, 0, {7454, 85}, {0, 184, 105, 255} }},
	{{ {2847, 190, 1032}, 0, {7454, -768}, {0, 184, 105, 255} }},
	{{ {1814, -489, 875}, 0, {3608, 1760}, {0, 0, 129, 255} }},
	{{ {1714, -489, 875}, 0, {3237, 1760}, {0, 0, 129, 255} }},
	{{ {1714, 190, 875}, 0, {3237, -768}, {0, 0, 129, 255} }},
	{{ {1814, 190, 875}, 0, {3608, -768}, {0, 0, 129, 255} }},
	{{ {1714, 190, 875}, 0, {1648, -775}, {129, 0, 0, 255} }},
	{{ {1714, -489, 875}, 0, {1648, 1767}, {129, 0, 0, 255} }},
	{{ {1714, -489, 1104}, 0, {792, 1767}, {129, 0, 0, 255} }},
	{{ {1714, -230, 1104}, 0, {792, 796}, {129, 0, 0, 255} }},
	{{ {1714, 190, 875}, 0, {1648, -775}, {129, 0, 0, 255} }},
	{{ {1714, -230, 1104}, 0, {792, 796}, {129, 0, 0, 255} }},
	{{ {1714, -230, 1254}, 0, {229, 796}, {129, 0, 0, 255} }},
	{{ {1714, -489, 1491}, 0, {-656, 1767}, {129, 0, 0, 255} }},
	{{ {1714, -489, 1254}, 0, {229, 1767}, {129, 0, 0, 255} }},
	{{ {1714, 190, 1491}, 0, {-656, -775}, {129, 0, 0, 255} }},
	{{ {1714, -489, 1491}, 0, {3236, 1760}, {0, 0, 127, 255} }},
	{{ {1814, -489, 1491}, 0, {3608, 1760}, {0, 0, 127, 255} }},
	{{ {1814, 190, 1491}, 0, {3608, -768}, {0, 0, 127, 255} }},
	{{ {1714, 190, 1491}, 0, {3236, -768}, {0, 0, 127, 255} }},
	{{ {1814, 190, 1491}, 0, {-656, -775}, {127, 0, 0, 255} }},
	{{ {1814, -489, 1491}, 0, {-656, 1767}, {127, 0, 0, 255} }},
	{{ {1814, -489, 1257}, 0, {218, 1767}, {127, 0, 0, 255} }},
	{{ {1814, -230, 1257}, 0, {218, 798}, {127, 0, 0, 255} }},
	{{ {1814, -230, 1102}, 0, {798, 798}, {127, 0, 0, 255} }},
	{{ {1814, 190, 875}, 0, {1648, -775}, {127, 0, 0, 255} }},
	{{ {1814, -489, 1102}, 0, {798, 1767}, {127, 0, 0, 255} }},
	{{ {1814, -489, 875}, 0, {1648, 1767}, {127, 0, 0, 255} }},
	{{ {1814, -230, 1102}, 0, {798, 798}, {255, 129, 0, 255} }},
	{{ {1814, -230, 1257}, 0, {218, 798}, {255, 129, 0, 255} }},
	{{ {1714, -230, 1254}, 0, {229, 796}, {255, 129, 0, 255} }},
	{{ {1714, -230, 1104}, 0, {792, 796}, {255, 129, 0, 255} }},
	{{ {1814, -489, 1102}, 0, {798, 1767}, {2, 0, 127, 255} }},
	{{ {1814, -230, 1102}, 0, {798, 798}, {2, 0, 127, 255} }},
	{{ {1714, -230, 1104}, 0, {792, 796}, {2, 0, 127, 255} }},
	{{ {1714, -489, 1104}, 0, {792, 1767}, {2, 0, 127, 255} }},
	{{ {1814, -230, 1257}, 0, {218, 798}, {4, 0, 129, 255} }},
	{{ {1814, -489, 1257}, 0, {218, 1767}, {4, 0, 129, 255} }},
	{{ {1714, -489, 1254}, 0, {229, 1767}, {4, 0, 129, 255} }},
	{{ {1714, -230, 1254}, 0, {229, 796}, {4, 0, 129, 255} }},
	{{ {-2735, -231, 1258}, 0, {-5027, 952}, {174, 0, 159, 255} }},
	{{ {-2735, -489, 1258}, 0, {-5027, 2360}, {174, 0, 159, 255} }},
	{{ {-3458, -489, 1870}, 0, {-1082, 2360}, {174, 0, 159, 255} }},
	{{ {-3458, 65, 1870}, 0, {-1082, -666}, {174, 0, 159, 255} }},
	{{ {-2735, -489, 949}, 0, {-5027, 2360}, {183, 0, 104, 255} }},
	{{ {-2735, -231, 949}, 0, {-5027, 952}, {183, 0, 104, 255} }},
	{{ {-3458, 65, 442}, 0, {-1082, -666}, {183, 0, 104, 255} }},
	{{ {-3458, -489, 442}, 0, {-1082, 2360}, {183, 0, 104, 255} }},
	{{ {-3709, -489, 442}, 0, {287, 2360}, {0, 0, 127, 255} }},
	{{ {-4759, 194, 442}, 0, {6019, -1368}, {0, 0, 127, 255} }},
	{{ {-4759, -489, 442}, 0, {6019, 2360}, {0, 0, 127, 255} }},
	{{ {-3709, 194, 442}, 0, {287, -1368}, {0, 0, 127, 255} }},
	{{ {-3458, -489, 442}, 0, {-1082, 2360}, {0, 0, 127, 255} }},
	{{ {-3458, 65, 442}, 0, {-1082, -666}, {0, 0, 127, 255} }},
	{{ {-3458, 65, 1870}, 0, {-1082, -666}, {0, 0, 129, 255} }},
	{{ {-3458, -489, 1870}, 0, {-1082, 2360}, {0, 0, 129, 255} }},
	{{ {-3709, -489, 1870}, 0, {287, 2360}, {0, 0, 129, 255} }},
	{{ {-3709, 194, 1870}, 0, {287, -1368}, {0, 0, 129, 255} }},
	{{ {-4759, -489, 1870}, 0, {6019, 2360}, {0, 0, 129, 255} }},
	{{ {-4759, 194, 1870}, 0, {6019, -1368}, {0, 0, 129, 255} }},
	{{ {-4759, -489, 1384}, 0, {1743, 2360}, {127, 0, 0, 255} }},
	{{ {-4759, 194, 1384}, 0, {1743, -1368}, {127, 0, 0, 255} }},
	{{ {-4759, 194, 1870}, 0, {4393, -1368}, {127, 0, 0, 255} }},
	{{ {-4759, -489, 1870}, 0, {4393, 2360}, {127, 0, 0, 255} }},
	{{ {-4759, -489, 442}, 0, {-3401, 2360}, {127, 0, 0, 255} }},
	{{ {-4759, 194, 442}, 0, {-3401, -1368}, {127, 0, 0, 255} }},
	{{ {-4759, 194, 913}, 0, {-829, -1368}, {127, 0, 0, 255} }},
	{{ {-4759, -489, 913}, 0, {-829, 2360}, {127, 0, 0, 255} }},
	{{ {-4759, -489, 913}, 0, {6335, 4311}, {0, 0, 127, 255} }},
	{{ {-4759, 194, 913}, 0, {6335, 395}, {0, 0, 127, 255} }},
	{{ {-5615, 842, 913}, 0, {1429, -3319}, {0, 0, 127, 255} }},
	{{ {-5137, -489, 913}, 0, {4168, 4311}, {0, 0, 127, 255} }},
	{{ {-5137, -489, 913}, 0, {4168, 4311}, {0, 0, 127, 255} }},
	{{ {-5615, 842, 913}, 0, {1429, -3319}, {0, 0, 127, 255} }},
	{{ {-6168, 1022, 913}, 0, {-1739, -4354}, {0, 0, 127, 255} }},
	{{ {-6168, -489, 913}, 0, {-1739, 4311}, {0, 0, 127, 255} }},
	{{ {-6796, 1022, 913}, 0, {-5343, -4354}, {0, 0, 127, 255} }},
	{{ {-6796, -489, 913}, 0, {-5343, 4311}, {0, 0, 127, 255} }},
	{{ {-4759, 194, 1384}, 0, {6335, 395}, {0, 0, 129, 255} }},
	{{ {-4759, -489, 1384}, 0, {6335, 4311}, {0, 0, 129, 255} }},
	{{ {-5137, -489, 1384}, 0, {4168, 4311}, {0, 0, 129, 255} }},
	{{ {-5615, 842, 1384}, 0, {1429, -3319}, {0, 0, 129, 255} }},
	{{ {-6168, -489, 1384}, 0, {-1739, 4311}, {0, 0, 129, 255} }},
	{{ {-6168, 1022, 1384}, 0, {-1739, -4354}, {0, 0, 129, 255} }},
	{{ {-6168, 1022, 1384}, 0, {-1739, -4354}, {0, 0, 129, 255} }},
	{{ {-6796, -489, 1384}, 0, {-5343, 4311}, {0, 0, 129, 255} }},
	{{ {-6796, 1022, 1384}, 0, {-5343, -4354}, {0, 0, 129, 255} }},
	{{ {-4759, -489, 913}, 0, {6335, 4311}, {0, 0, 129, 255} }},
	{{ {-5137, -489, 913}, 0, {4168, 4311}, {0, 0, 129, 255} }},
	{{ {-5137, -470, 913}, 0, {4168, 4201}, {0, 0, 129, 255} }},
	{{ {-4759, -470, 913}, 0, {6335, 4201}, {0, 0, 129, 255} }},
	{{ {-5137, -489, 1384}, 0, {4168, 4311}, {0, 0, 127, 255} }},
	{{ {-4759, -489, 1384}, 0, {6335, 4311}, {0, 0, 127, 255} }},
	{{ {-4759, -470, 1384}, 0, {6335, 4201}, {0, 0, 127, 255} }},
	{{ {-5137, -470, 1384}, 0, {4168, 4201}, {0, 0, 127, 255} }},
};

Gfx ttc_dl_Object_mesh_layer_1_tri_8[] = {
	gsSPVertex(ttc_dl_Object_mesh_layer_1_vtx_8 + 0, 32, 0),
	gsSP2Triangles(0, 1, 2, 0, 3, 0, 2, 0),
	gsSP2Triangles(2, 4, 3, 0, 2, 5, 4, 0),
	gsSP2Triangles(6, 7, 8, 0, 6, 8, 9, 0),
	gsSP2Triangles(10, 11, 12, 0, 10, 12, 13, 0),
	gsSP2Triangles(13, 14, 10, 0, 14, 15, 10, 0),
	gsSP2Triangles(16, 17, 18, 0, 16, 18, 19, 0),
	gsSP2Triangles(20, 21, 22, 0, 20, 22, 23, 0),
	gsSP2Triangles(24, 25, 26, 0, 24, 26, 27, 0),
	gsSP2Triangles(28, 29, 30, 0, 28, 30, 31, 0),
	gsSPVertex(ttc_dl_Object_mesh_layer_1_vtx_8 + 32, 30, 0),
	gsSP2Triangles(0, 1, 2, 0, 2, 3, 0, 0),
	gsSP2Triangles(2, 4, 3, 0, 3, 5, 0, 0),
	gsSP2Triangles(6, 7, 8, 0, 6, 8, 9, 0),
	gsSP2Triangles(10, 11, 12, 0, 10, 12, 13, 0),
	gsSP2Triangles(10, 13, 14, 0, 14, 15, 10, 0),
	gsSP2Triangles(14, 16, 15, 0, 16, 17, 15, 0),
	gsSP2Triangles(18, 19, 20, 0, 18, 20, 21, 0),
	gsSP2Triangles(22, 23, 24, 0, 22, 24, 25, 0),
	gsSP2Triangles(26, 27, 28, 0, 26, 28, 29, 0),
	gsSPVertex(ttc_dl_Object_mesh_layer_1_vtx_8 + 62, 32, 0),
	gsSP2Triangles(0, 1, 2, 0, 0, 2, 3, 0),
	gsSP2Triangles(4, 5, 6, 0, 4, 6, 7, 0),
	gsSP2Triangles(8, 9, 10, 0, 8, 11, 9, 0),
	gsSP2Triangles(12, 11, 8, 0, 12, 13, 11, 0),
	gsSP2Triangles(14, 15, 16, 0, 14, 16, 17, 0),
	gsSP2Triangles(17, 16, 18, 0, 17, 18, 19, 0),
	gsSP2Triangles(20, 21, 22, 0, 20, 22, 23, 0),
	gsSP2Triangles(24, 25, 26, 0, 24, 26, 27, 0),
	gsSP2Triangles(28, 29, 30, 0, 28, 30, 31, 0),
	gsSPVertex(ttc_dl_Object_mesh_layer_1_vtx_8 + 94, 23, 0),
	gsSP2Triangles(0, 1, 2, 0, 0, 2, 3, 0),
	gsSP2Triangles(3, 2, 4, 0, 3, 4, 5, 0),
	gsSP2Triangles(6, 7, 8, 0, 6, 8, 9, 0),
	gsSP2Triangles(9, 8, 10, 0, 9, 10, 11, 0),
	gsSP2Triangles(12, 10, 13, 0, 12, 13, 14, 0),
	gsSP2Triangles(15, 16, 17, 0, 15, 17, 18, 0),
	gsSP2Triangles(19, 20, 21, 0, 19, 21, 22, 0),
	gsSPEndDisplayList(),
};

Vtx ttc_dl_Object_mesh_layer_1_vtx_9[178] = {
	{{ {2847, 190, 1032}, 0, {1675, 1187}, {127, 0, 0, 255} }},
	{{ {2847, -39, 875}, 0, {2578, 2507}, {127, 0, 0, 255} }},
	{{ {2847, -39, 321}, 0, {5765, 2507}, {127, 0, 0, 255} }},
	{{ {2847, 1110, 321}, 0, {5765, -4107}, {127, 0, 0, 255} }},
	{{ {2847, 1110, -1572}, 0, {16665, -4107}, {127, 0, 0, 255} }},
	{{ {2847, -39, -1572}, 0, {16665, 2507}, {127, 0, 0, 255} }},
	{{ {2847, 1110, 875}, 0, {2578, -4107}, {127, 0, 0, 255} }},
	{{ {2847, 190, 1343}, 0, {-120, 1187}, {127, 0, 0, 255} }},
	{{ {2847, 1110, 1343}, 0, {-120, -4107}, {127, 0, 0, 255} }},
	{{ {2847, 1110, 1032}, 0, {1675, -4107}, {127, 0, 0, 255} }},
	{{ {2847, 1110, 1491}, 0, {-970, -4107}, {127, 0, 0, 255} }},
	{{ {2847, -29, 3893}, 0, {-14795, 2448}, {127, 0, 0, 255} }},
	{{ {2847, 1110, 2152}, 0, {-4773, -4107}, {127, 0, 0, 255} }},
	{{ {2847, 1110, 3893}, 0, {-14795, -4107}, {127, 0, 0, 255} }},
	{{ {2847, -29, 2152}, 0, {-4773, 2448}, {127, 0, 0, 255} }},
	{{ {2847, -29, 1491}, 0, {-970, 2448}, {127, 0, 0, 255} }},
	{{ {2847, -489, 1491}, 0, {-970, 5099}, {127, 0, 0, 255} }},
	{{ {2847, -29, 1491}, 0, {-970, 2448}, {127, 0, 0, 255} }},
	{{ {2847, -29, 2152}, 0, {-4773, 2448}, {127, 0, 0, 255} }},
	{{ {2847, -489, 2152}, 0, {-4773, 5099}, {127, 0, 0, 255} }},
	{{ {2847, -29, 3893}, 0, {-14795, 2448}, {127, 0, 0, 255} }},
	{{ {2847, -489, 3893}, 0, {-14795, 5099}, {127, 0, 0, 255} }},
	{{ {2847, -39, 321}, 0, {5765, 2507}, {127, 0, 0, 255} }},
	{{ {2847, -39, 875}, 0, {2578, 2507}, {127, 0, 0, 255} }},
	{{ {2847, -489, 875}, 0, {2578, 5099}, {127, 0, 0, 255} }},
	{{ {2847, -489, 321}, 0, {5765, 5099}, {127, 0, 0, 255} }},
	{{ {2847, -39, -1572}, 0, {16666, 2507}, {127, 0, 0, 255} }},
	{{ {2847, -489, -1572}, 0, {16665, 5099}, {127, 0, 0, 255} }},
	{{ {3723, -489, 3719}, 0, {-120, 584}, {0, 0, 129, 255} }},
	{{ {3021, -489, 3719}, 0, {-1815, 584}, {0, 0, 129, 255} }},
	{{ {3021, -417, 3719}, 0, {-1815, 408}, {0, 0, 129, 255} }},
	{{ {3723, -417, 3719}, 0, {-120, 408}, {0, 0, 129, 255} }},
	{{ {4936, -489, 3719}, 0, {2807, 584}, {0, 0, 129, 255} }},
	{{ {3723, -489, 3719}, 0, {-120, 584}, {0, 0, 129, 255} }},
	{{ {3723, -417, 3719}, 0, {-120, 408}, {0, 0, 129, 255} }},
	{{ {4936, -417, 3719}, 0, {2807, 408}, {0, 0, 129, 255} }},
	{{ {5109, -489, 875}, 0, {1155, 580}, {127, 0, 0, 255} }},
	{{ {5109, -417, 321}, 0, {2434, 412}, {127, 0, 0, 255} }},
	{{ {5109, -417, 875}, 0, {1155, 412}, {127, 0, 0, 255} }},
	{{ {5109, -489, 321}, 0, {2434, 580}, {127, 0, 0, 255} }},
	{{ {5109, -2529, 875}, 0, {1155, 5293}, {127, 0, 0, 255} }},
	{{ {5109, -2529, 321}, 0, {2434, 5293}, {127, 0, 0, 255} }},
	{{ {5109, -417, -1572}, 0, {6809, 412}, {127, 0, 0, 255} }},
	{{ {5109, -489, -1572}, 0, {6809, 580}, {127, 0, 0, 255} }},
	{{ {5109, -2529, 321}, 0, {2434, 5293}, {127, 0, 0, 255} }},
	{{ {5109, -2529, -1572}, 0, {6809, 5293}, {127, 0, 0, 255} }},
	{{ {5109, -489, 3893}, 0, {-5817, 580}, {127, 0, 0, 255} }},
	{{ {5109, -417, 2152}, 0, {-1795, 412}, {127, 0, 0, 255} }},
	{{ {5109, -417, 3893}, 0, {-5817, 412}, {127, 0, 0, 255} }},
	{{ {5109, -489, 2152}, 0, {-1795, 580}, {127, 0, 0, 255} }},
	{{ {5109, -2529, 3893}, 0, {-5817, 5293}, {127, 0, 0, 255} }},
	{{ {5109, -2529, 2152}, 0, {-1795, 5293}, {127, 0, 0, 255} }},
	{{ {5109, -417, 1491}, 0, {-269, 412}, {127, 0, 0, 255} }},
	{{ {5109, -489, 1491}, 0, {-269, 580}, {127, 0, 0, 255} }},
	{{ {5109, -2529, 2152}, 0, {-1795, 5293}, {127, 0, 0, 255} }},
	{{ {5109, -2529, 1491}, 0, {-269, 5293}, {127, 0, 0, 255} }},
	{{ {5109, -489, 1491}, 0, {-269, 580}, {127, 0, 0, 0} }},
	{{ {5109, -417, 875}, 0, {1155, 412}, {127, 0, 0, 0} }},
	{{ {5109, -417, 1491}, 0, {-269, 412}, {127, 0, 0, 0} }},
	{{ {5109, -489, 875}, 0, {1155, 580}, {127, 0, 0, 0} }},
	{{ {5109, -2529, 1491}, 0, {-269, 5293}, {127, 0, 0, 0} }},
	{{ {5109, -2529, 875}, 0, {1155, 5293}, {127, 0, 0, 0} }},
	{{ {2847, -489, -1399}, 0, {-2234, 584}, {0, 0, 127, 255} }},
	{{ {3021, -489, -1399}, 0, {-1815, 584}, {0, 0, 127, 255} }},
	{{ {3021, -417, -1399}, 0, {-1815, 408}, {0, 0, 127, 255} }},
	{{ {2847, -417, -1399}, 0, {-2234, 408}, {0, 0, 127, 255} }},
	{{ {4936, -417, 701}, 0, {2807, -612}, {0, 127, 0, 255} }},
	{{ {4936, -417, 875}, 0, {2807, -193}, {0, 127, 0, 255} }},
	{{ {5109, -417, 875}, 0, {3226, -193}, {0, 127, 0, 255} }},
	{{ {4936, -417, 321}, 0, {2807, -1529}, {0, 127, 0, 255} }},
	{{ {5109, -417, 321}, 0, {3226, -1529}, {0, 127, 0, 255} }},
	{{ {4936, -417, -1399}, 0, {2807, -5681}, {0, 127, 0, 255} }},
	{{ {5109, -417, -1572}, 0, {3226, -6100}, {0, 127, 0, 255} }},
	{{ {3723, -417, -1399}, 0, {-120, -5681}, {0, 127, 0, 255} }},
	{{ {3723, -417, -1572}, 0, {-120, -6100}, {0, 127, 0, 255} }},
	{{ {3021, -417, -1399}, 0, {-1815, -5681}, {0, 127, 0, 255} }},
	{{ {2847, -417, -1572}, 0, {-2234, -6100}, {0, 127, 0, 255} }},
	{{ {2847, -417, -1399}, 0, {-2234, -5681}, {0, 127, 0, 255} }},
	{{ {4936, -417, 1491}, 0, {2807, 1295}, {0, 127, 0, 255} }},
	{{ {4936, -417, 1665}, 0, {2807, 1714}, {0, 127, 0, 255} }},
	{{ {5109, -417, 1491}, 0, {3226, 1295}, {0, 127, 0, 255} }},
	{{ {5109, -417, 2152}, 0, {3226, 2889}, {0, 127, 0, 255} }},
	{{ {4936, -417, 2152}, 0, {2807, 2889}, {0, 127, 0, 255} }},
	{{ {5109, -417, 3893}, 0, {3226, 7092}, {0, 127, 0, 255} }},
	{{ {4936, -417, 3719}, 0, {2807, 6673}, {0, 127, 0, 255} }},
	{{ {3723, -417, 3893}, 0, {-120, 7092}, {0, 127, 0, 255} }},
	{{ {3723, -417, 3719}, 0, {-120, 6673}, {0, 127, 0, 255} }},
	{{ {2847, -417, 3893}, 0, {-2234, 7092}, {0, 127, 0, 255} }},
	{{ {3021, -417, 3719}, 0, {-1815, 6673}, {0, 127, 0, 255} }},
	{{ {2847, -417, 3719}, 0, {-2234, 6673}, {0, 127, 0, 255} }},
	{{ {4936, -417, 875}, 0, {2807, -193}, {0, 127, 0, 99} }},
	{{ {4936, -417, 1491}, 0, {2807, 1295}, {0, 127, 0, 99} }},
	{{ {5109, -417, 1491}, 0, {3226, 1295}, {0, 127, 0, 0} }},
	{{ {5109, -417, 875}, 0, {3226, -193}, {0, 127, 0, 0} }},
	{{ {4936, -489, 1491}, 0, {-303, 584}, {129, 0, 0, 255} }},
	{{ {4936, -417, 1665}, 0, {-722, 408}, {129, 0, 0, 255} }},
	{{ {4936, -417, 1491}, 0, {-303, 408}, {129, 0, 0, 255} }},
	{{ {4936, -489, 1665}, 0, {-722, 584}, {129, 0, 0, 255} }},
	{{ {4936, -417, 2152}, 0, {-1897, 408}, {129, 0, 0, 255} }},
	{{ {4936, -489, 2152}, 0, {-1897, 584}, {129, 0, 0, 255} }},
	{{ {4936, -417, 3719}, 0, {-5681, 408}, {129, 0, 0, 255} }},
	{{ {4936, -489, 3719}, 0, {-5681, 584}, {129, 0, 0, 255} }},
	{{ {4936, -489, 701}, 0, {1604, 584}, {129, 0, 0, 255} }},
	{{ {4936, -489, 875}, 0, {1185, 584}, {129, 0, 0, 255} }},
	{{ {4936, -417, 875}, 0, {1185, 408}, {129, 0, 0, 255} }},
	{{ {4936, -417, 701}, 0, {1604, 408}, {129, 0, 0, 255} }},
	{{ {4936, -489, 321}, 0, {2521, 584}, {129, 0, 0, 255} }},
	{{ {4936, -417, 321}, 0, {2521, 408}, {129, 0, 0, 255} }},
	{{ {4936, -489, -1399}, 0, {6673, 584}, {129, 0, 0, 255} }},
	{{ {4936, -417, -1399}, 0, {6673, 408}, {129, 0, 0, 255} }},
	{{ {3021, -489, -1399}, 0, {-1815, 584}, {0, 0, 127, 255} }},
	{{ {3723, -417, -1399}, 0, {-120, 408}, {0, 0, 127, 255} }},
	{{ {3021, -417, -1399}, 0, {-1815, 408}, {0, 0, 127, 255} }},
	{{ {3723, -489, -1399}, 0, {-120, 584}, {0, 0, 127, 255} }},
	{{ {4936, -417, -1399}, 0, {2807, 408}, {0, 0, 127, 255} }},
	{{ {4936, -489, -1399}, 0, {2807, 584}, {0, 0, 127, 255} }},
	{{ {5109, -489, -1572}, 0, {3109, 580}, {0, 0, 129, 255} }},
	{{ {3723, -417, -1572}, 0, {-94, 412}, {0, 0, 129, 255} }},
	{{ {5109, -417, -1572}, 0, {3109, 412}, {0, 0, 129, 255} }},
	{{ {3723, -489, -1572}, 0, {-94, 580}, {0, 0, 129, 255} }},
	{{ {5109, -2529, -1572}, 0, {3109, 5293}, {0, 0, 129, 255} }},
	{{ {3723, -2529, -1572}, 0, {-94, 5293}, {0, 0, 129, 255} }},
	{{ {2847, -417, -1572}, 0, {-2117, 412}, {0, 0, 129, 255} }},
	{{ {2847, -489, -1572}, 0, {-2117, 580}, {0, 0, 129, 255} }},
	{{ {3723, -2529, -1572}, 0, {-94, 5293}, {0, 0, 129, 255} }},
	{{ {2847, -2529, -1572}, 0, {-2117, 5293}, {0, 0, 129, 255} }},
	{{ {4936, -489, 875}, 0, {1185, 584}, {129, 0, 0, 99} }},
	{{ {4936, -489, 1491}, 0, {-303, 584}, {129, 0, 0, 99} }},
	{{ {4936, -417, 1491}, 0, {-303, 408}, {129, 0, 0, 99} }},
	{{ {4936, -417, 875}, 0, {1185, 408}, {129, 0, 0, 99} }},
	{{ {3021, -489, 3719}, 0, {-1815, 584}, {0, 0, 129, 255} }},
	{{ {2847, -489, 3719}, 0, {-2234, 584}, {0, 0, 129, 255} }},
	{{ {2847, -417, 3719}, 0, {-2234, 408}, {0, 0, 129, 255} }},
	{{ {3021, -417, 3719}, 0, {-1815, 408}, {0, 0, 129, 255} }},
	{{ {2847, -489, 3893}, 0, {-2117, 580}, {0, 0, 127, 255} }},
	{{ {3723, -417, 3893}, 0, {-94, 412}, {0, 0, 127, 255} }},
	{{ {2847, -417, 3893}, 0, {-2117, 412}, {0, 0, 127, 255} }},
	{{ {3723, -489, 3893}, 0, {-94, 580}, {0, 0, 127, 255} }},
	{{ {2847, -2529, 3893}, 0, {-2117, 5293}, {0, 0, 127, 255} }},
	{{ {3723, -2529, 3893}, 0, {-94, 5293}, {0, 0, 127, 255} }},
	{{ {5109, -417, 3893}, 0, {3109, 412}, {0, 0, 127, 255} }},
	{{ {5109, -489, 3893}, 0, {3109, 580}, {0, 0, 127, 255} }},
	{{ {3723, -2529, 3893}, 0, {-94, 5293}, {0, 0, 127, 255} }},
	{{ {5109, -2529, 3893}, 0, {3109, 5293}, {0, 0, 127, 255} }},
	{{ {2847, -489, 3893}, 0, {10805, 5099}, {127, 0, 0, 255} }},
	{{ {2847, -29, 3893}, 0, {10805, 2448}, {127, 0, 0, 255} }},
	{{ {2847, -29, 11026}, 0, {-30262, 2448}, {127, 0, 0, 255} }},
	{{ {2847, -489, 11026}, 0, {-30262, 5099}, {127, 0, 0, 255} }},
	{{ {2847, -29, 3893}, 0, {10805, 2448}, {127, 0, 0, 255} }},
	{{ {2847, 1110, 3893}, 0, {10805, -4107}, {127, 0, 0, 255} }},
	{{ {2847, 1110, 11026}, 0, {-30262, -4107}, {127, 0, 0, 255} }},
	{{ {2847, -29, 11026}, 0, {-30262, 2448}, {127, 0, 0, 255} }},
	{{ {2847, -39, -1572}, 0, {-10982, 2507}, {127, 0, 0, 255} }},
	{{ {2847, -489, -1572}, 0, {-10983, 5099}, {127, 0, 0, 255} }},
	{{ {2847, -489, -8852}, 0, {30927, 5099}, {127, 0, 0, 255} }},
	{{ {2847, -39, -8852}, 0, {30927, 2507}, {127, 0, 0, 255} }},
	{{ {2847, 1110, -1572}, 0, {-10983, -4107}, {127, 0, 0, 255} }},
	{{ {2847, -39, -1572}, 0, {-10983, 2507}, {127, 0, 0, 255} }},
	{{ {2847, -39, -8852}, 0, {30928, 2507}, {127, 0, 0, 255} }},
	{{ {2847, 1110, -8852}, 0, {30928, -4107}, {127, 0, 0, 255} }},
	{{ {2847, -39, -8852}, 0, {30927, 2507}, {129, 0, 0, 255} }},
	{{ {2847, -489, -8852}, 0, {30927, 5099}, {129, 0, 0, 255} }},
	{{ {2847, -379, -8852}, 0, {30927, 4466}, {129, 0, 0, 255} }},
	{{ {2847, 71, -8852}, 0, {30927, 1874}, {129, 0, 0, 255} }},
	{{ {2847, -489, -1572}, 0, {16665, 4075}, {127, 0, 0, 255} }},
	{{ {2847, -5167, 321}, 0, {5765, 31003}, {127, 0, 0, 255} }},
	{{ {2847, -5167, -1572}, 0, {16665, 31003}, {127, 0, 0, 255} }},
	{{ {2847, -489, 321}, 0, {5765, 4075}, {127, 0, 0, 255} }},
	{{ {2847, -489, 3893}, 0, {-14795, 4075}, {127, 0, 0, 255} }},
	{{ {2847, -5167, 3893}, 0, {-14795, 31003}, {127, 0, 0, 255} }},
	{{ {2847, -489, 3893}, 0, {10805, 4075}, {127, 0, 0, 255} }},
	{{ {2847, -489, 11026}, 0, {-30262, 4075}, {127, 0, 0, 255} }},
	{{ {2847, -5167, 11026}, 0, {-30262, 31003}, {127, 0, 0, 255} }},
	{{ {2847, -5167, 3893}, 0, {10805, 31003}, {127, 0, 0, 255} }},
	{{ {2847, -489, -8852}, 0, {30927, 4075}, {127, 0, 0, 255} }},
	{{ {2847, -489, -1572}, 0, {-10983, 4075}, {127, 0, 0, 255} }},
	{{ {2847, -5167, -1572}, 0, {-10983, 31003}, {127, 0, 0, 255} }},
	{{ {2847, -5167, -8852}, 0, {30927, 31003}, {127, 0, 0, 255} }},
};

Gfx ttc_dl_Object_mesh_layer_1_tri_9[] = {
	gsSPVertex(ttc_dl_Object_mesh_layer_1_vtx_9 + 0, 32, 0),
	gsSP2Triangles(0, 1, 2, 0, 0, 2, 3, 0),
	gsSP2Triangles(2, 4, 3, 0, 2, 5, 4, 0),
	gsSP2Triangles(0, 3, 6, 0, 7, 0, 6, 0),
	gsSP2Triangles(7, 6, 8, 0, 6, 9, 8, 0),
	gsSP2Triangles(7, 8, 10, 0, 10, 11, 7, 0),
	gsSP2Triangles(10, 12, 11, 0, 12, 13, 11, 0),
	gsSP2Triangles(11, 14, 7, 0, 14, 15, 7, 0),
	gsSP2Triangles(16, 17, 18, 0, 16, 18, 19, 0),
	gsSP2Triangles(19, 18, 20, 0, 19, 20, 21, 0),
	gsSP2Triangles(22, 23, 24, 0, 22, 24, 25, 0),
	gsSP2Triangles(25, 26, 22, 0, 25, 27, 26, 0),
	gsSP2Triangles(28, 29, 30, 0, 28, 30, 31, 0),
	gsSPVertex(ttc_dl_Object_mesh_layer_1_vtx_9 + 32, 30, 0),
	gsSP2Triangles(0, 1, 2, 0, 0, 2, 3, 0),
	gsSP2Triangles(4, 5, 6, 0, 4, 7, 5, 0),
	gsSP2Triangles(7, 4, 8, 0, 7, 8, 9, 0),
	gsSP2Triangles(7, 10, 5, 0, 7, 11, 10, 0),
	gsSP2Triangles(11, 7, 12, 0, 11, 12, 13, 0),
	gsSP2Triangles(14, 15, 16, 0, 14, 17, 15, 0),
	gsSP2Triangles(17, 14, 18, 0, 17, 18, 19, 0),
	gsSP2Triangles(17, 20, 15, 0, 17, 21, 20, 0),
	gsSP2Triangles(21, 17, 22, 0, 21, 22, 23, 0),
	gsSP2Triangles(24, 25, 26, 0, 24, 27, 25, 0),
	gsSP2Triangles(27, 24, 28, 0, 27, 28, 29, 0),
	gsSPVertex(ttc_dl_Object_mesh_layer_1_vtx_9 + 62, 32, 0),
	gsSP2Triangles(0, 1, 2, 0, 0, 2, 3, 0),
	gsSP2Triangles(4, 5, 6, 0, 7, 4, 6, 0),
	gsSP2Triangles(7, 6, 8, 0, 9, 7, 8, 0),
	gsSP2Triangles(9, 8, 10, 0, 11, 9, 10, 0),
	gsSP2Triangles(11, 10, 12, 0, 13, 11, 12, 0),
	gsSP2Triangles(13, 12, 14, 0, 15, 13, 14, 0),
	gsSP2Triangles(16, 17, 18, 0, 17, 19, 18, 0),
	gsSP2Triangles(17, 20, 19, 0, 20, 21, 19, 0),
	gsSP2Triangles(20, 22, 21, 0, 22, 23, 21, 0),
	gsSP2Triangles(22, 24, 23, 0, 24, 25, 23, 0),
	gsSP2Triangles(24, 26, 25, 0, 26, 27, 25, 0),
	gsSP2Triangles(28, 29, 30, 0, 28, 30, 31, 0),
	gsSPVertex(ttc_dl_Object_mesh_layer_1_vtx_9 + 94, 32, 0),
	gsSP2Triangles(0, 1, 2, 0, 0, 3, 1, 0),
	gsSP2Triangles(3, 4, 1, 0, 3, 5, 4, 0),
	gsSP2Triangles(5, 6, 4, 0, 5, 7, 6, 0),
	gsSP2Triangles(8, 9, 10, 0, 8, 10, 11, 0),
	gsSP2Triangles(12, 8, 11, 0, 12, 11, 13, 0),
	gsSP2Triangles(14, 12, 13, 0, 14, 13, 15, 0),
	gsSP2Triangles(16, 17, 18, 0, 16, 19, 17, 0),
	gsSP2Triangles(19, 20, 17, 0, 19, 21, 20, 0),
	gsSP2Triangles(22, 23, 24, 0, 22, 25, 23, 0),
	gsSP2Triangles(25, 22, 26, 0, 25, 26, 27, 0),
	gsSP2Triangles(25, 28, 23, 0, 25, 29, 28, 0),
	gsSP2Triangles(29, 25, 30, 0, 29, 30, 31, 0),
	gsSPVertex(ttc_dl_Object_mesh_layer_1_vtx_9 + 126, 30, 0),
	gsSP2Triangles(0, 1, 2, 0, 0, 2, 3, 0),
	gsSP2Triangles(4, 5, 6, 0, 4, 6, 7, 0),
	gsSP2Triangles(8, 9, 10, 0, 8, 11, 9, 0),
	gsSP2Triangles(11, 8, 12, 0, 11, 12, 13, 0),
	gsSP2Triangles(11, 14, 9, 0, 11, 15, 14, 0),
	gsSP2Triangles(15, 11, 16, 0, 15, 16, 17, 0),
	gsSP2Triangles(18, 19, 20, 0, 18, 20, 21, 0),
	gsSP2Triangles(22, 23, 24, 0, 22, 24, 25, 0),
	gsSP2Triangles(26, 27, 28, 0, 26, 28, 29, 0),
	gsSPVertex(ttc_dl_Object_mesh_layer_1_vtx_9 + 156, 22, 0),
	gsSP2Triangles(0, 1, 2, 0, 0, 2, 3, 0),
	gsSP2Triangles(4, 5, 6, 0, 4, 6, 7, 0),
	gsSP2Triangles(8, 9, 10, 0, 8, 11, 9, 0),
	gsSP2Triangles(9, 11, 12, 0, 9, 12, 13, 0),
	gsSP2Triangles(14, 15, 16, 0, 14, 16, 17, 0),
	gsSP2Triangles(18, 19, 20, 0, 18, 20, 21, 0),
	gsSPEndDisplayList(),
};

Vtx ttc_dl_Object_mesh_layer_1_vtx_10[35] = {
	{{ {3723, -489, 875}, 0, {24650, -4251}, {0, 0, 127, 255} }},
	{{ {3723, -489, 1491}, 0, {24650, -1069}, {0, 0, 127, 255} }},
	{{ {3723, -489, 1491}, 0, {24650, -1069}, {0, 0, 127, 255} }},
	{{ {3723, -489, 875}, 0, {-246, -555}, {0, 127, 0, 255} }},
	{{ {3723, -489, 1491}, 0, {-246, 1236}, {0, 127, 0, 255} }},
	{{ {4936, -489, 1491}, 0, {3278, 1236}, {0, 127, 0, 99} }},
	{{ {4936, -489, 875}, 0, {3278, -555}, {0, 127, 0, 99} }},
	{{ {3021, -489, -1399}, 0, {-2286, -7162}, {0, 127, 0, 255} }},
	{{ {2847, -489, -1399}, 0, {-2791, -7162}, {0, 127, 0, 255} }},
	{{ {2847, -489, 321}, 0, {-2791, -2164}, {0, 127, 0, 255} }},
	{{ {3723, -489, -1399}, 0, {-246, -7162}, {0, 127, 0, 255} }},
	{{ {3075, -489, 1695}, 0, {-2128, 1829}, {0, 127, 0, 255} }},
	{{ {2995, -489, 1696}, 0, {-2361, 1832}, {0, 127, 0, 255} }},
	{{ {2847, -489, 875}, 0, {-2791, -555}, {0, 127, 0, 255} }},
	{{ {2995, -489, 1746}, 0, {-2363, 1978}, {0, 127, 0, 255} }},
	{{ {2847, -489, 1491}, 0, {-2791, 1236}, {0, 127, 0, 255} }},
	{{ {2847, -489, 2152}, 0, {-2791, 3156}, {0, 127, 0, 255} }},
	{{ {2847, -489, 3719}, 0, {-2791, 7711}, {0, 127, 0, 255} }},
	{{ {3723, -489, 3719}, 0, {-246, 7711}, {0, 127, 0, 255} }},
	{{ {3021, -489, 3719}, 0, {-2286, 7711}, {0, 127, 0, 255} }},
	{{ {4936, -489, 2152}, 0, {3278, 3156}, {0, 127, 0, 255} }},
	{{ {4936, -489, 3719}, 0, {3278, 7711}, {0, 127, 0, 255} }},
	{{ {3075, -489, 1741}, 0, {-2128, 1962}, {0, 127, 0, 255} }},
	{{ {4936, -489, 1665}, 0, {3278, 1740}, {0, 127, 0, 255} }},
	{{ {4936, -489, 1491}, 0, {3278, 1236}, {0, 127, 0, 255} }},
	{{ {4936, -489, 701}, 0, {3278, -1059}, {0, 127, 0, 255} }},
	{{ {4936, -489, 875}, 0, {3278, -555}, {0, 127, 0, 255} }},
	{{ {4936, -489, 321}, 0, {3278, -2164}, {0, 127, 0, 255} }},
	{{ {4936, -489, -1399}, 0, {3278, -7162}, {0, 127, 0, 255} }},
	{{ {2847, -489, 321}, 0, {-2791, -2164}, {129, 0, 0, 255} }},
	{{ {2847, -489, -1399}, 0, {-2791, -7162}, {129, 0, 0, 255} }},
	{{ {2847, -5167, -1399}, 0, {-2791, -7162}, {129, 0, 0, 255} }},
	{{ {2847, -489, 321}, 0, {-2791, -2164}, {129, 0, 0, 255} }},
	{{ {2847, -5167, -1399}, 0, {-2791, -7162}, {129, 0, 0, 255} }},
	{{ {2847, -5167, 321}, 0, {-2791, -2164}, {129, 0, 0, 255} }},
};

Gfx ttc_dl_Object_mesh_layer_1_tri_10[] = {
	gsSPVertex(ttc_dl_Object_mesh_layer_1_vtx_10 + 0, 32, 0),
	gsSP2Triangles(0, 1, 1, 0, 0, 1, 0, 0),
	gsSP2Triangles(3, 4, 5, 0, 3, 5, 6, 0),
	gsSP2Triangles(7, 8, 9, 0, 10, 7, 9, 0),
	gsSP2Triangles(10, 9, 11, 0, 9, 12, 11, 0),
	gsSP2Triangles(9, 13, 12, 0, 13, 14, 12, 0),
	gsSP2Triangles(13, 15, 14, 0, 14, 15, 16, 0),
	gsSP2Triangles(14, 16, 17, 0, 14, 17, 18, 0),
	gsSP2Triangles(17, 19, 18, 0, 18, 20, 14, 0),
	gsSP2Triangles(18, 21, 20, 0, 20, 22, 14, 0),
	gsSP2Triangles(20, 23, 22, 0, 11, 22, 23, 0),
	gsSP2Triangles(11, 23, 24, 0, 11, 24, 4, 0),
	gsSP2Triangles(11, 4, 3, 0, 11, 3, 10, 0),
	gsSP2Triangles(3, 25, 10, 0, 3, 26, 25, 0),
	gsSP2Triangles(25, 27, 10, 0, 27, 28, 10, 0),
	gsSP1Triangle(29, 30, 31, 0),
	gsSPVertex(ttc_dl_Object_mesh_layer_1_vtx_10 + 32, 3, 0),
	gsSP1Triangle(0, 1, 2, 0),
	gsSPEndDisplayList(),
};

Vtx ttc_dl_Object_mesh_layer_1_vtx_11[48] = {
	{{ {2847, 1110, 321}, 0, {5765, -4107}, {75, 103, 0, 255} }},
	{{ {2847, 1110, -1572}, 0, {16665, -4107}, {75, 103, 0, 255} }},
	{{ {2564, 1316, 1162}, 0, {985, -5365}, {75, 103, 0, 255} }},
	{{ {2673, 1236, 1162}, 0, {925, -4879}, {75, 103, 0, 255} }},
	{{ {2847, 1110, 875}, 0, {2578, -4107}, {75, 103, 0, 255} }},
	{{ {2847, 1110, 1032}, 0, {1675, -4107}, {75, 103, 0, 255} }},
	{{ {2847, 1110, 1491}, 0, {-970, -4107}, {75, 103, 0, 255} }},
	{{ {2847, 1110, 2152}, 0, {-4773, -4107}, {75, 103, 0, 255} }},
	{{ {2847, 1110, 3893}, 0, {-14795, -4107}, {75, 103, 0, 255} }},
	{{ {2673, 1236, 1298}, 0, {140, -4880}, {75, 103, 0, 255} }},
	{{ {2847, 1110, 1343}, 0, {-120, -4107}, {75, 103, 0, 255} }},
	{{ {2847, 1110, 3893}, 0, {12853, -4107}, {75, 103, 0, 255} }},
	{{ {1214, 2296, 4209}, 0, {11029, -11345}, {75, 103, 0, 255} }},
	{{ {1214, 2296, 11343}, 0, {-30037, -11345}, {75, 103, 0, 255} }},
	{{ {2847, 1110, 11026}, 0, {-28214, -4107}, {75, 103, 0, 255} }},
	{{ {1214, 2296, -1255}, 0, {-12806, -11345}, {75, 103, 0, 255} }},
	{{ {2847, 1110, -1572}, 0, {-10983, -4107}, {75, 103, 0, 255} }},
	{{ {2847, 1110, -8852}, 0, {30928, -4107}, {75, 103, 0, 255} }},
	{{ {1214, 2296, -8535}, 0, {29104, -11345}, {75, 103, 0, 255} }},
	{{ {1214, 2296, 4209}, 0, {-16619, -11345}, {75, 103, 0, 255} }},
	{{ {2847, 1110, 3893}, 0, {-14795, -4107}, {75, 103, 0, 255} }},
	{{ {2673, 1236, 1298}, 0, {140, -4880}, {75, 103, 0, 255} }},
	{{ {2564, 1316, 1298}, 0, {217, -5365}, {75, 103, 0, 255} }},
	{{ {1214, 2296, 2468}, 0, {-6596, -11345}, {75, 103, 0, 255} }},
	{{ {2564, 1316, 1162}, 0, {985, -5365}, {75, 103, 0, 255} }},
	{{ {1214, 2296, 1808}, 0, {-2793, -11345}, {75, 103, 0, 255} }},
	{{ {1214, 2296, 1660}, 0, {-1943, -11345}, {75, 103, 0, 255} }},
	{{ {1214, 2296, 1192}, 0, {754, -11345}, {75, 103, 0, 255} }},
	{{ {1214, 2296, 638}, 0, {3942, -11345}, {75, 103, 0, 255} }},
	{{ {1214, 2296, -1255}, 0, {14842, -11345}, {75, 103, 0, 255} }},
	{{ {2847, 1110, -1572}, 0, {16665, -4107}, {75, 103, 0, 255} }},
	{{ {1214, 2296, 1348}, 0, {-148, -11345}, {75, 103, 0, 255} }},
	{{ {2564, 1570, 1298}, 0, {217, -5365}, {0, 129, 0, 255} }},
	{{ {2673, 1570, 1298}, 0, {140, -4880}, {0, 129, 0, 255} }},
	{{ {2673, 1570, 1518}, 0, {140, -4880}, {0, 129, 0, 255} }},
	{{ {2564, 1570, 1518}, 0, {217, -5365}, {0, 129, 0, 255} }},
	{{ {2564, 1790, 1298}, 0, {217, -5365}, {0, 0, 129, 255} }},
	{{ {2673, 1790, 1298}, 0, {140, -4880}, {0, 0, 129, 255} }},
	{{ {2673, 1570, 1298}, 0, {140, -4880}, {0, 0, 129, 255} }},
	{{ {2564, 1570, 1298}, 0, {217, -5365}, {0, 0, 129, 255} }},
	{{ {2673, 1570, 1162}, 0, {925, -4879}, {0, 129, 0, 255} }},
	{{ {2564, 1570, 1162}, 0, {985, -5365}, {0, 129, 0, 255} }},
	{{ {2564, 1570, 942}, 0, {985, -5365}, {0, 129, 0, 255} }},
	{{ {2673, 1570, 942}, 0, {925, -4879}, {0, 129, 0, 255} }},
	{{ {2673, 1790, 1162}, 0, {925, -4879}, {0, 0, 127, 255} }},
	{{ {2564, 1790, 1162}, 0, {985, -5365}, {0, 0, 127, 255} }},
	{{ {2564, 1570, 1162}, 0, {985, -5365}, {0, 0, 127, 255} }},
	{{ {2673, 1570, 1162}, 0, {925, -4879}, {0, 0, 127, 255} }},
};

Gfx ttc_dl_Object_mesh_layer_1_tri_11[] = {
	gsSPVertex(ttc_dl_Object_mesh_layer_1_vtx_11 + 0, 32, 0),
	gsSP2Triangles(0, 1, 2, 0, 0, 2, 3, 0),
	gsSP2Triangles(4, 0, 3, 0, 5, 4, 3, 0),
	gsSP2Triangles(3, 6, 5, 0, 3, 7, 6, 0),
	gsSP2Triangles(3, 8, 7, 0, 3, 9, 8, 0),
	gsSP2Triangles(6, 10, 5, 0, 11, 12, 13, 0),
	gsSP2Triangles(11, 13, 14, 0, 15, 16, 17, 0),
	gsSP2Triangles(15, 17, 18, 0, 19, 20, 21, 0),
	gsSP2Triangles(19, 21, 22, 0, 23, 19, 22, 0),
	gsSP2Triangles(23, 22, 24, 0, 25, 23, 24, 0),
	gsSP2Triangles(26, 25, 24, 0, 24, 27, 26, 0),
	gsSP2Triangles(24, 28, 27, 0, 24, 29, 28, 0),
	gsSP2Triangles(24, 30, 29, 0, 27, 31, 26, 0),
	gsSPVertex(ttc_dl_Object_mesh_layer_1_vtx_11 + 32, 16, 0),
	gsSP2Triangles(0, 1, 2, 0, 0, 2, 3, 0),
	gsSP2Triangles(4, 5, 6, 0, 4, 6, 7, 0),
	gsSP2Triangles(8, 9, 10, 0, 8, 10, 11, 0),
	gsSP2Triangles(12, 13, 14, 0, 12, 14, 15, 0),
	gsSPEndDisplayList(),
};

Vtx ttc_dl_Object_mesh_layer_1_vtx_12[6] = {
	{{ {2860, 1006, 1175}, 0, {1008, 0}, {127, 0, 0, 255} }},
	{{ {2860, 1006, 1548}, 0, {-16, 0}, {127, 0, 0, 255} }},
	{{ {2860, 634, 1548}, 0, {-16, 1000}, {127, 0, 0, 255} }},
	{{ {2860, 634, 1175}, 0, {1008, 1000}, {127, 0, 0, 255} }},
	{{ {2860, 1006, 802}, 0, {2032, 0}, {127, 0, 0, 255} }},
	{{ {2860, 634, 802}, 0, {2032, 1000}, {127, 0, 0, 255} }},
};

Gfx ttc_dl_Object_mesh_layer_1_tri_12[] = {
	gsSPVertex(ttc_dl_Object_mesh_layer_1_vtx_12 + 0, 6, 0),
	gsSP2Triangles(0, 1, 2, 0, 0, 2, 3, 0),
	gsSP2Triangles(0, 3, 4, 0, 3, 5, 4, 0),
	gsSPEndDisplayList(),
};

Vtx ttc_dl_Object_mesh_layer_1_vtx_13[6] = {
	{{ {2860, 634, 1175}, 0, {1008, 16}, {127, 0, 0, 255} }},
	{{ {2860, 634, 1548}, 0, {-16, 16}, {127, 0, 0, 255} }},
	{{ {2860, 261, 1548}, 0, {-16, 976}, {127, 0, 0, 255} }},
	{{ {2860, 261, 1175}, 0, {1008, 976}, {127, 0, 0, 255} }},
	{{ {2860, 634, 802}, 0, {2032, 16}, {127, 0, 0, 255} }},
	{{ {2860, 261, 802}, 0, {2032, 976}, {127, 0, 0, 255} }},
};

Gfx ttc_dl_Object_mesh_layer_1_tri_13[] = {
	gsSPVertex(ttc_dl_Object_mesh_layer_1_vtx_13 + 0, 6, 0),
	gsSP2Triangles(0, 1, 2, 0, 0, 2, 3, 0),
	gsSP2Triangles(0, 3, 4, 0, 3, 5, 4, 0),
	gsSPEndDisplayList(),
};

Vtx ttc_dl_Object_mesh_layer_1_vtx_14[234] = {
	{{ {2995, -187, 1696}, 0, {567, 128}, {129, 0, 255, 255} }},
	{{ {2995, -138, 1746}, 0, {421, -16}, {129, 0, 255, 255} }},
	{{ {2995, -138, 1696}, 0, {567, -16}, {129, 0, 255, 255} }},
	{{ {2995, -187, 1746}, 0, {421, 128}, {129, 0, 255, 255} }},
	{{ {2995, -323, 1746}, 0, {421, 523}, {129, 0, 255, 255} }},
	{{ {2995, -327, 1696}, 0, {567, 533}, {129, 0, 255, 255} }},
	{{ {2995, -489, 1746}, 0, {421, 1008}, {129, 0, 255, 255} }},
	{{ {2995, -489, 1696}, 0, {567, 1008}, {129, 0, 255, 255} }},
	{{ {3075, -489, 1695}, 0, {605, 1008}, {254, 0, 129, 255} }},
	{{ {2995, -489, 1696}, 0, {371, 1008}, {254, 0, 129, 255} }},
	{{ {2995, -327, 1696}, 0, {371, 533}, {254, 0, 129, 255} }},
	{{ {3075, -326, 1695}, 0, {605, 532}, {254, 0, 129, 255} }},
	{{ {2995, -489, 1746}, 0, {370, 1008}, {9, 0, 127, 255} }},
	{{ {3075, -489, 1741}, 0, {605, 1008}, {9, 0, 127, 255} }},
	{{ {3075, -326, 1741}, 0, {605, 533}, {9, 0, 127, 255} }},
	{{ {2995, -323, 1746}, 0, {370, 523}, {9, 0, 127, 255} }},
	{{ {3075, -326, 1741}, 0, {437, 533}, {127, 0, 0, 255} }},
	{{ {3075, -489, 1741}, 0, {437, 1008}, {127, 0, 0, 255} }},
	{{ {3075, -489, 1695}, 0, {571, 1008}, {127, 0, 0, 255} }},
	{{ {3075, -326, 1695}, 0, {571, 532}, {127, 0, 0, 255} }},
	{{ {3075, -187, 1741}, 0, {437, 128}, {127, 0, 0, 255} }},
	{{ {3075, -187, 1695}, 0, {571, 128}, {127, 0, 0, 255} }},
	{{ {3075, -138, 1695}, 0, {571, -16}, {127, 0, 0, 255} }},
	{{ {3075, -138, 1741}, 0, {437, -16}, {127, 0, 0, 255} }},
	{{ {2995, -323, 1746}, 0, {370, 571}, {251, 129, 0, 255} }},
	{{ {3075, -326, 1741}, 0, {605, 555}, {251, 129, 0, 255} }},
	{{ {3082, -326, 1841}, 0, {625, 846}, {251, 129, 0, 255} }},
	{{ {3001, -323, 1846}, 0, {390, 862}, {251, 129, 0, 255} }},
	{{ {2995, -327, 1696}, 0, {567, 533}, {129, 0, 2, 255} }},
	{{ {2995, -187, 1696}, 0, {567, 128}, {129, 0, 2, 255} }},
	{{ {2994, -187, 1596}, 0, {858, 128}, {129, 0, 2, 255} }},
	{{ {2994, -327, 1596}, 0, {858, 533}, {129, 0, 2, 255} }},
	{{ {3074, -326, 1595}, 0, {601, 532}, {254, 0, 129, 255} }},
	{{ {2994, -327, 1596}, 0, {367, 533}, {254, 0, 129, 255} }},
	{{ {2994, -187, 1596}, 0, {367, 128}, {254, 0, 129, 255} }},
	{{ {3074, -187, 1595}, 0, {601, 128}, {254, 0, 129, 255} }},
	{{ {2995, -187, 1696}, 0, {371, 425}, {0, 127, 0, 255} }},
	{{ {3075, -187, 1695}, 0, {605, 421}, {0, 127, 0, 255} }},
	{{ {3074, -187, 1595}, 0, {601, 130}, {0, 127, 0, 255} }},
	{{ {2994, -187, 1596}, 0, {367, 134}, {0, 127, 0, 255} }},
	{{ {3075, -326, 1695}, 0, {605, 421}, {1, 129, 0, 255} }},
	{{ {2995, -327, 1696}, 0, {371, 425}, {1, 129, 0, 255} }},
	{{ {2994, -327, 1596}, 0, {367, 134}, {1, 129, 0, 255} }},
	{{ {3074, -326, 1595}, 0, {601, 130}, {1, 129, 0, 255} }},
	{{ {3075, -187, 1695}, 0, {571, 128}, {127, 0, 254, 255} }},
	{{ {3075, -326, 1695}, 0, {571, 532}, {127, 0, 254, 255} }},
	{{ {3074, -326, 1595}, 0, {862, 532}, {127, 0, 254, 255} }},
	{{ {3074, -187, 1595}, 0, {862, 128}, {127, 0, 254, 255} }},
	{{ {3001, -323, 1846}, 0, {390, 523}, {9, 0, 127, 255} }},
	{{ {3082, -326, 1841}, 0, {625, 533}, {9, 0, 127, 255} }},
	{{ {3082, -187, 1841}, 0, {625, 128}, {9, 0, 127, 255} }},
	{{ {3001, -187, 1846}, 0, {390, 128}, {9, 0, 127, 255} }},
	{{ {3075, -326, 1741}, 0, {437, 533}, {127, 0, 247, 255} }},
	{{ {3075, -187, 1741}, 0, {437, 128}, {127, 0, 247, 255} }},
	{{ {3082, -187, 1841}, 0, {146, 128}, {127, 0, 247, 255} }},
	{{ {3082, -326, 1841}, 0, {146, 533}, {127, 0, 247, 255} }},
	{{ {3075, -187, 1741}, 0, {605, 555}, {0, 127, 0, 255} }},
	{{ {2995, -187, 1746}, 0, {370, 571}, {0, 127, 0, 255} }},
	{{ {3001, -187, 1846}, 0, {390, 862}, {0, 127, 0, 255} }},
	{{ {3082, -187, 1841}, 0, {625, 846}, {0, 127, 0, 255} }},
	{{ {2995, -187, 1746}, 0, {421, 128}, {129, 0, 9, 255} }},
	{{ {2995, -323, 1746}, 0, {421, 523}, {129, 0, 9, 255} }},
	{{ {3001, -323, 1846}, 0, {130, 523}, {129, 0, 9, 255} }},
	{{ {3001, -187, 1846}, 0, {130, 128}, {129, 0, 9, 255} }},
	{{ {3075, -138, 1741}, 0, {605, 555}, {0, 127, 0, 255} }},
	{{ {3075, -138, 1695}, 0, {605, 421}, {0, 127, 0, 255} }},
	{{ {2995, -138, 1696}, 0, {371, 425}, {0, 127, 0, 255} }},
	{{ {2995, -138, 1746}, 0, {370, 571}, {0, 127, 0, 255} }},
	{{ {3075, -187, 1695}, 0, {605, 128}, {254, 0, 129, 255} }},
	{{ {2995, -187, 1696}, 0, {371, 128}, {254, 0, 129, 255} }},
	{{ {2995, -138, 1696}, 0, {371, -16}, {254, 0, 129, 255} }},
	{{ {3075, -138, 1695}, 0, {605, -16}, {254, 0, 129, 255} }},
	{{ {2995, -187, 1746}, 0, {370, 128}, {9, 0, 127, 255} }},
	{{ {3075, -187, 1741}, 0, {605, 128}, {9, 0, 127, 255} }},
	{{ {3075, -138, 1741}, 0, {605, -16}, {9, 0, 127, 255} }},
	{{ {2995, -138, 1746}, 0, {370, -16}, {9, 0, 127, 255} }},
	{{ {2995, -187, 639}, 0, {567, 128}, {129, 0, 255, 255} }},
	{{ {2995, -138, 689}, 0, {421, -16}, {129, 0, 255, 255} }},
	{{ {2995, -138, 639}, 0, {567, -16}, {129, 0, 255, 255} }},
	{{ {2995, -187, 689}, 0, {421, 128}, {129, 0, 255, 255} }},
	{{ {2995, -323, 689}, 0, {421, 523}, {129, 0, 255, 255} }},
	{{ {2995, -327, 639}, 0, {567, 533}, {129, 0, 255, 255} }},
	{{ {2995, -489, 689}, 0, {421, 1008}, {129, 0, 255, 255} }},
	{{ {2995, -489, 639}, 0, {567, 1008}, {129, 0, 255, 255} }},
	{{ {3075, -489, 638}, 0, {605, 1008}, {254, 0, 129, 255} }},
	{{ {2995, -489, 639}, 0, {371, 1008}, {254, 0, 129, 255} }},
	{{ {2995, -327, 639}, 0, {371, 533}, {254, 0, 129, 255} }},
	{{ {3075, -326, 638}, 0, {605, 532}, {254, 0, 129, 255} }},
	{{ {2995, -489, 689}, 0, {370, 1008}, {9, 0, 127, 255} }},
	{{ {3076, -489, 684}, 0, {605, 1008}, {9, 0, 127, 255} }},
	{{ {3076, -326, 684}, 0, {605, 533}, {9, 0, 127, 255} }},
	{{ {2995, -323, 689}, 0, {370, 523}, {9, 0, 127, 255} }},
	{{ {3076, -326, 684}, 0, {437, 533}, {127, 0, 0, 255} }},
	{{ {3076, -489, 684}, 0, {437, 1008}, {127, 0, 0, 255} }},
	{{ {3075, -489, 638}, 0, {571, 1008}, {127, 0, 0, 255} }},
	{{ {3075, -326, 638}, 0, {571, 532}, {127, 0, 0, 255} }},
	{{ {3075, -326, 638}, 0, {571, 532}, {127, 0, 0, 255} }},
	{{ {3076, -187, 684}, 0, {437, 128}, {127, 0, 0, 255} }},
	{{ {3076, -326, 684}, 0, {437, 533}, {127, 0, 0, 255} }},
	{{ {3075, -187, 638}, 0, {571, 128}, {127, 0, 0, 255} }},
	{{ {3075, -138, 638}, 0, {571, -16}, {127, 0, 0, 255} }},
	{{ {3076, -138, 684}, 0, {437, -16}, {127, 0, 0, 255} }},
	{{ {2995, -327, 639}, 0, {567, 533}, {129, 0, 2, 255} }},
	{{ {2995, -187, 639}, 0, {567, 128}, {129, 0, 2, 255} }},
	{{ {2994, -187, 539}, 0, {858, 128}, {129, 0, 2, 255} }},
	{{ {2994, -327, 539}, 0, {858, 533}, {129, 0, 2, 255} }},
	{{ {3074, -326, 538}, 0, {601, 532}, {254, 0, 129, 255} }},
	{{ {2994, -327, 539}, 0, {367, 533}, {254, 0, 129, 255} }},
	{{ {2994, -187, 539}, 0, {367, 128}, {254, 0, 129, 255} }},
	{{ {3074, -187, 538}, 0, {601, 128}, {254, 0, 129, 255} }},
	{{ {2995, -187, 639}, 0, {371, 425}, {0, 127, 0, 255} }},
	{{ {3075, -187, 638}, 0, {605, 421}, {0, 127, 0, 255} }},
	{{ {3074, -187, 538}, 0, {601, 130}, {0, 127, 0, 255} }},
	{{ {2994, -187, 539}, 0, {367, 134}, {0, 127, 0, 255} }},
	{{ {3075, -187, 638}, 0, {571, 128}, {127, 0, 254, 255} }},
	{{ {3075, -326, 638}, 0, {571, 532}, {127, 0, 254, 255} }},
	{{ {3074, -326, 538}, 0, {862, 532}, {127, 0, 254, 255} }},
	{{ {3074, -187, 538}, 0, {862, 128}, {127, 0, 254, 255} }},
	{{ {3002, -323, 789}, 0, {390, 523}, {9, 0, 127, 255} }},
	{{ {3082, -326, 784}, 0, {625, 533}, {9, 0, 127, 255} }},
	{{ {3082, -187, 784}, 0, {625, 128}, {9, 0, 127, 255} }},
	{{ {3002, -187, 789}, 0, {390, 128}, {9, 0, 127, 255} }},
	{{ {3076, -326, 684}, 0, {437, 533}, {127, 0, 247, 255} }},
	{{ {3076, -187, 684}, 0, {437, 128}, {127, 0, 247, 255} }},
	{{ {3082, -187, 784}, 0, {146, 128}, {127, 0, 247, 255} }},
	{{ {3082, -326, 784}, 0, {146, 533}, {127, 0, 247, 255} }},
	{{ {3076, -187, 684}, 0, {605, 555}, {0, 127, 0, 255} }},
	{{ {2995, -187, 689}, 0, {370, 571}, {0, 127, 0, 255} }},
	{{ {3002, -187, 789}, 0, {390, 862}, {0, 127, 0, 255} }},
	{{ {3082, -187, 784}, 0, {625, 846}, {0, 127, 0, 255} }},
	{{ {2995, -187, 689}, 0, {421, 128}, {129, 0, 9, 255} }},
	{{ {2995, -323, 689}, 0, {421, 523}, {129, 0, 9, 255} }},
	{{ {3002, -323, 789}, 0, {130, 523}, {129, 0, 9, 255} }},
	{{ {3002, -187, 789}, 0, {130, 128}, {129, 0, 9, 255} }},
	{{ {3076, -138, 684}, 0, {605, 555}, {0, 127, 0, 255} }},
	{{ {3075, -138, 638}, 0, {605, 421}, {0, 127, 0, 255} }},
	{{ {2995, -138, 639}, 0, {371, 425}, {0, 127, 0, 255} }},
	{{ {2995, -138, 689}, 0, {370, 571}, {0, 127, 0, 255} }},
	{{ {3075, -187, 638}, 0, {605, 128}, {254, 0, 129, 255} }},
	{{ {2995, -187, 639}, 0, {371, 128}, {254, 0, 129, 255} }},
	{{ {2995, -138, 639}, 0, {371, -16}, {254, 0, 129, 255} }},
	{{ {3075, -138, 638}, 0, {605, -16}, {254, 0, 129, 255} }},
	{{ {2995, -187, 689}, 0, {370, 128}, {9, 0, 127, 255} }},
	{{ {3076, -187, 684}, 0, {605, 128}, {9, 0, 127, 255} }},
	{{ {3076, -138, 684}, 0, {605, -16}, {9, 0, 127, 255} }},
	{{ {2995, -138, 689}, 0, {370, -16}, {9, 0, 127, 255} }},
	{{ {2564, 1790, 1162}, 0, {665, 114}, {129, 0, 0, 255} }},
	{{ {2564, 1316, 1162}, 0, {665, 1292}, {129, 0, 0, 255} }},
	{{ {2564, 1316, 1298}, 0, {327, 1292}, {129, 0, 0, 255} }},
	{{ {2564, 1790, 1298}, 0, {327, 114}, {129, 0, 0, 255} }},
	{{ {2564, 1942, 1162}, 0, {665, -263}, {129, 0, 0, 255} }},
	{{ {2564, 1942, 1298}, 0, {327, -263}, {129, 0, 0, 255} }},
	{{ {2673, 1942, 1162}, 0, {632, -263}, {0, 0, 129, 255} }},
	{{ {2564, 1942, 1162}, 0, {360, -263}, {0, 0, 129, 255} }},
	{{ {2564, 2036, 1162}, 0, {360, -498}, {0, 0, 129, 255} }},
	{{ {2673, 2036, 1162}, 0, {632, -497}, {0, 0, 129, 255} }},
	{{ {2673, 1236, 1162}, 0, {632, 1490}, {0, 0, 129, 255} }},
	{{ {2564, 1316, 1162}, 0, {360, 1292}, {0, 0, 129, 255} }},
	{{ {2564, 1790, 1162}, 0, {360, 114}, {0, 0, 129, 255} }},
	{{ {2673, 1790, 1162}, 0, {632, 114}, {0, 0, 129, 255} }},
	{{ {2564, 1316, 1298}, 0, {360, 1292}, {0, 0, 127, 255} }},
	{{ {2673, 1236, 1298}, 0, {632, 1489}, {0, 0, 127, 255} }},
	{{ {2673, 1790, 1298}, 0, {632, 114}, {0, 0, 127, 255} }},
	{{ {2564, 1790, 1298}, 0, {360, 114}, {0, 0, 127, 255} }},
	{{ {2673, 1790, 1298}, 0, {327, 114}, {127, 0, 0, 255} }},
	{{ {2673, 1236, 1298}, 0, {327, 1489}, {127, 0, 0, 255} }},
	{{ {2673, 1236, 1162}, 0, {665, 1490}, {127, 0, 0, 255} }},
	{{ {2673, 1790, 1162}, 0, {665, 114}, {127, 0, 0, 255} }},
	{{ {2673, 1942, 1298}, 0, {327, -264}, {127, 0, 0, 255} }},
	{{ {2673, 1942, 1162}, 0, {665, -263}, {127, 0, 0, 255} }},
	{{ {2673, 1790, 942}, 0, {1212, 114}, {127, 0, 0, 255} }},
	{{ {2673, 1942, 942}, 0, {1212, -263}, {127, 0, 0, 255} }},
	{{ {2673, 1942, 1518}, 0, {-220, -264}, {127, 0, 0, 255} }},
	{{ {2673, 1790, 1518}, 0, {-220, 114}, {127, 0, 0, 255} }},
	{{ {2564, 2036, 1298}, 0, {360, 665}, {0, 127, 0, 255} }},
	{{ {2673, 2037, 1298}, 0, {632, 665}, {0, 127, 0, 255} }},
	{{ {2673, 2036, 1162}, 0, {632, 326}, {0, 127, 0, 255} }},
	{{ {2564, 2036, 1162}, 0, {360, 326}, {0, 127, 0, 255} }},
	{{ {2564, 1942, 1298}, 0, {327, -263}, {129, 0, 0, 255} }},
	{{ {2564, 1790, 1298}, 0, {327, 114}, {129, 0, 0, 255} }},
	{{ {2564, 1790, 1518}, 0, {-220, 114}, {129, 0, 0, 255} }},
	{{ {2564, 1942, 1518}, 0, {-220, -263}, {129, 0, 0, 255} }},
	{{ {2564, 1942, 1162}, 0, {360, 327}, {0, 127, 0, 255} }},
	{{ {2673, 1942, 1162}, 0, {632, 327}, {0, 127, 0, 255} }},
	{{ {2673, 1942, 942}, 0, {632, -220}, {0, 127, 0, 255} }},
	{{ {2564, 1942, 942}, 0, {360, -220}, {0, 127, 0, 255} }},
	{{ {2564, 1942, 1298}, 0, {360, -263}, {0, 0, 127, 255} }},
	{{ {2673, 1942, 1298}, 0, {632, -264}, {0, 0, 127, 255} }},
	{{ {2673, 2037, 1298}, 0, {632, -498}, {0, 0, 127, 255} }},
	{{ {2564, 2036, 1298}, 0, {360, -498}, {0, 0, 127, 255} }},
	{{ {2673, 1942, 1298}, 0, {327, -264}, {127, 0, 0, 255} }},
	{{ {2673, 1942, 1162}, 0, {665, -263}, {127, 0, 0, 255} }},
	{{ {2673, 2036, 1162}, 0, {666, -497}, {127, 0, 0, 255} }},
	{{ {2673, 2037, 1298}, 0, {327, -498}, {127, 0, 0, 255} }},
	{{ {2564, 1942, 1162}, 0, {665, -263}, {129, 0, 0, 255} }},
	{{ {2564, 1942, 1298}, 0, {327, -263}, {129, 0, 0, 255} }},
	{{ {2564, 2036, 1298}, 0, {327, -498}, {129, 0, 0, 255} }},
	{{ {2564, 2036, 1162}, 0, {666, -498}, {129, 0, 0, 255} }},
	{{ {2673, 1790, 942}, 0, {632, 114}, {0, 0, 129, 255} }},
	{{ {2564, 1942, 942}, 0, {360, -263}, {0, 0, 129, 255} }},
	{{ {2673, 1942, 942}, 0, {632, -263}, {0, 0, 129, 255} }},
	{{ {2564, 1790, 942}, 0, {360, 114}, {0, 0, 129, 255} }},
	{{ {2673, 1570, 942}, 0, {632, 660}, {0, 0, 129, 255} }},
	{{ {2564, 1570, 942}, 0, {360, 660}, {0, 0, 129, 255} }},
	{{ {2564, 1790, 1162}, 0, {665, 114}, {129, 0, 0, 255} }},
	{{ {2564, 1790, 942}, 0, {1212, 114}, {129, 0, 0, 255} }},
	{{ {2564, 1570, 942}, 0, {1212, 660}, {129, 0, 0, 255} }},
	{{ {2564, 1570, 1162}, 0, {665, 660}, {129, 0, 0, 255} }},
	{{ {2564, 1790, 1162}, 0, {665, 114}, {129, 0, 0, 255} }},
	{{ {2564, 1942, 1162}, 0, {665, -263}, {129, 0, 0, 255} }},
	{{ {2564, 1942, 942}, 0, {1212, -263}, {129, 0, 0, 255} }},
	{{ {2564, 1790, 942}, 0, {1212, 114}, {129, 0, 0, 255} }},
	{{ {2564, 1790, 1518}, 0, {360, 114}, {0, 0, 127, 255} }},
	{{ {2673, 1942, 1518}, 0, {632, -264}, {0, 0, 127, 255} }},
	{{ {2564, 1942, 1518}, 0, {360, -263}, {0, 0, 127, 255} }},
	{{ {2673, 1790, 1518}, 0, {632, 114}, {0, 0, 127, 255} }},
	{{ {2564, 1570, 1518}, 0, {360, 660}, {0, 0, 127, 255} }},
	{{ {2673, 1570, 1518}, 0, {632, 660}, {0, 0, 127, 255} }},
	{{ {2673, 1942, 1298}, 0, {632, 665}, {0, 127, 0, 255} }},
	{{ {2564, 1942, 1298}, 0, {360, 665}, {0, 127, 0, 255} }},
	{{ {2564, 1942, 1518}, 0, {360, 1212}, {0, 127, 0, 255} }},
	{{ {2673, 1942, 1518}, 0, {632, 1212}, {0, 127, 0, 255} }},
	{{ {2673, 1790, 1298}, 0, {327, 114}, {127, 0, 0, 255} }},
	{{ {2673, 1790, 1518}, 0, {-220, 114}, {127, 0, 0, 255} }},
	{{ {2673, 1570, 1518}, 0, {-220, 660}, {127, 0, 0, 255} }},
	{{ {2673, 1570, 1298}, 0, {327, 660}, {127, 0, 0, 255} }},
	{{ {2564, 1790, 1518}, 0, {-220, 114}, {129, 0, 0, 255} }},
	{{ {2564, 1790, 1298}, 0, {327, 114}, {129, 0, 0, 255} }},
	{{ {2564, 1570, 1298}, 0, {327, 660}, {129, 0, 0, 255} }},
	{{ {2564, 1570, 1518}, 0, {-220, 660}, {129, 0, 0, 255} }},
	{{ {2673, 1790, 942}, 0, {1212, 114}, {127, 0, 0, 255} }},
	{{ {2673, 1790, 1162}, 0, {665, 114}, {127, 0, 0, 255} }},
	{{ {2673, 1570, 1162}, 0, {665, 660}, {127, 0, 0, 255} }},
	{{ {2673, 1570, 942}, 0, {1212, 660}, {127, 0, 0, 255} }},
};

Gfx ttc_dl_Object_mesh_layer_1_tri_14[] = {
	gsSPVertex(ttc_dl_Object_mesh_layer_1_vtx_14 + 0, 32, 0),
	gsSP2Triangles(0, 1, 2, 0, 0, 3, 1, 0),
	gsSP2Triangles(4, 3, 0, 0, 4, 0, 5, 0),
	gsSP2Triangles(5, 6, 4, 0, 5, 7, 6, 0),
	gsSP2Triangles(8, 9, 10, 0, 8, 10, 11, 0),
	gsSP2Triangles(12, 13, 14, 0, 12, 14, 15, 0),
	gsSP2Triangles(16, 17, 18, 0, 16, 18, 19, 0),
	gsSP2Triangles(19, 20, 16, 0, 19, 21, 20, 0),
	gsSP2Triangles(20, 21, 22, 0, 20, 22, 23, 0),
	gsSP2Triangles(24, 25, 26, 0, 24, 26, 27, 0),
	gsSP2Triangles(28, 29, 30, 0, 28, 30, 31, 0),
	gsSPVertex(ttc_dl_Object_mesh_layer_1_vtx_14 + 32, 32, 0),
	gsSP2Triangles(0, 1, 2, 0, 0, 2, 3, 0),
	gsSP2Triangles(4, 5, 6, 0, 4, 6, 7, 0),
	gsSP2Triangles(8, 9, 10, 0, 8, 10, 11, 0),
	gsSP2Triangles(12, 13, 14, 0, 12, 14, 15, 0),
	gsSP2Triangles(16, 17, 18, 0, 16, 18, 19, 0),
	gsSP2Triangles(20, 21, 22, 0, 20, 22, 23, 0),
	gsSP2Triangles(24, 25, 26, 0, 24, 26, 27, 0),
	gsSP2Triangles(28, 29, 30, 0, 28, 30, 31, 0),
	gsSPVertex(ttc_dl_Object_mesh_layer_1_vtx_14 + 64, 32, 0),
	gsSP2Triangles(0, 1, 2, 0, 0, 2, 3, 0),
	gsSP2Triangles(4, 5, 6, 0, 4, 6, 7, 0),
	gsSP2Triangles(8, 9, 10, 0, 8, 10, 11, 0),
	gsSP2Triangles(12, 13, 14, 0, 12, 15, 13, 0),
	gsSP2Triangles(16, 15, 12, 0, 16, 12, 17, 0),
	gsSP2Triangles(17, 18, 16, 0, 17, 19, 18, 0),
	gsSP2Triangles(20, 21, 22, 0, 20, 22, 23, 0),
	gsSP2Triangles(24, 25, 26, 0, 24, 26, 27, 0),
	gsSP2Triangles(28, 29, 30, 0, 28, 30, 31, 0),
	gsSPVertex(ttc_dl_Object_mesh_layer_1_vtx_14 + 96, 30, 0),
	gsSP2Triangles(0, 1, 2, 0, 0, 3, 1, 0),
	gsSP2Triangles(1, 3, 4, 0, 1, 4, 5, 0),
	gsSP2Triangles(6, 7, 8, 0, 6, 8, 9, 0),
	gsSP2Triangles(10, 11, 12, 0, 10, 12, 13, 0),
	gsSP2Triangles(14, 15, 16, 0, 14, 16, 17, 0),
	gsSP2Triangles(18, 19, 20, 0, 18, 20, 21, 0),
	gsSP2Triangles(22, 23, 24, 0, 22, 24, 25, 0),
	gsSP2Triangles(26, 27, 28, 0, 26, 28, 29, 0),
	gsSPVertex(ttc_dl_Object_mesh_layer_1_vtx_14 + 126, 30, 0),
	gsSP2Triangles(0, 1, 2, 0, 0, 2, 3, 0),
	gsSP2Triangles(4, 5, 6, 0, 4, 6, 7, 0),
	gsSP2Triangles(8, 9, 10, 0, 8, 10, 11, 0),
	gsSP2Triangles(12, 13, 14, 0, 12, 14, 15, 0),
	gsSP2Triangles(16, 17, 18, 0, 16, 18, 19, 0),
	gsSP2Triangles(20, 21, 22, 0, 20, 22, 23, 0),
	gsSP2Triangles(23, 24, 20, 0, 23, 25, 24, 0),
	gsSP2Triangles(26, 27, 28, 0, 26, 28, 29, 0),
	gsSPVertex(ttc_dl_Object_mesh_layer_1_vtx_14 + 156, 30, 0),
	gsSP2Triangles(0, 1, 2, 0, 0, 2, 3, 0),
	gsSP2Triangles(4, 5, 6, 0, 4, 6, 7, 0),
	gsSP2Triangles(8, 9, 10, 0, 8, 10, 11, 0),
	gsSP2Triangles(11, 12, 8, 0, 11, 13, 12, 0),
	gsSP2Triangles(13, 11, 14, 0, 13, 14, 15, 0),
	gsSP2Triangles(8, 12, 16, 0, 8, 16, 17, 0),
	gsSP2Triangles(18, 19, 20, 0, 18, 20, 21, 0),
	gsSP2Triangles(22, 23, 24, 0, 22, 24, 25, 0),
	gsSP2Triangles(26, 27, 28, 0, 26, 28, 29, 0),
	gsSPVertex(ttc_dl_Object_mesh_layer_1_vtx_14 + 186, 32, 0),
	gsSP2Triangles(0, 1, 2, 0, 0, 2, 3, 0),
	gsSP2Triangles(4, 5, 6, 0, 4, 6, 7, 0),
	gsSP2Triangles(8, 9, 10, 0, 8, 10, 11, 0),
	gsSP2Triangles(12, 13, 14, 0, 12, 15, 13, 0),
	gsSP2Triangles(15, 12, 16, 0, 15, 16, 17, 0),
	gsSP2Triangles(18, 19, 20, 0, 18, 20, 21, 0),
	gsSP2Triangles(22, 23, 24, 0, 22, 24, 25, 0),
	gsSP2Triangles(26, 27, 28, 0, 26, 29, 27, 0),
	gsSP2Triangles(29, 26, 30, 0, 29, 30, 31, 0),
	gsSPVertex(ttc_dl_Object_mesh_layer_1_vtx_14 + 218, 16, 0),
	gsSP2Triangles(0, 1, 2, 0, 0, 2, 3, 0),
	gsSP2Triangles(4, 5, 6, 0, 4, 6, 7, 0),
	gsSP2Triangles(8, 9, 10, 0, 8, 10, 11, 0),
	gsSP2Triangles(12, 13, 14, 0, 12, 14, 15, 0),
	gsSPEndDisplayList(),
};

Vtx ttc_dl_Object_mesh_layer_1_vtx_15[6] = {
	{{ {-4229, 160, 444}, 0, {1008, -6}, {0, 0, 127, 255} }},
	{{ {-4533, 160, 444}, 0, {-16, -6}, {0, 0, 127, 255} }},
	{{ {-4533, -144, 444}, 0, {-16, 988}, {0, 0, 127, 255} }},
	{{ {-3924, -144, 444}, 0, {2032, 988}, {0, 0, 127, 255} }},
	{{ {-4229, -144, 444}, 0, {1008, 988}, {0, 0, 127, 255} }},
	{{ {-3924, 160, 444}, 0, {2032, -6}, {0, 0, 127, 255} }},
};

Gfx ttc_dl_Object_mesh_layer_1_tri_15[] = {
	gsSPVertex(ttc_dl_Object_mesh_layer_1_vtx_15 + 0, 6, 0),
	gsSP2Triangles(0, 1, 2, 0, 2, 3, 0, 0),
	gsSP2Triangles(2, 4, 3, 0, 3, 5, 0, 0),
	gsSPEndDisplayList(),
};

Vtx ttc_dl_Object_mesh_layer_1_vtx_16[6] = {
	{{ {-4229, -144, 444}, 0, {1008, 10}, {0, 0, 127, 255} }},
	{{ {-4533, -144, 444}, 0, {-16, 10}, {0, 0, 127, 255} }},
	{{ {-4533, -449, 444}, 0, {-16, 990}, {0, 0, 127, 255} }},
	{{ {-4229, -449, 444}, 0, {1008, 990}, {0, 0, 127, 255} }},
	{{ {-3924, -144, 444}, 0, {2032, 10}, {0, 0, 127, 255} }},
	{{ {-3924, -449, 444}, 0, {2032, 990}, {0, 0, 127, 255} }},
};

Gfx ttc_dl_Object_mesh_layer_1_tri_16[] = {
	gsSPVertex(ttc_dl_Object_mesh_layer_1_vtx_16 + 0, 6, 0),
	gsSP2Triangles(0, 1, 2, 0, 0, 2, 3, 0),
	gsSP2Triangles(0, 3, 4, 0, 3, 5, 4, 0),
	gsSPEndDisplayList(),
};

Vtx ttc_dl_Object_mesh_layer_1_vtx_17[42] = {
	{{ {-4533, -144, 1868}, 0, {-16, 988}, {0, 0, 129, 255} }},
	{{ {-4533, 160, 1868}, 0, {-16, -6}, {0, 0, 129, 255} }},
	{{ {-4229, 160, 1868}, 0, {1008, -6}, {0, 0, 129, 255} }},
	{{ {-3924, -144, 1868}, 0, {2032, 988}, {0, 0, 129, 255} }},
	{{ {-3924, 160, 1868}, 0, {2032, -6}, {0, 0, 129, 255} }},
	{{ {-4229, -144, 1868}, 0, {1008, 988}, {0, 0, 129, 255} }},
	{{ {-6296, 623, 1376}, 0, {-16, 988}, {0, 0, 129, 255} }},
	{{ {-6296, 800, 1376}, 0, {-16, -6}, {0, 0, 129, 255} }},
	{{ {-6119, 800, 1376}, 0, {1008, -6}, {0, 0, 129, 255} }},
	{{ {-6119, 623, 1376}, 0, {1008, 988}, {0, 0, 129, 255} }},
	{{ {-5942, 623, 1376}, 0, {2032, 988}, {0, 0, 129, 255} }},
	{{ {-5942, 800, 1376}, 0, {2032, -6}, {0, 0, 129, 255} }},
	{{ {-5735, 256, 1376}, 0, {-16, 988}, {0, 0, 129, 255} }},
	{{ {-5735, 432, 1376}, 0, {-16, -6}, {0, 0, 129, 255} }},
	{{ {-5558, 432, 1376}, 0, {1008, -6}, {0, 0, 129, 255} }},
	{{ {-5558, 256, 1376}, 0, {1008, 988}, {0, 0, 129, 255} }},
	{{ {-5382, 256, 1376}, 0, {2032, 988}, {0, 0, 129, 255} }},
	{{ {-5382, 432, 1376}, 0, {2032, -6}, {0, 0, 129, 255} }},
	{{ {-5190, -129, 1376}, 0, {-16, 988}, {0, 0, 129, 255} }},
	{{ {-5190, 48, 1376}, 0, {-16, -6}, {0, 0, 129, 255} }},
	{{ {-5013, 48, 1376}, 0, {1008, -6}, {0, 0, 129, 255} }},
	{{ {-5013, -129, 1376}, 0, {1008, 988}, {0, 0, 129, 255} }},
	{{ {-4836, -129, 1376}, 0, {2032, 988}, {0, 0, 129, 255} }},
	{{ {-4836, 48, 1376}, 0, {2032, -6}, {0, 0, 129, 255} }},
	{{ {-6119, 800, 919}, 0, {1008, -6}, {0, 0, 127, 255} }},
	{{ {-6296, 800, 919}, 0, {-16, -6}, {0, 0, 127, 255} }},
	{{ {-6296, 623, 919}, 0, {-16, 988}, {0, 0, 127, 255} }},
	{{ {-6119, 623, 919}, 0, {1008, 988}, {0, 0, 127, 255} }},
	{{ {-5942, 800, 919}, 0, {2032, -6}, {0, 0, 127, 255} }},
	{{ {-5942, 623, 919}, 0, {2032, 988}, {0, 0, 127, 255} }},
	{{ {-5558, 432, 919}, 0, {1008, -6}, {0, 0, 127, 255} }},
	{{ {-5735, 432, 919}, 0, {-16, -6}, {0, 0, 127, 255} }},
	{{ {-5735, 256, 919}, 0, {-16, 988}, {0, 0, 127, 255} }},
	{{ {-5558, 256, 919}, 0, {1008, 988}, {0, 0, 127, 255} }},
	{{ {-5382, 432, 919}, 0, {2032, -6}, {0, 0, 127, 255} }},
	{{ {-5382, 256, 919}, 0, {2032, 988}, {0, 0, 127, 255} }},
	{{ {-5013, 48, 919}, 0, {1008, -6}, {0, 0, 127, 255} }},
	{{ {-5190, 48, 919}, 0, {-16, -6}, {0, 0, 127, 255} }},
	{{ {-5190, -129, 919}, 0, {-16, 988}, {0, 0, 127, 255} }},
	{{ {-5013, -129, 919}, 0, {1008, 988}, {0, 0, 127, 255} }},
	{{ {-4836, 48, 919}, 0, {2032, -6}, {0, 0, 127, 255} }},
	{{ {-4836, -129, 919}, 0, {2032, 988}, {0, 0, 127, 255} }},
};

Gfx ttc_dl_Object_mesh_layer_1_tri_17[] = {
	gsSPVertex(ttc_dl_Object_mesh_layer_1_vtx_17 + 0, 30, 0),
	gsSP2Triangles(0, 1, 2, 0, 2, 3, 0, 0),
	gsSP2Triangles(2, 4, 3, 0, 3, 5, 0, 0),
	gsSP2Triangles(6, 7, 8, 0, 9, 6, 8, 0),
	gsSP2Triangles(8, 10, 9, 0, 8, 11, 10, 0),
	gsSP2Triangles(12, 13, 14, 0, 15, 12, 14, 0),
	gsSP2Triangles(14, 16, 15, 0, 14, 17, 16, 0),
	gsSP2Triangles(18, 19, 20, 0, 21, 18, 20, 0),
	gsSP2Triangles(20, 22, 21, 0, 20, 23, 22, 0),
	gsSP2Triangles(24, 25, 26, 0, 24, 26, 27, 0),
	gsSP2Triangles(27, 28, 24, 0, 27, 29, 28, 0),
	gsSPVertex(ttc_dl_Object_mesh_layer_1_vtx_17 + 30, 12, 0),
	gsSP2Triangles(0, 1, 2, 0, 0, 2, 3, 0),
	gsSP2Triangles(3, 4, 0, 0, 3, 5, 4, 0),
	gsSP2Triangles(6, 7, 8, 0, 6, 8, 9, 0),
	gsSP2Triangles(9, 10, 6, 0, 9, 11, 10, 0),
	gsSPEndDisplayList(),
};

Vtx ttc_dl_Object_mesh_layer_1_vtx_18[42] = {
	{{ {-4229, -144, 1868}, 0, {1008, 10}, {0, 0, 129, 255} }},
	{{ {-3924, -144, 1868}, 0, {2032, 10}, {0, 0, 129, 255} }},
	{{ {-3924, -449, 1868}, 0, {2032, 990}, {0, 0, 129, 255} }},
	{{ {-4229, -449, 1868}, 0, {1008, 990}, {0, 0, 129, 255} }},
	{{ {-4533, -144, 1868}, 0, {-16, 10}, {0, 0, 129, 255} }},
	{{ {-4533, -449, 1868}, 0, {-16, 990}, {0, 0, 129, 255} }},
	{{ {-6119, 623, 1376}, 0, {1008, 10}, {0, 0, 129, 255} }},
	{{ {-5942, 623, 1376}, 0, {2032, 10}, {0, 0, 129, 255} }},
	{{ {-5942, 447, 1376}, 0, {2032, 990}, {0, 0, 129, 255} }},
	{{ {-6119, 447, 1376}, 0, {1008, 990}, {0, 0, 129, 255} }},
	{{ {-6296, 623, 1376}, 0, {-16, 10}, {0, 0, 129, 255} }},
	{{ {-6296, 447, 1376}, 0, {-16, 990}, {0, 0, 129, 255} }},
	{{ {-5558, 256, 1376}, 0, {1008, 10}, {0, 0, 129, 255} }},
	{{ {-5382, 256, 1376}, 0, {2032, 10}, {0, 0, 129, 255} }},
	{{ {-5382, 79, 1376}, 0, {2032, 990}, {0, 0, 129, 255} }},
	{{ {-5558, 79, 1376}, 0, {1008, 990}, {0, 0, 129, 255} }},
	{{ {-5735, 256, 1376}, 0, {-16, 10}, {0, 0, 129, 255} }},
	{{ {-5735, 79, 1376}, 0, {-16, 990}, {0, 0, 129, 255} }},
	{{ {-5013, -129, 1376}, 0, {1008, 10}, {0, 0, 129, 255} }},
	{{ {-4836, -129, 1376}, 0, {2032, 10}, {0, 0, 129, 255} }},
	{{ {-4836, -306, 1376}, 0, {2032, 990}, {0, 0, 129, 255} }},
	{{ {-5013, -306, 1376}, 0, {1008, 990}, {0, 0, 129, 255} }},
	{{ {-5190, -129, 1376}, 0, {-16, 10}, {0, 0, 129, 255} }},
	{{ {-5190, -306, 1376}, 0, {-16, 990}, {0, 0, 129, 255} }},
	{{ {-6119, 623, 919}, 0, {1008, 10}, {0, 0, 127, 255} }},
	{{ {-6296, 623, 919}, 0, {-16, 10}, {0, 0, 127, 255} }},
	{{ {-6296, 447, 919}, 0, {-16, 990}, {0, 0, 127, 255} }},
	{{ {-6119, 447, 919}, 0, {1008, 990}, {0, 0, 127, 255} }},
	{{ {-5942, 623, 919}, 0, {2032, 10}, {0, 0, 127, 255} }},
	{{ {-5942, 447, 919}, 0, {2032, 990}, {0, 0, 127, 255} }},
	{{ {-5558, 256, 919}, 0, {1008, 10}, {0, 0, 127, 255} }},
	{{ {-5735, 256, 919}, 0, {-16, 10}, {0, 0, 127, 255} }},
	{{ {-5735, 79, 919}, 0, {-16, 990}, {0, 0, 127, 255} }},
	{{ {-5558, 79, 919}, 0, {1008, 990}, {0, 0, 127, 255} }},
	{{ {-5382, 256, 919}, 0, {2032, 10}, {0, 0, 127, 255} }},
	{{ {-5382, 79, 919}, 0, {2032, 990}, {0, 0, 127, 255} }},
	{{ {-5013, -129, 919}, 0, {1008, 10}, {0, 0, 127, 255} }},
	{{ {-5190, -129, 919}, 0, {-16, 10}, {0, 0, 127, 255} }},
	{{ {-5190, -306, 919}, 0, {-16, 990}, {0, 0, 127, 255} }},
	{{ {-5013, -306, 919}, 0, {1008, 990}, {0, 0, 127, 255} }},
	{{ {-4836, -129, 919}, 0, {2032, 10}, {0, 0, 127, 255} }},
	{{ {-4836, -306, 919}, 0, {2032, 990}, {0, 0, 127, 255} }},
};

Gfx ttc_dl_Object_mesh_layer_1_tri_18[] = {
	gsSPVertex(ttc_dl_Object_mesh_layer_1_vtx_18 + 0, 30, 0),
	gsSP2Triangles(0, 1, 2, 0, 0, 2, 3, 0),
	gsSP2Triangles(0, 3, 4, 0, 3, 5, 4, 0),
	gsSP2Triangles(6, 7, 8, 0, 6, 8, 9, 0),
	gsSP2Triangles(6, 9, 10, 0, 9, 11, 10, 0),
	gsSP2Triangles(12, 13, 14, 0, 12, 14, 15, 0),
	gsSP2Triangles(12, 15, 16, 0, 15, 17, 16, 0),
	gsSP2Triangles(18, 19, 20, 0, 18, 20, 21, 0),
	gsSP2Triangles(18, 21, 22, 0, 21, 23, 22, 0),
	gsSP2Triangles(24, 25, 26, 0, 24, 26, 27, 0),
	gsSP2Triangles(24, 27, 28, 0, 27, 29, 28, 0),
	gsSPVertex(ttc_dl_Object_mesh_layer_1_vtx_18 + 30, 12, 0),
	gsSP2Triangles(0, 1, 2, 0, 0, 2, 3, 0),
	gsSP2Triangles(0, 3, 4, 0, 3, 5, 4, 0),
	gsSP2Triangles(6, 7, 8, 0, 6, 8, 9, 0),
	gsSP2Triangles(6, 9, 10, 0, 9, 11, 10, 0),
	gsSPEndDisplayList(),
};

Vtx ttc_dl_Object_mesh_layer_1_vtx_19[309] = {
	{{ {-5189, -489, 1384}, 0, {24, 1709}, {127, 0, 0, 0} }},
	{{ {-5189, -489, 913}, 0, {1992, 1709}, {127, 0, 0, 0} }},
	{{ {-5189, -470, 913}, 0, {1992, 1709}, {127, 0, 0, 0} }},
	{{ {-5189, -470, 1384}, 0, {24, 1709}, {127, 0, 0, 0} }},
	{{ {-6501, 389, 1384}, 0, {16, -1929}, {0, 127, 0, 255} }},
	{{ {-6501, 389, 913}, 0, {2000, -1929}, {0, 127, 0, 255} }},
	{{ {-6796, 389, 913}, 0, {2000, -2551}, {0, 127, 0, 255} }},
	{{ {-6796, 389, 1384}, 0, {16, -2551}, {0, 127, 0, 255} }},
	{{ {-3272, -489, 1384}, 0, {1992, 480}, {75, 0, 154, 255} }},
	{{ {-3596, -489, 1147}, 0, {994, 480}, {75, 0, 154, 255} }},
	{{ {-3596, -470, 1147}, 0, {994, 512}, {75, 0, 154, 255} }},
	{{ {-3272, -470, 1384}, 0, {1992, 512}, {75, 0, 154, 255} }},
	{{ {-5137, -489, 913}, 0, {2000, 943}, {0, 0, 127, 255} }},
	{{ {-5137, -489, 1384}, 0, {16, 943}, {0, 0, 127, 255} }},
	{{ {-5137, -489, 1384}, 0, {16, 943}, {0, 0, 127, 255} }},
	{{ {-6501, 389, 913}, 0, {14, 673}, {0, 127, 0, 255} }},
	{{ {-6501, 389, 1384}, 0, {2002, 673}, {0, 127, 0, 255} }},
	{{ {-6351, 389, 1384}, 0, {2002, 319}, {0, 127, 0, 255} }},
	{{ {-6351, 389, 913}, 0, {14, 319}, {0, 127, 0, 255} }},
	{{ {-6351, 389, 913}, 0, {1992, -421}, {127, 0, 0, 255} }},
	{{ {-6351, 389, 1384}, 0, {24, -421}, {127, 0, 0, 255} }},
	{{ {-6351, 361, 1384}, 0, {24, -362}, {127, 0, 0, 255} }},
	{{ {-6351, 361, 913}, 0, {1992, -362}, {127, 0, 0, 255} }},
	{{ {-6351, 361, 913}, 0, {1992, -717}, {0, 127, 0, 255} }},
	{{ {-6351, 361, 1384}, 0, {24, -717}, {0, 127, 0, 255} }},
	{{ {-6313, 361, 1384}, 0, {24, -638}, {0, 127, 0, 255} }},
	{{ {-6313, 361, 913}, 0, {1992, -638}, {0, 127, 0, 255} }},
	{{ {-6313, 361, 913}, 0, {1992, -362}, {127, 0, 0, 255} }},
	{{ {-6313, 361, 1384}, 0, {24, -362}, {127, 0, 0, 255} }},
	{{ {-6313, 333, 1384}, 0, {24, -303}, {127, 0, 0, 255} }},
	{{ {-6313, 333, 913}, 0, {1992, -303}, {127, 0, 0, 255} }},
	{{ {-6313, 333, 913}, 0, {1992, -638}, {0, 127, 0, 255} }},
	{{ {-6313, 333, 1384}, 0, {24, -638}, {0, 127, 0, 255} }},
	{{ {-6276, 333, 1384}, 0, {24, -560}, {0, 127, 0, 255} }},
	{{ {-6276, 333, 913}, 0, {1992, -560}, {0, 127, 0, 255} }},
	{{ {-6276, 333, 913}, 0, {1992, -303}, {127, 0, 0, 255} }},
	{{ {-6276, 333, 1384}, 0, {24, -303}, {127, 0, 0, 255} }},
	{{ {-6276, 304, 1384}, 0, {24, -244}, {127, 0, 0, 255} }},
	{{ {-6276, 304, 913}, 0, {1992, -244}, {127, 0, 0, 255} }},
	{{ {-6276, 304, 913}, 0, {1992, -560}, {0, 127, 0, 255} }},
	{{ {-6276, 304, 1384}, 0, {24, -560}, {0, 127, 0, 255} }},
	{{ {-6238, 304, 1384}, 0, {24, -482}, {0, 127, 0, 255} }},
	{{ {-6238, 304, 913}, 0, {1992, -482}, {0, 127, 0, 255} }},
	{{ {-6238, 304, 913}, 0, {1992, -244}, {127, 0, 0, 255} }},
	{{ {-6238, 304, 1384}, 0, {24, -244}, {127, 0, 0, 255} }},
	{{ {-6238, 276, 1384}, 0, {24, -185}, {127, 0, 0, 255} }},
	{{ {-6238, 276, 913}, 0, {1992, -185}, {127, 0, 0, 255} }},
	{{ {-6238, 276, 913}, 0, {1992, -482}, {0, 127, 0, 255} }},
	{{ {-6238, 276, 1384}, 0, {24, -482}, {0, 127, 0, 255} }},
	{{ {-6201, 276, 1384}, 0, {24, -404}, {0, 127, 0, 255} }},
	{{ {-6201, 276, 913}, 0, {1992, -404}, {0, 127, 0, 255} }},
	{{ {-6201, 276, 913}, 0, {1992, -185}, {127, 0, 0, 255} }},
	{{ {-6201, 276, 1384}, 0, {24, -185}, {127, 0, 0, 255} }},
	{{ {-6201, 248, 1384}, 0, {24, -125}, {127, 0, 0, 255} }},
	{{ {-6201, 248, 913}, 0, {1992, -125}, {127, 0, 0, 255} }},
	{{ {-6201, 248, 913}, 0, {1992, -404}, {0, 127, 0, 255} }},
	{{ {-6201, 248, 1384}, 0, {24, -404}, {0, 127, 0, 255} }},
	{{ {-6163, 248, 1384}, 0, {24, -325}, {0, 127, 0, 255} }},
	{{ {-6163, 248, 913}, 0, {1992, -325}, {0, 127, 0, 255} }},
	{{ {-6163, 248, 913}, 0, {1992, -125}, {127, 0, 0, 255} }},
	{{ {-6163, 248, 1384}, 0, {24, -125}, {127, 0, 0, 255} }},
	{{ {-6163, 219, 1384}, 0, {24, -66}, {127, 0, 0, 255} }},
	{{ {-6163, 219, 913}, 0, {1992, -66}, {127, 0, 0, 255} }},
	{{ {-6163, 219, 913}, 0, {1992, -325}, {0, 127, 0, 255} }},
	{{ {-6163, 219, 1384}, 0, {24, -325}, {0, 127, 0, 255} }},
	{{ {-6126, 219, 1384}, 0, {24, -247}, {0, 127, 0, 255} }},
	{{ {-6126, 219, 913}, 0, {1992, -247}, {0, 127, 0, 255} }},
	{{ {-6126, 219, 913}, 0, {1992, -66}, {127, 0, 0, 255} }},
	{{ {-6126, 219, 1384}, 0, {24, -66}, {127, 0, 0, 255} }},
	{{ {-6126, 191, 1384}, 0, {24, -7}, {127, 0, 0, 255} }},
	{{ {-6126, 191, 913}, 0, {1992, -7}, {127, 0, 0, 255} }},
	{{ {-6126, 191, 913}, 0, {1992, -247}, {0, 127, 0, 255} }},
	{{ {-6126, 191, 1384}, 0, {24, -247}, {0, 127, 0, 255} }},
	{{ {-6088, 191, 1384}, 0, {24, -169}, {0, 127, 0, 255} }},
	{{ {-6088, 191, 913}, 0, {1992, -169}, {0, 127, 0, 255} }},
	{{ {-6088, 191, 913}, 0, {1992, -7}, {127, 0, 0, 255} }},
	{{ {-6088, 191, 1384}, 0, {24, -7}, {127, 0, 0, 255} }},
	{{ {-6088, 163, 1384}, 0, {24, 52}, {127, 0, 0, 255} }},
	{{ {-6088, 163, 913}, 0, {1992, 52}, {127, 0, 0, 255} }},
	{{ {-6088, 163, 913}, 0, {1992, -169}, {0, 127, 0, 255} }},
	{{ {-6088, 163, 1384}, 0, {24, -169}, {0, 127, 0, 255} }},
	{{ {-6051, 163, 1384}, 0, {24, -91}, {0, 127, 0, 255} }},
	{{ {-6051, 163, 913}, 0, {1992, -91}, {0, 127, 0, 255} }},
	{{ {-6051, 163, 913}, 0, {1992, 52}, {127, 0, 0, 255} }},
	{{ {-6051, 163, 1384}, 0, {24, 52}, {127, 0, 0, 255} }},
	{{ {-6051, 134, 1384}, 0, {24, 111}, {127, 0, 0, 255} }},
	{{ {-6051, 134, 913}, 0, {1992, 111}, {127, 0, 0, 255} }},
	{{ {-6051, 134, 913}, 0, {1992, -91}, {0, 127, 0, 255} }},
	{{ {-6051, 134, 1384}, 0, {24, -91}, {0, 127, 0, 255} }},
	{{ {-6014, 134, 1384}, 0, {24, -13}, {0, 127, 0, 253} }},
	{{ {-6014, 134, 913}, 0, {1992, -13}, {0, 127, 0, 253} }},
	{{ {-6014, 134, 913}, 0, {1992, 111}, {127, 0, 0, 253} }},
	{{ {-6014, 134, 1384}, 0, {24, 111}, {127, 0, 0, 253} }},
	{{ {-6014, 106, 1384}, 0, {24, 171}, {127, 0, 0, 253} }},
	{{ {-6014, 106, 913}, 0, {1992, 171}, {127, 0, 0, 253} }},
	{{ {-6014, 106, 913}, 0, {1992, -13}, {0, 127, 0, 253} }},
	{{ {-6014, 106, 1384}, 0, {24, -13}, {0, 127, 0, 253} }},
	{{ {-5976, 106, 1384}, 0, {24, 66}, {0, 127, 0, 238} }},
	{{ {-5976, 106, 913}, 0, {1992, 66}, {0, 127, 0, 238} }},
	{{ {-5976, 106, 913}, 0, {1992, 171}, {127, 0, 0, 238} }},
	{{ {-5976, 106, 1384}, 0, {24, 171}, {127, 0, 0, 238} }},
	{{ {-5976, 78, 1384}, 0, {24, 230}, {127, 0, 0, 238} }},
	{{ {-5976, 78, 913}, 0, {1992, 230}, {127, 0, 0, 238} }},
	{{ {-5976, 78, 913}, 0, {1992, 66}, {0, 127, 0, 238} }},
	{{ {-5976, 78, 1384}, 0, {24, 66}, {0, 127, 0, 238} }},
	{{ {-5939, 78, 1384}, 0, {24, 144}, {0, 127, 0, 220} }},
	{{ {-5939, 78, 913}, 0, {1992, 144}, {0, 127, 0, 220} }},
	{{ {-5939, 78, 913}, 0, {1992, 230}, {127, 0, 0, 220} }},
	{{ {-5939, 78, 1384}, 0, {24, 230}, {127, 0, 0, 220} }},
	{{ {-5939, 49, 1384}, 0, {24, 289}, {127, 0, 0, 220} }},
	{{ {-5939, 49, 913}, 0, {1992, 289}, {127, 0, 0, 220} }},
	{{ {-5939, 49, 913}, 0, {1992, 144}, {0, 127, 0, 220} }},
	{{ {-5939, 49, 1384}, 0, {24, 144}, {0, 127, 0, 220} }},
	{{ {-5901, 49, 1384}, 0, {24, 222}, {0, 127, 0, 201} }},
	{{ {-5901, 49, 913}, 0, {1992, 222}, {0, 127, 0, 201} }},
	{{ {-5901, 49, 913}, 0, {1992, 289}, {127, 0, 0, 201} }},
	{{ {-5901, 49, 1384}, 0, {24, 289}, {127, 0, 0, 201} }},
	{{ {-5901, 21, 1384}, 0, {24, 348}, {127, 0, 0, 201} }},
	{{ {-5901, 21, 913}, 0, {1992, 348}, {127, 0, 0, 201} }},
	{{ {-5901, 21, 913}, 0, {1992, 222}, {0, 127, 0, 201} }},
	{{ {-5901, 21, 1384}, 0, {24, 222}, {0, 127, 0, 201} }},
	{{ {-5864, 21, 1384}, 0, {24, 300}, {0, 127, 0, 179} }},
	{{ {-5864, 21, 913}, 0, {1992, 300}, {0, 127, 0, 179} }},
	{{ {-5864, 21, 913}, 0, {1992, 348}, {127, 0, 0, 179} }},
	{{ {-5864, 21, 1384}, 0, {24, 348}, {127, 0, 0, 179} }},
	{{ {-5864, -8, 1384}, 0, {24, 407}, {127, 0, 0, 179} }},
	{{ {-5864, -8, 913}, 0, {1992, 407}, {127, 0, 0, 179} }},
	{{ {-5864, -8, 913}, 0, {1992, 300}, {0, 127, 0, 179} }},
	{{ {-5864, -8, 1384}, 0, {24, 300}, {0, 127, 0, 179} }},
	{{ {-5826, -8, 1384}, 0, {24, 379}, {0, 127, 0, 153} }},
	{{ {-5826, -8, 913}, 0, {1992, 379}, {0, 127, 0, 153} }},
	{{ {-5826, -8, 913}, 0, {1992, 407}, {127, 0, 0, 153} }},
	{{ {-5826, -8, 1384}, 0, {24, 407}, {127, 0, 0, 153} }},
	{{ {-5826, -36, 1384}, 0, {24, 466}, {127, 0, 0, 153} }},
	{{ {-5826, -36, 913}, 0, {1992, 466}, {127, 0, 0, 153} }},
	{{ {-5826, -36, 913}, 0, {1992, 379}, {0, 127, 0, 153} }},
	{{ {-5826, -36, 1384}, 0, {24, 379}, {0, 127, 0, 153} }},
	{{ {-5789, -36, 1384}, 0, {24, 457}, {0, 127, 0, 120} }},
	{{ {-5789, -36, 913}, 0, {1992, 457}, {0, 127, 0, 120} }},
	{{ {-5789, -36, 913}, 0, {1992, 466}, {127, 0, 0, 120} }},
	{{ {-5789, -36, 1384}, 0, {24, 466}, {127, 0, 0, 120} }},
	{{ {-5789, -64, 1384}, 0, {24, 526}, {127, 0, 0, 0} }},
	{{ {-5789, -64, 913}, 0, {1992, 526}, {127, 0, 0, 0} }},
	{{ {-5789, -64, 913}, 0, {1992, 457}, {0, 127, 0, 0} }},
	{{ {-5789, -64, 1384}, 0, {24, 457}, {0, 127, 0, 0} }},
	{{ {-5751, -64, 1384}, 0, {24, 535}, {0, 127, 0, 0} }},
	{{ {-5751, -64, 913}, 0, {1992, 535}, {0, 127, 0, 0} }},
	{{ {-5751, -64, 913}, 0, {1992, 526}, {127, 0, 0, 0} }},
	{{ {-5751, -64, 1384}, 0, {24, 526}, {127, 0, 0, 0} }},
	{{ {-5751, -93, 1384}, 0, {24, 585}, {127, 0, 0, 0} }},
	{{ {-5751, -93, 913}, 0, {1992, 585}, {127, 0, 0, 0} }},
	{{ {-5751, -93, 913}, 0, {1992, 535}, {0, 127, 0, 0} }},
	{{ {-5751, -93, 1384}, 0, {24, 535}, {0, 127, 0, 0} }},
	{{ {-5714, -93, 1384}, 0, {24, 613}, {0, 127, 0, 0} }},
	{{ {-5714, -93, 913}, 0, {1992, 613}, {0, 127, 0, 0} }},
	{{ {-5714, -93, 913}, 0, {1992, 585}, {127, 0, 0, 0} }},
	{{ {-5714, -93, 1384}, 0, {24, 585}, {127, 0, 0, 0} }},
	{{ {-5714, -121, 1384}, 0, {24, 644}, {127, 0, 0, 0} }},
	{{ {-5714, -121, 913}, 0, {1992, 644}, {127, 0, 0, 0} }},
	{{ {-5714, -121, 913}, 0, {1992, 613}, {0, 127, 0, 0} }},
	{{ {-5714, -121, 1384}, 0, {24, 613}, {0, 127, 0, 0} }},
	{{ {-5676, -121, 1384}, 0, {24, 692}, {0, 127, 0, 0} }},
	{{ {-5676, -121, 913}, 0, {1992, 692}, {0, 127, 0, 0} }},
	{{ {-5676, -121, 913}, 0, {1992, 644}, {127, 0, 0, 0} }},
	{{ {-5676, -121, 1384}, 0, {24, 644}, {127, 0, 0, 0} }},
	{{ {-5676, -149, 1384}, 0, {24, 703}, {127, 0, 0, 0} }},
	{{ {-5676, -149, 913}, 0, {1992, 703}, {127, 0, 0, 0} }},
	{{ {-5676, -149, 913}, 0, {1992, 692}, {0, 127, 0, 0} }},
	{{ {-5676, -149, 1384}, 0, {24, 692}, {0, 127, 0, 0} }},
	{{ {-5639, -149, 1384}, 0, {24, 770}, {0, 127, 0, 0} }},
	{{ {-5639, -149, 913}, 0, {1992, 770}, {0, 127, 0, 0} }},
	{{ {-5639, -149, 913}, 0, {1992, 703}, {127, 0, 0, 0} }},
	{{ {-5639, -149, 1384}, 0, {24, 703}, {127, 0, 0, 0} }},
	{{ {-5639, -178, 1384}, 0, {24, 762}, {127, 0, 0, 0} }},
	{{ {-5639, -178, 913}, 0, {1992, 762}, {127, 0, 0, 0} }},
	{{ {-5639, -178, 913}, 0, {1992, 770}, {0, 127, 0, 0} }},
	{{ {-5639, -178, 1384}, 0, {24, 770}, {0, 127, 0, 0} }},
	{{ {-5601, -178, 1384}, 0, {24, 848}, {0, 127, 0, 0} }},
	{{ {-5601, -178, 913}, 0, {1992, 848}, {0, 127, 0, 0} }},
	{{ {-5601, -178, 913}, 0, {1992, 762}, {127, 0, 0, 0} }},
	{{ {-5601, -178, 1384}, 0, {24, 762}, {127, 0, 0, 0} }},
	{{ {-5601, -206, 1384}, 0, {24, 821}, {127, 0, 0, 0} }},
	{{ {-5601, -206, 913}, 0, {1992, 821}, {127, 0, 0, 0} }},
	{{ {-5601, -206, 913}, 0, {1992, 848}, {0, 127, 0, 0} }},
	{{ {-5601, -206, 1384}, 0, {24, 848}, {0, 127, 0, 0} }},
	{{ {-5564, -206, 1384}, 0, {24, 926}, {0, 127, 0, 0} }},
	{{ {-5564, -206, 913}, 0, {1992, 926}, {0, 127, 0, 0} }},
	{{ {-5564, -206, 913}, 0, {1992, 821}, {127, 0, 0, 0} }},
	{{ {-5564, -206, 1384}, 0, {24, 821}, {127, 0, 0, 0} }},
	{{ {-5564, -234, 1384}, 0, {24, 881}, {127, 0, 0, 0} }},
	{{ {-5564, -234, 913}, 0, {1992, 881}, {127, 0, 0, 0} }},
	{{ {-5564, -234, 913}, 0, {1992, 926}, {0, 127, 0, 0} }},
	{{ {-5564, -234, 1384}, 0, {24, 926}, {0, 127, 0, 0} }},
	{{ {-5526, -234, 1384}, 0, {24, 1005}, {0, 127, 0, 0} }},
	{{ {-5526, -234, 913}, 0, {1992, 1005}, {0, 127, 0, 0} }},
	{{ {-5526, -234, 913}, 0, {1992, 881}, {127, 0, 0, 0} }},
	{{ {-5526, -234, 1384}, 0, {24, 881}, {127, 0, 0, 0} }},
	{{ {-5526, -263, 1384}, 0, {24, 940}, {127, 0, 0, 0} }},
	{{ {-5526, -263, 913}, 0, {1992, 940}, {127, 0, 0, 0} }},
	{{ {-5526, -263, 913}, 0, {1992, 1005}, {0, 127, 0, 0} }},
	{{ {-5526, -263, 1384}, 0, {24, 1005}, {0, 127, 0, 0} }},
	{{ {-5489, -263, 1384}, 0, {24, 1083}, {0, 127, 0, 0} }},
	{{ {-5489, -263, 913}, 0, {1992, 1083}, {0, 127, 0, 0} }},
	{{ {-5489, -263, 913}, 0, {1992, 940}, {127, 0, 0, 0} }},
	{{ {-5489, -263, 1384}, 0, {24, 940}, {127, 0, 0, 0} }},
	{{ {-5489, -291, 1384}, 0, {24, 999}, {127, 0, 0, 0} }},
	{{ {-5489, -291, 913}, 0, {1992, 999}, {127, 0, 0, 0} }},
	{{ {-5489, -291, 913}, 0, {1992, 1083}, {0, 127, 0, 0} }},
	{{ {-5489, -291, 1384}, 0, {24, 1083}, {0, 127, 0, 0} }},
	{{ {-5451, -291, 1384}, 0, {24, 1161}, {0, 127, 0, 0} }},
	{{ {-5451, -291, 913}, 0, {1992, 1161}, {0, 127, 0, 0} }},
	{{ {-5451, -291, 913}, 0, {1992, 999}, {127, 0, 0, 0} }},
	{{ {-5451, -291, 1384}, 0, {24, 999}, {127, 0, 0, 0} }},
	{{ {-5451, -319, 1384}, 0, {24, 1058}, {127, 0, 0, 0} }},
	{{ {-5451, -319, 913}, 0, {1992, 1058}, {127, 0, 0, 0} }},
	{{ {-5451, -319, 913}, 0, {1992, 1161}, {0, 127, 0, 0} }},
	{{ {-5451, -319, 1384}, 0, {24, 1161}, {0, 127, 0, 0} }},
	{{ {-5414, -319, 1384}, 0, {24, 1239}, {0, 127, 0, 0} }},
	{{ {-5414, -319, 913}, 0, {1992, 1239}, {0, 127, 0, 0} }},
	{{ {-5414, -319, 913}, 0, {1992, 1058}, {127, 0, 0, 0} }},
	{{ {-5414, -319, 1384}, 0, {24, 1058}, {127, 0, 0, 0} }},
	{{ {-5414, -348, 1384}, 0, {24, 1117}, {127, 0, 0, 0} }},
	{{ {-5414, -348, 913}, 0, {1992, 1117}, {127, 0, 0, 0} }},
	{{ {-5414, -348, 913}, 0, {1992, 1239}, {0, 127, 0, 0} }},
	{{ {-5414, -348, 1384}, 0, {24, 1239}, {0, 127, 0, 0} }},
	{{ {-5376, -348, 1384}, 0, {24, 1317}, {0, 127, 0, 0} }},
	{{ {-5376, -348, 913}, 0, {1992, 1317}, {0, 127, 0, 0} }},
	{{ {-5376, -348, 913}, 0, {1992, 1117}, {127, 0, 0, 0} }},
	{{ {-5376, -348, 1384}, 0, {24, 1117}, {127, 0, 0, 0} }},
	{{ {-5376, -376, 1384}, 0, {24, 1177}, {127, 0, 0, 0} }},
	{{ {-5376, -376, 913}, 0, {1992, 1177}, {127, 0, 0, 0} }},
	{{ {-5376, -376, 913}, 0, {1992, 1317}, {0, 127, 0, 0} }},
	{{ {-5376, -376, 1384}, 0, {24, 1317}, {0, 127, 0, 0} }},
	{{ {-5339, -376, 1384}, 0, {24, 1396}, {0, 127, 0, 0} }},
	{{ {-5339, -376, 913}, 0, {1992, 1396}, {0, 127, 0, 0} }},
	{{ {-5339, -376, 913}, 0, {1992, 1177}, {127, 0, 0, 0} }},
	{{ {-5339, -376, 1384}, 0, {24, 1177}, {127, 0, 0, 0} }},
	{{ {-5339, -404, 1384}, 0, {24, 1236}, {127, 0, 0, 0} }},
	{{ {-5339, -404, 913}, 0, {1992, 1236}, {127, 0, 0, 0} }},
	{{ {-5339, -404, 913}, 0, {1992, 1396}, {0, 127, 0, 0} }},
	{{ {-5339, -404, 1384}, 0, {24, 1396}, {0, 127, 0, 0} }},
	{{ {-5302, -404, 1384}, 0, {24, 1474}, {0, 127, 0, 0} }},
	{{ {-5302, -404, 913}, 0, {1992, 1474}, {0, 127, 0, 0} }},
	{{ {-5302, -404, 913}, 0, {1992, 1236}, {127, 0, 0, 0} }},
	{{ {-5302, -404, 1384}, 0, {24, 1236}, {127, 0, 0, 0} }},
	{{ {-5302, -433, 1384}, 0, {24, 1295}, {127, 0, 0, 0} }},
	{{ {-5302, -433, 913}, 0, {1992, 1295}, {127, 0, 0, 0} }},
	{{ {-5302, -433, 913}, 0, {1992, 1474}, {0, 127, 0, 0} }},
	{{ {-5302, -433, 1384}, 0, {24, 1474}, {0, 127, 0, 0} }},
	{{ {-5264, -433, 1384}, 0, {24, 1552}, {0, 127, 0, 0} }},
	{{ {-5264, -433, 913}, 0, {1992, 1552}, {0, 127, 0, 0} }},
	{{ {-5264, -433, 913}, 0, {1992, 1295}, {127, 0, 0, 0} }},
	{{ {-5264, -433, 1384}, 0, {24, 1295}, {127, 0, 0, 0} }},
	{{ {-5264, -461, 1384}, 0, {24, 1354}, {127, 0, 0, 0} }},
	{{ {-5264, -461, 913}, 0, {1992, 1354}, {127, 0, 0, 0} }},
	{{ {-5264, -461, 913}, 0, {1992, 1552}, {0, 127, 0, 0} }},
	{{ {-5264, -461, 1384}, 0, {24, 1552}, {0, 127, 0, 0} }},
	{{ {-5227, -461, 1384}, 0, {24, 1630}, {0, 127, 0, 0} }},
	{{ {-5227, -461, 913}, 0, {1992, 1630}, {0, 127, 0, 0} }},
	{{ {-5227, -461, 913}, 0, {1992, 1354}, {127, 0, 0, 0} }},
	{{ {-5227, -461, 1384}, 0, {24, 1354}, {127, 0, 0, 0} }},
	{{ {-5227, -489, 1384}, 0, {24, 1413}, {127, 0, 0, 0} }},
	{{ {-5227, -489, 913}, 0, {1992, 1413}, {127, 0, 0, 0} }},
	{{ {-5189, -489, 913}, 0, {-1834, 4732}, {0, 0, 127, 0} }},
	{{ {-5189, -489, 1384}, 0, {-2169, 4732}, {0, 0, 127, 0} }},
	{{ {-5189, -489, 1384}, 0, {-2169, 4732}, {0, 0, 127, 0} }},
	{{ {-4759, -470, 913}, 0, {25, 2743}, {0, 127, 0, 255} }},
	{{ {-4759, -470, 1384}, 0, {1991, 2743}, {0, 127, 0, 255} }},
	{{ {-3272, -470, 1384}, 0, {1991, -3578}, {0, 127, 0, 255} }},
	{{ {-3596, -470, 1147}, 0, {998, -2201}, {0, 127, 0, 255} }},
	{{ {-3312, -470, 913}, 0, {25, -3408}, {0, 127, 0, 255} }},
	{{ {-3596, -489, 1147}, 0, {989, 477}, {81, 0, 98, 255} }},
	{{ {-3312, -489, 913}, 0, {1998, 477}, {81, 0, 98, 255} }},
	{{ {-3312, -470, 913}, 0, {1998, 515}, {81, 0, 98, 255} }},
	{{ {-3596, -470, 1147}, 0, {989, 515}, {81, 0, 98, 255} }},
	{{ {-4759, -489, 913}, 0, {25, 2743}, {129, 0, 0, 255} }},
	{{ {-4759, -489, 1384}, 0, {1991, 2743}, {129, 0, 0, 255} }},
	{{ {-4759, -470, 1384}, 0, {1991, 2743}, {129, 0, 0, 255} }},
	{{ {-4759, -470, 913}, 0, {25, 2743}, {129, 0, 0, 255} }},
	{{ {-5137, -470, 913}, 0, {25, 4349}, {0, 127, 0, 255} }},
	{{ {-5137, -470, 1384}, 0, {1991, 4349}, {0, 127, 0, 255} }},
	{{ {-5137, -470, 1384}, 0, {1991, 4349}, {0, 127, 0, 255} }},
	{{ {-5137, -470, 913}, 0, {25, 4349}, {0, 127, 0, 255} }},
	{{ {-5189, -470, 913}, 0, {25, 4570}, {0, 127, 0, 255} }},
	{{ {-5189, -470, 1384}, 0, {1991, 4570}, {0, 127, 0, 255} }},
	{{ {-5227, -470, 913}, 0, {1992, 1630}, {0, 127, 0, 0} }},
	{{ {-5227, -470, 1384}, 0, {24, 1630}, {0, 127, 0, 0} }},
	{{ {-5189, -470, 1384}, 0, {24, 1709}, {0, 127, 0, 0} }},
	{{ {-5189, -470, 913}, 0, {1992, 1709}, {0, 127, 0, 0} }},
	{{ {-5227, -489, 913}, 0, {1992, 1413}, {129, 0, 0, 0} }},
	{{ {-5227, -489, 1384}, 0, {24, 1413}, {129, 0, 0, 0} }},
	{{ {-5227, -470, 1384}, 0, {24, 1373}, {129, 0, 0, 0} }},
	{{ {-5227, -470, 913}, 0, {1992, 1373}, {129, 0, 0, 0} }},
	{{ {-5137, -489, 1384}, 0, {1991, 4349}, {127, 0, 0, 255} }},
	{{ {-5137, -489, 913}, 0, {25, 4349}, {127, 0, 0, 255} }},
	{{ {-5137, -470, 913}, 0, {25, 4349}, {127, 0, 0, 255} }},
	{{ {-5137, -470, 1384}, 0, {1991, 4349}, {127, 0, 0, 255} }},
	{{ {-4759, -489, 1384}, 0, {1991, 2743}, {127, 0, 0, 255} }},
	{{ {-4759, -489, 913}, 0, {25, 2743}, {127, 0, 0, 255} }},
	{{ {-4759, -470, 913}, 0, {25, 2743}, {127, 0, 0, 255} }},
	{{ {-4759, -470, 1384}, 0, {1991, 2743}, {127, 0, 0, 255} }},
	{{ {-3312, -470, 1384}, 0, {1840, 496}, {0, 0, 127, 255} }},
	{{ {-4759, -470, 1384}, 0, {1840, 496}, {0, 0, 127, 255} }},
	{{ {-4759, -489, 1384}, 0, {1840, 496}, {0, 0, 127, 255} }},
	{{ {-3312, -489, 1384}, 0, {1840, 496}, {0, 0, 127, 255} }},
	{{ {-3312, -470, 913}, 0, {1830, 505}, {0, 0, 129, 255} }},
	{{ {-3312, -489, 913}, 0, {1830, 505}, {0, 0, 129, 255} }},
	{{ {-4759, -489, 913}, 0, {1830, 505}, {0, 0, 129, 255} }},
	{{ {-4759, -470, 913}, 0, {1830, 505}, {0, 0, 129, 255} }},
};

Gfx ttc_dl_Object_mesh_layer_1_tri_19[] = {
	gsSPVertex(ttc_dl_Object_mesh_layer_1_vtx_19 + 0, 31, 0),
	gsSP2Triangles(0, 1, 2, 0, 0, 2, 3, 0),
	gsSP2Triangles(4, 5, 6, 0, 4, 6, 7, 0),
	gsSP2Triangles(8, 9, 10, 0, 8, 10, 11, 0),
	gsSP2Triangles(12, 13, 13, 0, 12, 13, 12, 0),
	gsSP2Triangles(15, 16, 17, 0, 15, 17, 18, 0),
	gsSP2Triangles(19, 20, 21, 0, 19, 21, 22, 0),
	gsSP2Triangles(23, 24, 25, 0, 23, 25, 26, 0),
	gsSP2Triangles(27, 28, 29, 0, 27, 29, 30, 0),
	gsSPVertex(ttc_dl_Object_mesh_layer_1_vtx_19 + 31, 32, 0),
	gsSP2Triangles(0, 1, 2, 0, 0, 2, 3, 0),
	gsSP2Triangles(4, 5, 6, 0, 4, 6, 7, 0),
	gsSP2Triangles(8, 9, 10, 0, 8, 10, 11, 0),
	gsSP2Triangles(12, 13, 14, 0, 12, 14, 15, 0),
	gsSP2Triangles(16, 17, 18, 0, 16, 18, 19, 0),
	gsSP2Triangles(20, 21, 22, 0, 20, 22, 23, 0),
	gsSP2Triangles(24, 25, 26, 0, 24, 26, 27, 0),
	gsSP2Triangles(28, 29, 30, 0, 28, 30, 31, 0),
	gsSPVertex(ttc_dl_Object_mesh_layer_1_vtx_19 + 63, 32, 0),
	gsSP2Triangles(0, 1, 2, 0, 0, 2, 3, 0),
	gsSP2Triangles(4, 5, 6, 0, 4, 6, 7, 0),
	gsSP2Triangles(8, 9, 10, 0, 8, 10, 11, 0),
	gsSP2Triangles(12, 13, 14, 0, 12, 14, 15, 0),
	gsSP2Triangles(16, 17, 18, 0, 16, 18, 19, 0),
	gsSP2Triangles(20, 21, 22, 0, 20, 22, 23, 0),
	gsSP2Triangles(24, 25, 26, 0, 24, 26, 27, 0),
	gsSP2Triangles(28, 29, 30, 0, 28, 30, 31, 0),
	gsSPVertex(ttc_dl_Object_mesh_layer_1_vtx_19 + 95, 32, 0),
	gsSP2Triangles(0, 1, 2, 0, 0, 2, 3, 0),
	gsSP2Triangles(4, 5, 6, 0, 4, 6, 7, 0),
	gsSP2Triangles(8, 9, 10, 0, 8, 10, 11, 0),
	gsSP2Triangles(12, 13, 14, 0, 12, 14, 15, 0),
	gsSP2Triangles(16, 17, 18, 0, 16, 18, 19, 0),
	gsSP2Triangles(20, 21, 22, 0, 20, 22, 23, 0),
	gsSP2Triangles(24, 25, 26, 0, 24, 26, 27, 0),
	gsSP2Triangles(28, 29, 30, 0, 28, 30, 31, 0),
	gsSPVertex(ttc_dl_Object_mesh_layer_1_vtx_19 + 127, 32, 0),
	gsSP2Triangles(0, 1, 2, 0, 0, 2, 3, 0),
	gsSP2Triangles(4, 5, 6, 0, 4, 6, 7, 0),
	gsSP2Triangles(8, 9, 10, 0, 8, 10, 11, 0),
	gsSP2Triangles(12, 13, 14, 0, 12, 14, 15, 0),
	gsSP2Triangles(16, 17, 18, 0, 16, 18, 19, 0),
	gsSP2Triangles(20, 21, 22, 0, 20, 22, 23, 0),
	gsSP2Triangles(24, 25, 26, 0, 24, 26, 27, 0),
	gsSP2Triangles(28, 29, 30, 0, 28, 30, 31, 0),
	gsSPVertex(ttc_dl_Object_mesh_layer_1_vtx_19 + 159, 32, 0),
	gsSP2Triangles(0, 1, 2, 0, 0, 2, 3, 0),
	gsSP2Triangles(4, 5, 6, 0, 4, 6, 7, 0),
	gsSP2Triangles(8, 9, 10, 0, 8, 10, 11, 0),
	gsSP2Triangles(12, 13, 14, 0, 12, 14, 15, 0),
	gsSP2Triangles(16, 17, 18, 0, 16, 18, 19, 0),
	gsSP2Triangles(20, 21, 22, 0, 20, 22, 23, 0),
	gsSP2Triangles(24, 25, 26, 0, 24, 26, 27, 0),
	gsSP2Triangles(28, 29, 30, 0, 28, 30, 31, 0),
	gsSPVertex(ttc_dl_Object_mesh_layer_1_vtx_19 + 191, 32, 0),
	gsSP2Triangles(0, 1, 2, 0, 0, 2, 3, 0),
	gsSP2Triangles(4, 5, 6, 0, 4, 6, 7, 0),
	gsSP2Triangles(8, 9, 10, 0, 8, 10, 11, 0),
	gsSP2Triangles(12, 13, 14, 0, 12, 14, 15, 0),
	gsSP2Triangles(16, 17, 18, 0, 16, 18, 19, 0),
	gsSP2Triangles(20, 21, 22, 0, 20, 22, 23, 0),
	gsSP2Triangles(24, 25, 26, 0, 24, 26, 27, 0),
	gsSP2Triangles(28, 29, 30, 0, 28, 30, 31, 0),
	gsSPVertex(ttc_dl_Object_mesh_layer_1_vtx_19 + 223, 32, 0),
	gsSP2Triangles(0, 1, 2, 0, 0, 2, 3, 0),
	gsSP2Triangles(4, 5, 6, 0, 4, 6, 7, 0),
	gsSP2Triangles(8, 9, 10, 0, 8, 10, 11, 0),
	gsSP2Triangles(12, 13, 14, 0, 12, 14, 15, 0),
	gsSP2Triangles(16, 17, 18, 0, 16, 18, 19, 0),
	gsSP2Triangles(20, 21, 22, 0, 20, 22, 23, 0),
	gsSP2Triangles(24, 25, 26, 0, 24, 26, 27, 0),
	gsSP2Triangles(28, 29, 30, 0, 28, 30, 31, 0),
	gsSPVertex(ttc_dl_Object_mesh_layer_1_vtx_19 + 255, 30, 0),
	gsSP2Triangles(0, 1, 2, 0, 0, 2, 3, 0),
	gsSP2Triangles(4, 5, 6, 0, 4, 6, 7, 0),
	gsSP2Triangles(8, 9, 9, 0, 8, 9, 8, 0),
	gsSP2Triangles(11, 12, 13, 0, 13, 14, 11, 0),
	gsSP2Triangles(14, 15, 11, 0, 16, 17, 18, 0),
	gsSP2Triangles(16, 18, 19, 0, 20, 21, 22, 0),
	gsSP2Triangles(20, 22, 23, 0, 12, 11, 24, 0),
	gsSP2Triangles(12, 24, 25, 0, 26, 27, 28, 0),
	gsSP1Triangle(26, 28, 29, 0),
	gsSPVertex(ttc_dl_Object_mesh_layer_1_vtx_19 + 285, 24, 0),
	gsSP2Triangles(0, 1, 2, 0, 0, 2, 3, 0),
	gsSP2Triangles(4, 5, 6, 0, 4, 6, 7, 0),
	gsSP2Triangles(8, 9, 10, 0, 8, 10, 11, 0),
	gsSP2Triangles(12, 13, 14, 0, 12, 14, 15, 0),
	gsSP2Triangles(16, 17, 18, 0, 16, 18, 19, 0),
	gsSP2Triangles(20, 21, 22, 0, 20, 22, 23, 0),
	gsSPEndDisplayList(),
};

Vtx ttc_dl_Object_mesh_layer_1_vtx_20[40] = {
	{{ {-3458, 65, 1384}, 0, {6241, 1500}, {198, 143, 0, 255} }},
	{{ {-3458, 65, 1870}, 0, {6241, 3633}, {198, 143, 0, 255} }},
	{{ {-3709, 194, 1870}, 0, {5140, 3633}, {198, 143, 0, 255} }},
	{{ {-3709, 194, 1384}, 0, {5140, 1500}, {198, 143, 0, 255} }},
	{{ {-3458, 65, 913}, 0, {6241, -571}, {198, 143, 0, 255} }},
	{{ {-3709, 194, 913}, 0, {5140, -571}, {198, 143, 0, 255} }},
	{{ {-3458, 65, 442}, 0, {6241, -2641}, {198, 143, 0, 255} }},
	{{ {-3709, 194, 442}, 0, {5140, -2641}, {198, 143, 0, 255} }},
	{{ {-2735, -231, 1153}, 0, {9418, 484}, {208, 138, 0, 255} }},
	{{ {-2735, -231, 1258}, 0, {9418, 946}, {208, 138, 0, 255} }},
	{{ {-3458, 65, 1870}, 0, {6241, 3633}, {208, 138, 0, 255} }},
	{{ {-3458, 65, 1384}, 0, {6241, 1500}, {208, 138, 0, 255} }},
	{{ {-2735, -231, 1051}, 0, {9418, 35}, {208, 138, 0, 255} }},
	{{ {-3458, 65, 913}, 0, {6241, -571}, {208, 138, 0, 255} }},
	{{ {-2735, -231, 949}, 0, {9418, -413}, {208, 138, 0, 255} }},
	{{ {-3458, 65, 442}, 0, {6241, -2641}, {208, 138, 0, 255} }},
	{{ {-3709, 194, 1384}, 0, {5140, 1500}, {0, 129, 0, 255} }},
	{{ {-3709, 194, 1870}, 0, {5140, 3633}, {0, 129, 0, 255} }},
	{{ {-4759, 194, 1870}, 0, {524, 3633}, {0, 129, 0, 255} }},
	{{ {-4759, 194, 1384}, 0, {524, 1500}, {0, 129, 0, 255} }},
	{{ {-3709, 194, 913}, 0, {5140, -571}, {0, 129, 0, 255} }},
	{{ {-4759, 194, 913}, 0, {524, -571}, {0, 129, 0, 255} }},
	{{ {-3709, 194, 442}, 0, {5140, -2641}, {0, 129, 0, 255} }},
	{{ {-4759, 194, 442}, 0, {524, -2641}, {0, 129, 0, 255} }},
	{{ {-4759, 194, 913}, 0, {524, -571}, {179, 155, 0, 255} }},
	{{ {-4759, 194, 1384}, 0, {524, 1500}, {179, 155, 0, 255} }},
	{{ {-5615, 842, 1384}, 0, {-3236, 1500}, {179, 155, 0, 255} }},
	{{ {-5615, 842, 913}, 0, {-3236, -571}, {179, 155, 0, 255} }},
	{{ {-5615, 842, 913}, 0, {-3236, -571}, {217, 135, 0, 255} }},
	{{ {-5615, 842, 1384}, 0, {-3236, 1500}, {217, 135, 0, 255} }},
	{{ {-6168, 1022, 1384}, 0, {-5664, 1500}, {217, 135, 0, 255} }},
	{{ {-6168, 1022, 913}, 0, {-5664, -571}, {217, 135, 0, 255} }},
	{{ {-6796, -489, 913}, 0, {2695, 6064}, {127, 0, 0, 255} }},
	{{ {-6796, 1022, 913}, 0, {2695, -5072}, {127, 0, 0, 255} }},
	{{ {-6796, 1022, 1384}, 0, {-1703, -5072}, {127, 0, 0, 255} }},
	{{ {-6796, -489, 1384}, 0, {-1703, 6064}, {127, 0, 0, 255} }},
	{{ {-6168, 1022, 913}, 0, {-5664, -571}, {0, 129, 0, 255} }},
	{{ {-6168, 1022, 1384}, 0, {-5664, 1500}, {0, 129, 0, 255} }},
	{{ {-6796, 1022, 1384}, 0, {-8426, 1500}, {0, 129, 0, 255} }},
	{{ {-6796, 1022, 913}, 0, {-8426, -571}, {0, 129, 0, 255} }},
};

Gfx ttc_dl_Object_mesh_layer_1_tri_20[] = {
	gsSPVertex(ttc_dl_Object_mesh_layer_1_vtx_20 + 0, 32, 0),
	gsSP2Triangles(0, 1, 2, 0, 0, 2, 3, 0),
	gsSP2Triangles(4, 0, 3, 0, 4, 3, 5, 0),
	gsSP2Triangles(6, 4, 5, 0, 6, 5, 7, 0),
	gsSP2Triangles(8, 9, 10, 0, 8, 10, 11, 0),
	gsSP2Triangles(12, 8, 11, 0, 12, 11, 13, 0),
	gsSP2Triangles(14, 12, 13, 0, 14, 13, 15, 0),
	gsSP2Triangles(16, 17, 18, 0, 16, 18, 19, 0),
	gsSP2Triangles(20, 16, 19, 0, 20, 19, 21, 0),
	gsSP2Triangles(22, 20, 21, 0, 22, 21, 23, 0),
	gsSP2Triangles(24, 25, 26, 0, 24, 26, 27, 0),
	gsSP2Triangles(28, 29, 30, 0, 28, 30, 31, 0),
	gsSPVertex(ttc_dl_Object_mesh_layer_1_vtx_20 + 32, 8, 0),
	gsSP2Triangles(0, 1, 2, 0, 0, 2, 3, 0),
	gsSP2Triangles(4, 5, 6, 0, 4, 6, 7, 0),
	gsSPEndDisplayList(),
};

Vtx ttc_dl_Object_mesh_layer_4_vtx_cull[8] = {
	{{ {-6796, -5167, 11343}, 0, {0, 0}, {0, 0, 0, 0} }},
	{{ {-6796, 2296, 11343}, 0, {0, 0}, {0, 0, 0, 0} }},
	{{ {-6796, 2296, -8852}, 0, {0, 0}, {0, 0, 0, 0} }},
	{{ {-6796, -5167, -8852}, 0, {0, 0}, {0, 0, 0, 0} }},
	{{ {5109, -5167, 11343}, 0, {0, 0}, {0, 0, 0, 0} }},
	{{ {5109, 2296, 11343}, 0, {0, 0}, {0, 0, 0, 0} }},
	{{ {5109, 2296, -8852}, 0, {0, 0}, {0, 0, 0, 0} }},
	{{ {5109, -5167, -8852}, 0, {0, 0}, {0, 0, 0, 0} }},
};

Vtx ttc_dl_Object_mesh_layer_4_vtx_0[60] = {
	{{ {-1177, -468, 857}, 0, {7793, 976}, {127, 0, 0, 255} }},
	{{ {-1177, -358, 3058}, 0, {-11404, 16}, {127, 0, 0, 255} }},
	{{ {-1177, -468, 3058}, 0, {-11404, 976}, {127, 0, 0, 255} }},
	{{ {-1177, -358, 857}, 0, {7793, 16}, {127, 0, 0, 255} }},
	{{ {-1177, -468, 321}, 0, {12461, 976}, {127, 0, 0, 255} }},
	{{ {-1177, -358, 321}, 0, {12461, 16}, {127, 0, 0, 255} }},
	{{ {-811, -468, 857}, 0, {7793, 976}, {129, 0, 0, 255} }},
	{{ {-811, -468, 3065}, 0, {-11469, 976}, {129, 0, 0, 255} }},
	{{ {-811, -358, 3065}, 0, {-11469, 16}, {129, 0, 0, 255} }},
	{{ {-811, -358, 857}, 0, {7793, 16}, {129, 0, 0, 255} }},
	{{ {-811, -358, 857}, 0, {7793, 16}, {129, 0, 0, 255} }},
	{{ {-811, -358, 321}, 0, {12461, 16}, {129, 0, 0, 255} }},
	{{ {-811, -468, 321}, 0, {12461, 976}, {129, 0, 0, 255} }},
	{{ {2847, -417, 3893}, 0, {-7520, 1036}, {0, 0, 129, 255} }},
	{{ {2847, -307, 3893}, 0, {-7520, 4}, {0, 0, 129, 255} }},
	{{ {3723, -307, 3893}, 0, {-1313, 4}, {0, 0, 129, 255} }},
	{{ {3723, -417, 3893}, 0, {-1313, 1036}, {0, 0, 129, 255} }},
	{{ {3723, -417, -1572}, 0, {-1313, 1036}, {0, 0, 127, 255} }},
	{{ {2847, -307, -1572}, 0, {-7520, 4}, {0, 0, 127, 255} }},
	{{ {2847, -417, -1572}, 0, {-7520, 1036}, {0, 0, 127, 255} }},
	{{ {3723, -307, -1572}, 0, {-1313, 4}, {0, 0, 127, 255} }},
	{{ {5109, -417, -1572}, 0, {8512, 1036}, {0, 0, 127, 255} }},
	{{ {5109, -307, -1572}, 0, {8512, 4}, {0, 0, 127, 255} }},
	{{ {5109, -417, 1491}, 0, {-1849, 1036}, {129, 0, 0, 255} }},
	{{ {5109, -417, 2152}, 0, {-6531, 1036}, {129, 0, 0, 255} }},
	{{ {5109, -307, 2152}, 0, {-6531, 4}, {129, 0, 0, 255} }},
	{{ {5109, -307, 1491}, 0, {-1849, 4}, {129, 0, 0, 255} }},
	{{ {5109, -417, 875}, 0, {2518, 1036}, {129, 0, 0, 0} }},
	{{ {5109, -417, 1491}, 0, {-1849, 1036}, {129, 0, 0, 0} }},
	{{ {5109, -307, 1491}, 0, {-1849, 4}, {129, 0, 0, 0} }},
	{{ {5109, -307, 875}, 0, {2518, 4}, {129, 0, 0, 0} }},
	{{ {5109, -417, 3893}, 0, {8512, 1036}, {0, 0, 129, 255} }},
	{{ {3723, -417, 3893}, 0, {-1313, 1036}, {0, 0, 129, 255} }},
	{{ {3723, -307, 3893}, 0, {-1313, 4}, {0, 0, 129, 255} }},
	{{ {5109, -307, 3893}, 0, {8512, 4}, {0, 0, 129, 255} }},
	{{ {5109, -417, 321}, 0, {6442, 1036}, {129, 0, 0, 255} }},
	{{ {5109, -417, 875}, 0, {2518, 1036}, {129, 0, 0, 255} }},
	{{ {5109, -307, 875}, 0, {2518, 4}, {129, 0, 0, 255} }},
	{{ {5109, -307, 321}, 0, {6442, 4}, {129, 0, 0, 255} }},
	{{ {5109, -417, 2152}, 0, {-6531, 1036}, {129, 0, 0, 255} }},
	{{ {5109, -417, 3893}, 0, {-18871, 1036}, {129, 0, 0, 255} }},
	{{ {5109, -307, 3893}, 0, {-18871, 4}, {129, 0, 0, 255} }},
	{{ {5109, -307, 2152}, 0, {-6531, 4}, {129, 0, 0, 255} }},
	{{ {5109, -307, 321}, 0, {6442, 4}, {129, 0, 0, 255} }},
	{{ {5109, -307, -1572}, 0, {19863, 4}, {129, 0, 0, 255} }},
	{{ {5109, -417, -1572}, 0, {19863, 1036}, {129, 0, 0, 255} }},
	{{ {-4759, -470, 913}, 0, {-4570, 958}, {0, 0, 127, 255} }},
	{{ {-3312, -470, 913}, 0, {7577, 958}, {0, 0, 127, 255} }},
	{{ {-3312, -470, 913}, 0, {7577, 958}, {0, 0, 127, 255} }},
	{{ {-4759, -360, 913}, 0, {-4570, 34}, {0, 0, 127, 255} }},
	{{ {-3312, -360, 913}, 0, {7577, 34}, {0, 0, 127, 255} }},
	{{ {-4759, -360, 1384}, 0, {-4760, 34}, {0, 0, 127, 255} }},
	{{ {-4759, -470, 1384}, 0, {-4760, 958}, {0, 0, 127, 255} }},
	{{ {-3312, -470, 1384}, 0, {7387, 958}, {0, 0, 127, 255} }},
	{{ {-3312, -360, 1384}, 0, {7387, 34}, {0, 0, 127, 255} }},
	{{ {-3272, -360, 1384}, 0, {7723, 34}, {0, 0, 127, 255} }},
	{{ {-3272, -470, 1384}, 0, {7723, 958}, {0, 0, 127, 255} }},
	{{ {-3312, -489, 1384}, 0, {7387, 1119}, {0, 0, 127, 255} }},
	{{ {-3272, -489, 1384}, 0, {7723, 1119}, {0, 0, 127, 255} }},
	{{ {-3272, -470, 1384}, 0, {7723, 958}, {0, 0, 127, 255} }},
};

Gfx ttc_dl_Object_mesh_layer_4_tri_0[] = {
	gsSPVertex(ttc_dl_Object_mesh_layer_4_vtx_0 + 0, 31, 0),
	gsSP2Triangles(0, 1, 2, 0, 0, 3, 1, 0),
	gsSP2Triangles(4, 3, 0, 0, 4, 5, 3, 0),
	gsSP2Triangles(6, 7, 8, 0, 6, 8, 9, 0),
	gsSP2Triangles(6, 10, 11, 0, 6, 11, 12, 0),
	gsSP2Triangles(13, 14, 15, 0, 13, 15, 16, 0),
	gsSP2Triangles(17, 18, 19, 0, 17, 20, 18, 0),
	gsSP2Triangles(21, 20, 17, 0, 21, 22, 20, 0),
	gsSP2Triangles(23, 24, 25, 0, 23, 25, 26, 0),
	gsSP2Triangles(27, 28, 29, 0, 27, 29, 30, 0),
	gsSPVertex(ttc_dl_Object_mesh_layer_4_vtx_0 + 31, 29, 0),
	gsSP2Triangles(0, 1, 2, 0, 0, 2, 3, 0),
	gsSP2Triangles(4, 5, 6, 0, 4, 6, 7, 0),
	gsSP2Triangles(8, 9, 10, 0, 8, 10, 11, 0),
	gsSP2Triangles(4, 12, 13, 0, 4, 13, 14, 0),
	gsSP2Triangles(15, 16, 16, 0, 18, 15, 16, 0),
	gsSP2Triangles(16, 19, 18, 0, 16, 19, 19, 0),
	gsSP2Triangles(20, 21, 22, 0, 23, 20, 22, 0),
	gsSP2Triangles(22, 24, 23, 0, 22, 25, 24, 0),
	gsSP2Triangles(22, 26, 27, 0, 22, 27, 28, 0),
	gsSPEndDisplayList(),
};

Vtx ttc_dl_Object_mesh_layer_4_vtx_1[4] = {
	{{ {3076, -315, 1663}, 0, {475, 478}, {127, 254, 252, 255} }},
	{{ {3078, -196, 1663}, 0, {478, 5}, {127, 254, 252, 255} }},
	{{ {3081, -195, 1781}, 0, {5, 2}, {127, 254, 252, 255} }},
	{{ {3079, -314, 1782}, 0, {2, 475}, {127, 254, 252, 255} }},
};

Gfx ttc_dl_Object_mesh_layer_4_tri_1[] = {
	gsSPVertex(ttc_dl_Object_mesh_layer_4_vtx_1 + 0, 4, 0),
	gsSP2Triangles(0, 1, 2, 0, 0, 2, 3, 0),
	gsSPEndDisplayList(),
};

Vtx ttc_dl_Object_mesh_layer_4_vtx_2[4] = {
	{{ {3076, -315, 606}, 0, {475, 478}, {127, 254, 252, 255} }},
	{{ {3078, -196, 606}, 0, {478, 5}, {127, 254, 252, 255} }},
	{{ {3081, -195, 724}, 0, {5, 2}, {127, 254, 252, 255} }},
	{{ {3079, -314, 725}, 0, {2, 475}, {127, 254, 252, 255} }},
};

Gfx ttc_dl_Object_mesh_layer_4_tri_2[] = {
	gsSPVertex(ttc_dl_Object_mesh_layer_4_vtx_2 + 0, 4, 0),
	gsSP2Triangles(0, 1, 2, 0, 0, 2, 3, 0),
	gsSPEndDisplayList(),
};

Vtx ttc_dl_Object_mesh_layer_4_vtx_3[24] = {
	{{ {2860, 742, 2009}, 0, {240, -18}, {127, 0, 0, 255} }},
	{{ {2860, 742, 2381}, 0, {-18, -18}, {127, 0, 0, 255} }},
	{{ {2860, 370, 2381}, 0, {-18, 240}, {127, 0, 0, 255} }},
	{{ {2860, -3, 2009}, 0, {240, 498}, {127, 0, 0, 255} }},
	{{ {2860, -3, 2381}, 0, {-18, 498}, {127, 0, 0, 255} }},
	{{ {2860, 370, 1636}, 0, {498, 240}, {127, 0, 0, 255} }},
	{{ {2860, -3, 1636}, 0, {498, 498}, {127, 0, 0, 255} }},
	{{ {2860, 742, 1636}, 0, {498, -18}, {127, 0, 0, 255} }},
	{{ {2860, 742, 357}, 0, {240, -18}, {127, 0, 0, 255} }},
	{{ {2860, 742, 729}, 0, {-18, -18}, {127, 0, 0, 255} }},
	{{ {2860, 370, 729}, 0, {-18, 240}, {127, 0, 0, 255} }},
	{{ {2860, -3, 357}, 0, {240, 498}, {127, 0, 0, 255} }},
	{{ {2860, -3, 729}, 0, {-18, 498}, {127, 0, 0, 255} }},
	{{ {2860, 370, -16}, 0, {498, 240}, {127, 0, 0, 255} }},
	{{ {2860, -3, -16}, 0, {498, 498}, {127, 0, 0, 255} }},
	{{ {2860, 742, -16}, 0, {498, -18}, {127, 0, 0, 255} }},
	{{ {2693, 1954, 1234}, 0, {240, -18}, {127, 0, 0, 255} }},
	{{ {2693, 1954, 1423}, 0, {-18, -18}, {127, 0, 0, 255} }},
	{{ {2693, 1765, 1423}, 0, {-18, 240}, {127, 0, 0, 255} }},
	{{ {2693, 1576, 1234}, 0, {240, 498}, {127, 0, 0, 255} }},
	{{ {2693, 1576, 1423}, 0, {-18, 498}, {127, 0, 0, 255} }},
	{{ {2693, 1765, 1046}, 0, {498, 240}, {127, 0, 0, 255} }},
	{{ {2693, 1576, 1046}, 0, {498, 498}, {127, 0, 0, 255} }},
	{{ {2693, 1954, 1046}, 0, {498, -18}, {127, 0, 0, 255} }},
};

Gfx ttc_dl_Object_mesh_layer_4_tri_3[] = {
	gsSPVertex(ttc_dl_Object_mesh_layer_4_vtx_3 + 0, 24, 0),
	gsSP2Triangles(0, 1, 2, 0, 0, 2, 3, 0),
	gsSP2Triangles(2, 4, 3, 0, 0, 3, 5, 0),
	gsSP2Triangles(3, 6, 5, 0, 5, 7, 0, 0),
	gsSP2Triangles(8, 9, 10, 0, 8, 10, 11, 0),
	gsSP2Triangles(10, 12, 11, 0, 8, 11, 13, 0),
	gsSP2Triangles(11, 14, 13, 0, 13, 15, 8, 0),
	gsSP2Triangles(16, 17, 18, 0, 16, 18, 19, 0),
	gsSP2Triangles(18, 20, 19, 0, 16, 19, 21, 0),
	gsSP2Triangles(19, 22, 21, 0, 21, 23, 16, 0),
	gsSPEndDisplayList(),
};

Gfx mat_ttc_dl__1[] = {
	gsSPLightColor(LIGHT_1, 0xFFFFFFFF),
	gsSPLightColor(LIGHT_2, 0x7F7F7FFF),
	gsDPPipeSync(),
	gsDPSetCombineLERP(TEXEL0, 0, SHADE, 0, 0, 0, 0, ENVIRONMENT, TEXEL0, 0, SHADE, 0, 0, 0, 0, ENVIRONMENT),
	gsDPSetAlphaDither(G_AD_NOISE),
	gsSPTexture(65535, 65535, 0, 0, 1),
	gsDPSetTextureImage(G_IM_FMT_RGBA, G_IM_SIZ_16b_LOAD_BLOCK, 1, ttc_dl_beta_wall_real_1_rgba16),
	gsDPSetTile(G_IM_FMT_RGBA, G_IM_SIZ_16b_LOAD_BLOCK, 0, 0, 7, 0, G_TX_WRAP | G_TX_NOMIRROR, 0, 0, G_TX_WRAP | G_TX_NOMIRROR, 0, 0),
	gsDPLoadBlock(7, 0, 0, 2047, 256),
	gsDPSetTile(G_IM_FMT_RGBA, G_IM_SIZ_16b, 8, 0, 0, 0, G_TX_WRAP | G_TX_NOMIRROR, 6, 0, G_TX_WRAP | G_TX_NOMIRROR, 5, 0),
	gsDPSetTileSize(0, 0, 0, 124, 252),
	gsSPEndDisplayList(),
};

Gfx mat_revert_ttc_dl__1[] = {
	gsDPPipeSync(),
	gsDPSetAlphaDither(G_AD_DISABLE),
	gsSPEndDisplayList(),
};

Gfx mat_ttc_dl__2[] = {
	gsSPLightColor(LIGHT_1, 0xFFFFFFFF),
	gsSPLightColor(LIGHT_2, 0x7F7F7FFF),
	gsDPPipeSync(),
	gsDPSetCombineLERP(TEXEL0, 0, SHADE, 0, 0, 0, 0, ENVIRONMENT, TEXEL0, 0, SHADE, 0, 0, 0, 0, ENVIRONMENT),
	gsDPSetAlphaDither(G_AD_NOISE),
	gsDPSetTextureLUT(G_TT_RGBA16),
	gsSPTexture(65535, 65535, 0, 0, 1),
	gsDPSetTextureImage(G_IM_FMT_RGBA, G_IM_SIZ_16b, 1, ttc_dl_beta_wall_real_2_pal_rgba16),
	gsDPSetTile(0, 0, 0, 256, 5, 0, G_TX_WRAP | G_TX_NOMIRROR, 0, 0, G_TX_WRAP | G_TX_NOMIRROR, 0, 0),
	gsDPLoadTLUTCmd(5, 36),
	gsDPSetTextureImage(G_IM_FMT_CI, G_IM_SIZ_8b_LOAD_BLOCK, 1, ttc_dl_beta_wall_real_2_ci8),
	gsDPSetTile(G_IM_FMT_CI, G_IM_SIZ_8b_LOAD_BLOCK, 0, 0, 7, 0, G_TX_WRAP | G_TX_NOMIRROR, 0, 0, G_TX_WRAP | G_TX_NOMIRROR, 0, 0),
	gsDPLoadBlock(7, 0, 0, 1023, 512),
	gsDPSetTile(G_IM_FMT_CI, G_IM_SIZ_8b, 4, 0, 0, 0, G_TX_WRAP | G_TX_NOMIRROR, 6, 0, G_TX_WRAP | G_TX_NOMIRROR, 5, 0),
	gsDPSetTileSize(0, 0, 0, 124, 252),
	gsSPEndDisplayList(),
};

Gfx mat_revert_ttc_dl__2[] = {
	gsDPPipeSync(),
	gsDPSetAlphaDither(G_AD_DISABLE),
	gsDPSetTextureLUT(G_TT_NONE),
	gsSPEndDisplayList(),
};

Gfx mat_ttc_dl__3[] = {
	gsSPLightColor(LIGHT_1, 0xFFFFFFFF),
	gsSPLightColor(LIGHT_2, 0x7F7F7FFF),
	gsDPPipeSync(),
	gsDPSetCombineLERP(TEXEL0, 0, SHADE, 0, 0, 0, 0, ENVIRONMENT, TEXEL0, 0, SHADE, 0, 0, 0, 0, ENVIRONMENT),
	gsDPSetAlphaDither(G_AD_NOISE),
	gsSPTexture(65535, 65535, 0, 0, 1),
	gsDPSetTextureImage(G_IM_FMT_RGBA, G_IM_SIZ_16b_LOAD_BLOCK, 1, ttc_dl_peach_bottom_rgba16),
	gsDPSetTile(G_IM_FMT_RGBA, G_IM_SIZ_16b_LOAD_BLOCK, 0, 0, 7, 0, G_TX_WRAP | G_TX_NOMIRROR, 0, 0, G_TX_WRAP | G_TX_NOMIRROR, 0, 0),
	gsDPLoadBlock(7, 0, 0, 2047, 128),
	gsDPSetTile(G_IM_FMT_RGBA, G_IM_SIZ_16b, 16, 0, 0, 0, G_TX_WRAP | G_TX_NOMIRROR, 5, 0, G_TX_WRAP | G_TX_NOMIRROR, 6, 0),
	gsDPSetTileSize(0, 0, 0, 252, 124),
	gsSPEndDisplayList(),
};

Gfx mat_revert_ttc_dl__3[] = {
	gsDPPipeSync(),
	gsDPSetAlphaDither(G_AD_DISABLE),
	gsSPEndDisplayList(),
};

Gfx mat_ttc_dl__4[] = {
	gsSPLightColor(LIGHT_1, 0xFFFFFFFF),
	gsSPLightColor(LIGHT_2, 0x7F7F7FFF),
	gsDPPipeSync(),
	gsDPSetCombineLERP(TEXEL0, 0, SHADE, 0, 0, 0, 0, ENVIRONMENT, TEXEL0, 0, SHADE, 0, 0, 0, 0, ENVIRONMENT),
	gsDPSetAlphaDither(G_AD_NOISE),
	gsSPTexture(65535, 65535, 0, 0, 1),
	gsDPSetTextureImage(G_IM_FMT_RGBA, G_IM_SIZ_16b_LOAD_BLOCK, 1, ttc_dl_peach_top_rgba16),
	gsDPSetTile(G_IM_FMT_RGBA, G_IM_SIZ_16b_LOAD_BLOCK, 0, 0, 7, 0, G_TX_WRAP | G_TX_NOMIRROR, 0, 0, G_TX_WRAP | G_TX_NOMIRROR, 0, 0),
	gsDPLoadBlock(7, 0, 0, 2047, 128),
	gsDPSetTile(G_IM_FMT_RGBA, G_IM_SIZ_16b, 16, 0, 0, 0, G_TX_WRAP | G_TX_NOMIRROR, 5, 0, G_TX_WRAP | G_TX_NOMIRROR, 6, 0),
	gsDPSetTileSize(0, 0, 0, 252, 124),
	gsSPEndDisplayList(),
};

Gfx mat_revert_ttc_dl__4[] = {
	gsDPPipeSync(),
	gsDPSetAlphaDither(G_AD_DISABLE),
	gsSPEndDisplayList(),
};

Gfx mat_ttc_dl__5[] = {
	gsSPLightColor(LIGHT_1, 0xFFFFFFFF),
	gsSPLightColor(LIGHT_2, 0x7F7F7FFF),
	gsDPPipeSync(),
	gsDPSetCombineLERP(TEXEL0, 0, SHADE, 0, 0, 0, 0, ENVIRONMENT, TEXEL0, 0, SHADE, 0, 0, 0, 0, ENVIRONMENT),
	gsDPSetAlphaDither(G_AD_NOISE),
	gsDPSetTextureLUT(G_TT_RGBA16),
	gsSPTexture(65535, 65535, 0, 0, 1),
	gsDPSetTextureImage(G_IM_FMT_RGBA, G_IM_SIZ_16b, 1, ttc_dl_widefancycarpet_pal_rgba16),
	gsDPSetTile(0, 0, 0, 256, 5, 0, G_TX_WRAP | G_TX_NOMIRROR, 0, 0, G_TX_WRAP | G_TX_NOMIRROR, 0, 0),
	gsDPLoadTLUTCmd(5, 4),
	gsDPSetTextureImage(G_IM_FMT_CI, G_IM_SIZ_16b, 1, ttc_dl_widefancycarpet_ci4),
	gsDPSetTile(G_IM_FMT_CI, G_IM_SIZ_16b, 0, 0, 7, 0, G_TX_WRAP | G_TX_NOMIRROR, 0, 0, G_TX_WRAP | G_TX_NOMIRROR, 0, 0),
	gsDPLoadBlock(7, 0, 0, 511, 512),
	gsDPSetTile(G_IM_FMT_CI, G_IM_SIZ_4b, 4, 0, 0, 0, G_TX_WRAP | G_TX_NOMIRROR, 5, 0, G_TX_WRAP | G_TX_NOMIRROR, 6, 0),
	gsDPSetTileSize(0, 0, 0, 252, 124),
	gsSPEndDisplayList(),
};

Gfx mat_revert_ttc_dl__5[] = {
	gsDPPipeSync(),
	gsDPSetAlphaDither(G_AD_DISABLE),
	gsDPSetTextureLUT(G_TT_NONE),
	gsSPEndDisplayList(),
};

Gfx mat_ttc_dl__6[] = {
	gsSPLightColor(LIGHT_1, 0xFFFFFFFF),
	gsSPLightColor(LIGHT_2, 0x7F7F7FFF),
	gsDPPipeSync(),
	gsDPSetCombineLERP(TEXEL0, 0, SHADE, 0, 0, 0, 0, ENVIRONMENT, TEXEL0, 0, SHADE, 0, 0, 0, 0, ENVIRONMENT),
	gsDPSetAlphaDither(G_AD_NOISE),
	gsSPTexture(65535, 65535, 0, 0, 1),
	gsDPSetTextureImage(G_IM_FMT_I, G_IM_SIZ_8b_LOAD_BLOCK, 1, ttc_dl_beta_checkerboard2_i8),
	gsDPSetTile(G_IM_FMT_I, G_IM_SIZ_8b_LOAD_BLOCK, 0, 0, 7, 0, G_TX_WRAP | G_TX_NOMIRROR, 0, 0, G_TX_WRAP | G_TX_NOMIRROR, 0, 0),
	gsDPLoadBlock(7, 0, 0, 511, 512),
	gsDPSetTile(G_IM_FMT_I, G_IM_SIZ_8b, 4, 0, 0, 0, G_TX_WRAP | G_TX_NOMIRROR, 5, 0, G_TX_WRAP | G_TX_NOMIRROR, 5, 0),
	gsDPSetTileSize(0, 0, 0, 124, 124),
	gsSPEndDisplayList(),
};

Gfx mat_revert_ttc_dl__6[] = {
	gsDPPipeSync(),
	gsDPSetAlphaDither(G_AD_DISABLE),
	gsSPEndDisplayList(),
};

Gfx mat_ttc_dl__7[] = {
	gsSPGeometryMode(G_CULL_BACK, 0),
	gsSPLightColor(LIGHT_1, 0xFFFFFFFF),
	gsSPLightColor(LIGHT_2, 0x7F7F7FFF),
	gsDPPipeSync(),
	gsDPSetCombineLERP(TEXEL0, 0, SHADE, 0, TEXEL0, 0, ENVIRONMENT, 0, TEXEL0, 0, SHADE, 0, TEXEL0, 0, ENVIRONMENT, 0),
	gsDPSetAlphaDither(G_AD_NOISE),
	gsDPSetTextureLUT(G_TT_RGBA16),
	gsSPTexture(65535, 65535, 0, 0, 1),
	gsDPSetTextureImage(G_IM_FMT_RGBA, G_IM_SIZ_16b, 1, ttc_dl_castle_fence_pal_rgba16),
	gsDPSetTile(0, 0, 0, 256, 5, 0, G_TX_WRAP | G_TX_NOMIRROR, 0, 0, G_TX_WRAP | G_TX_NOMIRROR, 0, 0),
	gsDPLoadTLUTCmd(5, 111),
	gsDPSetTextureImage(G_IM_FMT_CI, G_IM_SIZ_8b_LOAD_BLOCK, 1, ttc_dl_castle_fence_ci8),
	gsDPSetTile(G_IM_FMT_CI, G_IM_SIZ_8b_LOAD_BLOCK, 0, 0, 7, 0, G_TX_WRAP | G_TX_NOMIRROR, 0, 0, G_TX_WRAP | G_TX_NOMIRROR, 0, 0),
	gsDPLoadBlock(7, 0, 0, 511, 512),
	gsDPSetTile(G_IM_FMT_CI, G_IM_SIZ_8b, 4, 0, 0, 0, G_TX_WRAP | G_TX_NOMIRROR, 5, 0, G_TX_WRAP | G_TX_NOMIRROR, 5, 0),
	gsDPSetTileSize(0, 0, 0, 124, 124),
	gsSPEndDisplayList(),
};

Gfx mat_revert_ttc_dl__7[] = {
	gsSPGeometryMode(0, G_CULL_BACK),
	gsDPPipeSync(),
	gsDPSetAlphaDither(G_AD_DISABLE),
	gsDPSetTextureLUT(G_TT_NONE),
	gsSPEndDisplayList(),
};

Gfx mat_ttc_dl__8[] = {
	gsSPLightColor(LIGHT_1, 0xFFFFFFFF),
	gsSPLightColor(LIGHT_2, 0x7F7F7FFF),
	gsDPPipeSync(),
	gsDPSetCombineLERP(TEXEL0, 0, SHADE, 0, 0, 0, 0, ENVIRONMENT, TEXEL0, 0, SHADE, 0, 0, 0, 0, ENVIRONMENT),
	gsDPSetAlphaDither(G_AD_NOISE),
	gsDPSetTextureLUT(G_TT_RGBA16),
	gsSPTexture(65535, 65535, 0, 0, 1),
	gsDPSetTextureImage(G_IM_FMT_RGBA, G_IM_SIZ_16b, 1, ttc_dl_starsun_pal_rgba16),
	gsDPSetTile(0, 0, 0, 256, 5, 0, G_TX_WRAP | G_TX_NOMIRROR, 0, 0, G_TX_WRAP | G_TX_NOMIRROR, 0, 0),
	gsDPLoadTLUTCmd(5, 247),
	gsDPSetTextureImage(G_IM_FMT_CI, G_IM_SIZ_8b_LOAD_BLOCK, 1, ttc_dl_starsun_ci8),
	gsDPSetTile(G_IM_FMT_CI, G_IM_SIZ_8b_LOAD_BLOCK, 0, 0, 7, 0, G_TX_WRAP | G_TX_NOMIRROR, 0, 0, G_TX_WRAP | G_TX_NOMIRROR, 0, 0),
	gsDPLoadBlock(7, 0, 0, 511, 512),
	gsDPSetTile(G_IM_FMT_CI, G_IM_SIZ_8b, 4, 0, 0, 0, G_TX_WRAP | G_TX_NOMIRROR, 5, 0, G_TX_WRAP | G_TX_NOMIRROR, 5, 0),
	gsDPSetTileSize(0, 0, 0, 124, 124),
	gsSPEndDisplayList(),
};

Gfx mat_revert_ttc_dl__8[] = {
	gsDPPipeSync(),
	gsDPSetAlphaDither(G_AD_DISABLE),
	gsDPSetTextureLUT(G_TT_NONE),
	gsSPEndDisplayList(),
};

Gfx mat_ttc_dl__9[] = {
	gsSPLightColor(LIGHT_1, 0xFFFFFFFF),
	gsSPLightColor(LIGHT_2, 0x7F7F7FFF),
	gsDPPipeSync(),
	gsDPSetCombineLERP(TEXEL0, 0, SHADE, 0, 0, 0, 0, ENVIRONMENT, TEXEL0, 0, SHADE, 0, 0, 0, 0, ENVIRONMENT),
	gsDPSetAlphaDither(G_AD_NOISE),
	gsDPSetTextureLUT(G_TT_RGBA16),
	gsSPTexture(65535, 65535, 0, 0, 1),
	gsDPSetTextureImage(G_IM_FMT_RGBA, G_IM_SIZ_16b, 1, ttc_dl_sun_pal_rgba16),
	gsDPSetTile(0, 0, 0, 256, 5, 0, G_TX_WRAP | G_TX_NOMIRROR, 0, 0, G_TX_WRAP | G_TX_NOMIRROR, 0, 0),
	gsDPLoadTLUTCmd(5, 213),
	gsDPSetTextureImage(G_IM_FMT_CI, G_IM_SIZ_8b_LOAD_BLOCK, 1, ttc_dl_sun_ci8),
	gsDPSetTile(G_IM_FMT_CI, G_IM_SIZ_8b_LOAD_BLOCK, 0, 0, 7, 0, G_TX_WRAP | G_TX_NOMIRROR, 0, 0, G_TX_WRAP | G_TX_NOMIRROR, 0, 0),
	gsDPLoadBlock(7, 0, 0, 511, 512),
	gsDPSetTile(G_IM_FMT_CI, G_IM_SIZ_8b, 4, 0, 0, 0, G_TX_WRAP | G_TX_NOMIRROR, 5, 0, G_TX_WRAP | G_TX_NOMIRROR, 5, 0),
	gsDPSetTileSize(0, 0, 0, 124, 124),
	gsSPEndDisplayList(),
};

Gfx mat_revert_ttc_dl__9[] = {
	gsDPPipeSync(),
	gsDPSetAlphaDither(G_AD_DISABLE),
	gsDPSetTextureLUT(G_TT_NONE),
	gsSPEndDisplayList(),
};

Gfx mat_ttc_dl_f3dlite_material_001[] = {
	gsSPLightColor(LIGHT_1, 0xFFFFFFFF),
	gsSPLightColor(LIGHT_2, 0x7F7F7FFF),
	gsDPPipeSync(),
	gsDPSetCombineLERP(TEXEL0, 0, SHADE, 0, 0, 0, 0, ENVIRONMENT, TEXEL0, 0, SHADE, 0, 0, 0, 0, ENVIRONMENT),
	gsDPSetAlphaDither(G_AD_NOISE),
	gsDPSetTextureLUT(G_TT_RGBA16),
	gsSPTexture(65535, 65535, 0, 0, 1),
	gsDPSetTextureImage(G_IM_FMT_RGBA, G_IM_SIZ_16b, 1, ttc_dl_E3_Bricks_for_niko_insert_cute_face_pal_rgba16),
	gsDPSetTile(0, 0, 0, 256, 5, 0, G_TX_WRAP | G_TX_NOMIRROR, 0, 0, G_TX_WRAP | G_TX_NOMIRROR, 0, 0),
	gsDPLoadTLUTCmd(5, 85),
	gsDPSetTextureImage(G_IM_FMT_CI, G_IM_SIZ_8b_LOAD_BLOCK, 1, ttc_dl_E3_Bricks_for_niko_insert_cute_face_ci8),
	gsDPSetTile(G_IM_FMT_CI, G_IM_SIZ_8b_LOAD_BLOCK, 0, 0, 7, 0, G_TX_WRAP | G_TX_NOMIRROR, 0, 0, G_TX_WRAP | G_TX_NOMIRROR, 0, 0),
	gsDPLoadBlock(7, 0, 0, 511, 512),
	gsDPSetTile(G_IM_FMT_CI, G_IM_SIZ_8b, 4, 0, 0, 0, G_TX_WRAP | G_TX_NOMIRROR, 5, 0, G_TX_WRAP | G_TX_NOMIRROR, 5, 0),
	gsDPSetTileSize(0, 0, 0, 124, 124),
	gsSPEndDisplayList(),
};

Gfx mat_revert_ttc_dl_f3dlite_material_001[] = {
	gsDPPipeSync(),
	gsDPSetAlphaDither(G_AD_DISABLE),
	gsDPSetTextureLUT(G_TT_NONE),
	gsSPEndDisplayList(),
};

Gfx mat_ttc_dl_f3dlite_material_002[] = {
	gsSPLightColor(LIGHT_1, 0xFFFFFFFF),
	gsSPLightColor(LIGHT_2, 0x7F7F7FFF),
	gsDPPipeSync(),
	gsDPSetCombineLERP(TEXEL0, 0, SHADE, 0, 0, 0, 0, ENVIRONMENT, TEXEL0, 0, SHADE, 0, 0, 0, 0, ENVIRONMENT),
	gsDPSetAlphaDither(G_AD_NOISE),
	gsSPTexture(65535, 65535, 0, 0, 1),
	gsDPSetTextureImage(G_IM_FMT_I, G_IM_SIZ_8b_LOAD_BLOCK, 1, ttc_dl_morebricks_i8),
	gsDPSetTile(G_IM_FMT_I, G_IM_SIZ_8b_LOAD_BLOCK, 0, 0, 7, 0, G_TX_WRAP | G_TX_NOMIRROR, 0, 0, G_TX_WRAP | G_TX_NOMIRROR, 0, 0),
	gsDPLoadBlock(7, 0, 0, 511, 512),
	gsDPSetTile(G_IM_FMT_I, G_IM_SIZ_8b, 4, 0, 0, 0, G_TX_WRAP | G_TX_NOMIRROR, 5, 0, G_TX_WRAP | G_TX_NOMIRROR, 5, 0),
	gsDPSetTileSize(0, 0, 0, 124, 124),
	gsSPEndDisplayList(),
};

Gfx mat_revert_ttc_dl_f3dlite_material_002[] = {
	gsDPPipeSync(),
	gsDPSetAlphaDither(G_AD_DISABLE),
	gsSPEndDisplayList(),
};

Gfx mat_ttc_dl_f3dlite_material_003[] = {
	gsSPLightColor(LIGHT_1, 0xFFFFFFFF),
	gsSPLightColor(LIGHT_2, 0x7F7F7FFF),
	gsDPPipeSync(),
	gsDPSetCombineLERP(TEXEL0, 0, SHADE, 0, 0, 0, 0, ENVIRONMENT, TEXEL0, 0, SHADE, 0, 0, 0, 0, ENVIRONMENT),
	gsDPSetAlphaDither(G_AD_NOISE),
	gsDPSetTextureLUT(G_TT_RGBA16),
	gsSPTexture(65535, 65535, 0, 0, 1),
	gsDPSetTextureImage(G_IM_FMT_RGBA, G_IM_SIZ_16b, 1, ttc_dl_darkgrass_pal_rgba16),
	gsDPSetTile(0, 0, 0, 256, 5, 0, G_TX_WRAP | G_TX_NOMIRROR, 0, 0, G_TX_WRAP | G_TX_NOMIRROR, 0, 0),
	gsDPLoadTLUTCmd(5, 51),
	gsDPSetTextureImage(G_IM_FMT_CI, G_IM_SIZ_8b_LOAD_BLOCK, 1, ttc_dl_darkgrass_ci8),
	gsDPSetTile(G_IM_FMT_CI, G_IM_SIZ_8b_LOAD_BLOCK, 0, 0, 7, 0, G_TX_WRAP | G_TX_NOMIRROR, 0, 0, G_TX_WRAP | G_TX_NOMIRROR, 0, 0),
	gsDPLoadBlock(7, 0, 0, 511, 512),
	gsDPSetTile(G_IM_FMT_CI, G_IM_SIZ_8b, 4, 0, 0, 0, G_TX_WRAP | G_TX_NOMIRROR, 5, 0, G_TX_WRAP | G_TX_NOMIRROR, 5, 0),
	gsDPSetTileSize(0, 0, 0, 124, 124),
	gsSPEndDisplayList(),
};

Gfx mat_revert_ttc_dl_f3dlite_material_003[] = {
	gsDPPipeSync(),
	gsDPSetAlphaDither(G_AD_DISABLE),
	gsDPSetTextureLUT(G_TT_NONE),
	gsSPEndDisplayList(),
};

Gfx mat_ttc_dl_f3dlite_material_004[] = {
	gsSPLightColor(LIGHT_1, 0xFFFFFFFF),
	gsSPLightColor(LIGHT_2, 0x7F7F7FFF),
	gsDPPipeSync(),
	gsDPSetCombineLERP(TEXEL0, 0, SHADE, 0, 0, 0, 0, ENVIRONMENT, TEXEL0, 0, SHADE, 0, 0, 0, 0, ENVIRONMENT),
	gsDPSetAlphaDither(G_AD_NOISE),
	gsDPSetTextureLUT(G_TT_RGBA16),
	gsSPTexture(65535, 65535, 0, 0, 1),
	gsDPSetTextureImage(G_IM_FMT_RGBA, G_IM_SIZ_16b, 1, ttc_dl_roof_pal_rgba16),
	gsDPSetTile(0, 0, 0, 256, 5, 0, G_TX_WRAP | G_TX_NOMIRROR, 0, 0, G_TX_WRAP | G_TX_NOMIRROR, 0, 0),
	gsDPLoadTLUTCmd(5, 237),
	gsDPSetTextureImage(G_IM_FMT_CI, G_IM_SIZ_8b_LOAD_BLOCK, 1, ttc_dl_roof_ci8),
	gsDPSetTile(G_IM_FMT_CI, G_IM_SIZ_8b_LOAD_BLOCK, 0, 0, 7, 0, G_TX_WRAP | G_TX_NOMIRROR, 0, 0, G_TX_WRAP | G_TX_NOMIRROR, 0, 0),
	gsDPLoadBlock(7, 0, 0, 511, 512),
	gsDPSetTile(G_IM_FMT_CI, G_IM_SIZ_8b, 4, 0, 0, 0, G_TX_WRAP | G_TX_NOMIRROR, 5, 0, G_TX_WRAP | G_TX_NOMIRROR, 5, 0),
	gsDPSetTileSize(0, 0, 0, 124, 124),
	gsSPEndDisplayList(),
};

Gfx mat_revert_ttc_dl_f3dlite_material_004[] = {
	gsDPPipeSync(),
	gsDPSetAlphaDither(G_AD_DISABLE),
	gsDPSetTextureLUT(G_TT_NONE),
	gsSPEndDisplayList(),
};

Gfx mat_ttc_dl_f3dlite_material_005[] = {
	gsSPLightColor(LIGHT_1, 0xFFFFFFFF),
	gsSPLightColor(LIGHT_2, 0x7F7F7FFF),
	gsDPPipeSync(),
	gsDPSetCombineLERP(TEXEL0, 0, SHADE, 0, 0, 0, 0, ENVIRONMENT, TEXEL0, 0, SHADE, 0, 0, 0, 0, ENVIRONMENT),
	gsDPSetAlphaDither(G_AD_NOISE),
	gsSPTexture(65535, 65535, 0, 0, 1),
	gsDPSetTextureImage(G_IM_FMT_RGBA, G_IM_SIZ_16b_LOAD_BLOCK, 1, ttc_dl_bowsertop_rgba16),
	gsDPSetTile(G_IM_FMT_RGBA, G_IM_SIZ_16b_LOAD_BLOCK, 0, 0, 7, 0, G_TX_WRAP | G_TX_NOMIRROR, 0, 0, G_TX_WRAP | G_TX_NOMIRROR, 0, 0),
	gsDPLoadBlock(7, 0, 0, 2047, 128),
	gsDPSetTile(G_IM_FMT_RGBA, G_IM_SIZ_16b, 16, 0, 0, 0, G_TX_WRAP | G_TX_NOMIRROR, 5, 0, G_TX_WRAP | G_TX_NOMIRROR, 6, 0),
	gsDPSetTileSize(0, 0, 0, 252, 124),
	gsSPEndDisplayList(),
};

Gfx mat_revert_ttc_dl_f3dlite_material_005[] = {
	gsDPPipeSync(),
	gsDPSetAlphaDither(G_AD_DISABLE),
	gsSPEndDisplayList(),
};

Gfx mat_ttc_dl_f3dlite_material_006[] = {
	gsSPLightColor(LIGHT_1, 0xFFFFFFFF),
	gsSPLightColor(LIGHT_2, 0x7F7F7FFF),
	gsDPPipeSync(),
	gsDPSetCombineLERP(TEXEL0, 0, SHADE, 0, 0, 0, 0, ENVIRONMENT, TEXEL0, 0, SHADE, 0, 0, 0, 0, ENVIRONMENT),
	gsDPSetAlphaDither(G_AD_NOISE),
	gsSPTexture(65535, 65535, 0, 0, 1),
	gsDPSetTextureImage(G_IM_FMT_RGBA, G_IM_SIZ_16b_LOAD_BLOCK, 1, ttc_dl_bowserbot_rgba16),
	gsDPSetTile(G_IM_FMT_RGBA, G_IM_SIZ_16b_LOAD_BLOCK, 0, 0, 7, 0, G_TX_WRAP | G_TX_NOMIRROR, 0, 0, G_TX_WRAP | G_TX_NOMIRROR, 0, 0),
	gsDPLoadBlock(7, 0, 0, 2047, 128),
	gsDPSetTile(G_IM_FMT_RGBA, G_IM_SIZ_16b, 16, 0, 0, 0, G_TX_WRAP | G_TX_NOMIRROR, 5, 0, G_TX_WRAP | G_TX_NOMIRROR, 6, 0),
	gsDPSetTileSize(0, 0, 0, 252, 124),
	gsSPEndDisplayList(),
};

Gfx mat_revert_ttc_dl_f3dlite_material_006[] = {
	gsDPPipeSync(),
	gsDPSetAlphaDither(G_AD_DISABLE),
	gsSPEndDisplayList(),
};

Gfx mat_ttc_dl_f3dlite_material_007[] = {
	gsSPLightColor(LIGHT_1, 0xFFFFFFFF),
	gsSPLightColor(LIGHT_2, 0x7F7F7FFF),
	gsDPPipeSync(),
	gsDPSetCombineLERP(TEXEL0, 0, SHADE, 0, 0, 0, 0, ENVIRONMENT, TEXEL0, 0, SHADE, 0, 0, 0, 0, ENVIRONMENT),
	gsDPSetAlphaDither(G_AD_NOISE),
	gsDPSetTextureLUT(G_TT_RGBA16),
	gsSPTexture(65535, 65535, 0, 0, 1),
	gsDPSetTextureImage(G_IM_FMT_RGBA, G_IM_SIZ_16b, 1, ttc_dl_wood_real_pal_rgba16),
	gsDPSetTile(0, 0, 0, 256, 5, 0, G_TX_WRAP | G_TX_NOMIRROR, 0, 0, G_TX_WRAP | G_TX_NOMIRROR, 0, 0),
	gsDPLoadTLUTCmd(5, 120),
	gsDPSetTextureImage(G_IM_FMT_CI, G_IM_SIZ_8b_LOAD_BLOCK, 1, ttc_dl_wood_real_ci8),
	gsDPSetTile(G_IM_FMT_CI, G_IM_SIZ_8b_LOAD_BLOCK, 0, 0, 7, 0, G_TX_WRAP | G_TX_NOMIRROR, 0, 0, G_TX_WRAP | G_TX_NOMIRROR, 0, 0),
	gsDPLoadBlock(7, 0, 0, 511, 512),
	gsDPSetTile(G_IM_FMT_CI, G_IM_SIZ_8b, 4, 0, 0, 0, G_TX_WRAP | G_TX_NOMIRROR, 5, 0, G_TX_WRAP | G_TX_NOMIRROR, 5, 0),
	gsDPSetTileSize(0, 0, 0, 124, 124),
	gsSPEndDisplayList(),
};

Gfx mat_revert_ttc_dl_f3dlite_material_007[] = {
	gsDPPipeSync(),
	gsDPSetAlphaDither(G_AD_DISABLE),
	gsDPSetTextureLUT(G_TT_NONE),
	gsSPEndDisplayList(),
};

Gfx mat_ttc_dl_f3dlite_material_008[] = {
	gsSPGeometryMode(G_CULL_BACK, 0),
	gsSPLightColor(LIGHT_1, 0xFFFFFFFF),
	gsSPLightColor(LIGHT_2, 0x7F7F7FFF),
	gsDPPipeSync(),
	gsDPSetCombineLERP(TEXEL0, 0, SHADE, 0, TEXEL0, 0, ENVIRONMENT, 0, TEXEL0, 0, SHADE, 0, TEXEL0, 0, ENVIRONMENT, 0),
	gsDPSetAlphaDither(G_AD_NOISE),
	gsDPSetTextureLUT(G_TT_RGBA16),
	gsSPTexture(65535, 65535, 0, 0, 1),
	gsDPSetTextureImage(G_IM_FMT_RGBA, G_IM_SIZ_16b, 1, ttc_dl_nomaro_pal_rgba16),
	gsDPSetTile(0, 0, 0, 256, 5, 0, G_TX_WRAP | G_TX_NOMIRROR, 0, 0, G_TX_WRAP | G_TX_NOMIRROR, 0, 0),
	gsDPLoadTLUTCmd(5, 30),
	gsDPSetTextureImage(G_IM_FMT_CI, G_IM_SIZ_8b_LOAD_BLOCK, 1, ttc_dl_nomaro_ci8),
	gsDPSetTile(G_IM_FMT_CI, G_IM_SIZ_8b_LOAD_BLOCK, 0, 0, 7, 0, G_TX_WRAP | G_TX_NOMIRROR, 0, 0, G_TX_WRAP | G_TX_NOMIRROR, 0, 0),
	gsDPLoadBlock(7, 0, 0, 127, 1024),
	gsDPSetTile(G_IM_FMT_CI, G_IM_SIZ_8b, 2, 0, 0, 0, G_TX_WRAP | G_TX_NOMIRROR, 4, 0, G_TX_WRAP | G_TX_NOMIRROR, 4, 0),
	gsDPSetTileSize(0, 0, 0, 60, 60),
	gsSPEndDisplayList(),
};

Gfx mat_revert_ttc_dl_f3dlite_material_008[] = {
	gsSPGeometryMode(0, G_CULL_BACK),
	gsDPPipeSync(),
	gsDPSetAlphaDither(G_AD_DISABLE),
	gsDPSetTextureLUT(G_TT_NONE),
	gsSPEndDisplayList(),
};

Gfx mat_ttc_dl_f3dlite_material_009[] = {
	gsSPGeometryMode(G_CULL_BACK, 0),
	gsSPLightColor(LIGHT_1, 0xFFFFFFFF),
	gsSPLightColor(LIGHT_2, 0x7F7F7FFF),
	gsDPPipeSync(),
	gsDPSetCombineLERP(TEXEL0, 0, SHADE, 0, TEXEL0, 0, ENVIRONMENT, 0, TEXEL0, 0, SHADE, 0, TEXEL0, 0, ENVIRONMENT, 0),
	gsDPSetAlphaDither(G_AD_NOISE),
	gsDPSetTextureLUT(G_TT_RGBA16),
	gsSPTexture(65535, 65535, 0, 0, 1),
	gsDPSetTextureImage(G_IM_FMT_RGBA, G_IM_SIZ_16b, 1, ttc_dl_nolugi_pal_rgba16),
	gsDPSetTile(0, 0, 0, 256, 5, 0, G_TX_WRAP | G_TX_NOMIRROR, 0, 0, G_TX_WRAP | G_TX_NOMIRROR, 0, 0),
	gsDPLoadTLUTCmd(5, 30),
	gsDPSetTextureImage(G_IM_FMT_CI, G_IM_SIZ_8b_LOAD_BLOCK, 1, ttc_dl_nolugi_ci8),
	gsDPSetTile(G_IM_FMT_CI, G_IM_SIZ_8b_LOAD_BLOCK, 0, 0, 7, 0, G_TX_WRAP | G_TX_NOMIRROR, 0, 0, G_TX_WRAP | G_TX_NOMIRROR, 0, 0),
	gsDPLoadBlock(7, 0, 0, 127, 1024),
	gsDPSetTile(G_IM_FMT_CI, G_IM_SIZ_8b, 2, 0, 0, 0, G_TX_WRAP | G_TX_NOMIRROR, 4, 0, G_TX_WRAP | G_TX_NOMIRROR, 4, 0),
	gsDPSetTileSize(0, 0, 0, 60, 60),
	gsSPEndDisplayList(),
};

Gfx mat_revert_ttc_dl_f3dlite_material_009[] = {
	gsSPGeometryMode(0, G_CULL_BACK),
	gsDPPipeSync(),
	gsDPSetAlphaDither(G_AD_DISABLE),
	gsDPSetTextureLUT(G_TT_NONE),
	gsSPEndDisplayList(),
};

Gfx mat_ttc_dl_f3dlite_material_010[] = {
	gsSPGeometryMode(G_CULL_BACK, 0),
	gsSPLightColor(LIGHT_1, 0xFFFFFFFF),
	gsSPLightColor(LIGHT_2, 0x7F7F7FFF),
	gsDPPipeSync(),
	gsDPSetCombineLERP(TEXEL0, 0, SHADE, 0, TEXEL0, 0, ENVIRONMENT, 0, TEXEL0, 0, SHADE, 0, TEXEL0, 0, ENVIRONMENT, 0),
	gsDPSetAlphaDither(G_AD_NOISE),
	gsDPSetTextureLUT(G_TT_RGBA16),
	gsSPTexture(65535, 65535, 0, 0, 1),
	gsDPSetTextureImage(G_IM_FMT_RGBA, G_IM_SIZ_16b, 1, ttc_dl_no_pal_rgba16),
	gsDPSetTile(0, 0, 0, 256, 5, 0, G_TX_WRAP | G_TX_NOMIRROR, 0, 0, G_TX_WRAP | G_TX_NOMIRROR, 0, 0),
	gsDPLoadTLUTCmd(5, 11),
	gsDPSetTextureImage(G_IM_FMT_CI, G_IM_SIZ_16b, 1, ttc_dl_no_ci4),
	gsDPSetTile(G_IM_FMT_CI, G_IM_SIZ_16b, 0, 0, 7, 0, G_TX_WRAP | G_TX_NOMIRROR, 0, 0, G_TX_WRAP | G_TX_NOMIRROR, 0, 0),
	gsDPLoadBlock(7, 0, 0, 63, 2048),
	gsDPSetTile(G_IM_FMT_CI, G_IM_SIZ_4b, 1, 0, 0, 0, G_TX_WRAP | G_TX_NOMIRROR, 4, 0, G_TX_WRAP | G_TX_NOMIRROR, 4, 0),
	gsDPSetTileSize(0, 0, 0, 60, 60),
	gsSPEndDisplayList(),
};

Gfx mat_revert_ttc_dl_f3dlite_material_010[] = {
	gsSPGeometryMode(0, G_CULL_BACK),
	gsDPPipeSync(),
	gsDPSetAlphaDither(G_AD_DISABLE),
	gsDPSetTextureLUT(G_TT_NONE),
	gsSPEndDisplayList(),
};

Gfx mat_ttc_dl_f3dlite_material_011[] = {
	gsSPLightColor(LIGHT_1, 0xFFFFFFFF),
	gsSPLightColor(LIGHT_2, 0x7F7F7FFF),
	gsDPPipeSync(),
	gsDPSetCombineLERP(TEXEL0, 0, SHADE, 0, 0, 0, 0, ENVIRONMENT, TEXEL0, 0, SHADE, 0, 0, 0, 0, ENVIRONMENT),
	gsDPSetAlphaDither(G_AD_NOISE),
	gsSPTexture(65535, 65535, 0, 0, 1),
	gsDPSetTextureImage(G_IM_FMT_RGBA, G_IM_SIZ_16b_LOAD_BLOCK, 1, ttc_dl_niko_dream_painting_top_rgba16),
	gsDPSetTile(G_IM_FMT_RGBA, G_IM_SIZ_16b_LOAD_BLOCK, 0, 0, 7, 0, G_TX_WRAP | G_TX_NOMIRROR, 0, 0, G_TX_WRAP | G_TX_NOMIRROR, 0, 0),
	gsDPLoadBlock(7, 0, 0, 2047, 128),
	gsDPSetTile(G_IM_FMT_RGBA, G_IM_SIZ_16b, 16, 0, 0, 0, G_TX_WRAP | G_TX_NOMIRROR, 5, 0, G_TX_WRAP | G_TX_NOMIRROR, 6, 0),
	gsDPSetTileSize(0, 0, 0, 252, 124),
	gsSPEndDisplayList(),
};

Gfx mat_revert_ttc_dl_f3dlite_material_011[] = {
	gsDPPipeSync(),
	gsDPSetAlphaDither(G_AD_DISABLE),
	gsSPEndDisplayList(),
};

Gfx mat_ttc_dl_f3dlite_material_012[] = {
	gsSPLightColor(LIGHT_1, 0xFFFFFFFF),
	gsSPLightColor(LIGHT_2, 0x7F7F7FFF),
	gsDPPipeSync(),
	gsDPSetCombineLERP(TEXEL0, 0, SHADE, 0, 0, 0, 0, ENVIRONMENT, TEXEL0, 0, SHADE, 0, 0, 0, 0, ENVIRONMENT),
	gsDPSetAlphaDither(G_AD_NOISE),
	gsDPSetTextureLUT(G_TT_RGBA16),
	gsSPTexture(65535, 65535, 0, 0, 1),
	gsDPSetTextureImage(G_IM_FMT_RGBA, G_IM_SIZ_16b, 1, ttc_dl_niko_dream_painting_bottom_pal_rgba16),
	gsDPSetTile(0, 0, 0, 256, 5, 0, G_TX_WRAP | G_TX_NOMIRROR, 0, 0, G_TX_WRAP | G_TX_NOMIRROR, 0, 0),
	gsDPLoadTLUTCmd(5, 194),
	gsDPSetTextureImage(G_IM_FMT_CI, G_IM_SIZ_8b_LOAD_BLOCK, 1, ttc_dl_niko_dream_painting_bottom_ci8),
	gsDPSetTile(G_IM_FMT_CI, G_IM_SIZ_8b_LOAD_BLOCK, 0, 0, 7, 0, G_TX_WRAP | G_TX_NOMIRROR, 0, 0, G_TX_WRAP | G_TX_NOMIRROR, 0, 0),
	gsDPLoadBlock(7, 0, 0, 1023, 256),
	gsDPSetTile(G_IM_FMT_CI, G_IM_SIZ_8b, 8, 0, 0, 0, G_TX_WRAP | G_TX_NOMIRROR, 5, 0, G_TX_WRAP | G_TX_NOMIRROR, 6, 0),
	gsDPSetTileSize(0, 0, 0, 252, 124),
	gsSPEndDisplayList(),
};

Gfx mat_revert_ttc_dl_f3dlite_material_012[] = {
	gsDPPipeSync(),
	gsDPSetAlphaDither(G_AD_DISABLE),
	gsDPSetTextureLUT(G_TT_NONE),
	gsSPEndDisplayList(),
};

Gfx mat_ttc_dl_f3dlite_material_013[] = {
	gsSPLightColor(LIGHT_1, 0xFFFFFFFF),
	gsSPLightColor(LIGHT_2, 0x7F7F7FFF),
	gsDPPipeSync(),
	gsDPSetCombineLERP(TEXEL0, 0, SHADE, 0, 0, 0, 0, ENVIRONMENT, TEXEL0, 0, SHADE, 0, 0, 0, 0, ENVIRONMENT),
	gsDPSetAlphaDither(G_AD_NOISE),
	gsDPSetTextureLUT(G_TT_RGBA16),
	gsSPTexture(65535, 65535, 0, 0, 1),
	gsDPSetTextureImage(G_IM_FMT_RGBA, G_IM_SIZ_16b, 1, ttc_dl_Goomb_In_the_Mounains_pal_rgba16),
	gsDPSetTile(0, 0, 0, 256, 5, 0, G_TX_WRAP | G_TX_NOMIRROR, 0, 0, G_TX_WRAP | G_TX_NOMIRROR, 0, 0),
	gsDPLoadTLUTCmd(5, 212),
	gsDPSetTextureImage(G_IM_FMT_CI, G_IM_SIZ_8b_LOAD_BLOCK, 1, ttc_dl_Goomb_In_the_Mounains_ci8),
	gsDPSetTile(G_IM_FMT_CI, G_IM_SIZ_8b_LOAD_BLOCK, 0, 0, 7, 0, G_TX_WRAP | G_TX_NOMIRROR, 0, 0, G_TX_WRAP | G_TX_NOMIRROR, 0, 0),
	gsDPLoadBlock(7, 0, 0, 1023, 256),
	gsDPSetTile(G_IM_FMT_CI, G_IM_SIZ_8b, 8, 0, 0, 0, G_TX_WRAP | G_TX_NOMIRROR, 5, 0, G_TX_WRAP | G_TX_NOMIRROR, 6, 0),
	gsDPSetTileSize(0, 0, 0, 252, 124),
	gsSPEndDisplayList(),
};

Gfx mat_revert_ttc_dl_f3dlite_material_013[] = {
	gsDPPipeSync(),
	gsDPSetAlphaDither(G_AD_DISABLE),
	gsDPSetTextureLUT(G_TT_NONE),
	gsSPEndDisplayList(),
};

Gfx mat_ttc_dl_f3dlite_material_015[] = {
	gsSPLightColor(LIGHT_1, 0xFFFFFFFF),
	gsSPLightColor(LIGHT_2, 0x7F7F7FFF),
	gsDPPipeSync(),
	gsDPSetCombineLERP(TEXEL0, 0, SHADE, 0, 0, 0, 0, ENVIRONMENT, TEXEL0, 0, SHADE, 0, 0, 0, 0, ENVIRONMENT),
	gsDPSetAlphaDither(G_AD_NOISE),
	gsSPTexture(65535, 65535, 0, 0, 1),
	gsDPSetTextureImage(G_IM_FMT_RGBA, G_IM_SIZ_16b_LOAD_BLOCK, 1, ttc_dl_Goomb_In_the_Mounains2_rgba16),
	gsDPSetTile(G_IM_FMT_RGBA, G_IM_SIZ_16b_LOAD_BLOCK, 0, 0, 7, 0, G_TX_WRAP | G_TX_NOMIRROR, 0, 0, G_TX_WRAP | G_TX_NOMIRROR, 0, 0),
	gsDPLoadBlock(7, 0, 0, 2047, 128),
	gsDPSetTile(G_IM_FMT_RGBA, G_IM_SIZ_16b, 16, 0, 0, 0, G_TX_WRAP | G_TX_NOMIRROR, 5, 0, G_TX_WRAP | G_TX_NOMIRROR, 6, 0),
	gsDPSetTileSize(0, 0, 0, 252, 124),
	gsSPEndDisplayList(),
};

Gfx mat_revert_ttc_dl_f3dlite_material_015[] = {
	gsDPPipeSync(),
	gsDPSetAlphaDither(G_AD_DISABLE),
	gsSPEndDisplayList(),
};

Gfx mat_ttc_dl_f3dlite_material_014[] = {
	gsSPLightColor(LIGHT_1, 0xFFFFFFFF),
	gsSPLightColor(LIGHT_2, 0x7F7F7FFF),
	gsDPPipeSync(),
	gsDPSetCombineLERP(TEXEL0, 0, SHADE, 0, 0, 0, 0, ENVIRONMENT, TEXEL0, 0, SHADE, 0, 0, 0, 0, ENVIRONMENT),
	gsDPSetAlphaDither(G_AD_NOISE),
	gsDPSetTextureLUT(G_TT_RGBA16),
	gsSPTexture(65535, 65535, 0, 0, 1),
	gsDPSetTextureImage(G_IM_FMT_RGBA, G_IM_SIZ_16b, 1, ttc_dl_widefancycarpet_pal_rgba16),
	gsDPSetTile(0, 0, 0, 256, 5, 0, G_TX_WRAP | G_TX_NOMIRROR, 0, 0, G_TX_WRAP | G_TX_NOMIRROR, 0, 0),
	gsDPLoadTLUTCmd(5, 4),
	gsDPSetTextureImage(G_IM_FMT_CI, G_IM_SIZ_16b, 1, ttc_dl_widefancycarpet_ci4),
	gsDPSetTile(G_IM_FMT_CI, G_IM_SIZ_16b, 0, 0, 7, 0, G_TX_WRAP | G_TX_NOMIRROR, 0, 0, G_TX_WRAP | G_TX_NOMIRROR, 0, 0),
	gsDPLoadBlock(7, 0, 0, 511, 512),
	gsDPSetTile(G_IM_FMT_CI, G_IM_SIZ_4b, 4, 0, 0, 0, G_TX_WRAP | G_TX_NOMIRROR, 5, 0, G_TX_WRAP | G_TX_NOMIRROR, 6, 0),
	gsDPSetTileSize(0, 0, 0, 252, 124),
	gsSPEndDisplayList(),
};

Gfx mat_revert_ttc_dl_f3dlite_material_014[] = {
	gsDPPipeSync(),
	gsDPSetAlphaDither(G_AD_DISABLE),
	gsDPSetTextureLUT(G_TT_NONE),
	gsSPEndDisplayList(),
};

Gfx mat_ttc_dl_f3dlite_material_016[] = {
	gsSPLightColor(LIGHT_1, 0xFFFFFFFF),
	gsSPLightColor(LIGHT_2, 0x7F7F7FFF),
	gsDPPipeSync(),
	gsDPSetCombineLERP(TEXEL0, 0, SHADE, 0, 0, 0, 0, ENVIRONMENT, TEXEL0, 0, SHADE, 0, 0, 0, 0, ENVIRONMENT),
	gsDPSetAlphaDither(G_AD_NOISE),
	gsSPTexture(65535, 65535, 0, 0, 1),
	gsDPSetTextureImage(G_IM_FMT_RGBA, G_IM_SIZ_16b_LOAD_BLOCK, 1, ttc_dl_beta_brick_rgba16),
	gsDPSetTile(G_IM_FMT_RGBA, G_IM_SIZ_16b_LOAD_BLOCK, 0, 0, 7, 0, G_TX_WRAP | G_TX_NOMIRROR, 0, 0, G_TX_WRAP | G_TX_NOMIRROR, 0, 0),
	gsDPLoadBlock(7, 0, 0, 1023, 256),
	gsDPSetTile(G_IM_FMT_RGBA, G_IM_SIZ_16b, 8, 0, 0, 0, G_TX_WRAP | G_TX_NOMIRROR, 5, 0, G_TX_WRAP | G_TX_NOMIRROR, 5, 0),
	gsDPSetTileSize(0, 0, 0, 124, 124),
	gsSPEndDisplayList(),
};

Gfx mat_revert_ttc_dl_f3dlite_material_016[] = {
	gsDPPipeSync(),
	gsDPSetAlphaDither(G_AD_DISABLE),
	gsSPEndDisplayList(),
};

Gfx ttc_dl_Object_mesh_layer_1[] = {
	gsSPClearGeometryMode(G_LIGHTING),
	gsSPVertex(ttc_dl_Object_mesh_layer_1_vtx_cull + 0, 8, 0),
	gsSPSetGeometryMode(G_LIGHTING),
	gsSPCullDisplayList(0, 7),
	gsSPDisplayList(mat_ttc_dl__1),
	gsSPDisplayList(ttc_dl_Object_mesh_layer_1_tri_0),
	gsSPDisplayList(mat_revert_ttc_dl__1),
	gsSPDisplayList(mat_ttc_dl__2),
	gsSPDisplayList(ttc_dl_Object_mesh_layer_1_tri_1),
	gsSPDisplayList(mat_revert_ttc_dl__2),
	gsSPDisplayList(mat_ttc_dl__3),
	gsSPDisplayList(ttc_dl_Object_mesh_layer_1_tri_2),
	gsSPDisplayList(mat_revert_ttc_dl__3),
	gsSPDisplayList(mat_ttc_dl__4),
	gsSPDisplayList(ttc_dl_Object_mesh_layer_1_tri_3),
	gsSPDisplayList(mat_revert_ttc_dl__4),
	gsSPDisplayList(mat_ttc_dl__5),
	gsSPDisplayList(ttc_dl_Object_mesh_layer_1_tri_4),
	gsSPDisplayList(mat_revert_ttc_dl__5),
	gsSPDisplayList(mat_ttc_dl__6),
	gsSPDisplayList(ttc_dl_Object_mesh_layer_1_tri_5),
	gsSPDisplayList(mat_revert_ttc_dl__6),
	gsSPDisplayList(mat_ttc_dl__8),
	gsSPDisplayList(ttc_dl_Object_mesh_layer_1_tri_6),
	gsSPDisplayList(mat_revert_ttc_dl__8),
	gsSPDisplayList(mat_ttc_dl__9),
	gsSPDisplayList(ttc_dl_Object_mesh_layer_1_tri_7),
	gsSPDisplayList(mat_revert_ttc_dl__9),
	gsSPDisplayList(mat_ttc_dl_f3dlite_material_001),
	gsSPDisplayList(ttc_dl_Object_mesh_layer_1_tri_8),
	gsSPDisplayList(mat_revert_ttc_dl_f3dlite_material_001),
	gsSPDisplayList(mat_ttc_dl_f3dlite_material_002),
	gsSPDisplayList(ttc_dl_Object_mesh_layer_1_tri_9),
	gsSPDisplayList(mat_revert_ttc_dl_f3dlite_material_002),
	gsSPDisplayList(mat_ttc_dl_f3dlite_material_003),
	gsSPDisplayList(ttc_dl_Object_mesh_layer_1_tri_10),
	gsSPDisplayList(mat_revert_ttc_dl_f3dlite_material_003),
	gsSPDisplayList(mat_ttc_dl_f3dlite_material_004),
	gsSPDisplayList(ttc_dl_Object_mesh_layer_1_tri_11),
	gsSPDisplayList(mat_revert_ttc_dl_f3dlite_material_004),
	gsSPDisplayList(mat_ttc_dl_f3dlite_material_005),
	gsSPDisplayList(ttc_dl_Object_mesh_layer_1_tri_12),
	gsSPDisplayList(mat_revert_ttc_dl_f3dlite_material_005),
	gsSPDisplayList(mat_ttc_dl_f3dlite_material_006),
	gsSPDisplayList(ttc_dl_Object_mesh_layer_1_tri_13),
	gsSPDisplayList(mat_revert_ttc_dl_f3dlite_material_006),
	gsSPDisplayList(mat_ttc_dl_f3dlite_material_007),
	gsSPDisplayList(ttc_dl_Object_mesh_layer_1_tri_14),
	gsSPDisplayList(mat_revert_ttc_dl_f3dlite_material_007),
	gsSPDisplayList(mat_ttc_dl_f3dlite_material_011),
	gsSPDisplayList(ttc_dl_Object_mesh_layer_1_tri_15),
	gsSPDisplayList(mat_revert_ttc_dl_f3dlite_material_011),
	gsSPDisplayList(mat_ttc_dl_f3dlite_material_012),
	gsSPDisplayList(ttc_dl_Object_mesh_layer_1_tri_16),
	gsSPDisplayList(mat_revert_ttc_dl_f3dlite_material_012),
	gsSPDisplayList(mat_ttc_dl_f3dlite_material_013),
	gsSPDisplayList(ttc_dl_Object_mesh_layer_1_tri_17),
	gsSPDisplayList(mat_revert_ttc_dl_f3dlite_material_013),
	gsSPDisplayList(mat_ttc_dl_f3dlite_material_015),
	gsSPDisplayList(ttc_dl_Object_mesh_layer_1_tri_18),
	gsSPDisplayList(mat_revert_ttc_dl_f3dlite_material_015),
	gsSPDisplayList(mat_ttc_dl_f3dlite_material_014),
	gsSPDisplayList(ttc_dl_Object_mesh_layer_1_tri_19),
	gsSPDisplayList(mat_revert_ttc_dl_f3dlite_material_014),
	gsSPDisplayList(mat_ttc_dl_f3dlite_material_016),
	gsSPDisplayList(ttc_dl_Object_mesh_layer_1_tri_20),
	gsSPDisplayList(mat_revert_ttc_dl_f3dlite_material_016),
	gsDPPipeSync(),
	gsSPSetGeometryMode(G_LIGHTING),
	gsSPClearGeometryMode(G_TEXTURE_GEN),
	gsDPSetCombineLERP(0, 0, 0, SHADE, 0, 0, 0, ENVIRONMENT, 0, 0, 0, SHADE, 0, 0, 0, ENVIRONMENT),
	gsSPTexture(65535, 65535, 0, 0, 0),
	gsDPSetEnvColor(255, 255, 255, 255),
	gsDPSetAlphaCompare(G_AC_NONE),
	gsSPEndDisplayList(),
};

Gfx ttc_dl_Object_mesh_layer_4[] = {
	gsSPClearGeometryMode(G_LIGHTING),
	gsSPVertex(ttc_dl_Object_mesh_layer_4_vtx_cull + 0, 8, 0),
	gsSPSetGeometryMode(G_LIGHTING),
	gsSPCullDisplayList(0, 7),
	gsSPDisplayList(mat_ttc_dl__7),
	gsSPDisplayList(ttc_dl_Object_mesh_layer_4_tri_0),
	gsSPDisplayList(mat_revert_ttc_dl__7),
	gsSPDisplayList(mat_ttc_dl_f3dlite_material_008),
	gsSPDisplayList(ttc_dl_Object_mesh_layer_4_tri_1),
	gsSPDisplayList(mat_revert_ttc_dl_f3dlite_material_008),
	gsSPDisplayList(mat_ttc_dl_f3dlite_material_009),
	gsSPDisplayList(ttc_dl_Object_mesh_layer_4_tri_2),
	gsSPDisplayList(mat_revert_ttc_dl_f3dlite_material_009),
	gsSPDisplayList(mat_ttc_dl_f3dlite_material_010),
	gsSPDisplayList(ttc_dl_Object_mesh_layer_4_tri_3),
	gsSPDisplayList(mat_revert_ttc_dl_f3dlite_material_010),
	gsDPPipeSync(),
	gsSPSetGeometryMode(G_LIGHTING),
	gsSPClearGeometryMode(G_TEXTURE_GEN),
	gsDPSetCombineLERP(0, 0, 0, SHADE, 0, 0, 0, ENVIRONMENT, 0, 0, 0, SHADE, 0, 0, 0, ENVIRONMENT),
	gsSPTexture(65535, 65535, 0, 0, 0),
	gsDPSetEnvColor(255, 255, 255, 255),
	gsDPSetAlphaCompare(G_AC_NONE),
	gsSPEndDisplayList(),
};

